hour,item_id,position,impressions,clicks,ips_clicks
2019-11-24 00:00:00+00:00,0,1,42,0,0.0
2019-11-24 00:00:00+00:00,0,2,52,0,0.0
2019-11-24 00:00:00+00:00,0,3,19,0,0.0
2019-11-24 00:00:00+00:00,1,1,34,0,0.0
2019-11-24 00:00:00+00:00,1,2,29,0,0.0
2019-11-24 00:00:00+00:00,1,3,44,0,0.0
2019-11-24 00:00:00+00:00,2,1,25,0,0.0
2019-11-24 00:00:00+00:00,2,2,30,0,0.0
2019-11-24 00:00:00+00:00,2,3,16,0,0.0
2019-11-24 00:00:00+00:00,3,1,19,0,0.0
2019-11-24 00:00:00+00:00,3,2,25,0,0.0
2019-11-24 00:00:00+00:00,3,3,64,0,0.0
2019-11-24 00:00:00+00:00,4,1,8,0,0.0
2019-11-24 00:00:00+00:00,4,2,27,0,0.0
2019-11-24 00:00:00+00:00,4,3,30,0,0.0
2019-11-24 00:00:00+00:00,5,1,14,0,0.0
2019-11-24 00:00:00+00:00,5,2,14,0,0.0
2019-11-24 00:00:00+00:00,5,3,36,0,0.0
2019-11-24 00:00:00+00:00,6,1,18,0,0.0
2019-11-24 00:00:00+00:00,6,2,27,0,0.0
2019-11-24 00:00:00+00:00,6,3,13,0,0.0
2019-11-24 00:00:00+00:00,7,1,38,0,0.0
2019-11-24 00:00:00+00:00,7,2,39,0,0.0
2019-11-24 00:00:00+00:00,7,3,19,0,0.0
2019-11-24 00:00:00+00:00,8,1,49,0,0.0
2019-11-24 00:00:00+00:00,8,2,15,0,0.0
2019-11-24 00:00:00+00:00,8,3,32,0,0.0
2019-11-24 00:00:00+00:00,9,1,48,0,0.0
2019-11-24 00:00:00+00:00,9,2,20,0,0.0
2019-11-24 00:00:00+00:00,9,3,18,0,0.0
2019-11-24 00:00:00+00:00,10,1,22,0,0.0
2019-11-24 00:00:00+00:00,10,2,56,0,0.0
2019-11-24 00:00:00+00:00,10,3,47,0,0.0
2019-11-24 00:00:00+00:00,11,1,33,0,0.0
2019-11-24 00:00:00+00:00,11,2,49,0,0.0
2019-11-24 00:00:00+00:00,11,3,45,0,0.0
2019-11-24 00:00:00+00:00,12,1,17,0,0.0
2019-11-24 00:00:00+00:00,12,2,17,0,0.0
2019-11-24 00:00:00+00:00,12,3,19,0,0.0
2019-11-24 00:00:00+00:00,13,1,32,0,0.0
2019-11-24 00:00:00+00:00,13,2,8,0,0.0
2019-11-24 00:00:00+00:00,13,3,29,0,0.0
2019-11-24 00:00:00+00:00,14,1,28,0,0.0
2019-11-24 00:00:00+00:00,14,2,35,0,0.0
2019-11-24 00:00:00+00:00,14,3,26,1,34.000000000000064
2019-11-24 00:00:00+00:00,15,1,15,0,0.0
2019-11-24 00:00:00+00:00,15,2,17,0,0.0
2019-11-24 00:00:00+00:00,15,3,4,0,0.0
2019-11-24 00:00:00+00:00,16,1,27,0,0.0
2019-11-24 00:00:00+00:00,16,2,57,0,0.0
2019-11-24 00:00:00+00:00,16,3,23,0,0.0
2019-11-24 00:00:00+00:00,17,1,26,0,0.0
2019-11-24 00:00:00+00:00,17,2,14,0,0.0
2019-11-24 00:00:00+00:00,17,3,6,0,0.0
2019-11-24 00:00:00+00:00,18,1,34,1,34.000000000000064
2019-11-24 00:00:00+00:00,18,2,28,1,34.000000000000064
2019-11-24 00:00:00+00:00,18,3,28,0,0.0
2019-11-24 00:00:00+00:00,19,1,60,0,0.0
2019-11-24 00:00:00+00:00,19,2,47,0,0.0
2019-11-24 00:00:00+00:00,19,3,20,0,0.0
2019-11-24 00:00:00+00:00,20,1,50,0,0.0
2019-11-24 00:00:00+00:00,20,2,21,0,0.0
2019-11-24 00:00:00+00:00,20,3,44,0,0.0
2019-11-24 00:00:00+00:00,21,1,23,1,34.000000000000064
2019-11-24 00:00:00+00:00,21,2,58,0,0.0
2019-11-24 00:00:00+00:00,21,3,34,3,102.0000000000002
2019-11-24 00:00:00+00:00,22,1,53,0,0.0
2019-11-24 00:00:00+00:00,22,2,21,0,0.0
2019-11-24 00:00:00+00:00,22,3,41,2,68.00000000000013
2019-11-24 00:00:00+00:00,23,1,31,0,0.0
2019-11-24 00:00:00+00:00,23,2,29,0,0.0
2019-11-24 00:00:00+00:00,23,3,44,0,0.0
2019-11-24 00:00:00+00:00,24,1,28,0,0.0
2019-11-24 00:00:00+00:00,24,2,21,0,0.0
2019-11-24 00:00:00+00:00,24,3,22,0,0.0
2019-11-24 00:00:00+00:00,25,1,28,0,0.0
2019-11-24 00:00:00+00:00,25,2,13,0,0.0
2019-11-24 00:00:00+00:00,25,3,35,0,0.0
2019-11-24 00:00:00+00:00,26,1,31,0,0.0
2019-11-24 00:00:00+00:00,26,3,14,0,0.0
2019-11-24 00:00:00+00:00,27,1,21,0,0.0
2019-11-24 00:00:00+00:00,27,2,8,0,0.0
2019-11-24 00:00:00+00:00,27,3,20,0,0.0
2019-11-24 00:00:00+00:00,28,1,24,0,0.0
2019-11-24 00:00:00+00:00,28,2,24,0,0.0
2019-11-24 00:00:00+00:00,28,3,19,0,0.0
2019-11-24 00:00:00+00:00,29,1,18,0,0.0
2019-11-24 00:00:00+00:00,29,2,24,0,0.0
2019-11-24 00:00:00+00:00,29,3,23,0,0.0
2019-11-24 00:00:00+00:00,30,1,18,0,0.0
2019-11-24 00:00:00+00:00,30,2,42,0,0.0
2019-11-24 00:00:00+00:00,30,3,32,0,0.0
2019-11-24 00:00:00+00:00,31,1,15,0,0.0
2019-11-24 00:00:00+00:00,31,2,23,0,0.0
2019-11-24 00:00:00+00:00,31,3,13,0,0.0
2019-11-24 00:00:00+00:00,32,1,18,0,0.0
2019-11-24 00:00:00+00:00,32,2,22,0,0.0
2019-11-24 00:00:00+00:00,32,3,55,0,0.0
2019-11-24 00:00:00+00:00,33,1,14,0,0.0
2019-11-24 00:00:00+00:00,33,2,51,0,0.0
2019-11-24 00:00:00+00:00,33,3,30,0,0.0
2019-11-24 01:00:00+00:00,0,1,48,0,0.0
2019-11-24 01:00:00+00:00,0,2,73,1,34.000000000000064
2019-11-24 01:00:00+00:00,0,3,1,0,0.0
2019-11-24 01:00:00+00:00,1,1,37,0,0.0
2019-11-24 01:00:00+00:00,1,2,29,0,0.0
2019-11-24 01:00:00+00:00,1,3,40,0,0.0
2019-11-24 01:00:00+00:00,2,1,52,0,0.0
2019-11-24 01:00:00+00:00,2,2,11,0,0.0
2019-11-24 01:00:00+00:00,2,3,57,0,0.0
2019-11-24 01:00:00+00:00,3,1,35,0,0.0
2019-11-24 01:00:00+00:00,3,2,56,0,0.0
2019-11-24 01:00:00+00:00,3,3,29,0,0.0
2019-11-24 01:00:00+00:00,4,1,21,0,0.0
2019-11-24 01:00:00+00:00,4,2,45,0,0.0
2019-11-24 01:00:00+00:00,4,3,31,0,0.0
2019-11-24 01:00:00+00:00,5,1,10,0,0.0
2019-11-24 01:00:00+00:00,5,2,24,0,0.0
2019-11-24 01:00:00+00:00,5,3,35,0,0.0
2019-11-24 01:00:00+00:00,6,1,21,0,0.0
2019-11-24 01:00:00+00:00,6,2,24,1,34.000000000000064
2019-11-24 01:00:00+00:00,6,3,65,0,0.0
2019-11-24 01:00:00+00:00,7,1,50,2,68.00000000000013
2019-11-24 01:00:00+00:00,7,2,37,1,34.000000000000064
2019-11-24 01:00:00+00:00,7,3,19,0,0.0
2019-11-24 01:00:00+00:00,8,1,54,0,0.0
2019-11-24 01:00:00+00:00,8,2,40,0,0.0
2019-11-24 01:00:00+00:00,8,3,39,0,0.0
2019-11-24 01:00:00+00:00,9,1,50,2,68.00000000000013
2019-11-24 01:00:00+00:00,9,2,39,0,0.0
2019-11-24 01:00:00+00:00,9,3,33,1,34.000000000000064
2019-11-24 01:00:00+00:00,10,1,39,0,0.0
2019-11-24 01:00:00+00:00,10,2,26,2,68.00000000000013
2019-11-24 01:00:00+00:00,10,3,83,0,0.0
2019-11-24 01:00:00+00:00,11,1,28,0,0.0
2019-11-24 01:00:00+00:00,11,2,11,0,0.0
2019-11-24 01:00:00+00:00,11,3,31,0,0.0
2019-11-24 01:00:00+00:00,12,1,27,0,0.0
2019-11-24 01:00:00+00:00,12,2,38,0,0.0
2019-11-24 01:00:00+00:00,12,3,35,0,0.0
2019-11-24 01:00:00+00:00,13,1,21,0,0.0
2019-11-24 01:00:00+00:00,13,2,39,0,0.0
2019-11-24 01:00:00+00:00,13,3,30,0,0.0
2019-11-24 01:00:00+00:00,14,1,42,0,0.0
2019-11-24 01:00:00+00:00,14,2,15,0,0.0
2019-11-24 01:00:00+00:00,14,3,18,0,0.0
2019-11-24 01:00:00+00:00,15,1,41,0,0.0
2019-11-24 01:00:00+00:00,15,2,37,0,0.0
2019-11-24 01:00:00+00:00,15,3,61,0,0.0
2019-11-24 01:00:00+00:00,16,1,26,0,0.0
2019-11-24 01:00:00+00:00,16,2,30,0,0.0
2019-11-24 01:00:00+00:00,16,3,42,0,0.0
2019-11-24 01:00:00+00:00,17,1,53,0,0.0
2019-11-24 01:00:00+00:00,17,2,2,0,0.0
2019-11-24 01:00:00+00:00,17,3,23,0,0.0
2019-11-24 01:00:00+00:00,18,1,60,0,0.0
2019-11-24 01:00:00+00:00,18,2,33,0,0.0
2019-11-24 01:00:00+00:00,18,3,30,0,0.0
2019-11-24 01:00:00+00:00,19,1,31,0,0.0
2019-11-24 01:00:00+00:00,19,2,42,0,0.0
2019-11-24 01:00:00+00:00,19,3,51,0,0.0
2019-11-24 01:00:00+00:00,20,1,42,0,0.0
2019-11-24 01:00:00+00:00,20,2,25,0,0.0
2019-11-24 01:00:00+00:00,20,3,49,3,102.0000000000002
2019-11-24 01:00:00+00:00,21,1,28,0,0.0
2019-11-24 01:00:00+00:00,21,2,38,0,0.0
2019-11-24 01:00:00+00:00,21,3,17,0,0.0
2019-11-24 01:00:00+00:00,22,1,29,0,0.0
2019-11-24 01:00:00+00:00,22,2,73,0,0.0
2019-11-24 01:00:00+00:00,22,3,27,0,0.0
2019-11-24 01:00:00+00:00,23,1,16,0,0.0
2019-11-24 01:00:00+00:00,23,2,45,0,0.0
2019-11-24 01:00:00+00:00,23,3,31,0,0.0
2019-11-24 01:00:00+00:00,24,1,17,0,0.0
2019-11-24 01:00:00+00:00,24,2,39,2,68.00000000000013
2019-11-24 01:00:00+00:00,24,3,32,0,0.0
2019-11-24 01:00:00+00:00,25,1,53,0,0.0
2019-11-24 01:00:00+00:00,25,2,27,1,34.000000000000064
2019-11-24 01:00:00+00:00,25,3,33,1,34.000000000000064
2019-11-24 01:00:00+00:00,26,1,13,0,0.0
2019-11-24 01:00:00+00:00,26,2,5,0,0.0
2019-11-24 01:00:00+00:00,26,3,35,0,0.0
2019-11-24 01:00:00+00:00,27,1,34,0,0.0
2019-11-24 01:00:00+00:00,27,2,49,1,34.000000000000064
2019-11-24 01:00:00+00:00,27,3,48,1,34.000000000000064
2019-11-24 01:00:00+00:00,28,1,42,0,0.0
2019-11-24 01:00:00+00:00,28,2,43,0,0.0
2019-11-24 01:00:00+00:00,28,3,29,0,0.0
2019-11-24 01:00:00+00:00,29,1,27,0,0.0
2019-11-24 01:00:00+00:00,29,2,62,0,0.0
2019-11-24 01:00:00+00:00,29,3,40,0,0.0
2019-11-24 01:00:00+00:00,30,1,83,0,0.0
2019-11-24 01:00:00+00:00,30,2,29,0,0.0
2019-11-24 01:00:00+00:00,30,3,2,0,0.0
2019-11-24 01:00:00+00:00,31,1,12,0,0.0
2019-11-24 01:00:00+00:00,31,2,63,0,0.0
2019-11-24 01:00:00+00:00,31,3,43,0,0.0
2019-11-24 01:00:00+00:00,32,1,39,1,34.000000000000064
2019-11-24 01:00:00+00:00,32,2,41,0,0.0
2019-11-24 01:00:00+00:00,32,3,32,0,0.0
2019-11-24 01:00:00+00:00,33,1,30,0,0.0
2019-11-24 01:00:00+00:00,33,2,20,0,0.0
2019-11-24 01:00:00+00:00,33,3,39,0,0.0
2019-11-24 02:00:00+00:00,0,1,34,0,0.0
2019-11-24 02:00:00+00:00,0,2,22,0,0.0
2019-11-24 02:00:00+00:00,0,3,26,0,0.0
2019-11-24 02:00:00+00:00,1,1,22,0,0.0
2019-11-24 02:00:00+00:00,1,2,22,0,0.0
2019-11-24 02:00:00+00:00,1,3,15,0,0.0
2019-11-24 02:00:00+00:00,2,1,22,0,0.0
2019-11-24 02:00:00+00:00,2,2,20,0,0.0
2019-11-24 02:00:00+00:00,2,3,66,1,34.000000000000064
2019-11-24 02:00:00+00:00,3,1,35,0,0.0
2019-11-24 02:00:00+00:00,3,2,31,0,0.0
2019-11-24 02:00:00+00:00,3,3,50,0,0.0
2019-11-24 02:00:00+00:00,4,1,45,1,34.000000000000064
2019-11-24 02:00:00+00:00,4,2,26,0,0.0
2019-11-24 02:00:00+00:00,4,3,44,0,0.0
2019-11-24 02:00:00+00:00,5,1,33,0,0.0
2019-11-24 02:00:00+00:00,5,2,42,2,68.00000000000013
2019-11-24 02:00:00+00:00,5,3,73,0,0.0
2019-11-24 02:00:00+00:00,6,1,31,0,0.0
2019-11-24 02:00:00+00:00,6,2,57,0,0.0
2019-11-24 02:00:00+00:00,6,3,22,0,0.0
2019-11-24 02:00:00+00:00,7,1,13,2,68.00000000000013
2019-11-24 02:00:00+00:00,7,2,17,0,0.0
2019-11-24 02:00:00+00:00,7,3,50,0,0.0
2019-11-24 02:00:00+00:00,8,1,53,0,0.0
2019-11-24 02:00:00+00:00,8,2,44,0,0.0
2019-11-24 02:00:00+00:00,8,3,20,0,0.0
2019-11-24 02:00:00+00:00,9,1,70,0,0.0
2019-11-24 02:00:00+00:00,9,2,20,0,0.0
2019-11-24 02:00:00+00:00,9,3,62,2,68.00000000000013
2019-11-24 02:00:00+00:00,10,1,41,0,0.0
2019-11-24 02:00:00+00:00,10,2,46,0,0.0
2019-11-24 02:00:00+00:00,10,3,12,0,0.0
2019-11-24 02:00:00+00:00,11,1,20,0,0.0
2019-11-24 02:00:00+00:00,11,2,31,0,0.0
2019-11-24 02:00:00+00:00,11,3,24,0,0.0
2019-11-24 02:00:00+00:00,12,1,58,0,0.0
2019-11-24 02:00:00+00:00,12,2,61,0,0.0
2019-11-24 02:00:00+00:00,12,3,10,0,0.0
2019-11-24 02:00:00+00:00,13,1,31,0,0.0
2019-11-24 02:00:00+00:00,13,2,23,0,0.0
2019-11-24 02:00:00+00:00,13,3,37,0,0.0
2019-11-24 02:00:00+00:00,14,1,21,0,0.0
2019-11-24 02:00:00+00:00,14,2,22,1,34.000000000000064
2019-11-24 02:00:00+00:00,14,3,27,0,0.0
2019-11-24 02:00:00+00:00,15,1,87,0,0.0
2019-11-24 02:00:00+00:00,15,2,45,0,0.0
2019-11-24 02:00:00+00:00,15,3,28,0,0.0
2019-11-24 02:00:00+00:00,16,1,25,0,0.0
2019-11-24 02:00:00+00:00,16,2,52,0,0.0
2019-11-24 02:00:00+00:00,16,3,42,0,0.0
2019-11-24 02:00:00+00:00,17,1,8,0,0.0
2019-11-24 02:00:00+00:00,17,2,18,0,0.0
2019-11-24 02:00:00+00:00,17,3,28,0,0.0
2019-11-24 02:00:00+00:00,18,1,10,0,0.0
2019-11-24 02:00:00+00:00,18,2,82,0,0.0
2019-11-24 02:00:00+00:00,18,3,24,0,0.0
2019-11-24 02:00:00+00:00,19,1,25,0,0.0
2019-11-24 02:00:00+00:00,19,2,43,0,0.0
2019-11-24 02:00:00+00:00,19,3,45,0,0.0
2019-11-24 02:00:00+00:00,20,1,37,0,0.0
2019-11-24 02:00:00+00:00,20,2,31,0,0.0
2019-11-24 02:00:00+00:00,20,3,56,0,0.0
2019-11-24 02:00:00+00:00,21,1,33,3,102.0000000000002
2019-11-24 02:00:00+00:00,21,2,44,0,0.0
2019-11-24 02:00:00+00:00,21,3,25,0,0.0
2019-11-24 02:00:00+00:00,22,1,68,0,0.0
2019-11-24 02:00:00+00:00,22,2,71,0,0.0
2019-11-24 02:00:00+00:00,22,3,25,1,34.000000000000064
2019-11-24 02:00:00+00:00,23,1,27,0,0.0
2019-11-24 02:00:00+00:00,23,2,18,0,0.0
2019-11-24 02:00:00+00:00,23,3,2,0,0.0
2019-11-24 02:00:00+00:00,24,1,15,0,0.0
2019-11-24 02:00:00+00:00,24,2,31,0,0.0
2019-11-24 02:00:00+00:00,24,3,35,2,68.00000000000013
2019-11-24 02:00:00+00:00,25,1,24,0,0.0
2019-11-24 02:00:00+00:00,25,2,19,0,0.0
2019-11-24 02:00:00+00:00,25,3,19,0,0.0
2019-11-24 02:00:00+00:00,26,1,29,0,0.0
2019-11-24 02:00:00+00:00,26,2,29,0,0.0
2019-11-24 02:00:00+00:00,26,3,55,0,0.0
2019-11-24 02:00:00+00:00,27,1,26,1,34.000000000000064
2019-11-24 02:00:00+00:00,27,2,38,0,0.0
2019-11-24 02:00:00+00:00,27,3,16,0,0.0
2019-11-24 02:00:00+00:00,28,1,32,0,0.0
2019-11-24 02:00:00+00:00,28,2,15,0,0.0
2019-11-24 02:00:00+00:00,28,3,18,0,0.0
2019-11-24 02:00:00+00:00,29,1,24,0,0.0
2019-11-24 02:00:00+00:00,29,2,7,0,0.0
2019-11-24 02:00:00+00:00,29,3,56,0,0.0
2019-11-24 02:00:00+00:00,30,1,34,0,0.0
2019-11-24 02:00:00+00:00,30,2,42,0,0.0
2019-11-24 02:00:00+00:00,30,3,48,0,0.0
2019-11-24 02:00:00+00:00,31,1,34,2,68.00000000000013
2019-11-24 02:00:00+00:00,31,2,21,0,0.0
2019-11-24 02:00:00+00:00,31,3,34,0,0.0
2019-11-24 02:00:00+00:00,32,1,12,0,0.0
2019-11-24 02:00:00+00:00,32,2,20,0,0.0
2019-11-24 02:00:00+00:00,32,3,17,0,0.0
2019-11-24 02:00:00+00:00,33,1,60,0,0.0
2019-11-24 02:00:00+00:00,33,2,31,0,0.0
2019-11-24 02:00:00+00:00,33,3,30,0,0.0
2019-11-24 03:00:00+00:00,0,1,21,0,0.0
2019-11-24 03:00:00+00:00,0,2,5,0,0.0
2019-11-24 03:00:00+00:00,0,3,17,1,34.000000000000064
2019-11-24 03:00:00+00:00,1,1,12,0,0.0
2019-11-24 03:00:00+00:00,1,2,43,1,34.000000000000064
2019-11-24 03:00:00+00:00,1,3,46,0,0.0
2019-11-24 03:00:00+00:00,2,1,15,0,0.0
2019-11-24 03:00:00+00:00,2,2,48,0,0.0
2019-11-24 03:00:00+00:00,2,3,59,0,0.0
2019-11-24 03:00:00+00:00,3,1,19,0,0.0
2019-11-24 03:00:00+00:00,3,2,22,0,0.0
2019-11-24 03:00:00+00:00,3,3,40,0,0.0
2019-11-24 03:00:00+00:00,4,1,45,0,0.0
2019-11-24 03:00:00+00:00,4,2,17,0,0.0
2019-11-24 03:00:00+00:00,4,3,40,1,34.000000000000064
2019-11-24 03:00:00+00:00,5,1,53,0,0.0
2019-11-24 03:00:00+00:00,5,2,55,0,0.0
2019-11-24 03:00:00+00:00,5,3,37,0,0.0
2019-11-24 03:00:00+00:00,6,1,24,0,0.0
2019-11-24 03:00:00+00:00,6,2,17,0,0.0
2019-11-24 03:00:00+00:00,6,3,33,0,0.0
2019-11-24 03:00:00+00:00,7,1,39,0,0.0
2019-11-24 03:00:00+00:00,7,2,26,0,0.0
2019-11-24 03:00:00+00:00,7,3,46,0,0.0
2019-11-24 03:00:00+00:00,8,1,25,0,0.0
2019-11-24 03:00:00+00:00,8,2,41,0,0.0
2019-11-24 03:00:00+00:00,8,3,39,0,0.0
2019-11-24 03:00:00+00:00,9,1,36,0,0.0
2019-11-24 03:00:00+00:00,9,2,5,0,0.0
2019-11-24 03:00:00+00:00,9,3,36,0,0.0
2019-11-24 03:00:00+00:00,10,1,55,0,0.0
2019-11-24 03:00:00+00:00,10,2,48,0,0.0
2019-11-24 03:00:00+00:00,10,3,29,0,0.0
2019-11-24 03:00:00+00:00,11,1,51,0,0.0
2019-11-24 03:00:00+00:00,11,2,20,0,0.0
2019-11-24 03:00:00+00:00,11,3,36,0,0.0
2019-11-24 03:00:00+00:00,12,1,33,0,0.0
2019-11-24 03:00:00+00:00,12,2,28,0,0.0
2019-11-24 03:00:00+00:00,12,3,24,0,0.0
2019-11-24 03:00:00+00:00,13,1,10,0,0.0
2019-11-24 03:00:00+00:00,13,2,25,0,0.0
2019-11-24 03:00:00+00:00,13,3,7,0,0.0
2019-11-24 03:00:00+00:00,14,1,16,0,0.0
2019-11-24 03:00:00+00:00,14,2,47,0,0.0
2019-11-24 03:00:00+00:00,14,3,16,0,0.0
2019-11-24 03:00:00+00:00,15,1,17,0,0.0
2019-11-24 03:00:00+00:00,15,2,25,0,0.0
2019-11-24 03:00:00+00:00,15,3,26,0,0.0
2019-11-24 03:00:00+00:00,16,1,57,0,0.0
2019-11-24 03:00:00+00:00,16,2,60,0,0.0
2019-11-24 03:00:00+00:00,16,3,3,0,0.0
2019-11-24 03:00:00+00:00,17,1,32,0,0.0
2019-11-24 03:00:00+00:00,17,2,24,0,0.0
2019-11-24 03:00:00+00:00,17,3,44,0,0.0
2019-11-24 03:00:00+00:00,18,1,29,0,0.0
2019-11-24 03:00:00+00:00,18,2,31,0,0.0
2019-11-24 03:00:00+00:00,18,3,4,0,0.0
2019-11-24 03:00:00+00:00,19,1,19,0,0.0
2019-11-24 03:00:00+00:00,19,2,1,0,0.0
2019-11-24 03:00:00+00:00,19,3,47,0,0.0
2019-11-24 03:00:00+00:00,20,1,48,0,0.0
2019-11-24 03:00:00+00:00,20,2,37,0,0.0
2019-11-24 03:00:00+00:00,20,3,60,0,0.0
2019-11-24 03:00:00+00:00,21,1,19,0,0.0
2019-11-24 03:00:00+00:00,21,2,22,0,0.0
2019-11-24 03:00:00+00:00,21,3,46,0,0.0
2019-11-24 03:00:00+00:00,22,1,33,0,0.0
2019-11-24 03:00:00+00:00,22,2,19,0,0.0
2019-11-24 03:00:00+00:00,22,3,17,0,0.0
2019-11-24 03:00:00+00:00,23,1,20,0,0.0
2019-11-24 03:00:00+00:00,23,2,32,0,0.0
2019-11-24 03:00:00+00:00,23,3,48,0,0.0
2019-11-24 03:00:00+00:00,24,1,41,0,0.0
2019-11-24 03:00:00+00:00,24,2,46,0,0.0
2019-11-24 03:00:00+00:00,24,3,18,0,0.0
2019-11-24 03:00:00+00:00,25,1,58,0,0.0
2019-11-24 03:00:00+00:00,25,2,33,0,0.0
2019-11-24 03:00:00+00:00,25,3,18,0,0.0
2019-11-24 03:00:00+00:00,26,1,63,1,34.000000000000064
2019-11-24 03:00:00+00:00,26,2,34,0,0.0
2019-11-24 03:00:00+00:00,26,3,27,0,0.0
2019-11-24 03:00:00+00:00,27,1,28,0,0.0
2019-11-24 03:00:00+00:00,27,2,51,1,34.000000000000064
2019-11-24 03:00:00+00:00,27,3,27,0,0.0
2019-11-24 03:00:00+00:00,28,1,15,0,0.0
2019-11-24 03:00:00+00:00,28,2,42,0,0.0
2019-11-24 03:00:00+00:00,28,3,27,0,0.0
2019-11-24 03:00:00+00:00,29,1,21,0,0.0
2019-11-24 03:00:00+00:00,29,2,35,0,0.0
2019-11-24 03:00:00+00:00,29,3,43,0,0.0
2019-11-24 03:00:00+00:00,30,1,30,0,0.0
2019-11-24 03:00:00+00:00,30,2,41,0,0.0
2019-11-24 03:00:00+00:00,30,3,24,0,0.0
2019-11-24 03:00:00+00:00,31,1,38,13,442.00000000000085
2019-11-24 03:00:00+00:00,31,2,47,0,0.0
2019-11-24 03:00:00+00:00,31,3,47,0,0.0
2019-11-24 03:00:00+00:00,32,1,27,0,0.0
2019-11-24 03:00:00+00:00,32,2,28,0,0.0
2019-11-24 03:00:00+00:00,32,3,30,0,0.0
2019-11-24 03:00:00+00:00,33,1,42,2,68.00000000000013
2019-11-24 03:00:00+00:00,33,2,36,0,0.0
2019-11-24 03:00:00+00:00,33,3,30,0,0.0
2019-11-24 04:00:00+00:00,0,1,41,0,0.0
2019-11-24 04:00:00+00:00,0,2,54,0,0.0
2019-11-24 04:00:00+00:00,0,3,82,1,34.000000000000064
2019-11-24 04:00:00+00:00,1,1,3,0,0.0
2019-11-24 04:00:00+00:00,1,2,24,1,34.000000000000064
2019-11-24 04:00:00+00:00,1,3,9,0,0.0
2019-11-24 04:00:00+00:00,2,1,30,0,0.0
2019-11-24 04:00:00+00:00,2,2,40,0,0.0
2019-11-24 04:00:00+00:00,2,3,44,1,34.000000000000064
2019-11-24 04:00:00+00:00,3,1,59,2,68.00000000000013
2019-11-24 04:00:00+00:00,3,2,36,0,0.0
2019-11-24 04:00:00+00:00,3,3,14,0,0.0
2019-11-24 04:00:00+00:00,4,1,15,0,0.0
2019-11-24 04:00:00+00:00,4,2,44,1,34.000000000000064
2019-11-24 04:00:00+00:00,4,3,52,0,0.0
2019-11-24 04:00:00+00:00,5,1,47,0,0.0
2019-11-24 04:00:00+00:00,5,2,19,0,0.0
2019-11-24 04:00:00+00:00,5,3,27,0,0.0
2019-11-24 04:00:00+00:00,6,1,33,0,0.0
2019-11-24 04:00:00+00:00,6,2,30,1,34.000000000000064
2019-11-24 04:00:00+00:00,6,3,60,0,0.0
2019-11-24 04:00:00+00:00,7,1,35,0,0.0
2019-11-24 04:00:00+00:00,7,2,17,0,0.0
2019-11-24 04:00:00+00:00,7,3,82,0,0.0
2019-11-24 04:00:00+00:00,8,1,12,0,0.0
2019-11-24 04:00:00+00:00,8,2,22,0,0.0
2019-11-24 04:00:00+00:00,8,3,15,0,0.0
2019-11-24 04:00:00+00:00,9,1,16,0,0.0
2019-11-24 04:00:00+00:00,9,2,23,0,0.0
2019-11-24 04:00:00+00:00,9,3,8,0,0.0
2019-11-24 04:00:00+00:00,10,1,32,0,0.0
2019-11-24 04:00:00+00:00,10,2,27,1,34.000000000000064
2019-11-24 04:00:00+00:00,10,3,17,0,0.0
2019-11-24 04:00:00+00:00,11,1,22,0,0.0
2019-11-24 04:00:00+00:00,11,2,24,0,0.0
2019-11-24 04:00:00+00:00,11,3,45,0,0.0
2019-11-24 04:00:00+00:00,12,1,39,0,0.0
2019-11-24 04:00:00+00:00,12,2,71,0,0.0
2019-11-24 04:00:00+00:00,12,3,52,0,0.0
2019-11-24 04:00:00+00:00,13,1,25,0,0.0
2019-11-24 04:00:00+00:00,13,2,47,0,0.0
2019-11-24 04:00:00+00:00,13,3,34,0,0.0
2019-11-24 04:00:00+00:00,14,1,8,0,0.0
2019-11-24 04:00:00+00:00,14,2,28,0,0.0
2019-11-24 04:00:00+00:00,14,3,10,0,0.0
2019-11-24 04:00:00+00:00,15,1,29,0,0.0
2019-11-24 04:00:00+00:00,15,2,51,0,0.0
2019-11-24 04:00:00+00:00,15,3,15,0,0.0
2019-11-24 04:00:00+00:00,16,1,31,0,0.0
2019-11-24 04:00:00+00:00,16,2,29,0,0.0
2019-11-24 04:00:00+00:00,16,3,21,0,0.0
2019-11-24 04:00:00+00:00,17,1,34,0,0.0
2019-11-24 04:00:00+00:00,17,2,23,0,0.0
2019-11-24 04:00:00+00:00,17,3,7,0,0.0
2019-11-24 04:00:00+00:00,18,1,74,0,0.0
2019-11-24 04:00:00+00:00,18,2,23,0,0.0
2019-11-24 04:00:00+00:00,18,3,1,0,0.0
2019-11-24 04:00:00+00:00,19,1,55,0,0.0
2019-11-24 04:00:00+00:00,19,2,20,0,0.0
2019-11-24 04:00:00+00:00,19,3,11,0,0.0
2019-11-24 04:00:00+00:00,20,1,50,0,0.0
2019-11-24 04:00:00+00:00,20,2,16,0,0.0
2019-11-24 04:00:00+00:00,20,3,27,0,0.0
2019-11-24 04:00:00+00:00,21,2,5,1,34.000000000000064
2019-11-24 04:00:00+00:00,21,3,30,0,0.0
2019-11-24 04:00:00+00:00,22,1,32,0,0.0
2019-11-24 04:00:00+00:00,22,2,34,0,0.0
2019-11-24 04:00:00+00:00,22,3,51,0,0.0
2019-11-24 04:00:00+00:00,23,1,32,0,0.0
2019-11-24 04:00:00+00:00,23,2,27,1,34.000000000000064
2019-11-24 04:00:00+00:00,23,3,35,1,34.000000000000064
2019-11-24 04:00:00+00:00,24,1,44,0,0.0
2019-11-24 04:00:00+00:00,24,2,28,0,0.0
2019-11-24 04:00:00+00:00,24,3,26,0,0.0
2019-11-24 04:00:00+00:00,25,1,28,1,34.000000000000064
2019-11-24 04:00:00+00:00,25,2,39,0,0.0
2019-11-24 04:00:00+00:00,25,3,15,0,0.0
2019-11-24 04:00:00+00:00,26,1,53,1,34.000000000000064
2019-11-24 04:00:00+00:00,26,2,44,0,0.0
2019-11-24 04:00:00+00:00,26,3,37,0,0.0
2019-11-24 04:00:00+00:00,27,1,15,0,0.0
2019-11-24 04:00:00+00:00,27,2,33,0,0.0
2019-11-24 04:00:00+00:00,27,3,24,1,34.000000000000064
2019-11-24 04:00:00+00:00,28,1,23,0,0.0
2019-11-24 04:00:00+00:00,28,2,32,0,0.0
2019-11-24 04:00:00+00:00,28,3,16,0,0.0
2019-11-24 04:00:00+00:00,29,1,36,0,0.0
2019-11-24 04:00:00+00:00,29,2,7,0,0.0
2019-11-24 04:00:00+00:00,29,3,58,0,0.0
2019-11-24 04:00:00+00:00,30,1,30,0,0.0
2019-11-24 04:00:00+00:00,30,2,31,1,34.000000000000064
2019-11-24 04:00:00+00:00,30,3,21,0,0.0
2019-11-24 04:00:00+00:00,31,1,30,1,34.000000000000064
2019-11-24 04:00:00+00:00,31,2,43,2,68.00000000000013
2019-11-24 04:00:00+00:00,31,3,30,0,0.0
2019-11-24 04:00:00+00:00,32,1,8,0,0.0
2019-11-24 04:00:00+00:00,32,2,31,0,0.0
2019-11-24 04:00:00+00:00,32,3,34,0,0.0
2019-11-24 04:00:00+00:00,33,1,15,0,0.0
2019-11-24 04:00:00+00:00,33,2,14,0,0.0
2019-11-24 04:00:00+00:00,33,3,26,0,0.0
2019-11-24 05:00:00+00:00,0,1,32,0,0.0
2019-11-24 05:00:00+00:00,0,2,42,0,0.0
2019-11-24 05:00:00+00:00,0,3,19,0,0.0
2019-11-24 05:00:00+00:00,1,1,10,0,0.0
2019-11-24 05:00:00+00:00,1,2,54,0,0.0
2019-11-24 05:00:00+00:00,1,3,38,0,0.0
2019-11-24 05:00:00+00:00,2,1,43,0,0.0
2019-11-24 05:00:00+00:00,2,2,44,0,0.0
2019-11-24 05:00:00+00:00,2,3,22,0,0.0
2019-11-24 05:00:00+00:00,3,1,23,0,0.0
2019-11-24 05:00:00+00:00,3,2,17,0,0.0
2019-11-24 05:00:00+00:00,3,3,19,0,0.0
2019-11-24 05:00:00+00:00,4,1,3,0,0.0
2019-11-24 05:00:00+00:00,4,2,50,0,0.0
2019-11-24 05:00:00+00:00,4,3,42,0,0.0
2019-11-24 05:00:00+00:00,5,1,25,1,34.000000000000064
2019-11-24 05:00:00+00:00,5,2,56,0,0.0
2019-11-24 05:00:00+00:00,5,3,24,0,0.0
2019-11-24 05:00:00+00:00,6,1,46,3,102.0000000000002
2019-11-24 05:00:00+00:00,6,2,21,0,0.0
2019-11-24 05:00:00+00:00,6,3,61,0,0.0
2019-11-24 05:00:00+00:00,7,1,60,0,0.0
2019-11-24 05:00:00+00:00,7,2,28,0,0.0
2019-11-24 05:00:00+00:00,7,3,32,0,0.0
2019-11-24 05:00:00+00:00,8,1,20,0,0.0
2019-11-24 05:00:00+00:00,8,2,38,0,0.0
2019-11-24 05:00:00+00:00,8,3,22,0,0.0
2019-11-24 05:00:00+00:00,9,1,62,0,0.0
2019-11-24 05:00:00+00:00,9,2,3,0,0.0
2019-11-24 05:00:00+00:00,9,3,15,0,0.0
2019-11-24 05:00:00+00:00,10,1,31,0,0.0
2019-11-24 05:00:00+00:00,10,2,25,0,0.0
2019-11-24 05:00:00+00:00,10,3,51,0,0.0
2019-11-24 05:00:00+00:00,11,1,35,0,0.0
2019-11-24 05:00:00+00:00,11,2,65,0,0.0
2019-11-24 05:00:00+00:00,11,3,23,1,34.000000000000064
2019-11-24 05:00:00+00:00,12,1,25,0,0.0
2019-11-24 05:00:00+00:00,12,2,42,0,0.0
2019-11-24 05:00:00+00:00,12,3,32,0,0.0
2019-11-24 05:00:00+00:00,13,1,37,1,34.000000000000064
2019-11-24 05:00:00+00:00,13,2,35,0,0.0
2019-11-24 05:00:00+00:00,13,3,11,0,0.0
2019-11-24 05:00:00+00:00,14,1,41,0,0.0
2019-11-24 05:00:00+00:00,14,2,39,3,102.0000000000002
2019-11-24 05:00:00+00:00,14,3,22,0,0.0
2019-11-24 05:00:00+00:00,15,1,36,0,0.0
2019-11-24 05:00:00+00:00,15,2,17,0,0.0
2019-11-24 05:00:00+00:00,15,3,27,0,0.0
2019-11-24 05:00:00+00:00,16,1,10,0,0.0
2019-11-24 05:00:00+00:00,16,2,15,0,0.0
2019-11-24 05:00:00+00:00,16,3,20,0,0.0
2019-11-24 05:00:00+00:00,17,1,8,0,0.0
2019-11-24 05:00:00+00:00,17,2,7,0,0.0
2019-11-24 05:00:00+00:00,17,3,34,0,0.0
2019-11-24 05:00:00+00:00,18,1,39,0,0.0
2019-11-24 05:00:00+00:00,18,2,28,0,0.0
2019-11-24 05:00:00+00:00,18,3,29,0,0.0
2019-11-24 05:00:00+00:00,19,1,38,2,68.00000000000013
2019-11-24 05:00:00+00:00,19,2,18,1,34.000000000000064
2019-11-24 05:00:00+00:00,19,3,53,1,34.000000000000064
2019-11-24 05:00:00+00:00,20,1,26,0,0.0
2019-11-24 05:00:00+00:00,20,2,37,0,0.0
2019-11-24 05:00:00+00:00,20,3,47,1,34.000000000000064
2019-11-24 05:00:00+00:00,21,1,18,0,0.0
2019-11-24 05:00:00+00:00,21,2,34,1,34.000000000000064
2019-11-24 05:00:00+00:00,21,3,25,0,0.0
2019-11-24 05:00:00+00:00,22,1,78,0,0.0
2019-11-24 05:00:00+00:00,22,2,31,0,0.0
2019-11-24 05:00:00+00:00,22,3,15,0,0.0
2019-11-24 05:00:00+00:00,23,1,30,1,34.000000000000064
2019-11-24 05:00:00+00:00,23,2,22,0,0.0
2019-11-24 05:00:00+00:00,23,3,38,0,0.0
2019-11-24 05:00:00+00:00,24,1,28,0,0.0
2019-11-24 05:00:00+00:00,24,2,19,0,0.0
2019-11-24 05:00:00+00:00,24,3,52,0,0.0
2019-11-24 05:00:00+00:00,25,1,13,0,0.0
2019-11-24 05:00:00+00:00,25,2,46,0,0.0
2019-11-24 05:00:00+00:00,25,3,8,0,0.0
2019-11-24 05:00:00+00:00,26,1,29,0,0.0
2019-11-24 05:00:00+00:00,26,2,29,0,0.0
2019-11-24 05:00:00+00:00,26,3,37,0,0.0
2019-11-24 05:00:00+00:00,27,1,11,0,0.0
2019-11-24 05:00:00+00:00,27,2,37,0,0.0
2019-11-24 05:00:00+00:00,27,3,26,0,0.0
2019-11-24 05:00:00+00:00,28,1,30,0,0.0
2019-11-24 05:00:00+00:00,28,2,10,0,0.0
2019-11-24 05:00:00+00:00,28,3,51,0,0.0
2019-11-24 05:00:00+00:00,29,1,47,0,0.0
2019-11-24 05:00:00+00:00,29,2,32,0,0.0
2019-11-24 05:00:00+00:00,29,3,16,0,0.0
2019-11-24 05:00:00+00:00,30,1,27,0,0.0
2019-11-24 05:00:00+00:00,30,2,12,0,0.0
2019-11-24 05:00:00+00:00,30,3,19,0,0.0
2019-11-24 05:00:00+00:00,31,1,6,0,0.0
2019-11-24 05:00:00+00:00,31,2,13,1,34.000000000000064
2019-11-24 05:00:00+00:00,31,3,13,0,0.0
2019-11-24 05:00:00+00:00,32,1,25,0,0.0
2019-11-24 05:00:00+00:00,32,2,35,0,0.0
2019-11-24 05:00:00+00:00,32,3,18,0,0.0
2019-11-24 05:00:00+00:00,33,1,28,0,0.0
2019-11-24 05:00:00+00:00,33,2,21,0,0.0
2019-11-24 05:00:00+00:00,33,3,61,0,0.0
2019-11-24 06:00:00+00:00,0,1,38,0,0.0
2019-11-24 06:00:00+00:00,0,2,32,1,34.000000000000064
2019-11-24 06:00:00+00:00,0,3,22,0,0.0
2019-11-24 06:00:00+00:00,1,1,48,1,34.000000000000064
2019-11-24 06:00:00+00:00,1,2,37,0,0.0
2019-11-24 06:00:00+00:00,1,3,6,0,0.0
2019-11-24 06:00:00+00:00,2,1,22,0,0.0
2019-11-24 06:00:00+00:00,2,2,37,0,0.0
2019-11-24 06:00:00+00:00,2,3,23,5,170.0000000000003
2019-11-24 06:00:00+00:00,3,1,36,0,0.0
2019-11-24 06:00:00+00:00,3,2,26,0,0.0
2019-11-24 06:00:00+00:00,3,3,50,0,0.0
2019-11-24 06:00:00+00:00,4,1,23,0,0.0
2019-11-24 06:00:00+00:00,4,2,49,0,0.0
2019-11-24 06:00:00+00:00,4,3,65,0,0.0
2019-11-24 06:00:00+00:00,5,1,29,0,0.0
2019-11-24 06:00:00+00:00,5,2,35,0,0.0
2019-11-24 06:00:00+00:00,5,3,27,0,0.0
2019-11-24 06:00:00+00:00,6,1,26,0,0.0
2019-11-24 06:00:00+00:00,6,2,44,0,0.0
2019-11-24 06:00:00+00:00,6,3,20,0,0.0
2019-11-24 06:00:00+00:00,7,1,28,0,0.0
2019-11-24 06:00:00+00:00,7,2,18,0,0.0
2019-11-24 06:00:00+00:00,7,3,42,0,0.0
2019-11-24 06:00:00+00:00,8,1,49,0,0.0
2019-11-24 06:00:00+00:00,8,2,37,0,0.0
2019-11-24 06:00:00+00:00,8,3,47,0,0.0
2019-11-24 06:00:00+00:00,9,1,42,0,0.0
2019-11-24 06:00:00+00:00,9,2,33,0,0.0
2019-11-24 06:00:00+00:00,9,3,39,0,0.0
2019-11-24 06:00:00+00:00,10,1,35,0,0.0
2019-11-24 06:00:00+00:00,10,2,8,0,0.0
2019-11-24 06:00:00+00:00,10,3,20,0,0.0
2019-11-24 06:00:00+00:00,11,1,9,0,0.0
2019-11-24 06:00:00+00:00,11,2,13,0,0.0
2019-11-24 06:00:00+00:00,11,3,9,0,0.0
2019-11-24 06:00:00+00:00,12,1,39,0,0.0
2019-11-24 06:00:00+00:00,12,2,8,0,0.0
2019-11-24 06:00:00+00:00,12,3,9,0,0.0
2019-11-24 06:00:00+00:00,13,1,54,0,0.0
2019-11-24 06:00:00+00:00,13,2,14,0,0.0
2019-11-24 06:00:00+00:00,13,3,16,0,0.0
2019-11-24 06:00:00+00:00,14,1,25,1,34.000000000000064
2019-11-24 06:00:00+00:00,14,2,45,8,272.0000000000005
2019-11-24 06:00:00+00:00,14,3,25,0,0.0
2019-11-24 06:00:00+00:00,15,1,26,0,0.0
2019-11-24 06:00:00+00:00,15,2,9,0,0.0
2019-11-24 06:00:00+00:00,15,3,40,0,0.0
2019-11-24 06:00:00+00:00,16,1,55,0,0.0
2019-11-24 06:00:00+00:00,16,2,27,0,0.0
2019-11-24 06:00:00+00:00,16,3,33,0,0.0
2019-11-24 06:00:00+00:00,17,1,33,0,0.0
2019-11-24 06:00:00+00:00,17,2,43,1,34.000000000000064
2019-11-24 06:00:00+00:00,17,3,55,1,34.000000000000064
2019-11-24 06:00:00+00:00,18,1,21,0,0.0
2019-11-24 06:00:00+00:00,18,2,12,0,0.0
2019-11-24 06:00:00+00:00,18,3,45,0,0.0
2019-11-24 06:00:00+00:00,19,1,9,0,0.0
2019-11-24 06:00:00+00:00,19,2,33,0,0.0
2019-11-24 06:00:00+00:00,19,3,50,1,34.000000000000064
2019-11-24 06:00:00+00:00,20,1,43,0,0.0
2019-11-24 06:00:00+00:00,20,2,9,0,0.0
2019-11-24 06:00:00+00:00,20,3,40,0,0.0
2019-11-24 06:00:00+00:00,21,1,30,4,136.00000000000026
2019-11-24 06:00:00+00:00,21,2,46,0,0.0
2019-11-24 06:00:00+00:00,21,3,25,0,0.0
2019-11-24 06:00:00+00:00,22,1,22,0,0.0
2019-11-24 06:00:00+00:00,22,2,59,1,34.000000000000064
2019-11-24 06:00:00+00:00,22,3,11,0,0.0
2019-11-24 06:00:00+00:00,23,1,25,0,0.0
2019-11-24 06:00:00+00:00,23,2,52,0,0.0
2019-11-24 06:00:00+00:00,23,3,34,0,0.0
2019-11-24 06:00:00+00:00,24,1,21,0,0.0
2019-11-24 06:00:00+00:00,24,2,19,0,0.0
2019-11-24 06:00:00+00:00,24,3,24,0,0.0
2019-11-24 06:00:00+00:00,25,1,69,0,0.0
2019-11-24 06:00:00+00:00,25,2,38,0,0.0
2019-11-24 06:00:00+00:00,25,3,70,0,0.0
2019-11-24 06:00:00+00:00,26,1,23,0,0.0
2019-11-24 06:00:00+00:00,26,2,24,0,0.0
2019-11-24 06:00:00+00:00,26,3,18,0,0.0
2019-11-24 06:00:00+00:00,27,1,36,0,0.0
2019-11-24 06:00:00+00:00,27,2,48,0,0.0
2019-11-24 06:00:00+00:00,27,3,54,0,0.0
2019-11-24 06:00:00+00:00,28,2,42,0,0.0
2019-11-24 06:00:00+00:00,28,3,18,0,0.0
2019-11-24 06:00:00+00:00,29,1,61,0,0.0
2019-11-24 06:00:00+00:00,29,2,50,0,0.0
2019-11-24 06:00:00+00:00,29,3,29,0,0.0
2019-11-24 06:00:00+00:00,30,1,10,0,0.0
2019-11-24 06:00:00+00:00,30,2,36,0,0.0
2019-11-24 06:00:00+00:00,30,3,45,0,0.0
2019-11-24 06:00:00+00:00,31,1,15,0,0.0
2019-11-24 06:00:00+00:00,31,2,32,1,34.000000000000064
2019-11-24 06:00:00+00:00,31,3,6,0,0.0
2019-11-24 06:00:00+00:00,32,1,43,0,0.0
2019-11-24 06:00:00+00:00,32,2,35,0,0.0
2019-11-24 06:00:00+00:00,32,3,35,0,0.0
2019-11-24 06:00:00+00:00,33,1,32,0,0.0
2019-11-24 06:00:00+00:00,33,2,30,1,34.000000000000064
2019-11-24 06:00:00+00:00,33,3,24,0,0.0
2019-11-24 07:00:00+00:00,0,1,49,0,0.0
2019-11-24 07:00:00+00:00,0,2,23,0,0.0
2019-11-24 07:00:00+00:00,0,3,46,0,0.0
2019-11-24 07:00:00+00:00,1,1,23,0,0.0
2019-11-24 07:00:00+00:00,1,2,21,0,0.0
2019-11-24 07:00:00+00:00,1,3,52,0,0.0
2019-11-24 07:00:00+00:00,2,1,12,0,0.0
2019-11-24 07:00:00+00:00,2,2,43,0,0.0
2019-11-24 07:00:00+00:00,2,3,35,0,0.0
2019-11-24 07:00:00+00:00,3,1,28,0,0.0
2019-11-24 07:00:00+00:00,3,2,42,1,34.000000000000064
2019-11-24 07:00:00+00:00,3,3,15,0,0.0
2019-11-24 07:00:00+00:00,4,1,59,0,0.0
2019-11-24 07:00:00+00:00,4,2,18,0,0.0
2019-11-24 07:00:00+00:00,4,3,20,0,0.0
2019-11-24 07:00:00+00:00,5,1,38,1,34.000000000000064
2019-11-24 07:00:00+00:00,5,2,26,0,0.0
2019-11-24 07:00:00+00:00,5,3,48,0,0.0
2019-11-24 07:00:00+00:00,6,1,45,0,0.0
2019-11-24 07:00:00+00:00,6,2,45,0,0.0
2019-11-24 07:00:00+00:00,6,3,57,0,0.0
2019-11-24 07:00:00+00:00,7,1,56,0,0.0
2019-11-24 07:00:00+00:00,7,2,27,0,0.0
2019-11-24 07:00:00+00:00,7,3,77,0,0.0
2019-11-24 07:00:00+00:00,8,1,22,0,0.0
2019-11-24 07:00:00+00:00,8,2,30,0,0.0
2019-11-24 07:00:00+00:00,8,3,60,0,0.0
2019-11-24 07:00:00+00:00,9,1,42,0,0.0
2019-11-24 07:00:00+00:00,9,2,12,0,0.0
2019-11-24 07:00:00+00:00,9,3,59,0,0.0
2019-11-24 07:00:00+00:00,10,1,8,0,0.0
2019-11-24 07:00:00+00:00,10,2,68,0,0.0
2019-11-24 07:00:00+00:00,10,3,10,0,0.0
2019-11-24 07:00:00+00:00,11,1,47,0,0.0
2019-11-24 07:00:00+00:00,11,2,42,0,0.0
2019-11-24 07:00:00+00:00,11,3,38,0,0.0
2019-11-24 07:00:00+00:00,12,1,21,0,0.0
2019-11-24 07:00:00+00:00,12,2,48,0,0.0
2019-11-24 07:00:00+00:00,12,3,25,0,0.0
2019-11-24 07:00:00+00:00,13,1,42,0,0.0
2019-11-24 07:00:00+00:00,13,2,47,0,0.0
2019-11-24 07:00:00+00:00,13,3,29,0,0.0
2019-11-24 07:00:00+00:00,14,1,27,0,0.0
2019-11-24 07:00:00+00:00,14,2,59,0,0.0
2019-11-24 07:00:00+00:00,14,3,6,1,34.000000000000064
2019-11-24 07:00:00+00:00,15,1,28,0,0.0
2019-11-24 07:00:00+00:00,15,2,27,0,0.0
2019-11-24 07:00:00+00:00,15,3,47,0,0.0
2019-11-24 07:00:00+00:00,16,1,58,0,0.0
2019-11-24 07:00:00+00:00,16,2,51,0,0.0
2019-11-24 07:00:00+00:00,16,3,10,0,0.0
2019-11-24 07:00:00+00:00,17,1,19,1,34.000000000000064
2019-11-24 07:00:00+00:00,17,2,41,1,34.000000000000064
2019-11-24 07:00:00+00:00,17,3,30,0,0.0
2019-11-24 07:00:00+00:00,18,1,36,0,0.0
2019-11-24 07:00:00+00:00,18,2,56,0,0.0
2019-11-24 07:00:00+00:00,18,3,42,0,0.0
2019-11-24 07:00:00+00:00,19,1,33,0,0.0
2019-11-24 07:00:00+00:00,19,2,48,0,0.0
2019-11-24 07:00:00+00:00,19,3,51,0,0.0
2019-11-24 07:00:00+00:00,20,1,44,0,0.0
2019-11-24 07:00:00+00:00,20,2,5,0,0.0
2019-11-24 07:00:00+00:00,20,3,21,1,34.000000000000064
2019-11-24 07:00:00+00:00,21,1,30,0,0.0
2019-11-24 07:00:00+00:00,21,2,54,0,0.0
2019-11-24 07:00:00+00:00,21,3,21,0,0.0
2019-11-24 07:00:00+00:00,22,1,51,1,34.000000000000064
2019-11-24 07:00:00+00:00,22,2,34,0,0.0
2019-11-24 07:00:00+00:00,22,3,19,1,34.000000000000064
2019-11-24 07:00:00+00:00,23,1,33,0,0.0
2019-11-24 07:00:00+00:00,23,2,20,1,34.000000000000064
2019-11-24 07:00:00+00:00,23,3,30,0,0.0
2019-11-24 07:00:00+00:00,24,1,29,0,0.0
2019-11-24 07:00:00+00:00,24,2,50,0,0.0
2019-11-24 07:00:00+00:00,24,3,37,0,0.0
2019-11-24 07:00:00+00:00,25,1,24,0,0.0
2019-11-24 07:00:00+00:00,25,2,13,0,0.0
2019-11-24 07:00:00+00:00,25,3,52,0,0.0
2019-11-24 07:00:00+00:00,26,1,43,0,0.0
2019-11-24 07:00:00+00:00,26,2,41,0,0.0
2019-11-24 07:00:00+00:00,26,3,43,0,0.0
2019-11-24 07:00:00+00:00,27,1,35,0,0.0
2019-11-24 07:00:00+00:00,27,2,46,4,136.00000000000026
2019-11-24 07:00:00+00:00,27,3,31,0,0.0
2019-11-24 07:00:00+00:00,28,1,40,0,0.0
2019-11-24 07:00:00+00:00,28,2,23,0,0.0
2019-11-24 07:00:00+00:00,28,3,17,0,0.0
2019-11-24 07:00:00+00:00,29,1,57,0,0.0
2019-11-24 07:00:00+00:00,29,2,37,0,0.0
2019-11-24 07:00:00+00:00,29,3,15,0,0.0
2019-11-24 07:00:00+00:00,30,1,39,0,0.0
2019-11-24 07:00:00+00:00,30,2,64,0,0.0
2019-11-24 07:00:00+00:00,30,3,63,0,0.0
2019-11-24 07:00:00+00:00,31,1,24,0,0.0
2019-11-24 07:00:00+00:00,31,2,21,0,0.0
2019-11-24 07:00:00+00:00,31,3,40,0,0.0
2019-11-24 07:00:00+00:00,32,1,23,0,0.0
2019-11-24 07:00:00+00:00,32,2,22,0,0.0
2019-11-24 07:00:00+00:00,32,3,50,0,0.0
2019-11-24 07:00:00+00:00,33,1,67,0,0.0
2019-11-24 07:00:00+00:00,33,2,29,0,0.0
2019-11-24 07:00:00+00:00,33,3,38,1,34.000000000000064
2019-11-24 08:00:00+00:00,0,1,28,0,0.0
2019-11-24 08:00:00+00:00,0,2,54,0,0.0
2019-11-24 08:00:00+00:00,0,3,35,0,0.0
2019-11-24 08:00:00+00:00,1,1,45,0,0.0
2019-11-24 08:00:00+00:00,1,2,46,0,0.0
2019-11-24 08:00:00+00:00,1,3,38,1,34.000000000000064
2019-11-24 08:00:00+00:00,2,1,42,0,0.0
2019-11-24 08:00:00+00:00,2,2,16,0,0.0
2019-11-24 08:00:00+00:00,2,3,58,0,0.0
2019-11-24 08:00:00+00:00,3,1,10,0,0.0
2019-11-24 08:00:00+00:00,3,2,30,0,0.0
2019-11-24 08:00:00+00:00,3,3,89,0,0.0
2019-11-24 08:00:00+00:00,4,1,23,0,0.0
2019-11-24 08:00:00+00:00,4,2,45,0,0.0
2019-11-24 08:00:00+00:00,4,3,29,0,0.0
2019-11-24 08:00:00+00:00,5,1,35,0,0.0
2019-11-24 08:00:00+00:00,5,2,22,0,0.0
2019-11-24 08:00:00+00:00,5,3,71,1,34.000000000000064
2019-11-24 08:00:00+00:00,6,1,63,1,34.000000000000064
2019-11-24 08:00:00+00:00,6,2,36,0,0.0
2019-11-24 08:00:00+00:00,6,3,38,0,0.0
2019-11-24 08:00:00+00:00,7,1,31,0,0.0
2019-11-24 08:00:00+00:00,7,2,48,0,0.0
2019-11-24 08:00:00+00:00,7,3,17,0,0.0
2019-11-24 08:00:00+00:00,8,1,58,0,0.0
2019-11-24 08:00:00+00:00,8,2,56,2,68.00000000000013
2019-11-24 08:00:00+00:00,8,3,34,0,0.0
2019-11-24 08:00:00+00:00,9,1,22,0,0.0
2019-11-24 08:00:00+00:00,9,2,49,0,0.0
2019-11-24 08:00:00+00:00,9,3,14,0,0.0
2019-11-24 08:00:00+00:00,10,1,36,0,0.0
2019-11-24 08:00:00+00:00,10,2,38,2,68.00000000000013
2019-11-24 08:00:00+00:00,10,3,27,0,0.0
2019-11-24 08:00:00+00:00,11,1,56,0,0.0
2019-11-24 08:00:00+00:00,11,2,54,1,34.000000000000064
2019-11-24 08:00:00+00:00,11,3,52,0,0.0
2019-11-24 08:00:00+00:00,12,1,39,3,102.0000000000002
2019-11-24 08:00:00+00:00,12,2,27,0,0.0
2019-11-24 08:00:00+00:00,12,3,47,0,0.0
2019-11-24 08:00:00+00:00,13,1,25,0,0.0
2019-11-24 08:00:00+00:00,13,2,9,0,0.0
2019-11-24 08:00:00+00:00,13,3,65,1,34.000000000000064
2019-11-24 08:00:00+00:00,14,1,52,0,0.0
2019-11-24 08:00:00+00:00,14,2,21,1,34.000000000000064
2019-11-24 08:00:00+00:00,14,3,63,1,34.000000000000064
2019-11-24 08:00:00+00:00,15,1,45,0,0.0
2019-11-24 08:00:00+00:00,15,2,38,0,0.0
2019-11-24 08:00:00+00:00,15,3,21,0,0.0
2019-11-24 08:00:00+00:00,16,1,4,0,0.0
2019-11-24 08:00:00+00:00,16,2,49,0,0.0
2019-11-24 08:00:00+00:00,16,3,61,0,0.0
2019-11-24 08:00:00+00:00,17,1,60,0,0.0
2019-11-24 08:00:00+00:00,17,2,45,0,0.0
2019-11-24 08:00:00+00:00,17,3,34,0,0.0
2019-11-24 08:00:00+00:00,18,1,46,0,0.0
2019-11-24 08:00:00+00:00,18,2,40,0,0.0
2019-11-24 08:00:00+00:00,18,3,34,0,0.0
2019-11-24 08:00:00+00:00,19,1,47,0,0.0
2019-11-24 08:00:00+00:00,19,2,42,0,0.0
2019-11-24 08:00:00+00:00,19,3,36,0,0.0
2019-11-24 08:00:00+00:00,20,1,40,0,0.0
2019-11-24 08:00:00+00:00,20,2,54,0,0.0
2019-11-24 08:00:00+00:00,20,3,16,1,34.000000000000064
2019-11-24 08:00:00+00:00,21,1,41,0,0.0
2019-11-24 08:00:00+00:00,21,2,24,0,0.0
2019-11-24 08:00:00+00:00,21,3,62,0,0.0
2019-11-24 08:00:00+00:00,22,1,38,0,0.0
2019-11-24 08:00:00+00:00,22,2,52,0,0.0
2019-11-24 08:00:00+00:00,22,3,25,0,0.0
2019-11-24 08:00:00+00:00,23,1,15,0,0.0
2019-11-24 08:00:00+00:00,23,2,42,0,0.0
2019-11-24 08:00:00+00:00,23,3,26,0,0.0
2019-11-24 08:00:00+00:00,24,1,31,0,0.0
2019-11-24 08:00:00+00:00,24,2,41,0,0.0
2019-11-24 08:00:00+00:00,24,3,25,0,0.0
2019-11-24 08:00:00+00:00,25,1,45,0,0.0
2019-11-24 08:00:00+00:00,25,2,28,0,0.0
2019-11-24 08:00:00+00:00,25,3,75,0,0.0
2019-11-24 08:00:00+00:00,26,1,53,0,0.0
2019-11-24 08:00:00+00:00,26,2,34,0,0.0
2019-11-24 08:00:00+00:00,26,3,33,0,0.0
2019-11-24 08:00:00+00:00,27,1,36,1,34.000000000000064
2019-11-24 08:00:00+00:00,27,2,47,0,0.0
2019-11-24 08:00:00+00:00,27,3,40,0,0.0
2019-11-24 08:00:00+00:00,28,1,46,0,0.0
2019-11-24 08:00:00+00:00,28,2,53,0,0.0
2019-11-24 08:00:00+00:00,28,3,52,0,0.0
2019-11-24 08:00:00+00:00,29,1,35,0,0.0
2019-11-24 08:00:00+00:00,29,2,55,1,34.000000000000064
2019-11-24 08:00:00+00:00,29,3,32,0,0.0
2019-11-24 08:00:00+00:00,30,1,47,1,34.000000000000064
2019-11-24 08:00:00+00:00,30,2,33,0,0.0
2019-11-24 08:00:00+00:00,30,3,16,0,0.0
2019-11-24 08:00:00+00:00,31,1,43,0,0.0
2019-11-24 08:00:00+00:00,31,2,70,0,0.0
2019-11-24 08:00:00+00:00,31,3,29,0,0.0
2019-11-24 08:00:00+00:00,32,1,77,0,0.0
2019-11-24 08:00:00+00:00,32,2,29,0,0.0
2019-11-24 08:00:00+00:00,32,3,43,0,0.0
2019-11-24 08:00:00+00:00,33,1,52,0,0.0
2019-11-24 08:00:00+00:00,33,2,39,0,0.0
2019-11-24 08:00:00+00:00,33,3,28,0,0.0
2019-11-24 09:00:00+00:00,0,1,80,1,34.000000000000064
2019-11-24 09:00:00+00:00,0,2,28,0,0.0
2019-11-24 09:00:00+00:00,0,3,37,0,0.0
2019-11-24 09:00:00+00:00,1,1,24,0,0.0
2019-11-24 09:00:00+00:00,1,2,65,0,0.0
2019-11-24 09:00:00+00:00,1,3,58,0,0.0
2019-11-24 09:00:00+00:00,2,1,55,0,0.0
2019-11-24 09:00:00+00:00,2,2,72,1,34.000000000000064
2019-11-24 09:00:00+00:00,2,3,44,0,0.0
2019-11-24 09:00:00+00:00,3,1,44,0,0.0
2019-11-24 09:00:00+00:00,3,2,38,0,0.0
2019-11-24 09:00:00+00:00,3,3,50,0,0.0
2019-11-24 09:00:00+00:00,4,1,26,0,0.0
2019-11-24 09:00:00+00:00,4,2,23,0,0.0
2019-11-24 09:00:00+00:00,4,3,9,0,0.0
2019-11-24 09:00:00+00:00,5,1,5,0,0.0
2019-11-24 09:00:00+00:00,5,2,58,0,0.0
2019-11-24 09:00:00+00:00,5,3,50,0,0.0
2019-11-24 09:00:00+00:00,6,1,21,0,0.0
2019-11-24 09:00:00+00:00,6,3,61,0,0.0
2019-11-24 09:00:00+00:00,7,1,51,0,0.0
2019-11-24 09:00:00+00:00,7,2,57,0,0.0
2019-11-24 09:00:00+00:00,7,3,33,0,0.0
2019-11-24 09:00:00+00:00,8,1,70,0,0.0
2019-11-24 09:00:00+00:00,8,2,35,0,0.0
2019-11-24 09:00:00+00:00,8,3,91,0,0.0
2019-11-24 09:00:00+00:00,9,1,51,0,0.0
2019-11-24 09:00:00+00:00,9,2,5,0,0.0
2019-11-24 09:00:00+00:00,9,3,38,0,0.0
2019-11-24 09:00:00+00:00,10,1,18,0,0.0
2019-11-24 09:00:00+00:00,10,2,43,0,0.0
2019-11-24 09:00:00+00:00,10,3,49,1,34.000000000000064
2019-11-24 09:00:00+00:00,11,1,71,0,0.0
2019-11-24 09:00:00+00:00,11,2,39,0,0.0
2019-11-24 09:00:00+00:00,11,3,52,0,0.0
2019-11-24 09:00:00+00:00,12,1,27,0,0.0
2019-11-24 09:00:00+00:00,12,2,37,0,0.0
2019-11-24 09:00:00+00:00,12,3,71,1,34.000000000000064
2019-11-24 09:00:00+00:00,13,1,59,0,0.0
2019-11-24 09:00:00+00:00,13,2,20,0,0.0
2019-11-24 09:00:00+00:00,13,3,14,0,0.0
2019-11-24 09:00:00+00:00,14,1,41,0,0.0
2019-11-24 09:00:00+00:00,14,2,49,0,0.0
2019-11-24 09:00:00+00:00,14,3,26,0,0.0
2019-11-24 09:00:00+00:00,15,1,69,0,0.0
2019-11-24 09:00:00+00:00,15,2,48,0,0.0
2019-11-24 09:00:00+00:00,15,3,13,1,34.000000000000064
2019-11-24 09:00:00+00:00,16,1,19,0,0.0
2019-11-24 09:00:00+00:00,16,2,36,0,0.0
2019-11-24 09:00:00+00:00,16,3,24,0,0.0
2019-11-24 09:00:00+00:00,17,1,51,0,0.0
2019-11-24 09:00:00+00:00,17,2,114,1,34.000000000000064
2019-11-24 09:00:00+00:00,17,3,51,1,34.000000000000064
2019-11-24 09:00:00+00:00,18,1,30,0,0.0
2019-11-24 09:00:00+00:00,18,2,60,0,0.0
2019-11-24 09:00:00+00:00,18,3,46,0,0.0
2019-11-24 09:00:00+00:00,19,1,34,0,0.0
2019-11-24 09:00:00+00:00,19,2,15,0,0.0
2019-11-24 09:00:00+00:00,19,3,22,0,0.0
2019-11-24 09:00:00+00:00,20,1,57,1,34.000000000000064
2019-11-24 09:00:00+00:00,20,2,51,0,0.0
2019-11-24 09:00:00+00:00,20,3,35,0,0.0
2019-11-24 09:00:00+00:00,21,1,35,0,0.0
2019-11-24 09:00:00+00:00,21,2,85,1,34.000000000000064
2019-11-24 09:00:00+00:00,21,3,44,0,0.0
2019-11-24 09:00:00+00:00,22,1,26,0,0.0
2019-11-24 09:00:00+00:00,22,2,18,0,0.0
2019-11-24 09:00:00+00:00,22,3,42,0,0.0
2019-11-24 09:00:00+00:00,23,1,42,0,0.0
2019-11-24 09:00:00+00:00,23,2,17,0,0.0
2019-11-24 09:00:00+00:00,23,3,28,0,0.0
2019-11-24 09:00:00+00:00,24,1,46,0,0.0
2019-11-24 09:00:00+00:00,24,2,54,0,0.0
2019-11-24 09:00:00+00:00,24,3,72,0,0.0
2019-11-24 09:00:00+00:00,25,1,45,0,0.0
2019-11-24 09:00:00+00:00,25,2,15,0,0.0
2019-11-24 09:00:00+00:00,25,3,55,0,0.0
2019-11-24 09:00:00+00:00,26,1,59,1,34.000000000000064
2019-11-24 09:00:00+00:00,26,2,11,0,0.0
2019-11-24 09:00:00+00:00,26,3,66,1,34.000000000000064
2019-11-24 09:00:00+00:00,27,1,44,0,0.0
2019-11-24 09:00:00+00:00,27,2,60,0,0.0
2019-11-24 09:00:00+00:00,27,3,26,0,0.0
2019-11-24 09:00:00+00:00,28,1,30,0,0.0
2019-11-24 09:00:00+00:00,28,2,46,0,0.0
2019-11-24 09:00:00+00:00,28,3,43,0,0.0
2019-11-24 09:00:00+00:00,29,1,10,0,0.0
2019-11-24 09:00:00+00:00,29,2,59,1,34.000000000000064
2019-11-24 09:00:00+00:00,29,3,51,0,0.0
2019-11-24 09:00:00+00:00,30,1,43,0,0.0
2019-11-24 09:00:00+00:00,30,2,38,0,0.0
2019-11-24 09:00:00+00:00,30,3,20,0,0.0
2019-11-24 09:00:00+00:00,31,1,55,0,0.0
2019-11-24 09:00:00+00:00,31,2,59,1,34.000000000000064
2019-11-24 09:00:00+00:00,31,3,42,0,0.0
2019-11-24 09:00:00+00:00,32,1,51,0,0.0
2019-11-24 09:00:00+00:00,32,2,35,0,0.0
2019-11-24 09:00:00+00:00,32,3,13,2,68.00000000000013
2019-11-24 09:00:00+00:00,33,1,25,0,0.0
2019-11-24 09:00:00+00:00,33,2,28,0,0.0
2019-11-24 09:00:00+00:00,33,3,43,0,0.0
2019-11-24 10:00:00+00:00,0,1,55,0,0.0
2019-11-24 10:00:00+00:00,0,2,54,3,102.0000000000002
2019-11-24 10:00:00+00:00,0,3,45,0,0.0
2019-11-24 10:00:00+00:00,1,1,23,0,0.0
2019-11-24 10:00:00+00:00,1,2,64,0,0.0
2019-11-24 10:00:00+00:00,1,3,57,0,0.0
2019-11-24 10:00:00+00:00,2,1,36,0,0.0
2019-11-24 10:00:00+00:00,2,2,27,0,0.0
2019-11-24 10:00:00+00:00,2,3,44,0,0.0
2019-11-24 10:00:00+00:00,3,1,64,0,0.0
2019-11-24 10:00:00+00:00,3,2,46,0,0.0
2019-11-24 10:00:00+00:00,3,3,36,0,0.0
2019-11-24 10:00:00+00:00,4,1,57,0,0.0
2019-11-24 10:00:00+00:00,4,2,53,0,0.0
2019-11-24 10:00:00+00:00,4,3,63,0,0.0
2019-11-24 10:00:00+00:00,5,1,11,0,0.0
2019-11-24 10:00:00+00:00,5,2,39,0,0.0
2019-11-24 10:00:00+00:00,5,3,45,4,136.00000000000026
2019-11-24 10:00:00+00:00,6,1,46,0,0.0
2019-11-24 10:00:00+00:00,6,2,40,0,0.0
2019-11-24 10:00:00+00:00,6,3,35,0,0.0
2019-11-24 10:00:00+00:00,7,1,47,0,0.0
2019-11-24 10:00:00+00:00,7,2,35,0,0.0
2019-11-24 10:00:00+00:00,7,3,12,0,0.0
2019-11-24 10:00:00+00:00,8,1,34,0,0.0
2019-11-24 10:00:00+00:00,8,2,38,0,0.0
2019-11-24 10:00:00+00:00,8,3,57,0,0.0
2019-11-24 10:00:00+00:00,9,1,59,1,34.000000000000064
2019-11-24 10:00:00+00:00,9,2,72,0,0.0
2019-11-24 10:00:00+00:00,9,3,41,0,0.0
2019-11-24 10:00:00+00:00,10,1,27,0,0.0
2019-11-24 10:00:00+00:00,10,2,33,1,34.000000000000064
2019-11-24 10:00:00+00:00,10,3,62,1,34.000000000000064
2019-11-24 10:00:00+00:00,11,1,62,0,0.0
2019-11-24 10:00:00+00:00,11,2,22,0,0.0
2019-11-24 10:00:00+00:00,11,3,56,0,0.0
2019-11-24 10:00:00+00:00,12,1,62,3,102.0000000000002
2019-11-24 10:00:00+00:00,12,2,68,0,0.0
2019-11-24 10:00:00+00:00,12,3,49,2,68.00000000000013
2019-11-24 10:00:00+00:00,13,1,55,0,0.0
2019-11-24 10:00:00+00:00,13,2,37,0,0.0
2019-11-24 10:00:00+00:00,13,3,66,0,0.0
2019-11-24 10:00:00+00:00,14,1,52,0,0.0
2019-11-24 10:00:00+00:00,14,2,32,0,0.0
2019-11-24 10:00:00+00:00,14,3,33,0,0.0
2019-11-24 10:00:00+00:00,15,1,76,0,0.0
2019-11-24 10:00:00+00:00,15,2,18,0,0.0
2019-11-24 10:00:00+00:00,15,3,62,0,0.0
2019-11-24 10:00:00+00:00,16,1,49,0,0.0
2019-11-24 10:00:00+00:00,16,2,52,0,0.0
2019-11-24 10:00:00+00:00,16,3,107,0,0.0
2019-11-24 10:00:00+00:00,17,1,52,0,0.0
2019-11-24 10:00:00+00:00,17,2,72,2,68.00000000000013
2019-11-24 10:00:00+00:00,17,3,6,0,0.0
2019-11-24 10:00:00+00:00,18,1,54,0,0.0
2019-11-24 10:00:00+00:00,18,2,55,0,0.0
2019-11-24 10:00:00+00:00,18,3,11,0,0.0
2019-11-24 10:00:00+00:00,19,1,29,0,0.0
2019-11-24 10:00:00+00:00,19,2,36,1,34.000000000000064
2019-11-24 10:00:00+00:00,19,3,36,0,0.0
2019-11-24 10:00:00+00:00,20,1,44,0,0.0
2019-11-24 10:00:00+00:00,20,2,22,0,0.0
2019-11-24 10:00:00+00:00,20,3,37,0,0.0
2019-11-24 10:00:00+00:00,21,1,23,0,0.0
2019-11-24 10:00:00+00:00,21,2,34,0,0.0
2019-11-24 10:00:00+00:00,21,3,50,2,68.00000000000013
2019-11-24 10:00:00+00:00,22,1,78,0,0.0
2019-11-24 10:00:00+00:00,22,2,36,1,34.000000000000064
2019-11-24 10:00:00+00:00,22,3,57,1,34.000000000000064
2019-11-24 10:00:00+00:00,23,1,14,1,34.000000000000064
2019-11-24 10:00:00+00:00,23,2,32,0,0.0
2019-11-24 10:00:00+00:00,23,3,99,0,0.0
2019-11-24 10:00:00+00:00,24,1,52,0,0.0
2019-11-24 10:00:00+00:00,24,2,28,0,0.0
2019-11-24 10:00:00+00:00,24,3,16,0,0.0
2019-11-24 10:00:00+00:00,25,1,20,0,0.0
2019-11-24 10:00:00+00:00,25,2,83,0,0.0
2019-11-24 10:00:00+00:00,25,3,44,0,0.0
2019-11-24 10:00:00+00:00,26,1,37,0,0.0
2019-11-24 10:00:00+00:00,26,2,21,1,34.000000000000064
2019-11-24 10:00:00+00:00,26,3,49,0,0.0
2019-11-24 10:00:00+00:00,27,1,31,0,0.0
2019-11-24 10:00:00+00:00,27,2,44,0,0.0
2019-11-24 10:00:00+00:00,27,3,58,0,0.0
2019-11-24 10:00:00+00:00,28,1,11,0,0.0
2019-11-24 10:00:00+00:00,28,2,18,0,0.0
2019-11-24 10:00:00+00:00,28,3,34,0,0.0
2019-11-24 10:00:00+00:00,29,1,36,0,0.0
2019-11-24 10:00:00+00:00,29,2,93,0,0.0
2019-11-24 10:00:00+00:00,29,3,14,0,0.0
2019-11-24 10:00:00+00:00,30,1,60,0,0.0
2019-11-24 10:00:00+00:00,30,2,50,0,0.0
2019-11-24 10:00:00+00:00,30,3,6,0,0.0
2019-11-24 10:00:00+00:00,31,1,54,0,0.0
2019-11-24 10:00:00+00:00,31,2,58,0,0.0
2019-11-24 10:00:00+00:00,31,3,22,0,0.0
2019-11-24 10:00:00+00:00,32,1,53,0,0.0
2019-11-24 10:00:00+00:00,32,2,18,0,0.0
2019-11-24 10:00:00+00:00,32,3,36,0,0.0
2019-11-24 10:00:00+00:00,33,1,10,0,0.0
2019-11-24 10:00:00+00:00,33,2,42,0,0.0
2019-11-24 10:00:00+00:00,33,3,26,0,0.0
2019-11-24 11:00:00+00:00,0,1,50,3,102.0000000000002
2019-11-24 11:00:00+00:00,0,2,72,0,0.0
2019-11-24 11:00:00+00:00,0,3,27,0,0.0
2019-11-24 11:00:00+00:00,1,1,28,0,0.0
2019-11-24 11:00:00+00:00,1,2,61,0,0.0
2019-11-24 11:00:00+00:00,1,3,74,0,0.0
2019-11-24 11:00:00+00:00,2,1,61,0,0.0
2019-11-24 11:00:00+00:00,2,2,35,0,0.0
2019-11-24 11:00:00+00:00,2,3,61,0,0.0
2019-11-24 11:00:00+00:00,3,1,27,0,0.0
2019-11-24 11:00:00+00:00,3,2,79,0,0.0
2019-11-24 11:00:00+00:00,3,3,36,1,34.000000000000064
2019-11-24 11:00:00+00:00,4,1,101,5,170.0000000000003
2019-11-24 11:00:00+00:00,4,2,46,0,0.0
2019-11-24 11:00:00+00:00,4,3,44,0,0.0
2019-11-24 11:00:00+00:00,5,1,67,0,0.0
2019-11-24 11:00:00+00:00,5,2,34,1,34.000000000000064
2019-11-24 11:00:00+00:00,5,3,63,0,0.0
2019-11-24 11:00:00+00:00,6,1,85,0,0.0
2019-11-24 11:00:00+00:00,6,2,52,0,0.0
2019-11-24 11:00:00+00:00,6,3,46,0,0.0
2019-11-24 11:00:00+00:00,7,1,68,0,0.0
2019-11-24 11:00:00+00:00,7,2,86,1,34.000000000000064
2019-11-24 11:00:00+00:00,7,3,53,0,0.0
2019-11-24 11:00:00+00:00,8,1,80,1,34.000000000000064
2019-11-24 11:00:00+00:00,8,2,27,0,0.0
2019-11-24 11:00:00+00:00,8,3,62,0,0.0
2019-11-24 11:00:00+00:00,9,1,67,0,0.0
2019-11-24 11:00:00+00:00,9,2,47,0,0.0
2019-11-24 11:00:00+00:00,9,3,60,1,34.000000000000064
2019-11-24 11:00:00+00:00,10,1,74,1,34.000000000000064
2019-11-24 11:00:00+00:00,10,2,28,0,0.0
2019-11-24 11:00:00+00:00,10,3,36,0,0.0
2019-11-24 11:00:00+00:00,11,1,37,1,34.000000000000064
2019-11-24 11:00:00+00:00,11,2,48,0,0.0
2019-11-24 11:00:00+00:00,11,3,76,0,0.0
2019-11-24 11:00:00+00:00,12,1,44,0,0.0
2019-11-24 11:00:00+00:00,12,2,71,0,0.0
2019-11-24 11:00:00+00:00,12,3,55,0,0.0
2019-11-24 11:00:00+00:00,13,1,24,0,0.0
2019-11-24 11:00:00+00:00,13,2,25,0,0.0
2019-11-24 11:00:00+00:00,13,3,78,2,68.00000000000013
2019-11-24 11:00:00+00:00,14,1,57,0,0.0
2019-11-24 11:00:00+00:00,14,2,89,0,0.0
2019-11-24 11:00:00+00:00,14,3,33,0,0.0
2019-11-24 11:00:00+00:00,15,1,40,0,0.0
2019-11-24 11:00:00+00:00,15,2,57,0,0.0
2019-11-24 11:00:00+00:00,15,3,55,0,0.0
2019-11-24 11:00:00+00:00,16,1,51,0,0.0
2019-11-24 11:00:00+00:00,16,2,29,0,0.0
2019-11-24 11:00:00+00:00,16,3,71,0,0.0
2019-11-24 11:00:00+00:00,17,1,54,0,0.0
2019-11-24 11:00:00+00:00,17,2,69,0,0.0
2019-11-24 11:00:00+00:00,17,3,37,0,0.0
2019-11-24 11:00:00+00:00,18,1,21,0,0.0
2019-11-24 11:00:00+00:00,18,2,64,0,0.0
2019-11-24 11:00:00+00:00,18,3,81,0,0.0
2019-11-24 11:00:00+00:00,19,1,63,0,0.0
2019-11-24 11:00:00+00:00,19,2,40,0,0.0
2019-11-24 11:00:00+00:00,19,3,61,0,0.0
2019-11-24 11:00:00+00:00,20,1,64,0,0.0
2019-11-24 11:00:00+00:00,20,2,40,0,0.0
2019-11-24 11:00:00+00:00,20,3,19,0,0.0
2019-11-24 11:00:00+00:00,21,1,60,0,0.0
2019-11-24 11:00:00+00:00,21,2,62,0,0.0
2019-11-24 11:00:00+00:00,21,3,54,0,0.0
2019-11-24 11:00:00+00:00,22,1,96,0,0.0
2019-11-24 11:00:00+00:00,22,2,21,0,0.0
2019-11-24 11:00:00+00:00,22,3,103,0,0.0
2019-11-24 11:00:00+00:00,23,1,32,0,0.0
2019-11-24 11:00:00+00:00,23,2,38,0,0.0
2019-11-24 11:00:00+00:00,23,3,20,0,0.0
2019-11-24 11:00:00+00:00,24,1,30,0,0.0
2019-11-24 11:00:00+00:00,24,2,59,0,0.0
2019-11-24 11:00:00+00:00,24,3,23,0,0.0
2019-11-24 11:00:00+00:00,25,1,47,0,0.0
2019-11-24 11:00:00+00:00,25,2,80,0,0.0
2019-11-24 11:00:00+00:00,25,3,47,0,0.0
2019-11-24 11:00:00+00:00,26,1,49,1,34.000000000000064
2019-11-24 11:00:00+00:00,26,2,49,0,0.0
2019-11-24 11:00:00+00:00,26,3,57,0,0.0
2019-11-24 11:00:00+00:00,27,1,52,2,68.00000000000013
2019-11-24 11:00:00+00:00,27,2,79,0,0.0
2019-11-24 11:00:00+00:00,27,3,27,0,0.0
2019-11-24 11:00:00+00:00,28,1,11,0,0.0
2019-11-24 11:00:00+00:00,28,2,47,0,0.0
2019-11-24 11:00:00+00:00,28,3,85,0,0.0
2019-11-24 11:00:00+00:00,29,1,67,0,0.0
2019-11-24 11:00:00+00:00,29,2,37,0,0.0
2019-11-24 11:00:00+00:00,29,3,63,0,0.0
2019-11-24 11:00:00+00:00,30,1,52,0,0.0
2019-11-24 11:00:00+00:00,30,2,67,0,0.0
2019-11-24 11:00:00+00:00,30,3,47,2,68.00000000000013
2019-11-24 11:00:00+00:00,31,1,45,0,0.0
2019-11-24 11:00:00+00:00,31,2,72,1,34.000000000000064
2019-11-24 11:00:00+00:00,31,3,50,4,136.00000000000026
2019-11-24 11:00:00+00:00,32,1,92,0,0.0
2019-11-24 11:00:00+00:00,32,2,51,0,0.0
2019-11-24 11:00:00+00:00,32,3,47,0,0.0
2019-11-24 11:00:00+00:00,33,1,29,0,0.0
2019-11-24 11:00:00+00:00,33,2,64,0,0.0
2019-11-24 11:00:00+00:00,33,3,74,1,34.000000000000064
2019-11-24 12:00:00+00:00,0,1,89,3,102.0000000000002
2019-11-24 12:00:00+00:00,0,2,31,0,0.0
2019-11-24 12:00:00+00:00,0,3,105,0,0.0
2019-11-24 12:00:00+00:00,1,1,33,0,0.0
2019-11-24 12:00:00+00:00,1,2,46,0,0.0
2019-11-24 12:00:00+00:00,1,3,36,0,0.0
2019-11-24 12:00:00+00:00,2,1,89,0,0.0
2019-11-24 12:00:00+00:00,2,2,82,0,0.0
2019-11-24 12:00:00+00:00,2,3,69,0,0.0
2019-11-24 12:00:00+00:00,3,1,100,0,0.0
2019-11-24 12:00:00+00:00,3,2,78,1,34.000000000000064
2019-11-24 12:00:00+00:00,3,3,94,3,102.0000000000002
2019-11-24 12:00:00+00:00,4,1,40,0,0.0
2019-11-24 12:00:00+00:00,4,2,81,0,0.0
2019-11-24 12:00:00+00:00,4,3,25,0,0.0
2019-11-24 12:00:00+00:00,5,1,38,0,0.0
2019-11-24 12:00:00+00:00,5,2,20,0,0.0
2019-11-24 12:00:00+00:00,5,3,66,0,0.0
2019-11-24 12:00:00+00:00,6,1,92,0,0.0
2019-11-24 12:00:00+00:00,6,2,92,1,34.000000000000064
2019-11-24 12:00:00+00:00,6,3,43,1,34.000000000000064
2019-11-24 12:00:00+00:00,7,1,73,0,0.0
2019-11-24 12:00:00+00:00,7,2,81,0,0.0
2019-11-24 12:00:00+00:00,7,3,51,0,0.0
2019-11-24 12:00:00+00:00,8,1,79,0,0.0
2019-11-24 12:00:00+00:00,8,2,53,0,0.0
2019-11-24 12:00:00+00:00,8,3,73,5,170.0000000000003
2019-11-24 12:00:00+00:00,9,1,79,0,0.0
2019-11-24 12:00:00+00:00,9,2,75,0,0.0
2019-11-24 12:00:00+00:00,9,3,46,0,0.0
2019-11-24 12:00:00+00:00,10,1,26,0,0.0
2019-11-24 12:00:00+00:00,10,2,38,0,0.0
2019-11-24 12:00:00+00:00,10,3,44,0,0.0
2019-11-24 12:00:00+00:00,11,1,66,2,68.00000000000013
2019-11-24 12:00:00+00:00,11,2,90,0,0.0
2019-11-24 12:00:00+00:00,11,3,62,0,0.0
2019-11-24 12:00:00+00:00,12,1,43,0,0.0
2019-11-24 12:00:00+00:00,12,2,85,0,0.0
2019-11-24 12:00:00+00:00,12,3,97,0,0.0
2019-11-24 12:00:00+00:00,13,1,82,0,0.0
2019-11-24 12:00:00+00:00,13,2,42,1,34.000000000000064
2019-11-24 12:00:00+00:00,13,3,80,1,34.000000000000064
2019-11-24 12:00:00+00:00,14,1,24,0,0.0
2019-11-24 12:00:00+00:00,14,2,94,0,0.0
2019-11-24 12:00:00+00:00,14,3,50,0,0.0
2019-11-24 12:00:00+00:00,15,1,38,3,102.0000000000002
2019-11-24 12:00:00+00:00,15,2,105,0,0.0
2019-11-24 12:00:00+00:00,15,3,38,3,102.0000000000002
2019-11-24 12:00:00+00:00,16,1,43,0,0.0
2019-11-24 12:00:00+00:00,16,2,60,0,0.0
2019-11-24 12:00:00+00:00,16,3,53,0,0.0
2019-11-24 12:00:00+00:00,17,1,78,0,0.0
2019-11-24 12:00:00+00:00,17,2,96,0,0.0
2019-11-24 12:00:00+00:00,17,3,76,0,0.0
2019-11-24 12:00:00+00:00,18,1,33,1,34.000000000000064
2019-11-24 12:00:00+00:00,18,2,61,0,0.0
2019-11-24 12:00:00+00:00,18,3,52,0,0.0
2019-11-24 12:00:00+00:00,19,1,61,0,0.0
2019-11-24 12:00:00+00:00,19,2,43,0,0.0
2019-11-24 12:00:00+00:00,19,3,58,0,0.0
2019-11-24 12:00:00+00:00,20,1,59,0,0.0
2019-11-24 12:00:00+00:00,20,2,62,3,102.0000000000002
2019-11-24 12:00:00+00:00,20,3,61,0,0.0
2019-11-24 12:00:00+00:00,21,1,108,0,0.0
2019-11-24 12:00:00+00:00,21,2,92,1,34.000000000000064
2019-11-24 12:00:00+00:00,21,3,85,0,0.0
2019-11-24 12:00:00+00:00,22,1,100,1,34.000000000000064
2019-11-24 12:00:00+00:00,22,2,71,0,0.0
2019-11-24 12:00:00+00:00,22,3,49,3,102.0000000000002
2019-11-24 12:00:00+00:00,23,1,70,3,102.0000000000002
2019-11-24 12:00:00+00:00,23,2,28,0,0.0
2019-11-24 12:00:00+00:00,23,3,72,0,0.0
2019-11-24 12:00:00+00:00,24,1,64,0,0.0
2019-11-24 12:00:00+00:00,24,2,84,0,0.0
2019-11-24 12:00:00+00:00,24,3,64,0,0.0
2019-11-24 12:00:00+00:00,25,1,89,0,0.0
2019-11-24 12:00:00+00:00,25,2,71,0,0.0
2019-11-24 12:00:00+00:00,25,3,109,0,0.0
2019-11-24 12:00:00+00:00,26,1,83,0,0.0
2019-11-24 12:00:00+00:00,26,2,77,3,102.0000000000002
2019-11-24 12:00:00+00:00,26,3,23,0,0.0
2019-11-24 12:00:00+00:00,27,1,56,0,0.0
2019-11-24 12:00:00+00:00,27,2,102,0,0.0
2019-11-24 12:00:00+00:00,27,3,90,1,34.000000000000064
2019-11-24 12:00:00+00:00,28,1,63,0,0.0
2019-11-24 12:00:00+00:00,28,2,58,2,68.00000000000013
2019-11-24 12:00:00+00:00,28,3,27,1,34.000000000000064
2019-11-24 12:00:00+00:00,29,1,53,0,0.0
2019-11-24 12:00:00+00:00,29,2,36,0,0.0
2019-11-24 12:00:00+00:00,29,3,57,0,0.0
2019-11-24 12:00:00+00:00,30,1,24,0,0.0
2019-11-24 12:00:00+00:00,30,2,76,3,102.0000000000002
2019-11-24 12:00:00+00:00,30,3,68,0,0.0
2019-11-24 12:00:00+00:00,31,1,81,0,0.0
2019-11-24 12:00:00+00:00,31,2,31,0,0.0
2019-11-24 12:00:00+00:00,31,3,73,4,136.00000000000026
2019-11-24 12:00:00+00:00,32,1,77,0,0.0
2019-11-24 12:00:00+00:00,32,2,47,0,0.0
2019-11-24 12:00:00+00:00,32,3,101,0,0.0
2019-11-24 12:00:00+00:00,33,1,84,0,0.0
2019-11-24 12:00:00+00:00,33,2,28,0,0.0
2019-11-24 12:00:00+00:00,33,3,120,0,0.0
2019-11-24 13:00:00+00:00,0,1,38,0,0.0
2019-11-24 13:00:00+00:00,0,2,95,0,0.0
2019-11-24 13:00:00+00:00,0,3,40,0,0.0
2019-11-24 13:00:00+00:00,1,1,52,0,0.0
2019-11-24 13:00:00+00:00,1,2,72,0,0.0
2019-11-24 13:00:00+00:00,1,3,23,0,0.0
2019-11-24 13:00:00+00:00,2,1,40,2,68.00000000000013
2019-11-24 13:00:00+00:00,2,2,65,0,0.0
2019-11-24 13:00:00+00:00,2,3,88,0,0.0
2019-11-24 13:00:00+00:00,3,1,56,0,0.0
2019-11-24 13:00:00+00:00,3,2,68,0,0.0
2019-11-24 13:00:00+00:00,3,3,46,0,0.0
2019-11-24 13:00:00+00:00,4,1,74,0,0.0
2019-11-24 13:00:00+00:00,4,2,90,0,0.0
2019-11-24 13:00:00+00:00,4,3,70,0,0.0
2019-11-24 13:00:00+00:00,5,1,81,0,0.0
2019-11-24 13:00:00+00:00,5,2,86,1,34.000000000000064
2019-11-24 13:00:00+00:00,5,3,69,0,0.0
2019-11-24 13:00:00+00:00,6,1,75,1,34.000000000000064
2019-11-24 13:00:00+00:00,6,2,62,0,0.0
2019-11-24 13:00:00+00:00,6,3,87,0,0.0
2019-11-24 13:00:00+00:00,7,1,79,0,0.0
2019-11-24 13:00:00+00:00,7,2,71,0,0.0
2019-11-24 13:00:00+00:00,7,3,48,0,0.0
2019-11-24 13:00:00+00:00,8,1,87,0,0.0
2019-11-24 13:00:00+00:00,8,2,51,0,0.0
2019-11-24 13:00:00+00:00,8,3,98,0,0.0
2019-11-24 13:00:00+00:00,9,1,75,0,0.0
2019-11-24 13:00:00+00:00,9,2,66,0,0.0
2019-11-24 13:00:00+00:00,9,3,47,0,0.0
2019-11-24 13:00:00+00:00,10,1,45,0,0.0
2019-11-24 13:00:00+00:00,10,2,72,0,0.0
2019-11-24 13:00:00+00:00,10,3,54,0,0.0
2019-11-24 13:00:00+00:00,11,1,64,0,0.0
2019-11-24 13:00:00+00:00,11,2,99,0,0.0
2019-11-24 13:00:00+00:00,11,3,51,3,102.0000000000002
2019-11-24 13:00:00+00:00,12,1,15,0,0.0
2019-11-24 13:00:00+00:00,12,2,47,0,0.0
2019-11-24 13:00:00+00:00,12,3,85,0,0.0
2019-11-24 13:00:00+00:00,13,1,55,0,0.0
2019-11-24 13:00:00+00:00,13,2,36,0,0.0
2019-11-24 13:00:00+00:00,13,3,78,1,34.000000000000064
2019-11-24 13:00:00+00:00,14,1,43,0,0.0
2019-11-24 13:00:00+00:00,14,2,48,0,0.0
2019-11-24 13:00:00+00:00,14,3,77,0,0.0
2019-11-24 13:00:00+00:00,15,1,74,0,0.0
2019-11-24 13:00:00+00:00,15,2,93,0,0.0
2019-11-24 13:00:00+00:00,15,3,68,0,0.0
2019-11-24 13:00:00+00:00,16,1,69,0,0.0
2019-11-24 13:00:00+00:00,16,2,17,0,0.0
2019-11-24 13:00:00+00:00,16,3,85,0,0.0
2019-11-24 13:00:00+00:00,17,1,78,0,0.0
2019-11-24 13:00:00+00:00,17,2,61,1,34.000000000000064
2019-11-24 13:00:00+00:00,17,3,55,0,0.0
2019-11-24 13:00:00+00:00,18,1,50,0,0.0
2019-11-24 13:00:00+00:00,18,2,62,0,0.0
2019-11-24 13:00:00+00:00,18,3,78,0,0.0
2019-11-24 13:00:00+00:00,19,1,30,0,0.0
2019-11-24 13:00:00+00:00,19,2,70,5,170.0000000000003
2019-11-24 13:00:00+00:00,19,3,91,0,0.0
2019-11-24 13:00:00+00:00,20,1,77,4,136.00000000000026
2019-11-24 13:00:00+00:00,20,2,46,0,0.0
2019-11-24 13:00:00+00:00,20,3,58,1,34.000000000000064
2019-11-24 13:00:00+00:00,21,1,77,0,0.0
2019-11-24 13:00:00+00:00,21,2,103,0,0.0
2019-11-24 13:00:00+00:00,21,3,86,0,0.0
2019-11-24 13:00:00+00:00,22,1,74,0,0.0
2019-11-24 13:00:00+00:00,22,2,32,0,0.0
2019-11-24 13:00:00+00:00,22,3,59,1,34.000000000000064
2019-11-24 13:00:00+00:00,23,1,16,0,0.0
2019-11-24 13:00:00+00:00,23,2,96,0,0.0
2019-11-24 13:00:00+00:00,23,3,69,0,0.0
2019-11-24 13:00:00+00:00,24,1,131,1,34.000000000000064
2019-11-24 13:00:00+00:00,24,2,78,0,0.0
2019-11-24 13:00:00+00:00,24,3,66,0,0.0
2019-11-24 13:00:00+00:00,25,1,90,0,0.0
2019-11-24 13:00:00+00:00,25,2,42,0,0.0
2019-11-24 13:00:00+00:00,25,3,66,0,0.0
2019-11-24 13:00:00+00:00,26,1,64,0,0.0
2019-11-24 13:00:00+00:00,26,2,82,0,0.0
2019-11-24 13:00:00+00:00,26,3,64,0,0.0
2019-11-24 13:00:00+00:00,27,1,109,0,0.0
2019-11-24 13:00:00+00:00,27,2,34,0,0.0
2019-11-24 13:00:00+00:00,27,3,89,0,0.0
2019-11-24 13:00:00+00:00,28,1,87,2,68.00000000000013
2019-11-24 13:00:00+00:00,28,2,122,0,0.0
2019-11-24 13:00:00+00:00,28,3,80,0,0.0
2019-11-24 13:00:00+00:00,29,1,56,0,0.0
2019-11-24 13:00:00+00:00,29,2,42,0,0.0
2019-11-24 13:00:00+00:00,29,3,57,0,0.0
2019-11-24 13:00:00+00:00,30,1,87,3,102.0000000000002
2019-11-24 13:00:00+00:00,30,2,90,0,0.0
2019-11-24 13:00:00+00:00,30,3,40,0,0.0
2019-11-24 13:00:00+00:00,31,1,57,0,0.0
2019-11-24 13:00:00+00:00,31,2,22,0,0.0
2019-11-24 13:00:00+00:00,31,3,39,0,0.0
2019-11-24 13:00:00+00:00,32,1,66,0,0.0
2019-11-24 13:00:00+00:00,32,2,69,0,0.0
2019-11-24 13:00:00+00:00,32,3,91,0,0.0
2019-11-24 13:00:00+00:00,33,1,89,0,0.0
2019-11-24 13:00:00+00:00,33,2,72,0,0.0
2019-11-24 13:00:00+00:00,33,3,58,0,0.0
2019-11-24 14:00:00+00:00,0,1,82,0,0.0
2019-11-24 14:00:00+00:00,0,2,36,0,0.0
2019-11-24 14:00:00+00:00,0,3,17,0,0.0
2019-11-24 14:00:00+00:00,1,1,69,0,0.0
2019-11-24 14:00:00+00:00,1,2,60,0,0.0
2019-11-24 14:00:00+00:00,1,3,76,0,0.0
2019-11-24 14:00:00+00:00,2,1,85,1,34.000000000000064
2019-11-24 14:00:00+00:00,2,2,58,0,0.0
2019-11-24 14:00:00+00:00,2,3,35,0,0.0
2019-11-24 14:00:00+00:00,3,1,38,0,0.0
2019-11-24 14:00:00+00:00,3,2,75,0,0.0
2019-11-24 14:00:00+00:00,3,3,83,0,0.0
2019-11-24 14:00:00+00:00,4,1,28,0,0.0
2019-11-24 14:00:00+00:00,4,2,33,0,0.0
2019-11-24 14:00:00+00:00,4,3,62,0,0.0
2019-11-24 14:00:00+00:00,5,1,87,0,0.0
2019-11-24 14:00:00+00:00,5,2,52,1,34.000000000000064
2019-11-24 14:00:00+00:00,5,3,93,0,0.0
2019-11-24 14:00:00+00:00,6,1,69,0,0.0
2019-11-24 14:00:00+00:00,6,2,31,1,34.000000000000064
2019-11-24 14:00:00+00:00,6,3,45,0,0.0
2019-11-24 14:00:00+00:00,7,1,78,0,0.0
2019-11-24 14:00:00+00:00,7,2,116,3,102.0000000000002
2019-11-24 14:00:00+00:00,7,3,56,0,0.0
2019-11-24 14:00:00+00:00,8,1,38,0,0.0
2019-11-24 14:00:00+00:00,8,2,66,1,34.000000000000064
2019-11-24 14:00:00+00:00,8,3,98,1,34.000000000000064
2019-11-24 14:00:00+00:00,9,1,50,0,0.0
2019-11-24 14:00:00+00:00,9,2,47,0,0.0
2019-11-24 14:00:00+00:00,9,3,98,0,0.0
2019-11-24 14:00:00+00:00,10,1,42,1,34.000000000000064
2019-11-24 14:00:00+00:00,10,2,49,0,0.0
2019-11-24 14:00:00+00:00,10,3,55,0,0.0
2019-11-24 14:00:00+00:00,11,1,37,1,34.000000000000064
2019-11-24 14:00:00+00:00,11,2,51,0,0.0
2019-11-24 14:00:00+00:00,11,3,57,0,0.0
2019-11-24 14:00:00+00:00,12,1,112,0,0.0
2019-11-24 14:00:00+00:00,12,2,26,0,0.0
2019-11-24 14:00:00+00:00,12,3,77,0,0.0
2019-11-24 14:00:00+00:00,13,1,74,0,0.0
2019-11-24 14:00:00+00:00,13,2,90,2,68.00000000000013
2019-11-24 14:00:00+00:00,13,3,54,0,0.0
2019-11-24 14:00:00+00:00,14,1,31,0,0.0
2019-11-24 14:00:00+00:00,14,2,79,0,0.0
2019-11-24 14:00:00+00:00,14,3,39,0,0.0
2019-11-24 14:00:00+00:00,15,1,114,0,0.0
2019-11-24 14:00:00+00:00,15,2,58,0,0.0
2019-11-24 14:00:00+00:00,15,3,58,0,0.0
2019-11-24 14:00:00+00:00,16,1,75,0,0.0
2019-11-24 14:00:00+00:00,16,2,35,0,0.0
2019-11-24 14:00:00+00:00,16,3,33,0,0.0
2019-11-24 14:00:00+00:00,17,1,57,6,204.0000000000004
2019-11-24 14:00:00+00:00,17,2,52,0,0.0
2019-11-24 14:00:00+00:00,17,3,143,2,68.00000000000013
2019-11-24 14:00:00+00:00,18,1,54,0,0.0
2019-11-24 14:00:00+00:00,18,2,97,0,0.0
2019-11-24 14:00:00+00:00,18,3,49,5,170.0000000000003
2019-11-24 14:00:00+00:00,19,1,117,1,34.000000000000064
2019-11-24 14:00:00+00:00,19,2,38,0,0.0
2019-11-24 14:00:00+00:00,19,3,65,0,0.0
2019-11-24 14:00:00+00:00,20,1,25,0,0.0
2019-11-24 14:00:00+00:00,20,2,101,4,136.00000000000026
2019-11-24 14:00:00+00:00,20,3,98,0,0.0
2019-11-24 14:00:00+00:00,21,1,37,0,0.0
2019-11-24 14:00:00+00:00,21,2,58,0,0.0
2019-11-24 14:00:00+00:00,21,3,54,0,0.0
2019-11-24 14:00:00+00:00,22,1,73,0,0.0
2019-11-24 14:00:00+00:00,22,2,61,8,272.0000000000005
2019-11-24 14:00:00+00:00,22,3,75,0,0.0
2019-11-24 14:00:00+00:00,23,1,25,0,0.0
2019-11-24 14:00:00+00:00,23,2,63,0,0.0
2019-11-24 14:00:00+00:00,23,3,28,0,0.0
2019-11-24 14:00:00+00:00,24,1,74,0,0.0
2019-11-24 14:00:00+00:00,24,2,61,1,34.000000000000064
2019-11-24 14:00:00+00:00,24,3,53,1,34.000000000000064
2019-11-24 14:00:00+00:00,25,1,74,0,0.0
2019-11-24 14:00:00+00:00,25,2,56,0,0.0
2019-11-24 14:00:00+00:00,25,3,83,0,0.0
2019-11-24 14:00:00+00:00,26,1,73,0,0.0
2019-11-24 14:00:00+00:00,26,2,95,0,0.0
2019-11-24 14:00:00+00:00,26,3,31,0,0.0
2019-11-24 14:00:00+00:00,27,1,70,1,34.000000000000064
2019-11-24 14:00:00+00:00,27,2,84,1,34.000000000000064
2019-11-24 14:00:00+00:00,27,3,86,0,0.0
2019-11-24 14:00:00+00:00,28,1,61,0,0.0
2019-11-24 14:00:00+00:00,28,2,64,0,0.0
2019-11-24 14:00:00+00:00,28,3,52,1,34.000000000000064
2019-11-24 14:00:00+00:00,29,1,77,0,0.0
2019-11-24 14:00:00+00:00,29,2,106,0,0.0
2019-11-24 14:00:00+00:00,29,3,45,0,0.0
2019-11-24 14:00:00+00:00,30,1,78,0,0.0
2019-11-24 14:00:00+00:00,30,2,53,0,0.0
2019-11-24 14:00:00+00:00,30,3,42,0,0.0
2019-11-24 14:00:00+00:00,31,1,34,0,0.0
2019-11-24 14:00:00+00:00,31,2,32,0,0.0
2019-11-24 14:00:00+00:00,31,3,46,6,204.0000000000004
2019-11-24 14:00:00+00:00,32,1,26,0,0.0
2019-11-24 14:00:00+00:00,32,2,48,0,0.0
2019-11-24 14:00:00+00:00,32,3,77,0,0.0
2019-11-24 14:00:00+00:00,33,1,56,0,0.0
2019-11-24 14:00:00+00:00,33,2,91,1,34.000000000000064
2019-11-24 14:00:00+00:00,33,3,61,0,0.0
2019-11-24 15:00:00+00:00,0,1,68,1,34.000000000000064
2019-11-24 15:00:00+00:00,0,2,44,1,34.000000000000064
2019-11-24 15:00:00+00:00,0,3,28,0,0.0
2019-11-24 15:00:00+00:00,1,1,60,3,102.0000000000002
2019-11-24 15:00:00+00:00,1,2,39,1,34.000000000000064
2019-11-24 15:00:00+00:00,1,3,29,0,0.0
2019-11-24 15:00:00+00:00,2,1,65,0,0.0
2019-11-24 15:00:00+00:00,2,2,50,0,0.0
2019-11-24 15:00:00+00:00,2,3,37,0,0.0
2019-11-24 15:00:00+00:00,3,1,60,0,0.0
2019-11-24 15:00:00+00:00,3,2,54,0,0.0
2019-11-24 15:00:00+00:00,3,3,26,1,34.000000000000064
2019-11-24 15:00:00+00:00,4,1,60,0,0.0
2019-11-24 15:00:00+00:00,4,2,38,0,0.0
2019-11-24 15:00:00+00:00,4,3,47,0,0.0
2019-11-24 15:00:00+00:00,5,1,59,0,0.0
2019-11-24 15:00:00+00:00,5,2,19,0,0.0
2019-11-24 15:00:00+00:00,5,3,88,0,0.0
2019-11-24 15:00:00+00:00,6,1,22,0,0.0
2019-11-24 15:00:00+00:00,6,2,35,1,34.000000000000064
2019-11-24 15:00:00+00:00,6,3,68,0,0.0
2019-11-24 15:00:00+00:00,7,1,55,0,0.0
2019-11-24 15:00:00+00:00,7,2,87,1,34.000000000000064
2019-11-24 15:00:00+00:00,7,3,41,0,0.0
2019-11-24 15:00:00+00:00,8,1,91,0,0.0
2019-11-24 15:00:00+00:00,8,2,53,0,0.0
2019-11-24 15:00:00+00:00,8,3,9,0,0.0
2019-11-24 15:00:00+00:00,9,1,74,0,0.0
2019-11-24 15:00:00+00:00,9,2,47,0,0.0
2019-11-24 15:00:00+00:00,9,3,33,0,0.0
2019-11-24 15:00:00+00:00,10,1,37,0,0.0
2019-11-24 15:00:00+00:00,10,2,47,0,0.0
2019-11-24 15:00:00+00:00,10,3,62,0,0.0
2019-11-24 15:00:00+00:00,11,1,75,1,34.000000000000064
2019-11-24 15:00:00+00:00,11,2,43,0,0.0
2019-11-24 15:00:00+00:00,11,3,49,0,0.0
2019-11-24 15:00:00+00:00,12,1,15,0,0.0
2019-11-24 15:00:00+00:00,12,2,38,0,0.0
2019-11-24 15:00:00+00:00,12,3,26,0,0.0
2019-11-24 15:00:00+00:00,13,1,33,0,0.0
2019-11-24 15:00:00+00:00,13,2,45,1,34.000000000000064
2019-11-24 15:00:00+00:00,13,3,78,0,0.0
2019-11-24 15:00:00+00:00,14,1,70,2,68.00000000000013
2019-11-24 15:00:00+00:00,14,2,71,0,0.0
2019-11-24 15:00:00+00:00,14,3,31,0,0.0
2019-11-24 15:00:00+00:00,15,1,24,0,0.0
2019-11-24 15:00:00+00:00,15,2,30,1,34.000000000000064
2019-11-24 15:00:00+00:00,15,3,51,0,0.0
2019-11-24 15:00:00+00:00,16,1,16,0,0.0
2019-11-24 15:00:00+00:00,16,2,61,0,0.0
2019-11-24 15:00:00+00:00,16,3,37,0,0.0
2019-11-24 15:00:00+00:00,17,1,13,0,0.0
2019-11-24 15:00:00+00:00,17,2,41,0,0.0
2019-11-24 15:00:00+00:00,17,3,29,0,0.0
2019-11-24 15:00:00+00:00,18,1,16,0,0.0
2019-11-24 15:00:00+00:00,18,2,32,0,0.0
2019-11-24 15:00:00+00:00,18,3,40,0,0.0
2019-11-24 15:00:00+00:00,19,1,37,0,0.0
2019-11-24 15:00:00+00:00,19,2,59,0,0.0
2019-11-24 15:00:00+00:00,19,3,47,0,0.0
2019-11-24 15:00:00+00:00,20,1,8,0,0.0
2019-11-24 15:00:00+00:00,20,2,42,0,0.0
2019-11-24 15:00:00+00:00,20,3,28,0,0.0
2019-11-24 15:00:00+00:00,21,1,63,0,0.0
2019-11-24 15:00:00+00:00,21,2,18,0,0.0
2019-11-24 15:00:00+00:00,21,3,54,0,0.0
2019-11-24 15:00:00+00:00,22,1,49,0,0.0
2019-11-24 15:00:00+00:00,22,2,68,0,0.0
2019-11-24 15:00:00+00:00,22,3,52,0,0.0
2019-11-24 15:00:00+00:00,23,1,33,2,68.00000000000013
2019-11-24 15:00:00+00:00,23,2,53,0,0.0
2019-11-24 15:00:00+00:00,23,3,33,0,0.0
2019-11-24 15:00:00+00:00,24,1,45,0,0.0
2019-11-24 15:00:00+00:00,24,2,56,0,0.0
2019-11-24 15:00:00+00:00,24,3,55,0,0.0
2019-11-24 15:00:00+00:00,25,1,42,0,0.0
2019-11-24 15:00:00+00:00,25,2,38,1,34.000000000000064
2019-11-24 15:00:00+00:00,25,3,17,0,0.0
2019-11-24 15:00:00+00:00,26,1,53,0,0.0
2019-11-24 15:00:00+00:00,26,2,30,0,0.0
2019-11-24 15:00:00+00:00,26,3,76,1,34.000000000000064
2019-11-24 15:00:00+00:00,27,1,44,2,68.00000000000013
2019-11-24 15:00:00+00:00,27,2,32,1,34.000000000000064
2019-11-24 15:00:00+00:00,27,3,71,4,136.00000000000026
2019-11-24 15:00:00+00:00,28,1,20,0,0.0
2019-11-24 15:00:00+00:00,28,2,65,0,0.0
2019-11-24 15:00:00+00:00,28,3,43,0,0.0
2019-11-24 15:00:00+00:00,29,1,42,0,0.0
2019-11-24 15:00:00+00:00,29,2,40,0,0.0
2019-11-24 15:00:00+00:00,29,3,41,0,0.0
2019-11-24 15:00:00+00:00,30,1,41,1,34.000000000000064
2019-11-24 15:00:00+00:00,30,2,67,0,0.0
2019-11-24 15:00:00+00:00,30,3,87,0,0.0
2019-11-24 15:00:00+00:00,31,1,71,0,0.0
2019-11-24 15:00:00+00:00,31,2,31,0,0.0
2019-11-24 15:00:00+00:00,31,3,46,0,0.0
2019-11-24 15:00:00+00:00,32,1,57,6,204.0000000000004
2019-11-24 15:00:00+00:00,32,2,48,0,0.0
2019-11-24 15:00:00+00:00,32,3,56,1,34.000000000000064
2019-11-24 15:00:00+00:00,33,1,42,0,0.0
2019-11-24 15:00:00+00:00,33,2,40,0,0.0
2019-11-24 15:00:00+00:00,33,3,46,0,0.0
2019-11-24 16:00:00+00:00,0,1,13,0,0.0
2019-11-24 16:00:00+00:00,0,2,7,0,0.0
2019-11-24 16:00:00+00:00,0,3,6,0,0.0
2019-11-24 16:00:00+00:00,1,1,13,0,0.0
2019-11-24 16:00:00+00:00,1,2,16,0,0.0
2019-11-24 16:00:00+00:00,1,3,20,0,0.0
2019-11-24 16:00:00+00:00,2,1,20,0,0.0
2019-11-24 16:00:00+00:00,2,2,13,0,0.0
2019-11-24 16:00:00+00:00,2,3,9,0,0.0
2019-11-24 16:00:00+00:00,3,1,25,0,0.0
2019-11-24 16:00:00+00:00,3,2,25,0,0.0
2019-11-24 16:00:00+00:00,3,3,11,0,0.0
2019-11-24 16:00:00+00:00,4,2,29,0,0.0
2019-11-24 16:00:00+00:00,4,3,24,1,34.000000000000064
2019-11-24 16:00:00+00:00,5,1,8,0,0.0
2019-11-24 16:00:00+00:00,5,2,23,0,0.0
2019-11-24 16:00:00+00:00,5,3,22,0,0.0
2019-11-24 16:00:00+00:00,6,1,33,1,34.000000000000064
2019-11-24 16:00:00+00:00,6,2,30,0,0.0
2019-11-24 16:00:00+00:00,6,3,19,0,0.0
2019-11-24 16:00:00+00:00,7,1,32,0,0.0
2019-11-24 16:00:00+00:00,7,2,29,2,68.00000000000013
2019-11-24 16:00:00+00:00,7,3,12,0,0.0
2019-11-24 16:00:00+00:00,8,1,41,0,0.0
2019-11-24 16:00:00+00:00,8,2,19,0,0.0
2019-11-24 16:00:00+00:00,8,3,22,0,0.0
2019-11-24 16:00:00+00:00,9,1,33,1,34.000000000000064
2019-11-24 16:00:00+00:00,9,2,30,0,0.0
2019-11-24 16:00:00+00:00,9,3,30,0,0.0
2019-11-24 16:00:00+00:00,10,1,15,0,0.0
2019-11-24 16:00:00+00:00,10,2,6,1,34.000000000000064
2019-11-24 16:00:00+00:00,10,3,16,0,0.0
2019-11-24 16:00:00+00:00,11,1,16,0,0.0
2019-11-24 16:00:00+00:00,11,2,35,0,0.0
2019-11-24 16:00:00+00:00,11,3,29,0,0.0
2019-11-24 16:00:00+00:00,12,1,25,0,0.0
2019-11-24 16:00:00+00:00,12,2,24,0,0.0
2019-11-24 16:00:00+00:00,12,3,24,0,0.0
2019-11-24 16:00:00+00:00,13,1,10,0,0.0
2019-11-24 16:00:00+00:00,13,2,25,0,0.0
2019-11-24 16:00:00+00:00,13,3,35,0,0.0
2019-11-24 16:00:00+00:00,14,1,26,0,0.0
2019-11-24 16:00:00+00:00,14,2,7,0,0.0
2019-11-24 16:00:00+00:00,14,3,3,0,0.0
2019-11-24 16:00:00+00:00,15,1,1,0,0.0
2019-11-24 16:00:00+00:00,15,2,13,0,0.0
2019-11-24 16:00:00+00:00,15,3,9,0,0.0
2019-11-24 16:00:00+00:00,16,1,9,0,0.0
2019-11-24 16:00:00+00:00,16,2,4,0,0.0
2019-11-24 16:00:00+00:00,16,3,13,0,0.0
2019-11-24 16:00:00+00:00,17,1,36,0,0.0
2019-11-24 16:00:00+00:00,17,2,8,0,0.0
2019-11-24 16:00:00+00:00,17,3,28,0,0.0
2019-11-24 16:00:00+00:00,18,1,17,0,0.0
2019-11-24 16:00:00+00:00,18,2,15,0,0.0
2019-11-24 16:00:00+00:00,18,3,11,0,0.0
2019-11-24 16:00:00+00:00,19,1,10,0,0.0
2019-11-24 16:00:00+00:00,19,2,11,0,0.0
2019-11-24 16:00:00+00:00,19,3,38,0,0.0
2019-11-24 16:00:00+00:00,20,1,26,0,0.0
2019-11-24 16:00:00+00:00,20,2,27,0,0.0
2019-11-24 16:00:00+00:00,20,3,10,0,0.0
2019-11-24 16:00:00+00:00,21,1,8,0,0.0
2019-11-24 16:00:00+00:00,21,2,19,5,170.0000000000003
2019-11-24 16:00:00+00:00,21,3,25,0,0.0
2019-11-24 16:00:00+00:00,22,1,14,0,0.0
2019-11-24 16:00:00+00:00,22,2,22,1,34.000000000000064
2019-11-24 16:00:00+00:00,22,3,33,0,0.0
2019-11-24 16:00:00+00:00,23,1,14,0,0.0
2019-11-24 16:00:00+00:00,23,2,24,1,34.000000000000064
2019-11-24 16:00:00+00:00,23,3,27,0,0.0
2019-11-24 16:00:00+00:00,24,1,17,0,0.0
2019-11-24 16:00:00+00:00,24,2,47,0,0.0
2019-11-24 16:00:00+00:00,24,3,14,0,0.0
2019-11-24 16:00:00+00:00,25,1,39,0,0.0
2019-11-24 16:00:00+00:00,25,2,16,0,0.0
2019-11-24 16:00:00+00:00,25,3,51,0,0.0
2019-11-24 16:00:00+00:00,26,3,39,2,68.00000000000013
2019-11-24 16:00:00+00:00,27,1,53,0,0.0
2019-11-24 16:00:00+00:00,27,2,25,0,0.0
2019-11-24 16:00:00+00:00,27,3,15,0,0.0
2019-11-24 16:00:00+00:00,28,1,22,0,0.0
2019-11-24 16:00:00+00:00,28,2,19,0,0.0
2019-11-24 16:00:00+00:00,28,3,10,0,0.0
2019-11-24 16:00:00+00:00,29,1,18,0,0.0
2019-11-24 16:00:00+00:00,29,2,36,1,34.000000000000064
2019-11-24 16:00:00+00:00,29,3,31,0,0.0
2019-11-24 16:00:00+00:00,30,1,26,0,0.0
2019-11-24 16:00:00+00:00,30,2,10,0,0.0
2019-11-24 16:00:00+00:00,30,3,3,0,0.0
2019-11-24 16:00:00+00:00,31,1,15,0,0.0
2019-11-24 16:00:00+00:00,31,2,6,1,34.000000000000064
2019-11-24 16:00:00+00:00,31,3,12,0,0.0
2019-11-24 16:00:00+00:00,32,1,56,0,0.0
2019-11-24 16:00:00+00:00,32,2,29,0,0.0
2019-11-24 16:00:00+00:00,32,3,15,0,0.0
2019-11-24 16:00:00+00:00,33,1,1,0,0.0
2019-11-24 16:00:00+00:00,33,2,43,0,0.0
2019-11-24 16:00:00+00:00,33,3,26,0,0.0
2019-11-24 17:00:00+00:00,0,1,12,0,0.0
2019-11-24 17:00:00+00:00,1,1,7,0,0.0
2019-11-24 17:00:00+00:00,1,2,3,0,0.0
2019-11-24 17:00:00+00:00,2,2,12,0,0.0
2019-11-24 17:00:00+00:00,2,3,11,0,0.0
2019-11-24 17:00:00+00:00,3,3,27,0,0.0
2019-11-24 17:00:00+00:00,4,1,16,0,0.0
2019-11-24 17:00:00+00:00,4,2,16,0,0.0
2019-11-24 17:00:00+00:00,4,3,16,0,0.0
2019-11-24 17:00:00+00:00,5,2,9,0,0.0
2019-11-24 17:00:00+00:00,5,3,12,0,0.0
2019-11-24 17:00:00+00:00,6,1,13,0,0.0
2019-11-24 17:00:00+00:00,6,2,27,0,0.0
2019-11-24 17:00:00+00:00,7,1,22,0,0.0
2019-11-24 17:00:00+00:00,7,2,4,0,0.0
2019-11-24 17:00:00+00:00,7,3,19,0,0.0
2019-11-24 17:00:00+00:00,8,1,4,0,0.0
2019-11-24 17:00:00+00:00,8,2,26,0,0.0
2019-11-24 17:00:00+00:00,8,3,8,0,0.0
2019-11-24 17:00:00+00:00,9,1,5,0,0.0
2019-11-24 17:00:00+00:00,9,2,26,0,0.0
2019-11-24 17:00:00+00:00,9,3,7,0,0.0
2019-11-24 17:00:00+00:00,10,1,17,0,0.0
2019-11-24 17:00:00+00:00,10,2,7,0,0.0
2019-11-24 17:00:00+00:00,10,3,12,0,0.0
2019-11-24 17:00:00+00:00,11,1,6,0,0.0
2019-11-24 17:00:00+00:00,12,1,10,0,0.0
2019-11-24 17:00:00+00:00,12,2,22,0,0.0
2019-11-24 17:00:00+00:00,12,3,6,0,0.0
2019-11-24 17:00:00+00:00,13,1,4,0,0.0
2019-11-24 17:00:00+00:00,14,1,4,0,0.0
2019-11-24 17:00:00+00:00,14,3,11,0,0.0
2019-11-24 17:00:00+00:00,15,1,6,0,0.0
2019-11-24 17:00:00+00:00,15,2,20,0,0.0
2019-11-24 17:00:00+00:00,15,3,2,0,0.0
2019-11-24 17:00:00+00:00,16,1,28,0,0.0
2019-11-24 17:00:00+00:00,16,2,28,0,0.0
2019-11-24 17:00:00+00:00,16,3,6,0,0.0
2019-11-24 17:00:00+00:00,17,1,10,0,0.0
2019-11-24 17:00:00+00:00,17,2,13,0,0.0
2019-11-24 17:00:00+00:00,17,3,19,0,0.0
2019-11-24 17:00:00+00:00,18,1,8,0,0.0
2019-11-24 17:00:00+00:00,18,2,3,0,0.0
2019-11-24 17:00:00+00:00,19,2,21,0,0.0
2019-11-24 17:00:00+00:00,19,3,2,0,0.0
2019-11-24 17:00:00+00:00,20,1,11,0,0.0
2019-11-24 17:00:00+00:00,20,2,13,0,0.0
2019-11-24 17:00:00+00:00,20,3,20,0,0.0
2019-11-24 17:00:00+00:00,21,1,23,0,0.0
2019-11-24 17:00:00+00:00,21,2,9,0,0.0
2019-11-24 17:00:00+00:00,21,3,6,0,0.0
2019-11-24 17:00:00+00:00,22,1,9,0,0.0
2019-11-24 17:00:00+00:00,22,2,6,0,0.0
2019-11-24 17:00:00+00:00,22,3,14,0,0.0
2019-11-24 17:00:00+00:00,23,1,26,0,0.0
2019-11-24 17:00:00+00:00,23,3,11,0,0.0
2019-11-24 17:00:00+00:00,24,1,5,0,0.0
2019-11-24 17:00:00+00:00,24,3,11,0,0.0
2019-11-24 17:00:00+00:00,25,1,24,0,0.0
2019-11-24 17:00:00+00:00,25,3,16,0,0.0
2019-11-24 17:00:00+00:00,26,1,10,0,0.0
2019-11-24 17:00:00+00:00,26,2,8,0,0.0
2019-11-24 17:00:00+00:00,26,3,24,0,0.0
2019-11-24 17:00:00+00:00,27,1,11,0,0.0
2019-11-24 17:00:00+00:00,27,2,3,0,0.0
2019-11-24 17:00:00+00:00,27,3,10,0,0.0
2019-11-24 17:00:00+00:00,28,1,12,0,0.0
2019-11-24 17:00:00+00:00,28,2,19,0,0.0
2019-11-24 17:00:00+00:00,28,3,27,0,0.0
2019-11-24 17:00:00+00:00,29,1,5,0,0.0
2019-11-24 17:00:00+00:00,29,2,1,0,0.0
2019-11-24 17:00:00+00:00,29,3,17,0,0.0
2019-11-24 17:00:00+00:00,30,1,10,0,0.0
2019-11-24 17:00:00+00:00,30,2,6,0,0.0
2019-11-24 17:00:00+00:00,30,3,6,0,0.0
2019-11-24 17:00:00+00:00,31,1,20,0,0.0
2019-11-24 17:00:00+00:00,31,2,22,0,0.0
2019-11-24 17:00:00+00:00,31,3,11,1,34.000000000000064
2019-11-24 17:00:00+00:00,32,1,7,0,0.0
2019-11-24 17:00:00+00:00,32,2,17,0,0.0
2019-11-24 17:00:00+00:00,32,3,7,0,0.0
2019-11-24 17:00:00+00:00,33,1,9,0,0.0
2019-11-24 17:00:00+00:00,33,2,11,0,0.0
2019-11-24 17:00:00+00:00,33,3,14,1,34.000000000000064
2019-11-24 18:00:00+00:00,0,1,2,0,0.0
2019-11-24 18:00:00+00:00,0,2,3,0,0.0
2019-11-24 18:00:00+00:00,0,3,5,0,0.0
2019-11-24 18:00:00+00:00,1,1,9,0,0.0
2019-11-24 18:00:00+00:00,1,2,3,0,0.0
2019-11-24 18:00:00+00:00,1,3,7,0,0.0
2019-11-24 18:00:00+00:00,2,1,2,0,0.0
2019-11-24 18:00:00+00:00,2,2,13,0,0.0
2019-11-24 18:00:00+00:00,2,3,16,0,0.0
2019-11-24 18:00:00+00:00,3,1,5,0,0.0
2019-11-24 18:00:00+00:00,3,2,4,0,0.0
2019-11-24 18:00:00+00:00,3,3,7,0,0.0
2019-11-24 18:00:00+00:00,4,1,3,0,0.0
2019-11-24 18:00:00+00:00,4,2,5,0,0.0
2019-11-24 18:00:00+00:00,4,3,3,0,0.0
2019-11-24 18:00:00+00:00,5,1,4,0,0.0
2019-11-24 18:00:00+00:00,5,2,8,0,0.0
2019-11-24 18:00:00+00:00,5,3,11,0,0.0
2019-11-24 18:00:00+00:00,6,1,4,0,0.0
2019-11-24 18:00:00+00:00,6,2,10,0,0.0
2019-11-24 18:00:00+00:00,6,3,8,0,0.0
2019-11-24 18:00:00+00:00,7,3,4,0,0.0
2019-11-24 18:00:00+00:00,8,1,13,0,0.0
2019-11-24 18:00:00+00:00,8,2,3,0,0.0
2019-11-24 18:00:00+00:00,8,3,3,0,0.0
2019-11-24 18:00:00+00:00,9,2,1,0,0.0
2019-11-24 18:00:00+00:00,9,3,7,0,0.0
2019-11-24 18:00:00+00:00,10,1,15,0,0.0
2019-11-24 18:00:00+00:00,10,2,4,0,0.0
2019-11-24 18:00:00+00:00,10,3,2,0,0.0
2019-11-24 18:00:00+00:00,11,1,3,0,0.0
2019-11-24 18:00:00+00:00,11,3,11,0,0.0
2019-11-24 18:00:00+00:00,12,1,3,0,0.0
2019-11-24 18:00:00+00:00,12,2,4,0,0.0
2019-11-24 18:00:00+00:00,12,3,2,0,0.0
2019-11-24 18:00:00+00:00,13,1,7,0,0.0
2019-11-24 18:00:00+00:00,13,2,2,0,0.0
2019-11-24 18:00:00+00:00,13,3,8,0,0.0
2019-11-24 18:00:00+00:00,14,2,16,0,0.0
2019-11-24 18:00:00+00:00,14,3,9,0,0.0
2019-11-24 18:00:00+00:00,15,1,8,0,0.0
2019-11-24 18:00:00+00:00,15,2,1,0,0.0
2019-11-24 18:00:00+00:00,15,3,10,0,0.0
2019-11-24 18:00:00+00:00,16,1,4,0,0.0
2019-11-24 18:00:00+00:00,16,2,5,0,0.0
2019-11-24 18:00:00+00:00,16,3,10,0,0.0
2019-11-24 18:00:00+00:00,17,1,10,0,0.0
2019-11-24 18:00:00+00:00,17,2,4,0,0.0
2019-11-24 18:00:00+00:00,17,3,7,0,0.0
2019-11-24 18:00:00+00:00,18,1,4,0,0.0
2019-11-24 18:00:00+00:00,18,2,14,0,0.0
2019-11-24 18:00:00+00:00,18,3,4,0,0.0
2019-11-24 18:00:00+00:00,19,1,13,0,0.0
2019-11-24 18:00:00+00:00,19,2,4,0,0.0
2019-11-24 18:00:00+00:00,19,3,7,0,0.0
2019-11-24 18:00:00+00:00,20,1,17,0,0.0
2019-11-24 18:00:00+00:00,20,2,12,0,0.0
2019-11-24 18:00:00+00:00,20,3,7,0,0.0
2019-11-24 18:00:00+00:00,21,1,6,0,0.0
2019-11-24 18:00:00+00:00,21,2,8,0,0.0
2019-11-24 18:00:00+00:00,21,3,14,1,34.000000000000064
2019-11-24 18:00:00+00:00,22,1,7,0,0.0
2019-11-24 18:00:00+00:00,22,2,2,0,0.0
2019-11-24 18:00:00+00:00,23,1,9,0,0.0
2019-11-24 18:00:00+00:00,23,2,8,1,34.000000000000064
2019-11-24 18:00:00+00:00,23,3,7,1,34.000000000000064
2019-11-24 18:00:00+00:00,24,1,15,0,0.0
2019-11-24 18:00:00+00:00,24,2,3,0,0.0
2019-11-24 18:00:00+00:00,24,3,9,0,0.0
2019-11-24 18:00:00+00:00,25,2,17,0,0.0
2019-11-24 18:00:00+00:00,26,1,9,0,0.0
2019-11-24 18:00:00+00:00,26,2,11,0,0.0
2019-11-24 18:00:00+00:00,27,1,6,0,0.0
2019-11-24 18:00:00+00:00,27,2,11,2,68.00000000000013
2019-11-24 18:00:00+00:00,27,3,7,0,0.0
2019-11-24 18:00:00+00:00,28,1,11,0,0.0
2019-11-24 18:00:00+00:00,28,2,6,0,0.0
2019-11-24 18:00:00+00:00,28,3,6,0,0.0
2019-11-24 18:00:00+00:00,29,1,5,0,0.0
2019-11-24 18:00:00+00:00,29,2,10,1,34.000000000000064
2019-11-24 18:00:00+00:00,29,3,8,0,0.0
2019-11-24 18:00:00+00:00,30,1,23,0,0.0
2019-11-24 18:00:00+00:00,30,2,1,0,0.0
2019-11-24 18:00:00+00:00,30,3,5,0,0.0
2019-11-24 18:00:00+00:00,31,2,5,0,0.0
2019-11-24 18:00:00+00:00,31,3,3,0,0.0
2019-11-24 18:00:00+00:00,32,1,2,0,0.0
2019-11-24 18:00:00+00:00,32,2,2,0,0.0
2019-11-24 18:00:00+00:00,32,3,9,0,0.0
2019-11-24 18:00:00+00:00,33,1,4,0,0.0
2019-11-24 18:00:00+00:00,33,2,24,0,0.0
2019-11-24 18:00:00+00:00,33,3,7,0,0.0
2019-11-24 19:00:00+00:00,0,2,12,2,68.00000000000013
2019-11-24 19:00:00+00:00,0,3,6,0,0.0
2019-11-24 19:00:00+00:00,1,1,8,0,0.0
2019-11-24 19:00:00+00:00,1,2,9,0,0.0
2019-11-24 19:00:00+00:00,1,3,9,0,0.0
2019-11-24 19:00:00+00:00,2,1,3,0,0.0
2019-11-24 19:00:00+00:00,2,2,3,0,0.0
2019-11-24 19:00:00+00:00,2,3,5,0,0.0
2019-11-24 19:00:00+00:00,3,2,2,0,0.0
2019-11-24 19:00:00+00:00,3,3,1,0,0.0
2019-11-24 19:00:00+00:00,4,1,7,0,0.0
2019-11-24 19:00:00+00:00,4,2,4,0,0.0
2019-11-24 19:00:00+00:00,4,3,4,0,0.0
2019-11-24 19:00:00+00:00,5,2,4,0,0.0
2019-11-24 19:00:00+00:00,5,3,3,0,0.0
2019-11-24 19:00:00+00:00,6,1,4,0,0.0
2019-11-24 19:00:00+00:00,6,2,2,0,0.0
2019-11-24 19:00:00+00:00,6,3,1,0,0.0
2019-11-24 19:00:00+00:00,7,2,3,0,0.0
2019-11-24 19:00:00+00:00,7,3,2,0,0.0
2019-11-24 19:00:00+00:00,8,1,3,0,0.0
2019-11-24 19:00:00+00:00,8,2,11,0,0.0
2019-11-24 19:00:00+00:00,8,3,5,0,0.0
2019-11-24 19:00:00+00:00,9,1,3,0,0.0
2019-11-24 19:00:00+00:00,9,2,7,0,0.0
2019-11-24 19:00:00+00:00,9,3,2,0,0.0
2019-11-24 19:00:00+00:00,10,1,6,0,0.0
2019-11-24 19:00:00+00:00,10,2,1,0,0.0
2019-11-24 19:00:00+00:00,10,3,12,3,102.0000000000002
2019-11-24 19:00:00+00:00,11,2,13,0,0.0
2019-11-24 19:00:00+00:00,11,3,5,0,0.0
2019-11-24 19:00:00+00:00,12,1,20,0,0.0
2019-11-24 19:00:00+00:00,12,2,1,0,0.0
2019-11-24 19:00:00+00:00,13,1,3,0,0.0
2019-11-24 19:00:00+00:00,13,2,1,0,0.0
2019-11-24 19:00:00+00:00,13,3,7,0,0.0
2019-11-24 19:00:00+00:00,14,1,9,0,0.0
2019-11-24 19:00:00+00:00,14,2,7,0,0.0
2019-11-24 19:00:00+00:00,14,3,2,0,0.0
2019-11-24 19:00:00+00:00,15,1,1,0,0.0
2019-11-24 19:00:00+00:00,15,3,6,0,0.0
2019-11-24 19:00:00+00:00,16,1,6,0,0.0
2019-11-24 19:00:00+00:00,16,2,3,0,0.0
2019-11-24 19:00:00+00:00,16,3,2,0,0.0
2019-11-24 19:00:00+00:00,17,2,5,0,0.0
2019-11-24 19:00:00+00:00,17,3,4,0,0.0
2019-11-24 19:00:00+00:00,18,1,9,0,0.0
2019-11-24 19:00:00+00:00,18,2,2,0,0.0
2019-11-24 19:00:00+00:00,18,3,10,0,0.0
2019-11-24 19:00:00+00:00,19,1,2,0,0.0
2019-11-24 19:00:00+00:00,19,2,4,0,0.0
2019-11-24 19:00:00+00:00,19,3,7,0,0.0
2019-11-24 19:00:00+00:00,20,1,6,0,0.0
2019-11-24 19:00:00+00:00,20,2,1,0,0.0
2019-11-24 19:00:00+00:00,20,3,1,0,0.0
2019-11-24 19:00:00+00:00,21,1,6,0,0.0
2019-11-24 19:00:00+00:00,21,2,12,0,0.0
2019-11-24 19:00:00+00:00,21,3,10,0,0.0
2019-11-24 19:00:00+00:00,22,1,4,0,0.0
2019-11-24 19:00:00+00:00,22,2,7,0,0.0
2019-11-24 19:00:00+00:00,22,3,1,0,0.0
2019-11-24 19:00:00+00:00,23,1,1,0,0.0
2019-11-24 19:00:00+00:00,23,2,13,0,0.0
2019-11-24 19:00:00+00:00,24,1,8,0,0.0
2019-11-24 19:00:00+00:00,24,3,8,0,0.0
2019-11-24 19:00:00+00:00,25,1,10,0,0.0
2019-11-24 19:00:00+00:00,25,2,4,0,0.0
2019-11-24 19:00:00+00:00,25,3,1,0,0.0
2019-11-24 19:00:00+00:00,26,1,10,0,0.0
2019-11-24 19:00:00+00:00,26,2,1,0,0.0
2019-11-24 19:00:00+00:00,26,3,5,0,0.0
2019-11-24 19:00:00+00:00,27,1,5,0,0.0
2019-11-24 19:00:00+00:00,27,2,3,0,0.0
2019-11-24 19:00:00+00:00,27,3,2,0,0.0
2019-11-24 19:00:00+00:00,28,1,4,0,0.0
2019-11-24 19:00:00+00:00,28,3,13,0,0.0
2019-11-24 19:00:00+00:00,29,2,6,0,0.0
2019-11-24 19:00:00+00:00,29,3,2,0,0.0
2019-11-24 19:00:00+00:00,30,1,2,0,0.0
2019-11-24 19:00:00+00:00,30,2,2,0,0.0
2019-11-24 19:00:00+00:00,30,3,8,0,0.0
2019-11-24 19:00:00+00:00,31,1,9,0,0.0
2019-11-24 19:00:00+00:00,31,3,1,0,0.0
2019-11-24 19:00:00+00:00,32,1,3,0,0.0
2019-11-24 19:00:00+00:00,32,2,8,0,0.0
2019-11-24 19:00:00+00:00,32,3,4,0,0.0
2019-11-24 19:00:00+00:00,33,1,1,0,0.0
2019-11-24 19:00:00+00:00,33,2,2,0,0.0
2019-11-24 19:00:00+00:00,33,3,4,0,0.0
2019-11-24 20:00:00+00:00,0,2,8,0,0.0
2019-11-24 20:00:00+00:00,0,3,2,0,0.0
2019-11-24 20:00:00+00:00,1,2,8,0,0.0
2019-11-24 20:00:00+00:00,1,3,10,0,0.0
2019-11-24 20:00:00+00:00,2,1,4,0,0.0
2019-11-24 20:00:00+00:00,2,3,14,0,0.0
2019-11-24 20:00:00+00:00,3,1,4,0,0.0
2019-11-24 20:00:00+00:00,3,2,3,0,0.0
2019-11-24 20:00:00+00:00,3,3,6,0,0.0
2019-11-24 20:00:00+00:00,4,1,14,0,0.0
2019-11-24 20:00:00+00:00,4,2,3,0,0.0
2019-11-24 20:00:00+00:00,5,1,7,0,0.0
2019-11-24 20:00:00+00:00,5,2,8,0,0.0
2019-11-24 20:00:00+00:00,5,3,7,0,0.0
2019-11-24 20:00:00+00:00,6,1,4,0,0.0
2019-11-24 20:00:00+00:00,6,3,5,0,0.0
2019-11-24 20:00:00+00:00,7,1,3,0,0.0
2019-11-24 20:00:00+00:00,7,2,10,0,0.0
2019-11-24 20:00:00+00:00,7,3,3,0,0.0
2019-11-24 20:00:00+00:00,8,1,7,0,0.0
2019-11-24 20:00:00+00:00,9,1,3,0,0.0
2019-11-24 20:00:00+00:00,9,2,5,0,0.0
2019-11-24 20:00:00+00:00,9,3,4,0,0.0
2019-11-24 20:00:00+00:00,10,1,6,0,0.0
2019-11-24 20:00:00+00:00,10,2,11,0,0.0
2019-11-24 20:00:00+00:00,10,3,6,0,0.0
2019-11-24 20:00:00+00:00,11,1,11,0,0.0
2019-11-24 20:00:00+00:00,11,3,11,0,0.0
2019-11-24 20:00:00+00:00,12,1,4,0,0.0
2019-11-24 20:00:00+00:00,12,2,3,0,0.0
2019-11-24 20:00:00+00:00,12,3,8,0,0.0
2019-11-24 20:00:00+00:00,13,1,9,0,0.0
2019-11-24 20:00:00+00:00,13,3,9,0,0.0
2019-11-24 20:00:00+00:00,14,2,8,0,0.0
2019-11-24 20:00:00+00:00,14,3,4,0,0.0
2019-11-24 20:00:00+00:00,15,1,7,0,0.0
2019-11-24 20:00:00+00:00,15,2,19,0,0.0
2019-11-24 20:00:00+00:00,15,3,13,0,0.0
2019-11-24 20:00:00+00:00,16,1,1,0,0.0
2019-11-24 20:00:00+00:00,16,3,4,0,0.0
2019-11-24 20:00:00+00:00,17,1,10,0,0.0
2019-11-24 20:00:00+00:00,17,2,5,0,0.0
2019-11-24 20:00:00+00:00,18,1,6,0,0.0
2019-11-24 20:00:00+00:00,18,2,7,0,0.0
2019-11-24 20:00:00+00:00,18,3,4,0,0.0
2019-11-24 20:00:00+00:00,19,1,10,0,0.0
2019-11-24 20:00:00+00:00,19,3,4,0,0.0
2019-11-24 20:00:00+00:00,20,3,2,0,0.0
2019-11-24 20:00:00+00:00,21,1,13,0,0.0
2019-11-24 20:00:00+00:00,21,2,2,0,0.0
2019-11-24 20:00:00+00:00,21,3,9,0,0.0
2019-11-24 20:00:00+00:00,22,1,1,0,0.0
2019-11-24 20:00:00+00:00,22,2,6,0,0.0
2019-11-24 20:00:00+00:00,22,3,2,0,0.0
2019-11-24 20:00:00+00:00,23,1,1,0,0.0
2019-11-24 20:00:00+00:00,23,2,4,0,0.0
2019-11-24 20:00:00+00:00,23,3,11,0,0.0
2019-11-24 20:00:00+00:00,24,2,5,0,0.0
2019-11-24 20:00:00+00:00,24,3,1,0,0.0
2019-11-24 20:00:00+00:00,25,1,10,0,0.0
2019-11-24 20:00:00+00:00,25,2,4,0,0.0
2019-11-24 20:00:00+00:00,26,1,7,0,0.0
2019-11-24 20:00:00+00:00,26,2,1,0,0.0
2019-11-24 20:00:00+00:00,26,3,5,0,0.0
2019-11-24 20:00:00+00:00,27,1,5,0,0.0
2019-11-24 20:00:00+00:00,27,2,8,0,0.0
2019-11-24 20:00:00+00:00,27,3,1,0,0.0
2019-11-24 20:00:00+00:00,28,1,5,0,0.0
2019-11-24 20:00:00+00:00,28,2,10,0,0.0
2019-11-24 20:00:00+00:00,28,3,9,0,0.0
2019-11-24 20:00:00+00:00,29,1,4,0,0.0
2019-11-24 20:00:00+00:00,29,3,6,0,0.0
2019-11-24 20:00:00+00:00,30,1,1,0,0.0
2019-11-24 20:00:00+00:00,30,2,4,0,0.0
2019-11-24 20:00:00+00:00,30,3,6,0,0.0
2019-11-24 20:00:00+00:00,31,1,8,0,0.0
2019-11-24 20:00:00+00:00,31,2,1,0,0.0
2019-11-24 20:00:00+00:00,31,3,1,0,0.0
2019-11-24 20:00:00+00:00,32,1,2,0,0.0
2019-11-24 20:00:00+00:00,32,2,6,0,0.0
2019-11-24 20:00:00+00:00,33,2,18,0,0.0
2019-11-24 20:00:00+00:00,33,3,2,0,0.0
2019-11-24 21:00:00+00:00,0,1,5,0,0.0
2019-11-24 21:00:00+00:00,0,3,28,1,34.000000000000064
2019-11-24 21:00:00+00:00,1,1,15,0,0.0
2019-11-24 21:00:00+00:00,1,2,13,0,0.0
2019-11-24 21:00:00+00:00,2,1,11,0,0.0
2019-11-24 21:00:00+00:00,2,2,11,0,0.0
2019-11-24 21:00:00+00:00,2,3,13,0,0.0
2019-11-24 21:00:00+00:00,3,1,14,0,0.0
2019-11-24 21:00:00+00:00,3,2,10,0,0.0
2019-11-24 21:00:00+00:00,3,3,9,0,0.0
2019-11-24 21:00:00+00:00,4,1,8,0,0.0
2019-11-24 21:00:00+00:00,4,2,1,0,0.0
2019-11-24 21:00:00+00:00,4,3,19,0,0.0
2019-11-24 21:00:00+00:00,5,2,2,0,0.0
2019-11-24 21:00:00+00:00,5,3,25,4,136.00000000000026
2019-11-24 21:00:00+00:00,6,1,11,0,0.0
2019-11-24 21:00:00+00:00,6,3,11,0,0.0
2019-11-24 21:00:00+00:00,7,1,14,0,0.0
2019-11-24 21:00:00+00:00,7,2,28,0,0.0
2019-11-24 21:00:00+00:00,7,3,8,0,0.0
2019-11-24 21:00:00+00:00,8,2,10,0,0.0
2019-11-24 21:00:00+00:00,8,3,13,2,68.00000000000013
2019-11-24 21:00:00+00:00,9,2,1,0,0.0
2019-11-24 21:00:00+00:00,9,3,9,0,0.0
2019-11-24 21:00:00+00:00,10,1,15,0,0.0
2019-11-24 21:00:00+00:00,10,2,3,0,0.0
2019-11-24 21:00:00+00:00,10,3,24,0,0.0
2019-11-24 21:00:00+00:00,11,1,18,0,0.0
2019-11-24 21:00:00+00:00,11,2,6,0,0.0
2019-11-24 21:00:00+00:00,11,3,3,0,0.0
2019-11-24 21:00:00+00:00,12,1,4,0,0.0
2019-11-24 21:00:00+00:00,12,2,11,0,0.0
2019-11-24 21:00:00+00:00,12,3,18,1,34.000000000000064
2019-11-24 21:00:00+00:00,13,1,20,0,0.0
2019-11-24 21:00:00+00:00,13,2,5,0,0.0
2019-11-24 21:00:00+00:00,14,1,13,0,0.0
2019-11-24 21:00:00+00:00,14,2,5,0,0.0
2019-11-24 21:00:00+00:00,14,3,6,0,0.0
2019-11-24 21:00:00+00:00,15,1,29,0,0.0
2019-11-24 21:00:00+00:00,15,2,23,0,0.0
2019-11-24 21:00:00+00:00,15,3,29,0,0.0
2019-11-24 21:00:00+00:00,16,1,16,0,0.0
2019-11-24 21:00:00+00:00,16,2,6,0,0.0
2019-11-24 21:00:00+00:00,17,1,10,0,0.0
2019-11-24 21:00:00+00:00,17,2,12,0,0.0
2019-11-24 21:00:00+00:00,18,1,8,0,0.0
2019-11-24 21:00:00+00:00,18,2,5,0,0.0
2019-11-24 21:00:00+00:00,18,3,7,0,0.0
2019-11-24 21:00:00+00:00,19,1,6,0,0.0
2019-11-24 21:00:00+00:00,19,2,25,1,34.000000000000064
2019-11-24 21:00:00+00:00,19,3,2,0,0.0
2019-11-24 21:00:00+00:00,20,1,3,0,0.0
2019-11-24 21:00:00+00:00,20,2,13,0,0.0
2019-11-24 21:00:00+00:00,20,3,12,0,0.0
2019-11-24 21:00:00+00:00,21,1,8,0,0.0
2019-11-24 21:00:00+00:00,21,3,4,0,0.0
2019-11-24 21:00:00+00:00,22,1,9,0,0.0
2019-11-24 21:00:00+00:00,22,2,18,0,0.0
2019-11-24 21:00:00+00:00,22,3,4,0,0.0
2019-11-24 21:00:00+00:00,23,1,16,0,0.0
2019-11-24 21:00:00+00:00,23,2,6,0,0.0
2019-11-24 21:00:00+00:00,23,3,11,0,0.0
2019-11-24 21:00:00+00:00,24,1,14,0,0.0
2019-11-24 21:00:00+00:00,24,2,12,0,0.0
2019-11-24 21:00:00+00:00,24,3,22,0,0.0
2019-11-24 21:00:00+00:00,25,1,16,0,0.0
2019-11-24 21:00:00+00:00,25,2,17,0,0.0
2019-11-24 21:00:00+00:00,25,3,12,0,0.0
2019-11-24 21:00:00+00:00,26,1,11,0,0.0
2019-11-24 21:00:00+00:00,26,2,18,2,68.00000000000013
2019-11-24 21:00:00+00:00,26,3,9,0,0.0
2019-11-24 21:00:00+00:00,27,2,24,0,0.0
2019-11-24 21:00:00+00:00,27,3,12,0,0.0
2019-11-24 21:00:00+00:00,28,1,15,0,0.0
2019-11-24 21:00:00+00:00,28,2,3,0,0.0
2019-11-24 21:00:00+00:00,28,3,7,0,0.0
2019-11-24 21:00:00+00:00,29,1,5,0,0.0
2019-11-24 21:00:00+00:00,29,2,16,0,0.0
2019-11-24 21:00:00+00:00,29,3,5,0,0.0
2019-11-24 21:00:00+00:00,30,2,17,0,0.0
2019-11-24 21:00:00+00:00,30,3,1,0,0.0
2019-11-24 21:00:00+00:00,31,1,8,0,0.0
2019-11-24 21:00:00+00:00,31,2,16,0,0.0
2019-11-24 21:00:00+00:00,31,3,4,0,0.0
2019-11-24 21:00:00+00:00,32,1,5,0,0.0
2019-11-24 21:00:00+00:00,32,2,4,0,0.0
2019-11-24 21:00:00+00:00,32,3,13,0,0.0
2019-11-24 21:00:00+00:00,33,1,18,0,0.0
2019-11-24 21:00:00+00:00,33,2,4,0,0.0
2019-11-24 21:00:00+00:00,33,3,5,0,0.0
2019-11-24 22:00:00+00:00,0,2,11,0,0.0
2019-11-24 22:00:00+00:00,0,3,4,0,0.0
2019-11-24 22:00:00+00:00,1,1,15,0,0.0
2019-11-24 22:00:00+00:00,1,2,6,0,0.0
2019-11-24 22:00:00+00:00,1,3,7,0,0.0
2019-11-24 22:00:00+00:00,2,1,19,0,0.0
2019-11-24 22:00:00+00:00,2,2,12,0,0.0
2019-11-24 22:00:00+00:00,2,3,42,0,0.0
2019-11-24 22:00:00+00:00,3,1,11,0,0.0
2019-11-24 22:00:00+00:00,3,2,15,0,0.0
2019-11-24 22:00:00+00:00,3,3,9,0,0.0
2019-11-24 22:00:00+00:00,4,1,5,0,0.0
2019-11-24 22:00:00+00:00,4,2,9,0,0.0
2019-11-24 22:00:00+00:00,4,3,8,0,0.0
2019-11-24 22:00:00+00:00,5,1,16,0,0.0
2019-11-24 22:00:00+00:00,6,1,25,0,0.0
2019-11-24 22:00:00+00:00,6,2,22,0,0.0
2019-11-24 22:00:00+00:00,6,3,14,0,0.0
2019-11-24 22:00:00+00:00,7,1,14,0,0.0
2019-11-24 22:00:00+00:00,7,2,7,0,0.0
2019-11-24 22:00:00+00:00,7,3,8,0,0.0
2019-11-24 22:00:00+00:00,8,1,15,0,0.0
2019-11-24 22:00:00+00:00,8,2,15,0,0.0
2019-11-24 22:00:00+00:00,8,3,4,0,0.0
2019-11-24 22:00:00+00:00,9,1,4,0,0.0
2019-11-24 22:00:00+00:00,9,2,38,0,0.0
2019-11-24 22:00:00+00:00,9,3,17,0,0.0
2019-11-24 22:00:00+00:00,10,1,7,0,0.0
2019-11-24 22:00:00+00:00,10,2,16,0,0.0
2019-11-24 22:00:00+00:00,10,3,4,0,0.0
2019-11-24 22:00:00+00:00,11,1,31,0,0.0
2019-11-24 22:00:00+00:00,11,2,31,0,0.0
2019-11-24 22:00:00+00:00,11,3,41,0,0.0
2019-11-24 22:00:00+00:00,12,1,7,0,0.0
2019-11-24 22:00:00+00:00,12,2,5,0,0.0
2019-11-24 22:00:00+00:00,12,3,13,0,0.0
2019-11-24 22:00:00+00:00,13,1,16,0,0.0
2019-11-24 22:00:00+00:00,13,2,16,0,0.0
2019-11-24 22:00:00+00:00,13,3,11,0,0.0
2019-11-24 22:00:00+00:00,14,1,6,0,0.0
2019-11-24 22:00:00+00:00,14,2,19,0,0.0
2019-11-24 22:00:00+00:00,14,3,15,0,0.0
2019-11-24 22:00:00+00:00,15,1,9,0,0.0
2019-11-24 22:00:00+00:00,15,2,21,0,0.0
2019-11-24 22:00:00+00:00,15,3,3,0,0.0
2019-11-24 22:00:00+00:00,16,1,17,2,68.00000000000013
2019-11-24 22:00:00+00:00,16,2,21,0,0.0
2019-11-24 22:00:00+00:00,16,3,9,0,0.0
2019-11-24 22:00:00+00:00,17,1,7,0,0.0
2019-11-24 22:00:00+00:00,17,2,9,0,0.0
2019-11-24 22:00:00+00:00,17,3,10,0,0.0
2019-11-24 22:00:00+00:00,18,1,7,3,102.0000000000002
2019-11-24 22:00:00+00:00,18,2,11,0,0.0
2019-11-24 22:00:00+00:00,18,3,11,0,0.0
2019-11-24 22:00:00+00:00,19,1,9,0,0.0
2019-11-24 22:00:00+00:00,19,2,13,0,0.0
2019-11-24 22:00:00+00:00,19,3,15,0,0.0
2019-11-24 22:00:00+00:00,20,1,14,0,0.0
2019-11-24 22:00:00+00:00,20,3,12,0,0.0
2019-11-24 22:00:00+00:00,21,1,6,0,0.0
2019-11-24 22:00:00+00:00,21,2,8,0,0.0
2019-11-24 22:00:00+00:00,21,3,30,0,0.0
2019-11-24 22:00:00+00:00,22,1,16,1,34.000000000000064
2019-11-24 22:00:00+00:00,22,2,22,0,0.0
2019-11-24 22:00:00+00:00,22,3,4,0,0.0
2019-11-24 22:00:00+00:00,23,1,15,6,204.0000000000004
2019-11-24 22:00:00+00:00,23,2,16,1,34.000000000000064
2019-11-24 22:00:00+00:00,23,3,14,0,0.0
2019-11-24 22:00:00+00:00,24,1,12,0,0.0
2019-11-24 22:00:00+00:00,24,2,3,0,0.0
2019-11-24 22:00:00+00:00,24,3,44,0,0.0
2019-11-24 22:00:00+00:00,25,1,8,0,0.0
2019-11-24 22:00:00+00:00,25,2,26,0,0.0
2019-11-24 22:00:00+00:00,25,3,7,0,0.0
2019-11-24 22:00:00+00:00,26,1,39,0,0.0
2019-11-24 22:00:00+00:00,26,2,18,0,0.0
2019-11-24 22:00:00+00:00,26,3,25,0,0.0
2019-11-24 22:00:00+00:00,27,1,5,0,0.0
2019-11-24 22:00:00+00:00,27,2,7,0,0.0
2019-11-24 22:00:00+00:00,27,3,14,0,0.0
2019-11-24 22:00:00+00:00,28,1,5,0,0.0
2019-11-24 22:00:00+00:00,28,2,5,0,0.0
2019-11-24 22:00:00+00:00,28,3,21,0,0.0
2019-11-24 22:00:00+00:00,29,1,1,0,0.0
2019-11-24 22:00:00+00:00,29,2,12,0,0.0
2019-11-24 22:00:00+00:00,29,3,1,0,0.0
2019-11-24 22:00:00+00:00,30,1,19,0,0.0
2019-11-24 22:00:00+00:00,30,2,15,0,0.0
2019-11-24 22:00:00+00:00,30,3,12,0,0.0
2019-11-24 22:00:00+00:00,31,1,22,0,0.0
2019-11-24 22:00:00+00:00,31,2,5,0,0.0
2019-11-24 22:00:00+00:00,31,3,1,0,0.0
2019-11-24 22:00:00+00:00,32,2,14,0,0.0
2019-11-24 22:00:00+00:00,32,3,12,0,0.0
2019-11-24 22:00:00+00:00,33,1,49,0,0.0
2019-11-24 22:00:00+00:00,33,3,6,0,0.0
2019-11-24 23:00:00+00:00,0,1,38,1,34.000000000000064
2019-11-24 23:00:00+00:00,0,2,25,0,0.0
2019-11-24 23:00:00+00:00,0,3,1,0,0.0
2019-11-24 23:00:00+00:00,1,1,18,0,0.0
2019-11-24 23:00:00+00:00,1,2,13,0,0.0
2019-11-24 23:00:00+00:00,1,3,15,0,0.0
2019-11-24 23:00:00+00:00,2,1,30,1,34.000000000000064
2019-11-24 23:00:00+00:00,2,2,22,0,0.0
2019-11-24 23:00:00+00:00,2,3,8,0,0.0
2019-11-24 23:00:00+00:00,3,1,11,0,0.0
2019-11-24 23:00:00+00:00,3,2,28,0,0.0
2019-11-24 23:00:00+00:00,4,1,8,0,0.0
2019-11-24 23:00:00+00:00,4,2,8,0,0.0
2019-11-24 23:00:00+00:00,4,3,17,0,0.0
2019-11-24 23:00:00+00:00,5,1,5,0,0.0
2019-11-24 23:00:00+00:00,5,2,25,0,0.0
2019-11-24 23:00:00+00:00,5,3,14,2,68.00000000000013
2019-11-24 23:00:00+00:00,6,1,46,0,0.0
2019-11-24 23:00:00+00:00,6,2,19,0,0.0
2019-11-24 23:00:00+00:00,6,3,14,0,0.0
2019-11-24 23:00:00+00:00,7,1,39,0,0.0
2019-11-24 23:00:00+00:00,7,2,21,0,0.0
2019-11-24 23:00:00+00:00,7,3,6,0,0.0
2019-11-24 23:00:00+00:00,8,1,8,0,0.0
2019-11-24 23:00:00+00:00,8,2,4,0,0.0
2019-11-24 23:00:00+00:00,9,1,13,0,0.0
2019-11-24 23:00:00+00:00,9,2,25,1,34.000000000000064
2019-11-24 23:00:00+00:00,9,3,18,0,0.0
2019-11-24 23:00:00+00:00,10,1,19,0,0.0
2019-11-24 23:00:00+00:00,10,2,10,0,0.0
2019-11-24 23:00:00+00:00,10,3,7,0,0.0
2019-11-24 23:00:00+00:00,11,1,9,0,0.0
2019-11-24 23:00:00+00:00,11,3,17,0,0.0
2019-11-24 23:00:00+00:00,12,1,29,0,0.0
2019-11-24 23:00:00+00:00,12,2,7,0,0.0
2019-11-24 23:00:00+00:00,12,3,5,0,0.0
2019-11-24 23:00:00+00:00,13,1,9,0,0.0
2019-11-24 23:00:00+00:00,13,2,9,0,0.0
2019-11-24 23:00:00+00:00,13,3,29,2,68.00000000000013
2019-11-24 23:00:00+00:00,14,1,1,0,0.0
2019-11-24 23:00:00+00:00,14,2,17,0,0.0
2019-11-24 23:00:00+00:00,14,3,29,0,0.0
2019-11-24 23:00:00+00:00,15,1,27,0,0.0
2019-11-24 23:00:00+00:00,15,2,26,0,0.0
2019-11-24 23:00:00+00:00,15,3,14,0,0.0
2019-11-24 23:00:00+00:00,16,1,7,0,0.0
2019-11-24 23:00:00+00:00,16,3,15,0,0.0
2019-11-24 23:00:00+00:00,17,1,11,0,0.0
2019-11-24 23:00:00+00:00,17,2,3,0,0.0
2019-11-24 23:00:00+00:00,17,3,14,0,0.0
2019-11-24 23:00:00+00:00,18,1,10,0,0.0
2019-11-24 23:00:00+00:00,18,2,19,0,0.0
2019-11-24 23:00:00+00:00,18,3,19,0,0.0
2019-11-24 23:00:00+00:00,19,1,9,0,0.0
2019-11-24 23:00:00+00:00,19,2,14,0,0.0
2019-11-24 23:00:00+00:00,19,3,6,0,0.0
2019-11-24 23:00:00+00:00,20,1,8,0,0.0
2019-11-24 23:00:00+00:00,20,2,15,1,34.000000000000064
2019-11-24 23:00:00+00:00,20,3,7,0,0.0
2019-11-24 23:00:00+00:00,21,1,21,0,0.0
2019-11-24 23:00:00+00:00,21,3,15,0,0.0
2019-11-24 23:00:00+00:00,22,1,17,0,0.0
2019-11-24 23:00:00+00:00,22,2,42,0,0.0
2019-11-24 23:00:00+00:00,22,3,12,0,0.0
2019-11-24 23:00:00+00:00,23,1,5,0,0.0
2019-11-24 23:00:00+00:00,23,2,20,0,0.0
2019-11-24 23:00:00+00:00,23,3,18,0,0.0
2019-11-24 23:00:00+00:00,24,1,15,0,0.0
2019-11-24 23:00:00+00:00,24,2,33,0,0.0
2019-11-24 23:00:00+00:00,24,3,30,0,0.0
2019-11-24 23:00:00+00:00,25,2,23,0,0.0
2019-11-24 23:00:00+00:00,25,3,8,0,0.0
2019-11-24 23:00:00+00:00,26,1,7,0,0.0
2019-11-24 23:00:00+00:00,26,2,9,0,0.0
2019-11-24 23:00:00+00:00,26,3,31,0,0.0
2019-11-24 23:00:00+00:00,27,2,38,0,0.0
2019-11-24 23:00:00+00:00,27,3,20,0,0.0
2019-11-24 23:00:00+00:00,28,1,20,0,0.0
2019-11-24 23:00:00+00:00,28,2,11,0,0.0
2019-11-24 23:00:00+00:00,28,3,3,0,0.0
2019-11-24 23:00:00+00:00,29,1,14,0,0.0
2019-11-24 23:00:00+00:00,29,2,4,0,0.0
2019-11-24 23:00:00+00:00,29,3,30,0,0.0
2019-11-24 23:00:00+00:00,30,1,9,0,0.0
2019-11-24 23:00:00+00:00,30,2,11,0,0.0
2019-11-24 23:00:00+00:00,30,3,24,0,0.0
2019-11-24 23:00:00+00:00,31,1,40,0,0.0
2019-11-24 23:00:00+00:00,31,3,4,0,0.0
2019-11-24 23:00:00+00:00,32,1,8,0,0.0
2019-11-24 23:00:00+00:00,32,2,10,0,0.0
2019-11-24 23:00:00+00:00,32,3,32,0,0.0
2019-11-24 23:00:00+00:00,33,1,9,0,0.0
2019-11-24 23:00:00+00:00,33,2,9,0,0.0
2019-11-24 23:00:00+00:00,33,3,38,0,0.0
2019-11-25 00:00:00+00:00,0,1,28,0,0.0
2019-11-25 00:00:00+00:00,0,2,24,0,0.0
2019-11-25 00:00:00+00:00,0,3,8,0,0.0
2019-11-25 00:00:00+00:00,1,1,40,0,0.0
2019-11-25 00:00:00+00:00,1,2,11,0,0.0
2019-11-25 00:00:00+00:00,1,3,1,0,0.0
2019-11-25 00:00:00+00:00,2,1,41,3,102.0000000000002
2019-11-25 00:00:00+00:00,2,3,8,0,0.0
2019-11-25 00:00:00+00:00,3,1,16,1,34.000000000000064
2019-11-25 00:00:00+00:00,3,2,9,0,0.0
2019-11-25 00:00:00+00:00,3,3,51,0,0.0
2019-11-25 00:00:00+00:00,4,1,24,0,0.0
2019-11-25 00:00:00+00:00,4,3,16,0,0.0
2019-11-25 00:00:00+00:00,5,1,39,0,0.0
2019-11-25 00:00:00+00:00,5,2,32,0,0.0
2019-11-25 00:00:00+00:00,5,3,8,0,0.0
2019-11-25 00:00:00+00:00,6,1,17,0,0.0
2019-11-25 00:00:00+00:00,6,2,22,0,0.0
2019-11-25 00:00:00+00:00,6,3,27,0,0.0
2019-11-25 00:00:00+00:00,7,1,18,2,68.00000000000013
2019-11-25 00:00:00+00:00,7,2,41,0,0.0
2019-11-25 00:00:00+00:00,7,3,14,0,0.0
2019-11-25 00:00:00+00:00,8,1,2,0,0.0
2019-11-25 00:00:00+00:00,8,2,22,0,0.0
2019-11-25 00:00:00+00:00,8,3,28,0,0.0
2019-11-25 00:00:00+00:00,9,1,9,0,0.0
2019-11-25 00:00:00+00:00,9,2,11,0,0.0
2019-11-25 00:00:00+00:00,9,3,28,0,0.0
2019-11-25 00:00:00+00:00,10,1,9,0,0.0
2019-11-25 00:00:00+00:00,10,2,5,0,0.0
2019-11-25 00:00:00+00:00,10,3,15,0,0.0
2019-11-25 00:00:00+00:00,11,1,8,0,0.0
2019-11-25 00:00:00+00:00,11,2,8,0,0.0
2019-11-25 00:00:00+00:00,11,3,1,0,0.0
2019-11-25 00:00:00+00:00,12,1,2,0,0.0
2019-11-25 00:00:00+00:00,12,2,13,0,0.0
2019-11-25 00:00:00+00:00,12,3,8,0,0.0
2019-11-25 00:00:00+00:00,13,1,7,0,0.0
2019-11-25 00:00:00+00:00,13,2,9,0,0.0
2019-11-25 00:00:00+00:00,13,3,42,0,0.0
2019-11-25 00:00:00+00:00,14,1,8,0,0.0
2019-11-25 00:00:00+00:00,14,2,39,0,0.0
2019-11-25 00:00:00+00:00,14,3,15,0,0.0
2019-11-25 00:00:00+00:00,15,1,15,0,0.0
2019-11-25 00:00:00+00:00,15,2,29,0,0.0
2019-11-25 00:00:00+00:00,15,3,5,0,0.0
2019-11-25 00:00:00+00:00,16,2,19,0,0.0
2019-11-25 00:00:00+00:00,16,3,27,0,0.0
2019-11-25 00:00:00+00:00,17,1,7,0,0.0
2019-11-25 00:00:00+00:00,17,2,19,0,0.0
2019-11-25 00:00:00+00:00,17,3,8,0,0.0
2019-11-25 00:00:00+00:00,18,1,44,0,0.0
2019-11-25 00:00:00+00:00,18,2,9,0,0.0
2019-11-25 00:00:00+00:00,18,3,24,0,0.0
2019-11-25 00:00:00+00:00,19,1,9,0,0.0
2019-11-25 00:00:00+00:00,19,2,9,0,0.0
2019-11-25 00:00:00+00:00,19,3,20,0,0.0
2019-11-25 00:00:00+00:00,20,1,8,0,0.0
2019-11-25 00:00:00+00:00,20,2,20,0,0.0
2019-11-25 00:00:00+00:00,20,3,40,0,0.0
2019-11-25 00:00:00+00:00,21,1,27,0,0.0
2019-11-25 00:00:00+00:00,21,2,2,0,0.0
2019-11-25 00:00:00+00:00,21,3,10,0,0.0
2019-11-25 00:00:00+00:00,22,1,26,0,0.0
2019-11-25 00:00:00+00:00,22,2,37,0,0.0
2019-11-25 00:00:00+00:00,22,3,21,1,34.000000000000064
2019-11-25 00:00:00+00:00,23,1,13,0,0.0
2019-11-25 00:00:00+00:00,23,2,11,2,68.00000000000013
2019-11-25 00:00:00+00:00,23,3,8,0,0.0
2019-11-25 00:00:00+00:00,24,2,2,0,0.0
2019-11-25 00:00:00+00:00,24,3,20,0,0.0
2019-11-25 00:00:00+00:00,25,1,23,2,68.00000000000013
2019-11-25 00:00:00+00:00,25,2,6,0,0.0
2019-11-25 00:00:00+00:00,25,3,15,0,0.0
2019-11-25 00:00:00+00:00,26,1,41,0,0.0
2019-11-25 00:00:00+00:00,26,2,12,0,0.0
2019-11-25 00:00:00+00:00,26,3,7,0,0.0
2019-11-25 00:00:00+00:00,27,2,40,0,0.0
2019-11-25 00:00:00+00:00,27,3,8,0,0.0
2019-11-25 00:00:00+00:00,28,1,23,0,0.0
2019-11-25 00:00:00+00:00,28,2,21,0,0.0
2019-11-25 00:00:00+00:00,28,3,5,0,0.0
2019-11-25 00:00:00+00:00,29,1,5,0,0.0
2019-11-25 00:00:00+00:00,29,2,43,0,0.0
2019-11-25 00:00:00+00:00,29,3,25,0,0.0
2019-11-25 00:00:00+00:00,30,1,14,0,0.0
2019-11-25 00:00:00+00:00,30,2,28,0,0.0
2019-11-25 00:00:00+00:00,30,3,34,0,0.0
2019-11-25 00:00:00+00:00,31,1,27,0,0.0
2019-11-25 00:00:00+00:00,31,2,5,0,0.0
2019-11-25 00:00:00+00:00,31,3,13,0,0.0
2019-11-25 00:00:00+00:00,32,1,14,0,0.0
2019-11-25 00:00:00+00:00,32,2,13,0,0.0
2019-11-25 00:00:00+00:00,32,3,8,0,0.0
2019-11-25 00:00:00+00:00,33,1,16,0,0.0
2019-11-25 00:00:00+00:00,33,2,8,0,0.0
2019-11-25 00:00:00+00:00,33,3,11,0,0.0
2019-11-25 01:00:00+00:00,0,1,8,0,0.0
2019-11-25 01:00:00+00:00,0,2,12,0,0.0
2019-11-25 01:00:00+00:00,0,3,19,0,0.0
2019-11-25 01:00:00+00:00,1,1,45,0,0.0
2019-11-25 01:00:00+00:00,1,2,6,0,0.0
2019-11-25 01:00:00+00:00,1,3,6,0,0.0
2019-11-25 01:00:00+00:00,2,1,12,0,0.0
2019-11-25 01:00:00+00:00,2,2,8,0,0.0
2019-11-25 01:00:00+00:00,2,3,44,1,34.000000000000064
2019-11-25 01:00:00+00:00,3,1,12,0,0.0
2019-11-25 01:00:00+00:00,3,2,18,0,0.0
2019-11-25 01:00:00+00:00,3,3,8,0,0.0
2019-11-25 01:00:00+00:00,4,1,17,0,0.0
2019-11-25 01:00:00+00:00,4,2,5,0,0.0
2019-11-25 01:00:00+00:00,4,3,27,0,0.0
2019-11-25 01:00:00+00:00,5,1,26,0,0.0
2019-11-25 01:00:00+00:00,5,2,13,0,0.0
2019-11-25 01:00:00+00:00,5,3,33,0,0.0
2019-11-25 01:00:00+00:00,6,1,31,0,0.0
2019-11-25 01:00:00+00:00,6,2,15,0,0.0
2019-11-25 01:00:00+00:00,6,3,21,0,0.0
2019-11-25 01:00:00+00:00,7,1,12,0,0.0
2019-11-25 01:00:00+00:00,7,2,21,0,0.0
2019-11-25 01:00:00+00:00,8,1,27,0,0.0
2019-11-25 01:00:00+00:00,8,2,16,0,0.0
2019-11-25 01:00:00+00:00,8,3,21,0,0.0
2019-11-25 01:00:00+00:00,9,1,23,0,0.0
2019-11-25 01:00:00+00:00,9,2,30,0,0.0
2019-11-25 01:00:00+00:00,9,3,28,0,0.0
2019-11-25 01:00:00+00:00,10,1,13,0,0.0
2019-11-25 01:00:00+00:00,10,2,8,0,0.0
2019-11-25 01:00:00+00:00,10,3,15,0,0.0
2019-11-25 01:00:00+00:00,11,1,7,0,0.0
2019-11-25 01:00:00+00:00,11,2,24,0,0.0
2019-11-25 01:00:00+00:00,11,3,22,0,0.0
2019-11-25 01:00:00+00:00,12,1,24,0,0.0
2019-11-25 01:00:00+00:00,12,2,15,0,0.0
2019-11-25 01:00:00+00:00,12,3,17,0,0.0
2019-11-25 01:00:00+00:00,13,1,7,0,0.0
2019-11-25 01:00:00+00:00,13,2,6,0,0.0
2019-11-25 01:00:00+00:00,13,3,22,0,0.0
2019-11-25 01:00:00+00:00,14,1,4,0,0.0
2019-11-25 01:00:00+00:00,14,2,37,1,34.000000000000064
2019-11-25 01:00:00+00:00,14,3,17,0,0.0
2019-11-25 01:00:00+00:00,15,1,47,0,0.0
2019-11-25 01:00:00+00:00,15,2,42,0,0.0
2019-11-25 01:00:00+00:00,15,3,12,0,0.0
2019-11-25 01:00:00+00:00,16,1,22,0,0.0
2019-11-25 01:00:00+00:00,16,2,42,0,0.0
2019-11-25 01:00:00+00:00,16,3,15,0,0.0
2019-11-25 01:00:00+00:00,17,1,31,0,0.0
2019-11-25 01:00:00+00:00,17,2,12,0,0.0
2019-11-25 01:00:00+00:00,17,3,28,0,0.0
2019-11-25 01:00:00+00:00,18,1,20,1,34.000000000000064
2019-11-25 01:00:00+00:00,18,2,37,0,0.0
2019-11-25 01:00:00+00:00,18,3,31,0,0.0
2019-11-25 01:00:00+00:00,19,1,9,0,0.0
2019-11-25 01:00:00+00:00,19,2,23,0,0.0
2019-11-25 01:00:00+00:00,19,3,14,0,0.0
2019-11-25 01:00:00+00:00,20,1,15,0,0.0
2019-11-25 01:00:00+00:00,20,2,29,0,0.0
2019-11-25 01:00:00+00:00,20,3,14,0,0.0
2019-11-25 01:00:00+00:00,21,1,10,0,0.0
2019-11-25 01:00:00+00:00,21,2,14,0,0.0
2019-11-25 01:00:00+00:00,21,3,17,0,0.0
2019-11-25 01:00:00+00:00,22,1,47,0,0.0
2019-11-25 01:00:00+00:00,22,2,29,0,0.0
2019-11-25 01:00:00+00:00,22,3,20,0,0.0
2019-11-25 01:00:00+00:00,23,1,17,0,0.0
2019-11-25 01:00:00+00:00,23,2,15,0,0.0
2019-11-25 01:00:00+00:00,23,3,23,1,34.000000000000064
2019-11-25 01:00:00+00:00,24,1,22,0,0.0
2019-11-25 01:00:00+00:00,24,2,21,0,0.0
2019-11-25 01:00:00+00:00,24,3,27,0,0.0
2019-11-25 01:00:00+00:00,25,1,12,0,0.0
2019-11-25 01:00:00+00:00,25,2,19,0,0.0
2019-11-25 01:00:00+00:00,25,3,34,0,0.0
2019-11-25 01:00:00+00:00,26,1,37,0,0.0
2019-11-25 01:00:00+00:00,26,2,8,0,0.0
2019-11-25 01:00:00+00:00,26,3,40,0,0.0
2019-11-25 01:00:00+00:00,27,1,9,0,0.0
2019-11-25 01:00:00+00:00,27,2,9,0,0.0
2019-11-25 01:00:00+00:00,27,3,14,0,0.0
2019-11-25 01:00:00+00:00,28,1,21,0,0.0
2019-11-25 01:00:00+00:00,28,2,27,0,0.0
2019-11-25 01:00:00+00:00,29,1,8,0,0.0
2019-11-25 01:00:00+00:00,29,2,32,2,68.00000000000013
2019-11-25 01:00:00+00:00,29,3,13,0,0.0
2019-11-25 01:00:00+00:00,30,1,41,0,0.0
2019-11-25 01:00:00+00:00,30,2,24,0,0.0
2019-11-25 01:00:00+00:00,30,3,21,0,0.0
2019-11-25 01:00:00+00:00,31,1,23,0,0.0
2019-11-25 01:00:00+00:00,31,2,22,0,0.0
2019-11-25 01:00:00+00:00,31,3,38,0,0.0
2019-11-25 01:00:00+00:00,32,1,9,0,0.0
2019-11-25 01:00:00+00:00,32,2,15,0,0.0
2019-11-25 01:00:00+00:00,32,3,13,0,0.0
2019-11-25 01:00:00+00:00,33,1,5,0,0.0
2019-11-25 01:00:00+00:00,33,2,18,0,0.0
2019-11-25 02:00:00+00:00,0,1,8,0,0.0
2019-11-25 02:00:00+00:00,0,2,18,0,0.0
2019-11-25 02:00:00+00:00,0,3,25,0,0.0
2019-11-25 02:00:00+00:00,1,1,21,0,0.0
2019-11-25 02:00:00+00:00,1,2,12,0,0.0
2019-11-25 02:00:00+00:00,1,3,4,0,0.0
2019-11-25 02:00:00+00:00,2,1,10,0,0.0
2019-11-25 02:00:00+00:00,2,2,26,0,0.0
2019-11-25 02:00:00+00:00,2,3,29,0,0.0
2019-11-25 02:00:00+00:00,3,1,18,0,0.0
2019-11-25 02:00:00+00:00,3,2,3,0,0.0
2019-11-25 02:00:00+00:00,3,3,18,0,0.0
2019-11-25 02:00:00+00:00,4,1,23,0,0.0
2019-11-25 02:00:00+00:00,4,2,38,0,0.0
2019-11-25 02:00:00+00:00,4,3,10,0,0.0
2019-11-25 02:00:00+00:00,5,1,18,0,0.0
2019-11-25 02:00:00+00:00,5,2,24,0,0.0
2019-11-25 02:00:00+00:00,5,3,47,0,0.0
2019-11-25 02:00:00+00:00,6,1,8,0,0.0
2019-11-25 02:00:00+00:00,6,2,29,0,0.0
2019-11-25 02:00:00+00:00,6,3,17,0,0.0
2019-11-25 02:00:00+00:00,7,1,23,0,0.0
2019-11-25 02:00:00+00:00,7,2,32,0,0.0
2019-11-25 02:00:00+00:00,7,3,16,0,0.0
2019-11-25 02:00:00+00:00,8,1,22,0,0.0
2019-11-25 02:00:00+00:00,8,3,8,0,0.0
2019-11-25 02:00:00+00:00,9,1,10,0,0.0
2019-11-25 02:00:00+00:00,9,2,21,0,0.0
2019-11-25 02:00:00+00:00,9,3,3,0,0.0
2019-11-25 02:00:00+00:00,10,1,8,0,0.0
2019-11-25 02:00:00+00:00,10,2,33,0,0.0
2019-11-25 02:00:00+00:00,10,3,17,1,34.000000000000064
2019-11-25 02:00:00+00:00,11,1,30,0,0.0
2019-11-25 02:00:00+00:00,11,2,11,0,0.0
2019-11-25 02:00:00+00:00,12,1,5,0,0.0
2019-11-25 02:00:00+00:00,12,2,20,0,0.0
2019-11-25 02:00:00+00:00,12,3,4,0,0.0
2019-11-25 02:00:00+00:00,13,1,2,0,0.0
2019-11-25 02:00:00+00:00,13,2,15,1,34.000000000000064
2019-11-25 02:00:00+00:00,13,3,9,0,0.0
2019-11-25 02:00:00+00:00,14,1,12,1,34.000000000000064
2019-11-25 02:00:00+00:00,14,2,23,1,34.000000000000064
2019-11-25 02:00:00+00:00,14,3,41,0,0.0
2019-11-25 02:00:00+00:00,15,1,41,0,0.0
2019-11-25 02:00:00+00:00,15,2,18,0,0.0
2019-11-25 02:00:00+00:00,15,3,25,0,0.0
2019-11-25 02:00:00+00:00,16,1,31,0,0.0
2019-11-25 02:00:00+00:00,16,2,37,0,0.0
2019-11-25 02:00:00+00:00,16,3,38,0,0.0
2019-11-25 02:00:00+00:00,17,1,7,0,0.0
2019-11-25 02:00:00+00:00,17,2,19,0,0.0
2019-11-25 02:00:00+00:00,18,1,24,0,0.0
2019-11-25 02:00:00+00:00,18,2,9,0,0.0
2019-11-25 02:00:00+00:00,18,3,15,0,0.0
2019-11-25 02:00:00+00:00,19,1,45,0,0.0
2019-11-25 02:00:00+00:00,19,2,14,0,0.0
2019-11-25 02:00:00+00:00,19,3,22,0,0.0
2019-11-25 02:00:00+00:00,20,1,6,0,0.0
2019-11-25 02:00:00+00:00,20,2,18,0,0.0
2019-11-25 02:00:00+00:00,20,3,21,0,0.0
2019-11-25 02:00:00+00:00,21,1,12,0,0.0
2019-11-25 02:00:00+00:00,21,2,6,0,0.0
2019-11-25 02:00:00+00:00,21,3,13,0,0.0
2019-11-25 02:00:00+00:00,22,1,20,0,0.0
2019-11-25 02:00:00+00:00,22,2,21,0,0.0
2019-11-25 02:00:00+00:00,22,3,15,0,0.0
2019-11-25 02:00:00+00:00,23,1,40,0,0.0
2019-11-25 02:00:00+00:00,23,2,11,0,0.0
2019-11-25 02:00:00+00:00,23,3,50,0,0.0
2019-11-25 02:00:00+00:00,24,1,26,0,0.0
2019-11-25 02:00:00+00:00,24,2,6,0,0.0
2019-11-25 02:00:00+00:00,24,3,15,0,0.0
2019-11-25 02:00:00+00:00,25,1,16,0,0.0
2019-11-25 02:00:00+00:00,25,2,24,0,0.0
2019-11-25 02:00:00+00:00,25,3,27,0,0.0
2019-11-25 02:00:00+00:00,26,1,12,0,0.0
2019-11-25 02:00:00+00:00,26,2,7,0,0.0
2019-11-25 02:00:00+00:00,26,3,23,0,0.0
2019-11-25 02:00:00+00:00,27,1,10,0,0.0
2019-11-25 02:00:00+00:00,27,2,7,0,0.0
2019-11-25 02:00:00+00:00,27,3,2,0,0.0
2019-11-25 02:00:00+00:00,28,1,9,0,0.0
2019-11-25 02:00:00+00:00,28,2,38,0,0.0
2019-11-25 02:00:00+00:00,28,3,7,0,0.0
2019-11-25 02:00:00+00:00,29,1,11,0,0.0
2019-11-25 02:00:00+00:00,29,2,14,0,0.0
2019-11-25 02:00:00+00:00,29,3,21,0,0.0
2019-11-25 02:00:00+00:00,30,1,37,0,0.0
2019-11-25 02:00:00+00:00,30,2,24,0,0.0
2019-11-25 02:00:00+00:00,30,3,33,0,0.0
2019-11-25 02:00:00+00:00,31,1,11,0,0.0
2019-11-25 02:00:00+00:00,31,2,8,0,0.0
2019-11-25 02:00:00+00:00,31,3,10,0,0.0
2019-11-25 02:00:00+00:00,32,1,17,0,0.0
2019-11-25 02:00:00+00:00,32,2,17,0,0.0
2019-11-25 02:00:00+00:00,32,3,6,0,0.0
2019-11-25 02:00:00+00:00,33,1,16,0,0.0
2019-11-25 02:00:00+00:00,33,2,9,0,0.0
2019-11-25 02:00:00+00:00,33,3,22,0,0.0
2019-11-25 03:00:00+00:00,0,1,7,0,0.0
2019-11-25 03:00:00+00:00,0,2,34,0,0.0
2019-11-25 03:00:00+00:00,0,3,14,0,0.0
2019-11-25 03:00:00+00:00,1,1,37,0,0.0
2019-11-25 03:00:00+00:00,1,2,30,0,0.0
2019-11-25 03:00:00+00:00,1,3,10,0,0.0
2019-11-25 03:00:00+00:00,2,1,31,0,0.0
2019-11-25 03:00:00+00:00,2,2,22,0,0.0
2019-11-25 03:00:00+00:00,2,3,47,0,0.0
2019-11-25 03:00:00+00:00,3,1,39,0,0.0
2019-11-25 03:00:00+00:00,3,2,20,0,0.0
2019-11-25 03:00:00+00:00,3,3,16,0,0.0
2019-11-25 03:00:00+00:00,4,1,30,0,0.0
2019-11-25 03:00:00+00:00,4,2,30,0,0.0
2019-11-25 03:00:00+00:00,4,3,50,0,0.0
2019-11-25 03:00:00+00:00,5,1,51,0,0.0
2019-11-25 03:00:00+00:00,5,2,16,0,0.0
2019-11-25 03:00:00+00:00,5,3,50,0,0.0
2019-11-25 03:00:00+00:00,6,1,15,0,0.0
2019-11-25 03:00:00+00:00,6,2,34,0,0.0
2019-11-25 03:00:00+00:00,6,3,31,0,0.0
2019-11-25 03:00:00+00:00,7,1,43,0,0.0
2019-11-25 03:00:00+00:00,7,2,29,0,0.0
2019-11-25 03:00:00+00:00,7,3,26,0,0.0
2019-11-25 03:00:00+00:00,8,1,13,0,0.0
2019-11-25 03:00:00+00:00,8,2,10,0,0.0
2019-11-25 03:00:00+00:00,9,1,9,0,0.0
2019-11-25 03:00:00+00:00,9,2,28,0,0.0
2019-11-25 03:00:00+00:00,9,3,19,0,0.0
2019-11-25 03:00:00+00:00,10,1,14,0,0.0
2019-11-25 03:00:00+00:00,10,2,29,1,34.000000000000064
2019-11-25 03:00:00+00:00,10,3,45,0,0.0
2019-11-25 03:00:00+00:00,11,1,14,0,0.0
2019-11-25 03:00:00+00:00,11,2,35,0,0.0
2019-11-25 03:00:00+00:00,11,3,36,2,68.00000000000013
2019-11-25 03:00:00+00:00,12,1,4,0,0.0
2019-11-25 03:00:00+00:00,12,2,10,0,0.0
2019-11-25 03:00:00+00:00,12,3,39,0,0.0
2019-11-25 03:00:00+00:00,13,1,35,0,0.0
2019-11-25 03:00:00+00:00,13,2,17,0,0.0
2019-11-25 03:00:00+00:00,13,3,56,0,0.0
2019-11-25 03:00:00+00:00,14,1,39,0,0.0
2019-11-25 03:00:00+00:00,14,2,32,0,0.0
2019-11-25 03:00:00+00:00,14,3,38,0,0.0
2019-11-25 03:00:00+00:00,15,1,44,0,0.0
2019-11-25 03:00:00+00:00,15,2,23,0,0.0
2019-11-25 03:00:00+00:00,15,3,38,0,0.0
2019-11-25 03:00:00+00:00,16,1,25,0,0.0
2019-11-25 03:00:00+00:00,16,2,26,0,0.0
2019-11-25 03:00:00+00:00,16,3,22,0,0.0
2019-11-25 03:00:00+00:00,17,1,41,0,0.0
2019-11-25 03:00:00+00:00,17,2,26,0,0.0
2019-11-25 03:00:00+00:00,17,3,18,0,0.0
2019-11-25 03:00:00+00:00,18,1,64,0,0.0
2019-11-25 03:00:00+00:00,18,2,40,0,0.0
2019-11-25 03:00:00+00:00,18,3,29,0,0.0
2019-11-25 03:00:00+00:00,19,1,12,0,0.0
2019-11-25 03:00:00+00:00,19,2,32,1,34.000000000000064
2019-11-25 03:00:00+00:00,19,3,9,0,0.0
2019-11-25 03:00:00+00:00,20,1,27,0,0.0
2019-11-25 03:00:00+00:00,20,2,15,0,0.0
2019-11-25 03:00:00+00:00,20,3,25,0,0.0
2019-11-25 03:00:00+00:00,21,1,27,0,0.0
2019-11-25 03:00:00+00:00,21,2,33,0,0.0
2019-11-25 03:00:00+00:00,21,3,30,0,0.0
2019-11-25 03:00:00+00:00,22,1,15,0,0.0
2019-11-25 03:00:00+00:00,22,2,46,0,0.0
2019-11-25 03:00:00+00:00,22,3,31,0,0.0
2019-11-25 03:00:00+00:00,23,1,18,0,0.0
2019-11-25 03:00:00+00:00,23,2,12,0,0.0
2019-11-25 03:00:00+00:00,23,3,18,0,0.0
2019-11-25 03:00:00+00:00,24,1,35,0,0.0
2019-11-25 03:00:00+00:00,24,2,12,0,0.0
2019-11-25 03:00:00+00:00,24,3,29,0,0.0
2019-11-25 03:00:00+00:00,25,1,14,0,0.0
2019-11-25 03:00:00+00:00,25,2,24,0,0.0
2019-11-25 03:00:00+00:00,25,3,29,0,0.0
2019-11-25 03:00:00+00:00,26,1,27,0,0.0
2019-11-25 03:00:00+00:00,26,2,14,0,0.0
2019-11-25 03:00:00+00:00,26,3,12,0,0.0
2019-11-25 03:00:00+00:00,27,1,13,0,0.0
2019-11-25 03:00:00+00:00,27,2,21,0,0.0
2019-11-25 03:00:00+00:00,27,3,39,1,34.000000000000064
2019-11-25 03:00:00+00:00,28,1,11,0,0.0
2019-11-25 03:00:00+00:00,28,2,23,0,0.0
2019-11-25 03:00:00+00:00,28,3,18,0,0.0
2019-11-25 03:00:00+00:00,29,1,11,0,0.0
2019-11-25 03:00:00+00:00,29,2,43,0,0.0
2019-11-25 03:00:00+00:00,29,3,16,0,0.0
2019-11-25 03:00:00+00:00,30,1,18,0,0.0
2019-11-25 03:00:00+00:00,30,2,19,0,0.0
2019-11-25 03:00:00+00:00,30,3,16,0,0.0
2019-11-25 03:00:00+00:00,31,1,37,0,0.0
2019-11-25 03:00:00+00:00,31,2,23,0,0.0
2019-11-25 03:00:00+00:00,31,3,12,0,0.0
2019-11-25 03:00:00+00:00,32,1,22,0,0.0
2019-11-25 03:00:00+00:00,32,2,48,0,0.0
2019-11-25 03:00:00+00:00,32,3,6,0,0.0
2019-11-25 03:00:00+00:00,33,1,34,2,68.00000000000013
2019-11-25 03:00:00+00:00,33,2,20,0,0.0
2019-11-25 03:00:00+00:00,33,3,4,0,0.0
2019-11-25 04:00:00+00:00,0,1,21,0,0.0
2019-11-25 04:00:00+00:00,0,2,14,0,0.0
2019-11-25 04:00:00+00:00,0,3,17,0,0.0
2019-11-25 04:00:00+00:00,1,1,21,0,0.0
2019-11-25 04:00:00+00:00,1,2,17,0,0.0
2019-11-25 04:00:00+00:00,1,3,12,0,0.0
2019-11-25 04:00:00+00:00,2,1,17,0,0.0
2019-11-25 04:00:00+00:00,2,2,15,0,0.0
2019-11-25 04:00:00+00:00,2,3,28,0,0.0
2019-11-25 04:00:00+00:00,3,1,23,0,0.0
2019-11-25 04:00:00+00:00,3,2,7,0,0.0
2019-11-25 04:00:00+00:00,3,3,17,0,0.0
2019-11-25 04:00:00+00:00,4,1,28,0,0.0
2019-11-25 04:00:00+00:00,4,2,12,0,0.0
2019-11-25 04:00:00+00:00,4,3,24,0,0.0
2019-11-25 04:00:00+00:00,5,1,16,0,0.0
2019-11-25 04:00:00+00:00,5,2,39,1,34.000000000000064
2019-11-25 04:00:00+00:00,5,3,11,0,0.0
2019-11-25 04:00:00+00:00,6,1,5,0,0.0
2019-11-25 04:00:00+00:00,6,2,18,0,0.0
2019-11-25 04:00:00+00:00,6,3,4,0,0.0
2019-11-25 04:00:00+00:00,7,1,26,0,0.0
2019-11-25 04:00:00+00:00,7,2,31,0,0.0
2019-11-25 04:00:00+00:00,7,3,36,0,0.0
2019-11-25 04:00:00+00:00,8,1,36,0,0.0
2019-11-25 04:00:00+00:00,8,2,11,0,0.0
2019-11-25 04:00:00+00:00,8,3,23,0,0.0
2019-11-25 04:00:00+00:00,9,1,33,2,68.00000000000013
2019-11-25 04:00:00+00:00,9,2,7,0,0.0
2019-11-25 04:00:00+00:00,9,3,18,0,0.0
2019-11-25 04:00:00+00:00,10,1,12,0,0.0
2019-11-25 04:00:00+00:00,10,3,4,0,0.0
2019-11-25 04:00:00+00:00,11,1,23,0,0.0
2019-11-25 04:00:00+00:00,11,2,38,0,0.0
2019-11-25 04:00:00+00:00,11,3,18,0,0.0
2019-11-25 04:00:00+00:00,12,1,13,0,0.0
2019-11-25 04:00:00+00:00,12,2,29,0,0.0
2019-11-25 04:00:00+00:00,12,3,16,0,0.0
2019-11-25 04:00:00+00:00,13,1,36,1,34.000000000000064
2019-11-25 04:00:00+00:00,13,2,26,1,34.000000000000064
2019-11-25 04:00:00+00:00,13,3,2,0,0.0
2019-11-25 04:00:00+00:00,14,1,25,0,0.0
2019-11-25 04:00:00+00:00,14,2,43,0,0.0
2019-11-25 04:00:00+00:00,14,3,16,2,68.00000000000013
2019-11-25 04:00:00+00:00,15,1,10,0,0.0
2019-11-25 04:00:00+00:00,15,2,49,0,0.0
2019-11-25 04:00:00+00:00,15,3,23,0,0.0
2019-11-25 04:00:00+00:00,16,1,52,0,0.0
2019-11-25 04:00:00+00:00,16,2,16,0,0.0
2019-11-25 04:00:00+00:00,16,3,7,0,0.0
2019-11-25 04:00:00+00:00,17,1,26,0,0.0
2019-11-25 04:00:00+00:00,17,2,16,0,0.0
2019-11-25 04:00:00+00:00,17,3,8,0,0.0
2019-11-25 04:00:00+00:00,18,1,33,0,0.0
2019-11-25 04:00:00+00:00,18,2,21,0,0.0
2019-11-25 04:00:00+00:00,18,3,30,0,0.0
2019-11-25 04:00:00+00:00,19,1,15,0,0.0
2019-11-25 04:00:00+00:00,19,2,16,0,0.0
2019-11-25 04:00:00+00:00,19,3,31,0,0.0
2019-11-25 04:00:00+00:00,20,1,4,0,0.0
2019-11-25 04:00:00+00:00,20,2,41,0,0.0
2019-11-25 04:00:00+00:00,20,3,37,0,0.0
2019-11-25 04:00:00+00:00,21,1,24,0,0.0
2019-11-25 04:00:00+00:00,21,3,30,0,0.0
2019-11-25 04:00:00+00:00,22,1,9,0,0.0
2019-11-25 04:00:00+00:00,22,2,9,0,0.0
2019-11-25 04:00:00+00:00,22,3,10,0,0.0
2019-11-25 04:00:00+00:00,23,1,15,0,0.0
2019-11-25 04:00:00+00:00,23,2,33,0,0.0
2019-11-25 04:00:00+00:00,23,3,21,3,102.0000000000002
2019-11-25 04:00:00+00:00,24,1,33,0,0.0
2019-11-25 04:00:00+00:00,24,2,9,0,0.0
2019-11-25 04:00:00+00:00,24,3,6,0,0.0
2019-11-25 04:00:00+00:00,25,1,37,0,0.0
2019-11-25 04:00:00+00:00,25,2,12,0,0.0
2019-11-25 04:00:00+00:00,25,3,9,0,0.0
2019-11-25 04:00:00+00:00,26,1,28,0,0.0
2019-11-25 04:00:00+00:00,26,2,13,0,0.0
2019-11-25 04:00:00+00:00,26,3,29,0,0.0
2019-11-25 04:00:00+00:00,27,1,3,0,0.0
2019-11-25 04:00:00+00:00,27,2,34,0,0.0
2019-11-25 04:00:00+00:00,27,3,31,0,0.0
2019-11-25 04:00:00+00:00,28,1,8,0,0.0
2019-11-25 04:00:00+00:00,28,2,22,0,0.0
2019-11-25 04:00:00+00:00,28,3,15,0,0.0
2019-11-25 04:00:00+00:00,29,1,10,0,0.0
2019-11-25 04:00:00+00:00,29,2,4,0,0.0
2019-11-25 04:00:00+00:00,29,3,11,0,0.0
2019-11-25 04:00:00+00:00,30,1,17,0,0.0
2019-11-25 04:00:00+00:00,30,2,24,0,0.0
2019-11-25 04:00:00+00:00,30,3,26,0,0.0
2019-11-25 04:00:00+00:00,31,1,6,0,0.0
2019-11-25 04:00:00+00:00,31,2,26,0,0.0
2019-11-25 04:00:00+00:00,31,3,35,0,0.0
2019-11-25 04:00:00+00:00,32,1,9,0,0.0
2019-11-25 04:00:00+00:00,32,2,9,0,0.0
2019-11-25 04:00:00+00:00,32,3,34,0,0.0
2019-11-25 04:00:00+00:00,33,1,20,0,0.0
2019-11-25 04:00:00+00:00,33,2,32,0,0.0
2019-11-25 04:00:00+00:00,33,3,53,0,0.0
2019-11-25 05:00:00+00:00,0,1,30,0,0.0
2019-11-25 05:00:00+00:00,0,2,15,0,0.0
2019-11-25 05:00:00+00:00,0,3,23,0,0.0
2019-11-25 05:00:00+00:00,1,1,18,0,0.0
2019-11-25 05:00:00+00:00,1,2,19,0,0.0
2019-11-25 05:00:00+00:00,1,3,9,0,0.0
2019-11-25 05:00:00+00:00,2,1,36,0,0.0
2019-11-25 05:00:00+00:00,2,2,8,0,0.0
2019-11-25 05:00:00+00:00,2,3,12,0,0.0
2019-11-25 05:00:00+00:00,3,1,19,1,34.000000000000064
2019-11-25 05:00:00+00:00,3,2,19,0,0.0
2019-11-25 05:00:00+00:00,3,3,16,0,0.0
2019-11-25 05:00:00+00:00,4,1,22,0,0.0
2019-11-25 05:00:00+00:00,4,2,54,0,0.0
2019-11-25 05:00:00+00:00,4,3,27,0,0.0
2019-11-25 05:00:00+00:00,5,1,13,0,0.0
2019-11-25 05:00:00+00:00,5,2,12,0,0.0
2019-11-25 05:00:00+00:00,5,3,23,0,0.0
2019-11-25 05:00:00+00:00,6,1,16,0,0.0
2019-11-25 05:00:00+00:00,6,2,28,0,0.0
2019-11-25 05:00:00+00:00,6,3,7,0,0.0
2019-11-25 05:00:00+00:00,7,1,12,0,0.0
2019-11-25 05:00:00+00:00,7,2,10,0,0.0
2019-11-25 05:00:00+00:00,7,3,19,0,0.0
2019-11-25 05:00:00+00:00,8,1,22,0,0.0
2019-11-25 05:00:00+00:00,8,3,18,0,0.0
2019-11-25 05:00:00+00:00,9,1,38,0,0.0
2019-11-25 05:00:00+00:00,9,2,17,0,0.0
2019-11-25 05:00:00+00:00,9,3,36,0,0.0
2019-11-25 05:00:00+00:00,10,1,3,0,0.0
2019-11-25 05:00:00+00:00,10,2,28,0,0.0
2019-11-25 05:00:00+00:00,10,3,3,0,0.0
2019-11-25 05:00:00+00:00,11,1,6,0,0.0
2019-11-25 05:00:00+00:00,11,2,36,0,0.0
2019-11-25 05:00:00+00:00,11,3,6,0,0.0
2019-11-25 05:00:00+00:00,12,1,38,2,68.00000000000013
2019-11-25 05:00:00+00:00,12,2,19,0,0.0
2019-11-25 05:00:00+00:00,12,3,17,0,0.0
2019-11-25 05:00:00+00:00,13,1,16,1,34.000000000000064
2019-11-25 05:00:00+00:00,13,2,27,0,0.0
2019-11-25 05:00:00+00:00,13,3,11,0,0.0
2019-11-25 05:00:00+00:00,14,1,7,0,0.0
2019-11-25 05:00:00+00:00,14,2,19,0,0.0
2019-11-25 05:00:00+00:00,14,3,19,0,0.0
2019-11-25 05:00:00+00:00,15,2,9,0,0.0
2019-11-25 05:00:00+00:00,15,3,28,0,0.0
2019-11-25 05:00:00+00:00,16,1,13,0,0.0
2019-11-25 05:00:00+00:00,16,2,19,0,0.0
2019-11-25 05:00:00+00:00,16,3,6,0,0.0
2019-11-25 05:00:00+00:00,17,1,31,0,0.0
2019-11-25 05:00:00+00:00,17,2,16,0,0.0
2019-11-25 05:00:00+00:00,17,3,29,0,0.0
2019-11-25 05:00:00+00:00,18,1,9,0,0.0
2019-11-25 05:00:00+00:00,18,2,21,0,0.0
2019-11-25 05:00:00+00:00,18,3,20,0,0.0
2019-11-25 05:00:00+00:00,19,1,22,0,0.0
2019-11-25 05:00:00+00:00,19,2,30,0,0.0
2019-11-25 05:00:00+00:00,19,3,24,0,0.0
2019-11-25 05:00:00+00:00,20,1,17,0,0.0
2019-11-25 05:00:00+00:00,20,2,17,0,0.0
2019-11-25 05:00:00+00:00,20,3,7,0,0.0
2019-11-25 05:00:00+00:00,21,1,24,0,0.0
2019-11-25 05:00:00+00:00,21,2,29,0,0.0
2019-11-25 05:00:00+00:00,21,3,21,0,0.0
2019-11-25 05:00:00+00:00,22,1,32,0,0.0
2019-11-25 05:00:00+00:00,22,2,34,0,0.0
2019-11-25 05:00:00+00:00,22,3,40,0,0.0
2019-11-25 05:00:00+00:00,23,1,4,0,0.0
2019-11-25 05:00:00+00:00,23,3,34,0,0.0
2019-11-25 05:00:00+00:00,24,1,24,0,0.0
2019-11-25 05:00:00+00:00,24,3,15,0,0.0
2019-11-25 05:00:00+00:00,25,1,10,0,0.0
2019-11-25 05:00:00+00:00,25,2,9,0,0.0
2019-11-25 05:00:00+00:00,25,3,27,0,0.0
2019-11-25 05:00:00+00:00,26,1,26,0,0.0
2019-11-25 05:00:00+00:00,26,2,9,0,0.0
2019-11-25 05:00:00+00:00,26,3,31,0,0.0
2019-11-25 05:00:00+00:00,27,1,28,6,204.0000000000004
2019-11-25 05:00:00+00:00,27,2,28,0,0.0
2019-11-25 05:00:00+00:00,27,3,4,0,0.0
2019-11-25 05:00:00+00:00,28,1,15,0,0.0
2019-11-25 05:00:00+00:00,28,2,7,0,0.0
2019-11-25 05:00:00+00:00,28,3,16,0,0.0
2019-11-25 05:00:00+00:00,29,1,37,0,0.0
2019-11-25 05:00:00+00:00,29,2,8,0,0.0
2019-11-25 05:00:00+00:00,29,3,12,0,0.0
2019-11-25 05:00:00+00:00,30,1,6,0,0.0
2019-11-25 05:00:00+00:00,30,2,28,0,0.0
2019-11-25 05:00:00+00:00,30,3,37,0,0.0
2019-11-25 05:00:00+00:00,31,1,5,0,0.0
2019-11-25 05:00:00+00:00,31,2,14,0,0.0
2019-11-25 05:00:00+00:00,32,1,26,0,0.0
2019-11-25 05:00:00+00:00,32,2,9,0,0.0
2019-11-25 05:00:00+00:00,32,3,16,0,0.0
2019-11-25 05:00:00+00:00,33,1,22,0,0.0
2019-11-25 05:00:00+00:00,33,2,47,0,0.0
2019-11-25 05:00:00+00:00,33,3,29,0,0.0
2019-11-25 06:00:00+00:00,0,1,37,0,0.0
2019-11-25 06:00:00+00:00,0,2,16,0,0.0
2019-11-25 06:00:00+00:00,0,3,20,0,0.0
2019-11-25 06:00:00+00:00,1,1,16,3,102.0000000000002
2019-11-25 06:00:00+00:00,1,2,17,0,0.0
2019-11-25 06:00:00+00:00,1,3,17,0,0.0
2019-11-25 06:00:00+00:00,2,1,11,0,0.0
2019-11-25 06:00:00+00:00,2,2,36,0,0.0
2019-11-25 06:00:00+00:00,2,3,10,0,0.0
2019-11-25 06:00:00+00:00,3,1,16,0,0.0
2019-11-25 06:00:00+00:00,3,2,42,0,0.0
2019-11-25 06:00:00+00:00,3,3,32,0,0.0
2019-11-25 06:00:00+00:00,4,1,16,0,0.0
2019-11-25 06:00:00+00:00,4,2,16,0,0.0
2019-11-25 06:00:00+00:00,4,3,10,0,0.0
2019-11-25 06:00:00+00:00,5,1,8,0,0.0
2019-11-25 06:00:00+00:00,5,2,21,0,0.0
2019-11-25 06:00:00+00:00,5,3,25,0,0.0
2019-11-25 06:00:00+00:00,6,1,9,0,0.0
2019-11-25 06:00:00+00:00,6,2,9,0,0.0
2019-11-25 06:00:00+00:00,6,3,14,0,0.0
2019-11-25 06:00:00+00:00,7,1,28,1,34.000000000000064
2019-11-25 06:00:00+00:00,7,2,16,0,0.0
2019-11-25 06:00:00+00:00,7,3,20,0,0.0
2019-11-25 06:00:00+00:00,8,1,25,0,0.0
2019-11-25 06:00:00+00:00,8,2,7,0,0.0
2019-11-25 06:00:00+00:00,8,3,23,0,0.0
2019-11-25 06:00:00+00:00,9,1,3,0,0.0
2019-11-25 06:00:00+00:00,9,2,26,0,0.0
2019-11-25 06:00:00+00:00,9,3,24,0,0.0
2019-11-25 06:00:00+00:00,10,2,14,0,0.0
2019-11-25 06:00:00+00:00,10,3,9,0,0.0
2019-11-25 06:00:00+00:00,11,1,5,0,0.0
2019-11-25 06:00:00+00:00,11,2,23,0,0.0
2019-11-25 06:00:00+00:00,11,3,53,0,0.0
2019-11-25 06:00:00+00:00,12,1,21,0,0.0
2019-11-25 06:00:00+00:00,12,2,37,0,0.0
2019-11-25 06:00:00+00:00,12,3,31,0,0.0
2019-11-25 06:00:00+00:00,13,1,13,0,0.0
2019-11-25 06:00:00+00:00,13,2,29,0,0.0
2019-11-25 06:00:00+00:00,14,1,7,0,0.0
2019-11-25 06:00:00+00:00,14,2,9,0,0.0
2019-11-25 06:00:00+00:00,14,3,9,0,0.0
2019-11-25 06:00:00+00:00,15,1,19,0,0.0
2019-11-25 06:00:00+00:00,15,2,34,0,0.0
2019-11-25 06:00:00+00:00,15,3,9,0,0.0
2019-11-25 06:00:00+00:00,16,1,44,0,0.0
2019-11-25 06:00:00+00:00,16,2,18,0,0.0
2019-11-25 06:00:00+00:00,16,3,11,0,0.0
2019-11-25 06:00:00+00:00,17,1,14,0,0.0
2019-11-25 06:00:00+00:00,17,2,31,0,0.0
2019-11-25 06:00:00+00:00,17,3,26,0,0.0
2019-11-25 06:00:00+00:00,18,1,18,0,0.0
2019-11-25 06:00:00+00:00,18,2,7,0,0.0
2019-11-25 06:00:00+00:00,18,3,28,0,0.0
2019-11-25 06:00:00+00:00,19,1,10,0,0.0
2019-11-25 06:00:00+00:00,19,2,38,0,0.0
2019-11-25 06:00:00+00:00,19,3,19,0,0.0
2019-11-25 06:00:00+00:00,20,1,33,0,0.0
2019-11-25 06:00:00+00:00,20,2,20,0,0.0
2019-11-25 06:00:00+00:00,20,3,34,0,0.0
2019-11-25 06:00:00+00:00,21,1,31,0,0.0
2019-11-25 06:00:00+00:00,21,2,23,1,34.000000000000064
2019-11-25 06:00:00+00:00,21,3,8,0,0.0
2019-11-25 06:00:00+00:00,22,1,31,0,0.0
2019-11-25 06:00:00+00:00,22,2,40,0,0.0
2019-11-25 06:00:00+00:00,22,3,28,0,0.0
2019-11-25 06:00:00+00:00,23,1,14,0,0.0
2019-11-25 06:00:00+00:00,23,2,28,0,0.0
2019-11-25 06:00:00+00:00,23,3,2,0,0.0
2019-11-25 06:00:00+00:00,24,1,28,0,0.0
2019-11-25 06:00:00+00:00,24,2,20,0,0.0
2019-11-25 06:00:00+00:00,24,3,28,0,0.0
2019-11-25 06:00:00+00:00,25,1,35,1,34.000000000000064
2019-11-25 06:00:00+00:00,25,2,30,0,0.0
2019-11-25 06:00:00+00:00,25,3,33,0,0.0
2019-11-25 06:00:00+00:00,26,1,44,0,0.0
2019-11-25 06:00:00+00:00,26,2,30,0,0.0
2019-11-25 06:00:00+00:00,26,3,36,0,0.0
2019-11-25 06:00:00+00:00,27,2,14,0,0.0
2019-11-25 06:00:00+00:00,27,3,27,0,0.0
2019-11-25 06:00:00+00:00,28,1,29,0,0.0
2019-11-25 06:00:00+00:00,28,2,16,0,0.0
2019-11-25 06:00:00+00:00,28,3,17,0,0.0
2019-11-25 06:00:00+00:00,29,1,24,2,68.00000000000013
2019-11-25 06:00:00+00:00,29,2,38,0,0.0
2019-11-25 06:00:00+00:00,29,3,17,0,0.0
2019-11-25 06:00:00+00:00,30,1,57,0,0.0
2019-11-25 06:00:00+00:00,30,2,9,0,0.0
2019-11-25 06:00:00+00:00,30,3,44,0,0.0
2019-11-25 06:00:00+00:00,31,1,16,0,0.0
2019-11-25 06:00:00+00:00,31,3,10,0,0.0
2019-11-25 06:00:00+00:00,32,1,48,0,0.0
2019-11-25 06:00:00+00:00,32,2,7,0,0.0
2019-11-25 06:00:00+00:00,32,3,35,0,0.0
2019-11-25 06:00:00+00:00,33,1,27,0,0.0
2019-11-25 06:00:00+00:00,33,2,16,0,0.0
2019-11-25 06:00:00+00:00,33,3,29,0,0.0
2019-11-25 07:00:00+00:00,0,1,54,1,34.000000000000064
2019-11-25 07:00:00+00:00,0,2,16,0,0.0
2019-11-25 07:00:00+00:00,0,3,8,0,0.0
2019-11-25 07:00:00+00:00,1,1,35,0,0.0
2019-11-25 07:00:00+00:00,1,2,57,0,0.0
2019-11-25 07:00:00+00:00,1,3,23,0,0.0
2019-11-25 07:00:00+00:00,2,1,73,0,0.0
2019-11-25 07:00:00+00:00,2,2,29,0,0.0
2019-11-25 07:00:00+00:00,2,3,23,0,0.0
2019-11-25 07:00:00+00:00,3,1,11,0,0.0
2019-11-25 07:00:00+00:00,3,2,19,0,0.0
2019-11-25 07:00:00+00:00,3,3,9,0,0.0
2019-11-25 07:00:00+00:00,4,1,30,0,0.0
2019-11-25 07:00:00+00:00,4,2,15,0,0.0
2019-11-25 07:00:00+00:00,4,3,7,0,0.0
2019-11-25 07:00:00+00:00,5,1,3,0,0.0
2019-11-25 07:00:00+00:00,5,2,21,0,0.0
2019-11-25 07:00:00+00:00,5,3,16,0,0.0
2019-11-25 07:00:00+00:00,6,1,20,0,0.0
2019-11-25 07:00:00+00:00,6,2,13,0,0.0
2019-11-25 07:00:00+00:00,6,3,8,0,0.0
2019-11-25 07:00:00+00:00,7,1,47,0,0.0
2019-11-25 07:00:00+00:00,7,2,12,0,0.0
2019-11-25 07:00:00+00:00,7,3,5,0,0.0
2019-11-25 07:00:00+00:00,8,1,16,0,0.0
2019-11-25 07:00:00+00:00,8,2,17,0,0.0
2019-11-25 07:00:00+00:00,8,3,20,0,0.0
2019-11-25 07:00:00+00:00,9,1,24,0,0.0
2019-11-25 07:00:00+00:00,9,2,7,0,0.0
2019-11-25 07:00:00+00:00,9,3,20,0,0.0
2019-11-25 07:00:00+00:00,10,1,8,0,0.0
2019-11-25 07:00:00+00:00,10,2,39,1,34.000000000000064
2019-11-25 07:00:00+00:00,10,3,17,0,0.0
2019-11-25 07:00:00+00:00,11,1,14,0,0.0
2019-11-25 07:00:00+00:00,11,3,33,0,0.0
2019-11-25 07:00:00+00:00,12,2,22,0,0.0
2019-11-25 07:00:00+00:00,12,3,21,0,0.0
2019-11-25 07:00:00+00:00,13,1,11,0,0.0
2019-11-25 07:00:00+00:00,13,2,28,0,0.0
2019-11-25 07:00:00+00:00,13,3,4,0,0.0
2019-11-25 07:00:00+00:00,14,1,43,0,0.0
2019-11-25 07:00:00+00:00,14,2,33,0,0.0
2019-11-25 07:00:00+00:00,14,3,24,0,0.0
2019-11-25 07:00:00+00:00,15,1,30,0,0.0
2019-11-25 07:00:00+00:00,15,2,19,0,0.0
2019-11-25 07:00:00+00:00,15,3,14,0,0.0
2019-11-25 07:00:00+00:00,16,1,23,0,0.0
2019-11-25 07:00:00+00:00,16,2,29,0,0.0
2019-11-25 07:00:00+00:00,16,3,29,0,0.0
2019-11-25 07:00:00+00:00,17,1,50,0,0.0
2019-11-25 07:00:00+00:00,17,2,42,0,0.0
2019-11-25 07:00:00+00:00,17,3,26,0,0.0
2019-11-25 07:00:00+00:00,18,1,16,0,0.0
2019-11-25 07:00:00+00:00,18,2,33,0,0.0
2019-11-25 07:00:00+00:00,18,3,16,0,0.0
2019-11-25 07:00:00+00:00,19,1,8,0,0.0
2019-11-25 07:00:00+00:00,19,2,27,1,34.000000000000064
2019-11-25 07:00:00+00:00,19,3,41,1,34.000000000000064
2019-11-25 07:00:00+00:00,20,1,5,0,0.0
2019-11-25 07:00:00+00:00,20,2,11,0,0.0
2019-11-25 07:00:00+00:00,20,3,13,0,0.0
2019-11-25 07:00:00+00:00,21,1,43,0,0.0
2019-11-25 07:00:00+00:00,21,2,22,0,0.0
2019-11-25 07:00:00+00:00,21,3,49,0,0.0
2019-11-25 07:00:00+00:00,22,1,37,0,0.0
2019-11-25 07:00:00+00:00,22,2,35,0,0.0
2019-11-25 07:00:00+00:00,22,3,11,1,34.000000000000064
2019-11-25 07:00:00+00:00,23,1,18,0,0.0
2019-11-25 07:00:00+00:00,23,2,13,0,0.0
2019-11-25 07:00:00+00:00,23,3,30,0,0.0
2019-11-25 07:00:00+00:00,24,1,1,0,0.0
2019-11-25 07:00:00+00:00,24,2,10,0,0.0
2019-11-25 07:00:00+00:00,24,3,24,0,0.0
2019-11-25 07:00:00+00:00,25,1,39,0,0.0
2019-11-25 07:00:00+00:00,25,2,37,0,0.0
2019-11-25 07:00:00+00:00,25,3,2,0,0.0
2019-11-25 07:00:00+00:00,26,1,27,0,0.0
2019-11-25 07:00:00+00:00,26,2,41,0,0.0
2019-11-25 07:00:00+00:00,26,3,12,0,0.0
2019-11-25 07:00:00+00:00,27,1,3,0,0.0
2019-11-25 07:00:00+00:00,27,2,25,0,0.0
2019-11-25 07:00:00+00:00,27,3,33,0,0.0
2019-11-25 07:00:00+00:00,28,1,26,0,0.0
2019-11-25 07:00:00+00:00,28,2,12,0,0.0
2019-11-25 07:00:00+00:00,28,3,10,0,0.0
2019-11-25 07:00:00+00:00,29,1,19,0,0.0
2019-11-25 07:00:00+00:00,29,2,40,0,0.0
2019-11-25 07:00:00+00:00,29,3,67,0,0.0
2019-11-25 07:00:00+00:00,30,1,6,0,0.0
2019-11-25 07:00:00+00:00,30,2,10,0,0.0
2019-11-25 07:00:00+00:00,30,3,43,0,0.0
2019-11-25 07:00:00+00:00,31,1,23,1,34.000000000000064
2019-11-25 07:00:00+00:00,31,2,14,0,0.0
2019-11-25 07:00:00+00:00,31,3,49,0,0.0
2019-11-25 07:00:00+00:00,32,1,1,0,0.0
2019-11-25 07:00:00+00:00,32,2,31,0,0.0
2019-11-25 07:00:00+00:00,32,3,36,0,0.0
2019-11-25 07:00:00+00:00,33,1,25,0,0.0
2019-11-25 07:00:00+00:00,33,2,10,0,0.0
2019-11-25 07:00:00+00:00,33,3,45,0,0.0
2019-11-25 08:00:00+00:00,0,1,29,0,0.0
2019-11-25 08:00:00+00:00,0,2,38,0,0.0
2019-11-25 08:00:00+00:00,0,3,18,0,0.0
2019-11-25 08:00:00+00:00,1,1,34,0,0.0
2019-11-25 08:00:00+00:00,1,2,20,0,0.0
2019-11-25 08:00:00+00:00,1,3,11,0,0.0
2019-11-25 08:00:00+00:00,2,1,60,5,170.0000000000003
2019-11-25 08:00:00+00:00,2,2,13,0,0.0
2019-11-25 08:00:00+00:00,2,3,19,0,0.0
2019-11-25 08:00:00+00:00,3,1,20,0,0.0
2019-11-25 08:00:00+00:00,3,2,53,0,0.0
2019-11-25 08:00:00+00:00,3,3,21,0,0.0
2019-11-25 08:00:00+00:00,4,1,1,0,0.0
2019-11-25 08:00:00+00:00,4,2,8,0,0.0
2019-11-25 08:00:00+00:00,4,3,18,0,0.0
2019-11-25 08:00:00+00:00,5,1,20,0,0.0
2019-11-25 08:00:00+00:00,5,2,40,0,0.0
2019-11-25 08:00:00+00:00,5,3,15,0,0.0
2019-11-25 08:00:00+00:00,6,1,29,1,34.000000000000064
2019-11-25 08:00:00+00:00,6,2,21,0,0.0
2019-11-25 08:00:00+00:00,6,3,15,0,0.0
2019-11-25 08:00:00+00:00,7,1,23,2,68.00000000000013
2019-11-25 08:00:00+00:00,7,2,1,0,0.0
2019-11-25 08:00:00+00:00,7,3,56,0,0.0
2019-11-25 08:00:00+00:00,8,1,38,0,0.0
2019-11-25 08:00:00+00:00,8,2,29,0,0.0
2019-11-25 08:00:00+00:00,8,3,10,0,0.0
2019-11-25 08:00:00+00:00,9,1,15,0,0.0
2019-11-25 08:00:00+00:00,9,2,32,0,0.0
2019-11-25 08:00:00+00:00,9,3,39,0,0.0
2019-11-25 08:00:00+00:00,10,1,6,0,0.0
2019-11-25 08:00:00+00:00,10,2,18,0,0.0
2019-11-25 08:00:00+00:00,10,3,30,0,0.0
2019-11-25 08:00:00+00:00,11,1,33,0,0.0
2019-11-25 08:00:00+00:00,11,2,15,0,0.0
2019-11-25 08:00:00+00:00,11,3,18,0,0.0
2019-11-25 08:00:00+00:00,12,1,25,0,0.0
2019-11-25 08:00:00+00:00,12,2,15,0,0.0
2019-11-25 08:00:00+00:00,12,3,22,0,0.0
2019-11-25 08:00:00+00:00,13,1,30,0,0.0
2019-11-25 08:00:00+00:00,13,2,20,0,0.0
2019-11-25 08:00:00+00:00,13,3,17,0,0.0
2019-11-25 08:00:00+00:00,14,1,14,0,0.0
2019-11-25 08:00:00+00:00,14,2,23,0,0.0
2019-11-25 08:00:00+00:00,14,3,33,0,0.0
2019-11-25 08:00:00+00:00,15,1,25,0,0.0
2019-11-25 08:00:00+00:00,15,2,30,0,0.0
2019-11-25 08:00:00+00:00,15,3,12,0,0.0
2019-11-25 08:00:00+00:00,16,1,30,0,0.0
2019-11-25 08:00:00+00:00,16,2,65,0,0.0
2019-11-25 08:00:00+00:00,16,3,16,0,0.0
2019-11-25 08:00:00+00:00,17,1,16,0,0.0
2019-11-25 08:00:00+00:00,17,2,48,0,0.0
2019-11-25 08:00:00+00:00,17,3,29,0,0.0
2019-11-25 08:00:00+00:00,18,1,28,0,0.0
2019-11-25 08:00:00+00:00,18,2,7,0,0.0
2019-11-25 08:00:00+00:00,18,3,42,0,0.0
2019-11-25 08:00:00+00:00,19,1,36,0,0.0
2019-11-25 08:00:00+00:00,19,2,27,0,0.0
2019-11-25 08:00:00+00:00,19,3,9,0,0.0
2019-11-25 08:00:00+00:00,20,1,35,0,0.0
2019-11-25 08:00:00+00:00,20,2,18,0,0.0
2019-11-25 08:00:00+00:00,20,3,2,0,0.0
2019-11-25 08:00:00+00:00,21,1,33,0,0.0
2019-11-25 08:00:00+00:00,21,2,26,0,0.0
2019-11-25 08:00:00+00:00,21,3,5,0,0.0
2019-11-25 08:00:00+00:00,22,1,26,0,0.0
2019-11-25 08:00:00+00:00,22,2,26,0,0.0
2019-11-25 08:00:00+00:00,22,3,28,0,0.0
2019-11-25 08:00:00+00:00,23,1,22,0,0.0
2019-11-25 08:00:00+00:00,23,2,25,0,0.0
2019-11-25 08:00:00+00:00,23,3,8,0,0.0
2019-11-25 08:00:00+00:00,24,1,14,0,0.0
2019-11-25 08:00:00+00:00,24,2,14,0,0.0
2019-11-25 08:00:00+00:00,24,3,32,0,0.0
2019-11-25 08:00:00+00:00,25,1,5,0,0.0
2019-11-25 08:00:00+00:00,25,2,29,0,0.0
2019-11-25 08:00:00+00:00,25,3,18,0,0.0
2019-11-25 08:00:00+00:00,26,1,37,0,0.0
2019-11-25 08:00:00+00:00,26,2,30,0,0.0
2019-11-25 08:00:00+00:00,26,3,16,0,0.0
2019-11-25 08:00:00+00:00,27,1,28,3,102.0000000000002
2019-11-25 08:00:00+00:00,27,2,23,0,0.0
2019-11-25 08:00:00+00:00,27,3,33,0,0.0
2019-11-25 08:00:00+00:00,28,1,23,0,0.0
2019-11-25 08:00:00+00:00,28,2,22,0,0.0
2019-11-25 08:00:00+00:00,28,3,51,0,0.0
2019-11-25 08:00:00+00:00,29,1,18,0,0.0
2019-11-25 08:00:00+00:00,29,2,35,0,0.0
2019-11-25 08:00:00+00:00,29,3,29,0,0.0
2019-11-25 08:00:00+00:00,30,1,9,0,0.0
2019-11-25 08:00:00+00:00,30,2,21,0,0.0
2019-11-25 08:00:00+00:00,30,3,51,0,0.0
2019-11-25 08:00:00+00:00,31,1,14,0,0.0
2019-11-25 08:00:00+00:00,31,2,3,0,0.0
2019-11-25 08:00:00+00:00,31,3,18,0,0.0
2019-11-25 08:00:00+00:00,32,1,44,0,0.0
2019-11-25 08:00:00+00:00,32,2,21,0,0.0
2019-11-25 08:00:00+00:00,32,3,32,0,0.0
2019-11-25 08:00:00+00:00,33,1,4,0,0.0
2019-11-25 08:00:00+00:00,33,2,9,0,0.0
2019-11-25 08:00:00+00:00,33,3,51,0,0.0
2019-11-25 09:00:00+00:00,0,1,19,0,0.0
2019-11-25 09:00:00+00:00,0,2,33,0,0.0
2019-11-25 09:00:00+00:00,0,3,41,1,34.000000000000064
2019-11-25 09:00:00+00:00,1,1,39,2,68.00000000000013
2019-11-25 09:00:00+00:00,1,2,21,0,0.0
2019-11-25 09:00:00+00:00,1,3,50,0,0.0
2019-11-25 09:00:00+00:00,2,1,46,1,34.000000000000064
2019-11-25 09:00:00+00:00,2,2,18,0,0.0
2019-11-25 09:00:00+00:00,2,3,52,0,0.0
2019-11-25 09:00:00+00:00,3,1,26,0,0.0
2019-11-25 09:00:00+00:00,3,2,27,0,0.0
2019-11-25 09:00:00+00:00,3,3,13,0,0.0
2019-11-25 09:00:00+00:00,4,1,32,0,0.0
2019-11-25 09:00:00+00:00,4,2,13,0,0.0
2019-11-25 09:00:00+00:00,4,3,20,0,0.0
2019-11-25 09:00:00+00:00,5,1,31,0,0.0
2019-11-25 09:00:00+00:00,5,2,53,0,0.0
2019-11-25 09:00:00+00:00,5,3,23,0,0.0
2019-11-25 09:00:00+00:00,6,1,18,0,0.0
2019-11-25 09:00:00+00:00,6,2,7,0,0.0
2019-11-25 09:00:00+00:00,6,3,11,0,0.0
2019-11-25 09:00:00+00:00,7,1,49,0,0.0
2019-11-25 09:00:00+00:00,7,2,46,0,0.0
2019-11-25 09:00:00+00:00,7,3,55,0,0.0
2019-11-25 09:00:00+00:00,8,1,24,0,0.0
2019-11-25 09:00:00+00:00,8,2,26,0,0.0
2019-11-25 09:00:00+00:00,8,3,28,0,0.0
2019-11-25 09:00:00+00:00,9,1,16,0,0.0
2019-11-25 09:00:00+00:00,9,2,36,0,0.0
2019-11-25 09:00:00+00:00,9,3,31,0,0.0
2019-11-25 09:00:00+00:00,10,1,12,0,0.0
2019-11-25 09:00:00+00:00,10,2,25,0,0.0
2019-11-25 09:00:00+00:00,10,3,24,0,0.0
2019-11-25 09:00:00+00:00,11,1,10,0,0.0
2019-11-25 09:00:00+00:00,11,2,25,0,0.0
2019-11-25 09:00:00+00:00,11,3,64,0,0.0
2019-11-25 09:00:00+00:00,12,1,34,0,0.0
2019-11-25 09:00:00+00:00,12,2,26,0,0.0
2019-11-25 09:00:00+00:00,12,3,56,8,272.0000000000005
2019-11-25 09:00:00+00:00,13,1,9,0,0.0
2019-11-25 09:00:00+00:00,13,2,15,0,0.0
2019-11-25 09:00:00+00:00,13,3,43,1,34.000000000000064
2019-11-25 09:00:00+00:00,14,1,40,0,0.0
2019-11-25 09:00:00+00:00,14,2,21,0,0.0
2019-11-25 09:00:00+00:00,14,3,40,0,0.0
2019-11-25 09:00:00+00:00,15,1,46,0,0.0
2019-11-25 09:00:00+00:00,15,2,11,0,0.0
2019-11-25 09:00:00+00:00,15,3,17,0,0.0
2019-11-25 09:00:00+00:00,16,1,56,3,102.0000000000002
2019-11-25 09:00:00+00:00,16,2,17,0,0.0
2019-11-25 09:00:00+00:00,16,3,19,0,0.0
2019-11-25 09:00:00+00:00,17,1,23,0,0.0
2019-11-25 09:00:00+00:00,17,2,47,0,0.0
2019-11-25 09:00:00+00:00,17,3,24,0,0.0
2019-11-25 09:00:00+00:00,18,1,38,0,0.0
2019-11-25 09:00:00+00:00,18,2,7,0,0.0
2019-11-25 09:00:00+00:00,18,3,9,0,0.0
2019-11-25 09:00:00+00:00,19,1,46,0,0.0
2019-11-25 09:00:00+00:00,19,2,37,0,0.0
2019-11-25 09:00:00+00:00,19,3,24,0,0.0
2019-11-25 09:00:00+00:00,20,1,22,0,0.0
2019-11-25 09:00:00+00:00,20,2,55,0,0.0
2019-11-25 09:00:00+00:00,20,3,12,0,0.0
2019-11-25 09:00:00+00:00,21,1,39,1,34.000000000000064
2019-11-25 09:00:00+00:00,21,2,30,0,0.0
2019-11-25 09:00:00+00:00,21,3,24,0,0.0
2019-11-25 09:00:00+00:00,22,1,19,0,0.0
2019-11-25 09:00:00+00:00,22,2,37,0,0.0
2019-11-25 09:00:00+00:00,22,3,6,0,0.0
2019-11-25 09:00:00+00:00,23,1,27,0,0.0
2019-11-25 09:00:00+00:00,23,2,59,0,0.0
2019-11-25 09:00:00+00:00,23,3,18,0,0.0
2019-11-25 09:00:00+00:00,24,1,24,1,34.000000000000064
2019-11-25 09:00:00+00:00,24,2,23,0,0.0
2019-11-25 09:00:00+00:00,24,3,42,0,0.0
2019-11-25 09:00:00+00:00,25,1,39,0,0.0
2019-11-25 09:00:00+00:00,25,2,40,0,0.0
2019-11-25 09:00:00+00:00,25,3,21,0,0.0
2019-11-25 09:00:00+00:00,26,1,26,0,0.0
2019-11-25 09:00:00+00:00,26,2,9,0,0.0
2019-11-25 09:00:00+00:00,26,3,16,0,0.0
2019-11-25 09:00:00+00:00,27,1,18,0,0.0
2019-11-25 09:00:00+00:00,27,2,44,1,34.000000000000064
2019-11-25 09:00:00+00:00,27,3,22,0,0.0
2019-11-25 09:00:00+00:00,28,1,31,0,0.0
2019-11-25 09:00:00+00:00,28,2,16,0,0.0
2019-11-25 09:00:00+00:00,28,3,40,0,0.0
2019-11-25 09:00:00+00:00,29,1,9,0,0.0
2019-11-25 09:00:00+00:00,29,2,33,0,0.0
2019-11-25 09:00:00+00:00,29,3,37,0,0.0
2019-11-25 09:00:00+00:00,30,1,37,0,0.0
2019-11-25 09:00:00+00:00,30,2,29,0,0.0
2019-11-25 09:00:00+00:00,30,3,61,0,0.0
2019-11-25 09:00:00+00:00,31,1,24,0,0.0
2019-11-25 09:00:00+00:00,31,2,46,0,0.0
2019-11-25 09:00:00+00:00,31,3,10,0,0.0
2019-11-25 09:00:00+00:00,32,1,16,0,0.0
2019-11-25 09:00:00+00:00,32,2,26,0,0.0
2019-11-25 09:00:00+00:00,32,3,21,0,0.0
2019-11-25 09:00:00+00:00,33,1,28,0,0.0
2019-11-25 09:00:00+00:00,33,2,17,0,0.0
2019-11-25 10:00:00+00:00,0,1,31,0,0.0
2019-11-25 10:00:00+00:00,0,2,35,0,0.0
2019-11-25 10:00:00+00:00,0,3,40,2,68.00000000000013
2019-11-25 10:00:00+00:00,1,1,45,0,0.0
2019-11-25 10:00:00+00:00,1,2,36,0,0.0
2019-11-25 10:00:00+00:00,1,3,38,0,0.0
2019-11-25 10:00:00+00:00,2,1,50,0,0.0
2019-11-25 10:00:00+00:00,2,2,25,0,0.0
2019-11-25 10:00:00+00:00,2,3,40,0,0.0
2019-11-25 10:00:00+00:00,3,1,44,0,0.0
2019-11-25 10:00:00+00:00,3,2,36,0,0.0
2019-11-25 10:00:00+00:00,3,3,37,0,0.0
2019-11-25 10:00:00+00:00,4,1,27,0,0.0
2019-11-25 10:00:00+00:00,4,2,15,0,0.0
2019-11-25 10:00:00+00:00,4,3,18,0,0.0
2019-11-25 10:00:00+00:00,5,1,25,0,0.0
2019-11-25 10:00:00+00:00,5,2,20,0,0.0
2019-11-25 10:00:00+00:00,5,3,52,0,0.0
2019-11-25 10:00:00+00:00,6,1,9,0,0.0
2019-11-25 10:00:00+00:00,6,2,25,0,0.0
2019-11-25 10:00:00+00:00,6,3,59,0,0.0
2019-11-25 10:00:00+00:00,7,1,24,0,0.0
2019-11-25 10:00:00+00:00,7,2,22,0,0.0
2019-11-25 10:00:00+00:00,7,3,8,0,0.0
2019-11-25 10:00:00+00:00,8,1,22,0,0.0
2019-11-25 10:00:00+00:00,8,2,59,0,0.0
2019-11-25 10:00:00+00:00,8,3,32,0,0.0
2019-11-25 10:00:00+00:00,9,1,33,0,0.0
2019-11-25 10:00:00+00:00,9,2,56,0,0.0
2019-11-25 10:00:00+00:00,9,3,47,0,0.0
2019-11-25 10:00:00+00:00,10,1,37,0,0.0
2019-11-25 10:00:00+00:00,10,2,7,0,0.0
2019-11-25 10:00:00+00:00,10,3,22,0,0.0
2019-11-25 10:00:00+00:00,11,1,42,0,0.0
2019-11-25 10:00:00+00:00,11,2,19,0,0.0
2019-11-25 10:00:00+00:00,12,1,40,0,0.0
2019-11-25 10:00:00+00:00,12,2,24,0,0.0
2019-11-25 10:00:00+00:00,12,3,33,0,0.0
2019-11-25 10:00:00+00:00,13,1,13,0,0.0
2019-11-25 10:00:00+00:00,13,2,42,1,34.000000000000064
2019-11-25 10:00:00+00:00,13,3,72,0,0.0
2019-11-25 10:00:00+00:00,14,1,18,0,0.0
2019-11-25 10:00:00+00:00,14,2,27,0,0.0
2019-11-25 10:00:00+00:00,14,3,30,1,34.000000000000064
2019-11-25 10:00:00+00:00,15,1,26,0,0.0
2019-11-25 10:00:00+00:00,15,2,7,0,0.0
2019-11-25 10:00:00+00:00,15,3,6,0,0.0
2019-11-25 10:00:00+00:00,16,1,30,0,0.0
2019-11-25 10:00:00+00:00,16,2,28,0,0.0
2019-11-25 10:00:00+00:00,16,3,11,0,0.0
2019-11-25 10:00:00+00:00,17,1,72,0,0.0
2019-11-25 10:00:00+00:00,17,2,33,0,0.0
2019-11-25 10:00:00+00:00,17,3,27,0,0.0
2019-11-25 10:00:00+00:00,18,1,41,0,0.0
2019-11-25 10:00:00+00:00,18,2,36,0,0.0
2019-11-25 10:00:00+00:00,18,3,10,0,0.0
2019-11-25 10:00:00+00:00,19,1,25,0,0.0
2019-11-25 10:00:00+00:00,19,2,65,0,0.0
2019-11-25 10:00:00+00:00,19,3,20,0,0.0
2019-11-25 10:00:00+00:00,20,1,43,0,0.0
2019-11-25 10:00:00+00:00,20,2,11,0,0.0
2019-11-25 10:00:00+00:00,20,3,47,0,0.0
2019-11-25 10:00:00+00:00,21,1,11,0,0.0
2019-11-25 10:00:00+00:00,21,2,66,0,0.0
2019-11-25 10:00:00+00:00,21,3,34,0,0.0
2019-11-25 10:00:00+00:00,22,1,9,0,0.0
2019-11-25 10:00:00+00:00,22,2,52,0,0.0
2019-11-25 10:00:00+00:00,22,3,42,0,0.0
2019-11-25 10:00:00+00:00,23,1,43,0,0.0
2019-11-25 10:00:00+00:00,23,2,33,0,0.0
2019-11-25 10:00:00+00:00,23,3,48,0,0.0
2019-11-25 10:00:00+00:00,24,1,20,0,0.0
2019-11-25 10:00:00+00:00,24,2,28,0,0.0
2019-11-25 10:00:00+00:00,24,3,23,0,0.0
2019-11-25 10:00:00+00:00,25,1,16,0,0.0
2019-11-25 10:00:00+00:00,25,2,50,0,0.0
2019-11-25 10:00:00+00:00,25,3,16,0,0.0
2019-11-25 10:00:00+00:00,26,1,5,0,0.0
2019-11-25 10:00:00+00:00,26,2,27,0,0.0
2019-11-25 10:00:00+00:00,26,3,14,0,0.0
2019-11-25 10:00:00+00:00,27,1,49,0,0.0
2019-11-25 10:00:00+00:00,27,2,9,0,0.0
2019-11-25 10:00:00+00:00,27,3,50,0,0.0
2019-11-25 10:00:00+00:00,28,1,31,0,0.0
2019-11-25 10:00:00+00:00,28,2,13,0,0.0
2019-11-25 10:00:00+00:00,28,3,33,0,0.0
2019-11-25 10:00:00+00:00,29,1,21,0,0.0
2019-11-25 10:00:00+00:00,29,2,61,0,0.0
2019-11-25 10:00:00+00:00,29,3,16,0,0.0
2019-11-25 10:00:00+00:00,30,1,44,0,0.0
2019-11-25 10:00:00+00:00,30,2,28,0,0.0
2019-11-25 10:00:00+00:00,30,3,40,0,0.0
2019-11-25 10:00:00+00:00,31,1,68,1,34.000000000000064
2019-11-25 10:00:00+00:00,31,2,39,0,0.0
2019-11-25 10:00:00+00:00,31,3,38,0,0.0
2019-11-25 10:00:00+00:00,32,1,31,0,0.0
2019-11-25 10:00:00+00:00,32,2,25,0,0.0
2019-11-25 10:00:00+00:00,32,3,36,0,0.0
2019-11-25 10:00:00+00:00,33,1,27,0,0.0
2019-11-25 10:00:00+00:00,33,2,14,0,0.0
2019-11-25 10:00:00+00:00,33,3,36,0,0.0
2019-11-25 11:00:00+00:00,0,1,29,0,0.0
2019-11-25 11:00:00+00:00,0,2,52,0,0.0
2019-11-25 11:00:00+00:00,0,3,68,1,34.000000000000064
2019-11-25 11:00:00+00:00,1,1,53,0,0.0
2019-11-25 11:00:00+00:00,1,2,39,0,0.0
2019-11-25 11:00:00+00:00,1,3,47,0,0.0
2019-11-25 11:00:00+00:00,2,1,26,0,0.0
2019-11-25 11:00:00+00:00,2,2,37,0,0.0
2019-11-25 11:00:00+00:00,2,3,48,0,0.0
2019-11-25 11:00:00+00:00,3,1,45,0,0.0
2019-11-25 11:00:00+00:00,3,2,46,0,0.0
2019-11-25 11:00:00+00:00,3,3,51,4,136.00000000000026
2019-11-25 11:00:00+00:00,4,1,41,0,0.0
2019-11-25 11:00:00+00:00,4,2,31,0,0.0
2019-11-25 11:00:00+00:00,4,3,31,0,0.0
2019-11-25 11:00:00+00:00,5,1,19,0,0.0
2019-11-25 11:00:00+00:00,5,2,2,0,0.0
2019-11-25 11:00:00+00:00,5,3,47,0,0.0
2019-11-25 11:00:00+00:00,6,1,32,1,34.000000000000064
2019-11-25 11:00:00+00:00,6,2,50,0,0.0
2019-11-25 11:00:00+00:00,6,3,45,0,0.0
2019-11-25 11:00:00+00:00,7,1,27,0,0.0
2019-11-25 11:00:00+00:00,7,2,18,0,0.0
2019-11-25 11:00:00+00:00,7,3,47,3,102.0000000000002
2019-11-25 11:00:00+00:00,8,1,32,0,0.0
2019-11-25 11:00:00+00:00,8,2,38,0,0.0
2019-11-25 11:00:00+00:00,8,3,26,0,0.0
2019-11-25 11:00:00+00:00,9,1,13,0,0.0
2019-11-25 11:00:00+00:00,9,2,36,0,0.0
2019-11-25 11:00:00+00:00,9,3,35,0,0.0
2019-11-25 11:00:00+00:00,10,1,15,0,0.0
2019-11-25 11:00:00+00:00,10,2,78,0,0.0
2019-11-25 11:00:00+00:00,10,3,15,0,0.0
2019-11-25 11:00:00+00:00,11,1,59,1,34.000000000000064
2019-11-25 11:00:00+00:00,11,2,48,0,0.0
2019-11-25 11:00:00+00:00,11,3,23,0,0.0
2019-11-25 11:00:00+00:00,12,1,38,0,0.0
2019-11-25 11:00:00+00:00,12,2,36,0,0.0
2019-11-25 11:00:00+00:00,12,3,31,0,0.0
2019-11-25 11:00:00+00:00,13,1,31,0,0.0
2019-11-25 11:00:00+00:00,13,2,34,0,0.0
2019-11-25 11:00:00+00:00,13,3,38,0,0.0
2019-11-25 11:00:00+00:00,14,1,50,0,0.0
2019-11-25 11:00:00+00:00,14,2,45,0,0.0
2019-11-25 11:00:00+00:00,14,3,35,0,0.0
2019-11-25 11:00:00+00:00,15,1,31,0,0.0
2019-11-25 11:00:00+00:00,15,2,25,0,0.0
2019-11-25 11:00:00+00:00,15,3,41,0,0.0
2019-11-25 11:00:00+00:00,16,1,8,0,0.0
2019-11-25 11:00:00+00:00,16,2,45,0,0.0
2019-11-25 11:00:00+00:00,16,3,61,0,0.0
2019-11-25 11:00:00+00:00,17,1,66,1,34.000000000000064
2019-11-25 11:00:00+00:00,17,2,14,0,0.0
2019-11-25 11:00:00+00:00,17,3,31,0,0.0
2019-11-25 11:00:00+00:00,18,1,60,0,0.0
2019-11-25 11:00:00+00:00,18,2,26,0,0.0
2019-11-25 11:00:00+00:00,18,3,28,0,0.0
2019-11-25 11:00:00+00:00,19,1,49,0,0.0
2019-11-25 11:00:00+00:00,19,2,52,0,0.0
2019-11-25 11:00:00+00:00,19,3,57,0,0.0
2019-11-25 11:00:00+00:00,20,1,7,0,0.0
2019-11-25 11:00:00+00:00,20,2,59,0,0.0
2019-11-25 11:00:00+00:00,20,3,15,0,0.0
2019-11-25 11:00:00+00:00,21,1,40,0,0.0
2019-11-25 11:00:00+00:00,21,2,77,0,0.0
2019-11-25 11:00:00+00:00,21,3,35,0,0.0
2019-11-25 11:00:00+00:00,22,1,57,0,0.0
2019-11-25 11:00:00+00:00,22,2,30,4,136.00000000000026
2019-11-25 11:00:00+00:00,22,3,35,0,0.0
2019-11-25 11:00:00+00:00,23,1,42,0,0.0
2019-11-25 11:00:00+00:00,23,2,31,0,0.0
2019-11-25 11:00:00+00:00,23,3,33,0,0.0
2019-11-25 11:00:00+00:00,24,1,24,0,0.0
2019-11-25 11:00:00+00:00,24,2,43,0,0.0
2019-11-25 11:00:00+00:00,24,3,38,0,0.0
2019-11-25 11:00:00+00:00,25,1,70,0,0.0
2019-11-25 11:00:00+00:00,25,2,60,0,0.0
2019-11-25 11:00:00+00:00,25,3,27,0,0.0
2019-11-25 11:00:00+00:00,26,1,52,0,0.0
2019-11-25 11:00:00+00:00,26,2,30,0,0.0
2019-11-25 11:00:00+00:00,26,3,52,0,0.0
2019-11-25 11:00:00+00:00,27,1,44,0,0.0
2019-11-25 11:00:00+00:00,27,2,43,0,0.0
2019-11-25 11:00:00+00:00,27,3,66,0,0.0
2019-11-25 11:00:00+00:00,28,1,31,0,0.0
2019-11-25 11:00:00+00:00,28,2,37,0,0.0
2019-11-25 11:00:00+00:00,28,3,15,0,0.0
2019-11-25 11:00:00+00:00,29,1,56,2,68.00000000000013
2019-11-25 11:00:00+00:00,29,2,42,0,0.0
2019-11-25 11:00:00+00:00,29,3,37,0,0.0
2019-11-25 11:00:00+00:00,30,1,46,0,0.0
2019-11-25 11:00:00+00:00,30,2,20,0,0.0
2019-11-25 11:00:00+00:00,30,3,64,1,34.000000000000064
2019-11-25 11:00:00+00:00,31,1,45,0,0.0
2019-11-25 11:00:00+00:00,31,2,32,0,0.0
2019-11-25 11:00:00+00:00,31,3,35,0,0.0
2019-11-25 11:00:00+00:00,32,1,61,3,102.0000000000002
2019-11-25 11:00:00+00:00,32,2,52,0,0.0
2019-11-25 11:00:00+00:00,32,3,41,0,0.0
2019-11-25 11:00:00+00:00,33,1,45,0,0.0
2019-11-25 11:00:00+00:00,33,2,36,0,0.0
2019-11-25 11:00:00+00:00,33,3,47,0,0.0
2019-11-25 12:00:00+00:00,0,1,33,0,0.0
2019-11-25 12:00:00+00:00,0,2,40,0,0.0
2019-11-25 12:00:00+00:00,0,3,49,0,0.0
2019-11-25 12:00:00+00:00,1,1,40,0,0.0
2019-11-25 12:00:00+00:00,1,2,41,0,0.0
2019-11-25 12:00:00+00:00,1,3,70,0,0.0
2019-11-25 12:00:00+00:00,2,1,42,0,0.0
2019-11-25 12:00:00+00:00,2,2,67,0,0.0
2019-11-25 12:00:00+00:00,2,3,34,0,0.0
2019-11-25 12:00:00+00:00,3,1,55,0,0.0
2019-11-25 12:00:00+00:00,3,2,55,0,0.0
2019-11-25 12:00:00+00:00,3,3,40,0,0.0
2019-11-25 12:00:00+00:00,4,1,63,2,68.00000000000013
2019-11-25 12:00:00+00:00,4,2,56,0,0.0
2019-11-25 12:00:00+00:00,4,3,33,0,0.0
2019-11-25 12:00:00+00:00,5,1,68,0,0.0
2019-11-25 12:00:00+00:00,5,2,48,0,0.0
2019-11-25 12:00:00+00:00,5,3,70,0,0.0
2019-11-25 12:00:00+00:00,6,1,54,0,0.0
2019-11-25 12:00:00+00:00,6,2,43,0,0.0
2019-11-25 12:00:00+00:00,6,3,66,0,0.0
2019-11-25 12:00:00+00:00,7,1,77,0,0.0
2019-11-25 12:00:00+00:00,7,2,70,0,0.0
2019-11-25 12:00:00+00:00,7,3,77,0,0.0
2019-11-25 12:00:00+00:00,8,1,79,0,0.0
2019-11-25 12:00:00+00:00,8,2,55,0,0.0
2019-11-25 12:00:00+00:00,8,3,65,0,0.0
2019-11-25 12:00:00+00:00,9,1,72,0,0.0
2019-11-25 12:00:00+00:00,9,2,28,0,0.0
2019-11-25 12:00:00+00:00,9,3,44,0,0.0
2019-11-25 12:00:00+00:00,10,1,39,0,0.0
2019-11-25 12:00:00+00:00,10,2,33,0,0.0
2019-11-25 12:00:00+00:00,10,3,21,0,0.0
2019-11-25 12:00:00+00:00,11,1,95,0,0.0
2019-11-25 12:00:00+00:00,11,2,54,0,0.0
2019-11-25 12:00:00+00:00,11,3,149,0,0.0
2019-11-25 12:00:00+00:00,12,1,79,0,0.0
2019-11-25 12:00:00+00:00,12,2,36,0,0.0
2019-11-25 12:00:00+00:00,12,3,108,3,102.0000000000002
2019-11-25 12:00:00+00:00,13,1,33,0,0.0
2019-11-25 12:00:00+00:00,13,2,57,0,0.0
2019-11-25 12:00:00+00:00,13,3,39,0,0.0
2019-11-25 12:00:00+00:00,14,1,50,0,0.0
2019-11-25 12:00:00+00:00,14,2,63,0,0.0
2019-11-25 12:00:00+00:00,14,3,21,0,0.0
2019-11-25 12:00:00+00:00,15,1,34,0,0.0
2019-11-25 12:00:00+00:00,15,2,57,0,0.0
2019-11-25 12:00:00+00:00,15,3,70,0,0.0
2019-11-25 12:00:00+00:00,16,1,75,1,34.000000000000064
2019-11-25 12:00:00+00:00,16,2,67,0,0.0
2019-11-25 12:00:00+00:00,16,3,52,0,0.0
2019-11-25 12:00:00+00:00,17,1,51,0,0.0
2019-11-25 12:00:00+00:00,17,2,49,0,0.0
2019-11-25 12:00:00+00:00,17,3,31,0,0.0
2019-11-25 12:00:00+00:00,18,1,45,0,0.0
2019-11-25 12:00:00+00:00,18,2,47,0,0.0
2019-11-25 12:00:00+00:00,18,3,38,0,0.0
2019-11-25 12:00:00+00:00,19,1,95,0,0.0
2019-11-25 12:00:00+00:00,19,2,51,0,0.0
2019-11-25 12:00:00+00:00,19,3,62,0,0.0
2019-11-25 12:00:00+00:00,20,1,29,0,0.0
2019-11-25 12:00:00+00:00,20,2,43,0,0.0
2019-11-25 12:00:00+00:00,20,3,28,0,0.0
2019-11-25 12:00:00+00:00,21,1,70,0,0.0
2019-11-25 12:00:00+00:00,21,2,55,0,0.0
2019-11-25 12:00:00+00:00,21,3,70,0,0.0
2019-11-25 12:00:00+00:00,22,1,59,0,0.0
2019-11-25 12:00:00+00:00,22,2,29,3,102.0000000000002
2019-11-25 12:00:00+00:00,22,3,33,0,0.0
2019-11-25 12:00:00+00:00,23,1,23,0,0.0
2019-11-25 12:00:00+00:00,23,2,47,0,0.0
2019-11-25 12:00:00+00:00,23,3,81,2,68.00000000000013
2019-11-25 12:00:00+00:00,24,1,40,0,0.0
2019-11-25 12:00:00+00:00,24,2,78,1,34.000000000000064
2019-11-25 12:00:00+00:00,24,3,30,0,0.0
2019-11-25 12:00:00+00:00,25,1,72,0,0.0
2019-11-25 12:00:00+00:00,25,2,60,0,0.0
2019-11-25 12:00:00+00:00,25,3,100,5,170.0000000000003
2019-11-25 12:00:00+00:00,26,1,35,0,0.0
2019-11-25 12:00:00+00:00,26,2,50,0,0.0
2019-11-25 12:00:00+00:00,26,3,39,0,0.0
2019-11-25 12:00:00+00:00,27,1,54,0,0.0
2019-11-25 12:00:00+00:00,27,2,72,0,0.0
2019-11-25 12:00:00+00:00,27,3,35,1,34.000000000000064
2019-11-25 12:00:00+00:00,28,1,59,0,0.0
2019-11-25 12:00:00+00:00,28,2,62,0,0.0
2019-11-25 12:00:00+00:00,28,3,32,0,0.0
2019-11-25 12:00:00+00:00,29,1,23,0,0.0
2019-11-25 12:00:00+00:00,29,2,67,0,0.0
2019-11-25 12:00:00+00:00,29,3,42,0,0.0
2019-11-25 12:00:00+00:00,30,1,64,1,34.000000000000064
2019-11-25 12:00:00+00:00,30,2,82,1,34.000000000000064
2019-11-25 12:00:00+00:00,30,3,48,1,34.000000000000064
2019-11-25 12:00:00+00:00,31,1,38,0,0.0
2019-11-25 12:00:00+00:00,31,2,68,0,0.0
2019-11-25 12:00:00+00:00,31,3,75,1,34.000000000000064
2019-11-25 12:00:00+00:00,32,1,42,0,0.0
2019-11-25 12:00:00+00:00,32,2,38,0,0.0
2019-11-25 12:00:00+00:00,32,3,42,0,0.0
2019-11-25 12:00:00+00:00,33,1,42,0,0.0
2019-11-25 12:00:00+00:00,33,2,61,0,0.0
2019-11-25 12:00:00+00:00,33,3,31,0,0.0
2019-11-25 13:00:00+00:00,0,1,68,1,34.000000000000064
2019-11-25 13:00:00+00:00,0,2,43,0,0.0
2019-11-25 13:00:00+00:00,0,3,54,0,0.0
2019-11-25 13:00:00+00:00,1,1,45,0,0.0
2019-11-25 13:00:00+00:00,1,2,71,0,0.0
2019-11-25 13:00:00+00:00,1,3,78,0,0.0
2019-11-25 13:00:00+00:00,2,1,26,0,0.0
2019-11-25 13:00:00+00:00,2,2,68,0,0.0
2019-11-25 13:00:00+00:00,2,3,99,1,34.000000000000064
2019-11-25 13:00:00+00:00,3,1,86,1,34.000000000000064
2019-11-25 13:00:00+00:00,3,2,79,1,34.000000000000064
2019-11-25 13:00:00+00:00,3,3,44,0,0.0
2019-11-25 13:00:00+00:00,4,1,39,0,0.0
2019-11-25 13:00:00+00:00,4,2,49,0,0.0
2019-11-25 13:00:00+00:00,4,3,60,1,34.000000000000064
2019-11-25 13:00:00+00:00,5,1,71,0,0.0
2019-11-25 13:00:00+00:00,5,2,79,0,0.0
2019-11-25 13:00:00+00:00,5,3,57,0,0.0
2019-11-25 13:00:00+00:00,6,1,58,0,0.0
2019-11-25 13:00:00+00:00,6,2,84,0,0.0
2019-11-25 13:00:00+00:00,6,3,25,0,0.0
2019-11-25 13:00:00+00:00,7,1,53,0,0.0
2019-11-25 13:00:00+00:00,7,2,74,1,34.000000000000064
2019-11-25 13:00:00+00:00,7,3,52,1,34.000000000000064
2019-11-25 13:00:00+00:00,8,1,41,0,0.0
2019-11-25 13:00:00+00:00,8,2,36,0,0.0
2019-11-25 13:00:00+00:00,8,3,42,1,34.000000000000064
2019-11-25 13:00:00+00:00,9,1,53,0,0.0
2019-11-25 13:00:00+00:00,9,2,39,0,0.0
2019-11-25 13:00:00+00:00,9,3,33,0,0.0
2019-11-25 13:00:00+00:00,10,1,52,0,0.0
2019-11-25 13:00:00+00:00,10,2,69,1,34.000000000000064
2019-11-25 13:00:00+00:00,10,3,59,0,0.0
2019-11-25 13:00:00+00:00,11,1,77,0,0.0
2019-11-25 13:00:00+00:00,11,2,37,0,0.0
2019-11-25 13:00:00+00:00,11,3,62,0,0.0
2019-11-25 13:00:00+00:00,12,1,50,0,0.0
2019-11-25 13:00:00+00:00,12,2,40,0,0.0
2019-11-25 13:00:00+00:00,12,3,21,0,0.0
2019-11-25 13:00:00+00:00,13,1,37,0,0.0
2019-11-25 13:00:00+00:00,13,2,11,0,0.0
2019-11-25 13:00:00+00:00,13,3,44,0,0.0
2019-11-25 13:00:00+00:00,14,1,83,0,0.0
2019-11-25 13:00:00+00:00,14,2,39,0,0.0
2019-11-25 13:00:00+00:00,14,3,2,0,0.0
2019-11-25 13:00:00+00:00,15,1,50,0,0.0
2019-11-25 13:00:00+00:00,15,2,69,1,34.000000000000064
2019-11-25 13:00:00+00:00,15,3,51,0,0.0
2019-11-25 13:00:00+00:00,16,1,29,0,0.0
2019-11-25 13:00:00+00:00,16,2,50,0,0.0
2019-11-25 13:00:00+00:00,16,3,18,0,0.0
2019-11-25 13:00:00+00:00,17,1,69,4,136.00000000000026
2019-11-25 13:00:00+00:00,17,2,44,0,0.0
2019-11-25 13:00:00+00:00,17,3,43,0,0.0
2019-11-25 13:00:00+00:00,18,1,71,0,0.0
2019-11-25 13:00:00+00:00,18,2,65,1,34.000000000000064
2019-11-25 13:00:00+00:00,18,3,84,0,0.0
2019-11-25 13:00:00+00:00,19,1,56,0,0.0
2019-11-25 13:00:00+00:00,19,2,65,0,0.0
2019-11-25 13:00:00+00:00,19,3,42,0,0.0
2019-11-25 13:00:00+00:00,20,1,58,0,0.0
2019-11-25 13:00:00+00:00,20,2,62,0,0.0
2019-11-25 13:00:00+00:00,20,3,103,0,0.0
2019-11-25 13:00:00+00:00,21,1,49,0,0.0
2019-11-25 13:00:00+00:00,21,2,54,0,0.0
2019-11-25 13:00:00+00:00,21,3,34,0,0.0
2019-11-25 13:00:00+00:00,22,1,39,0,0.0
2019-11-25 13:00:00+00:00,22,2,55,3,102.0000000000002
2019-11-25 13:00:00+00:00,22,3,54,0,0.0
2019-11-25 13:00:00+00:00,23,1,54,0,0.0
2019-11-25 13:00:00+00:00,23,2,93,0,0.0
2019-11-25 13:00:00+00:00,23,3,31,0,0.0
2019-11-25 13:00:00+00:00,24,1,73,0,0.0
2019-11-25 13:00:00+00:00,24,2,24,0,0.0
2019-11-25 13:00:00+00:00,24,3,57,0,0.0
2019-11-25 13:00:00+00:00,25,1,32,0,0.0
2019-11-25 13:00:00+00:00,25,2,55,0,0.0
2019-11-25 13:00:00+00:00,25,3,48,1,34.000000000000064
2019-11-25 13:00:00+00:00,26,1,96,0,0.0
2019-11-25 13:00:00+00:00,26,2,41,0,0.0
2019-11-25 13:00:00+00:00,26,3,22,0,0.0
2019-11-25 13:00:00+00:00,27,1,34,0,0.0
2019-11-25 13:00:00+00:00,27,2,31,0,0.0
2019-11-25 13:00:00+00:00,27,3,58,0,0.0
2019-11-25 13:00:00+00:00,28,1,96,0,0.0
2019-11-25 13:00:00+00:00,28,2,39,0,0.0
2019-11-25 13:00:00+00:00,28,3,56,0,0.0
2019-11-25 13:00:00+00:00,29,1,47,0,0.0
2019-11-25 13:00:00+00:00,29,2,39,0,0.0
2019-11-25 13:00:00+00:00,29,3,57,0,0.0
2019-11-25 13:00:00+00:00,30,1,37,0,0.0
2019-11-25 13:00:00+00:00,30,2,57,1,34.000000000000064
2019-11-25 13:00:00+00:00,30,3,49,0,0.0
2019-11-25 13:00:00+00:00,31,1,30,0,0.0
2019-11-25 13:00:00+00:00,31,2,58,0,0.0
2019-11-25 13:00:00+00:00,31,3,97,2,68.00000000000013
2019-11-25 13:00:00+00:00,32,1,23,0,0.0
2019-11-25 13:00:00+00:00,32,2,65,0,0.0
2019-11-25 13:00:00+00:00,32,3,111,1,34.000000000000064
2019-11-25 13:00:00+00:00,33,1,38,0,0.0
2019-11-25 13:00:00+00:00,33,2,35,0,0.0
2019-11-25 13:00:00+00:00,33,3,72,0,0.0
2019-11-25 14:00:00+00:00,0,1,60,0,0.0
2019-11-25 14:00:00+00:00,0,2,44,0,0.0
2019-11-25 14:00:00+00:00,0,3,52,0,0.0
2019-11-25 14:00:00+00:00,1,1,20,0,0.0
2019-11-25 14:00:00+00:00,1,2,65,1,34.000000000000064
2019-11-25 14:00:00+00:00,1,3,32,0,0.0
2019-11-25 14:00:00+00:00,2,1,49,0,0.0
2019-11-25 14:00:00+00:00,2,2,30,0,0.0
2019-11-25 14:00:00+00:00,2,3,60,0,0.0
2019-11-25 14:00:00+00:00,3,1,40,0,0.0
2019-11-25 14:00:00+00:00,3,2,38,1,34.000000000000064
2019-11-25 14:00:00+00:00,3,3,80,1,34.000000000000064
2019-11-25 14:00:00+00:00,4,1,73,1,34.000000000000064
2019-11-25 14:00:00+00:00,4,2,25,0,0.0
2019-11-25 14:00:00+00:00,4,3,21,0,0.0
2019-11-25 14:00:00+00:00,5,1,56,0,0.0
2019-11-25 14:00:00+00:00,5,2,60,5,170.0000000000003
2019-11-25 14:00:00+00:00,5,3,48,0,0.0
2019-11-25 14:00:00+00:00,6,1,60,8,272.0000000000005
2019-11-25 14:00:00+00:00,6,2,60,0,0.0
2019-11-25 14:00:00+00:00,6,3,15,0,0.0
2019-11-25 14:00:00+00:00,7,1,35,1,34.000000000000064
2019-11-25 14:00:00+00:00,7,2,47,0,0.0
2019-11-25 14:00:00+00:00,7,3,41,0,0.0
2019-11-25 14:00:00+00:00,8,1,55,0,0.0
2019-11-25 14:00:00+00:00,8,2,38,1,34.000000000000064
2019-11-25 14:00:00+00:00,8,3,59,0,0.0
2019-11-25 14:00:00+00:00,9,1,36,0,0.0
2019-11-25 14:00:00+00:00,9,2,40,0,0.0
2019-11-25 14:00:00+00:00,9,3,48,1,34.000000000000064
2019-11-25 14:00:00+00:00,10,1,46,1,34.000000000000064
2019-11-25 14:00:00+00:00,10,2,65,2,68.00000000000013
2019-11-25 14:00:00+00:00,10,3,37,0,0.0
2019-11-25 14:00:00+00:00,11,1,60,2,68.00000000000013
2019-11-25 14:00:00+00:00,11,2,98,0,0.0
2019-11-25 14:00:00+00:00,11,3,50,0,0.0
2019-11-25 14:00:00+00:00,12,1,65,0,0.0
2019-11-25 14:00:00+00:00,12,2,41,0,0.0
2019-11-25 14:00:00+00:00,12,3,22,0,0.0
2019-11-25 14:00:00+00:00,13,1,17,0,0.0
2019-11-25 14:00:00+00:00,13,2,27,0,0.0
2019-11-25 14:00:00+00:00,13,3,14,0,0.0
2019-11-25 14:00:00+00:00,14,1,49,0,0.0
2019-11-25 14:00:00+00:00,14,2,81,0,0.0
2019-11-25 14:00:00+00:00,14,3,57,0,0.0
2019-11-25 14:00:00+00:00,15,1,64,0,0.0
2019-11-25 14:00:00+00:00,15,2,19,0,0.0
2019-11-25 14:00:00+00:00,15,3,71,0,0.0
2019-11-25 14:00:00+00:00,16,1,36,0,0.0
2019-11-25 14:00:00+00:00,16,2,56,0,0.0
2019-11-25 14:00:00+00:00,16,3,23,0,0.0
2019-11-25 14:00:00+00:00,17,1,50,0,0.0
2019-11-25 14:00:00+00:00,17,2,55,0,0.0
2019-11-25 14:00:00+00:00,17,3,51,0,0.0
2019-11-25 14:00:00+00:00,18,1,62,0,0.0
2019-11-25 14:00:00+00:00,18,2,46,0,0.0
2019-11-25 14:00:00+00:00,18,3,50,0,0.0
2019-11-25 14:00:00+00:00,19,1,34,0,0.0
2019-11-25 14:00:00+00:00,19,2,49,0,0.0
2019-11-25 14:00:00+00:00,19,3,42,2,68.00000000000013
2019-11-25 14:00:00+00:00,20,1,31,0,0.0
2019-11-25 14:00:00+00:00,20,2,41,0,0.0
2019-11-25 14:00:00+00:00,20,3,84,1,34.000000000000064
2019-11-25 14:00:00+00:00,21,1,64,0,0.0
2019-11-25 14:00:00+00:00,21,2,28,2,68.00000000000013
2019-11-25 14:00:00+00:00,21,3,59,0,0.0
2019-11-25 14:00:00+00:00,22,1,49,0,0.0
2019-11-25 14:00:00+00:00,22,2,52,0,0.0
2019-11-25 14:00:00+00:00,22,3,46,0,0.0
2019-11-25 14:00:00+00:00,23,1,34,0,0.0
2019-11-25 14:00:00+00:00,23,2,49,0,0.0
2019-11-25 14:00:00+00:00,23,3,28,0,0.0
2019-11-25 14:00:00+00:00,24,1,57,0,0.0
2019-11-25 14:00:00+00:00,24,2,28,0,0.0
2019-11-25 14:00:00+00:00,24,3,28,0,0.0
2019-11-25 14:00:00+00:00,25,1,1,0,0.0
2019-11-25 14:00:00+00:00,25,2,33,0,0.0
2019-11-25 14:00:00+00:00,25,3,59,0,0.0
2019-11-25 14:00:00+00:00,26,1,38,0,0.0
2019-11-25 14:00:00+00:00,26,2,33,0,0.0
2019-11-25 14:00:00+00:00,26,3,53,0,0.0
2019-11-25 14:00:00+00:00,27,1,38,0,0.0
2019-11-25 14:00:00+00:00,27,2,44,0,0.0
2019-11-25 14:00:00+00:00,27,3,26,0,0.0
2019-11-25 14:00:00+00:00,28,1,47,0,0.0
2019-11-25 14:00:00+00:00,28,2,19,0,0.0
2019-11-25 14:00:00+00:00,28,3,58,0,0.0
2019-11-25 14:00:00+00:00,29,1,42,0,0.0
2019-11-25 14:00:00+00:00,29,2,44,0,0.0
2019-11-25 14:00:00+00:00,29,3,67,3,102.0000000000002
2019-11-25 14:00:00+00:00,30,1,43,0,0.0
2019-11-25 14:00:00+00:00,30,2,22,0,0.0
2019-11-25 14:00:00+00:00,30,3,19,0,0.0
2019-11-25 14:00:00+00:00,31,1,42,0,0.0
2019-11-25 14:00:00+00:00,31,2,51,0,0.0
2019-11-25 14:00:00+00:00,31,3,49,0,0.0
2019-11-25 14:00:00+00:00,32,1,60,0,0.0
2019-11-25 14:00:00+00:00,32,2,68,0,0.0
2019-11-25 14:00:00+00:00,32,3,29,0,0.0
2019-11-25 14:00:00+00:00,33,1,31,0,0.0
2019-11-25 14:00:00+00:00,33,2,48,1,34.000000000000064
2019-11-25 14:00:00+00:00,33,3,64,0,0.0
2019-11-25 15:00:00+00:00,0,1,32,0,0.0
2019-11-25 15:00:00+00:00,0,2,38,0,0.0
2019-11-25 15:00:00+00:00,0,3,34,0,0.0
2019-11-25 15:00:00+00:00,1,1,40,0,0.0
2019-11-25 15:00:00+00:00,1,2,42,0,0.0
2019-11-25 15:00:00+00:00,1,3,23,0,0.0
2019-11-25 15:00:00+00:00,2,1,49,0,0.0
2019-11-25 15:00:00+00:00,2,2,37,0,0.0
2019-11-25 15:00:00+00:00,2,3,43,0,0.0
2019-11-25 15:00:00+00:00,3,1,29,0,0.0
2019-11-25 15:00:00+00:00,3,2,13,0,0.0
2019-11-25 15:00:00+00:00,3,3,49,0,0.0
2019-11-25 15:00:00+00:00,4,1,62,0,0.0
2019-11-25 15:00:00+00:00,4,2,17,0,0.0
2019-11-25 15:00:00+00:00,4,3,28,0,0.0
2019-11-25 15:00:00+00:00,5,1,30,0,0.0
2019-11-25 15:00:00+00:00,5,2,1,0,0.0
2019-11-25 15:00:00+00:00,5,3,13,0,0.0
2019-11-25 15:00:00+00:00,6,1,58,4,136.00000000000026
2019-11-25 15:00:00+00:00,6,2,98,0,0.0
2019-11-25 15:00:00+00:00,6,3,21,0,0.0
2019-11-25 15:00:00+00:00,7,1,25,0,0.0
2019-11-25 15:00:00+00:00,7,2,40,0,0.0
2019-11-25 15:00:00+00:00,7,3,50,0,0.0
2019-11-25 15:00:00+00:00,8,1,40,0,0.0
2019-11-25 15:00:00+00:00,8,2,46,2,68.00000000000013
2019-11-25 15:00:00+00:00,8,3,37,0,0.0
2019-11-25 15:00:00+00:00,9,1,26,0,0.0
2019-11-25 15:00:00+00:00,9,2,9,0,0.0
2019-11-25 15:00:00+00:00,9,3,13,0,0.0
2019-11-25 15:00:00+00:00,10,1,35,0,0.0
2019-11-25 15:00:00+00:00,10,2,40,0,0.0
2019-11-25 15:00:00+00:00,10,3,36,1,34.000000000000064
2019-11-25 15:00:00+00:00,11,1,20,0,0.0
2019-11-25 15:00:00+00:00,11,2,28,0,0.0
2019-11-25 15:00:00+00:00,11,3,38,0,0.0
2019-11-25 15:00:00+00:00,12,1,27,0,0.0
2019-11-25 15:00:00+00:00,12,2,24,0,0.0
2019-11-25 15:00:00+00:00,12,3,19,0,0.0
2019-11-25 15:00:00+00:00,13,1,17,1,34.000000000000064
2019-11-25 15:00:00+00:00,13,2,58,0,0.0
2019-11-25 15:00:00+00:00,13,3,23,0,0.0
2019-11-25 15:00:00+00:00,14,1,22,0,0.0
2019-11-25 15:00:00+00:00,14,2,21,0,0.0
2019-11-25 15:00:00+00:00,14,3,44,0,0.0
2019-11-25 15:00:00+00:00,15,1,27,0,0.0
2019-11-25 15:00:00+00:00,15,2,41,0,0.0
2019-11-25 15:00:00+00:00,15,3,76,0,0.0
2019-11-25 15:00:00+00:00,16,1,44,8,272.0000000000005
2019-11-25 15:00:00+00:00,16,2,33,0,0.0
2019-11-25 15:00:00+00:00,16,3,44,0,0.0
2019-11-25 15:00:00+00:00,17,1,18,0,0.0
2019-11-25 15:00:00+00:00,17,2,61,0,0.0
2019-11-25 15:00:00+00:00,17,3,43,0,0.0
2019-11-25 15:00:00+00:00,18,1,51,0,0.0
2019-11-25 15:00:00+00:00,18,2,33,1,34.000000000000064
2019-11-25 15:00:00+00:00,18,3,23,0,0.0
2019-11-25 15:00:00+00:00,19,1,77,0,0.0
2019-11-25 15:00:00+00:00,19,2,11,0,0.0
2019-11-25 15:00:00+00:00,19,3,31,0,0.0
2019-11-25 15:00:00+00:00,20,1,14,0,0.0
2019-11-25 15:00:00+00:00,20,2,51,0,0.0
2019-11-25 15:00:00+00:00,20,3,53,0,0.0
2019-11-25 15:00:00+00:00,21,1,22,0,0.0
2019-11-25 15:00:00+00:00,21,2,38,0,0.0
2019-11-25 15:00:00+00:00,21,3,48,0,0.0
2019-11-25 15:00:00+00:00,22,1,19,0,0.0
2019-11-25 15:00:00+00:00,22,2,14,0,0.0
2019-11-25 15:00:00+00:00,22,3,13,0,0.0
2019-11-25 15:00:00+00:00,23,1,28,1,34.000000000000064
2019-11-25 15:00:00+00:00,23,2,39,0,0.0
2019-11-25 15:00:00+00:00,23,3,28,0,0.0
2019-11-25 15:00:00+00:00,24,1,56,0,0.0
2019-11-25 15:00:00+00:00,24,2,37,0,0.0
2019-11-25 15:00:00+00:00,24,3,54,0,0.0
2019-11-25 15:00:00+00:00,25,1,14,1,34.000000000000064
2019-11-25 15:00:00+00:00,25,2,64,0,0.0
2019-11-25 15:00:00+00:00,25,3,34,0,0.0
2019-11-25 15:00:00+00:00,26,1,23,0,0.0
2019-11-25 15:00:00+00:00,26,2,37,0,0.0
2019-11-25 15:00:00+00:00,26,3,48,0,0.0
2019-11-25 15:00:00+00:00,27,1,51,0,0.0
2019-11-25 15:00:00+00:00,27,2,36,8,272.0000000000005
2019-11-25 15:00:00+00:00,27,3,43,1,34.000000000000064
2019-11-25 15:00:00+00:00,28,1,25,0,0.0
2019-11-25 15:00:00+00:00,28,2,31,0,0.0
2019-11-25 15:00:00+00:00,28,3,11,0,0.0
2019-11-25 15:00:00+00:00,29,1,30,0,0.0
2019-11-25 15:00:00+00:00,29,2,48,0,0.0
2019-11-25 15:00:00+00:00,29,3,33,0,0.0
2019-11-25 15:00:00+00:00,30,1,49,0,0.0
2019-11-25 15:00:00+00:00,30,2,8,0,0.0
2019-11-25 15:00:00+00:00,30,3,40,0,0.0
2019-11-25 15:00:00+00:00,31,1,24,2,68.00000000000013
2019-11-25 15:00:00+00:00,31,2,41,0,0.0
2019-11-25 15:00:00+00:00,31,3,29,0,0.0
2019-11-25 15:00:00+00:00,32,1,55,0,0.0
2019-11-25 15:00:00+00:00,32,2,11,0,0.0
2019-11-25 15:00:00+00:00,32,3,28,0,0.0
2019-11-25 15:00:00+00:00,33,1,30,0,0.0
2019-11-25 15:00:00+00:00,33,2,25,0,0.0
2019-11-25 15:00:00+00:00,33,3,20,0,0.0
2019-11-25 16:00:00+00:00,0,1,19,0,0.0
2019-11-25 16:00:00+00:00,0,2,26,0,0.0
2019-11-25 16:00:00+00:00,0,3,32,0,0.0
2019-11-25 16:00:00+00:00,1,1,15,0,0.0
2019-11-25 16:00:00+00:00,1,2,15,0,0.0
2019-11-25 16:00:00+00:00,1,3,9,0,0.0
2019-11-25 16:00:00+00:00,2,1,10,0,0.0
2019-11-25 16:00:00+00:00,2,2,15,0,0.0
2019-11-25 16:00:00+00:00,2,3,10,0,0.0
2019-11-25 16:00:00+00:00,3,1,28,0,0.0
2019-11-25 16:00:00+00:00,3,2,8,0,0.0
2019-11-25 16:00:00+00:00,3,3,9,0,0.0
2019-11-25 16:00:00+00:00,4,1,28,0,0.0
2019-11-25 16:00:00+00:00,4,2,15,0,0.0
2019-11-25 16:00:00+00:00,4,3,21,0,0.0
2019-11-25 16:00:00+00:00,5,1,15,0,0.0
2019-11-25 16:00:00+00:00,5,2,29,0,0.0
2019-11-25 16:00:00+00:00,5,3,34,0,0.0
2019-11-25 16:00:00+00:00,6,1,25,0,0.0
2019-11-25 16:00:00+00:00,6,2,28,0,0.0
2019-11-25 16:00:00+00:00,6,3,18,0,0.0
2019-11-25 16:00:00+00:00,7,1,1,0,0.0
2019-11-25 16:00:00+00:00,7,2,18,0,0.0
2019-11-25 16:00:00+00:00,7,3,14,1,34.000000000000064
2019-11-25 16:00:00+00:00,8,1,9,0,0.0
2019-11-25 16:00:00+00:00,8,2,16,0,0.0
2019-11-25 16:00:00+00:00,8,3,6,0,0.0
2019-11-25 16:00:00+00:00,9,2,16,0,0.0
2019-11-25 16:00:00+00:00,9,3,39,0,0.0
2019-11-25 16:00:00+00:00,10,1,24,0,0.0
2019-11-25 16:00:00+00:00,10,2,7,0,0.0
2019-11-25 16:00:00+00:00,10,3,32,0,0.0
2019-11-25 16:00:00+00:00,11,1,12,0,0.0
2019-11-25 16:00:00+00:00,11,2,12,0,0.0
2019-11-25 16:00:00+00:00,11,3,32,0,0.0
2019-11-25 16:00:00+00:00,12,1,28,0,0.0
2019-11-25 16:00:00+00:00,12,2,39,0,0.0
2019-11-25 16:00:00+00:00,12,3,1,0,0.0
2019-11-25 16:00:00+00:00,13,1,10,0,0.0
2019-11-25 16:00:00+00:00,13,2,24,0,0.0
2019-11-25 16:00:00+00:00,13,3,22,0,0.0
2019-11-25 16:00:00+00:00,14,1,17,0,0.0
2019-11-25 16:00:00+00:00,14,2,21,0,0.0
2019-11-25 16:00:00+00:00,14,3,16,0,0.0
2019-11-25 16:00:00+00:00,15,1,9,0,0.0
2019-11-25 16:00:00+00:00,15,2,10,0,0.0
2019-11-25 16:00:00+00:00,15,3,9,1,34.000000000000064
2019-11-25 16:00:00+00:00,16,1,23,0,0.0
2019-11-25 16:00:00+00:00,16,2,31,0,0.0
2019-11-25 16:00:00+00:00,16,3,8,0,0.0
2019-11-25 16:00:00+00:00,17,1,30,0,0.0
2019-11-25 16:00:00+00:00,17,2,6,0,0.0
2019-11-25 16:00:00+00:00,17,3,25,0,0.0
2019-11-25 16:00:00+00:00,18,1,30,0,0.0
2019-11-25 16:00:00+00:00,18,2,3,0,0.0
2019-11-25 16:00:00+00:00,18,3,32,0,0.0
2019-11-25 16:00:00+00:00,19,1,16,0,0.0
2019-11-25 16:00:00+00:00,19,2,57,0,0.0
2019-11-25 16:00:00+00:00,19,3,17,0,0.0
2019-11-25 16:00:00+00:00,20,1,24,0,0.0
2019-11-25 16:00:00+00:00,20,2,15,0,0.0
2019-11-25 16:00:00+00:00,20,3,31,0,0.0
2019-11-25 16:00:00+00:00,21,1,11,0,0.0
2019-11-25 16:00:00+00:00,21,2,22,0,0.0
2019-11-25 16:00:00+00:00,22,1,13,0,0.0
2019-11-25 16:00:00+00:00,22,2,8,0,0.0
2019-11-25 16:00:00+00:00,22,3,36,0,0.0
2019-11-25 16:00:00+00:00,23,1,27,1,34.000000000000064
2019-11-25 16:00:00+00:00,23,3,4,0,0.0
2019-11-25 16:00:00+00:00,24,1,19,0,0.0
2019-11-25 16:00:00+00:00,24,2,1,0,0.0
2019-11-25 16:00:00+00:00,24,3,24,0,0.0
2019-11-25 16:00:00+00:00,25,1,12,0,0.0
2019-11-25 16:00:00+00:00,25,2,18,0,0.0
2019-11-25 16:00:00+00:00,25,3,2,0,0.0
2019-11-25 16:00:00+00:00,26,1,31,2,68.00000000000013
2019-11-25 16:00:00+00:00,26,2,28,0,0.0
2019-11-25 16:00:00+00:00,26,3,12,0,0.0
2019-11-25 16:00:00+00:00,27,1,9,0,0.0
2019-11-25 16:00:00+00:00,27,2,8,2,68.00000000000013
2019-11-25 16:00:00+00:00,27,3,17,0,0.0
2019-11-25 16:00:00+00:00,28,1,4,0,0.0
2019-11-25 16:00:00+00:00,28,2,34,0,0.0
2019-11-25 16:00:00+00:00,28,3,17,0,0.0
2019-11-25 16:00:00+00:00,29,1,22,0,0.0
2019-11-25 16:00:00+00:00,29,2,25,0,0.0
2019-11-25 16:00:00+00:00,29,3,11,0,0.0
2019-11-25 16:00:00+00:00,30,1,26,0,0.0
2019-11-25 16:00:00+00:00,30,3,35,0,0.0
2019-11-25 16:00:00+00:00,31,1,13,0,0.0
2019-11-25 16:00:00+00:00,31,2,17,0,0.0
2019-11-25 16:00:00+00:00,32,1,15,0,0.0
2019-11-25 16:00:00+00:00,32,2,13,0,0.0
2019-11-25 16:00:00+00:00,32,3,11,0,0.0
2019-11-25 16:00:00+00:00,33,1,17,0,0.0
2019-11-25 16:00:00+00:00,33,2,6,0,0.0
2019-11-25 16:00:00+00:00,33,3,5,0,0.0
2019-11-25 17:00:00+00:00,0,1,9,0,0.0
2019-11-25 17:00:00+00:00,0,2,17,0,0.0
2019-11-25 17:00:00+00:00,0,3,7,0,0.0
2019-11-25 17:00:00+00:00,1,1,14,0,0.0
2019-11-25 17:00:00+00:00,1,2,10,0,0.0
2019-11-25 17:00:00+00:00,1,3,14,2,68.00000000000013
2019-11-25 17:00:00+00:00,2,1,9,0,0.0
2019-11-25 17:00:00+00:00,2,2,7,0,0.0
2019-11-25 17:00:00+00:00,2,3,18,0,0.0
2019-11-25 17:00:00+00:00,3,1,10,0,0.0
2019-11-25 17:00:00+00:00,3,2,10,4,136.00000000000026
2019-11-25 17:00:00+00:00,3,3,15,0,0.0
2019-11-25 17:00:00+00:00,4,1,7,0,0.0
2019-11-25 17:00:00+00:00,4,3,30,0,0.0
2019-11-25 17:00:00+00:00,5,1,16,0,0.0
2019-11-25 17:00:00+00:00,5,2,7,0,0.0
2019-11-25 17:00:00+00:00,5,3,15,0,0.0
2019-11-25 17:00:00+00:00,6,1,9,0,0.0
2019-11-25 17:00:00+00:00,6,2,1,0,0.0
2019-11-25 17:00:00+00:00,7,1,12,0,0.0
2019-11-25 17:00:00+00:00,7,2,15,0,0.0
2019-11-25 17:00:00+00:00,7,3,11,0,0.0
2019-11-25 17:00:00+00:00,8,1,6,0,0.0
2019-11-25 17:00:00+00:00,8,2,12,0,0.0
2019-11-25 17:00:00+00:00,8,3,2,0,0.0
2019-11-25 17:00:00+00:00,9,1,16,0,0.0
2019-11-25 17:00:00+00:00,9,2,14,0,0.0
2019-11-25 17:00:00+00:00,9,3,8,0,0.0
2019-11-25 17:00:00+00:00,10,1,1,0,0.0
2019-11-25 17:00:00+00:00,10,2,12,0,0.0
2019-11-25 17:00:00+00:00,10,3,12,0,0.0
2019-11-25 17:00:00+00:00,11,1,30,0,0.0
2019-11-25 17:00:00+00:00,11,2,35,0,0.0
2019-11-25 17:00:00+00:00,11,3,3,0,0.0
2019-11-25 17:00:00+00:00,12,1,10,0,0.0
2019-11-25 17:00:00+00:00,12,2,3,0,0.0
2019-11-25 17:00:00+00:00,12,3,9,0,0.0
2019-11-25 17:00:00+00:00,13,1,4,0,0.0
2019-11-25 17:00:00+00:00,13,2,10,0,0.0
2019-11-25 17:00:00+00:00,13,3,6,0,0.0
2019-11-25 17:00:00+00:00,14,1,18,1,34.000000000000064
2019-11-25 17:00:00+00:00,14,2,9,0,0.0
2019-11-25 17:00:00+00:00,14,3,10,0,0.0
2019-11-25 17:00:00+00:00,15,1,8,0,0.0
2019-11-25 17:00:00+00:00,15,3,35,0,0.0
2019-11-25 17:00:00+00:00,16,1,1,0,0.0
2019-11-25 17:00:00+00:00,16,2,2,0,0.0
2019-11-25 17:00:00+00:00,16,3,12,0,0.0
2019-11-25 17:00:00+00:00,17,1,22,0,0.0
2019-11-25 17:00:00+00:00,17,2,10,0,0.0
2019-11-25 17:00:00+00:00,17,3,3,0,0.0
2019-11-25 17:00:00+00:00,18,1,4,0,0.0
2019-11-25 17:00:00+00:00,18,2,3,0,0.0
2019-11-25 17:00:00+00:00,18,3,19,0,0.0
2019-11-25 17:00:00+00:00,19,1,6,0,0.0
2019-11-25 17:00:00+00:00,19,2,9,0,0.0
2019-11-25 17:00:00+00:00,19,3,16,0,0.0
2019-11-25 17:00:00+00:00,20,1,10,0,0.0
2019-11-25 17:00:00+00:00,20,2,31,0,0.0
2019-11-25 17:00:00+00:00,20,3,12,0,0.0
2019-11-25 17:00:00+00:00,21,1,11,0,0.0
2019-11-25 17:00:00+00:00,21,2,25,0,0.0
2019-11-25 17:00:00+00:00,21,3,13,0,0.0
2019-11-25 17:00:00+00:00,22,1,9,0,0.0
2019-11-25 17:00:00+00:00,22,2,7,0,0.0
2019-11-25 17:00:00+00:00,22,3,12,0,0.0
2019-11-25 17:00:00+00:00,23,1,12,0,0.0
2019-11-25 17:00:00+00:00,23,2,19,0,0.0
2019-11-25 17:00:00+00:00,24,1,14,0,0.0
2019-11-25 17:00:00+00:00,24,2,12,0,0.0
2019-11-25 17:00:00+00:00,24,3,9,0,0.0
2019-11-25 17:00:00+00:00,25,1,10,0,0.0
2019-11-25 17:00:00+00:00,25,2,10,0,0.0
2019-11-25 17:00:00+00:00,25,3,14,0,0.0
2019-11-25 17:00:00+00:00,26,1,8,0,0.0
2019-11-25 17:00:00+00:00,26,2,1,0,0.0
2019-11-25 17:00:00+00:00,26,3,2,0,0.0
2019-11-25 17:00:00+00:00,27,1,18,2,68.00000000000013
2019-11-25 17:00:00+00:00,27,3,12,0,0.0
2019-11-25 17:00:00+00:00,28,2,19,0,0.0
2019-11-25 17:00:00+00:00,28,3,20,0,0.0
2019-11-25 17:00:00+00:00,29,1,6,1,34.000000000000064
2019-11-25 17:00:00+00:00,29,2,14,0,0.0
2019-11-25 17:00:00+00:00,29,3,18,0,0.0
2019-11-25 17:00:00+00:00,30,1,19,0,0.0
2019-11-25 17:00:00+00:00,30,3,7,0,0.0
2019-11-25 17:00:00+00:00,31,2,20,0,0.0
2019-11-25 17:00:00+00:00,32,1,29,0,0.0
2019-11-25 17:00:00+00:00,32,2,7,0,0.0
2019-11-25 17:00:00+00:00,33,1,6,0,0.0
2019-11-25 17:00:00+00:00,33,2,13,0,0.0
2019-11-25 18:00:00+00:00,0,2,3,0,0.0
2019-11-25 18:00:00+00:00,0,3,7,0,0.0
2019-11-25 18:00:00+00:00,1,1,12,0,0.0
2019-11-25 18:00:00+00:00,1,2,16,0,0.0
2019-11-25 18:00:00+00:00,1,3,5,0,0.0
2019-11-25 18:00:00+00:00,2,1,12,0,0.0
2019-11-25 18:00:00+00:00,2,2,1,0,0.0
2019-11-25 18:00:00+00:00,2,3,4,0,0.0
2019-11-25 18:00:00+00:00,3,1,5,0,0.0
2019-11-25 18:00:00+00:00,3,3,13,0,0.0
2019-11-25 18:00:00+00:00,4,1,8,0,0.0
2019-11-25 18:00:00+00:00,4,2,6,0,0.0
2019-11-25 18:00:00+00:00,4,3,21,0,0.0
2019-11-25 18:00:00+00:00,5,1,6,0,0.0
2019-11-25 18:00:00+00:00,5,2,11,0,0.0
2019-11-25 18:00:00+00:00,5,3,1,0,0.0
2019-11-25 18:00:00+00:00,6,1,7,0,0.0
2019-11-25 18:00:00+00:00,6,2,8,0,0.0
2019-11-25 18:00:00+00:00,7,1,6,0,0.0
2019-11-25 18:00:00+00:00,7,2,22,0,0.0
2019-11-25 18:00:00+00:00,8,1,6,0,0.0
2019-11-25 18:00:00+00:00,8,2,2,0,0.0
2019-11-25 18:00:00+00:00,8,3,7,0,0.0
2019-11-25 18:00:00+00:00,9,1,8,0,0.0
2019-11-25 18:00:00+00:00,9,2,6,0,0.0
2019-11-25 18:00:00+00:00,9,3,13,0,0.0
2019-11-25 18:00:00+00:00,10,1,2,0,0.0
2019-11-25 18:00:00+00:00,10,2,9,0,0.0
2019-11-25 18:00:00+00:00,10,3,1,0,0.0
2019-11-25 18:00:00+00:00,11,1,3,0,0.0
2019-11-25 18:00:00+00:00,11,2,10,0,0.0
2019-11-25 18:00:00+00:00,12,1,4,0,0.0
2019-11-25 18:00:00+00:00,12,2,15,0,0.0
2019-11-25 18:00:00+00:00,12,3,2,0,0.0
2019-11-25 18:00:00+00:00,13,1,8,0,0.0
2019-11-25 18:00:00+00:00,13,3,5,0,0.0
2019-11-25 18:00:00+00:00,14,1,5,0,0.0
2019-11-25 18:00:00+00:00,14,2,1,0,0.0
2019-11-25 18:00:00+00:00,14,3,11,0,0.0
2019-11-25 18:00:00+00:00,15,1,6,0,0.0
2019-11-25 18:00:00+00:00,15,2,6,0,0.0
2019-11-25 18:00:00+00:00,16,2,9,0,0.0
2019-11-25 18:00:00+00:00,16,3,10,0,0.0
2019-11-25 18:00:00+00:00,17,2,7,0,0.0
2019-11-25 18:00:00+00:00,17,3,7,0,0.0
2019-11-25 18:00:00+00:00,18,1,4,0,0.0
2019-11-25 18:00:00+00:00,18,2,12,0,0.0
2019-11-25 18:00:00+00:00,18,3,8,0,0.0
2019-11-25 18:00:00+00:00,19,1,13,0,0.0
2019-11-25 18:00:00+00:00,19,3,14,0,0.0
2019-11-25 18:00:00+00:00,20,1,16,0,0.0
2019-11-25 18:00:00+00:00,20,3,5,0,0.0
2019-11-25 18:00:00+00:00,21,1,4,0,0.0
2019-11-25 18:00:00+00:00,21,2,9,0,0.0
2019-11-25 18:00:00+00:00,21,3,8,1,34.000000000000064
2019-11-25 18:00:00+00:00,22,1,3,0,0.0
2019-11-25 18:00:00+00:00,22,2,6,0,0.0
2019-11-25 18:00:00+00:00,22,3,5,0,0.0
2019-11-25 18:00:00+00:00,23,1,2,0,0.0
2019-11-25 18:00:00+00:00,23,2,15,0,0.0
2019-11-25 18:00:00+00:00,23,3,4,0,0.0
2019-11-25 18:00:00+00:00,24,1,8,0,0.0
2019-11-25 18:00:00+00:00,24,2,6,0,0.0
2019-11-25 18:00:00+00:00,24,3,3,0,0.0
2019-11-25 18:00:00+00:00,25,1,6,0,0.0
2019-11-25 18:00:00+00:00,25,3,9,0,0.0
2019-11-25 18:00:00+00:00,26,1,2,0,0.0
2019-11-25 18:00:00+00:00,26,2,5,0,0.0
2019-11-25 18:00:00+00:00,26,3,10,0,0.0
2019-11-25 18:00:00+00:00,27,1,6,0,0.0
2019-11-25 18:00:00+00:00,27,3,7,0,0.0
2019-11-25 18:00:00+00:00,28,1,34,0,0.0
2019-11-25 18:00:00+00:00,28,2,4,2,68.00000000000013
2019-11-25 18:00:00+00:00,28,3,3,0,0.0
2019-11-25 18:00:00+00:00,29,2,9,0,0.0
2019-11-25 18:00:00+00:00,29,3,3,0,0.0
2019-11-25 18:00:00+00:00,30,1,6,0,0.0
2019-11-25 18:00:00+00:00,30,2,8,0,0.0
2019-11-25 18:00:00+00:00,30,3,4,0,0.0
2019-11-25 18:00:00+00:00,31,1,7,0,0.0
2019-11-25 18:00:00+00:00,31,3,19,0,0.0
2019-11-25 18:00:00+00:00,32,1,6,0,0.0
2019-11-25 18:00:00+00:00,32,2,9,0,0.0
2019-11-25 18:00:00+00:00,32,3,3,0,0.0
2019-11-25 18:00:00+00:00,33,1,1,0,0.0
2019-11-25 18:00:00+00:00,33,2,1,0,0.0
2019-11-25 18:00:00+00:00,33,3,4,0,0.0
2019-11-25 19:00:00+00:00,0,2,7,0,0.0
2019-11-25 19:00:00+00:00,1,1,5,0,0.0
2019-11-25 19:00:00+00:00,1,2,3,0,0.0
2019-11-25 19:00:00+00:00,1,3,11,0,0.0
2019-11-25 19:00:00+00:00,2,1,2,0,0.0
2019-11-25 19:00:00+00:00,2,2,9,0,0.0
2019-11-25 19:00:00+00:00,2,3,7,0,0.0
2019-11-25 19:00:00+00:00,3,1,6,0,0.0
2019-11-25 19:00:00+00:00,3,2,3,0,0.0
2019-11-25 19:00:00+00:00,3,3,3,0,0.0
2019-11-25 19:00:00+00:00,4,1,4,0,0.0
2019-11-25 19:00:00+00:00,4,2,9,0,0.0
2019-11-25 19:00:00+00:00,4,3,5,0,0.0
2019-11-25 19:00:00+00:00,5,1,1,0,0.0
2019-11-25 19:00:00+00:00,6,1,10,0,0.0
2019-11-25 19:00:00+00:00,6,2,4,0,0.0
2019-11-25 19:00:00+00:00,6,3,3,0,0.0
2019-11-25 19:00:00+00:00,7,2,9,0,0.0
2019-11-25 19:00:00+00:00,8,2,3,0,0.0
2019-11-25 19:00:00+00:00,8,3,2,0,0.0
2019-11-25 19:00:00+00:00,9,1,5,0,0.0
2019-11-25 19:00:00+00:00,9,2,5,0,0.0
2019-11-25 19:00:00+00:00,9,3,11,0,0.0
2019-11-25 19:00:00+00:00,10,1,3,0,0.0
2019-11-25 19:00:00+00:00,10,2,14,0,0.0
2019-11-25 19:00:00+00:00,10,3,5,0,0.0
2019-11-25 19:00:00+00:00,11,2,8,0,0.0
2019-11-25 19:00:00+00:00,11,3,8,0,0.0
2019-11-25 19:00:00+00:00,12,1,15,0,0.0
2019-11-25 19:00:00+00:00,12,2,2,0,0.0
2019-11-25 19:00:00+00:00,12,3,4,0,0.0
2019-11-25 19:00:00+00:00,13,1,3,0,0.0
2019-11-25 19:00:00+00:00,13,2,2,0,0.0
2019-11-25 19:00:00+00:00,13,3,7,0,0.0
2019-11-25 19:00:00+00:00,14,2,6,0,0.0
2019-11-25 19:00:00+00:00,14,3,10,0,0.0
2019-11-25 19:00:00+00:00,15,1,8,0,0.0
2019-11-25 19:00:00+00:00,15,2,4,0,0.0
2019-11-25 19:00:00+00:00,16,2,4,0,0.0
2019-11-25 19:00:00+00:00,16,3,3,0,0.0
2019-11-25 19:00:00+00:00,17,1,8,0,0.0
2019-11-25 19:00:00+00:00,17,3,15,0,0.0
2019-11-25 19:00:00+00:00,18,1,12,0,0.0
2019-11-25 19:00:00+00:00,18,2,6,0,0.0
2019-11-25 19:00:00+00:00,18,3,5,0,0.0
2019-11-25 19:00:00+00:00,19,1,3,0,0.0
2019-11-25 19:00:00+00:00,19,2,13,0,0.0
2019-11-25 19:00:00+00:00,19,3,8,0,0.0
2019-11-25 19:00:00+00:00,20,1,2,0,0.0
2019-11-25 19:00:00+00:00,20,2,8,0,0.0
2019-11-25 19:00:00+00:00,20,3,5,0,0.0
2019-11-25 19:00:00+00:00,21,1,2,0,0.0
2019-11-25 19:00:00+00:00,21,2,5,0,0.0
2019-11-25 19:00:00+00:00,21,3,3,0,0.0
2019-11-25 19:00:00+00:00,22,1,8,0,0.0
2019-11-25 19:00:00+00:00,22,2,17,0,0.0
2019-11-25 19:00:00+00:00,22,3,5,0,0.0
2019-11-25 19:00:00+00:00,23,1,12,0,0.0
2019-11-25 19:00:00+00:00,23,2,3,0,0.0
2019-11-25 19:00:00+00:00,23,3,11,0,0.0
2019-11-25 19:00:00+00:00,24,1,8,0,0.0
2019-11-25 19:00:00+00:00,25,2,5,0,0.0
2019-11-25 19:00:00+00:00,25,3,9,0,0.0
2019-11-25 19:00:00+00:00,26,1,5,0,0.0
2019-11-25 19:00:00+00:00,26,3,2,0,0.0
2019-11-25 19:00:00+00:00,27,1,6,0,0.0
2019-11-25 19:00:00+00:00,27,3,3,0,0.0
2019-11-25 19:00:00+00:00,28,1,9,0,0.0
2019-11-25 19:00:00+00:00,28,2,4,0,0.0
2019-11-25 19:00:00+00:00,29,1,15,0,0.0
2019-11-25 19:00:00+00:00,29,2,1,0,0.0
2019-11-25 19:00:00+00:00,30,1,5,0,0.0
2019-11-25 19:00:00+00:00,30,3,8,0,0.0
2019-11-25 19:00:00+00:00,31,2,6,0,0.0
2019-11-25 19:00:00+00:00,31,3,3,0,0.0
2019-11-25 19:00:00+00:00,32,1,14,0,0.0
2019-11-25 19:00:00+00:00,32,2,15,0,0.0
2019-11-25 19:00:00+00:00,32,3,9,0,0.0
2019-11-25 19:00:00+00:00,33,1,4,0,0.0
2019-11-25 19:00:00+00:00,33,3,10,0,0.0
2019-11-25 20:00:00+00:00,0,1,6,0,0.0
2019-11-25 20:00:00+00:00,0,2,12,0,0.0
2019-11-25 20:00:00+00:00,0,3,2,0,0.0
2019-11-25 20:00:00+00:00,1,1,17,0,0.0
2019-11-25 20:00:00+00:00,1,3,5,0,0.0
2019-11-25 20:00:00+00:00,2,1,6,0,0.0
2019-11-25 20:00:00+00:00,2,2,3,0,0.0
2019-11-25 20:00:00+00:00,2,3,6,0,0.0
2019-11-25 20:00:00+00:00,3,2,12,0,0.0
2019-11-25 20:00:00+00:00,3,3,10,0,0.0
2019-11-25 20:00:00+00:00,4,1,6,0,0.0
2019-11-25 20:00:00+00:00,4,3,9,0,0.0
2019-11-25 20:00:00+00:00,5,1,5,0,0.0
2019-11-25 20:00:00+00:00,5,2,7,0,0.0
2019-11-25 20:00:00+00:00,6,1,7,0,0.0
2019-11-25 20:00:00+00:00,6,2,6,0,0.0
2019-11-25 20:00:00+00:00,6,3,3,0,0.0
2019-11-25 20:00:00+00:00,7,1,6,0,0.0
2019-11-25 20:00:00+00:00,7,2,2,0,0.0
2019-11-25 20:00:00+00:00,7,3,3,0,0.0
2019-11-25 20:00:00+00:00,8,1,3,0,0.0
2019-11-25 20:00:00+00:00,8,2,6,0,0.0
2019-11-25 20:00:00+00:00,9,1,5,0,0.0
2019-11-25 20:00:00+00:00,9,2,6,0,0.0
2019-11-25 20:00:00+00:00,9,3,1,0,0.0
2019-11-25 20:00:00+00:00,10,1,4,0,0.0
2019-11-25 20:00:00+00:00,10,2,9,0,0.0
2019-11-25 20:00:00+00:00,10,3,7,0,0.0
2019-11-25 20:00:00+00:00,11,1,1,0,0.0
2019-11-25 20:00:00+00:00,11,3,6,0,0.0
2019-11-25 20:00:00+00:00,12,1,7,0,0.0
2019-11-25 20:00:00+00:00,12,2,7,0,0.0
2019-11-25 20:00:00+00:00,12,3,6,0,0.0
2019-11-25 20:00:00+00:00,13,1,8,0,0.0
2019-11-25 20:00:00+00:00,14,1,9,0,0.0
2019-11-25 20:00:00+00:00,14,2,7,1,34.000000000000064
2019-11-25 20:00:00+00:00,14,3,5,0,0.0
2019-11-25 20:00:00+00:00,15,1,2,0,0.0
2019-11-25 20:00:00+00:00,15,2,4,0,0.0
2019-11-25 20:00:00+00:00,15,3,3,0,0.0
2019-11-25 20:00:00+00:00,16,1,2,0,0.0
2019-11-25 20:00:00+00:00,16,2,2,0,0.0
2019-11-25 20:00:00+00:00,16,3,7,0,0.0
2019-11-25 20:00:00+00:00,17,1,8,0,0.0
2019-11-25 20:00:00+00:00,17,2,2,0,0.0
2019-11-25 20:00:00+00:00,17,3,10,0,0.0
2019-11-25 20:00:00+00:00,18,1,13,0,0.0
2019-11-25 20:00:00+00:00,18,2,7,0,0.0
2019-11-25 20:00:00+00:00,18,3,19,0,0.0
2019-11-25 20:00:00+00:00,19,1,8,0,0.0
2019-11-25 20:00:00+00:00,19,3,9,0,0.0
2019-11-25 20:00:00+00:00,20,1,3,0,0.0
2019-11-25 20:00:00+00:00,20,2,4,0,0.0
2019-11-25 20:00:00+00:00,21,2,1,0,0.0
2019-11-25 20:00:00+00:00,21,3,7,0,0.0
2019-11-25 20:00:00+00:00,22,2,7,1,34.000000000000064
2019-11-25 20:00:00+00:00,22,3,7,0,0.0
2019-11-25 20:00:00+00:00,23,1,2,0,0.0
2019-11-25 20:00:00+00:00,23,2,3,0,0.0
2019-11-25 20:00:00+00:00,23,3,5,0,0.0
2019-11-25 20:00:00+00:00,24,1,10,0,0.0
2019-11-25 20:00:00+00:00,24,2,3,0,0.0
2019-11-25 20:00:00+00:00,24,3,5,0,0.0
2019-11-25 20:00:00+00:00,25,1,5,0,0.0
2019-11-25 20:00:00+00:00,25,2,5,0,0.0
2019-11-25 20:00:00+00:00,25,3,2,0,0.0
2019-11-25 20:00:00+00:00,26,1,5,0,0.0
2019-11-25 20:00:00+00:00,26,2,2,0,0.0
2019-11-25 20:00:00+00:00,26,3,12,0,0.0
2019-11-25 20:00:00+00:00,27,1,6,0,0.0
2019-11-25 20:00:00+00:00,27,2,9,0,0.0
2019-11-25 20:00:00+00:00,27,3,2,0,0.0
2019-11-25 20:00:00+00:00,28,1,5,0,0.0
2019-11-25 20:00:00+00:00,28,2,10,0,0.0
2019-11-25 20:00:00+00:00,28,3,2,0,0.0
2019-11-25 20:00:00+00:00,29,1,3,0,0.0
2019-11-25 20:00:00+00:00,29,2,3,0,0.0
2019-11-25 20:00:00+00:00,29,3,5,0,0.0
2019-11-25 20:00:00+00:00,30,1,4,0,0.0
2019-11-25 20:00:00+00:00,30,2,4,0,0.0
2019-11-25 20:00:00+00:00,30,3,13,0,0.0
2019-11-25 20:00:00+00:00,31,1,3,0,0.0
2019-11-25 20:00:00+00:00,31,2,15,0,0.0
2019-11-25 20:00:00+00:00,31,3,3,0,0.0
2019-11-25 20:00:00+00:00,32,1,6,1,34.000000000000064
2019-11-25 20:00:00+00:00,32,2,14,1,34.000000000000064
2019-11-25 20:00:00+00:00,32,3,1,0,0.0
2019-11-25 20:00:00+00:00,33,1,4,0,0.0
2019-11-25 20:00:00+00:00,33,2,7,0,0.0
2019-11-25 20:00:00+00:00,33,3,4,0,0.0
2019-11-25 21:00:00+00:00,0,1,23,0,0.0
2019-11-25 21:00:00+00:00,0,2,11,0,0.0
2019-11-25 21:00:00+00:00,1,1,6,0,0.0
2019-11-25 21:00:00+00:00,1,2,4,0,0.0
2019-11-25 21:00:00+00:00,1,3,8,0,0.0
2019-11-25 21:00:00+00:00,2,1,8,0,0.0
2019-11-25 21:00:00+00:00,2,2,3,0,0.0
2019-11-25 21:00:00+00:00,2,3,6,0,0.0
2019-11-25 21:00:00+00:00,3,1,10,0,0.0
2019-11-25 21:00:00+00:00,3,2,5,0,0.0
2019-11-25 21:00:00+00:00,3,3,19,0,0.0
2019-11-25 21:00:00+00:00,4,1,2,0,0.0
2019-11-25 21:00:00+00:00,4,2,6,0,0.0
2019-11-25 21:00:00+00:00,4,3,8,0,0.0
2019-11-25 21:00:00+00:00,5,1,17,0,0.0
2019-11-25 21:00:00+00:00,5,2,10,0,0.0
2019-11-25 21:00:00+00:00,5,3,6,0,0.0
2019-11-25 21:00:00+00:00,6,1,16,0,0.0
2019-11-25 21:00:00+00:00,6,2,8,0,0.0
2019-11-25 21:00:00+00:00,6,3,10,0,0.0
2019-11-25 21:00:00+00:00,7,1,11,0,0.0
2019-11-25 21:00:00+00:00,7,2,21,0,0.0
2019-11-25 21:00:00+00:00,8,1,8,0,0.0
2019-11-25 21:00:00+00:00,8,2,10,0,0.0
2019-11-25 21:00:00+00:00,8,3,10,0,0.0
2019-11-25 21:00:00+00:00,9,1,7,0,0.0
2019-11-25 21:00:00+00:00,9,2,5,0,0.0
2019-11-25 21:00:00+00:00,9,3,14,0,0.0
2019-11-25 21:00:00+00:00,10,1,5,1,34.000000000000064
2019-11-25 21:00:00+00:00,10,2,7,0,0.0
2019-11-25 21:00:00+00:00,11,1,7,0,0.0
2019-11-25 21:00:00+00:00,11,2,18,0,0.0
2019-11-25 21:00:00+00:00,11,3,3,0,0.0
2019-11-25 21:00:00+00:00,12,1,4,0,0.0
2019-11-25 21:00:00+00:00,12,2,8,0,0.0
2019-11-25 21:00:00+00:00,12,3,10,0,0.0
2019-11-25 21:00:00+00:00,13,1,10,0,0.0
2019-11-25 21:00:00+00:00,13,2,34,0,0.0
2019-11-25 21:00:00+00:00,13,3,14,0,0.0
2019-11-25 21:00:00+00:00,14,1,4,0,0.0
2019-11-25 21:00:00+00:00,14,2,9,0,0.0
2019-11-25 21:00:00+00:00,15,1,5,0,0.0
2019-11-25 21:00:00+00:00,15,2,4,0,0.0
2019-11-25 21:00:00+00:00,16,2,11,0,0.0
2019-11-25 21:00:00+00:00,16,3,9,0,0.0
2019-11-25 21:00:00+00:00,17,1,4,0,0.0
2019-11-25 21:00:00+00:00,17,2,10,0,0.0
2019-11-25 21:00:00+00:00,17,3,6,0,0.0
2019-11-25 21:00:00+00:00,18,1,10,0,0.0
2019-11-25 21:00:00+00:00,18,3,47,0,0.0
2019-11-25 21:00:00+00:00,19,1,7,0,0.0
2019-11-25 21:00:00+00:00,19,2,4,0,0.0
2019-11-25 21:00:00+00:00,19,3,6,0,0.0
2019-11-25 21:00:00+00:00,20,1,8,0,0.0
2019-11-25 21:00:00+00:00,20,2,11,0,0.0
2019-11-25 21:00:00+00:00,21,1,8,0,0.0
2019-11-25 21:00:00+00:00,21,2,13,0,0.0
2019-11-25 21:00:00+00:00,21,3,19,1,34.000000000000064
2019-11-25 21:00:00+00:00,22,1,6,0,0.0
2019-11-25 21:00:00+00:00,22,2,9,0,0.0
2019-11-25 21:00:00+00:00,23,1,24,0,0.0
2019-11-25 21:00:00+00:00,23,3,10,0,0.0
2019-11-25 21:00:00+00:00,24,1,6,0,0.0
2019-11-25 21:00:00+00:00,24,2,4,0,0.0
2019-11-25 21:00:00+00:00,24,3,4,0,0.0
2019-11-25 21:00:00+00:00,25,1,2,0,0.0
2019-11-25 21:00:00+00:00,25,2,8,0,0.0
2019-11-25 21:00:00+00:00,25,3,14,0,0.0
2019-11-25 21:00:00+00:00,26,1,19,0,0.0
2019-11-25 21:00:00+00:00,26,2,6,0,0.0
2019-11-25 21:00:00+00:00,26,3,9,0,0.0
2019-11-25 21:00:00+00:00,27,1,12,0,0.0
2019-11-25 21:00:00+00:00,27,2,9,0,0.0
2019-11-25 21:00:00+00:00,27,3,8,0,0.0
2019-11-25 21:00:00+00:00,28,1,11,0,0.0
2019-11-25 21:00:00+00:00,28,2,12,0,0.0
2019-11-25 21:00:00+00:00,28,3,21,0,0.0
2019-11-25 21:00:00+00:00,29,1,14,0,0.0
2019-11-25 21:00:00+00:00,29,3,5,0,0.0
2019-11-25 21:00:00+00:00,30,1,6,0,0.0
2019-11-25 21:00:00+00:00,30,2,19,0,0.0
2019-11-25 21:00:00+00:00,30,3,10,0,0.0
2019-11-25 21:00:00+00:00,31,1,14,0,0.0
2019-11-25 21:00:00+00:00,31,2,9,0,0.0
2019-11-25 21:00:00+00:00,31,3,13,0,0.0
2019-11-25 21:00:00+00:00,32,1,3,0,0.0
2019-11-25 21:00:00+00:00,32,2,6,0,0.0
2019-11-25 21:00:00+00:00,32,3,9,0,0.0
2019-11-25 21:00:00+00:00,33,1,5,0,0.0
2019-11-25 21:00:00+00:00,33,2,9,0,0.0
2019-11-25 21:00:00+00:00,33,3,5,0,0.0
2019-11-25 22:00:00+00:00,0,1,31,0,0.0
2019-11-25 22:00:00+00:00,0,2,26,0,0.0
2019-11-25 22:00:00+00:00,0,3,13,0,0.0
2019-11-25 22:00:00+00:00,1,1,6,0,0.0
2019-11-25 22:00:00+00:00,1,2,5,0,0.0
2019-11-25 22:00:00+00:00,1,3,33,0,0.0
2019-11-25 22:00:00+00:00,2,1,10,0,0.0
2019-11-25 22:00:00+00:00,2,2,9,0,0.0
2019-11-25 22:00:00+00:00,2,3,6,0,0.0
2019-11-25 22:00:00+00:00,3,1,10,0,0.0
2019-11-25 22:00:00+00:00,3,2,10,0,0.0
2019-11-25 22:00:00+00:00,3,3,7,0,0.0
2019-11-25 22:00:00+00:00,4,1,10,0,0.0
2019-11-25 22:00:00+00:00,4,2,15,2,68.00000000000013
2019-11-25 22:00:00+00:00,5,1,29,0,0.0
2019-11-25 22:00:00+00:00,5,2,8,0,0.0
2019-11-25 22:00:00+00:00,5,3,9,0,0.0
2019-11-25 22:00:00+00:00,6,1,4,0,0.0
2019-11-25 22:00:00+00:00,6,2,22,1,34.000000000000064
2019-11-25 22:00:00+00:00,6,3,10,0,0.0
2019-11-25 22:00:00+00:00,7,1,17,0,0.0
2019-11-25 22:00:00+00:00,7,2,11,0,0.0
2019-11-25 22:00:00+00:00,7,3,13,1,34.000000000000064
2019-11-25 22:00:00+00:00,8,1,26,0,0.0
2019-11-25 22:00:00+00:00,8,2,41,0,0.0
2019-11-25 22:00:00+00:00,8,3,4,0,0.0
2019-11-25 22:00:00+00:00,9,1,20,0,0.0
2019-11-25 22:00:00+00:00,9,2,11,0,0.0
2019-11-25 22:00:00+00:00,9,3,30,0,0.0
2019-11-25 22:00:00+00:00,10,1,44,0,0.0
2019-11-25 22:00:00+00:00,10,2,7,0,0.0
2019-11-25 22:00:00+00:00,10,3,8,0,0.0
2019-11-25 22:00:00+00:00,11,1,13,0,0.0
2019-11-25 22:00:00+00:00,11,2,23,0,0.0
2019-11-25 22:00:00+00:00,11,3,10,0,0.0
2019-11-25 22:00:00+00:00,12,1,27,0,0.0
2019-11-25 22:00:00+00:00,12,2,9,0,0.0
2019-11-25 22:00:00+00:00,12,3,14,0,0.0
2019-11-25 22:00:00+00:00,13,1,34,0,0.0
2019-11-25 22:00:00+00:00,13,2,3,0,0.0
2019-11-25 22:00:00+00:00,14,1,24,0,0.0
2019-11-25 22:00:00+00:00,14,2,26,0,0.0
2019-11-25 22:00:00+00:00,14,3,8,1,34.000000000000064
2019-11-25 22:00:00+00:00,15,1,7,0,0.0
2019-11-25 22:00:00+00:00,15,2,31,1,34.000000000000064
2019-11-25 22:00:00+00:00,15,3,19,0,0.0
2019-11-25 22:00:00+00:00,16,1,18,0,0.0
2019-11-25 22:00:00+00:00,16,2,14,0,0.0
2019-11-25 22:00:00+00:00,16,3,19,0,0.0
2019-11-25 22:00:00+00:00,17,1,9,0,0.0
2019-11-25 22:00:00+00:00,17,2,10,0,0.0
2019-11-25 22:00:00+00:00,17,3,13,0,0.0
2019-11-25 22:00:00+00:00,18,2,29,0,0.0
2019-11-25 22:00:00+00:00,18,3,43,0,0.0
2019-11-25 22:00:00+00:00,19,2,13,3,102.0000000000002
2019-11-25 22:00:00+00:00,19,3,11,0,0.0
2019-11-25 22:00:00+00:00,20,1,10,0,0.0
2019-11-25 22:00:00+00:00,20,2,17,0,0.0
2019-11-25 22:00:00+00:00,20,3,12,0,0.0
2019-11-25 22:00:00+00:00,21,1,10,0,0.0
2019-11-25 22:00:00+00:00,21,2,17,0,0.0
2019-11-25 22:00:00+00:00,21,3,17,0,0.0
2019-11-25 22:00:00+00:00,22,1,2,0,0.0
2019-11-25 22:00:00+00:00,22,2,13,0,0.0
2019-11-25 22:00:00+00:00,22,3,7,0,0.0
2019-11-25 22:00:00+00:00,23,1,14,0,0.0
2019-11-25 22:00:00+00:00,23,2,17,0,0.0
2019-11-25 22:00:00+00:00,23,3,16,0,0.0
2019-11-25 22:00:00+00:00,24,1,9,0,0.0
2019-11-25 22:00:00+00:00,24,2,13,0,0.0
2019-11-25 22:00:00+00:00,24,3,34,2,68.00000000000013
2019-11-25 22:00:00+00:00,25,1,19,0,0.0
2019-11-25 22:00:00+00:00,25,3,9,0,0.0
2019-11-25 22:00:00+00:00,26,1,14,6,204.0000000000004
2019-11-25 22:00:00+00:00,26,2,6,0,0.0
2019-11-25 22:00:00+00:00,26,3,13,0,0.0
2019-11-25 22:00:00+00:00,27,1,12,0,0.0
2019-11-25 22:00:00+00:00,27,2,15,0,0.0
2019-11-25 22:00:00+00:00,27,3,14,0,0.0
2019-11-25 22:00:00+00:00,28,1,26,0,0.0
2019-11-25 22:00:00+00:00,28,2,15,0,0.0
2019-11-25 22:00:00+00:00,28,3,12,0,0.0
2019-11-25 22:00:00+00:00,29,1,4,0,0.0
2019-11-25 22:00:00+00:00,29,2,12,0,0.0
2019-11-25 22:00:00+00:00,29,3,6,0,0.0
2019-11-25 22:00:00+00:00,30,1,15,0,0.0
2019-11-25 22:00:00+00:00,30,2,22,0,0.0
2019-11-25 22:00:00+00:00,30,3,31,1,34.000000000000064
2019-11-25 22:00:00+00:00,31,1,10,0,0.0
2019-11-25 22:00:00+00:00,31,2,17,0,0.0
2019-11-25 22:00:00+00:00,31,3,24,0,0.0
2019-11-25 22:00:00+00:00,32,1,15,0,0.0
2019-11-25 22:00:00+00:00,32,2,8,0,0.0
2019-11-25 22:00:00+00:00,32,3,14,0,0.0
2019-11-25 22:00:00+00:00,33,1,6,0,0.0
2019-11-25 22:00:00+00:00,33,2,10,0,0.0
2019-11-25 22:00:00+00:00,33,3,26,0,0.0
2019-11-25 23:00:00+00:00,0,1,8,0,0.0
2019-11-25 23:00:00+00:00,0,2,15,0,0.0
2019-11-25 23:00:00+00:00,0,3,10,0,0.0
2019-11-25 23:00:00+00:00,1,1,20,0,0.0
2019-11-25 23:00:00+00:00,1,2,16,0,0.0
2019-11-25 23:00:00+00:00,1,3,6,0,0.0
2019-11-25 23:00:00+00:00,2,1,17,0,0.0
2019-11-25 23:00:00+00:00,2,2,10,0,0.0
2019-11-25 23:00:00+00:00,2,3,14,0,0.0
2019-11-25 23:00:00+00:00,3,1,20,0,0.0
2019-11-25 23:00:00+00:00,3,3,19,0,0.0
2019-11-25 23:00:00+00:00,4,1,31,0,0.0
2019-11-25 23:00:00+00:00,4,2,1,0,0.0
2019-11-25 23:00:00+00:00,4,3,5,0,0.0
2019-11-25 23:00:00+00:00,5,1,38,0,0.0
2019-11-25 23:00:00+00:00,5,2,9,0,0.0
2019-11-25 23:00:00+00:00,5,3,7,0,0.0
2019-11-25 23:00:00+00:00,6,1,5,0,0.0
2019-11-25 23:00:00+00:00,6,2,32,0,0.0
2019-11-25 23:00:00+00:00,6,3,23,0,0.0
2019-11-25 23:00:00+00:00,7,1,24,0,0.0
2019-11-25 23:00:00+00:00,7,3,35,0,0.0
2019-11-25 23:00:00+00:00,8,1,7,0,0.0
2019-11-25 23:00:00+00:00,8,2,19,0,0.0
2019-11-25 23:00:00+00:00,8,3,7,0,0.0
2019-11-25 23:00:00+00:00,9,1,11,0,0.0
2019-11-25 23:00:00+00:00,9,2,22,1,34.000000000000064
2019-11-25 23:00:00+00:00,9,3,16,0,0.0
2019-11-25 23:00:00+00:00,10,1,15,0,0.0
2019-11-25 23:00:00+00:00,10,2,14,0,0.0
2019-11-25 23:00:00+00:00,10,3,29,0,0.0
2019-11-25 23:00:00+00:00,11,1,22,0,0.0
2019-11-25 23:00:00+00:00,11,2,10,0,0.0
2019-11-25 23:00:00+00:00,11,3,13,0,0.0
2019-11-25 23:00:00+00:00,12,1,7,0,0.0
2019-11-25 23:00:00+00:00,12,2,39,0,0.0
2019-11-25 23:00:00+00:00,12,3,27,0,0.0
2019-11-25 23:00:00+00:00,13,1,20,0,0.0
2019-11-25 23:00:00+00:00,13,2,18,0,0.0
2019-11-25 23:00:00+00:00,13,3,7,0,0.0
2019-11-25 23:00:00+00:00,14,1,15,0,0.0
2019-11-25 23:00:00+00:00,14,2,14,0,0.0
2019-11-25 23:00:00+00:00,14,3,2,0,0.0
2019-11-25 23:00:00+00:00,15,1,24,0,0.0
2019-11-25 23:00:00+00:00,15,2,14,0,0.0
2019-11-25 23:00:00+00:00,15,3,10,0,0.0
2019-11-25 23:00:00+00:00,16,1,7,0,0.0
2019-11-25 23:00:00+00:00,16,2,1,0,0.0
2019-11-25 23:00:00+00:00,16,3,30,0,0.0
2019-11-25 23:00:00+00:00,17,1,27,0,0.0
2019-11-25 23:00:00+00:00,17,2,13,0,0.0
2019-11-25 23:00:00+00:00,17,3,12,0,0.0
2019-11-25 23:00:00+00:00,18,1,10,0,0.0
2019-11-25 23:00:00+00:00,18,2,12,0,0.0
2019-11-25 23:00:00+00:00,18,3,33,0,0.0
2019-11-25 23:00:00+00:00,19,1,28,1,34.000000000000064
2019-11-25 23:00:00+00:00,19,2,35,0,0.0
2019-11-25 23:00:00+00:00,19,3,13,0,0.0
2019-11-25 23:00:00+00:00,20,1,9,0,0.0
2019-11-25 23:00:00+00:00,20,2,16,0,0.0
2019-11-25 23:00:00+00:00,20,3,3,0,0.0
2019-11-25 23:00:00+00:00,21,1,15,0,0.0
2019-11-25 23:00:00+00:00,21,2,19,0,0.0
2019-11-25 23:00:00+00:00,21,3,25,0,0.0
2019-11-25 23:00:00+00:00,22,1,34,0,0.0
2019-11-25 23:00:00+00:00,22,2,10,0,0.0
2019-11-25 23:00:00+00:00,22,3,22,1,34.000000000000064
2019-11-25 23:00:00+00:00,23,1,15,0,0.0
2019-11-25 23:00:00+00:00,23,3,24,0,0.0
2019-11-25 23:00:00+00:00,24,1,4,0,0.0
2019-11-25 23:00:00+00:00,24,2,10,0,0.0
2019-11-25 23:00:00+00:00,24,3,23,0,0.0
2019-11-25 23:00:00+00:00,25,1,14,0,0.0
2019-11-25 23:00:00+00:00,25,2,20,0,0.0
2019-11-25 23:00:00+00:00,25,3,21,0,0.0
2019-11-25 23:00:00+00:00,26,2,8,0,0.0
2019-11-25 23:00:00+00:00,26,3,17,0,0.0
2019-11-25 23:00:00+00:00,27,2,11,0,0.0
2019-11-25 23:00:00+00:00,27,3,18,0,0.0
2019-11-25 23:00:00+00:00,28,1,15,0,0.0
2019-11-25 23:00:00+00:00,28,2,25,0,0.0
2019-11-25 23:00:00+00:00,28,3,19,0,0.0
2019-11-25 23:00:00+00:00,29,1,14,0,0.0
2019-11-25 23:00:00+00:00,29,2,20,1,34.000000000000064
2019-11-25 23:00:00+00:00,29,3,24,0,0.0
2019-11-25 23:00:00+00:00,30,2,23,0,0.0
2019-11-25 23:00:00+00:00,30,3,12,0,0.0
2019-11-25 23:00:00+00:00,31,1,9,0,0.0
2019-11-25 23:00:00+00:00,31,2,21,1,34.000000000000064
2019-11-25 23:00:00+00:00,31,3,10,0,0.0
2019-11-25 23:00:00+00:00,32,1,37,0,0.0
2019-11-25 23:00:00+00:00,32,2,27,0,0.0
2019-11-25 23:00:00+00:00,32,3,3,0,0.0
2019-11-25 23:00:00+00:00,33,1,24,0,0.0
2019-11-25 23:00:00+00:00,33,2,42,0,0.0
2019-11-25 23:00:00+00:00,33,3,7,0,0.0
2019-11-26 00:00:00+00:00,0,1,32,0,0.0
2019-11-26 00:00:00+00:00,0,2,15,0,0.0
2019-11-26 00:00:00+00:00,0,3,11,0,0.0
2019-11-26 00:00:00+00:00,1,1,33,0,0.0
2019-11-26 00:00:00+00:00,1,2,19,0,0.0
2019-11-26 00:00:00+00:00,1,3,9,0,0.0
2019-11-26 00:00:00+00:00,2,1,28,0,0.0
2019-11-26 00:00:00+00:00,2,2,12,0,0.0
2019-11-26 00:00:00+00:00,2,3,12,0,0.0
2019-11-26 00:00:00+00:00,3,1,6,0,0.0
2019-11-26 00:00:00+00:00,3,2,3,0,0.0
2019-11-26 00:00:00+00:00,3,3,16,0,0.0
2019-11-26 00:00:00+00:00,4,1,8,0,0.0
2019-11-26 00:00:00+00:00,4,2,30,0,0.0
2019-11-26 00:00:00+00:00,4,3,7,0,0.0
2019-11-26 00:00:00+00:00,5,1,21,0,0.0
2019-11-26 00:00:00+00:00,5,2,29,1,34.000000000000064
2019-11-26 00:00:00+00:00,5,3,16,0,0.0
2019-11-26 00:00:00+00:00,6,1,5,0,0.0
2019-11-26 00:00:00+00:00,6,2,24,0,0.0
2019-11-26 00:00:00+00:00,6,3,31,0,0.0
2019-11-26 00:00:00+00:00,7,1,3,0,0.0
2019-11-26 00:00:00+00:00,7,2,5,0,0.0
2019-11-26 00:00:00+00:00,7,3,18,0,0.0
2019-11-26 00:00:00+00:00,8,2,10,0,0.0
2019-11-26 00:00:00+00:00,8,3,8,0,0.0
2019-11-26 00:00:00+00:00,9,1,12,0,0.0
2019-11-26 00:00:00+00:00,9,2,17,0,0.0
2019-11-26 00:00:00+00:00,9,3,10,0,0.0
2019-11-26 00:00:00+00:00,10,1,15,0,0.0
2019-11-26 00:00:00+00:00,10,2,27,0,0.0
2019-11-26 00:00:00+00:00,10,3,17,0,0.0
2019-11-26 00:00:00+00:00,11,1,22,0,0.0
2019-11-26 00:00:00+00:00,11,2,7,0,0.0
2019-11-26 00:00:00+00:00,11,3,8,0,0.0
2019-11-26 00:00:00+00:00,12,1,17,0,0.0
2019-11-26 00:00:00+00:00,12,2,24,0,0.0
2019-11-26 00:00:00+00:00,12,3,12,0,0.0
2019-11-26 00:00:00+00:00,13,1,19,0,0.0
2019-11-26 00:00:00+00:00,13,2,5,0,0.0
2019-11-26 00:00:00+00:00,13,3,8,0,0.0
2019-11-26 00:00:00+00:00,14,1,21,0,0.0
2019-11-26 00:00:00+00:00,14,2,47,0,0.0
2019-11-26 00:00:00+00:00,14,3,9,0,0.0
2019-11-26 00:00:00+00:00,15,1,11,0,0.0
2019-11-26 00:00:00+00:00,15,2,12,0,0.0
2019-11-26 00:00:00+00:00,15,3,18,0,0.0
2019-11-26 00:00:00+00:00,16,1,6,0,0.0
2019-11-26 00:00:00+00:00,16,2,16,0,0.0
2019-11-26 00:00:00+00:00,16,3,27,0,0.0
2019-11-26 00:00:00+00:00,17,1,40,0,0.0
2019-11-26 00:00:00+00:00,17,2,11,0,0.0
2019-11-26 00:00:00+00:00,17,3,9,0,0.0
2019-11-26 00:00:00+00:00,18,1,15,0,0.0
2019-11-26 00:00:00+00:00,18,2,9,0,0.0
2019-11-26 00:00:00+00:00,18,3,8,0,0.0
2019-11-26 00:00:00+00:00,19,1,2,0,0.0
2019-11-26 00:00:00+00:00,19,2,2,0,0.0
2019-11-26 00:00:00+00:00,19,3,55,0,0.0
2019-11-26 00:00:00+00:00,20,1,13,0,0.0
2019-11-26 00:00:00+00:00,20,2,24,0,0.0
2019-11-26 00:00:00+00:00,20,3,20,0,0.0
2019-11-26 00:00:00+00:00,21,1,10,0,0.0
2019-11-26 00:00:00+00:00,21,2,9,0,0.0
2019-11-26 00:00:00+00:00,21,3,25,0,0.0
2019-11-26 00:00:00+00:00,22,1,18,0,0.0
2019-11-26 00:00:00+00:00,22,2,10,0,0.0
2019-11-26 00:00:00+00:00,22,3,19,0,0.0
2019-11-26 00:00:00+00:00,23,1,3,0,0.0
2019-11-26 00:00:00+00:00,23,2,44,0,0.0
2019-11-26 00:00:00+00:00,23,3,14,0,0.0
2019-11-26 00:00:00+00:00,24,1,30,0,0.0
2019-11-26 00:00:00+00:00,24,2,14,0,0.0
2019-11-26 00:00:00+00:00,24,3,46,0,0.0
2019-11-26 00:00:00+00:00,25,1,21,1,34.000000000000064
2019-11-26 00:00:00+00:00,25,2,16,0,0.0
2019-11-26 00:00:00+00:00,25,3,25,0,0.0
2019-11-26 00:00:00+00:00,26,1,10,0,0.0
2019-11-26 00:00:00+00:00,26,2,21,0,0.0
2019-11-26 00:00:00+00:00,26,3,16,0,0.0
2019-11-26 00:00:00+00:00,27,1,22,0,0.0
2019-11-26 00:00:00+00:00,27,2,8,0,0.0
2019-11-26 00:00:00+00:00,27,3,6,0,0.0
2019-11-26 00:00:00+00:00,28,1,26,0,0.0
2019-11-26 00:00:00+00:00,28,2,2,0,0.0
2019-11-26 00:00:00+00:00,28,3,6,0,0.0
2019-11-26 00:00:00+00:00,29,1,17,0,0.0
2019-11-26 00:00:00+00:00,29,2,9,0,0.0
2019-11-26 00:00:00+00:00,29,3,5,0,0.0
2019-11-26 00:00:00+00:00,30,1,16,0,0.0
2019-11-26 00:00:00+00:00,30,3,28,0,0.0
2019-11-26 00:00:00+00:00,31,1,24,0,0.0
2019-11-26 00:00:00+00:00,31,2,35,0,0.0
2019-11-26 00:00:00+00:00,31,3,9,0,0.0
2019-11-26 00:00:00+00:00,32,1,6,0,0.0
2019-11-26 00:00:00+00:00,32,2,22,0,0.0
2019-11-26 00:00:00+00:00,32,3,5,0,0.0
2019-11-26 00:00:00+00:00,33,1,15,0,0.0
2019-11-26 00:00:00+00:00,33,2,9,0,0.0
2019-11-26 00:00:00+00:00,33,3,16,0,0.0
2019-11-26 01:00:00+00:00,0,1,34,0,0.0
2019-11-26 01:00:00+00:00,0,3,15,0,0.0
2019-11-26 01:00:00+00:00,1,1,8,0,0.0
2019-11-26 01:00:00+00:00,1,2,49,0,0.0
2019-11-26 01:00:00+00:00,1,3,31,0,0.0
2019-11-26 01:00:00+00:00,2,1,10,0,0.0
2019-11-26 01:00:00+00:00,2,2,22,0,0.0
2019-11-26 01:00:00+00:00,2,3,28,0,0.0
2019-11-26 01:00:00+00:00,3,1,14,0,0.0
2019-11-26 01:00:00+00:00,3,2,10,0,0.0
2019-11-26 01:00:00+00:00,3,3,25,0,0.0
2019-11-26 01:00:00+00:00,4,1,11,0,0.0
2019-11-26 01:00:00+00:00,4,2,30,0,0.0
2019-11-26 01:00:00+00:00,4,3,17,0,0.0
2019-11-26 01:00:00+00:00,5,1,13,0,0.0
2019-11-26 01:00:00+00:00,5,2,11,0,0.0
2019-11-26 01:00:00+00:00,5,3,14,0,0.0
2019-11-26 01:00:00+00:00,6,1,10,0,0.0
2019-11-26 01:00:00+00:00,6,2,15,0,0.0
2019-11-26 01:00:00+00:00,6,3,9,0,0.0
2019-11-26 01:00:00+00:00,7,1,18,0,0.0
2019-11-26 01:00:00+00:00,7,2,19,0,0.0
2019-11-26 01:00:00+00:00,7,3,20,0,0.0
2019-11-26 01:00:00+00:00,8,1,18,0,0.0
2019-11-26 01:00:00+00:00,8,2,11,0,0.0
2019-11-26 01:00:00+00:00,8,3,7,0,0.0
2019-11-26 01:00:00+00:00,9,1,42,0,0.0
2019-11-26 01:00:00+00:00,9,2,10,0,0.0
2019-11-26 01:00:00+00:00,9,3,23,0,0.0
2019-11-26 01:00:00+00:00,10,1,10,0,0.0
2019-11-26 01:00:00+00:00,10,2,35,0,0.0
2019-11-26 01:00:00+00:00,10,3,27,0,0.0
2019-11-26 01:00:00+00:00,11,1,40,0,0.0
2019-11-26 01:00:00+00:00,11,2,28,2,68.00000000000013
2019-11-26 01:00:00+00:00,11,3,8,0,0.0
2019-11-26 01:00:00+00:00,12,1,11,0,0.0
2019-11-26 01:00:00+00:00,12,2,25,0,0.0
2019-11-26 01:00:00+00:00,12,3,3,0,0.0
2019-11-26 01:00:00+00:00,13,1,39,0,0.0
2019-11-26 01:00:00+00:00,13,2,36,0,0.0
2019-11-26 01:00:00+00:00,13,3,32,0,0.0
2019-11-26 01:00:00+00:00,14,1,23,0,0.0
2019-11-26 01:00:00+00:00,14,2,16,0,0.0
2019-11-26 01:00:00+00:00,14,3,18,0,0.0
2019-11-26 01:00:00+00:00,15,2,11,0,0.0
2019-11-26 01:00:00+00:00,15,3,40,1,34.000000000000064
2019-11-26 01:00:00+00:00,16,1,27,0,0.0
2019-11-26 01:00:00+00:00,16,2,20,0,0.0
2019-11-26 01:00:00+00:00,16,3,21,0,0.0
2019-11-26 01:00:00+00:00,17,1,8,0,0.0
2019-11-26 01:00:00+00:00,17,2,25,0,0.0
2019-11-26 01:00:00+00:00,17,3,22,0,0.0
2019-11-26 01:00:00+00:00,18,1,30,0,0.0
2019-11-26 01:00:00+00:00,18,2,26,1,34.000000000000064
2019-11-26 01:00:00+00:00,18,3,23,0,0.0
2019-11-26 01:00:00+00:00,19,1,18,0,0.0
2019-11-26 01:00:00+00:00,19,2,5,0,0.0
2019-11-26 01:00:00+00:00,19,3,7,0,0.0
2019-11-26 01:00:00+00:00,20,1,20,0,0.0
2019-11-26 01:00:00+00:00,20,2,17,0,0.0
2019-11-26 01:00:00+00:00,20,3,22,0,0.0
2019-11-26 01:00:00+00:00,21,1,21,0,0.0
2019-11-26 01:00:00+00:00,21,2,21,0,0.0
2019-11-26 01:00:00+00:00,21,3,22,0,0.0
2019-11-26 01:00:00+00:00,22,1,39,0,0.0
2019-11-26 01:00:00+00:00,22,2,14,0,0.0
2019-11-26 01:00:00+00:00,22,3,14,0,0.0
2019-11-26 01:00:00+00:00,23,1,37,0,0.0
2019-11-26 01:00:00+00:00,23,2,11,0,0.0
2019-11-26 01:00:00+00:00,23,3,17,0,0.0
2019-11-26 01:00:00+00:00,24,1,12,0,0.0
2019-11-26 01:00:00+00:00,24,2,15,0,0.0
2019-11-26 01:00:00+00:00,24,3,16,0,0.0
2019-11-26 01:00:00+00:00,25,1,24,0,0.0
2019-11-26 01:00:00+00:00,25,2,16,0,0.0
2019-11-26 01:00:00+00:00,25,3,31,0,0.0
2019-11-26 01:00:00+00:00,26,2,28,0,0.0
2019-11-26 01:00:00+00:00,26,3,29,0,0.0
2019-11-26 01:00:00+00:00,27,1,13,0,0.0
2019-11-26 01:00:00+00:00,27,2,26,0,0.0
2019-11-26 01:00:00+00:00,27,3,9,0,0.0
2019-11-26 01:00:00+00:00,28,1,21,0,0.0
2019-11-26 01:00:00+00:00,28,2,25,0,0.0
2019-11-26 01:00:00+00:00,28,3,13,0,0.0
2019-11-26 01:00:00+00:00,29,2,5,0,0.0
2019-11-26 01:00:00+00:00,29,3,28,0,0.0
2019-11-26 01:00:00+00:00,30,1,15,0,0.0
2019-11-26 01:00:00+00:00,30,2,18,0,0.0
2019-11-26 01:00:00+00:00,30,3,16,0,0.0
2019-11-26 01:00:00+00:00,31,1,16,0,0.0
2019-11-26 01:00:00+00:00,31,2,16,0,0.0
2019-11-26 01:00:00+00:00,31,3,21,0,0.0
2019-11-26 01:00:00+00:00,32,1,47,0,0.0
2019-11-26 01:00:00+00:00,32,2,30,0,0.0
2019-11-26 01:00:00+00:00,32,3,16,0,0.0
2019-11-26 01:00:00+00:00,33,1,9,0,0.0
2019-11-26 01:00:00+00:00,33,2,12,0,0.0
2019-11-26 01:00:00+00:00,33,3,13,0,0.0
2019-11-26 02:00:00+00:00,0,1,8,0,0.0
2019-11-26 02:00:00+00:00,0,2,23,0,0.0
2019-11-26 02:00:00+00:00,0,3,24,0,0.0
2019-11-26 02:00:00+00:00,1,1,27,0,0.0
2019-11-26 02:00:00+00:00,1,2,44,0,0.0
2019-11-26 02:00:00+00:00,1,3,7,0,0.0
2019-11-26 02:00:00+00:00,2,1,28,0,0.0
2019-11-26 02:00:00+00:00,2,2,9,0,0.0
2019-11-26 02:00:00+00:00,2,3,23,0,0.0
2019-11-26 02:00:00+00:00,3,1,14,0,0.0
2019-11-26 02:00:00+00:00,3,2,36,0,0.0
2019-11-26 02:00:00+00:00,4,1,1,0,0.0
2019-11-26 02:00:00+00:00,4,2,32,0,0.0
2019-11-26 02:00:00+00:00,4,3,5,0,0.0
2019-11-26 02:00:00+00:00,5,1,39,0,0.0
2019-11-26 02:00:00+00:00,5,2,16,0,0.0
2019-11-26 02:00:00+00:00,5,3,30,0,0.0
2019-11-26 02:00:00+00:00,6,1,49,0,0.0
2019-11-26 02:00:00+00:00,6,2,13,0,0.0
2019-11-26 02:00:00+00:00,6,3,11,0,0.0
2019-11-26 02:00:00+00:00,7,1,37,0,0.0
2019-11-26 02:00:00+00:00,7,2,16,0,0.0
2019-11-26 02:00:00+00:00,7,3,35,0,0.0
2019-11-26 02:00:00+00:00,8,1,29,0,0.0
2019-11-26 02:00:00+00:00,8,2,16,0,0.0
2019-11-26 02:00:00+00:00,8,3,8,0,0.0
2019-11-26 02:00:00+00:00,9,1,25,0,0.0
2019-11-26 02:00:00+00:00,9,2,23,0,0.0
2019-11-26 02:00:00+00:00,9,3,14,0,0.0
2019-11-26 02:00:00+00:00,10,1,26,0,0.0
2019-11-26 02:00:00+00:00,10,2,12,0,0.0
2019-11-26 02:00:00+00:00,10,3,32,0,0.0
2019-11-26 02:00:00+00:00,12,1,21,0,0.0
2019-11-26 02:00:00+00:00,12,2,20,0,0.0
2019-11-26 02:00:00+00:00,12,3,32,0,0.0
2019-11-26 02:00:00+00:00,13,1,19,0,0.0
2019-11-26 02:00:00+00:00,13,2,40,2,68.00000000000013
2019-11-26 02:00:00+00:00,13,3,11,0,0.0
2019-11-26 02:00:00+00:00,14,1,10,0,0.0
2019-11-26 02:00:00+00:00,14,2,7,0,0.0
2019-11-26 02:00:00+00:00,14,3,31,1,34.000000000000064
2019-11-26 02:00:00+00:00,15,1,10,0,0.0
2019-11-26 02:00:00+00:00,15,2,32,0,0.0
2019-11-26 02:00:00+00:00,15,3,7,0,0.0
2019-11-26 02:00:00+00:00,16,1,12,0,0.0
2019-11-26 02:00:00+00:00,16,2,21,0,0.0
2019-11-26 02:00:00+00:00,16,3,18,0,0.0
2019-11-26 02:00:00+00:00,17,1,12,0,0.0
2019-11-26 02:00:00+00:00,17,2,5,0,0.0
2019-11-26 02:00:00+00:00,17,3,28,0,0.0
2019-11-26 02:00:00+00:00,18,1,10,0,0.0
2019-11-26 02:00:00+00:00,18,2,14,0,0.0
2019-11-26 02:00:00+00:00,18,3,26,0,0.0
2019-11-26 02:00:00+00:00,19,1,37,0,0.0
2019-11-26 02:00:00+00:00,19,2,20,0,0.0
2019-11-26 02:00:00+00:00,19,3,24,0,0.0
2019-11-26 02:00:00+00:00,20,2,3,0,0.0
2019-11-26 02:00:00+00:00,20,3,43,0,0.0
2019-11-26 02:00:00+00:00,21,1,22,0,0.0
2019-11-26 02:00:00+00:00,21,2,12,0,0.0
2019-11-26 02:00:00+00:00,21,3,7,0,0.0
2019-11-26 02:00:00+00:00,22,1,39,0,0.0
2019-11-26 02:00:00+00:00,22,2,18,0,0.0
2019-11-26 02:00:00+00:00,22,3,15,0,0.0
2019-11-26 02:00:00+00:00,23,1,9,0,0.0
2019-11-26 02:00:00+00:00,23,2,20,0,0.0
2019-11-26 02:00:00+00:00,23,3,31,0,0.0
2019-11-26 02:00:00+00:00,24,1,23,1,34.000000000000064
2019-11-26 02:00:00+00:00,24,2,49,0,0.0
2019-11-26 02:00:00+00:00,24,3,24,0,0.0
2019-11-26 02:00:00+00:00,25,1,6,0,0.0
2019-11-26 02:00:00+00:00,25,2,9,0,0.0
2019-11-26 02:00:00+00:00,25,3,6,0,0.0
2019-11-26 02:00:00+00:00,26,1,23,0,0.0
2019-11-26 02:00:00+00:00,26,2,36,1,34.000000000000064
2019-11-26 02:00:00+00:00,26,3,9,0,0.0
2019-11-26 02:00:00+00:00,27,1,25,0,0.0
2019-11-26 02:00:00+00:00,27,2,25,0,0.0
2019-11-26 02:00:00+00:00,27,3,20,0,0.0
2019-11-26 02:00:00+00:00,28,1,12,0,0.0
2019-11-26 02:00:00+00:00,28,2,21,0,0.0
2019-11-26 02:00:00+00:00,28,3,50,0,0.0
2019-11-26 02:00:00+00:00,29,1,36,0,0.0
2019-11-26 02:00:00+00:00,29,2,6,0,0.0
2019-11-26 02:00:00+00:00,29,3,25,0,0.0
2019-11-26 02:00:00+00:00,30,1,11,0,0.0
2019-11-26 02:00:00+00:00,30,2,29,0,0.0
2019-11-26 02:00:00+00:00,30,3,7,0,0.0
2019-11-26 02:00:00+00:00,31,1,20,0,0.0
2019-11-26 02:00:00+00:00,31,2,12,0,0.0
2019-11-26 02:00:00+00:00,31,3,14,1,34.000000000000064
2019-11-26 02:00:00+00:00,32,1,9,0,0.0
2019-11-26 02:00:00+00:00,32,2,1,0,0.0
2019-11-26 02:00:00+00:00,32,3,11,0,0.0
2019-11-26 02:00:00+00:00,33,1,28,0,0.0
2019-11-26 02:00:00+00:00,33,2,38,0,0.0
2019-11-26 02:00:00+00:00,33,3,48,0,0.0
2019-11-26 03:00:00+00:00,0,1,22,0,0.0
2019-11-26 03:00:00+00:00,0,2,41,0,0.0
2019-11-26 03:00:00+00:00,0,3,35,0,0.0
2019-11-26 03:00:00+00:00,1,1,9,0,0.0
2019-11-26 03:00:00+00:00,1,2,16,0,0.0
2019-11-26 03:00:00+00:00,1,3,17,0,0.0
2019-11-26 03:00:00+00:00,2,1,16,0,0.0
2019-11-26 03:00:00+00:00,2,2,25,0,0.0
2019-11-26 03:00:00+00:00,2,3,15,0,0.0
2019-11-26 03:00:00+00:00,3,1,20,0,0.0
2019-11-26 03:00:00+00:00,3,2,34,1,34.000000000000064
2019-11-26 03:00:00+00:00,3,3,41,0,0.0
2019-11-26 03:00:00+00:00,4,1,18,0,0.0
2019-11-26 03:00:00+00:00,4,2,40,1,34.000000000000064
2019-11-26 03:00:00+00:00,4,3,36,0,0.0
2019-11-26 03:00:00+00:00,5,1,46,0,0.0
2019-11-26 03:00:00+00:00,5,2,28,0,0.0
2019-11-26 03:00:00+00:00,5,3,47,0,0.0
2019-11-26 03:00:00+00:00,6,1,35,0,0.0
2019-11-26 03:00:00+00:00,6,2,29,0,0.0
2019-11-26 03:00:00+00:00,6,3,51,1,34.000000000000064
2019-11-26 03:00:00+00:00,7,1,20,0,0.0
2019-11-26 03:00:00+00:00,7,2,27,0,0.0
2019-11-26 03:00:00+00:00,7,3,41,0,0.0
2019-11-26 03:00:00+00:00,8,1,39,0,0.0
2019-11-26 03:00:00+00:00,8,2,37,0,0.0
2019-11-26 03:00:00+00:00,8,3,24,0,0.0
2019-11-26 03:00:00+00:00,9,1,4,0,0.0
2019-11-26 03:00:00+00:00,9,2,30,0,0.0
2019-11-26 03:00:00+00:00,9,3,14,1,34.000000000000064
2019-11-26 03:00:00+00:00,10,1,42,0,0.0
2019-11-26 03:00:00+00:00,10,2,25,2,68.00000000000013
2019-11-26 03:00:00+00:00,10,3,20,0,0.0
2019-11-26 03:00:00+00:00,11,1,64,0,0.0
2019-11-26 03:00:00+00:00,11,2,39,0,0.0
2019-11-26 03:00:00+00:00,11,3,22,0,0.0
2019-11-26 03:00:00+00:00,12,1,9,0,0.0
2019-11-26 03:00:00+00:00,12,2,12,0,0.0
2019-11-26 03:00:00+00:00,12,3,25,0,0.0
2019-11-26 03:00:00+00:00,13,1,41,3,102.0000000000002
2019-11-26 03:00:00+00:00,13,2,16,0,0.0
2019-11-26 03:00:00+00:00,13,3,20,0,0.0
2019-11-26 03:00:00+00:00,14,1,20,0,0.0
2019-11-26 03:00:00+00:00,14,2,13,0,0.0
2019-11-26 03:00:00+00:00,14,3,10,0,0.0
2019-11-26 03:00:00+00:00,15,1,10,0,0.0
2019-11-26 03:00:00+00:00,15,2,45,0,0.0
2019-11-26 03:00:00+00:00,15,3,30,0,0.0
2019-11-26 03:00:00+00:00,16,1,23,0,0.0
2019-11-26 03:00:00+00:00,16,2,16,0,0.0
2019-11-26 03:00:00+00:00,16,3,52,0,0.0
2019-11-26 03:00:00+00:00,17,1,26,4,136.00000000000026
2019-11-26 03:00:00+00:00,17,2,16,0,0.0
2019-11-26 03:00:00+00:00,17,3,41,0,0.0
2019-11-26 03:00:00+00:00,18,1,23,0,0.0
2019-11-26 03:00:00+00:00,18,2,21,0,0.0
2019-11-26 03:00:00+00:00,18,3,36,0,0.0
2019-11-26 03:00:00+00:00,19,1,17,0,0.0
2019-11-26 03:00:00+00:00,19,2,3,0,0.0
2019-11-26 03:00:00+00:00,19,3,26,0,0.0
2019-11-26 03:00:00+00:00,20,1,53,0,0.0
2019-11-26 03:00:00+00:00,20,3,28,0,0.0
2019-11-26 03:00:00+00:00,21,1,61,0,0.0
2019-11-26 03:00:00+00:00,21,2,41,0,0.0
2019-11-26 03:00:00+00:00,21,3,28,0,0.0
2019-11-26 03:00:00+00:00,22,1,38,0,0.0
2019-11-26 03:00:00+00:00,22,2,22,0,0.0
2019-11-26 03:00:00+00:00,22,3,34,0,0.0
2019-11-26 03:00:00+00:00,23,1,20,0,0.0
2019-11-26 03:00:00+00:00,23,2,21,0,0.0
2019-11-26 03:00:00+00:00,23,3,42,1,34.000000000000064
2019-11-26 03:00:00+00:00,24,1,31,2,68.00000000000013
2019-11-26 03:00:00+00:00,24,2,15,0,0.0
2019-11-26 03:00:00+00:00,24,3,38,0,0.0
2019-11-26 03:00:00+00:00,25,1,41,0,0.0
2019-11-26 03:00:00+00:00,25,2,33,0,0.0
2019-11-26 03:00:00+00:00,25,3,11,0,0.0
2019-11-26 03:00:00+00:00,26,1,53,0,0.0
2019-11-26 03:00:00+00:00,26,2,68,0,0.0
2019-11-26 03:00:00+00:00,26,3,9,0,0.0
2019-11-26 03:00:00+00:00,27,1,48,1,34.000000000000064
2019-11-26 03:00:00+00:00,27,2,41,0,0.0
2019-11-26 03:00:00+00:00,27,3,61,0,0.0
2019-11-26 03:00:00+00:00,28,1,36,0,0.0
2019-11-26 03:00:00+00:00,28,2,56,8,272.0000000000005
2019-11-26 03:00:00+00:00,28,3,19,0,0.0
2019-11-26 03:00:00+00:00,29,1,13,0,0.0
2019-11-26 03:00:00+00:00,29,2,24,0,0.0
2019-11-26 03:00:00+00:00,29,3,13,0,0.0
2019-11-26 03:00:00+00:00,30,1,27,0,0.0
2019-11-26 03:00:00+00:00,30,2,30,0,0.0
2019-11-26 03:00:00+00:00,30,3,14,0,0.0
2019-11-26 03:00:00+00:00,31,1,21,0,0.0
2019-11-26 03:00:00+00:00,31,2,42,0,0.0
2019-11-26 03:00:00+00:00,31,3,38,0,0.0
2019-11-26 03:00:00+00:00,32,1,31,0,0.0
2019-11-26 03:00:00+00:00,32,2,41,0,0.0
2019-11-26 03:00:00+00:00,32,3,47,0,0.0
2019-11-26 03:00:00+00:00,33,1,14,0,0.0
2019-11-26 03:00:00+00:00,33,2,49,0,0.0
2019-11-26 03:00:00+00:00,33,3,7,0,0.0
2019-11-26 04:00:00+00:00,0,1,10,0,0.0
2019-11-26 04:00:00+00:00,0,2,41,0,0.0
2019-11-26 04:00:00+00:00,1,1,26,0,0.0
2019-11-26 04:00:00+00:00,1,2,26,0,0.0
2019-11-26 04:00:00+00:00,1,3,2,0,0.0
2019-11-26 04:00:00+00:00,2,1,33,0,0.0
2019-11-26 04:00:00+00:00,2,2,23,0,0.0
2019-11-26 04:00:00+00:00,2,3,19,0,0.0
2019-11-26 04:00:00+00:00,3,1,10,0,0.0
2019-11-26 04:00:00+00:00,3,2,25,0,0.0
2019-11-26 04:00:00+00:00,3,3,9,0,0.0
2019-11-26 04:00:00+00:00,4,1,29,0,0.0
2019-11-26 04:00:00+00:00,4,2,40,0,0.0
2019-11-26 04:00:00+00:00,4,3,18,0,0.0
2019-11-26 04:00:00+00:00,5,1,20,0,0.0
2019-11-26 04:00:00+00:00,5,2,28,0,0.0
2019-11-26 04:00:00+00:00,5,3,12,0,0.0
2019-11-26 04:00:00+00:00,6,1,20,0,0.0
2019-11-26 04:00:00+00:00,6,2,14,0,0.0
2019-11-26 04:00:00+00:00,6,3,34,0,0.0
2019-11-26 04:00:00+00:00,7,1,18,0,0.0
2019-11-26 04:00:00+00:00,7,2,19,0,0.0
2019-11-26 04:00:00+00:00,7,3,20,0,0.0
2019-11-26 04:00:00+00:00,8,1,31,0,0.0
2019-11-26 04:00:00+00:00,8,2,21,0,0.0
2019-11-26 04:00:00+00:00,8,3,35,0,0.0
2019-11-26 04:00:00+00:00,9,1,43,0,0.0
2019-11-26 04:00:00+00:00,9,2,31,0,0.0
2019-11-26 04:00:00+00:00,9,3,8,0,0.0
2019-11-26 04:00:00+00:00,10,1,44,0,0.0
2019-11-26 04:00:00+00:00,10,2,29,0,0.0
2019-11-26 04:00:00+00:00,10,3,11,0,0.0
2019-11-26 04:00:00+00:00,11,1,28,0,0.0
2019-11-26 04:00:00+00:00,11,2,12,0,0.0
2019-11-26 04:00:00+00:00,11,3,25,0,0.0
2019-11-26 04:00:00+00:00,12,1,8,0,0.0
2019-11-26 04:00:00+00:00,12,2,10,0,0.0
2019-11-26 04:00:00+00:00,12,3,12,0,0.0
2019-11-26 04:00:00+00:00,13,1,12,0,0.0
2019-11-26 04:00:00+00:00,13,2,23,0,0.0
2019-11-26 04:00:00+00:00,13,3,26,0,0.0
2019-11-26 04:00:00+00:00,14,1,31,0,0.0
2019-11-26 04:00:00+00:00,14,2,38,0,0.0
2019-11-26 04:00:00+00:00,15,1,10,0,0.0
2019-11-26 04:00:00+00:00,15,2,28,1,34.000000000000064
2019-11-26 04:00:00+00:00,15,3,4,0,0.0
2019-11-26 04:00:00+00:00,16,1,33,0,0.0
2019-11-26 04:00:00+00:00,16,2,11,0,0.0
2019-11-26 04:00:00+00:00,16,3,12,1,34.000000000000064
2019-11-26 04:00:00+00:00,17,1,11,0,0.0
2019-11-26 04:00:00+00:00,17,2,11,0,0.0
2019-11-26 04:00:00+00:00,17,3,26,0,0.0
2019-11-26 04:00:00+00:00,18,1,23,0,0.0
2019-11-26 04:00:00+00:00,18,2,24,0,0.0
2019-11-26 04:00:00+00:00,18,3,36,0,0.0
2019-11-26 04:00:00+00:00,19,1,51,0,0.0
2019-11-26 04:00:00+00:00,19,2,9,0,0.0
2019-11-26 04:00:00+00:00,19,3,26,0,0.0
2019-11-26 04:00:00+00:00,20,1,4,0,0.0
2019-11-26 04:00:00+00:00,20,2,15,0,0.0
2019-11-26 04:00:00+00:00,20,3,33,0,0.0
2019-11-26 04:00:00+00:00,21,1,8,0,0.0
2019-11-26 04:00:00+00:00,21,2,40,0,0.0
2019-11-26 04:00:00+00:00,21,3,14,0,0.0
2019-11-26 04:00:00+00:00,22,1,29,0,0.0
2019-11-26 04:00:00+00:00,22,2,22,0,0.0
2019-11-26 04:00:00+00:00,22,3,29,0,0.0
2019-11-26 04:00:00+00:00,23,1,25,2,68.00000000000013
2019-11-26 04:00:00+00:00,23,2,14,0,0.0
2019-11-26 04:00:00+00:00,23,3,36,0,0.0
2019-11-26 04:00:00+00:00,24,1,19,0,0.0
2019-11-26 04:00:00+00:00,24,2,32,0,0.0
2019-11-26 04:00:00+00:00,24,3,40,0,0.0
2019-11-26 04:00:00+00:00,25,1,22,0,0.0
2019-11-26 04:00:00+00:00,25,2,19,0,0.0
2019-11-26 04:00:00+00:00,25,3,36,0,0.0
2019-11-26 04:00:00+00:00,26,1,37,0,0.0
2019-11-26 04:00:00+00:00,26,2,18,0,0.0
2019-11-26 04:00:00+00:00,26,3,40,0,0.0
2019-11-26 04:00:00+00:00,27,1,11,0,0.0
2019-11-26 04:00:00+00:00,27,2,7,0,0.0
2019-11-26 04:00:00+00:00,27,3,24,0,0.0
2019-11-26 04:00:00+00:00,28,1,25,1,34.000000000000064
2019-11-26 04:00:00+00:00,28,2,34,0,0.0
2019-11-26 04:00:00+00:00,28,3,37,0,0.0
2019-11-26 04:00:00+00:00,29,1,15,0,0.0
2019-11-26 04:00:00+00:00,29,2,23,0,0.0
2019-11-26 04:00:00+00:00,29,3,32,0,0.0
2019-11-26 04:00:00+00:00,30,1,11,0,0.0
2019-11-26 04:00:00+00:00,30,2,16,0,0.0
2019-11-26 04:00:00+00:00,30,3,22,0,0.0
2019-11-26 04:00:00+00:00,31,1,13,0,0.0
2019-11-26 04:00:00+00:00,31,2,26,2,68.00000000000013
2019-11-26 04:00:00+00:00,31,3,6,0,0.0
2019-11-26 04:00:00+00:00,32,1,10,0,0.0
2019-11-26 04:00:00+00:00,32,3,31,0,0.0
2019-11-26 04:00:00+00:00,33,1,18,0,0.0
2019-11-26 04:00:00+00:00,33,2,11,0,0.0
2019-11-26 04:00:00+00:00,33,3,25,0,0.0
2019-11-26 05:00:00+00:00,0,1,37,0,0.0
2019-11-26 05:00:00+00:00,0,2,9,0,0.0
2019-11-26 05:00:00+00:00,0,3,19,0,0.0
2019-11-26 05:00:00+00:00,1,1,26,0,0.0
2019-11-26 05:00:00+00:00,1,2,17,0,0.0
2019-11-26 05:00:00+00:00,1,3,36,0,0.0
2019-11-26 05:00:00+00:00,2,1,20,0,0.0
2019-11-26 05:00:00+00:00,2,2,28,0,0.0
2019-11-26 05:00:00+00:00,2,3,25,0,0.0
2019-11-26 05:00:00+00:00,3,1,5,0,0.0
2019-11-26 05:00:00+00:00,3,2,30,0,0.0
2019-11-26 05:00:00+00:00,3,3,18,0,0.0
2019-11-26 05:00:00+00:00,4,1,19,0,0.0
2019-11-26 05:00:00+00:00,4,2,18,0,0.0
2019-11-26 05:00:00+00:00,4,3,13,0,0.0
2019-11-26 05:00:00+00:00,5,1,17,0,0.0
2019-11-26 05:00:00+00:00,5,2,4,0,0.0
2019-11-26 05:00:00+00:00,5,3,12,0,0.0
2019-11-26 05:00:00+00:00,6,1,35,0,0.0
2019-11-26 05:00:00+00:00,6,2,37,1,34.000000000000064
2019-11-26 05:00:00+00:00,6,3,34,0,0.0
2019-11-26 05:00:00+00:00,7,1,29,0,0.0
2019-11-26 05:00:00+00:00,7,2,36,0,0.0
2019-11-26 05:00:00+00:00,7,3,26,0,0.0
2019-11-26 05:00:00+00:00,8,1,38,1,34.000000000000064
2019-11-26 05:00:00+00:00,8,2,29,0,0.0
2019-11-26 05:00:00+00:00,8,3,31,0,0.0
2019-11-26 05:00:00+00:00,9,1,19,0,0.0
2019-11-26 05:00:00+00:00,9,2,29,0,0.0
2019-11-26 05:00:00+00:00,9,3,15,2,68.00000000000013
2019-11-26 05:00:00+00:00,10,1,20,0,0.0
2019-11-26 05:00:00+00:00,10,2,11,0,0.0
2019-11-26 05:00:00+00:00,10,3,21,0,0.0
2019-11-26 05:00:00+00:00,11,1,15,0,0.0
2019-11-26 05:00:00+00:00,11,2,40,0,0.0
2019-11-26 05:00:00+00:00,11,3,29,0,0.0
2019-11-26 05:00:00+00:00,12,1,13,0,0.0
2019-11-26 05:00:00+00:00,12,2,5,0,0.0
2019-11-26 05:00:00+00:00,12,3,35,0,0.0
2019-11-26 05:00:00+00:00,13,1,33,0,0.0
2019-11-26 05:00:00+00:00,13,2,32,0,0.0
2019-11-26 05:00:00+00:00,13,3,9,0,0.0
2019-11-26 05:00:00+00:00,14,1,19,0,0.0
2019-11-26 05:00:00+00:00,14,2,45,0,0.0
2019-11-26 05:00:00+00:00,14,3,14,0,0.0
2019-11-26 05:00:00+00:00,15,1,33,0,0.0
2019-11-26 05:00:00+00:00,15,2,12,0,0.0
2019-11-26 05:00:00+00:00,15,3,22,0,0.0
2019-11-26 05:00:00+00:00,16,1,19,0,0.0
2019-11-26 05:00:00+00:00,16,2,26,0,0.0
2019-11-26 05:00:00+00:00,16,3,20,0,0.0
2019-11-26 05:00:00+00:00,17,1,21,0,0.0
2019-11-26 05:00:00+00:00,17,2,38,0,0.0
2019-11-26 05:00:00+00:00,17,3,23,0,0.0
2019-11-26 05:00:00+00:00,18,2,6,0,0.0
2019-11-26 05:00:00+00:00,18,3,44,0,0.0
2019-11-26 05:00:00+00:00,19,1,16,0,0.0
2019-11-26 05:00:00+00:00,19,2,4,1,34.000000000000064
2019-11-26 05:00:00+00:00,19,3,29,0,0.0
2019-11-26 05:00:00+00:00,20,1,15,0,0.0
2019-11-26 05:00:00+00:00,20,2,10,0,0.0
2019-11-26 05:00:00+00:00,20,3,6,0,0.0
2019-11-26 05:00:00+00:00,21,1,15,0,0.0
2019-11-26 05:00:00+00:00,21,2,28,1,34.000000000000064
2019-11-26 05:00:00+00:00,21,3,34,0,0.0
2019-11-26 05:00:00+00:00,22,1,5,0,0.0
2019-11-26 05:00:00+00:00,22,2,12,0,0.0
2019-11-26 05:00:00+00:00,22,3,11,0,0.0
2019-11-26 05:00:00+00:00,23,1,12,0,0.0
2019-11-26 05:00:00+00:00,23,2,17,0,0.0
2019-11-26 05:00:00+00:00,23,3,30,0,0.0
2019-11-26 05:00:00+00:00,24,1,30,0,0.0
2019-11-26 05:00:00+00:00,24,2,4,0,0.0
2019-11-26 05:00:00+00:00,24,3,10,0,0.0
2019-11-26 05:00:00+00:00,25,1,34,0,0.0
2019-11-26 05:00:00+00:00,25,2,42,0,0.0
2019-11-26 05:00:00+00:00,25,3,25,0,0.0
2019-11-26 05:00:00+00:00,26,1,26,0,0.0
2019-11-26 05:00:00+00:00,26,2,31,0,0.0
2019-11-26 05:00:00+00:00,26,3,17,0,0.0
2019-11-26 05:00:00+00:00,27,1,20,0,0.0
2019-11-26 05:00:00+00:00,27,3,8,0,0.0
2019-11-26 05:00:00+00:00,28,1,36,0,0.0
2019-11-26 05:00:00+00:00,28,2,16,0,0.0
2019-11-26 05:00:00+00:00,28,3,10,0,0.0
2019-11-26 05:00:00+00:00,29,1,1,0,0.0
2019-11-26 05:00:00+00:00,29,2,14,0,0.0
2019-11-26 05:00:00+00:00,29,3,37,0,0.0
2019-11-26 05:00:00+00:00,30,1,12,0,0.0
2019-11-26 05:00:00+00:00,30,2,23,0,0.0
2019-11-26 05:00:00+00:00,30,3,25,0,0.0
2019-11-26 05:00:00+00:00,31,1,28,0,0.0
2019-11-26 05:00:00+00:00,31,2,18,0,0.0
2019-11-26 05:00:00+00:00,31,3,2,0,0.0
2019-11-26 05:00:00+00:00,32,1,27,0,0.0
2019-11-26 05:00:00+00:00,32,2,42,0,0.0
2019-11-26 05:00:00+00:00,32,3,19,0,0.0
2019-11-26 05:00:00+00:00,33,1,36,0,0.0
2019-11-26 05:00:00+00:00,33,2,18,0,0.0
2019-11-26 05:00:00+00:00,33,3,21,0,0.0
2019-11-26 06:00:00+00:00,0,1,42,0,0.0
2019-11-26 06:00:00+00:00,0,2,14,0,0.0
2019-11-26 06:00:00+00:00,0,3,59,0,0.0
2019-11-26 06:00:00+00:00,1,1,19,0,0.0
2019-11-26 06:00:00+00:00,1,2,33,0,0.0
2019-11-26 06:00:00+00:00,1,3,19,0,0.0
2019-11-26 06:00:00+00:00,2,1,28,0,0.0
2019-11-26 06:00:00+00:00,2,2,6,0,0.0
2019-11-26 06:00:00+00:00,2,3,40,0,0.0
2019-11-26 06:00:00+00:00,3,1,61,0,0.0
2019-11-26 06:00:00+00:00,3,2,19,0,0.0
2019-11-26 06:00:00+00:00,3,3,38,0,0.0
2019-11-26 06:00:00+00:00,4,1,31,0,0.0
2019-11-26 06:00:00+00:00,4,2,26,0,0.0
2019-11-26 06:00:00+00:00,4,3,26,0,0.0
2019-11-26 06:00:00+00:00,5,1,1,0,0.0
2019-11-26 06:00:00+00:00,5,2,27,0,0.0
2019-11-26 06:00:00+00:00,5,3,21,0,0.0
2019-11-26 06:00:00+00:00,6,1,14,0,0.0
2019-11-26 06:00:00+00:00,6,2,33,1,34.000000000000064
2019-11-26 06:00:00+00:00,6,3,9,0,0.0
2019-11-26 06:00:00+00:00,7,1,14,0,0.0
2019-11-26 06:00:00+00:00,7,2,8,0,0.0
2019-11-26 06:00:00+00:00,7,3,30,0,0.0
2019-11-26 06:00:00+00:00,8,1,24,0,0.0
2019-11-26 06:00:00+00:00,8,2,30,0,0.0
2019-11-26 06:00:00+00:00,8,3,19,0,0.0
2019-11-26 06:00:00+00:00,9,1,10,0,0.0
2019-11-26 06:00:00+00:00,9,2,21,0,0.0
2019-11-26 06:00:00+00:00,9,3,43,0,0.0
2019-11-26 06:00:00+00:00,10,1,42,0,0.0
2019-11-26 06:00:00+00:00,10,2,43,0,0.0
2019-11-26 06:00:00+00:00,10,3,11,0,0.0
2019-11-26 06:00:00+00:00,11,1,44,0,0.0
2019-11-26 06:00:00+00:00,11,2,19,1,34.000000000000064
2019-11-26 06:00:00+00:00,11,3,40,0,0.0
2019-11-26 06:00:00+00:00,12,1,25,0,0.0
2019-11-26 06:00:00+00:00,12,2,28,0,0.0
2019-11-26 06:00:00+00:00,13,1,33,2,68.00000000000013
2019-11-26 06:00:00+00:00,13,2,8,0,0.0
2019-11-26 06:00:00+00:00,13,3,17,4,136.00000000000026
2019-11-26 06:00:00+00:00,14,1,6,0,0.0
2019-11-26 06:00:00+00:00,14,2,37,1,34.000000000000064
2019-11-26 06:00:00+00:00,14,3,18,0,0.0
2019-11-26 06:00:00+00:00,15,1,28,0,0.0
2019-11-26 06:00:00+00:00,15,2,15,0,0.0
2019-11-26 06:00:00+00:00,15,3,28,0,0.0
2019-11-26 06:00:00+00:00,16,1,16,0,0.0
2019-11-26 06:00:00+00:00,16,2,41,0,0.0
2019-11-26 06:00:00+00:00,16,3,62,0,0.0
2019-11-26 06:00:00+00:00,17,2,33,0,0.0
2019-11-26 06:00:00+00:00,17,3,25,0,0.0
2019-11-26 06:00:00+00:00,18,1,17,2,68.00000000000013
2019-11-26 06:00:00+00:00,18,2,1,0,0.0
2019-11-26 06:00:00+00:00,18,3,6,0,0.0
2019-11-26 06:00:00+00:00,19,1,26,0,0.0
2019-11-26 06:00:00+00:00,19,2,18,0,0.0
2019-11-26 06:00:00+00:00,19,3,24,0,0.0
2019-11-26 06:00:00+00:00,20,1,34,0,0.0
2019-11-26 06:00:00+00:00,21,1,33,0,0.0
2019-11-26 06:00:00+00:00,21,2,6,0,0.0
2019-11-26 06:00:00+00:00,21,3,18,0,0.0
2019-11-26 06:00:00+00:00,22,1,5,0,0.0
2019-11-26 06:00:00+00:00,22,2,8,0,0.0
2019-11-26 06:00:00+00:00,22,3,27,2,68.00000000000013
2019-11-26 06:00:00+00:00,23,1,11,0,0.0
2019-11-26 06:00:00+00:00,23,2,30,0,0.0
2019-11-26 06:00:00+00:00,23,3,23,0,0.0
2019-11-26 06:00:00+00:00,24,1,12,0,0.0
2019-11-26 06:00:00+00:00,24,2,10,0,0.0
2019-11-26 06:00:00+00:00,24,3,14,0,0.0
2019-11-26 06:00:00+00:00,25,1,28,1,34.000000000000064
2019-11-26 06:00:00+00:00,25,2,47,0,0.0
2019-11-26 06:00:00+00:00,25,3,27,0,0.0
2019-11-26 06:00:00+00:00,26,1,32,0,0.0
2019-11-26 06:00:00+00:00,26,2,35,0,0.0
2019-11-26 06:00:00+00:00,26,3,20,0,0.0
2019-11-26 06:00:00+00:00,27,1,3,0,0.0
2019-11-26 06:00:00+00:00,27,2,43,0,0.0
2019-11-26 06:00:00+00:00,27,3,18,0,0.0
2019-11-26 06:00:00+00:00,28,1,29,0,0.0
2019-11-26 06:00:00+00:00,28,2,10,0,0.0
2019-11-26 06:00:00+00:00,28,3,22,0,0.0
2019-11-26 06:00:00+00:00,29,1,26,0,0.0
2019-11-26 06:00:00+00:00,29,2,23,0,0.0
2019-11-26 06:00:00+00:00,29,3,8,0,0.0
2019-11-26 06:00:00+00:00,30,1,20,0,0.0
2019-11-26 06:00:00+00:00,30,2,44,0,0.0
2019-11-26 06:00:00+00:00,30,3,18,0,0.0
2019-11-26 06:00:00+00:00,31,1,27,0,0.0
2019-11-26 06:00:00+00:00,31,2,20,0,0.0
2019-11-26 06:00:00+00:00,31,3,12,0,0.0
2019-11-26 06:00:00+00:00,32,1,43,0,0.0
2019-11-26 06:00:00+00:00,32,2,18,0,0.0
2019-11-26 06:00:00+00:00,32,3,17,0,0.0
2019-11-26 06:00:00+00:00,33,1,1,0,0.0
2019-11-26 06:00:00+00:00,33,2,32,0,0.0
2019-11-26 06:00:00+00:00,33,3,25,0,0.0
2019-11-26 07:00:00+00:00,0,1,19,0,0.0
2019-11-26 07:00:00+00:00,0,2,27,0,0.0
2019-11-26 07:00:00+00:00,0,3,17,0,0.0
2019-11-26 07:00:00+00:00,1,1,49,0,0.0
2019-11-26 07:00:00+00:00,1,2,47,0,0.0
2019-11-26 07:00:00+00:00,1,3,18,0,0.0
2019-11-26 07:00:00+00:00,2,1,9,2,68.00000000000013
2019-11-26 07:00:00+00:00,2,2,17,0,0.0
2019-11-26 07:00:00+00:00,2,3,48,0,0.0
2019-11-26 07:00:00+00:00,3,1,31,0,0.0
2019-11-26 07:00:00+00:00,3,2,20,0,0.0
2019-11-26 07:00:00+00:00,3,3,17,0,0.0
2019-11-26 07:00:00+00:00,4,1,16,0,0.0
2019-11-26 07:00:00+00:00,4,2,28,0,0.0
2019-11-26 07:00:00+00:00,4,3,28,0,0.0
2019-11-26 07:00:00+00:00,5,1,16,0,0.0
2019-11-26 07:00:00+00:00,5,2,25,0,0.0
2019-11-26 07:00:00+00:00,5,3,35,0,0.0
2019-11-26 07:00:00+00:00,6,1,2,0,0.0
2019-11-26 07:00:00+00:00,6,2,8,0,0.0
2019-11-26 07:00:00+00:00,6,3,28,0,0.0
2019-11-26 07:00:00+00:00,7,1,12,0,0.0
2019-11-26 07:00:00+00:00,7,2,16,0,0.0
2019-11-26 07:00:00+00:00,8,1,8,0,0.0
2019-11-26 07:00:00+00:00,8,2,39,0,0.0
2019-11-26 07:00:00+00:00,8,3,10,0,0.0
2019-11-26 07:00:00+00:00,9,1,24,0,0.0
2019-11-26 07:00:00+00:00,9,2,100,1,34.000000000000064
2019-11-26 07:00:00+00:00,9,3,42,0,0.0
2019-11-26 07:00:00+00:00,10,1,9,0,0.0
2019-11-26 07:00:00+00:00,10,2,16,0,0.0
2019-11-26 07:00:00+00:00,10,3,12,0,0.0
2019-11-26 07:00:00+00:00,11,1,7,0,0.0
2019-11-26 07:00:00+00:00,11,2,19,0,0.0
2019-11-26 07:00:00+00:00,11,3,19,0,0.0
2019-11-26 07:00:00+00:00,12,1,44,0,0.0
2019-11-26 07:00:00+00:00,12,2,9,0,0.0
2019-11-26 07:00:00+00:00,12,3,13,0,0.0
2019-11-26 07:00:00+00:00,13,1,8,0,0.0
2019-11-26 07:00:00+00:00,13,2,4,0,0.0
2019-11-26 07:00:00+00:00,13,3,19,0,0.0
2019-11-26 07:00:00+00:00,14,1,7,0,0.0
2019-11-26 07:00:00+00:00,14,2,15,0,0.0
2019-11-26 07:00:00+00:00,14,3,2,0,0.0
2019-11-26 07:00:00+00:00,15,1,21,0,0.0
2019-11-26 07:00:00+00:00,15,2,18,0,0.0
2019-11-26 07:00:00+00:00,15,3,22,0,0.0
2019-11-26 07:00:00+00:00,16,1,28,0,0.0
2019-11-26 07:00:00+00:00,16,2,18,0,0.0
2019-11-26 07:00:00+00:00,16,3,33,0,0.0
2019-11-26 07:00:00+00:00,17,1,6,0,0.0
2019-11-26 07:00:00+00:00,17,2,34,0,0.0
2019-11-26 07:00:00+00:00,17,3,28,0,0.0
2019-11-26 07:00:00+00:00,18,1,36,1,34.000000000000064
2019-11-26 07:00:00+00:00,18,2,46,0,0.0
2019-11-26 07:00:00+00:00,18,3,23,0,0.0
2019-11-26 07:00:00+00:00,19,1,24,0,0.0
2019-11-26 07:00:00+00:00,19,2,41,1,34.000000000000064
2019-11-26 07:00:00+00:00,19,3,10,0,0.0
2019-11-26 07:00:00+00:00,20,1,28,0,0.0
2019-11-26 07:00:00+00:00,20,3,41,0,0.0
2019-11-26 07:00:00+00:00,21,1,27,0,0.0
2019-11-26 07:00:00+00:00,21,2,7,0,0.0
2019-11-26 07:00:00+00:00,21,3,60,0,0.0
2019-11-26 07:00:00+00:00,22,1,62,0,0.0
2019-11-26 07:00:00+00:00,22,2,22,0,0.0
2019-11-26 07:00:00+00:00,22,3,27,0,0.0
2019-11-26 07:00:00+00:00,23,1,42,0,0.0
2019-11-26 07:00:00+00:00,23,2,9,0,0.0
2019-11-26 07:00:00+00:00,23,3,31,0,0.0
2019-11-26 07:00:00+00:00,24,1,27,0,0.0
2019-11-26 07:00:00+00:00,24,2,10,0,0.0
2019-11-26 07:00:00+00:00,24,3,19,0,0.0
2019-11-26 07:00:00+00:00,25,1,15,0,0.0
2019-11-26 07:00:00+00:00,25,2,38,0,0.0
2019-11-26 07:00:00+00:00,25,3,55,0,0.0
2019-11-26 07:00:00+00:00,26,1,29,0,0.0
2019-11-26 07:00:00+00:00,26,2,30,0,0.0
2019-11-26 07:00:00+00:00,26,3,9,0,0.0
2019-11-26 07:00:00+00:00,27,1,14,0,0.0
2019-11-26 07:00:00+00:00,27,2,23,0,0.0
2019-11-26 07:00:00+00:00,27,3,41,0,0.0
2019-11-26 07:00:00+00:00,28,1,10,0,0.0
2019-11-26 07:00:00+00:00,28,2,22,0,0.0
2019-11-26 07:00:00+00:00,28,3,29,0,0.0
2019-11-26 07:00:00+00:00,29,1,24,0,0.0
2019-11-26 07:00:00+00:00,29,2,14,0,0.0
2019-11-26 07:00:00+00:00,29,3,15,0,0.0
2019-11-26 07:00:00+00:00,30,1,29,0,0.0
2019-11-26 07:00:00+00:00,30,2,15,0,0.0
2019-11-26 07:00:00+00:00,30,3,7,0,0.0
2019-11-26 07:00:00+00:00,31,1,33,0,0.0
2019-11-26 07:00:00+00:00,31,2,8,0,0.0
2019-11-26 07:00:00+00:00,31,3,13,0,0.0
2019-11-26 07:00:00+00:00,32,1,47,0,0.0
2019-11-26 07:00:00+00:00,32,2,24,0,0.0
2019-11-26 07:00:00+00:00,32,3,3,0,0.0
2019-11-26 07:00:00+00:00,33,1,24,0,0.0
2019-11-26 07:00:00+00:00,33,2,18,0,0.0
2019-11-26 07:00:00+00:00,33,3,16,0,0.0
2019-11-26 08:00:00+00:00,0,1,20,1,34.000000000000064
2019-11-26 08:00:00+00:00,0,2,20,0,0.0
2019-11-26 08:00:00+00:00,0,3,35,0,0.0
2019-11-26 08:00:00+00:00,1,1,32,0,0.0
2019-11-26 08:00:00+00:00,1,2,14,0,0.0
2019-11-26 08:00:00+00:00,1,3,22,0,0.0
2019-11-26 08:00:00+00:00,2,1,28,0,0.0
2019-11-26 08:00:00+00:00,2,2,38,0,0.0
2019-11-26 08:00:00+00:00,2,3,4,0,0.0
2019-11-26 08:00:00+00:00,3,1,21,0,0.0
2019-11-26 08:00:00+00:00,3,2,8,0,0.0
2019-11-26 08:00:00+00:00,3,3,11,0,0.0
2019-11-26 08:00:00+00:00,4,1,10,0,0.0
2019-11-26 08:00:00+00:00,4,2,38,0,0.0
2019-11-26 08:00:00+00:00,4,3,10,0,0.0
2019-11-26 08:00:00+00:00,5,1,30,0,0.0
2019-11-26 08:00:00+00:00,5,2,36,1,34.000000000000064
2019-11-26 08:00:00+00:00,5,3,18,0,0.0
2019-11-26 08:00:00+00:00,6,1,27,0,0.0
2019-11-26 08:00:00+00:00,6,2,40,0,0.0
2019-11-26 08:00:00+00:00,6,3,38,0,0.0
2019-11-26 08:00:00+00:00,7,1,27,0,0.0
2019-11-26 08:00:00+00:00,7,2,27,0,0.0
2019-11-26 08:00:00+00:00,7,3,41,0,0.0
2019-11-26 08:00:00+00:00,8,1,25,0,0.0
2019-11-26 08:00:00+00:00,8,2,10,0,0.0
2019-11-26 08:00:00+00:00,8,3,28,0,0.0
2019-11-26 08:00:00+00:00,9,1,15,0,0.0
2019-11-26 08:00:00+00:00,9,2,48,2,68.00000000000013
2019-11-26 08:00:00+00:00,9,3,63,0,0.0
2019-11-26 08:00:00+00:00,10,1,67,0,0.0
2019-11-26 08:00:00+00:00,10,2,10,0,0.0
2019-11-26 08:00:00+00:00,10,3,9,0,0.0
2019-11-26 08:00:00+00:00,11,1,26,0,0.0
2019-11-26 08:00:00+00:00,11,2,37,1,34.000000000000064
2019-11-26 08:00:00+00:00,11,3,51,0,0.0
2019-11-26 08:00:00+00:00,12,1,38,1,34.000000000000064
2019-11-26 08:00:00+00:00,12,2,24,0,0.0
2019-11-26 08:00:00+00:00,12,3,19,0,0.0
2019-11-26 08:00:00+00:00,13,1,6,0,0.0
2019-11-26 08:00:00+00:00,13,2,10,1,34.000000000000064
2019-11-26 08:00:00+00:00,13,3,17,0,0.0
2019-11-26 08:00:00+00:00,14,1,33,0,0.0
2019-11-26 08:00:00+00:00,14,2,14,0,0.0
2019-11-26 08:00:00+00:00,14,3,27,0,0.0
2019-11-26 08:00:00+00:00,15,1,20,0,0.0
2019-11-26 08:00:00+00:00,15,2,16,0,0.0
2019-11-26 08:00:00+00:00,15,3,39,0,0.0
2019-11-26 08:00:00+00:00,16,1,49,0,0.0
2019-11-26 08:00:00+00:00,16,3,31,0,0.0
2019-11-26 08:00:00+00:00,17,1,24,0,0.0
2019-11-26 08:00:00+00:00,17,2,34,0,0.0
2019-11-26 08:00:00+00:00,17,3,24,0,0.0
2019-11-26 08:00:00+00:00,18,1,29,1,34.000000000000064
2019-11-26 08:00:00+00:00,18,2,28,0,0.0
2019-11-26 08:00:00+00:00,18,3,39,1,34.000000000000064
2019-11-26 08:00:00+00:00,19,1,11,0,0.0
2019-11-26 08:00:00+00:00,19,2,25,0,0.0
2019-11-26 08:00:00+00:00,19,3,21,1,34.000000000000064
2019-11-26 08:00:00+00:00,20,1,19,0,0.0
2019-11-26 08:00:00+00:00,20,2,65,1,34.000000000000064
2019-11-26 08:00:00+00:00,20,3,26,0,0.0
2019-11-26 08:00:00+00:00,21,1,29,0,0.0
2019-11-26 08:00:00+00:00,21,2,18,0,0.0
2019-11-26 08:00:00+00:00,21,3,24,0,0.0
2019-11-26 08:00:00+00:00,22,1,26,0,0.0
2019-11-26 08:00:00+00:00,22,3,33,0,0.0
2019-11-26 08:00:00+00:00,23,1,28,0,0.0
2019-11-26 08:00:00+00:00,23,2,71,0,0.0
2019-11-26 08:00:00+00:00,23,3,23,0,0.0
2019-11-26 08:00:00+00:00,24,1,21,0,0.0
2019-11-26 08:00:00+00:00,24,2,26,0,0.0
2019-11-26 08:00:00+00:00,24,3,26,0,0.0
2019-11-26 08:00:00+00:00,25,1,34,0,0.0
2019-11-26 08:00:00+00:00,25,2,14,0,0.0
2019-11-26 08:00:00+00:00,25,3,36,0,0.0
2019-11-26 08:00:00+00:00,26,1,23,1,34.000000000000064
2019-11-26 08:00:00+00:00,26,2,47,0,0.0
2019-11-26 08:00:00+00:00,26,3,28,0,0.0
2019-11-26 08:00:00+00:00,27,1,44,0,0.0
2019-11-26 08:00:00+00:00,27,2,45,0,0.0
2019-11-26 08:00:00+00:00,27,3,24,0,0.0
2019-11-26 08:00:00+00:00,28,1,8,0,0.0
2019-11-26 08:00:00+00:00,28,2,39,0,0.0
2019-11-26 08:00:00+00:00,28,3,14,0,0.0
2019-11-26 08:00:00+00:00,29,1,31,3,102.0000000000002
2019-11-26 08:00:00+00:00,29,2,31,0,0.0
2019-11-26 08:00:00+00:00,29,3,21,0,0.0
2019-11-26 08:00:00+00:00,30,1,33,0,0.0
2019-11-26 08:00:00+00:00,30,2,10,0,0.0
2019-11-26 08:00:00+00:00,30,3,32,0,0.0
2019-11-26 08:00:00+00:00,31,1,6,0,0.0
2019-11-26 08:00:00+00:00,31,2,3,0,0.0
2019-11-26 08:00:00+00:00,32,1,28,0,0.0
2019-11-26 08:00:00+00:00,32,2,15,0,0.0
2019-11-26 08:00:00+00:00,32,3,20,0,0.0
2019-11-26 08:00:00+00:00,33,1,12,0,0.0
2019-11-26 08:00:00+00:00,33,2,21,0,0.0
2019-11-26 08:00:00+00:00,33,3,26,0,0.0
2019-11-26 09:00:00+00:00,0,1,45,0,0.0
2019-11-26 09:00:00+00:00,0,2,38,0,0.0
2019-11-26 09:00:00+00:00,0,3,29,0,0.0
2019-11-26 09:00:00+00:00,1,1,26,0,0.0
2019-11-26 09:00:00+00:00,1,2,35,0,0.0
2019-11-26 09:00:00+00:00,1,3,36,0,0.0
2019-11-26 09:00:00+00:00,2,1,15,0,0.0
2019-11-26 09:00:00+00:00,2,2,17,0,0.0
2019-11-26 09:00:00+00:00,2,3,24,2,68.00000000000013
2019-11-26 09:00:00+00:00,3,1,55,0,0.0
2019-11-26 09:00:00+00:00,3,2,22,0,0.0
2019-11-26 09:00:00+00:00,3,3,17,0,0.0
2019-11-26 09:00:00+00:00,4,1,14,0,0.0
2019-11-26 09:00:00+00:00,4,2,15,0,0.0
2019-11-26 09:00:00+00:00,4,3,10,0,0.0
2019-11-26 09:00:00+00:00,5,1,27,0,0.0
2019-11-26 09:00:00+00:00,5,2,31,0,0.0
2019-11-26 09:00:00+00:00,5,3,24,0,0.0
2019-11-26 09:00:00+00:00,6,1,42,0,0.0
2019-11-26 09:00:00+00:00,6,2,7,0,0.0
2019-11-26 09:00:00+00:00,6,3,37,0,0.0
2019-11-26 09:00:00+00:00,7,1,85,0,0.0
2019-11-26 09:00:00+00:00,7,2,8,0,0.0
2019-11-26 09:00:00+00:00,7,3,25,0,0.0
2019-11-26 09:00:00+00:00,8,1,12,0,0.0
2019-11-26 09:00:00+00:00,8,2,25,0,0.0
2019-11-26 09:00:00+00:00,8,3,36,0,0.0
2019-11-26 09:00:00+00:00,9,1,35,1,34.000000000000064
2019-11-26 09:00:00+00:00,9,2,18,0,0.0
2019-11-26 09:00:00+00:00,9,3,39,0,0.0
2019-11-26 09:00:00+00:00,10,1,22,0,0.0
2019-11-26 09:00:00+00:00,10,2,35,0,0.0
2019-11-26 09:00:00+00:00,10,3,6,0,0.0
2019-11-26 09:00:00+00:00,11,1,16,0,0.0
2019-11-26 09:00:00+00:00,11,2,32,0,0.0
2019-11-26 09:00:00+00:00,11,3,27,0,0.0
2019-11-26 09:00:00+00:00,12,2,44,1,34.000000000000064
2019-11-26 09:00:00+00:00,12,3,50,0,0.0
2019-11-26 09:00:00+00:00,13,1,14,0,0.0
2019-11-26 09:00:00+00:00,13,2,22,0,0.0
2019-11-26 09:00:00+00:00,13,3,10,0,0.0
2019-11-26 09:00:00+00:00,14,1,39,0,0.0
2019-11-26 09:00:00+00:00,14,2,16,0,0.0
2019-11-26 09:00:00+00:00,14,3,33,0,0.0
2019-11-26 09:00:00+00:00,15,1,10,0,0.0
2019-11-26 09:00:00+00:00,15,2,40,0,0.0
2019-11-26 09:00:00+00:00,15,3,6,0,0.0
2019-11-26 09:00:00+00:00,16,1,39,0,0.0
2019-11-26 09:00:00+00:00,16,2,27,0,0.0
2019-11-26 09:00:00+00:00,16,3,15,0,0.0
2019-11-26 09:00:00+00:00,17,1,43,0,0.0
2019-11-26 09:00:00+00:00,17,2,41,0,0.0
2019-11-26 09:00:00+00:00,17,3,22,0,0.0
2019-11-26 09:00:00+00:00,18,1,12,0,0.0
2019-11-26 09:00:00+00:00,18,2,9,0,0.0
2019-11-26 09:00:00+00:00,18,3,52,0,0.0
2019-11-26 09:00:00+00:00,19,1,42,0,0.0
2019-11-26 09:00:00+00:00,19,2,12,0,0.0
2019-11-26 09:00:00+00:00,19,3,15,0,0.0
2019-11-26 09:00:00+00:00,20,1,1,0,0.0
2019-11-26 09:00:00+00:00,20,2,23,1,34.000000000000064
2019-11-26 09:00:00+00:00,20,3,9,0,0.0
2019-11-26 09:00:00+00:00,21,1,38,0,0.0
2019-11-26 09:00:00+00:00,21,2,23,2,68.00000000000013
2019-11-26 09:00:00+00:00,21,3,22,0,0.0
2019-11-26 09:00:00+00:00,22,1,20,0,0.0
2019-11-26 09:00:00+00:00,22,2,8,0,0.0
2019-11-26 09:00:00+00:00,22,3,63,0,0.0
2019-11-26 09:00:00+00:00,23,1,19,0,0.0
2019-11-26 09:00:00+00:00,23,2,19,0,0.0
2019-11-26 09:00:00+00:00,23,3,36,0,0.0
2019-11-26 09:00:00+00:00,24,1,51,0,0.0
2019-11-26 09:00:00+00:00,24,2,48,0,0.0
2019-11-26 09:00:00+00:00,24,3,18,0,0.0
2019-11-26 09:00:00+00:00,25,1,8,0,0.0
2019-11-26 09:00:00+00:00,25,2,44,0,0.0
2019-11-26 09:00:00+00:00,25,3,32,0,0.0
2019-11-26 09:00:00+00:00,26,1,13,0,0.0
2019-11-26 09:00:00+00:00,26,2,32,0,0.0
2019-11-26 09:00:00+00:00,26,3,44,0,0.0
2019-11-26 09:00:00+00:00,27,1,43,1,34.000000000000064
2019-11-26 09:00:00+00:00,27,2,27,1,34.000000000000064
2019-11-26 09:00:00+00:00,27,3,32,0,0.0
2019-11-26 09:00:00+00:00,28,1,35,0,0.0
2019-11-26 09:00:00+00:00,28,2,43,0,0.0
2019-11-26 09:00:00+00:00,28,3,10,0,0.0
2019-11-26 09:00:00+00:00,29,1,9,0,0.0
2019-11-26 09:00:00+00:00,29,2,35,0,0.0
2019-11-26 09:00:00+00:00,29,3,26,0,0.0
2019-11-26 09:00:00+00:00,30,1,27,0,0.0
2019-11-26 09:00:00+00:00,30,2,21,0,0.0
2019-11-26 09:00:00+00:00,30,3,41,0,0.0
2019-11-26 09:00:00+00:00,31,1,27,0,0.0
2019-11-26 09:00:00+00:00,31,2,42,1,34.000000000000064
2019-11-26 09:00:00+00:00,31,3,17,0,0.0
2019-11-26 09:00:00+00:00,32,1,16,0,0.0
2019-11-26 09:00:00+00:00,32,2,25,0,0.0
2019-11-26 09:00:00+00:00,32,3,42,0,0.0
2019-11-26 09:00:00+00:00,33,1,32,1,34.000000000000064
2019-11-26 09:00:00+00:00,33,2,49,0,0.0
2019-11-26 09:00:00+00:00,33,3,28,0,0.0
2019-11-26 10:00:00+00:00,0,1,30,2,68.00000000000013
2019-11-26 10:00:00+00:00,0,2,26,0,0.0
2019-11-26 10:00:00+00:00,0,3,20,0,0.0
2019-11-26 10:00:00+00:00,1,1,45,0,0.0
2019-11-26 10:00:00+00:00,1,2,41,0,0.0
2019-11-26 10:00:00+00:00,1,3,4,0,0.0
2019-11-26 10:00:00+00:00,2,1,32,0,0.0
2019-11-26 10:00:00+00:00,2,2,26,0,0.0
2019-11-26 10:00:00+00:00,2,3,46,0,0.0
2019-11-26 10:00:00+00:00,3,1,35,0,0.0
2019-11-26 10:00:00+00:00,3,2,37,0,0.0
2019-11-26 10:00:00+00:00,3,3,29,0,0.0
2019-11-26 10:00:00+00:00,4,1,18,0,0.0
2019-11-26 10:00:00+00:00,4,2,50,0,0.0
2019-11-26 10:00:00+00:00,4,3,17,0,0.0
2019-11-26 10:00:00+00:00,5,1,9,0,0.0
2019-11-26 10:00:00+00:00,5,2,2,0,0.0
2019-11-26 10:00:00+00:00,5,3,10,0,0.0
2019-11-26 10:00:00+00:00,6,1,26,0,0.0
2019-11-26 10:00:00+00:00,6,2,3,0,0.0
2019-11-26 10:00:00+00:00,6,3,22,0,0.0
2019-11-26 10:00:00+00:00,7,1,77,0,0.0
2019-11-26 10:00:00+00:00,7,2,23,0,0.0
2019-11-26 10:00:00+00:00,7,3,46,1,34.000000000000064
2019-11-26 10:00:00+00:00,8,1,26,0,0.0
2019-11-26 10:00:00+00:00,8,2,37,0,0.0
2019-11-26 10:00:00+00:00,8,3,18,0,0.0
2019-11-26 10:00:00+00:00,9,1,17,0,0.0
2019-11-26 10:00:00+00:00,9,2,21,0,0.0
2019-11-26 10:00:00+00:00,9,3,51,1,34.000000000000064
2019-11-26 10:00:00+00:00,10,1,37,0,0.0
2019-11-26 10:00:00+00:00,10,2,11,0,0.0
2019-11-26 10:00:00+00:00,10,3,33,0,0.0
2019-11-26 10:00:00+00:00,11,1,20,0,0.0
2019-11-26 10:00:00+00:00,11,2,30,1,34.000000000000064
2019-11-26 10:00:00+00:00,11,3,37,0,0.0
2019-11-26 10:00:00+00:00,12,1,13,0,0.0
2019-11-26 10:00:00+00:00,12,2,23,0,0.0
2019-11-26 10:00:00+00:00,12,3,10,0,0.0
2019-11-26 10:00:00+00:00,13,1,38,0,0.0
2019-11-26 10:00:00+00:00,13,2,26,1,34.000000000000064
2019-11-26 10:00:00+00:00,13,3,22,0,0.0
2019-11-26 10:00:00+00:00,14,1,35,2,68.00000000000013
2019-11-26 10:00:00+00:00,14,2,49,0,0.0
2019-11-26 10:00:00+00:00,14,3,49,0,0.0
2019-11-26 10:00:00+00:00,15,1,32,0,0.0
2019-11-26 10:00:00+00:00,15,2,15,2,68.00000000000013
2019-11-26 10:00:00+00:00,15,3,60,0,0.0
2019-11-26 10:00:00+00:00,16,1,45,0,0.0
2019-11-26 10:00:00+00:00,16,2,68,0,0.0
2019-11-26 10:00:00+00:00,16,3,37,0,0.0
2019-11-26 10:00:00+00:00,17,1,53,0,0.0
2019-11-26 10:00:00+00:00,17,2,37,0,0.0
2019-11-26 10:00:00+00:00,17,3,67,1,34.000000000000064
2019-11-26 10:00:00+00:00,18,1,21,0,0.0
2019-11-26 10:00:00+00:00,18,2,28,0,0.0
2019-11-26 10:00:00+00:00,18,3,56,2,68.00000000000013
2019-11-26 10:00:00+00:00,19,1,23,0,0.0
2019-11-26 10:00:00+00:00,19,2,66,0,0.0
2019-11-26 10:00:00+00:00,19,3,16,0,0.0
2019-11-26 10:00:00+00:00,20,1,33,0,0.0
2019-11-26 10:00:00+00:00,20,2,15,0,0.0
2019-11-26 10:00:00+00:00,20,3,52,0,0.0
2019-11-26 10:00:00+00:00,21,1,9,0,0.0
2019-11-26 10:00:00+00:00,21,2,37,0,0.0
2019-11-26 10:00:00+00:00,21,3,29,0,0.0
2019-11-26 10:00:00+00:00,22,1,14,0,0.0
2019-11-26 10:00:00+00:00,22,2,39,0,0.0
2019-11-26 10:00:00+00:00,22,3,57,0,0.0
2019-11-26 10:00:00+00:00,23,1,29,0,0.0
2019-11-26 10:00:00+00:00,23,2,21,0,0.0
2019-11-26 10:00:00+00:00,23,3,38,1,34.000000000000064
2019-11-26 10:00:00+00:00,24,1,54,0,0.0
2019-11-26 10:00:00+00:00,24,2,14,0,0.0
2019-11-26 10:00:00+00:00,24,3,31,0,0.0
2019-11-26 10:00:00+00:00,25,1,27,0,0.0
2019-11-26 10:00:00+00:00,25,2,50,1,34.000000000000064
2019-11-26 10:00:00+00:00,25,3,10,0,0.0
2019-11-26 10:00:00+00:00,26,1,22,0,0.0
2019-11-26 10:00:00+00:00,26,2,27,0,0.0
2019-11-26 10:00:00+00:00,26,3,27,0,0.0
2019-11-26 10:00:00+00:00,27,1,8,0,0.0
2019-11-26 10:00:00+00:00,27,2,11,0,0.0
2019-11-26 10:00:00+00:00,27,3,29,0,0.0
2019-11-26 10:00:00+00:00,28,1,28,0,0.0
2019-11-26 10:00:00+00:00,28,2,73,0,0.0
2019-11-26 10:00:00+00:00,28,3,41,0,0.0
2019-11-26 10:00:00+00:00,29,1,34,0,0.0
2019-11-26 10:00:00+00:00,29,2,28,0,0.0
2019-11-26 10:00:00+00:00,29,3,10,0,0.0
2019-11-26 10:00:00+00:00,30,1,8,0,0.0
2019-11-26 10:00:00+00:00,30,2,20,0,0.0
2019-11-26 10:00:00+00:00,30,3,14,0,0.0
2019-11-26 10:00:00+00:00,31,1,40,0,0.0
2019-11-26 10:00:00+00:00,31,2,40,0,0.0
2019-11-26 10:00:00+00:00,31,3,26,0,0.0
2019-11-26 10:00:00+00:00,32,1,54,0,0.0
2019-11-26 10:00:00+00:00,32,2,40,0,0.0
2019-11-26 10:00:00+00:00,32,3,20,0,0.0
2019-11-26 10:00:00+00:00,33,1,62,0,0.0
2019-11-26 10:00:00+00:00,33,2,21,0,0.0
2019-11-26 10:00:00+00:00,33,3,21,0,0.0
2019-11-26 11:00:00+00:00,0,1,32,0,0.0
2019-11-26 11:00:00+00:00,0,2,24,1,34.000000000000064
2019-11-26 11:00:00+00:00,0,3,55,0,0.0
2019-11-26 11:00:00+00:00,1,1,48,0,0.0
2019-11-26 11:00:00+00:00,1,2,20,0,0.0
2019-11-26 11:00:00+00:00,1,3,44,2,68.00000000000013
2019-11-26 11:00:00+00:00,2,1,16,0,0.0
2019-11-26 11:00:00+00:00,2,2,47,0,0.0
2019-11-26 11:00:00+00:00,2,3,16,0,0.0
2019-11-26 11:00:00+00:00,3,1,29,0,0.0
2019-11-26 11:00:00+00:00,3,2,72,3,102.0000000000002
2019-11-26 11:00:00+00:00,3,3,34,0,0.0
2019-11-26 11:00:00+00:00,4,1,48,0,0.0
2019-11-26 11:00:00+00:00,4,2,49,0,0.0
2019-11-26 11:00:00+00:00,4,3,37,0,0.0
2019-11-26 11:00:00+00:00,5,1,39,0,0.0
2019-11-26 11:00:00+00:00,5,2,35,0,0.0
2019-11-26 11:00:00+00:00,5,3,60,0,0.0
2019-11-26 11:00:00+00:00,6,1,71,1,34.000000000000064
2019-11-26 11:00:00+00:00,6,2,44,0,0.0
2019-11-26 11:00:00+00:00,6,3,52,0,0.0
2019-11-26 11:00:00+00:00,7,1,42,0,0.0
2019-11-26 11:00:00+00:00,7,2,75,0,0.0
2019-11-26 11:00:00+00:00,7,3,59,0,0.0
2019-11-26 11:00:00+00:00,8,1,35,0,0.0
2019-11-26 11:00:00+00:00,8,2,43,1,34.000000000000064
2019-11-26 11:00:00+00:00,8,3,24,0,0.0
2019-11-26 11:00:00+00:00,9,1,13,0,0.0
2019-11-26 11:00:00+00:00,9,2,3,0,0.0
2019-11-26 11:00:00+00:00,9,3,27,0,0.0
2019-11-26 11:00:00+00:00,10,1,70,0,0.0
2019-11-26 11:00:00+00:00,10,2,40,0,0.0
2019-11-26 11:00:00+00:00,10,3,26,0,0.0
2019-11-26 11:00:00+00:00,11,1,48,0,0.0
2019-11-26 11:00:00+00:00,11,2,34,0,0.0
2019-11-26 11:00:00+00:00,11,3,73,0,0.0
2019-11-26 11:00:00+00:00,12,1,41,1,34.000000000000064
2019-11-26 11:00:00+00:00,12,2,57,0,0.0
2019-11-26 11:00:00+00:00,12,3,79,1,34.000000000000064
2019-11-26 11:00:00+00:00,13,1,10,0,0.0
2019-11-26 11:00:00+00:00,13,2,52,0,0.0
2019-11-26 11:00:00+00:00,13,3,14,0,0.0
2019-11-26 11:00:00+00:00,14,1,32,0,0.0
2019-11-26 11:00:00+00:00,14,2,44,0,0.0
2019-11-26 11:00:00+00:00,14,3,51,0,0.0
2019-11-26 11:00:00+00:00,15,1,28,1,34.000000000000064
2019-11-26 11:00:00+00:00,15,2,58,0,0.0
2019-11-26 11:00:00+00:00,15,3,31,0,0.0
2019-11-26 11:00:00+00:00,16,1,29,0,0.0
2019-11-26 11:00:00+00:00,16,2,35,0,0.0
2019-11-26 11:00:00+00:00,16,3,71,0,0.0
2019-11-26 11:00:00+00:00,17,1,55,0,0.0
2019-11-26 11:00:00+00:00,17,2,60,0,0.0
2019-11-26 11:00:00+00:00,17,3,19,0,0.0
2019-11-26 11:00:00+00:00,18,1,48,0,0.0
2019-11-26 11:00:00+00:00,18,2,61,0,0.0
2019-11-26 11:00:00+00:00,18,3,73,0,0.0
2019-11-26 11:00:00+00:00,19,1,50,1,34.000000000000064
2019-11-26 11:00:00+00:00,19,2,46,0,0.0
2019-11-26 11:00:00+00:00,19,3,51,0,0.0
2019-11-26 11:00:00+00:00,20,1,45,1,34.000000000000064
2019-11-26 11:00:00+00:00,20,2,29,0,0.0
2019-11-26 11:00:00+00:00,20,3,18,0,0.0
2019-11-26 11:00:00+00:00,21,1,51,1,34.000000000000064
2019-11-26 11:00:00+00:00,21,2,68,0,0.0
2019-11-26 11:00:00+00:00,21,3,31,0,0.0
2019-11-26 11:00:00+00:00,22,1,91,0,0.0
2019-11-26 11:00:00+00:00,22,2,44,0,0.0
2019-11-26 11:00:00+00:00,22,3,10,0,0.0
2019-11-26 11:00:00+00:00,23,1,34,0,0.0
2019-11-26 11:00:00+00:00,23,2,19,0,0.0
2019-11-26 11:00:00+00:00,23,3,53,1,34.000000000000064
2019-11-26 11:00:00+00:00,24,1,53,0,0.0
2019-11-26 11:00:00+00:00,24,2,66,0,0.0
2019-11-26 11:00:00+00:00,24,3,51,0,0.0
2019-11-26 11:00:00+00:00,25,1,29,0,0.0
2019-11-26 11:00:00+00:00,25,2,27,0,0.0
2019-11-26 11:00:00+00:00,25,3,46,0,0.0
2019-11-26 11:00:00+00:00,26,1,52,1,34.000000000000064
2019-11-26 11:00:00+00:00,26,2,37,0,0.0
2019-11-26 11:00:00+00:00,26,3,32,0,0.0
2019-11-26 11:00:00+00:00,27,1,32,0,0.0
2019-11-26 11:00:00+00:00,27,2,34,1,34.000000000000064
2019-11-26 11:00:00+00:00,27,3,75,0,0.0
2019-11-26 11:00:00+00:00,28,1,39,0,0.0
2019-11-26 11:00:00+00:00,28,2,37,0,0.0
2019-11-26 11:00:00+00:00,28,3,24,0,0.0
2019-11-26 11:00:00+00:00,29,1,45,0,0.0
2019-11-26 11:00:00+00:00,29,2,8,0,0.0
2019-11-26 11:00:00+00:00,29,3,31,0,0.0
2019-11-26 11:00:00+00:00,30,1,54,0,0.0
2019-11-26 11:00:00+00:00,30,2,55,0,0.0
2019-11-26 11:00:00+00:00,30,3,43,0,0.0
2019-11-26 11:00:00+00:00,31,1,28,0,0.0
2019-11-26 11:00:00+00:00,31,2,57,0,0.0
2019-11-26 11:00:00+00:00,31,3,29,1,34.000000000000064
2019-11-26 11:00:00+00:00,32,1,54,0,0.0
2019-11-26 11:00:00+00:00,32,2,36,0,0.0
2019-11-26 11:00:00+00:00,32,3,36,0,0.0
2019-11-26 11:00:00+00:00,33,1,40,0,0.0
2019-11-26 11:00:00+00:00,33,2,16,0,0.0
2019-11-26 11:00:00+00:00,33,3,57,0,0.0
2019-11-26 12:00:00+00:00,0,1,48,0,0.0
2019-11-26 12:00:00+00:00,0,2,49,0,0.0
2019-11-26 12:00:00+00:00,0,3,58,0,0.0
2019-11-26 12:00:00+00:00,1,1,42,0,0.0
2019-11-26 12:00:00+00:00,1,2,50,0,0.0
2019-11-26 12:00:00+00:00,1,3,58,0,0.0
2019-11-26 12:00:00+00:00,2,1,84,2,68.00000000000013
2019-11-26 12:00:00+00:00,2,2,72,2,68.00000000000013
2019-11-26 12:00:00+00:00,2,3,34,0,0.0
2019-11-26 12:00:00+00:00,3,1,38,0,0.0
2019-11-26 12:00:00+00:00,3,2,28,0,0.0
2019-11-26 12:00:00+00:00,3,3,67,0,0.0
2019-11-26 12:00:00+00:00,4,1,27,0,0.0
2019-11-26 12:00:00+00:00,4,2,40,0,0.0
2019-11-26 12:00:00+00:00,4,3,49,0,0.0
2019-11-26 12:00:00+00:00,5,1,32,0,0.0
2019-11-26 12:00:00+00:00,5,2,57,0,0.0
2019-11-26 12:00:00+00:00,5,3,30,1,34.000000000000064
2019-11-26 12:00:00+00:00,6,1,54,0,0.0
2019-11-26 12:00:00+00:00,6,2,48,0,0.0
2019-11-26 12:00:00+00:00,6,3,120,2,68.00000000000013
2019-11-26 12:00:00+00:00,7,1,32,1,34.000000000000064
2019-11-26 12:00:00+00:00,7,2,52,2,68.00000000000013
2019-11-26 12:00:00+00:00,7,3,85,2,68.00000000000013
2019-11-26 12:00:00+00:00,8,1,38,0,0.0
2019-11-26 12:00:00+00:00,8,2,59,0,0.0
2019-11-26 12:00:00+00:00,8,3,37,0,0.0
2019-11-26 12:00:00+00:00,9,1,98,0,0.0
2019-11-26 12:00:00+00:00,9,2,39,0,0.0
2019-11-26 12:00:00+00:00,9,3,21,0,0.0
2019-11-26 12:00:00+00:00,10,1,69,1,34.000000000000064
2019-11-26 12:00:00+00:00,10,2,30,0,0.0
2019-11-26 12:00:00+00:00,10,3,7,0,0.0
2019-11-26 12:00:00+00:00,11,1,31,0,0.0
2019-11-26 12:00:00+00:00,11,2,99,0,0.0
2019-11-26 12:00:00+00:00,11,3,19,0,0.0
2019-11-26 12:00:00+00:00,12,1,27,0,0.0
2019-11-26 12:00:00+00:00,12,2,13,0,0.0
2019-11-26 12:00:00+00:00,12,3,62,3,102.0000000000002
2019-11-26 12:00:00+00:00,13,1,52,0,0.0
2019-11-26 12:00:00+00:00,13,2,41,0,0.0
2019-11-26 12:00:00+00:00,13,3,91,0,0.0
2019-11-26 12:00:00+00:00,14,1,38,0,0.0
2019-11-26 12:00:00+00:00,14,2,32,0,0.0
2019-11-26 12:00:00+00:00,14,3,55,0,0.0
2019-11-26 12:00:00+00:00,15,1,61,0,0.0
2019-11-26 12:00:00+00:00,15,2,37,1,34.000000000000064
2019-11-26 12:00:00+00:00,15,3,23,0,0.0
2019-11-26 12:00:00+00:00,16,1,58,0,0.0
2019-11-26 12:00:00+00:00,16,2,85,0,0.0
2019-11-26 12:00:00+00:00,16,3,58,0,0.0
2019-11-26 12:00:00+00:00,17,1,59,0,0.0
2019-11-26 12:00:00+00:00,17,2,37,0,0.0
2019-11-26 12:00:00+00:00,17,3,26,0,0.0
2019-11-26 12:00:00+00:00,18,1,42,1,34.000000000000064
2019-11-26 12:00:00+00:00,18,2,43,0,0.0
2019-11-26 12:00:00+00:00,18,3,55,0,0.0
2019-11-26 12:00:00+00:00,19,1,51,0,0.0
2019-11-26 12:00:00+00:00,19,2,54,0,0.0
2019-11-26 12:00:00+00:00,19,3,49,0,0.0
2019-11-26 12:00:00+00:00,20,1,85,0,0.0
2019-11-26 12:00:00+00:00,20,2,73,1,34.000000000000064
2019-11-26 12:00:00+00:00,20,3,104,0,0.0
2019-11-26 12:00:00+00:00,21,1,42,0,0.0
2019-11-26 12:00:00+00:00,21,2,53,0,0.0
2019-11-26 12:00:00+00:00,21,3,34,0,0.0
2019-11-26 12:00:00+00:00,22,1,40,0,0.0
2019-11-26 12:00:00+00:00,22,2,82,0,0.0
2019-11-26 12:00:00+00:00,22,3,97,0,0.0
2019-11-26 12:00:00+00:00,23,1,69,4,136.00000000000026
2019-11-26 12:00:00+00:00,23,2,32,0,0.0
2019-11-26 12:00:00+00:00,23,3,17,0,0.0
2019-11-26 12:00:00+00:00,24,1,11,0,0.0
2019-11-26 12:00:00+00:00,24,2,21,0,0.0
2019-11-26 12:00:00+00:00,24,3,77,1,34.000000000000064
2019-11-26 12:00:00+00:00,25,1,58,0,0.0
2019-11-26 12:00:00+00:00,25,2,110,0,0.0
2019-11-26 12:00:00+00:00,25,3,20,0,0.0
2019-11-26 12:00:00+00:00,26,1,77,0,0.0
2019-11-26 12:00:00+00:00,26,2,36,0,0.0
2019-11-26 12:00:00+00:00,26,3,27,0,0.0
2019-11-26 12:00:00+00:00,27,1,84,0,0.0
2019-11-26 12:00:00+00:00,27,2,49,0,0.0
2019-11-26 12:00:00+00:00,27,3,21,0,0.0
2019-11-26 12:00:00+00:00,28,1,19,0,0.0
2019-11-26 12:00:00+00:00,28,2,28,0,0.0
2019-11-26 12:00:00+00:00,28,3,116,0,0.0
2019-11-26 12:00:00+00:00,29,1,94,1,34.000000000000064
2019-11-26 12:00:00+00:00,29,2,73,0,0.0
2019-11-26 12:00:00+00:00,29,3,25,0,0.0
2019-11-26 12:00:00+00:00,30,1,11,0,0.0
2019-11-26 12:00:00+00:00,30,2,72,0,0.0
2019-11-26 12:00:00+00:00,30,3,40,0,0.0
2019-11-26 12:00:00+00:00,31,1,47,0,0.0
2019-11-26 12:00:00+00:00,31,2,37,0,0.0
2019-11-26 12:00:00+00:00,31,3,74,1,34.000000000000064
2019-11-26 12:00:00+00:00,32,1,83,3,102.0000000000002
2019-11-26 12:00:00+00:00,32,2,97,0,0.0
2019-11-26 12:00:00+00:00,32,3,57,0,0.0
2019-11-26 12:00:00+00:00,33,1,67,0,0.0
2019-11-26 12:00:00+00:00,33,2,40,0,0.0
2019-11-26 12:00:00+00:00,33,3,57,0,0.0
2019-11-26 13:00:00+00:00,0,1,71,0,0.0
2019-11-26 13:00:00+00:00,0,2,51,0,0.0
2019-11-26 13:00:00+00:00,0,3,44,0,0.0
2019-11-26 13:00:00+00:00,1,1,63,0,0.0
2019-11-26 13:00:00+00:00,1,2,64,0,0.0
2019-11-26 13:00:00+00:00,1,3,64,0,0.0
2019-11-26 13:00:00+00:00,2,1,31,0,0.0
2019-11-26 13:00:00+00:00,2,2,29,1,34.000000000000064
2019-11-26 13:00:00+00:00,2,3,57,0,0.0
2019-11-26 13:00:00+00:00,3,1,65,1,34.000000000000064
2019-11-26 13:00:00+00:00,3,2,37,0,0.0
2019-11-26 13:00:00+00:00,3,3,50,0,0.0
2019-11-26 13:00:00+00:00,4,1,37,0,0.0
2019-11-26 13:00:00+00:00,4,2,78,1,34.000000000000064
2019-11-26 13:00:00+00:00,4,3,64,0,0.0
2019-11-26 13:00:00+00:00,5,1,25,0,0.0
2019-11-26 13:00:00+00:00,5,2,41,2,68.00000000000013
2019-11-26 13:00:00+00:00,5,3,5,0,0.0
2019-11-26 13:00:00+00:00,6,1,71,0,0.0
2019-11-26 13:00:00+00:00,6,2,54,1,34.000000000000064
2019-11-26 13:00:00+00:00,6,3,50,0,0.0
2019-11-26 13:00:00+00:00,7,1,33,0,0.0
2019-11-26 13:00:00+00:00,7,2,76,0,0.0
2019-11-26 13:00:00+00:00,7,3,39,0,0.0
2019-11-26 13:00:00+00:00,8,1,80,2,68.00000000000013
2019-11-26 13:00:00+00:00,8,2,23,1,34.000000000000064
2019-11-26 13:00:00+00:00,8,3,44,0,0.0
2019-11-26 13:00:00+00:00,9,1,55,0,0.0
2019-11-26 13:00:00+00:00,9,2,38,0,0.0
2019-11-26 13:00:00+00:00,9,3,93,0,0.0
2019-11-26 13:00:00+00:00,10,1,39,2,68.00000000000013
2019-11-26 13:00:00+00:00,10,2,81,0,0.0
2019-11-26 13:00:00+00:00,10,3,26,0,0.0
2019-11-26 13:00:00+00:00,11,1,34,0,0.0
2019-11-26 13:00:00+00:00,11,2,46,0,0.0
2019-11-26 13:00:00+00:00,11,3,75,0,0.0
2019-11-26 13:00:00+00:00,12,1,59,1,34.000000000000064
2019-11-26 13:00:00+00:00,12,2,36,0,0.0
2019-11-26 13:00:00+00:00,12,3,55,0,0.0
2019-11-26 13:00:00+00:00,13,1,45,0,0.0
2019-11-26 13:00:00+00:00,13,2,31,0,0.0
2019-11-26 13:00:00+00:00,13,3,61,4,136.00000000000026
2019-11-26 13:00:00+00:00,14,1,68,1,34.000000000000064
2019-11-26 13:00:00+00:00,14,2,48,0,0.0
2019-11-26 13:00:00+00:00,14,3,40,0,0.0
2019-11-26 13:00:00+00:00,15,1,43,0,0.0
2019-11-26 13:00:00+00:00,15,2,48,0,0.0
2019-11-26 13:00:00+00:00,15,3,49,0,0.0
2019-11-26 13:00:00+00:00,16,1,17,0,0.0
2019-11-26 13:00:00+00:00,16,2,70,1,34.000000000000064
2019-11-26 13:00:00+00:00,16,3,24,0,0.0
2019-11-26 13:00:00+00:00,17,1,51,1,34.000000000000064
2019-11-26 13:00:00+00:00,17,2,72,2,68.00000000000013
2019-11-26 13:00:00+00:00,17,3,44,0,0.0
2019-11-26 13:00:00+00:00,18,1,5,0,0.0
2019-11-26 13:00:00+00:00,18,2,43,0,0.0
2019-11-26 13:00:00+00:00,18,3,63,0,0.0
2019-11-26 13:00:00+00:00,19,1,76,3,102.0000000000002
2019-11-26 13:00:00+00:00,19,2,76,0,0.0
2019-11-26 13:00:00+00:00,19,3,44,0,0.0
2019-11-26 13:00:00+00:00,20,1,41,0,0.0
2019-11-26 13:00:00+00:00,20,2,113,0,0.0
2019-11-26 13:00:00+00:00,20,3,64,0,0.0
2019-11-26 13:00:00+00:00,21,1,60,0,0.0
2019-11-26 13:00:00+00:00,21,2,29,0,0.0
2019-11-26 13:00:00+00:00,21,3,38,1,34.000000000000064
2019-11-26 13:00:00+00:00,22,1,59,0,0.0
2019-11-26 13:00:00+00:00,22,2,26,0,0.0
2019-11-26 13:00:00+00:00,22,3,100,0,0.0
2019-11-26 13:00:00+00:00,23,1,61,0,0.0
2019-11-26 13:00:00+00:00,23,2,40,0,0.0
2019-11-26 13:00:00+00:00,23,3,61,0,0.0
2019-11-26 13:00:00+00:00,24,1,83,0,0.0
2019-11-26 13:00:00+00:00,24,2,43,0,0.0
2019-11-26 13:00:00+00:00,24,3,35,0,0.0
2019-11-26 13:00:00+00:00,25,1,52,0,0.0
2019-11-26 13:00:00+00:00,25,2,57,0,0.0
2019-11-26 13:00:00+00:00,25,3,40,0,0.0
2019-11-26 13:00:00+00:00,26,1,75,0,0.0
2019-11-26 13:00:00+00:00,26,2,61,1,34.000000000000064
2019-11-26 13:00:00+00:00,26,3,38,0,0.0
2019-11-26 13:00:00+00:00,27,1,47,0,0.0
2019-11-26 13:00:00+00:00,27,2,26,0,0.0
2019-11-26 13:00:00+00:00,27,3,73,0,0.0
2019-11-26 13:00:00+00:00,28,1,26,0,0.0
2019-11-26 13:00:00+00:00,28,2,39,0,0.0
2019-11-26 13:00:00+00:00,28,3,89,0,0.0
2019-11-26 13:00:00+00:00,29,1,58,1,34.000000000000064
2019-11-26 13:00:00+00:00,29,2,28,0,0.0
2019-11-26 13:00:00+00:00,29,3,84,1,34.000000000000064
2019-11-26 13:00:00+00:00,30,1,24,0,0.0
2019-11-26 13:00:00+00:00,30,2,38,0,0.0
2019-11-26 13:00:00+00:00,30,3,40,1,34.000000000000064
2019-11-26 13:00:00+00:00,31,1,86,0,0.0
2019-11-26 13:00:00+00:00,31,2,56,2,68.00000000000013
2019-11-26 13:00:00+00:00,31,3,65,1,34.000000000000064
2019-11-26 13:00:00+00:00,32,1,49,0,0.0
2019-11-26 13:00:00+00:00,32,2,69,1,34.000000000000064
2019-11-26 13:00:00+00:00,33,1,57,0,0.0
2019-11-26 13:00:00+00:00,33,2,78,2,68.00000000000013
2019-11-26 13:00:00+00:00,33,3,27,0,0.0
2019-11-26 14:00:00+00:00,0,1,65,0,0.0
2019-11-26 14:00:00+00:00,0,2,69,0,0.0
2019-11-26 14:00:00+00:00,0,3,50,0,0.0
2019-11-26 14:00:00+00:00,1,1,26,2,68.00000000000013
2019-11-26 14:00:00+00:00,1,2,31,0,0.0
2019-11-26 14:00:00+00:00,1,3,23,0,0.0
2019-11-26 14:00:00+00:00,2,1,49,0,0.0
2019-11-26 14:00:00+00:00,2,2,27,0,0.0
2019-11-26 14:00:00+00:00,2,3,94,1,34.000000000000064
2019-11-26 14:00:00+00:00,3,1,35,0,0.0
2019-11-26 14:00:00+00:00,3,2,48,0,0.0
2019-11-26 14:00:00+00:00,3,3,23,0,0.0
2019-11-26 14:00:00+00:00,4,1,68,0,0.0
2019-11-26 14:00:00+00:00,4,2,24,0,0.0
2019-11-26 14:00:00+00:00,4,3,44,0,0.0
2019-11-26 14:00:00+00:00,5,1,45,2,68.00000000000013
2019-11-26 14:00:00+00:00,5,2,25,0,0.0
2019-11-26 14:00:00+00:00,5,3,72,0,0.0
2019-11-26 14:00:00+00:00,6,1,16,0,0.0
2019-11-26 14:00:00+00:00,6,2,79,2,68.00000000000013
2019-11-26 14:00:00+00:00,6,3,38,0,0.0
2019-11-26 14:00:00+00:00,7,1,89,0,0.0
2019-11-26 14:00:00+00:00,7,2,20,0,0.0
2019-11-26 14:00:00+00:00,7,3,66,0,0.0
2019-11-26 14:00:00+00:00,8,1,15,1,34.000000000000064
2019-11-26 14:00:00+00:00,8,2,75,0,0.0
2019-11-26 14:00:00+00:00,8,3,28,0,0.0
2019-11-26 14:00:00+00:00,9,1,67,0,0.0
2019-11-26 14:00:00+00:00,9,2,29,0,0.0
2019-11-26 14:00:00+00:00,9,3,49,2,68.00000000000013
2019-11-26 14:00:00+00:00,10,1,31,0,0.0
2019-11-26 14:00:00+00:00,10,2,51,0,0.0
2019-11-26 14:00:00+00:00,10,3,10,0,0.0
2019-11-26 14:00:00+00:00,11,1,29,0,0.0
2019-11-26 14:00:00+00:00,11,2,4,0,0.0
2019-11-26 14:00:00+00:00,11,3,30,0,0.0
2019-11-26 14:00:00+00:00,12,1,67,0,0.0
2019-11-26 14:00:00+00:00,12,2,61,0,0.0
2019-11-26 14:00:00+00:00,12,3,56,0,0.0
2019-11-26 14:00:00+00:00,13,1,24,0,0.0
2019-11-26 14:00:00+00:00,13,2,36,0,0.0
2019-11-26 14:00:00+00:00,13,3,13,0,0.0
2019-11-26 14:00:00+00:00,14,1,9,0,0.0
2019-11-26 14:00:00+00:00,14,2,22,0,0.0
2019-11-26 14:00:00+00:00,14,3,44,1,34.000000000000064
2019-11-26 14:00:00+00:00,15,1,50,0,0.0
2019-11-26 14:00:00+00:00,15,2,17,0,0.0
2019-11-26 14:00:00+00:00,15,3,57,0,0.0
2019-11-26 14:00:00+00:00,16,1,29,0,0.0
2019-11-26 14:00:00+00:00,16,2,78,0,0.0
2019-11-26 14:00:00+00:00,16,3,88,0,0.0
2019-11-26 14:00:00+00:00,17,1,59,1,34.000000000000064
2019-11-26 14:00:00+00:00,17,2,58,0,0.0
2019-11-26 14:00:00+00:00,17,3,75,0,0.0
2019-11-26 14:00:00+00:00,18,1,17,0,0.0
2019-11-26 14:00:00+00:00,18,2,55,0,0.0
2019-11-26 14:00:00+00:00,18,3,62,0,0.0
2019-11-26 14:00:00+00:00,19,1,55,0,0.0
2019-11-26 14:00:00+00:00,19,2,41,1,34.000000000000064
2019-11-26 14:00:00+00:00,19,3,31,0,0.0
2019-11-26 14:00:00+00:00,20,1,50,0,0.0
2019-11-26 14:00:00+00:00,20,2,113,0,0.0
2019-11-26 14:00:00+00:00,20,3,23,0,0.0
2019-11-26 14:00:00+00:00,21,1,50,0,0.0
2019-11-26 14:00:00+00:00,21,2,32,1,34.000000000000064
2019-11-26 14:00:00+00:00,21,3,51,0,0.0
2019-11-26 14:00:00+00:00,22,1,45,0,0.0
2019-11-26 14:00:00+00:00,22,2,44,0,0.0
2019-11-26 14:00:00+00:00,22,3,22,0,0.0
2019-11-26 14:00:00+00:00,23,1,76,0,0.0
2019-11-26 14:00:00+00:00,23,2,37,0,0.0
2019-11-26 14:00:00+00:00,23,3,41,0,0.0
2019-11-26 14:00:00+00:00,24,1,60,1,34.000000000000064
2019-11-26 14:00:00+00:00,24,2,29,0,0.0
2019-11-26 14:00:00+00:00,24,3,36,0,0.0
2019-11-26 14:00:00+00:00,25,1,30,0,0.0
2019-11-26 14:00:00+00:00,25,2,57,0,0.0
2019-11-26 14:00:00+00:00,25,3,46,0,0.0
2019-11-26 14:00:00+00:00,26,1,65,0,0.0
2019-11-26 14:00:00+00:00,26,2,16,0,0.0
2019-11-26 14:00:00+00:00,26,3,56,0,0.0
2019-11-26 14:00:00+00:00,27,1,34,0,0.0
2019-11-26 14:00:00+00:00,27,2,86,0,0.0
2019-11-26 14:00:00+00:00,27,3,48,0,0.0
2019-11-26 14:00:00+00:00,28,1,37,0,0.0
2019-11-26 14:00:00+00:00,28,2,18,0,0.0
2019-11-26 14:00:00+00:00,28,3,69,0,0.0
2019-11-26 14:00:00+00:00,29,1,70,0,0.0
2019-11-26 14:00:00+00:00,29,2,99,1,34.000000000000064
2019-11-26 14:00:00+00:00,29,3,89,0,0.0
2019-11-26 14:00:00+00:00,30,1,27,0,0.0
2019-11-26 14:00:00+00:00,30,2,59,1,34.000000000000064
2019-11-26 14:00:00+00:00,30,3,31,0,0.0
2019-11-26 14:00:00+00:00,31,1,71,0,0.0
2019-11-26 14:00:00+00:00,31,2,28,0,0.0
2019-11-26 14:00:00+00:00,31,3,44,0,0.0
2019-11-26 14:00:00+00:00,32,1,67,0,0.0
2019-11-26 14:00:00+00:00,32,2,64,0,0.0
2019-11-26 14:00:00+00:00,32,3,44,0,0.0
2019-11-26 14:00:00+00:00,33,1,52,0,0.0
2019-11-26 14:00:00+00:00,33,2,48,0,0.0
2019-11-26 14:00:00+00:00,33,3,29,0,0.0
2019-11-26 15:00:00+00:00,0,1,15,0,0.0
2019-11-26 15:00:00+00:00,0,2,53,0,0.0
2019-11-26 15:00:00+00:00,0,3,55,0,0.0
2019-11-26 15:00:00+00:00,1,1,21,0,0.0
2019-11-26 15:00:00+00:00,1,2,37,0,0.0
2019-11-26 15:00:00+00:00,1,3,34,0,0.0
2019-11-26 15:00:00+00:00,2,1,44,0,0.0
2019-11-26 15:00:00+00:00,2,2,15,0,0.0
2019-11-26 15:00:00+00:00,2,3,20,0,0.0
2019-11-26 15:00:00+00:00,3,1,35,0,0.0
2019-11-26 15:00:00+00:00,3,2,53,0,0.0
2019-11-26 15:00:00+00:00,3,3,5,0,0.0
2019-11-26 15:00:00+00:00,4,1,51,1,34.000000000000064
2019-11-26 15:00:00+00:00,4,2,30,0,0.0
2019-11-26 15:00:00+00:00,4,3,20,0,0.0
2019-11-26 15:00:00+00:00,5,1,25,0,0.0
2019-11-26 15:00:00+00:00,5,2,48,0,0.0
2019-11-26 15:00:00+00:00,5,3,32,0,0.0
2019-11-26 15:00:00+00:00,6,1,16,0,0.0
2019-11-26 15:00:00+00:00,6,2,44,0,0.0
2019-11-26 15:00:00+00:00,6,3,24,1,34.000000000000064
2019-11-26 15:00:00+00:00,7,1,14,0,0.0
2019-11-26 15:00:00+00:00,7,2,41,0,0.0
2019-11-26 15:00:00+00:00,7,3,46,1,34.000000000000064
2019-11-26 15:00:00+00:00,8,1,74,0,0.0
2019-11-26 15:00:00+00:00,8,2,21,0,0.0
2019-11-26 15:00:00+00:00,8,3,37,0,0.0
2019-11-26 15:00:00+00:00,9,1,47,0,0.0
2019-11-26 15:00:00+00:00,9,2,64,0,0.0
2019-11-26 15:00:00+00:00,9,3,37,0,0.0
2019-11-26 15:00:00+00:00,10,1,68,0,0.0
2019-11-26 15:00:00+00:00,10,2,28,0,0.0
2019-11-26 15:00:00+00:00,10,3,48,0,0.0
2019-11-26 15:00:00+00:00,11,1,15,0,0.0
2019-11-26 15:00:00+00:00,11,2,31,0,0.0
2019-11-26 15:00:00+00:00,11,3,33,0,0.0
2019-11-26 15:00:00+00:00,12,1,12,0,0.0
2019-11-26 15:00:00+00:00,12,2,27,0,0.0
2019-11-26 15:00:00+00:00,12,3,60,5,170.0000000000003
2019-11-26 15:00:00+00:00,13,1,35,0,0.0
2019-11-26 15:00:00+00:00,13,2,67,0,0.0
2019-11-26 15:00:00+00:00,13,3,61,0,0.0
2019-11-26 15:00:00+00:00,14,1,26,0,0.0
2019-11-26 15:00:00+00:00,14,2,46,4,136.00000000000026
2019-11-26 15:00:00+00:00,14,3,48,0,0.0
2019-11-26 15:00:00+00:00,15,1,35,0,0.0
2019-11-26 15:00:00+00:00,15,2,39,0,0.0
2019-11-26 15:00:00+00:00,15,3,39,0,0.0
2019-11-26 15:00:00+00:00,16,1,36,0,0.0
2019-11-26 15:00:00+00:00,16,2,72,1,34.000000000000064
2019-11-26 15:00:00+00:00,16,3,47,0,0.0
2019-11-26 15:00:00+00:00,17,1,81,2,68.00000000000013
2019-11-26 15:00:00+00:00,17,2,33,0,0.0
2019-11-26 15:00:00+00:00,17,3,32,0,0.0
2019-11-26 15:00:00+00:00,18,1,15,0,0.0
2019-11-26 15:00:00+00:00,18,2,16,0,0.0
2019-11-26 15:00:00+00:00,18,3,56,0,0.0
2019-11-26 15:00:00+00:00,19,1,61,0,0.0
2019-11-26 15:00:00+00:00,19,2,56,0,0.0
2019-11-26 15:00:00+00:00,19,3,56,1,34.000000000000064
2019-11-26 15:00:00+00:00,20,1,28,0,0.0
2019-11-26 15:00:00+00:00,20,2,10,0,0.0
2019-11-26 15:00:00+00:00,20,3,51,0,0.0
2019-11-26 15:00:00+00:00,21,1,19,0,0.0
2019-11-26 15:00:00+00:00,21,2,15,0,0.0
2019-11-26 15:00:00+00:00,21,3,26,0,0.0
2019-11-26 15:00:00+00:00,22,1,43,0,0.0
2019-11-26 15:00:00+00:00,22,2,53,0,0.0
2019-11-26 15:00:00+00:00,22,3,36,0,0.0
2019-11-26 15:00:00+00:00,23,1,49,0,0.0
2019-11-26 15:00:00+00:00,23,2,38,0,0.0
2019-11-26 15:00:00+00:00,23,3,75,0,0.0
2019-11-26 15:00:00+00:00,24,1,58,0,0.0
2019-11-26 15:00:00+00:00,24,2,29,0,0.0
2019-11-26 15:00:00+00:00,24,3,24,1,34.000000000000064
2019-11-26 15:00:00+00:00,25,1,20,0,0.0
2019-11-26 15:00:00+00:00,25,2,56,1,34.000000000000064
2019-11-26 15:00:00+00:00,25,3,35,0,0.0
2019-11-26 15:00:00+00:00,26,1,59,0,0.0
2019-11-26 15:00:00+00:00,26,2,21,0,0.0
2019-11-26 15:00:00+00:00,26,3,28,0,0.0
2019-11-26 15:00:00+00:00,27,1,31,0,0.0
2019-11-26 15:00:00+00:00,27,2,23,0,0.0
2019-11-26 15:00:00+00:00,27,3,29,0,0.0
2019-11-26 15:00:00+00:00,28,1,46,0,0.0
2019-11-26 15:00:00+00:00,28,2,43,0,0.0
2019-11-26 15:00:00+00:00,28,3,32,0,0.0
2019-11-26 15:00:00+00:00,29,1,25,0,0.0
2019-11-26 15:00:00+00:00,29,2,36,0,0.0
2019-11-26 15:00:00+00:00,29,3,17,0,0.0
2019-11-26 15:00:00+00:00,30,1,57,0,0.0
2019-11-26 15:00:00+00:00,30,2,38,0,0.0
2019-11-26 15:00:00+00:00,30,3,68,0,0.0
2019-11-26 15:00:00+00:00,31,1,53,0,0.0
2019-11-26 15:00:00+00:00,31,2,36,0,0.0
2019-11-26 15:00:00+00:00,31,3,38,0,0.0
2019-11-26 15:00:00+00:00,32,1,38,0,0.0
2019-11-26 15:00:00+00:00,32,2,33,0,0.0
2019-11-26 15:00:00+00:00,32,3,43,0,0.0
2019-11-26 15:00:00+00:00,33,1,40,0,0.0
2019-11-26 15:00:00+00:00,33,2,39,0,0.0
2019-11-26 16:00:00+00:00,0,1,14,0,0.0
2019-11-26 16:00:00+00:00,0,2,5,0,0.0
2019-11-26 16:00:00+00:00,0,3,50,0,0.0
2019-11-26 16:00:00+00:00,1,1,13,0,0.0
2019-11-26 16:00:00+00:00,1,2,13,0,0.0
2019-11-26 16:00:00+00:00,1,3,15,0,0.0
2019-11-26 16:00:00+00:00,2,1,21,0,0.0
2019-11-26 16:00:00+00:00,2,2,11,0,0.0
2019-11-26 16:00:00+00:00,2,3,39,0,0.0
2019-11-26 16:00:00+00:00,3,1,30,0,0.0
2019-11-26 16:00:00+00:00,3,2,23,0,0.0
2019-11-26 16:00:00+00:00,3,3,34,0,0.0
2019-11-26 16:00:00+00:00,4,1,23,0,0.0
2019-11-26 16:00:00+00:00,4,2,13,0,0.0
2019-11-26 16:00:00+00:00,4,3,14,0,0.0
2019-11-26 16:00:00+00:00,5,1,31,1,34.000000000000064
2019-11-26 16:00:00+00:00,5,2,17,0,0.0
2019-11-26 16:00:00+00:00,5,3,10,0,0.0
2019-11-26 16:00:00+00:00,6,1,14,0,0.0
2019-11-26 16:00:00+00:00,6,2,18,0,0.0
2019-11-26 16:00:00+00:00,6,3,13,0,0.0
2019-11-26 16:00:00+00:00,7,1,32,0,0.0
2019-11-26 16:00:00+00:00,7,2,29,0,0.0
2019-11-26 16:00:00+00:00,7,3,3,0,0.0
2019-11-26 16:00:00+00:00,8,1,18,0,0.0
2019-11-26 16:00:00+00:00,8,3,13,0,0.0
2019-11-26 16:00:00+00:00,9,1,12,0,0.0
2019-11-26 16:00:00+00:00,9,2,35,0,0.0
2019-11-26 16:00:00+00:00,9,3,25,0,0.0
2019-11-26 16:00:00+00:00,10,1,11,0,0.0
2019-11-26 16:00:00+00:00,10,3,24,0,0.0
2019-11-26 16:00:00+00:00,11,1,21,0,0.0
2019-11-26 16:00:00+00:00,11,2,3,0,0.0
2019-11-26 16:00:00+00:00,11,3,37,0,0.0
2019-11-26 16:00:00+00:00,12,1,17,0,0.0
2019-11-26 16:00:00+00:00,12,2,28,0,0.0
2019-11-26 16:00:00+00:00,12,3,14,0,0.0
2019-11-26 16:00:00+00:00,13,1,36,0,0.0
2019-11-26 16:00:00+00:00,13,2,36,0,0.0
2019-11-26 16:00:00+00:00,13,3,34,2,68.00000000000013
2019-11-26 16:00:00+00:00,14,1,7,0,0.0
2019-11-26 16:00:00+00:00,14,2,16,0,0.0
2019-11-26 16:00:00+00:00,14,3,24,0,0.0
2019-11-26 16:00:00+00:00,15,1,12,0,0.0
2019-11-26 16:00:00+00:00,15,2,37,0,0.0
2019-11-26 16:00:00+00:00,15,3,9,0,0.0
2019-11-26 16:00:00+00:00,16,1,17,0,0.0
2019-11-26 16:00:00+00:00,16,2,7,0,0.0
2019-11-26 16:00:00+00:00,16,3,6,0,0.0
2019-11-26 16:00:00+00:00,17,1,45,0,0.0
2019-11-26 16:00:00+00:00,17,2,27,0,0.0
2019-11-26 16:00:00+00:00,17,3,34,0,0.0
2019-11-26 16:00:00+00:00,18,1,17,1,34.000000000000064
2019-11-26 16:00:00+00:00,18,2,28,1,34.000000000000064
2019-11-26 16:00:00+00:00,18,3,22,0,0.0
2019-11-26 16:00:00+00:00,19,2,16,0,0.0
2019-11-26 16:00:00+00:00,19,3,27,0,0.0
2019-11-26 16:00:00+00:00,20,1,26,0,0.0
2019-11-26 16:00:00+00:00,20,2,19,0,0.0
2019-11-26 16:00:00+00:00,20,3,10,0,0.0
2019-11-26 16:00:00+00:00,21,1,16,0,0.0
2019-11-26 16:00:00+00:00,21,2,19,0,0.0
2019-11-26 16:00:00+00:00,21,3,24,0,0.0
2019-11-26 16:00:00+00:00,22,1,32,0,0.0
2019-11-26 16:00:00+00:00,22,2,30,0,0.0
2019-11-26 16:00:00+00:00,22,3,12,0,0.0
2019-11-26 16:00:00+00:00,23,1,16,0,0.0
2019-11-26 16:00:00+00:00,23,2,15,0,0.0
2019-11-26 16:00:00+00:00,23,3,9,0,0.0
2019-11-26 16:00:00+00:00,24,1,17,0,0.0
2019-11-26 16:00:00+00:00,24,2,28,0,0.0
2019-11-26 16:00:00+00:00,25,1,9,0,0.0
2019-11-26 16:00:00+00:00,25,2,28,0,0.0
2019-11-26 16:00:00+00:00,26,1,9,1,34.000000000000064
2019-11-26 16:00:00+00:00,26,2,45,0,0.0
2019-11-26 16:00:00+00:00,26,3,42,1,34.000000000000064
2019-11-26 16:00:00+00:00,27,1,12,0,0.0
2019-11-26 16:00:00+00:00,27,2,24,0,0.0
2019-11-26 16:00:00+00:00,27,3,22,0,0.0
2019-11-26 16:00:00+00:00,28,1,15,0,0.0
2019-11-26 16:00:00+00:00,28,2,28,0,0.0
2019-11-26 16:00:00+00:00,28,3,7,0,0.0
2019-11-26 16:00:00+00:00,29,1,29,0,0.0
2019-11-26 16:00:00+00:00,29,2,17,0,0.0
2019-11-26 16:00:00+00:00,29,3,21,0,0.0
2019-11-26 16:00:00+00:00,30,1,19,0,0.0
2019-11-26 16:00:00+00:00,30,2,12,0,0.0
2019-11-26 16:00:00+00:00,30,3,20,0,0.0
2019-11-26 16:00:00+00:00,31,1,28,0,0.0
2019-11-26 16:00:00+00:00,31,2,8,0,0.0
2019-11-26 16:00:00+00:00,31,3,17,2,68.00000000000013
2019-11-26 16:00:00+00:00,32,1,18,0,0.0
2019-11-26 16:00:00+00:00,32,2,26,0,0.0
2019-11-26 16:00:00+00:00,32,3,4,0,0.0
2019-11-26 16:00:00+00:00,33,1,24,0,0.0
2019-11-26 16:00:00+00:00,33,3,26,0,0.0
2019-11-26 17:00:00+00:00,0,1,7,0,0.0
2019-11-26 17:00:00+00:00,0,2,13,0,0.0
2019-11-26 17:00:00+00:00,0,3,5,0,0.0
2019-11-26 17:00:00+00:00,1,1,5,0,0.0
2019-11-26 17:00:00+00:00,1,2,11,0,0.0
2019-11-26 17:00:00+00:00,1,3,12,0,0.0
2019-11-26 17:00:00+00:00,2,1,10,0,0.0
2019-11-26 17:00:00+00:00,2,2,21,0,0.0
2019-11-26 17:00:00+00:00,2,3,5,0,0.0
2019-11-26 17:00:00+00:00,3,1,6,0,0.0
2019-11-26 17:00:00+00:00,3,2,2,0,0.0
2019-11-26 17:00:00+00:00,3,3,9,0,0.0
2019-11-26 17:00:00+00:00,4,1,13,0,0.0
2019-11-26 17:00:00+00:00,4,2,33,1,34.000000000000064
2019-11-26 17:00:00+00:00,4,3,24,0,0.0
2019-11-26 17:00:00+00:00,5,1,10,0,0.0
2019-11-26 17:00:00+00:00,5,3,26,0,0.0
2019-11-26 17:00:00+00:00,6,1,32,0,0.0
2019-11-26 17:00:00+00:00,6,2,12,0,0.0
2019-11-26 17:00:00+00:00,7,1,12,0,0.0
2019-11-26 17:00:00+00:00,7,2,12,0,0.0
2019-11-26 17:00:00+00:00,7,3,14,0,0.0
2019-11-26 17:00:00+00:00,8,1,9,0,0.0
2019-11-26 17:00:00+00:00,8,3,17,0,0.0
2019-11-26 17:00:00+00:00,9,1,5,0,0.0
2019-11-26 17:00:00+00:00,9,2,20,1,34.000000000000064
2019-11-26 17:00:00+00:00,9,3,14,0,0.0
2019-11-26 17:00:00+00:00,10,1,4,0,0.0
2019-11-26 17:00:00+00:00,10,2,5,0,0.0
2019-11-26 17:00:00+00:00,10,3,1,0,0.0
2019-11-26 17:00:00+00:00,11,1,3,0,0.0
2019-11-26 17:00:00+00:00,11,2,19,5,170.0000000000003
2019-11-26 17:00:00+00:00,11,3,8,0,0.0
2019-11-26 17:00:00+00:00,12,1,4,0,0.0
2019-11-26 17:00:00+00:00,12,2,3,0,0.0
2019-11-26 17:00:00+00:00,12,3,15,0,0.0
2019-11-26 17:00:00+00:00,13,1,14,0,0.0
2019-11-26 17:00:00+00:00,13,2,16,0,0.0
2019-11-26 17:00:00+00:00,13,3,9,0,0.0
2019-11-26 17:00:00+00:00,14,1,15,0,0.0
2019-11-26 17:00:00+00:00,14,2,1,0,0.0
2019-11-26 17:00:00+00:00,14,3,16,0,0.0
2019-11-26 17:00:00+00:00,15,1,17,0,0.0
2019-11-26 17:00:00+00:00,15,2,8,0,0.0
2019-11-26 17:00:00+00:00,15,3,8,0,0.0
2019-11-26 17:00:00+00:00,16,2,7,0,0.0
2019-11-26 17:00:00+00:00,16,3,16,0,0.0
2019-11-26 17:00:00+00:00,17,1,4,0,0.0
2019-11-26 17:00:00+00:00,17,2,9,1,34.000000000000064
2019-11-26 17:00:00+00:00,17,3,8,0,0.0
2019-11-26 17:00:00+00:00,18,1,16,0,0.0
2019-11-26 17:00:00+00:00,18,2,9,0,0.0
2019-11-26 17:00:00+00:00,18,3,5,0,0.0
2019-11-26 17:00:00+00:00,19,1,8,0,0.0
2019-11-26 17:00:00+00:00,19,2,4,0,0.0
2019-11-26 17:00:00+00:00,20,1,26,5,170.0000000000003
2019-11-26 17:00:00+00:00,20,2,12,0,0.0
2019-11-26 17:00:00+00:00,20,3,5,0,0.0
2019-11-26 17:00:00+00:00,21,1,27,0,0.0
2019-11-26 17:00:00+00:00,21,3,2,0,0.0
2019-11-26 17:00:00+00:00,22,1,6,0,0.0
2019-11-26 17:00:00+00:00,22,2,4,0,0.0
2019-11-26 17:00:00+00:00,23,1,13,0,0.0
2019-11-26 17:00:00+00:00,23,3,6,2,68.00000000000013
2019-11-26 17:00:00+00:00,24,1,17,0,0.0
2019-11-26 17:00:00+00:00,24,2,22,0,0.0
2019-11-26 17:00:00+00:00,24,3,20,0,0.0
2019-11-26 17:00:00+00:00,25,1,11,0,0.0
2019-11-26 17:00:00+00:00,25,2,23,0,0.0
2019-11-26 17:00:00+00:00,25,3,32,5,170.0000000000003
2019-11-26 17:00:00+00:00,26,1,12,0,0.0
2019-11-26 17:00:00+00:00,26,2,7,0,0.0
2019-11-26 17:00:00+00:00,26,3,8,0,0.0
2019-11-26 17:00:00+00:00,27,1,11,0,0.0
2019-11-26 17:00:00+00:00,27,3,25,0,0.0
2019-11-26 17:00:00+00:00,28,1,28,1,34.000000000000064
2019-11-26 17:00:00+00:00,28,2,18,0,0.0
2019-11-26 17:00:00+00:00,29,1,13,0,0.0
2019-11-26 17:00:00+00:00,29,2,5,0,0.0
2019-11-26 17:00:00+00:00,29,3,10,0,0.0
2019-11-26 17:00:00+00:00,30,2,14,0,0.0
2019-11-26 17:00:00+00:00,30,3,12,0,0.0
2019-11-26 17:00:00+00:00,31,1,7,0,0.0
2019-11-26 17:00:00+00:00,31,2,29,0,0.0
2019-11-26 17:00:00+00:00,31,3,4,0,0.0
2019-11-26 17:00:00+00:00,32,1,4,0,0.0
2019-11-26 17:00:00+00:00,32,2,13,0,0.0
2019-11-26 17:00:00+00:00,32,3,27,0,0.0
2019-11-26 17:00:00+00:00,33,1,3,1,34.000000000000064
2019-11-26 17:00:00+00:00,33,2,20,0,0.0
2019-11-26 17:00:00+00:00,33,3,9,0,0.0
2019-11-26 18:00:00+00:00,0,1,7,0,0.0
2019-11-26 18:00:00+00:00,0,2,9,0,0.0
2019-11-26 18:00:00+00:00,0,3,6,0,0.0
2019-11-26 18:00:00+00:00,1,1,5,0,0.0
2019-11-26 18:00:00+00:00,1,2,3,0,0.0
2019-11-26 18:00:00+00:00,2,2,5,0,0.0
2019-11-26 18:00:00+00:00,2,3,13,0,0.0
2019-11-26 18:00:00+00:00,3,1,8,0,0.0
2019-11-26 18:00:00+00:00,3,2,14,0,0.0
2019-11-26 18:00:00+00:00,3,3,9,0,0.0
2019-11-26 18:00:00+00:00,4,2,14,0,0.0
2019-11-26 18:00:00+00:00,4,3,5,0,0.0
2019-11-26 18:00:00+00:00,5,1,5,0,0.0
2019-11-26 18:00:00+00:00,5,2,6,0,0.0
2019-11-26 18:00:00+00:00,5,3,4,0,0.0
2019-11-26 18:00:00+00:00,6,2,5,0,0.0
2019-11-26 18:00:00+00:00,6,3,9,0,0.0
2019-11-26 18:00:00+00:00,7,1,3,0,0.0
2019-11-26 18:00:00+00:00,7,2,14,0,0.0
2019-11-26 18:00:00+00:00,7,3,7,0,0.0
2019-11-26 18:00:00+00:00,8,1,12,0,0.0
2019-11-26 18:00:00+00:00,8,2,1,0,0.0
2019-11-26 18:00:00+00:00,8,3,2,0,0.0
2019-11-26 18:00:00+00:00,9,1,4,0,0.0
2019-11-26 18:00:00+00:00,9,2,7,0,0.0
2019-11-26 18:00:00+00:00,9,3,7,0,0.0
2019-11-26 18:00:00+00:00,10,3,10,0,0.0
2019-11-26 18:00:00+00:00,11,1,3,0,0.0
2019-11-26 18:00:00+00:00,11,2,11,0,0.0
2019-11-26 18:00:00+00:00,11,3,6,0,0.0
2019-11-26 18:00:00+00:00,12,1,14,0,0.0
2019-11-26 18:00:00+00:00,12,3,24,0,0.0
2019-11-26 18:00:00+00:00,13,1,2,0,0.0
2019-11-26 18:00:00+00:00,13,2,5,0,0.0
2019-11-26 18:00:00+00:00,13,3,8,0,0.0
2019-11-26 18:00:00+00:00,14,1,3,0,0.0
2019-11-26 18:00:00+00:00,14,2,2,0,0.0
2019-11-26 18:00:00+00:00,14,3,7,0,0.0
2019-11-26 18:00:00+00:00,15,1,5,0,0.0
2019-11-26 18:00:00+00:00,15,2,9,0,0.0
2019-11-26 18:00:00+00:00,15,3,10,0,0.0
2019-11-26 18:00:00+00:00,16,2,6,0,0.0
2019-11-26 18:00:00+00:00,16,3,15,0,0.0
2019-11-26 18:00:00+00:00,17,1,25,0,0.0
2019-11-26 18:00:00+00:00,17,2,1,0,0.0
2019-11-26 18:00:00+00:00,17,3,6,0,0.0
2019-11-26 18:00:00+00:00,18,1,17,0,0.0
2019-11-26 18:00:00+00:00,18,2,10,0,0.0
2019-11-26 18:00:00+00:00,18,3,1,0,0.0
2019-11-26 18:00:00+00:00,19,1,13,0,0.0
2019-11-26 18:00:00+00:00,19,2,15,0,0.0
2019-11-26 18:00:00+00:00,19,3,12,0,0.0
2019-11-26 18:00:00+00:00,20,1,10,0,0.0
2019-11-26 18:00:00+00:00,20,2,5,0,0.0
2019-11-26 18:00:00+00:00,21,1,18,0,0.0
2019-11-26 18:00:00+00:00,21,2,9,0,0.0
2019-11-26 18:00:00+00:00,21,3,13,0,0.0
2019-11-26 18:00:00+00:00,22,1,6,0,0.0
2019-11-26 18:00:00+00:00,22,2,9,0,0.0
2019-11-26 18:00:00+00:00,22,3,7,0,0.0
2019-11-26 18:00:00+00:00,23,1,14,0,0.0
2019-11-26 18:00:00+00:00,23,2,3,0,0.0
2019-11-26 18:00:00+00:00,24,1,13,0,0.0
2019-11-26 18:00:00+00:00,24,2,12,0,0.0
2019-11-26 18:00:00+00:00,24,3,5,0,0.0
2019-11-26 18:00:00+00:00,25,1,8,0,0.0
2019-11-26 18:00:00+00:00,25,2,14,0,0.0
2019-11-26 18:00:00+00:00,26,1,14,0,0.0
2019-11-26 18:00:00+00:00,26,2,2,0,0.0
2019-11-26 18:00:00+00:00,26,3,14,0,0.0
2019-11-26 18:00:00+00:00,27,1,3,0,0.0
2019-11-26 18:00:00+00:00,27,2,8,0,0.0
2019-11-26 18:00:00+00:00,27,3,1,0,0.0
2019-11-26 18:00:00+00:00,28,1,11,0,0.0
2019-11-26 18:00:00+00:00,28,2,5,0,0.0
2019-11-26 18:00:00+00:00,29,1,3,0,0.0
2019-11-26 18:00:00+00:00,29,2,10,0,0.0
2019-11-26 18:00:00+00:00,29,3,5,0,0.0
2019-11-26 18:00:00+00:00,30,1,5,0,0.0
2019-11-26 18:00:00+00:00,30,2,9,0,0.0
2019-11-26 18:00:00+00:00,30,3,11,0,0.0
2019-11-26 18:00:00+00:00,31,1,9,0,0.0
2019-11-26 18:00:00+00:00,31,2,14,0,0.0
2019-11-26 18:00:00+00:00,31,3,11,0,0.0
2019-11-26 18:00:00+00:00,32,1,1,0,0.0
2019-11-26 18:00:00+00:00,32,3,14,0,0.0
2019-11-26 18:00:00+00:00,33,1,1,0,0.0
2019-11-26 18:00:00+00:00,33,2,5,0,0.0
2019-11-26 19:00:00+00:00,0,2,2,0,0.0
2019-11-26 19:00:00+00:00,0,3,5,0,0.0
2019-11-26 19:00:00+00:00,1,1,4,0,0.0
2019-11-26 19:00:00+00:00,1,2,8,0,0.0
2019-11-26 19:00:00+00:00,2,1,11,0,0.0
2019-11-26 19:00:00+00:00,2,2,14,0,0.0
2019-11-26 19:00:00+00:00,2,3,3,0,0.0
2019-11-26 19:00:00+00:00,3,1,2,0,0.0
2019-11-26 19:00:00+00:00,3,3,6,0,0.0
2019-11-26 19:00:00+00:00,4,1,2,0,0.0
2019-11-26 19:00:00+00:00,4,2,2,0,0.0
2019-11-26 19:00:00+00:00,4,3,5,0,0.0
2019-11-26 19:00:00+00:00,5,2,10,0,0.0
2019-11-26 19:00:00+00:00,5,3,4,0,0.0
2019-11-26 19:00:00+00:00,6,1,7,0,0.0
2019-11-26 19:00:00+00:00,6,2,2,0,0.0
2019-11-26 19:00:00+00:00,7,3,7,0,0.0
2019-11-26 19:00:00+00:00,8,1,4,0,0.0
2019-11-26 19:00:00+00:00,8,2,10,0,0.0
2019-11-26 19:00:00+00:00,8,3,14,0,0.0
2019-11-26 19:00:00+00:00,9,1,16,0,0.0
2019-11-26 19:00:00+00:00,9,2,8,0,0.0
2019-11-26 19:00:00+00:00,10,1,6,0,0.0
2019-11-26 19:00:00+00:00,10,2,5,0,0.0
2019-11-26 19:00:00+00:00,10,3,3,0,0.0
2019-11-26 19:00:00+00:00,11,1,11,0,0.0
2019-11-26 19:00:00+00:00,11,2,9,0,0.0
2019-11-26 19:00:00+00:00,11,3,4,0,0.0
2019-11-26 19:00:00+00:00,12,1,6,1,34.000000000000064
2019-11-26 19:00:00+00:00,12,2,6,0,0.0
2019-11-26 19:00:00+00:00,12,3,5,0,0.0
2019-11-26 19:00:00+00:00,13,1,3,0,0.0
2019-11-26 19:00:00+00:00,13,2,13,0,0.0
2019-11-26 19:00:00+00:00,13,3,23,0,0.0
2019-11-26 19:00:00+00:00,14,1,8,0,0.0
2019-11-26 19:00:00+00:00,14,2,10,0,0.0
2019-11-26 19:00:00+00:00,14,3,7,0,0.0
2019-11-26 19:00:00+00:00,15,1,12,0,0.0
2019-11-26 19:00:00+00:00,15,3,1,0,0.0
2019-11-26 19:00:00+00:00,16,1,8,0,0.0
2019-11-26 19:00:00+00:00,16,2,3,0,0.0
2019-11-26 19:00:00+00:00,16,3,2,0,0.0
2019-11-26 19:00:00+00:00,17,1,1,0,0.0
2019-11-26 19:00:00+00:00,17,2,4,0,0.0
2019-11-26 19:00:00+00:00,18,1,2,0,0.0
2019-11-26 19:00:00+00:00,18,2,3,0,0.0
2019-11-26 19:00:00+00:00,18,3,4,0,0.0
2019-11-26 19:00:00+00:00,19,1,2,0,0.0
2019-11-26 19:00:00+00:00,19,2,5,0,0.0
2019-11-26 19:00:00+00:00,19,3,4,0,0.0
2019-11-26 19:00:00+00:00,20,1,7,0,0.0
2019-11-26 19:00:00+00:00,20,2,2,0,0.0
2019-11-26 19:00:00+00:00,20,3,8,0,0.0
2019-11-26 19:00:00+00:00,21,1,5,0,0.0
2019-11-26 19:00:00+00:00,21,2,16,0,0.0
2019-11-26 19:00:00+00:00,21,3,1,0,0.0
2019-11-26 19:00:00+00:00,22,2,5,0,0.0
2019-11-26 19:00:00+00:00,22,3,9,0,0.0
2019-11-26 19:00:00+00:00,23,1,5,0,0.0
2019-11-26 19:00:00+00:00,23,2,7,0,0.0
2019-11-26 19:00:00+00:00,23,3,9,0,0.0
2019-11-26 19:00:00+00:00,24,1,15,0,0.0
2019-11-26 19:00:00+00:00,24,2,5,0,0.0
2019-11-26 19:00:00+00:00,24,3,6,0,0.0
2019-11-26 19:00:00+00:00,25,1,1,0,0.0
2019-11-26 19:00:00+00:00,25,3,7,0,0.0
2019-11-26 19:00:00+00:00,26,1,7,0,0.0
2019-11-26 19:00:00+00:00,26,2,1,0,0.0
2019-11-26 19:00:00+00:00,26,3,4,0,0.0
2019-11-26 19:00:00+00:00,27,1,2,0,0.0
2019-11-26 19:00:00+00:00,27,3,11,0,0.0
2019-11-26 19:00:00+00:00,28,2,10,0,0.0
2019-11-26 19:00:00+00:00,28,3,9,0,0.0
2019-11-26 19:00:00+00:00,29,1,3,0,0.0
2019-11-26 19:00:00+00:00,29,2,2,0,0.0
2019-11-26 19:00:00+00:00,30,1,3,0,0.0
2019-11-26 19:00:00+00:00,30,3,9,0,0.0
2019-11-26 19:00:00+00:00,31,1,13,0,0.0
2019-11-26 19:00:00+00:00,31,3,1,0,0.0
2019-11-26 19:00:00+00:00,32,1,6,0,0.0
2019-11-26 19:00:00+00:00,32,2,6,1,34.000000000000064
2019-11-26 19:00:00+00:00,32,3,4,0,0.0
2019-11-26 19:00:00+00:00,33,1,3,0,0.0
2019-11-26 19:00:00+00:00,33,2,7,0,0.0
2019-11-26 20:00:00+00:00,0,2,4,0,0.0
2019-11-26 20:00:00+00:00,0,3,18,0,0.0
2019-11-26 20:00:00+00:00,1,1,6,0,0.0
2019-11-26 20:00:00+00:00,1,3,4,0,0.0
2019-11-26 20:00:00+00:00,2,1,4,0,0.0
2019-11-26 20:00:00+00:00,2,2,9,0,0.0
2019-11-26 20:00:00+00:00,3,1,8,0,0.0
2019-11-26 20:00:00+00:00,3,3,12,0,0.0
2019-11-26 20:00:00+00:00,4,1,2,0,0.0
2019-11-26 20:00:00+00:00,4,2,8,0,0.0
2019-11-26 20:00:00+00:00,4,3,17,0,0.0
2019-11-26 20:00:00+00:00,5,1,12,0,0.0
2019-11-26 20:00:00+00:00,5,2,10,0,0.0
2019-11-26 20:00:00+00:00,6,2,2,0,0.0
2019-11-26 20:00:00+00:00,6,3,3,0,0.0
2019-11-26 20:00:00+00:00,7,1,13,0,0.0
2019-11-26 20:00:00+00:00,7,2,10,0,0.0
2019-11-26 20:00:00+00:00,7,3,6,0,0.0
2019-11-26 20:00:00+00:00,8,1,23,0,0.0
2019-11-26 20:00:00+00:00,8,2,7,0,0.0
2019-11-26 20:00:00+00:00,8,3,6,0,0.0
2019-11-26 20:00:00+00:00,9,1,2,0,0.0
2019-11-26 20:00:00+00:00,9,2,10,0,0.0
2019-11-26 20:00:00+00:00,9,3,5,0,0.0
2019-11-26 20:00:00+00:00,10,1,9,0,0.0
2019-11-26 20:00:00+00:00,10,3,4,0,0.0
2019-11-26 20:00:00+00:00,11,1,6,0,0.0
2019-11-26 20:00:00+00:00,11,2,2,0,0.0
2019-11-26 20:00:00+00:00,11,3,11,0,0.0
2019-11-26 20:00:00+00:00,12,1,11,0,0.0
2019-11-26 20:00:00+00:00,12,3,16,1,34.000000000000064
2019-11-26 20:00:00+00:00,13,2,9,0,0.0
2019-11-26 20:00:00+00:00,13,3,13,0,0.0
2019-11-26 20:00:00+00:00,14,1,4,0,0.0
2019-11-26 20:00:00+00:00,15,2,9,1,34.000000000000064
2019-11-26 20:00:00+00:00,15,3,2,0,0.0
2019-11-26 20:00:00+00:00,16,1,9,0,0.0
2019-11-26 20:00:00+00:00,16,2,2,0,0.0
2019-11-26 20:00:00+00:00,16,3,11,0,0.0
2019-11-26 20:00:00+00:00,17,1,16,0,0.0
2019-11-26 20:00:00+00:00,17,2,1,0,0.0
2019-11-26 20:00:00+00:00,17,3,3,0,0.0
2019-11-26 20:00:00+00:00,18,1,7,0,0.0
2019-11-26 20:00:00+00:00,18,2,3,0,0.0
2019-11-26 20:00:00+00:00,18,3,1,0,0.0
2019-11-26 20:00:00+00:00,19,1,6,0,0.0
2019-11-26 20:00:00+00:00,19,2,4,0,0.0
2019-11-26 20:00:00+00:00,19,3,5,0,0.0
2019-11-26 20:00:00+00:00,20,1,6,0,0.0
2019-11-26 20:00:00+00:00,20,3,2,0,0.0
2019-11-26 20:00:00+00:00,21,1,6,0,0.0
2019-11-26 20:00:00+00:00,21,2,5,0,0.0
2019-11-26 20:00:00+00:00,21,3,3,0,0.0
2019-11-26 20:00:00+00:00,22,1,7,0,0.0
2019-11-26 20:00:00+00:00,22,2,13,0,0.0
2019-11-26 20:00:00+00:00,23,1,2,0,0.0
2019-11-26 20:00:00+00:00,23,2,1,0,0.0
2019-11-26 20:00:00+00:00,24,1,5,0,0.0
2019-11-26 20:00:00+00:00,24,2,1,0,0.0
2019-11-26 20:00:00+00:00,24,3,8,0,0.0
2019-11-26 20:00:00+00:00,25,1,1,0,0.0
2019-11-26 20:00:00+00:00,25,3,9,0,0.0
2019-11-26 20:00:00+00:00,26,2,7,0,0.0
2019-11-26 20:00:00+00:00,26,3,9,0,0.0
2019-11-26 20:00:00+00:00,27,1,3,0,0.0
2019-11-26 20:00:00+00:00,27,2,15,0,0.0
2019-11-26 20:00:00+00:00,27,3,3,0,0.0
2019-11-26 20:00:00+00:00,28,1,3,0,0.0
2019-11-26 20:00:00+00:00,28,2,14,0,0.0
2019-11-26 20:00:00+00:00,28,3,3,0,0.0
2019-11-26 20:00:00+00:00,29,1,4,0,0.0
2019-11-26 20:00:00+00:00,29,2,14,0,0.0
2019-11-26 20:00:00+00:00,29,3,5,0,0.0
2019-11-26 20:00:00+00:00,30,2,11,0,0.0
2019-11-26 20:00:00+00:00,31,1,13,0,0.0
2019-11-26 20:00:00+00:00,31,2,3,0,0.0
2019-11-26 20:00:00+00:00,31,3,1,0,0.0
2019-11-26 20:00:00+00:00,32,1,6,0,0.0
2019-11-26 20:00:00+00:00,32,2,7,0,0.0
2019-11-26 20:00:00+00:00,32,3,3,0,0.0
2019-11-26 20:00:00+00:00,33,2,13,0,0.0
2019-11-26 20:00:00+00:00,33,3,11,0,0.0
2019-11-26 21:00:00+00:00,0,2,39,0,0.0
2019-11-26 21:00:00+00:00,1,1,4,0,0.0
2019-11-26 21:00:00+00:00,1,2,14,0,0.0
2019-11-26 21:00:00+00:00,2,1,2,0,0.0
2019-11-26 21:00:00+00:00,2,2,21,0,0.0
2019-11-26 21:00:00+00:00,2,3,12,0,0.0
2019-11-26 21:00:00+00:00,3,1,16,0,0.0
2019-11-26 21:00:00+00:00,3,2,10,0,0.0
2019-11-26 21:00:00+00:00,3,3,2,0,0.0
2019-11-26 21:00:00+00:00,4,2,12,0,0.0
2019-11-26 21:00:00+00:00,4,3,3,0,0.0
2019-11-26 21:00:00+00:00,5,1,28,0,0.0
2019-11-26 21:00:00+00:00,5,3,16,0,0.0
2019-11-26 21:00:00+00:00,6,1,3,0,0.0
2019-11-26 21:00:00+00:00,6,2,7,0,0.0
2019-11-26 21:00:00+00:00,6,3,13,0,0.0
2019-11-26 21:00:00+00:00,7,1,1,0,0.0
2019-11-26 21:00:00+00:00,7,2,9,0,0.0
2019-11-26 21:00:00+00:00,7,3,6,0,0.0
2019-11-26 21:00:00+00:00,8,1,26,0,0.0
2019-11-26 21:00:00+00:00,8,2,19,0,0.0
2019-11-26 21:00:00+00:00,8,3,6,0,0.0
2019-11-26 21:00:00+00:00,9,1,12,0,0.0
2019-11-26 21:00:00+00:00,9,2,6,0,0.0
2019-11-26 21:00:00+00:00,9,3,4,0,0.0
2019-11-26 21:00:00+00:00,10,1,22,0,0.0
2019-11-26 21:00:00+00:00,10,2,12,0,0.0
2019-11-26 21:00:00+00:00,10,3,9,0,0.0
2019-11-26 21:00:00+00:00,11,1,11,0,0.0
2019-11-26 21:00:00+00:00,11,3,18,0,0.0
2019-11-26 21:00:00+00:00,12,1,17,0,0.0
2019-11-26 21:00:00+00:00,12,2,6,0,0.0
2019-11-26 21:00:00+00:00,12,3,5,0,0.0
2019-11-26 21:00:00+00:00,13,1,12,0,0.0
2019-11-26 21:00:00+00:00,13,2,6,0,0.0
2019-11-26 21:00:00+00:00,13,3,4,0,0.0
2019-11-26 21:00:00+00:00,14,1,19,0,0.0
2019-11-26 21:00:00+00:00,14,2,6,0,0.0
2019-11-26 21:00:00+00:00,14,3,8,0,0.0
2019-11-26 21:00:00+00:00,15,1,10,0,0.0
2019-11-26 21:00:00+00:00,15,2,7,0,0.0
2019-11-26 21:00:00+00:00,15,3,15,0,0.0
2019-11-26 21:00:00+00:00,16,1,13,0,0.0
2019-11-26 21:00:00+00:00,16,2,11,0,0.0
2019-11-26 21:00:00+00:00,16,3,6,0,0.0
2019-11-26 21:00:00+00:00,17,3,17,0,0.0
2019-11-26 21:00:00+00:00,18,1,7,0,0.0
2019-11-26 21:00:00+00:00,18,2,10,0,0.0
2019-11-26 21:00:00+00:00,18,3,12,0,0.0
2019-11-26 21:00:00+00:00,19,3,8,0,0.0
2019-11-26 21:00:00+00:00,20,1,18,0,0.0
2019-11-26 21:00:00+00:00,20,2,6,0,0.0
2019-11-26 21:00:00+00:00,20,3,10,0,0.0
2019-11-26 21:00:00+00:00,21,1,10,0,0.0
2019-11-26 21:00:00+00:00,21,2,18,0,0.0
2019-11-26 21:00:00+00:00,21,3,14,0,0.0
2019-11-26 21:00:00+00:00,22,1,4,0,0.0
2019-11-26 21:00:00+00:00,22,3,5,0,0.0
2019-11-26 21:00:00+00:00,23,1,2,0,0.0
2019-11-26 21:00:00+00:00,23,2,8,0,0.0
2019-11-26 21:00:00+00:00,23,3,9,0,0.0
2019-11-26 21:00:00+00:00,24,2,23,0,0.0
2019-11-26 21:00:00+00:00,24,3,9,0,0.0
2019-11-26 21:00:00+00:00,25,1,14,0,0.0
2019-11-26 21:00:00+00:00,25,3,18,0,0.0
2019-11-26 21:00:00+00:00,26,1,25,0,0.0
2019-11-26 21:00:00+00:00,26,2,11,0,0.0
2019-11-26 21:00:00+00:00,27,1,2,0,0.0
2019-11-26 21:00:00+00:00,27,2,4,0,0.0
2019-11-26 21:00:00+00:00,27,3,4,0,0.0
2019-11-26 21:00:00+00:00,28,1,4,0,0.0
2019-11-26 21:00:00+00:00,28,2,17,0,0.0
2019-11-26 21:00:00+00:00,28,3,32,0,0.0
2019-11-26 21:00:00+00:00,29,1,3,0,0.0
2019-11-26 21:00:00+00:00,29,2,6,0,0.0
2019-11-26 21:00:00+00:00,30,1,14,0,0.0
2019-11-26 21:00:00+00:00,30,2,10,0,0.0
2019-11-26 21:00:00+00:00,30,3,8,0,0.0
2019-11-26 21:00:00+00:00,31,1,9,0,0.0
2019-11-26 21:00:00+00:00,31,2,15,0,0.0
2019-11-26 21:00:00+00:00,31,3,17,0,0.0
2019-11-26 21:00:00+00:00,32,1,6,0,0.0
2019-11-26 21:00:00+00:00,32,3,38,0,0.0
2019-11-26 21:00:00+00:00,33,1,14,0,0.0
2019-11-26 21:00:00+00:00,33,2,15,0,0.0
2019-11-26 22:00:00+00:00,0,1,28,0,0.0
2019-11-26 22:00:00+00:00,0,2,9,0,0.0
2019-11-26 22:00:00+00:00,0,3,6,0,0.0
2019-11-26 22:00:00+00:00,1,2,7,0,0.0
2019-11-26 22:00:00+00:00,1,3,14,0,0.0
2019-11-26 22:00:00+00:00,2,1,11,0,0.0
2019-11-26 22:00:00+00:00,2,2,10,0,0.0
2019-11-26 22:00:00+00:00,2,3,15,0,0.0
2019-11-26 22:00:00+00:00,3,1,9,0,0.0
2019-11-26 22:00:00+00:00,3,2,20,0,0.0
2019-11-26 22:00:00+00:00,3,3,22,0,0.0
2019-11-26 22:00:00+00:00,4,2,41,0,0.0
2019-11-26 22:00:00+00:00,4,3,23,0,0.0
2019-11-26 22:00:00+00:00,5,1,26,0,0.0
2019-11-26 22:00:00+00:00,5,2,8,0,0.0
2019-11-26 22:00:00+00:00,5,3,14,0,0.0
2019-11-26 22:00:00+00:00,6,1,13,0,0.0
2019-11-26 22:00:00+00:00,6,2,23,0,0.0
2019-11-26 22:00:00+00:00,6,3,21,0,0.0
2019-11-26 22:00:00+00:00,7,1,34,0,0.0
2019-11-26 22:00:00+00:00,7,2,29,0,0.0
2019-11-26 22:00:00+00:00,7,3,21,0,0.0
2019-11-26 22:00:00+00:00,8,1,15,0,0.0
2019-11-26 22:00:00+00:00,8,2,18,0,0.0
2019-11-26 22:00:00+00:00,9,1,19,0,0.0
2019-11-26 22:00:00+00:00,9,3,12,0,0.0
2019-11-26 22:00:00+00:00,10,1,22,0,0.0
2019-11-26 22:00:00+00:00,10,2,27,0,0.0
2019-11-26 22:00:00+00:00,10,3,11,0,0.0
2019-11-26 22:00:00+00:00,11,2,21,0,0.0
2019-11-26 22:00:00+00:00,11,3,34,3,102.0000000000002
2019-11-26 22:00:00+00:00,12,1,21,0,0.0
2019-11-26 22:00:00+00:00,12,2,12,0,0.0
2019-11-26 22:00:00+00:00,12,3,12,0,0.0
2019-11-26 22:00:00+00:00,13,1,12,0,0.0
2019-11-26 22:00:00+00:00,13,2,25,0,0.0
2019-11-26 22:00:00+00:00,13,3,10,0,0.0
2019-11-26 22:00:00+00:00,14,1,32,0,0.0
2019-11-26 22:00:00+00:00,14,2,21,2,68.00000000000013
2019-11-26 22:00:00+00:00,14,3,24,0,0.0
2019-11-26 22:00:00+00:00,15,1,47,0,0.0
2019-11-26 22:00:00+00:00,15,2,8,0,0.0
2019-11-26 22:00:00+00:00,15,3,6,0,0.0
2019-11-26 22:00:00+00:00,16,1,8,0,0.0
2019-11-26 22:00:00+00:00,16,2,6,0,0.0
2019-11-26 22:00:00+00:00,16,3,27,0,0.0
2019-11-26 22:00:00+00:00,17,1,16,0,0.0
2019-11-26 22:00:00+00:00,17,2,38,2,68.00000000000013
2019-11-26 22:00:00+00:00,17,3,4,0,0.0
2019-11-26 22:00:00+00:00,18,1,8,0,0.0
2019-11-26 22:00:00+00:00,18,2,26,0,0.0
2019-11-26 22:00:00+00:00,18,3,5,0,0.0
2019-11-26 22:00:00+00:00,19,1,11,0,0.0
2019-11-26 22:00:00+00:00,19,2,26,0,0.0
2019-11-26 22:00:00+00:00,19,3,14,0,0.0
2019-11-26 22:00:00+00:00,20,1,17,0,0.0
2019-11-26 22:00:00+00:00,20,2,17,0,0.0
2019-11-26 22:00:00+00:00,20,3,2,0,0.0
2019-11-26 22:00:00+00:00,21,1,17,0,0.0
2019-11-26 22:00:00+00:00,21,2,3,0,0.0
2019-11-26 22:00:00+00:00,21,3,18,0,0.0
2019-11-26 22:00:00+00:00,22,1,13,0,0.0
2019-11-26 22:00:00+00:00,22,2,6,0,0.0
2019-11-26 22:00:00+00:00,22,3,15,0,0.0
2019-11-26 22:00:00+00:00,23,2,19,0,0.0
2019-11-26 22:00:00+00:00,23,3,27,0,0.0
2019-11-26 22:00:00+00:00,24,2,8,0,0.0
2019-11-26 22:00:00+00:00,24,3,11,0,0.0
2019-11-26 22:00:00+00:00,25,1,23,0,0.0
2019-11-26 22:00:00+00:00,25,2,14,0,0.0
2019-11-26 22:00:00+00:00,25,3,25,2,68.00000000000013
2019-11-26 22:00:00+00:00,26,1,13,0,0.0
2019-11-26 22:00:00+00:00,26,2,4,0,0.0
2019-11-26 22:00:00+00:00,26,3,16,0,0.0
2019-11-26 22:00:00+00:00,27,1,5,0,0.0
2019-11-26 22:00:00+00:00,27,2,15,0,0.0
2019-11-26 22:00:00+00:00,27,3,20,0,0.0
2019-11-26 22:00:00+00:00,28,1,2,0,0.0
2019-11-26 22:00:00+00:00,28,2,15,0,0.0
2019-11-26 22:00:00+00:00,28,3,18,2,68.00000000000013
2019-11-26 22:00:00+00:00,29,1,29,0,0.0
2019-11-26 22:00:00+00:00,29,2,14,0,0.0
2019-11-26 22:00:00+00:00,30,1,10,0,0.0
2019-11-26 22:00:00+00:00,30,2,8,0,0.0
2019-11-26 22:00:00+00:00,30,3,8,0,0.0
2019-11-26 22:00:00+00:00,31,1,31,0,0.0
2019-11-26 22:00:00+00:00,31,2,7,0,0.0
2019-11-26 22:00:00+00:00,31,3,14,0,0.0
2019-11-26 22:00:00+00:00,32,1,15,0,0.0
2019-11-26 22:00:00+00:00,32,3,33,0,0.0
2019-11-26 22:00:00+00:00,33,1,10,0,0.0
2019-11-26 22:00:00+00:00,33,2,12,0,0.0
2019-11-26 22:00:00+00:00,33,3,15,0,0.0
2019-11-26 23:00:00+00:00,0,1,28,4,136.00000000000026
2019-11-26 23:00:00+00:00,0,2,37,0,0.0
2019-11-26 23:00:00+00:00,0,3,35,0,0.0
2019-11-26 23:00:00+00:00,1,1,37,0,0.0
2019-11-26 23:00:00+00:00,1,2,18,0,0.0
2019-11-26 23:00:00+00:00,1,3,36,0,0.0
2019-11-26 23:00:00+00:00,2,1,37,0,0.0
2019-11-26 23:00:00+00:00,2,2,8,0,0.0
2019-11-26 23:00:00+00:00,2,3,26,0,0.0
2019-11-26 23:00:00+00:00,3,1,22,0,0.0
2019-11-26 23:00:00+00:00,3,2,26,0,0.0
2019-11-26 23:00:00+00:00,3,3,13,0,0.0
2019-11-26 23:00:00+00:00,4,1,14,0,0.0
2019-11-26 23:00:00+00:00,4,2,28,0,0.0
2019-11-26 23:00:00+00:00,5,1,13,0,0.0
2019-11-26 23:00:00+00:00,5,2,23,0,0.0
2019-11-26 23:00:00+00:00,5,3,10,0,0.0
2019-11-26 23:00:00+00:00,6,1,13,0,0.0
2019-11-26 23:00:00+00:00,6,2,35,0,0.0
2019-11-26 23:00:00+00:00,6,3,37,0,0.0
2019-11-26 23:00:00+00:00,7,1,9,0,0.0
2019-11-26 23:00:00+00:00,7,2,4,0,0.0
2019-11-26 23:00:00+00:00,7,3,15,0,0.0
2019-11-26 23:00:00+00:00,8,1,28,0,0.0
2019-11-26 23:00:00+00:00,8,2,29,0,0.0
2019-11-26 23:00:00+00:00,8,3,24,1,34.000000000000064
2019-11-26 23:00:00+00:00,9,1,14,0,0.0
2019-11-26 23:00:00+00:00,9,2,45,0,0.0
2019-11-26 23:00:00+00:00,9,3,16,0,0.0
2019-11-26 23:00:00+00:00,10,1,3,0,0.0
2019-11-26 23:00:00+00:00,10,2,12,0,0.0
2019-11-26 23:00:00+00:00,10,3,19,0,0.0
2019-11-26 23:00:00+00:00,11,1,5,0,0.0
2019-11-26 23:00:00+00:00,11,2,11,0,0.0
2019-11-26 23:00:00+00:00,11,3,11,0,0.0
2019-11-26 23:00:00+00:00,12,1,23,0,0.0
2019-11-26 23:00:00+00:00,12,2,20,0,0.0
2019-11-26 23:00:00+00:00,12,3,8,0,0.0
2019-11-26 23:00:00+00:00,13,1,18,0,0.0
2019-11-26 23:00:00+00:00,13,2,21,0,0.0
2019-11-26 23:00:00+00:00,13,3,16,0,0.0
2019-11-26 23:00:00+00:00,14,1,16,0,0.0
2019-11-26 23:00:00+00:00,14,2,10,0,0.0
2019-11-26 23:00:00+00:00,14,3,29,0,0.0
2019-11-26 23:00:00+00:00,15,1,31,0,0.0
2019-11-26 23:00:00+00:00,15,2,28,0,0.0
2019-11-26 23:00:00+00:00,15,3,15,0,0.0
2019-11-26 23:00:00+00:00,16,1,8,0,0.0
2019-11-26 23:00:00+00:00,16,2,17,0,0.0
2019-11-26 23:00:00+00:00,16,3,18,0,0.0
2019-11-26 23:00:00+00:00,17,1,26,1,34.000000000000064
2019-11-26 23:00:00+00:00,17,2,39,0,0.0
2019-11-26 23:00:00+00:00,17,3,21,0,0.0
2019-11-26 23:00:00+00:00,18,1,2,0,0.0
2019-11-26 23:00:00+00:00,18,2,13,0,0.0
2019-11-26 23:00:00+00:00,18,3,9,0,0.0
2019-11-26 23:00:00+00:00,19,1,3,0,0.0
2019-11-26 23:00:00+00:00,19,2,34,0,0.0
2019-11-26 23:00:00+00:00,19,3,15,0,0.0
2019-11-26 23:00:00+00:00,20,1,22,0,0.0
2019-11-26 23:00:00+00:00,20,2,6,0,0.0
2019-11-26 23:00:00+00:00,21,1,16,0,0.0
2019-11-26 23:00:00+00:00,21,2,8,0,0.0
2019-11-26 23:00:00+00:00,21,3,29,0,0.0
2019-11-26 23:00:00+00:00,22,1,24,0,0.0
2019-11-26 23:00:00+00:00,22,2,7,0,0.0
2019-11-26 23:00:00+00:00,22,3,32,0,0.0
2019-11-26 23:00:00+00:00,23,1,5,0,0.0
2019-11-26 23:00:00+00:00,23,2,20,0,0.0
2019-11-26 23:00:00+00:00,23,3,33,0,0.0
2019-11-26 23:00:00+00:00,24,1,19,4,136.00000000000026
2019-11-26 23:00:00+00:00,24,2,5,4,136.00000000000026
2019-11-26 23:00:00+00:00,25,1,37,0,0.0
2019-11-26 23:00:00+00:00,25,2,2,0,0.0
2019-11-26 23:00:00+00:00,26,1,10,0,0.0
2019-11-26 23:00:00+00:00,26,3,3,0,0.0
2019-11-26 23:00:00+00:00,27,1,12,0,0.0
2019-11-26 23:00:00+00:00,27,2,5,0,0.0
2019-11-26 23:00:00+00:00,27,3,25,0,0.0
2019-11-26 23:00:00+00:00,28,1,22,0,0.0
2019-11-26 23:00:00+00:00,28,2,22,0,0.0
2019-11-26 23:00:00+00:00,28,3,33,0,0.0
2019-11-26 23:00:00+00:00,29,1,16,0,0.0
2019-11-26 23:00:00+00:00,29,2,12,0,0.0
2019-11-26 23:00:00+00:00,29,3,10,0,0.0
2019-11-26 23:00:00+00:00,30,1,12,0,0.0
2019-11-26 23:00:00+00:00,30,2,15,0,0.0
2019-11-26 23:00:00+00:00,30,3,17,0,0.0
2019-11-26 23:00:00+00:00,31,1,9,0,0.0
2019-11-26 23:00:00+00:00,31,2,19,0,0.0
2019-11-26 23:00:00+00:00,32,1,51,0,0.0
2019-11-26 23:00:00+00:00,32,2,14,0,0.0
2019-11-26 23:00:00+00:00,32,3,25,0,0.0
2019-11-26 23:00:00+00:00,33,1,14,0,0.0
2019-11-26 23:00:00+00:00,33,2,26,0,0.0
2019-11-26 23:00:00+00:00,33,3,39,0,0.0
2019-11-27 00:00:00+00:00,0,1,4,0,0.0
2019-11-27 00:00:00+00:00,0,3,26,0,0.0
2019-11-27 00:00:00+00:00,1,1,18,0,0.0
2019-11-27 00:00:00+00:00,1,2,38,0,0.0
2019-11-27 00:00:00+00:00,1,3,16,0,0.0
2019-11-27 00:00:00+00:00,2,1,16,1,34.000000000000064
2019-11-27 00:00:00+00:00,2,2,7,0,0.0
2019-11-27 00:00:00+00:00,2,3,21,0,0.0
2019-11-27 00:00:00+00:00,3,1,5,0,0.0
2019-11-27 00:00:00+00:00,3,2,21,0,0.0
2019-11-27 00:00:00+00:00,3,3,18,0,0.0
2019-11-27 00:00:00+00:00,4,1,2,0,0.0
2019-11-27 00:00:00+00:00,4,2,15,0,0.0
2019-11-27 00:00:00+00:00,5,1,28,0,0.0
2019-11-27 00:00:00+00:00,5,2,14,0,0.0
2019-11-27 00:00:00+00:00,5,3,16,0,0.0
2019-11-27 00:00:00+00:00,6,1,25,0,0.0
2019-11-27 00:00:00+00:00,6,2,17,0,0.0
2019-11-27 00:00:00+00:00,6,3,9,0,0.0
2019-11-27 00:00:00+00:00,7,1,39,0,0.0
2019-11-27 00:00:00+00:00,7,2,15,0,0.0
2019-11-27 00:00:00+00:00,7,3,21,2,68.00000000000013
2019-11-27 00:00:00+00:00,8,1,15,0,0.0
2019-11-27 00:00:00+00:00,8,2,23,0,0.0
2019-11-27 00:00:00+00:00,8,3,39,0,0.0
2019-11-27 00:00:00+00:00,9,1,24,0,0.0
2019-11-27 00:00:00+00:00,9,2,7,0,0.0
2019-11-27 00:00:00+00:00,9,3,7,0,0.0
2019-11-27 00:00:00+00:00,10,1,12,0,0.0
2019-11-27 00:00:00+00:00,10,2,16,0,0.0
2019-11-27 00:00:00+00:00,10,3,18,0,0.0
2019-11-27 00:00:00+00:00,11,1,25,0,0.0
2019-11-27 00:00:00+00:00,11,2,54,0,0.0
2019-11-27 00:00:00+00:00,11,3,22,0,0.0
2019-11-27 00:00:00+00:00,12,1,25,0,0.0
2019-11-27 00:00:00+00:00,12,2,8,0,0.0
2019-11-27 00:00:00+00:00,12,3,32,0,0.0
2019-11-27 00:00:00+00:00,13,1,18,0,0.0
2019-11-27 00:00:00+00:00,13,2,16,0,0.0
2019-11-27 00:00:00+00:00,13,3,1,0,0.0
2019-11-27 00:00:00+00:00,14,1,22,0,0.0
2019-11-27 00:00:00+00:00,14,2,31,2,68.00000000000013
2019-11-27 00:00:00+00:00,14,3,9,0,0.0
2019-11-27 00:00:00+00:00,15,1,9,0,0.0
2019-11-27 00:00:00+00:00,15,2,24,0,0.0
2019-11-27 00:00:00+00:00,15,3,1,0,0.0
2019-11-27 00:00:00+00:00,16,1,3,0,0.0
2019-11-27 00:00:00+00:00,16,2,23,0,0.0
2019-11-27 00:00:00+00:00,16,3,10,0,0.0
2019-11-27 00:00:00+00:00,17,1,17,1,34.000000000000064
2019-11-27 00:00:00+00:00,17,2,8,0,0.0
2019-11-27 00:00:00+00:00,17,3,20,0,0.0
2019-11-27 00:00:00+00:00,18,1,9,0,0.0
2019-11-27 00:00:00+00:00,18,2,16,0,0.0
2019-11-27 00:00:00+00:00,18,3,18,0,0.0
2019-11-27 00:00:00+00:00,19,1,38,0,0.0
2019-11-27 00:00:00+00:00,19,2,10,1,34.000000000000064
2019-11-27 00:00:00+00:00,19,3,24,0,0.0
2019-11-27 00:00:00+00:00,20,2,6,0,0.0
2019-11-27 00:00:00+00:00,20,3,4,0,0.0
2019-11-27 00:00:00+00:00,21,1,14,0,0.0
2019-11-27 00:00:00+00:00,21,2,15,0,0.0
2019-11-27 00:00:00+00:00,21,3,14,0,0.0
2019-11-27 00:00:00+00:00,22,1,33,0,0.0
2019-11-27 00:00:00+00:00,22,2,13,0,0.0
2019-11-27 00:00:00+00:00,22,3,28,0,0.0
2019-11-27 00:00:00+00:00,23,1,35,4,136.00000000000026
2019-11-27 00:00:00+00:00,23,2,26,0,0.0
2019-11-27 00:00:00+00:00,23,3,20,0,0.0
2019-11-27 00:00:00+00:00,24,1,31,0,0.0
2019-11-27 00:00:00+00:00,24,2,21,0,0.0
2019-11-27 00:00:00+00:00,24,3,11,0,0.0
2019-11-27 00:00:00+00:00,25,1,8,0,0.0
2019-11-27 00:00:00+00:00,25,2,28,0,0.0
2019-11-27 00:00:00+00:00,25,3,26,0,0.0
2019-11-27 00:00:00+00:00,26,1,34,0,0.0
2019-11-27 00:00:00+00:00,26,2,15,0,0.0
2019-11-27 00:00:00+00:00,27,1,1,0,0.0
2019-11-27 00:00:00+00:00,27,2,17,0,0.0
2019-11-27 00:00:00+00:00,27,3,18,0,0.0
2019-11-27 00:00:00+00:00,28,1,15,0,0.0
2019-11-27 00:00:00+00:00,28,2,23,1,34.000000000000064
2019-11-27 00:00:00+00:00,28,3,27,0,0.0
2019-11-27 00:00:00+00:00,29,1,4,0,0.0
2019-11-27 00:00:00+00:00,29,2,23,0,0.0
2019-11-27 00:00:00+00:00,29,3,66,0,0.0
2019-11-27 00:00:00+00:00,30,1,11,0,0.0
2019-11-27 00:00:00+00:00,30,2,8,0,0.0
2019-11-27 00:00:00+00:00,30,3,25,0,0.0
2019-11-27 00:00:00+00:00,31,1,7,1,34.000000000000064
2019-11-27 00:00:00+00:00,31,2,19,0,0.0
2019-11-27 00:00:00+00:00,31,3,19,0,0.0
2019-11-27 00:00:00+00:00,32,1,32,0,0.0
2019-11-27 00:00:00+00:00,32,2,6,0,0.0
2019-11-27 00:00:00+00:00,32,3,14,0,0.0
2019-11-27 00:00:00+00:00,33,1,22,0,0.0
2019-11-27 00:00:00+00:00,33,2,17,0,0.0
2019-11-27 01:00:00+00:00,0,1,16,0,0.0
2019-11-27 01:00:00+00:00,0,2,23,0,0.0
2019-11-27 01:00:00+00:00,0,3,24,0,0.0
2019-11-27 01:00:00+00:00,1,1,22,0,0.0
2019-11-27 01:00:00+00:00,1,2,10,0,0.0
2019-11-27 01:00:00+00:00,1,3,30,0,0.0
2019-11-27 01:00:00+00:00,2,1,13,0,0.0
2019-11-27 01:00:00+00:00,2,2,6,0,0.0
2019-11-27 01:00:00+00:00,2,3,10,0,0.0
2019-11-27 01:00:00+00:00,3,1,11,0,0.0
2019-11-27 01:00:00+00:00,3,2,15,0,0.0
2019-11-27 01:00:00+00:00,3,3,29,0,0.0
2019-11-27 01:00:00+00:00,4,1,13,0,0.0
2019-11-27 01:00:00+00:00,4,2,20,0,0.0
2019-11-27 01:00:00+00:00,4,3,26,0,0.0
2019-11-27 01:00:00+00:00,5,1,30,0,0.0
2019-11-27 01:00:00+00:00,5,2,12,0,0.0
2019-11-27 01:00:00+00:00,5,3,33,0,0.0
2019-11-27 01:00:00+00:00,6,1,51,0,0.0
2019-11-27 01:00:00+00:00,6,2,18,0,0.0
2019-11-27 01:00:00+00:00,6,3,10,0,0.0
2019-11-27 01:00:00+00:00,7,1,21,0,0.0
2019-11-27 01:00:00+00:00,7,2,57,0,0.0
2019-11-27 01:00:00+00:00,7,3,11,2,68.00000000000013
2019-11-27 01:00:00+00:00,8,1,1,0,0.0
2019-11-27 01:00:00+00:00,8,2,45,0,0.0
2019-11-27 01:00:00+00:00,8,3,34,0,0.0
2019-11-27 01:00:00+00:00,9,2,40,0,0.0
2019-11-27 01:00:00+00:00,9,3,18,0,0.0
2019-11-27 01:00:00+00:00,10,1,21,0,0.0
2019-11-27 01:00:00+00:00,10,2,15,0,0.0
2019-11-27 01:00:00+00:00,10,3,2,0,0.0
2019-11-27 01:00:00+00:00,11,1,19,0,0.0
2019-11-27 01:00:00+00:00,11,2,39,0,0.0
2019-11-27 01:00:00+00:00,11,3,45,0,0.0
2019-11-27 01:00:00+00:00,12,1,26,0,0.0
2019-11-27 01:00:00+00:00,12,3,16,0,0.0
2019-11-27 01:00:00+00:00,13,1,27,0,0.0
2019-11-27 01:00:00+00:00,13,2,16,0,0.0
2019-11-27 01:00:00+00:00,13,3,12,0,0.0
2019-11-27 01:00:00+00:00,14,1,43,0,0.0
2019-11-27 01:00:00+00:00,14,2,10,0,0.0
2019-11-27 01:00:00+00:00,14,3,17,0,0.0
2019-11-27 01:00:00+00:00,15,1,8,0,0.0
2019-11-27 01:00:00+00:00,15,2,19,0,0.0
2019-11-27 01:00:00+00:00,16,1,27,0,0.0
2019-11-27 01:00:00+00:00,16,2,16,0,0.0
2019-11-27 01:00:00+00:00,16,3,28,1,34.000000000000064
2019-11-27 01:00:00+00:00,17,1,18,1,34.000000000000064
2019-11-27 01:00:00+00:00,17,2,35,0,0.0
2019-11-27 01:00:00+00:00,17,3,13,0,0.0
2019-11-27 01:00:00+00:00,18,1,56,0,0.0
2019-11-27 01:00:00+00:00,18,2,8,0,0.0
2019-11-27 01:00:00+00:00,18,3,41,0,0.0
2019-11-27 01:00:00+00:00,19,1,19,0,0.0
2019-11-27 01:00:00+00:00,19,2,24,0,0.0
2019-11-27 01:00:00+00:00,19,3,35,0,0.0
2019-11-27 01:00:00+00:00,20,1,44,0,0.0
2019-11-27 01:00:00+00:00,20,2,37,0,0.0
2019-11-27 01:00:00+00:00,20,3,3,0,0.0
2019-11-27 01:00:00+00:00,21,1,21,0,0.0
2019-11-27 01:00:00+00:00,21,2,3,0,0.0
2019-11-27 01:00:00+00:00,21,3,13,0,0.0
2019-11-27 01:00:00+00:00,22,1,32,0,0.0
2019-11-27 01:00:00+00:00,22,2,18,0,0.0
2019-11-27 01:00:00+00:00,22,3,42,0,0.0
2019-11-27 01:00:00+00:00,23,1,7,0,0.0
2019-11-27 01:00:00+00:00,23,2,23,0,0.0
2019-11-27 01:00:00+00:00,23,3,1,0,0.0
2019-11-27 01:00:00+00:00,24,1,29,1,34.000000000000064
2019-11-27 01:00:00+00:00,24,2,29,0,0.0
2019-11-27 01:00:00+00:00,24,3,27,0,0.0
2019-11-27 01:00:00+00:00,25,2,8,0,0.0
2019-11-27 01:00:00+00:00,25,3,30,0,0.0
2019-11-27 01:00:00+00:00,26,1,8,0,0.0
2019-11-27 01:00:00+00:00,26,2,18,0,0.0
2019-11-27 01:00:00+00:00,26,3,14,0,0.0
2019-11-27 01:00:00+00:00,27,1,22,0,0.0
2019-11-27 01:00:00+00:00,27,2,19,0,0.0
2019-11-27 01:00:00+00:00,27,3,13,0,0.0
2019-11-27 01:00:00+00:00,28,1,21,0,0.0
2019-11-27 01:00:00+00:00,28,2,10,0,0.0
2019-11-27 01:00:00+00:00,28,3,31,0,0.0
2019-11-27 01:00:00+00:00,29,1,47,0,0.0
2019-11-27 01:00:00+00:00,29,2,22,0,0.0
2019-11-27 01:00:00+00:00,29,3,14,0,0.0
2019-11-27 01:00:00+00:00,30,1,10,0,0.0
2019-11-27 01:00:00+00:00,30,2,35,0,0.0
2019-11-27 01:00:00+00:00,30,3,39,0,0.0
2019-11-27 01:00:00+00:00,31,2,38,0,0.0
2019-11-27 01:00:00+00:00,31,3,30,0,0.0
2019-11-27 01:00:00+00:00,32,1,31,0,0.0
2019-11-27 01:00:00+00:00,32,2,29,0,0.0
2019-11-27 01:00:00+00:00,32,3,31,1,34.000000000000064
2019-11-27 01:00:00+00:00,33,1,42,0,0.0
2019-11-27 01:00:00+00:00,33,2,39,0,0.0
2019-11-27 01:00:00+00:00,33,3,31,2,68.00000000000013
2019-11-27 02:00:00+00:00,0,1,27,1,34.000000000000064
2019-11-27 02:00:00+00:00,0,2,10,0,0.0
2019-11-27 02:00:00+00:00,0,3,25,0,0.0
2019-11-27 02:00:00+00:00,1,1,42,0,0.0
2019-11-27 02:00:00+00:00,1,2,8,0,0.0
2019-11-27 02:00:00+00:00,1,3,12,0,0.0
2019-11-27 02:00:00+00:00,2,1,25,0,0.0
2019-11-27 02:00:00+00:00,2,2,31,0,0.0
2019-11-27 02:00:00+00:00,2,3,12,0,0.0
2019-11-27 02:00:00+00:00,3,1,34,0,0.0
2019-11-27 02:00:00+00:00,3,2,40,0,0.0
2019-11-27 02:00:00+00:00,3,3,21,0,0.0
2019-11-27 02:00:00+00:00,4,1,32,0,0.0
2019-11-27 02:00:00+00:00,4,2,31,0,0.0
2019-11-27 02:00:00+00:00,4,3,7,0,0.0
2019-11-27 02:00:00+00:00,5,1,17,0,0.0
2019-11-27 02:00:00+00:00,5,2,29,0,0.0
2019-11-27 02:00:00+00:00,5,3,40,0,0.0
2019-11-27 02:00:00+00:00,6,1,17,0,0.0
2019-11-27 02:00:00+00:00,6,2,22,0,0.0
2019-11-27 02:00:00+00:00,6,3,23,0,0.0
2019-11-27 02:00:00+00:00,7,1,9,0,0.0
2019-11-27 02:00:00+00:00,7,2,20,0,0.0
2019-11-27 02:00:00+00:00,7,3,13,0,0.0
2019-11-27 02:00:00+00:00,8,1,3,0,0.0
2019-11-27 02:00:00+00:00,8,2,27,0,0.0
2019-11-27 02:00:00+00:00,8,3,42,0,0.0
2019-11-27 02:00:00+00:00,9,1,18,0,0.0
2019-11-27 02:00:00+00:00,9,2,23,0,0.0
2019-11-27 02:00:00+00:00,9,3,15,0,0.0
2019-11-27 02:00:00+00:00,10,1,48,0,0.0
2019-11-27 02:00:00+00:00,10,2,11,0,0.0
2019-11-27 02:00:00+00:00,10,3,22,0,0.0
2019-11-27 02:00:00+00:00,11,1,24,0,0.0
2019-11-27 02:00:00+00:00,11,2,10,0,0.0
2019-11-27 02:00:00+00:00,11,3,62,0,0.0
2019-11-27 02:00:00+00:00,12,1,17,0,0.0
2019-11-27 02:00:00+00:00,12,2,25,1,34.000000000000064
2019-11-27 02:00:00+00:00,12,3,23,0,0.0
2019-11-27 02:00:00+00:00,13,1,48,0,0.0
2019-11-27 02:00:00+00:00,13,2,12,0,0.0
2019-11-27 02:00:00+00:00,14,1,27,0,0.0
2019-11-27 02:00:00+00:00,14,2,25,0,0.0
2019-11-27 02:00:00+00:00,14,3,25,0,0.0
2019-11-27 02:00:00+00:00,15,1,5,0,0.0
2019-11-27 02:00:00+00:00,15,2,24,0,0.0
2019-11-27 02:00:00+00:00,15,3,29,0,0.0
2019-11-27 02:00:00+00:00,16,2,44,0,0.0
2019-11-27 02:00:00+00:00,16,3,24,0,0.0
2019-11-27 02:00:00+00:00,17,1,21,0,0.0
2019-11-27 02:00:00+00:00,17,2,27,1,34.000000000000064
2019-11-27 02:00:00+00:00,17,3,8,0,0.0
2019-11-27 02:00:00+00:00,18,1,19,0,0.0
2019-11-27 02:00:00+00:00,18,2,51,0,0.0
2019-11-27 02:00:00+00:00,18,3,28,0,0.0
2019-11-27 02:00:00+00:00,19,1,33,0,0.0
2019-11-27 02:00:00+00:00,19,2,31,1,34.000000000000064
2019-11-27 02:00:00+00:00,19,3,23,0,0.0
2019-11-27 02:00:00+00:00,20,1,20,0,0.0
2019-11-27 02:00:00+00:00,20,2,5,0,0.0
2019-11-27 02:00:00+00:00,20,3,14,0,0.0
2019-11-27 02:00:00+00:00,21,1,32,0,0.0
2019-11-27 02:00:00+00:00,21,2,20,0,0.0
2019-11-27 02:00:00+00:00,21,3,16,0,0.0
2019-11-27 02:00:00+00:00,22,1,21,0,0.0
2019-11-27 02:00:00+00:00,22,2,19,0,0.0
2019-11-27 02:00:00+00:00,22,3,38,0,0.0
2019-11-27 02:00:00+00:00,23,1,29,0,0.0
2019-11-27 02:00:00+00:00,23,2,9,0,0.0
2019-11-27 02:00:00+00:00,23,3,20,0,0.0
2019-11-27 02:00:00+00:00,24,1,23,2,68.00000000000013
2019-11-27 02:00:00+00:00,24,2,19,0,0.0
2019-11-27 02:00:00+00:00,24,3,2,0,0.0
2019-11-27 02:00:00+00:00,25,1,23,0,0.0
2019-11-27 02:00:00+00:00,25,2,31,0,0.0
2019-11-27 02:00:00+00:00,25,3,34,0,0.0
2019-11-27 02:00:00+00:00,26,1,17,0,0.0
2019-11-27 02:00:00+00:00,26,2,34,0,0.0
2019-11-27 02:00:00+00:00,26,3,21,0,0.0
2019-11-27 02:00:00+00:00,27,1,11,0,0.0
2019-11-27 02:00:00+00:00,27,2,7,0,0.0
2019-11-27 02:00:00+00:00,27,3,21,0,0.0
2019-11-27 02:00:00+00:00,28,1,26,1,34.000000000000064
2019-11-27 02:00:00+00:00,28,2,9,0,0.0
2019-11-27 02:00:00+00:00,28,3,56,0,0.0
2019-11-27 02:00:00+00:00,29,1,35,0,0.0
2019-11-27 02:00:00+00:00,29,2,20,0,0.0
2019-11-27 02:00:00+00:00,29,3,16,0,0.0
2019-11-27 02:00:00+00:00,30,1,43,0,0.0
2019-11-27 02:00:00+00:00,30,2,15,0,0.0
2019-11-27 02:00:00+00:00,30,3,62,1,34.000000000000064
2019-11-27 02:00:00+00:00,31,1,22,0,0.0
2019-11-27 02:00:00+00:00,31,2,18,0,0.0
2019-11-27 02:00:00+00:00,31,3,18,0,0.0
2019-11-27 02:00:00+00:00,32,1,7,0,0.0
2019-11-27 02:00:00+00:00,32,2,39,0,0.0
2019-11-27 02:00:00+00:00,33,1,10,0,0.0
2019-11-27 02:00:00+00:00,33,2,40,0,0.0
2019-11-27 02:00:00+00:00,33,3,13,0,0.0
2019-11-27 03:00:00+00:00,0,1,43,0,0.0
2019-11-27 03:00:00+00:00,0,2,30,0,0.0
2019-11-27 03:00:00+00:00,0,3,7,0,0.0
2019-11-27 03:00:00+00:00,1,1,33,0,0.0
2019-11-27 03:00:00+00:00,1,2,36,0,0.0
2019-11-27 03:00:00+00:00,1,3,23,0,0.0
2019-11-27 03:00:00+00:00,2,1,56,1,34.000000000000064
2019-11-27 03:00:00+00:00,2,2,48,0,0.0
2019-11-27 03:00:00+00:00,2,3,23,0,0.0
2019-11-27 03:00:00+00:00,3,1,43,0,0.0
2019-11-27 03:00:00+00:00,3,2,18,0,0.0
2019-11-27 03:00:00+00:00,3,3,47,0,0.0
2019-11-27 03:00:00+00:00,4,1,34,0,0.0
2019-11-27 03:00:00+00:00,4,2,28,0,0.0
2019-11-27 03:00:00+00:00,4,3,30,0,0.0
2019-11-27 03:00:00+00:00,5,1,55,0,0.0
2019-11-27 03:00:00+00:00,5,2,34,0,0.0
2019-11-27 03:00:00+00:00,5,3,14,0,0.0
2019-11-27 03:00:00+00:00,6,1,64,0,0.0
2019-11-27 03:00:00+00:00,6,2,60,0,0.0
2019-11-27 03:00:00+00:00,6,3,27,0,0.0
2019-11-27 03:00:00+00:00,7,1,34,0,0.0
2019-11-27 03:00:00+00:00,7,2,37,0,0.0
2019-11-27 03:00:00+00:00,7,3,60,1,34.000000000000064
2019-11-27 03:00:00+00:00,8,1,22,4,136.00000000000026
2019-11-27 03:00:00+00:00,8,2,25,0,0.0
2019-11-27 03:00:00+00:00,8,3,17,0,0.0
2019-11-27 03:00:00+00:00,9,1,14,0,0.0
2019-11-27 03:00:00+00:00,9,2,37,0,0.0
2019-11-27 03:00:00+00:00,9,3,54,0,0.0
2019-11-27 03:00:00+00:00,10,1,21,1,34.000000000000064
2019-11-27 03:00:00+00:00,10,2,31,0,0.0
2019-11-27 03:00:00+00:00,10,3,49,4,136.00000000000026
2019-11-27 03:00:00+00:00,11,1,64,0,0.0
2019-11-27 03:00:00+00:00,11,2,45,0,0.0
2019-11-27 03:00:00+00:00,11,3,53,2,68.00000000000013
2019-11-27 03:00:00+00:00,12,1,26,2,68.00000000000013
2019-11-27 03:00:00+00:00,12,2,22,0,0.0
2019-11-27 03:00:00+00:00,12,3,24,1,34.000000000000064
2019-11-27 03:00:00+00:00,13,1,16,0,0.0
2019-11-27 03:00:00+00:00,13,2,40,0,0.0
2019-11-27 03:00:00+00:00,13,3,51,0,0.0
2019-11-27 03:00:00+00:00,14,1,45,0,0.0
2019-11-27 03:00:00+00:00,14,2,39,0,0.0
2019-11-27 03:00:00+00:00,14,3,25,0,0.0
2019-11-27 03:00:00+00:00,15,1,8,0,0.0
2019-11-27 03:00:00+00:00,15,2,11,0,0.0
2019-11-27 03:00:00+00:00,15,3,65,0,0.0
2019-11-27 03:00:00+00:00,16,1,34,0,0.0
2019-11-27 03:00:00+00:00,16,2,67,0,0.0
2019-11-27 03:00:00+00:00,16,3,29,0,0.0
2019-11-27 03:00:00+00:00,17,1,40,0,0.0
2019-11-27 03:00:00+00:00,17,2,31,0,0.0
2019-11-27 03:00:00+00:00,17,3,27,0,0.0
2019-11-27 03:00:00+00:00,18,1,26,0,0.0
2019-11-27 03:00:00+00:00,18,2,13,0,0.0
2019-11-27 03:00:00+00:00,18,3,52,0,0.0
2019-11-27 03:00:00+00:00,19,1,36,0,0.0
2019-11-27 03:00:00+00:00,19,2,68,0,0.0
2019-11-27 03:00:00+00:00,19,3,38,0,0.0
2019-11-27 03:00:00+00:00,20,1,34,0,0.0
2019-11-27 03:00:00+00:00,20,2,58,6,204.0000000000004
2019-11-27 03:00:00+00:00,20,3,5,0,0.0
2019-11-27 03:00:00+00:00,21,1,20,0,0.0
2019-11-27 03:00:00+00:00,21,2,60,0,0.0
2019-11-27 03:00:00+00:00,21,3,52,0,0.0
2019-11-27 03:00:00+00:00,22,1,33,0,0.0
2019-11-27 03:00:00+00:00,22,2,25,0,0.0
2019-11-27 03:00:00+00:00,22,3,54,0,0.0
2019-11-27 03:00:00+00:00,23,1,15,0,0.0
2019-11-27 03:00:00+00:00,23,2,31,1,34.000000000000064
2019-11-27 03:00:00+00:00,23,3,51,0,0.0
2019-11-27 03:00:00+00:00,24,1,34,0,0.0
2019-11-27 03:00:00+00:00,24,3,18,0,0.0
2019-11-27 03:00:00+00:00,25,1,43,0,0.0
2019-11-27 03:00:00+00:00,25,2,13,0,0.0
2019-11-27 03:00:00+00:00,25,3,50,0,0.0
2019-11-27 03:00:00+00:00,26,1,67,0,0.0
2019-11-27 03:00:00+00:00,26,2,35,2,68.00000000000013
2019-11-27 03:00:00+00:00,27,1,53,0,0.0
2019-11-27 03:00:00+00:00,27,2,30,0,0.0
2019-11-27 03:00:00+00:00,27,3,60,2,68.00000000000013
2019-11-27 03:00:00+00:00,28,1,45,0,0.0
2019-11-27 03:00:00+00:00,28,2,13,0,0.0
2019-11-27 03:00:00+00:00,28,3,22,0,0.0
2019-11-27 03:00:00+00:00,29,1,29,0,0.0
2019-11-27 03:00:00+00:00,29,2,39,0,0.0
2019-11-27 03:00:00+00:00,29,3,36,0,0.0
2019-11-27 03:00:00+00:00,30,1,38,0,0.0
2019-11-27 03:00:00+00:00,30,2,50,0,0.0
2019-11-27 03:00:00+00:00,30,3,32,0,0.0
2019-11-27 03:00:00+00:00,31,1,19,0,0.0
2019-11-27 03:00:00+00:00,31,2,48,0,0.0
2019-11-27 03:00:00+00:00,31,3,41,0,0.0
2019-11-27 03:00:00+00:00,32,1,22,0,0.0
2019-11-27 03:00:00+00:00,32,2,42,0,0.0
2019-11-27 03:00:00+00:00,32,3,24,0,0.0
2019-11-27 03:00:00+00:00,33,1,24,0,0.0
2019-11-27 03:00:00+00:00,33,2,30,0,0.0
2019-11-27 03:00:00+00:00,33,3,31,0,0.0
2019-11-27 04:00:00+00:00,0,1,10,0,0.0
2019-11-27 04:00:00+00:00,0,2,40,0,0.0
2019-11-27 04:00:00+00:00,0,3,22,0,0.0
2019-11-27 04:00:00+00:00,1,1,40,0,0.0
2019-11-27 04:00:00+00:00,1,2,21,0,0.0
2019-11-27 04:00:00+00:00,1,3,20,0,0.0
2019-11-27 04:00:00+00:00,2,1,49,0,0.0
2019-11-27 04:00:00+00:00,2,2,23,0,0.0
2019-11-27 04:00:00+00:00,2,3,12,0,0.0
2019-11-27 04:00:00+00:00,3,1,32,4,136.00000000000026
2019-11-27 04:00:00+00:00,3,2,26,0,0.0
2019-11-27 04:00:00+00:00,3,3,19,0,0.0
2019-11-27 04:00:00+00:00,4,1,32,0,0.0
2019-11-27 04:00:00+00:00,4,2,32,0,0.0
2019-11-27 04:00:00+00:00,4,3,26,0,0.0
2019-11-27 04:00:00+00:00,5,2,16,0,0.0
2019-11-27 04:00:00+00:00,5,3,25,0,0.0
2019-11-27 04:00:00+00:00,6,1,38,0,0.0
2019-11-27 04:00:00+00:00,6,2,43,3,102.0000000000002
2019-11-27 04:00:00+00:00,6,3,44,0,0.0
2019-11-27 04:00:00+00:00,7,1,51,0,0.0
2019-11-27 04:00:00+00:00,7,2,34,0,0.0
2019-11-27 04:00:00+00:00,7,3,8,0,0.0
2019-11-27 04:00:00+00:00,8,1,21,0,0.0
2019-11-27 04:00:00+00:00,8,2,37,0,0.0
2019-11-27 04:00:00+00:00,8,3,43,0,0.0
2019-11-27 04:00:00+00:00,9,1,17,0,0.0
2019-11-27 04:00:00+00:00,9,2,11,0,0.0
2019-11-27 04:00:00+00:00,9,3,13,0,0.0
2019-11-27 04:00:00+00:00,10,1,34,0,0.0
2019-11-27 04:00:00+00:00,10,2,17,0,0.0
2019-11-27 04:00:00+00:00,10,3,16,0,0.0
2019-11-27 04:00:00+00:00,11,1,6,0,0.0
2019-11-27 04:00:00+00:00,11,2,19,0,0.0
2019-11-27 04:00:00+00:00,11,3,26,0,0.0
2019-11-27 04:00:00+00:00,12,1,20,0,0.0
2019-11-27 04:00:00+00:00,12,2,44,0,0.0
2019-11-27 04:00:00+00:00,12,3,4,0,0.0
2019-11-27 04:00:00+00:00,13,1,19,0,0.0
2019-11-27 04:00:00+00:00,13,2,11,0,0.0
2019-11-27 04:00:00+00:00,13,3,9,0,0.0
2019-11-27 04:00:00+00:00,14,1,65,0,0.0
2019-11-27 04:00:00+00:00,14,2,32,0,0.0
2019-11-27 04:00:00+00:00,14,3,19,0,0.0
2019-11-27 04:00:00+00:00,15,1,10,0,0.0
2019-11-27 04:00:00+00:00,15,2,10,0,0.0
2019-11-27 04:00:00+00:00,15,3,23,0,0.0
2019-11-27 04:00:00+00:00,16,1,8,0,0.0
2019-11-27 04:00:00+00:00,16,2,12,0,0.0
2019-11-27 04:00:00+00:00,16,3,11,0,0.0
2019-11-27 04:00:00+00:00,17,1,10,0,0.0
2019-11-27 04:00:00+00:00,17,2,34,0,0.0
2019-11-27 04:00:00+00:00,17,3,43,0,0.0
2019-11-27 04:00:00+00:00,18,1,24,0,0.0
2019-11-27 04:00:00+00:00,18,2,2,0,0.0
2019-11-27 04:00:00+00:00,18,3,24,0,0.0
2019-11-27 04:00:00+00:00,19,1,39,0,0.0
2019-11-27 04:00:00+00:00,19,2,38,0,0.0
2019-11-27 04:00:00+00:00,19,3,17,0,0.0
2019-11-27 04:00:00+00:00,20,1,13,0,0.0
2019-11-27 04:00:00+00:00,20,2,14,0,0.0
2019-11-27 04:00:00+00:00,20,3,62,0,0.0
2019-11-27 04:00:00+00:00,21,1,30,0,0.0
2019-11-27 04:00:00+00:00,21,2,35,0,0.0
2019-11-27 04:00:00+00:00,21,3,16,0,0.0
2019-11-27 04:00:00+00:00,22,1,29,0,0.0
2019-11-27 04:00:00+00:00,22,2,19,0,0.0
2019-11-27 04:00:00+00:00,22,3,14,0,0.0
2019-11-27 04:00:00+00:00,23,1,39,1,34.000000000000064
2019-11-27 04:00:00+00:00,23,2,25,0,0.0
2019-11-27 04:00:00+00:00,23,3,53,0,0.0
2019-11-27 04:00:00+00:00,24,1,17,0,0.0
2019-11-27 04:00:00+00:00,24,2,7,0,0.0
2019-11-27 04:00:00+00:00,24,3,35,0,0.0
2019-11-27 04:00:00+00:00,25,1,20,0,0.0
2019-11-27 04:00:00+00:00,25,2,20,0,0.0
2019-11-27 04:00:00+00:00,25,3,36,0,0.0
2019-11-27 04:00:00+00:00,26,1,18,0,0.0
2019-11-27 04:00:00+00:00,26,2,20,0,0.0
2019-11-27 04:00:00+00:00,26,3,25,0,0.0
2019-11-27 04:00:00+00:00,27,1,15,0,0.0
2019-11-27 04:00:00+00:00,27,2,18,0,0.0
2019-11-27 04:00:00+00:00,27,3,25,0,0.0
2019-11-27 04:00:00+00:00,28,1,22,0,0.0
2019-11-27 04:00:00+00:00,28,2,13,0,0.0
2019-11-27 04:00:00+00:00,28,3,47,0,0.0
2019-11-27 04:00:00+00:00,29,1,10,0,0.0
2019-11-27 04:00:00+00:00,29,2,45,1,34.000000000000064
2019-11-27 04:00:00+00:00,29,3,28,0,0.0
2019-11-27 04:00:00+00:00,30,1,13,0,0.0
2019-11-27 04:00:00+00:00,30,2,40,0,0.0
2019-11-27 04:00:00+00:00,30,3,11,0,0.0
2019-11-27 04:00:00+00:00,31,1,26,0,0.0
2019-11-27 04:00:00+00:00,31,2,20,0,0.0
2019-11-27 04:00:00+00:00,31,3,12,0,0.0
2019-11-27 04:00:00+00:00,32,1,23,0,0.0
2019-11-27 04:00:00+00:00,32,2,22,0,0.0
2019-11-27 04:00:00+00:00,32,3,16,0,0.0
2019-11-27 04:00:00+00:00,33,1,25,0,0.0
2019-11-27 04:00:00+00:00,33,2,28,0,0.0
2019-11-27 04:00:00+00:00,33,3,23,0,0.0
2019-11-27 05:00:00+00:00,0,1,45,0,0.0
2019-11-27 05:00:00+00:00,0,2,21,0,0.0
2019-11-27 05:00:00+00:00,0,3,17,0,0.0
2019-11-27 05:00:00+00:00,1,1,39,0,0.0
2019-11-27 05:00:00+00:00,1,2,10,0,0.0
2019-11-27 05:00:00+00:00,1,3,46,0,0.0
2019-11-27 05:00:00+00:00,2,1,12,0,0.0
2019-11-27 05:00:00+00:00,2,2,27,0,0.0
2019-11-27 05:00:00+00:00,2,3,27,0,0.0
2019-11-27 05:00:00+00:00,3,1,23,0,0.0
2019-11-27 05:00:00+00:00,3,2,23,0,0.0
2019-11-27 05:00:00+00:00,3,3,37,0,0.0
2019-11-27 05:00:00+00:00,4,1,36,0,0.0
2019-11-27 05:00:00+00:00,4,2,38,0,0.0
2019-11-27 05:00:00+00:00,4,3,27,0,0.0
2019-11-27 05:00:00+00:00,5,1,20,0,0.0
2019-11-27 05:00:00+00:00,5,2,40,0,0.0
2019-11-27 05:00:00+00:00,5,3,12,0,0.0
2019-11-27 05:00:00+00:00,6,1,24,0,0.0
2019-11-27 05:00:00+00:00,6,2,12,0,0.0
2019-11-27 05:00:00+00:00,6,3,25,0,0.0
2019-11-27 05:00:00+00:00,7,1,17,0,0.0
2019-11-27 05:00:00+00:00,7,2,37,0,0.0
2019-11-27 05:00:00+00:00,7,3,36,3,102.0000000000002
2019-11-27 05:00:00+00:00,8,1,20,0,0.0
2019-11-27 05:00:00+00:00,8,2,31,0,0.0
2019-11-27 05:00:00+00:00,8,3,35,0,0.0
2019-11-27 05:00:00+00:00,9,1,31,0,0.0
2019-11-27 05:00:00+00:00,9,2,7,0,0.0
2019-11-27 05:00:00+00:00,9,3,41,0,0.0
2019-11-27 05:00:00+00:00,10,1,36,0,0.0
2019-11-27 05:00:00+00:00,10,2,17,0,0.0
2019-11-27 05:00:00+00:00,10,3,21,0,0.0
2019-11-27 05:00:00+00:00,11,1,6,0,0.0
2019-11-27 05:00:00+00:00,11,2,27,0,0.0
2019-11-27 05:00:00+00:00,11,3,6,0,0.0
2019-11-27 05:00:00+00:00,12,1,9,0,0.0
2019-11-27 05:00:00+00:00,12,2,6,1,34.000000000000064
2019-11-27 05:00:00+00:00,12,3,25,0,0.0
2019-11-27 05:00:00+00:00,13,1,7,0,0.0
2019-11-27 05:00:00+00:00,13,2,3,0,0.0
2019-11-27 05:00:00+00:00,14,1,6,0,0.0
2019-11-27 05:00:00+00:00,14,2,60,0,0.0
2019-11-27 05:00:00+00:00,14,3,39,0,0.0
2019-11-27 05:00:00+00:00,15,1,31,0,0.0
2019-11-27 05:00:00+00:00,15,2,6,0,0.0
2019-11-27 05:00:00+00:00,15,3,16,0,0.0
2019-11-27 05:00:00+00:00,16,1,27,0,0.0
2019-11-27 05:00:00+00:00,16,2,20,0,0.0
2019-11-27 05:00:00+00:00,16,3,32,0,0.0
2019-11-27 05:00:00+00:00,17,1,25,1,34.000000000000064
2019-11-27 05:00:00+00:00,17,2,64,0,0.0
2019-11-27 05:00:00+00:00,17,3,37,0,0.0
2019-11-27 05:00:00+00:00,18,1,37,0,0.0
2019-11-27 05:00:00+00:00,18,2,26,0,0.0
2019-11-27 05:00:00+00:00,18,3,6,2,68.00000000000013
2019-11-27 05:00:00+00:00,19,1,12,1,34.000000000000064
2019-11-27 05:00:00+00:00,19,2,35,0,0.0
2019-11-27 05:00:00+00:00,19,3,11,0,0.0
2019-11-27 05:00:00+00:00,20,1,26,0,0.0
2019-11-27 05:00:00+00:00,20,2,54,0,0.0
2019-11-27 05:00:00+00:00,20,3,17,0,0.0
2019-11-27 05:00:00+00:00,21,1,12,0,0.0
2019-11-27 05:00:00+00:00,21,2,17,0,0.0
2019-11-27 05:00:00+00:00,21,3,16,0,0.0
2019-11-27 05:00:00+00:00,22,1,39,0,0.0
2019-11-27 05:00:00+00:00,22,2,29,0,0.0
2019-11-27 05:00:00+00:00,22,3,21,0,0.0
2019-11-27 05:00:00+00:00,23,1,10,0,0.0
2019-11-27 05:00:00+00:00,23,2,36,0,0.0
2019-11-27 05:00:00+00:00,23,3,53,0,0.0
2019-11-27 05:00:00+00:00,24,1,22,0,0.0
2019-11-27 05:00:00+00:00,24,2,10,0,0.0
2019-11-27 05:00:00+00:00,24,3,17,0,0.0
2019-11-27 05:00:00+00:00,25,1,28,0,0.0
2019-11-27 05:00:00+00:00,25,2,27,0,0.0
2019-11-27 05:00:00+00:00,25,3,38,0,0.0
2019-11-27 05:00:00+00:00,26,1,18,0,0.0
2019-11-27 05:00:00+00:00,26,3,6,0,0.0
2019-11-27 05:00:00+00:00,27,1,31,0,0.0
2019-11-27 05:00:00+00:00,27,2,17,0,0.0
2019-11-27 05:00:00+00:00,27,3,15,0,0.0
2019-11-27 05:00:00+00:00,28,1,25,0,0.0
2019-11-27 05:00:00+00:00,28,2,42,0,0.0
2019-11-27 05:00:00+00:00,28,3,19,0,0.0
2019-11-27 05:00:00+00:00,29,1,29,0,0.0
2019-11-27 05:00:00+00:00,29,2,6,0,0.0
2019-11-27 05:00:00+00:00,29,3,34,0,0.0
2019-11-27 05:00:00+00:00,30,1,47,0,0.0
2019-11-27 05:00:00+00:00,30,2,15,0,0.0
2019-11-27 05:00:00+00:00,30,3,33,0,0.0
2019-11-27 05:00:00+00:00,31,1,6,0,0.0
2019-11-27 05:00:00+00:00,31,2,7,0,0.0
2019-11-27 05:00:00+00:00,31,3,16,0,0.0
2019-11-27 05:00:00+00:00,32,1,29,0,0.0
2019-11-27 05:00:00+00:00,32,2,22,0,0.0
2019-11-27 05:00:00+00:00,32,3,25,0,0.0
2019-11-27 05:00:00+00:00,33,1,38,0,0.0
2019-11-27 05:00:00+00:00,33,2,31,2,68.00000000000013
2019-11-27 05:00:00+00:00,33,3,18,0,0.0
2019-11-27 06:00:00+00:00,0,1,36,0,0.0
2019-11-27 06:00:00+00:00,0,2,10,0,0.0
2019-11-27 06:00:00+00:00,0,3,20,0,0.0
2019-11-27 06:00:00+00:00,1,1,31,0,0.0
2019-11-27 06:00:00+00:00,1,2,30,2,68.00000000000013
2019-11-27 06:00:00+00:00,1,3,14,0,0.0
2019-11-27 06:00:00+00:00,2,1,21,0,0.0
2019-11-27 06:00:00+00:00,2,2,15,0,0.0
2019-11-27 06:00:00+00:00,2,3,31,0,0.0
2019-11-27 06:00:00+00:00,3,1,13,0,0.0
2019-11-27 06:00:00+00:00,3,2,40,0,0.0
2019-11-27 06:00:00+00:00,3,3,30,0,0.0
2019-11-27 06:00:00+00:00,4,1,28,0,0.0
2019-11-27 06:00:00+00:00,4,2,18,0,0.0
2019-11-27 06:00:00+00:00,4,3,26,0,0.0
2019-11-27 06:00:00+00:00,5,1,22,0,0.0
2019-11-27 06:00:00+00:00,5,2,26,1,34.000000000000064
2019-11-27 06:00:00+00:00,5,3,11,0,0.0
2019-11-27 06:00:00+00:00,6,1,6,0,0.0
2019-11-27 06:00:00+00:00,6,2,24,0,0.0
2019-11-27 06:00:00+00:00,6,3,11,1,34.000000000000064
2019-11-27 06:00:00+00:00,7,1,20,0,0.0
2019-11-27 06:00:00+00:00,7,2,10,0,0.0
2019-11-27 06:00:00+00:00,7,3,5,0,0.0
2019-11-27 06:00:00+00:00,8,1,2,0,0.0
2019-11-27 06:00:00+00:00,8,2,18,0,0.0
2019-11-27 06:00:00+00:00,8,3,9,0,0.0
2019-11-27 06:00:00+00:00,9,1,18,0,0.0
2019-11-27 06:00:00+00:00,9,2,30,0,0.0
2019-11-27 06:00:00+00:00,9,3,31,0,0.0
2019-11-27 06:00:00+00:00,10,1,54,0,0.0
2019-11-27 06:00:00+00:00,10,2,13,0,0.0
2019-11-27 06:00:00+00:00,10,3,29,0,0.0
2019-11-27 06:00:00+00:00,11,1,51,0,0.0
2019-11-27 06:00:00+00:00,11,2,3,0,0.0
2019-11-27 06:00:00+00:00,11,3,33,0,0.0
2019-11-27 06:00:00+00:00,12,1,35,0,0.0
2019-11-27 06:00:00+00:00,12,2,17,0,0.0
2019-11-27 06:00:00+00:00,12,3,36,0,0.0
2019-11-27 06:00:00+00:00,13,1,12,0,0.0
2019-11-27 06:00:00+00:00,13,2,16,0,0.0
2019-11-27 06:00:00+00:00,13,3,16,0,0.0
2019-11-27 06:00:00+00:00,14,1,29,2,68.00000000000013
2019-11-27 06:00:00+00:00,14,2,35,0,0.0
2019-11-27 06:00:00+00:00,14,3,42,0,0.0
2019-11-27 06:00:00+00:00,15,1,24,1,34.000000000000064
2019-11-27 06:00:00+00:00,15,2,47,0,0.0
2019-11-27 06:00:00+00:00,15,3,17,0,0.0
2019-11-27 06:00:00+00:00,16,1,9,0,0.0
2019-11-27 06:00:00+00:00,16,2,40,0,0.0
2019-11-27 06:00:00+00:00,16,3,28,0,0.0
2019-11-27 06:00:00+00:00,17,1,24,1,34.000000000000064
2019-11-27 06:00:00+00:00,17,2,8,0,0.0
2019-11-27 06:00:00+00:00,17,3,56,0,0.0
2019-11-27 06:00:00+00:00,18,1,41,0,0.0
2019-11-27 06:00:00+00:00,18,2,12,0,0.0
2019-11-27 06:00:00+00:00,18,3,49,0,0.0
2019-11-27 06:00:00+00:00,19,1,17,0,0.0
2019-11-27 06:00:00+00:00,19,2,35,0,0.0
2019-11-27 06:00:00+00:00,19,3,42,0,0.0
2019-11-27 06:00:00+00:00,20,1,26,0,0.0
2019-11-27 06:00:00+00:00,20,2,17,0,0.0
2019-11-27 06:00:00+00:00,20,3,28,0,0.0
2019-11-27 06:00:00+00:00,21,1,12,0,0.0
2019-11-27 06:00:00+00:00,21,2,15,0,0.0
2019-11-27 06:00:00+00:00,21,3,14,0,0.0
2019-11-27 06:00:00+00:00,22,1,11,0,0.0
2019-11-27 06:00:00+00:00,22,2,43,0,0.0
2019-11-27 06:00:00+00:00,22,3,17,0,0.0
2019-11-27 06:00:00+00:00,23,1,28,0,0.0
2019-11-27 06:00:00+00:00,23,2,43,0,0.0
2019-11-27 06:00:00+00:00,23,3,22,0,0.0
2019-11-27 06:00:00+00:00,24,1,8,0,0.0
2019-11-27 06:00:00+00:00,24,2,23,0,0.0
2019-11-27 06:00:00+00:00,24,3,14,0,0.0
2019-11-27 06:00:00+00:00,25,1,31,0,0.0
2019-11-27 06:00:00+00:00,25,2,45,0,0.0
2019-11-27 06:00:00+00:00,26,1,32,0,0.0
2019-11-27 06:00:00+00:00,26,2,20,0,0.0
2019-11-27 06:00:00+00:00,26,3,17,0,0.0
2019-11-27 06:00:00+00:00,27,1,36,0,0.0
2019-11-27 06:00:00+00:00,27,2,38,1,34.000000000000064
2019-11-27 06:00:00+00:00,27,3,11,0,0.0
2019-11-27 06:00:00+00:00,28,1,26,0,0.0
2019-11-27 06:00:00+00:00,28,2,41,0,0.0
2019-11-27 06:00:00+00:00,28,3,22,0,0.0
2019-11-27 06:00:00+00:00,29,1,15,0,0.0
2019-11-27 06:00:00+00:00,29,2,16,0,0.0
2019-11-27 06:00:00+00:00,29,3,10,0,0.0
2019-11-27 06:00:00+00:00,30,1,34,0,0.0
2019-11-27 06:00:00+00:00,30,2,29,0,0.0
2019-11-27 06:00:00+00:00,30,3,26,0,0.0
2019-11-27 06:00:00+00:00,31,1,17,0,0.0
2019-11-27 06:00:00+00:00,31,2,9,0,0.0
2019-11-27 06:00:00+00:00,31,3,24,0,0.0
2019-11-27 06:00:00+00:00,32,1,7,0,0.0
2019-11-27 06:00:00+00:00,32,2,3,0,0.0
2019-11-27 06:00:00+00:00,32,3,21,0,0.0
2019-11-27 06:00:00+00:00,33,1,27,0,0.0
2019-11-27 06:00:00+00:00,33,2,14,0,0.0
2019-11-27 06:00:00+00:00,33,3,40,0,0.0
2019-11-27 07:00:00+00:00,0,1,8,0,0.0
2019-11-27 07:00:00+00:00,0,2,24,1,34.000000000000064
2019-11-27 07:00:00+00:00,0,3,24,0,0.0
2019-11-27 07:00:00+00:00,1,1,25,0,0.0
2019-11-27 07:00:00+00:00,1,2,26,0,0.0
2019-11-27 07:00:00+00:00,1,3,32,0,0.0
2019-11-27 07:00:00+00:00,2,1,6,0,0.0
2019-11-27 07:00:00+00:00,2,2,8,0,0.0
2019-11-27 07:00:00+00:00,2,3,47,0,0.0
2019-11-27 07:00:00+00:00,3,1,15,0,0.0
2019-11-27 07:00:00+00:00,3,2,23,0,0.0
2019-11-27 07:00:00+00:00,3,3,27,0,0.0
2019-11-27 07:00:00+00:00,4,1,22,0,0.0
2019-11-27 07:00:00+00:00,4,2,16,1,34.000000000000064
2019-11-27 07:00:00+00:00,4,3,26,0,0.0
2019-11-27 07:00:00+00:00,5,1,8,0,0.0
2019-11-27 07:00:00+00:00,5,2,20,0,0.0
2019-11-27 07:00:00+00:00,5,3,12,0,0.0
2019-11-27 07:00:00+00:00,6,1,21,0,0.0
2019-11-27 07:00:00+00:00,6,3,8,0,0.0
2019-11-27 07:00:00+00:00,7,1,41,0,0.0
2019-11-27 07:00:00+00:00,7,2,8,0,0.0
2019-11-27 07:00:00+00:00,7,3,47,0,0.0
2019-11-27 07:00:00+00:00,8,1,46,0,0.0
2019-11-27 07:00:00+00:00,8,2,23,0,0.0
2019-11-27 07:00:00+00:00,8,3,16,0,0.0
2019-11-27 07:00:00+00:00,9,1,50,0,0.0
2019-11-27 07:00:00+00:00,9,2,31,0,0.0
2019-11-27 07:00:00+00:00,9,3,25,0,0.0
2019-11-27 07:00:00+00:00,10,1,53,0,0.0
2019-11-27 07:00:00+00:00,10,2,19,0,0.0
2019-11-27 07:00:00+00:00,10,3,18,0,0.0
2019-11-27 07:00:00+00:00,11,1,44,0,0.0
2019-11-27 07:00:00+00:00,11,2,43,0,0.0
2019-11-27 07:00:00+00:00,11,3,10,0,0.0
2019-11-27 07:00:00+00:00,12,1,5,0,0.0
2019-11-27 07:00:00+00:00,12,2,21,0,0.0
2019-11-27 07:00:00+00:00,12,3,21,0,0.0
2019-11-27 07:00:00+00:00,13,1,33,1,34.000000000000064
2019-11-27 07:00:00+00:00,13,2,32,0,0.0
2019-11-27 07:00:00+00:00,13,3,7,0,0.0
2019-11-27 07:00:00+00:00,14,1,17,0,0.0
2019-11-27 07:00:00+00:00,14,2,43,0,0.0
2019-11-27 07:00:00+00:00,14,3,18,0,0.0
2019-11-27 07:00:00+00:00,15,1,16,0,0.0
2019-11-27 07:00:00+00:00,15,2,21,0,0.0
2019-11-27 07:00:00+00:00,15,3,66,0,0.0
2019-11-27 07:00:00+00:00,16,1,22,0,0.0
2019-11-27 07:00:00+00:00,16,2,17,0,0.0
2019-11-27 07:00:00+00:00,16,3,6,0,0.0
2019-11-27 07:00:00+00:00,17,1,5,1,34.000000000000064
2019-11-27 07:00:00+00:00,17,2,7,0,0.0
2019-11-27 07:00:00+00:00,17,3,34,1,34.000000000000064
2019-11-27 07:00:00+00:00,18,1,18,0,0.0
2019-11-27 07:00:00+00:00,18,2,45,0,0.0
2019-11-27 07:00:00+00:00,18,3,9,0,0.0
2019-11-27 07:00:00+00:00,19,1,36,0,0.0
2019-11-27 07:00:00+00:00,19,2,33,0,0.0
2019-11-27 07:00:00+00:00,19,3,20,0,0.0
2019-11-27 07:00:00+00:00,20,1,26,0,0.0
2019-11-27 07:00:00+00:00,20,2,28,0,0.0
2019-11-27 07:00:00+00:00,20,3,14,0,0.0
2019-11-27 07:00:00+00:00,21,1,21,0,0.0
2019-11-27 07:00:00+00:00,21,2,25,0,0.0
2019-11-27 07:00:00+00:00,21,3,24,0,0.0
2019-11-27 07:00:00+00:00,22,1,12,0,0.0
2019-11-27 07:00:00+00:00,22,2,45,0,0.0
2019-11-27 07:00:00+00:00,22,3,37,0,0.0
2019-11-27 07:00:00+00:00,23,1,21,0,0.0
2019-11-27 07:00:00+00:00,23,2,12,0,0.0
2019-11-27 07:00:00+00:00,23,3,40,0,0.0
2019-11-27 07:00:00+00:00,24,1,13,0,0.0
2019-11-27 07:00:00+00:00,24,2,31,0,0.0
2019-11-27 07:00:00+00:00,24,3,12,0,0.0
2019-11-27 07:00:00+00:00,25,1,20,0,0.0
2019-11-27 07:00:00+00:00,25,2,30,0,0.0
2019-11-27 07:00:00+00:00,25,3,18,0,0.0
2019-11-27 07:00:00+00:00,26,1,11,0,0.0
2019-11-27 07:00:00+00:00,26,2,14,0,0.0
2019-11-27 07:00:00+00:00,26,3,53,0,0.0
2019-11-27 07:00:00+00:00,27,1,39,0,0.0
2019-11-27 07:00:00+00:00,27,2,29,0,0.0
2019-11-27 07:00:00+00:00,28,1,8,0,0.0
2019-11-27 07:00:00+00:00,28,2,28,0,0.0
2019-11-27 07:00:00+00:00,28,3,22,0,0.0
2019-11-27 07:00:00+00:00,29,1,27,0,0.0
2019-11-27 07:00:00+00:00,29,2,27,0,0.0
2019-11-27 07:00:00+00:00,29,3,17,0,0.0
2019-11-27 07:00:00+00:00,30,1,31,1,34.000000000000064
2019-11-27 07:00:00+00:00,30,2,1,0,0.0
2019-11-27 07:00:00+00:00,30,3,30,0,0.0
2019-11-27 07:00:00+00:00,31,1,8,0,0.0
2019-11-27 07:00:00+00:00,31,2,42,1,34.000000000000064
2019-11-27 07:00:00+00:00,31,3,29,0,0.0
2019-11-27 07:00:00+00:00,32,1,29,0,0.0
2019-11-27 07:00:00+00:00,32,2,6,0,0.0
2019-11-27 07:00:00+00:00,32,3,20,0,0.0
2019-11-27 07:00:00+00:00,33,1,47,0,0.0
2019-11-27 07:00:00+00:00,33,2,28,0,0.0
2019-11-27 07:00:00+00:00,33,3,15,0,0.0
2019-11-27 08:00:00+00:00,0,1,12,0,0.0
2019-11-27 08:00:00+00:00,0,2,14,0,0.0
2019-11-27 08:00:00+00:00,0,3,36,0,0.0
2019-11-27 08:00:00+00:00,1,1,32,0,0.0
2019-11-27 08:00:00+00:00,1,2,48,1,34.000000000000064
2019-11-27 08:00:00+00:00,1,3,21,0,0.0
2019-11-27 08:00:00+00:00,2,1,45,0,0.0
2019-11-27 08:00:00+00:00,2,2,14,0,0.0
2019-11-27 08:00:00+00:00,2,3,23,2,68.00000000000013
2019-11-27 08:00:00+00:00,3,1,26,0,0.0
2019-11-27 08:00:00+00:00,3,2,13,0,0.0
2019-11-27 08:00:00+00:00,3,3,49,0,0.0
2019-11-27 08:00:00+00:00,4,1,36,0,0.0
2019-11-27 08:00:00+00:00,4,3,15,0,0.0
2019-11-27 08:00:00+00:00,5,1,27,0,0.0
2019-11-27 08:00:00+00:00,5,2,22,0,0.0
2019-11-27 08:00:00+00:00,5,3,8,0,0.0
2019-11-27 08:00:00+00:00,6,1,57,0,0.0
2019-11-27 08:00:00+00:00,6,2,33,0,0.0
2019-11-27 08:00:00+00:00,6,3,4,0,0.0
2019-11-27 08:00:00+00:00,7,1,7,0,0.0
2019-11-27 08:00:00+00:00,7,2,27,0,0.0
2019-11-27 08:00:00+00:00,7,3,32,0,0.0
2019-11-27 08:00:00+00:00,8,1,30,0,0.0
2019-11-27 08:00:00+00:00,8,2,30,0,0.0
2019-11-27 08:00:00+00:00,8,3,16,0,0.0
2019-11-27 08:00:00+00:00,9,1,22,0,0.0
2019-11-27 08:00:00+00:00,9,2,33,0,0.0
2019-11-27 08:00:00+00:00,9,3,33,0,0.0
2019-11-27 08:00:00+00:00,10,1,19,1,34.000000000000064
2019-11-27 08:00:00+00:00,10,2,40,1,34.000000000000064
2019-11-27 08:00:00+00:00,10,3,45,0,0.0
2019-11-27 08:00:00+00:00,11,1,44,0,0.0
2019-11-27 08:00:00+00:00,11,2,25,0,0.0
2019-11-27 08:00:00+00:00,11,3,7,0,0.0
2019-11-27 08:00:00+00:00,12,1,28,1,34.000000000000064
2019-11-27 08:00:00+00:00,12,2,38,0,0.0
2019-11-27 08:00:00+00:00,12,3,29,0,0.0
2019-11-27 08:00:00+00:00,13,2,38,0,0.0
2019-11-27 08:00:00+00:00,13,3,12,0,0.0
2019-11-27 08:00:00+00:00,14,1,51,0,0.0
2019-11-27 08:00:00+00:00,14,2,29,0,0.0
2019-11-27 08:00:00+00:00,14,3,7,0,0.0
2019-11-27 08:00:00+00:00,15,1,31,0,0.0
2019-11-27 08:00:00+00:00,15,2,27,0,0.0
2019-11-27 08:00:00+00:00,15,3,27,0,0.0
2019-11-27 08:00:00+00:00,16,1,5,0,0.0
2019-11-27 08:00:00+00:00,16,2,47,0,0.0
2019-11-27 08:00:00+00:00,16,3,60,0,0.0
2019-11-27 08:00:00+00:00,17,1,25,3,102.0000000000002
2019-11-27 08:00:00+00:00,17,2,41,0,0.0
2019-11-27 08:00:00+00:00,17,3,13,0,0.0
2019-11-27 08:00:00+00:00,18,2,27,0,0.0
2019-11-27 08:00:00+00:00,18,3,42,0,0.0
2019-11-27 08:00:00+00:00,19,1,18,0,0.0
2019-11-27 08:00:00+00:00,19,2,6,0,0.0
2019-11-27 08:00:00+00:00,19,3,56,0,0.0
2019-11-27 08:00:00+00:00,20,1,28,0,0.0
2019-11-27 08:00:00+00:00,20,2,35,0,0.0
2019-11-27 08:00:00+00:00,20,3,44,0,0.0
2019-11-27 08:00:00+00:00,21,1,19,0,0.0
2019-11-27 08:00:00+00:00,21,2,25,0,0.0
2019-11-27 08:00:00+00:00,21,3,26,0,0.0
2019-11-27 08:00:00+00:00,22,1,7,0,0.0
2019-11-27 08:00:00+00:00,22,2,18,0,0.0
2019-11-27 08:00:00+00:00,22,3,14,0,0.0
2019-11-27 08:00:00+00:00,23,1,36,0,0.0
2019-11-27 08:00:00+00:00,23,2,13,0,0.0
2019-11-27 08:00:00+00:00,23,3,28,0,0.0
2019-11-27 08:00:00+00:00,24,1,14,0,0.0
2019-11-27 08:00:00+00:00,24,2,42,0,0.0
2019-11-27 08:00:00+00:00,24,3,24,0,0.0
2019-11-27 08:00:00+00:00,25,1,29,0,0.0
2019-11-27 08:00:00+00:00,25,2,13,0,0.0
2019-11-27 08:00:00+00:00,25,3,45,0,0.0
2019-11-27 08:00:00+00:00,26,1,51,0,0.0
2019-11-27 08:00:00+00:00,26,2,23,0,0.0
2019-11-27 08:00:00+00:00,26,3,6,0,0.0
2019-11-27 08:00:00+00:00,27,1,7,0,0.0
2019-11-27 08:00:00+00:00,27,2,26,0,0.0
2019-11-27 08:00:00+00:00,27,3,19,0,0.0
2019-11-27 08:00:00+00:00,28,1,19,0,0.0
2019-11-27 08:00:00+00:00,28,2,32,0,0.0
2019-11-27 08:00:00+00:00,28,3,18,0,0.0
2019-11-27 08:00:00+00:00,29,1,38,0,0.0
2019-11-27 08:00:00+00:00,29,2,27,0,0.0
2019-11-27 08:00:00+00:00,29,3,22,0,0.0
2019-11-27 08:00:00+00:00,30,1,50,0,0.0
2019-11-27 08:00:00+00:00,30,3,33,0,0.0
2019-11-27 08:00:00+00:00,31,1,12,0,0.0
2019-11-27 08:00:00+00:00,31,2,17,0,0.0
2019-11-27 08:00:00+00:00,31,3,16,0,0.0
2019-11-27 08:00:00+00:00,32,1,37,0,0.0
2019-11-27 08:00:00+00:00,32,2,23,0,0.0
2019-11-27 08:00:00+00:00,32,3,27,0,0.0
2019-11-27 08:00:00+00:00,33,1,22,0,0.0
2019-11-27 08:00:00+00:00,33,2,39,0,0.0
2019-11-27 08:00:00+00:00,33,3,28,0,0.0
2019-11-27 09:00:00+00:00,0,1,30,1,34.000000000000064
2019-11-27 09:00:00+00:00,0,2,30,0,0.0
2019-11-27 09:00:00+00:00,0,3,19,0,0.0
2019-11-27 09:00:00+00:00,1,1,32,0,0.0
2019-11-27 09:00:00+00:00,1,2,32,0,0.0
2019-11-27 09:00:00+00:00,1,3,39,0,0.0
2019-11-27 09:00:00+00:00,2,1,54,0,0.0
2019-11-27 09:00:00+00:00,2,2,27,0,0.0
2019-11-27 09:00:00+00:00,2,3,11,0,0.0
2019-11-27 09:00:00+00:00,3,1,38,0,0.0
2019-11-27 09:00:00+00:00,3,2,36,0,0.0
2019-11-27 09:00:00+00:00,3,3,17,0,0.0
2019-11-27 09:00:00+00:00,4,1,15,0,0.0
2019-11-27 09:00:00+00:00,4,2,26,0,0.0
2019-11-27 09:00:00+00:00,4,3,22,0,0.0
2019-11-27 09:00:00+00:00,5,1,13,0,0.0
2019-11-27 09:00:00+00:00,5,2,45,0,0.0
2019-11-27 09:00:00+00:00,5,3,40,0,0.0
2019-11-27 09:00:00+00:00,6,1,43,0,0.0
2019-11-27 09:00:00+00:00,6,2,25,0,0.0
2019-11-27 09:00:00+00:00,6,3,32,0,0.0
2019-11-27 09:00:00+00:00,7,1,38,0,0.0
2019-11-27 09:00:00+00:00,7,2,25,0,0.0
2019-11-27 09:00:00+00:00,7,3,39,0,0.0
2019-11-27 09:00:00+00:00,8,1,32,0,0.0
2019-11-27 09:00:00+00:00,8,2,37,0,0.0
2019-11-27 09:00:00+00:00,8,3,35,0,0.0
2019-11-27 09:00:00+00:00,9,1,51,0,0.0
2019-11-27 09:00:00+00:00,9,2,2,0,0.0
2019-11-27 09:00:00+00:00,9,3,26,0,0.0
2019-11-27 09:00:00+00:00,10,1,20,0,0.0
2019-11-27 09:00:00+00:00,10,2,7,0,0.0
2019-11-27 09:00:00+00:00,10,3,56,1,34.000000000000064
2019-11-27 09:00:00+00:00,11,1,55,0,0.0
2019-11-27 09:00:00+00:00,11,2,36,0,0.0
2019-11-27 09:00:00+00:00,11,3,39,0,0.0
2019-11-27 09:00:00+00:00,12,1,15,0,0.0
2019-11-27 09:00:00+00:00,12,2,9,0,0.0
2019-11-27 09:00:00+00:00,12,3,32,0,0.0
2019-11-27 09:00:00+00:00,13,1,30,0,0.0
2019-11-27 09:00:00+00:00,13,2,22,0,0.0
2019-11-27 09:00:00+00:00,13,3,28,0,0.0
2019-11-27 09:00:00+00:00,14,1,24,0,0.0
2019-11-27 09:00:00+00:00,14,2,19,0,0.0
2019-11-27 09:00:00+00:00,14,3,22,0,0.0
2019-11-27 09:00:00+00:00,15,1,57,2,68.00000000000013
2019-11-27 09:00:00+00:00,15,2,36,0,0.0
2019-11-27 09:00:00+00:00,15,3,28,0,0.0
2019-11-27 09:00:00+00:00,16,1,16,0,0.0
2019-11-27 09:00:00+00:00,16,2,16,0,0.0
2019-11-27 09:00:00+00:00,16,3,32,0,0.0
2019-11-27 09:00:00+00:00,17,1,24,0,0.0
2019-11-27 09:00:00+00:00,17,2,29,0,0.0
2019-11-27 09:00:00+00:00,17,3,17,0,0.0
2019-11-27 09:00:00+00:00,18,1,60,0,0.0
2019-11-27 09:00:00+00:00,18,2,23,0,0.0
2019-11-27 09:00:00+00:00,18,3,14,0,0.0
2019-11-27 09:00:00+00:00,19,1,32,0,0.0
2019-11-27 09:00:00+00:00,19,2,33,0,0.0
2019-11-27 09:00:00+00:00,19,3,56,0,0.0
2019-11-27 09:00:00+00:00,20,1,41,0,0.0
2019-11-27 09:00:00+00:00,20,2,35,0,0.0
2019-11-27 09:00:00+00:00,20,3,41,0,0.0
2019-11-27 09:00:00+00:00,21,1,33,0,0.0
2019-11-27 09:00:00+00:00,21,2,22,0,0.0
2019-11-27 09:00:00+00:00,21,3,6,0,0.0
2019-11-27 09:00:00+00:00,22,1,20,0,0.0
2019-11-27 09:00:00+00:00,22,2,54,1,34.000000000000064
2019-11-27 09:00:00+00:00,22,3,33,0,0.0
2019-11-27 09:00:00+00:00,23,1,9,0,0.0
2019-11-27 09:00:00+00:00,23,2,28,0,0.0
2019-11-27 09:00:00+00:00,23,3,49,0,0.0
2019-11-27 09:00:00+00:00,24,1,15,0,0.0
2019-11-27 09:00:00+00:00,24,2,58,0,0.0
2019-11-27 09:00:00+00:00,24,3,10,0,0.0
2019-11-27 09:00:00+00:00,25,1,38,0,0.0
2019-11-27 09:00:00+00:00,25,2,29,0,0.0
2019-11-27 09:00:00+00:00,25,3,55,0,0.0
2019-11-27 09:00:00+00:00,26,1,23,0,0.0
2019-11-27 09:00:00+00:00,26,2,45,0,0.0
2019-11-27 09:00:00+00:00,27,1,25,0,0.0
2019-11-27 09:00:00+00:00,27,2,35,1,34.000000000000064
2019-11-27 09:00:00+00:00,27,3,25,0,0.0
2019-11-27 09:00:00+00:00,28,1,18,0,0.0
2019-11-27 09:00:00+00:00,28,2,60,0,0.0
2019-11-27 09:00:00+00:00,28,3,5,0,0.0
2019-11-27 09:00:00+00:00,29,1,32,0,0.0
2019-11-27 09:00:00+00:00,29,2,25,0,0.0
2019-11-27 09:00:00+00:00,29,3,8,0,0.0
2019-11-27 09:00:00+00:00,30,1,42,0,0.0
2019-11-27 09:00:00+00:00,30,2,46,0,0.0
2019-11-27 09:00:00+00:00,30,3,77,0,0.0
2019-11-27 09:00:00+00:00,31,1,21,0,0.0
2019-11-27 09:00:00+00:00,31,2,31,1,34.000000000000064
2019-11-27 09:00:00+00:00,31,3,45,0,0.0
2019-11-27 09:00:00+00:00,32,1,31,0,0.0
2019-11-27 09:00:00+00:00,32,3,32,0,0.0
2019-11-27 09:00:00+00:00,33,1,16,0,0.0
2019-11-27 09:00:00+00:00,33,2,59,0,0.0
2019-11-27 09:00:00+00:00,33,3,54,0,0.0
2019-11-27 10:00:00+00:00,0,1,31,0,0.0
2019-11-27 10:00:00+00:00,0,2,36,0,0.0
2019-11-27 10:00:00+00:00,0,3,31,0,0.0
2019-11-27 10:00:00+00:00,1,1,18,0,0.0
2019-11-27 10:00:00+00:00,1,2,30,0,0.0
2019-11-27 10:00:00+00:00,1,3,43,2,68.00000000000013
2019-11-27 10:00:00+00:00,2,1,24,1,34.000000000000064
2019-11-27 10:00:00+00:00,2,2,64,0,0.0
2019-11-27 10:00:00+00:00,3,1,48,0,0.0
2019-11-27 10:00:00+00:00,3,2,70,0,0.0
2019-11-27 10:00:00+00:00,3,3,53,0,0.0
2019-11-27 10:00:00+00:00,4,1,49,1,34.000000000000064
2019-11-27 10:00:00+00:00,4,2,26,0,0.0
2019-11-27 10:00:00+00:00,4,3,37,0,0.0
2019-11-27 10:00:00+00:00,5,1,52,0,0.0
2019-11-27 10:00:00+00:00,5,2,6,0,0.0
2019-11-27 10:00:00+00:00,5,3,44,0,0.0
2019-11-27 10:00:00+00:00,6,1,26,0,0.0
2019-11-27 10:00:00+00:00,6,2,16,0,0.0
2019-11-27 10:00:00+00:00,6,3,41,0,0.0
2019-11-27 10:00:00+00:00,7,1,19,0,0.0
2019-11-27 10:00:00+00:00,7,2,29,0,0.0
2019-11-27 10:00:00+00:00,7,3,47,0,0.0
2019-11-27 10:00:00+00:00,8,1,21,0,0.0
2019-11-27 10:00:00+00:00,8,2,47,0,0.0
2019-11-27 10:00:00+00:00,8,3,5,0,0.0
2019-11-27 10:00:00+00:00,9,1,61,0,0.0
2019-11-27 10:00:00+00:00,9,2,49,0,0.0
2019-11-27 10:00:00+00:00,9,3,36,0,0.0
2019-11-27 10:00:00+00:00,10,1,42,0,0.0
2019-11-27 10:00:00+00:00,10,2,29,0,0.0
2019-11-27 10:00:00+00:00,10,3,27,0,0.0
2019-11-27 10:00:00+00:00,11,1,25,0,0.0
2019-11-27 10:00:00+00:00,11,2,59,0,0.0
2019-11-27 10:00:00+00:00,11,3,69,0,0.0
2019-11-27 10:00:00+00:00,12,1,25,1,34.000000000000064
2019-11-27 10:00:00+00:00,12,2,19,0,0.0
2019-11-27 10:00:00+00:00,12,3,34,0,0.0
2019-11-27 10:00:00+00:00,13,1,31,0,0.0
2019-11-27 10:00:00+00:00,13,2,37,3,102.0000000000002
2019-11-27 10:00:00+00:00,13,3,48,0,0.0
2019-11-27 10:00:00+00:00,14,1,50,0,0.0
2019-11-27 10:00:00+00:00,14,2,61,2,68.00000000000013
2019-11-27 10:00:00+00:00,14,3,55,1,34.000000000000064
2019-11-27 10:00:00+00:00,15,1,28,0,0.0
2019-11-27 10:00:00+00:00,15,2,35,0,0.0
2019-11-27 10:00:00+00:00,15,3,38,0,0.0
2019-11-27 10:00:00+00:00,16,1,47,0,0.0
2019-11-27 10:00:00+00:00,16,2,47,0,0.0
2019-11-27 10:00:00+00:00,16,3,30,0,0.0
2019-11-27 10:00:00+00:00,17,1,34,0,0.0
2019-11-27 10:00:00+00:00,17,2,37,1,34.000000000000064
2019-11-27 10:00:00+00:00,17,3,43,0,0.0
2019-11-27 10:00:00+00:00,18,1,32,0,0.0
2019-11-27 10:00:00+00:00,18,2,57,0,0.0
2019-11-27 10:00:00+00:00,18,3,62,0,0.0
2019-11-27 10:00:00+00:00,19,1,19,0,0.0
2019-11-27 10:00:00+00:00,19,2,32,0,0.0
2019-11-27 10:00:00+00:00,19,3,17,3,102.0000000000002
2019-11-27 10:00:00+00:00,20,1,43,0,0.0
2019-11-27 10:00:00+00:00,20,2,23,0,0.0
2019-11-27 10:00:00+00:00,20,3,23,0,0.0
2019-11-27 10:00:00+00:00,21,1,30,0,0.0
2019-11-27 10:00:00+00:00,21,2,67,0,0.0
2019-11-27 10:00:00+00:00,21,3,52,0,0.0
2019-11-27 10:00:00+00:00,22,1,17,1,34.000000000000064
2019-11-27 10:00:00+00:00,22,2,12,0,0.0
2019-11-27 10:00:00+00:00,22,3,21,0,0.0
2019-11-27 10:00:00+00:00,23,1,18,0,0.0
2019-11-27 10:00:00+00:00,23,2,12,1,34.000000000000064
2019-11-27 10:00:00+00:00,23,3,83,0,0.0
2019-11-27 10:00:00+00:00,24,1,44,0,0.0
2019-11-27 10:00:00+00:00,24,2,22,0,0.0
2019-11-27 10:00:00+00:00,24,3,13,0,0.0
2019-11-27 10:00:00+00:00,25,1,58,0,0.0
2019-11-27 10:00:00+00:00,25,2,51,2,68.00000000000013
2019-11-27 10:00:00+00:00,25,3,43,0,0.0
2019-11-27 10:00:00+00:00,26,1,9,0,0.0
2019-11-27 10:00:00+00:00,26,2,13,0,0.0
2019-11-27 10:00:00+00:00,26,3,34,0,0.0
2019-11-27 10:00:00+00:00,27,1,30,0,0.0
2019-11-27 10:00:00+00:00,27,2,62,0,0.0
2019-11-27 10:00:00+00:00,27,3,35,0,0.0
2019-11-27 10:00:00+00:00,28,1,38,0,0.0
2019-11-27 10:00:00+00:00,28,2,34,0,0.0
2019-11-27 10:00:00+00:00,28,3,15,0,0.0
2019-11-27 10:00:00+00:00,29,1,58,0,0.0
2019-11-27 10:00:00+00:00,29,2,27,0,0.0
2019-11-27 10:00:00+00:00,29,3,18,0,0.0
2019-11-27 10:00:00+00:00,30,1,30,0,0.0
2019-11-27 10:00:00+00:00,30,2,33,0,0.0
2019-11-27 10:00:00+00:00,30,3,18,0,0.0
2019-11-27 10:00:00+00:00,31,1,21,0,0.0
2019-11-27 10:00:00+00:00,31,2,18,0,0.0
2019-11-27 10:00:00+00:00,31,3,35,0,0.0
2019-11-27 10:00:00+00:00,32,1,44,0,0.0
2019-11-27 10:00:00+00:00,32,2,15,0,0.0
2019-11-27 10:00:00+00:00,32,3,8,0,0.0
2019-11-27 10:00:00+00:00,33,1,70,0,0.0
2019-11-27 10:00:00+00:00,33,2,16,0,0.0
2019-11-27 10:00:00+00:00,33,3,32,0,0.0
2019-11-27 11:00:00+00:00,0,1,61,0,0.0
2019-11-27 11:00:00+00:00,0,2,35,0,0.0
2019-11-27 11:00:00+00:00,0,3,8,0,0.0
2019-11-27 11:00:00+00:00,1,1,46,0,0.0
2019-11-27 11:00:00+00:00,1,2,82,1,34.000000000000064
2019-11-27 11:00:00+00:00,1,3,31,0,0.0
2019-11-27 11:00:00+00:00,2,1,19,0,0.0
2019-11-27 11:00:00+00:00,2,2,34,0,0.0
2019-11-27 11:00:00+00:00,2,3,36,0,0.0
2019-11-27 11:00:00+00:00,3,1,41,0,0.0
2019-11-27 11:00:00+00:00,3,2,71,0,0.0
2019-11-27 11:00:00+00:00,3,3,46,0,0.0
2019-11-27 11:00:00+00:00,4,1,44,0,0.0
2019-11-27 11:00:00+00:00,4,2,40,0,0.0
2019-11-27 11:00:00+00:00,4,3,46,0,0.0
2019-11-27 11:00:00+00:00,5,1,60,0,0.0
2019-11-27 11:00:00+00:00,5,2,27,0,0.0
2019-11-27 11:00:00+00:00,5,3,41,0,0.0
2019-11-27 11:00:00+00:00,6,1,98,0,0.0
2019-11-27 11:00:00+00:00,6,2,60,0,0.0
2019-11-27 11:00:00+00:00,6,3,38,1,34.000000000000064
2019-11-27 11:00:00+00:00,7,1,41,0,0.0
2019-11-27 11:00:00+00:00,7,2,50,0,0.0
2019-11-27 11:00:00+00:00,7,3,56,0,0.0
2019-11-27 11:00:00+00:00,8,1,22,0,0.0
2019-11-27 11:00:00+00:00,8,2,34,0,0.0
2019-11-27 11:00:00+00:00,8,3,21,1,34.000000000000064
2019-11-27 11:00:00+00:00,9,1,35,0,0.0
2019-11-27 11:00:00+00:00,9,2,56,0,0.0
2019-11-27 11:00:00+00:00,9,3,40,1,34.000000000000064
2019-11-27 11:00:00+00:00,10,1,20,0,0.0
2019-11-27 11:00:00+00:00,10,2,69,0,0.0
2019-11-27 11:00:00+00:00,10,3,35,1,34.000000000000064
2019-11-27 11:00:00+00:00,11,1,42,0,0.0
2019-11-27 11:00:00+00:00,11,2,81,0,0.0
2019-11-27 11:00:00+00:00,11,3,47,0,0.0
2019-11-27 11:00:00+00:00,12,1,30,0,0.0
2019-11-27 11:00:00+00:00,12,2,52,0,0.0
2019-11-27 11:00:00+00:00,12,3,28,0,0.0
2019-11-27 11:00:00+00:00,13,1,34,0,0.0
2019-11-27 11:00:00+00:00,13,2,60,0,0.0
2019-11-27 11:00:00+00:00,13,3,37,0,0.0
2019-11-27 11:00:00+00:00,14,1,27,0,0.0
2019-11-27 11:00:00+00:00,14,2,23,0,0.0
2019-11-27 11:00:00+00:00,14,3,49,0,0.0
2019-11-27 11:00:00+00:00,15,1,45,0,0.0
2019-11-27 11:00:00+00:00,15,2,34,0,0.0
2019-11-27 11:00:00+00:00,15,3,45,0,0.0
2019-11-27 11:00:00+00:00,16,1,51,1,34.000000000000064
2019-11-27 11:00:00+00:00,16,2,48,0,0.0
2019-11-27 11:00:00+00:00,16,3,38,0,0.0
2019-11-27 11:00:00+00:00,17,1,63,0,0.0
2019-11-27 11:00:00+00:00,17,2,28,0,0.0
2019-11-27 11:00:00+00:00,17,3,35,0,0.0
2019-11-27 11:00:00+00:00,18,1,71,0,0.0
2019-11-27 11:00:00+00:00,18,2,28,0,0.0
2019-11-27 11:00:00+00:00,18,3,38,0,0.0
2019-11-27 11:00:00+00:00,19,1,33,0,0.0
2019-11-27 11:00:00+00:00,19,2,56,0,0.0
2019-11-27 11:00:00+00:00,19,3,40,1,34.000000000000064
2019-11-27 11:00:00+00:00,20,1,51,0,0.0
2019-11-27 11:00:00+00:00,20,2,34,0,0.0
2019-11-27 11:00:00+00:00,20,3,52,0,0.0
2019-11-27 11:00:00+00:00,21,1,35,0,0.0
2019-11-27 11:00:00+00:00,21,2,30,0,0.0
2019-11-27 11:00:00+00:00,21,3,42,0,0.0
2019-11-27 11:00:00+00:00,22,1,15,0,0.0
2019-11-27 11:00:00+00:00,22,2,43,0,0.0
2019-11-27 11:00:00+00:00,22,3,103,1,34.000000000000064
2019-11-27 11:00:00+00:00,23,1,45,0,0.0
2019-11-27 11:00:00+00:00,23,2,54,0,0.0
2019-11-27 11:00:00+00:00,23,3,38,1,34.000000000000064
2019-11-27 11:00:00+00:00,24,1,45,0,0.0
2019-11-27 11:00:00+00:00,24,2,62,0,0.0
2019-11-27 11:00:00+00:00,24,3,58,0,0.0
2019-11-27 11:00:00+00:00,25,1,104,2,68.00000000000013
2019-11-27 11:00:00+00:00,25,2,19,0,0.0
2019-11-27 11:00:00+00:00,25,3,24,0,0.0
2019-11-27 11:00:00+00:00,26,1,104,1,34.000000000000064
2019-11-27 11:00:00+00:00,26,2,49,0,0.0
2019-11-27 11:00:00+00:00,26,3,40,0,0.0
2019-11-27 11:00:00+00:00,27,1,54,0,0.0
2019-11-27 11:00:00+00:00,27,2,48,0,0.0
2019-11-27 11:00:00+00:00,27,3,36,1,34.000000000000064
2019-11-27 11:00:00+00:00,28,1,28,0,0.0
2019-11-27 11:00:00+00:00,28,2,58,0,0.0
2019-11-27 11:00:00+00:00,28,3,95,0,0.0
2019-11-27 11:00:00+00:00,29,1,64,0,0.0
2019-11-27 11:00:00+00:00,29,2,35,0,0.0
2019-11-27 11:00:00+00:00,29,3,85,0,0.0
2019-11-27 11:00:00+00:00,30,1,37,1,34.000000000000064
2019-11-27 11:00:00+00:00,30,2,46,0,0.0
2019-11-27 11:00:00+00:00,30,3,43,0,0.0
2019-11-27 11:00:00+00:00,31,1,28,0,0.0
2019-11-27 11:00:00+00:00,31,2,22,0,0.0
2019-11-27 11:00:00+00:00,31,3,53,0,0.0
2019-11-27 11:00:00+00:00,32,1,6,0,0.0
2019-11-27 11:00:00+00:00,32,2,29,0,0.0
2019-11-27 11:00:00+00:00,32,3,34,1,34.000000000000064
2019-11-27 11:00:00+00:00,33,1,37,0,0.0
2019-11-27 11:00:00+00:00,33,2,40,0,0.0
2019-11-27 11:00:00+00:00,33,3,80,0,0.0
2019-11-27 12:00:00+00:00,0,1,42,0,0.0
2019-11-27 12:00:00+00:00,0,2,84,1,34.000000000000064
2019-11-27 12:00:00+00:00,0,3,46,0,0.0
2019-11-27 12:00:00+00:00,1,1,51,0,0.0
2019-11-27 12:00:00+00:00,1,2,81,0,0.0
2019-11-27 12:00:00+00:00,1,3,32,0,0.0
2019-11-27 12:00:00+00:00,2,1,135,1,34.000000000000064
2019-11-27 12:00:00+00:00,2,2,39,0,0.0
2019-11-27 12:00:00+00:00,2,3,52,0,0.0
2019-11-27 12:00:00+00:00,3,1,72,2,68.00000000000013
2019-11-27 12:00:00+00:00,3,2,74,0,0.0
2019-11-27 12:00:00+00:00,3,3,62,0,0.0
2019-11-27 12:00:00+00:00,4,1,13,0,0.0
2019-11-27 12:00:00+00:00,4,2,36,0,0.0
2019-11-27 12:00:00+00:00,4,3,55,1,34.000000000000064
2019-11-27 12:00:00+00:00,5,1,64,0,0.0
2019-11-27 12:00:00+00:00,5,2,55,0,0.0
2019-11-27 12:00:00+00:00,5,3,90,0,0.0
2019-11-27 12:00:00+00:00,6,1,72,0,0.0
2019-11-27 12:00:00+00:00,6,2,27,0,0.0
2019-11-27 12:00:00+00:00,6,3,49,1,34.000000000000064
2019-11-27 12:00:00+00:00,7,1,47,0,0.0
2019-11-27 12:00:00+00:00,7,2,15,0,0.0
2019-11-27 12:00:00+00:00,7,3,71,0,0.0
2019-11-27 12:00:00+00:00,8,1,65,0,0.0
2019-11-27 12:00:00+00:00,8,2,53,0,0.0
2019-11-27 12:00:00+00:00,8,3,57,0,0.0
2019-11-27 12:00:00+00:00,9,1,34,0,0.0
2019-11-27 12:00:00+00:00,9,2,78,0,0.0
2019-11-27 12:00:00+00:00,9,3,34,1,34.000000000000064
2019-11-27 12:00:00+00:00,10,1,71,1,34.000000000000064
2019-11-27 12:00:00+00:00,10,2,61,0,0.0
2019-11-27 12:00:00+00:00,10,3,41,1,34.000000000000064
2019-11-27 12:00:00+00:00,11,1,56,2,68.00000000000013
2019-11-27 12:00:00+00:00,11,2,61,0,0.0
2019-11-27 12:00:00+00:00,11,3,70,0,0.0
2019-11-27 12:00:00+00:00,12,1,18,0,0.0
2019-11-27 12:00:00+00:00,12,2,93,0,0.0
2019-11-27 12:00:00+00:00,12,3,34,0,0.0
2019-11-27 12:00:00+00:00,13,1,49,0,0.0
2019-11-27 12:00:00+00:00,13,2,32,0,0.0
2019-11-27 12:00:00+00:00,13,3,62,0,0.0
2019-11-27 12:00:00+00:00,14,1,71,2,68.00000000000013
2019-11-27 12:00:00+00:00,14,2,73,0,0.0
2019-11-27 12:00:00+00:00,14,3,79,0,0.0
2019-11-27 12:00:00+00:00,15,1,47,0,0.0
2019-11-27 12:00:00+00:00,15,2,36,0,0.0
2019-11-27 12:00:00+00:00,15,3,69,1,34.000000000000064
2019-11-27 12:00:00+00:00,16,1,30,0,0.0
2019-11-27 12:00:00+00:00,16,2,89,0,0.0
2019-11-27 12:00:00+00:00,16,3,68,0,0.0
2019-11-27 12:00:00+00:00,17,1,47,0,0.0
2019-11-27 12:00:00+00:00,17,2,58,0,0.0
2019-11-27 12:00:00+00:00,17,3,47,0,0.0
2019-11-27 12:00:00+00:00,18,1,11,0,0.0
2019-11-27 12:00:00+00:00,18,2,63,2,68.00000000000013
2019-11-27 12:00:00+00:00,18,3,57,0,0.0
2019-11-27 12:00:00+00:00,19,1,52,0,0.0
2019-11-27 12:00:00+00:00,19,2,59,0,0.0
2019-11-27 12:00:00+00:00,19,3,35,0,0.0
2019-11-27 12:00:00+00:00,20,1,40,0,0.0
2019-11-27 12:00:00+00:00,20,2,23,0,0.0
2019-11-27 12:00:00+00:00,20,3,50,0,0.0
2019-11-27 12:00:00+00:00,21,1,87,2,68.00000000000013
2019-11-27 12:00:00+00:00,21,2,91,0,0.0
2019-11-27 12:00:00+00:00,21,3,49,0,0.0
2019-11-27 12:00:00+00:00,22,1,18,0,0.0
2019-11-27 12:00:00+00:00,22,2,37,0,0.0
2019-11-27 12:00:00+00:00,22,3,62,0,0.0
2019-11-27 12:00:00+00:00,23,1,118,0,0.0
2019-11-27 12:00:00+00:00,23,2,82,0,0.0
2019-11-27 12:00:00+00:00,23,3,16,0,0.0
2019-11-27 12:00:00+00:00,24,1,39,0,0.0
2019-11-27 12:00:00+00:00,24,2,58,0,0.0
2019-11-27 12:00:00+00:00,24,3,44,1,34.000000000000064
2019-11-27 12:00:00+00:00,25,1,36,0,0.0
2019-11-27 12:00:00+00:00,25,2,34,0,0.0
2019-11-27 12:00:00+00:00,25,3,29,0,0.0
2019-11-27 12:00:00+00:00,26,1,59,0,0.0
2019-11-27 12:00:00+00:00,26,2,62,1,34.000000000000064
2019-11-27 12:00:00+00:00,26,3,50,0,0.0
2019-11-27 12:00:00+00:00,27,1,79,0,0.0
2019-11-27 12:00:00+00:00,27,2,47,0,0.0
2019-11-27 12:00:00+00:00,27,3,80,0,0.0
2019-11-27 12:00:00+00:00,28,1,76,0,0.0
2019-11-27 12:00:00+00:00,28,2,46,1,34.000000000000064
2019-11-27 12:00:00+00:00,28,3,54,0,0.0
2019-11-27 12:00:00+00:00,29,1,47,1,34.000000000000064
2019-11-27 12:00:00+00:00,29,2,33,0,0.0
2019-11-27 12:00:00+00:00,29,3,49,1,34.000000000000064
2019-11-27 12:00:00+00:00,30,1,65,0,0.0
2019-11-27 12:00:00+00:00,30,2,32,0,0.0
2019-11-27 12:00:00+00:00,30,3,41,0,0.0
2019-11-27 12:00:00+00:00,31,1,40,0,0.0
2019-11-27 12:00:00+00:00,31,2,47,0,0.0
2019-11-27 12:00:00+00:00,31,3,75,0,0.0
2019-11-27 12:00:00+00:00,32,1,36,0,0.0
2019-11-27 12:00:00+00:00,32,2,28,0,0.0
2019-11-27 12:00:00+00:00,32,3,86,0,0.0
2019-11-27 12:00:00+00:00,33,1,74,0,0.0
2019-11-27 12:00:00+00:00,33,2,76,0,0.0
2019-11-27 12:00:00+00:00,33,3,67,0,0.0
2019-11-27 13:00:00+00:00,0,1,60,0,0.0
2019-11-27 13:00:00+00:00,0,2,57,0,0.0
2019-11-27 13:00:00+00:00,0,3,74,1,34.000000000000064
2019-11-27 13:00:00+00:00,1,1,85,0,0.0
2019-11-27 13:00:00+00:00,1,2,53,0,0.0
2019-11-27 13:00:00+00:00,1,3,61,1,34.000000000000064
2019-11-27 13:00:00+00:00,2,1,37,0,0.0
2019-11-27 13:00:00+00:00,2,2,60,0,0.0
2019-11-27 13:00:00+00:00,2,3,70,6,204.0000000000004
2019-11-27 13:00:00+00:00,3,1,29,0,0.0
2019-11-27 13:00:00+00:00,3,2,25,1,34.000000000000064
2019-11-27 13:00:00+00:00,3,3,67,2,68.00000000000013
2019-11-27 13:00:00+00:00,4,1,71,4,136.00000000000026
2019-11-27 13:00:00+00:00,4,2,28,0,0.0
2019-11-27 13:00:00+00:00,4,3,48,0,0.0
2019-11-27 13:00:00+00:00,5,1,32,0,0.0
2019-11-27 13:00:00+00:00,5,2,43,0,0.0
2019-11-27 13:00:00+00:00,5,3,51,0,0.0
2019-11-27 13:00:00+00:00,6,1,49,0,0.0
2019-11-27 13:00:00+00:00,6,2,79,0,0.0
2019-11-27 13:00:00+00:00,6,3,83,1,34.000000000000064
2019-11-27 13:00:00+00:00,7,1,69,1,34.000000000000064
2019-11-27 13:00:00+00:00,7,2,53,0,0.0
2019-11-27 13:00:00+00:00,7,3,52,0,0.0
2019-11-27 13:00:00+00:00,8,1,55,0,0.0
2019-11-27 13:00:00+00:00,8,2,44,0,0.0
2019-11-27 13:00:00+00:00,8,3,52,0,0.0
2019-11-27 13:00:00+00:00,9,1,33,0,0.0
2019-11-27 13:00:00+00:00,9,2,113,0,0.0
2019-11-27 13:00:00+00:00,9,3,69,0,0.0
2019-11-27 13:00:00+00:00,10,1,26,0,0.0
2019-11-27 13:00:00+00:00,10,2,49,0,0.0
2019-11-27 13:00:00+00:00,10,3,77,0,0.0
2019-11-27 13:00:00+00:00,11,1,41,0,0.0
2019-11-27 13:00:00+00:00,11,2,56,0,0.0
2019-11-27 13:00:00+00:00,11,3,35,1,34.000000000000064
2019-11-27 13:00:00+00:00,12,1,59,0,0.0
2019-11-27 13:00:00+00:00,12,2,41,0,0.0
2019-11-27 13:00:00+00:00,12,3,56,0,0.0
2019-11-27 13:00:00+00:00,13,1,76,0,0.0
2019-11-27 13:00:00+00:00,13,2,42,0,0.0
2019-11-27 13:00:00+00:00,13,3,52,0,0.0
2019-11-27 13:00:00+00:00,14,1,61,1,34.000000000000064
2019-11-27 13:00:00+00:00,14,2,65,0,0.0
2019-11-27 13:00:00+00:00,14,3,67,0,0.0
2019-11-27 13:00:00+00:00,15,1,16,0,0.0
2019-11-27 13:00:00+00:00,15,2,52,0,0.0
2019-11-27 13:00:00+00:00,15,3,21,0,0.0
2019-11-27 13:00:00+00:00,16,1,89,0,0.0
2019-11-27 13:00:00+00:00,16,2,75,0,0.0
2019-11-27 13:00:00+00:00,16,3,60,0,0.0
2019-11-27 13:00:00+00:00,17,1,63,0,0.0
2019-11-27 13:00:00+00:00,17,2,56,0,0.0
2019-11-27 13:00:00+00:00,17,3,37,0,0.0
2019-11-27 13:00:00+00:00,18,1,82,1,34.000000000000064
2019-11-27 13:00:00+00:00,18,2,28,0,0.0
2019-11-27 13:00:00+00:00,18,3,62,0,0.0
2019-11-27 13:00:00+00:00,19,1,96,0,0.0
2019-11-27 13:00:00+00:00,19,2,54,0,0.0
2019-11-27 13:00:00+00:00,19,3,47,0,0.0
2019-11-27 13:00:00+00:00,20,1,47,0,0.0
2019-11-27 13:00:00+00:00,20,2,48,0,0.0
2019-11-27 13:00:00+00:00,20,3,103,0,0.0
2019-11-27 13:00:00+00:00,21,1,36,0,0.0
2019-11-27 13:00:00+00:00,21,2,60,0,0.0
2019-11-27 13:00:00+00:00,21,3,62,0,0.0
2019-11-27 13:00:00+00:00,22,1,52,0,0.0
2019-11-27 13:00:00+00:00,22,2,65,0,0.0
2019-11-27 13:00:00+00:00,22,3,98,0,0.0
2019-11-27 13:00:00+00:00,23,1,41,0,0.0
2019-11-27 13:00:00+00:00,23,2,96,0,0.0
2019-11-27 13:00:00+00:00,23,3,52,0,0.0
2019-11-27 13:00:00+00:00,24,1,48,0,0.0
2019-11-27 13:00:00+00:00,24,2,68,0,0.0
2019-11-27 13:00:00+00:00,24,3,59,0,0.0
2019-11-27 13:00:00+00:00,25,1,46,1,34.000000000000064
2019-11-27 13:00:00+00:00,25,2,38,0,0.0
2019-11-27 13:00:00+00:00,25,3,58,0,0.0
2019-11-27 13:00:00+00:00,26,1,122,1,34.000000000000064
2019-11-27 13:00:00+00:00,26,2,54,1,34.000000000000064
2019-11-27 13:00:00+00:00,26,3,47,0,0.0
2019-11-27 13:00:00+00:00,27,1,79,0,0.0
2019-11-27 13:00:00+00:00,27,2,42,1,34.000000000000064
2019-11-27 13:00:00+00:00,27,3,63,0,0.0
2019-11-27 13:00:00+00:00,28,1,50,0,0.0
2019-11-27 13:00:00+00:00,28,2,64,1,34.000000000000064
2019-11-27 13:00:00+00:00,28,3,52,0,0.0
2019-11-27 13:00:00+00:00,29,1,45,0,0.0
2019-11-27 13:00:00+00:00,29,2,92,0,0.0
2019-11-27 13:00:00+00:00,29,3,49,0,0.0
2019-11-27 13:00:00+00:00,30,1,51,0,0.0
2019-11-27 13:00:00+00:00,30,2,70,0,0.0
2019-11-27 13:00:00+00:00,30,3,51,0,0.0
2019-11-27 13:00:00+00:00,31,1,73,0,0.0
2019-11-27 13:00:00+00:00,31,2,79,0,0.0
2019-11-27 13:00:00+00:00,31,3,27,0,0.0
2019-11-27 13:00:00+00:00,32,1,94,1,34.000000000000064
2019-11-27 13:00:00+00:00,32,2,57,0,0.0
2019-11-27 13:00:00+00:00,32,3,77,0,0.0
2019-11-27 13:00:00+00:00,33,1,61,0,0.0
2019-11-27 13:00:00+00:00,33,2,69,0,0.0
2019-11-27 13:00:00+00:00,33,3,35,0,0.0
2019-11-27 14:00:00+00:00,0,1,74,0,0.0
2019-11-27 14:00:00+00:00,0,2,60,0,0.0
2019-11-27 14:00:00+00:00,0,3,63,0,0.0
2019-11-27 14:00:00+00:00,1,1,67,0,0.0
2019-11-27 14:00:00+00:00,1,2,65,0,0.0
2019-11-27 14:00:00+00:00,1,3,74,0,0.0
2019-11-27 14:00:00+00:00,2,1,44,0,0.0
2019-11-27 14:00:00+00:00,2,2,89,4,136.00000000000026
2019-11-27 14:00:00+00:00,2,3,74,0,0.0
2019-11-27 14:00:00+00:00,3,1,43,1,34.000000000000064
2019-11-27 14:00:00+00:00,3,2,42,0,0.0
2019-11-27 14:00:00+00:00,3,3,67,0,0.0
2019-11-27 14:00:00+00:00,4,1,62,0,0.0
2019-11-27 14:00:00+00:00,4,2,41,0,0.0
2019-11-27 14:00:00+00:00,4,3,90,0,0.0
2019-11-27 14:00:00+00:00,5,1,53,0,0.0
2019-11-27 14:00:00+00:00,5,2,72,1,34.000000000000064
2019-11-27 14:00:00+00:00,5,3,52,0,0.0
2019-11-27 14:00:00+00:00,6,1,56,0,0.0
2019-11-27 14:00:00+00:00,6,2,34,0,0.0
2019-11-27 14:00:00+00:00,6,3,44,0,0.0
2019-11-27 14:00:00+00:00,7,1,49,0,0.0
2019-11-27 14:00:00+00:00,7,2,66,0,0.0
2019-11-27 14:00:00+00:00,7,3,37,0,0.0
2019-11-27 14:00:00+00:00,8,1,96,0,0.0
2019-11-27 14:00:00+00:00,8,2,66,0,0.0
2019-11-27 14:00:00+00:00,8,3,36,1,34.000000000000064
2019-11-27 14:00:00+00:00,9,1,44,1,34.000000000000064
2019-11-27 14:00:00+00:00,9,2,53,0,0.0
2019-11-27 14:00:00+00:00,9,3,47,0,0.0
2019-11-27 14:00:00+00:00,10,1,81,0,0.0
2019-11-27 14:00:00+00:00,10,2,37,0,0.0
2019-11-27 14:00:00+00:00,10,3,42,0,0.0
2019-11-27 14:00:00+00:00,11,1,44,0,0.0
2019-11-27 14:00:00+00:00,11,2,69,0,0.0
2019-11-27 14:00:00+00:00,11,3,60,0,0.0
2019-11-27 14:00:00+00:00,12,1,67,0,0.0
2019-11-27 14:00:00+00:00,12,2,35,0,0.0
2019-11-27 14:00:00+00:00,12,3,31,0,0.0
2019-11-27 14:00:00+00:00,13,1,64,0,0.0
2019-11-27 14:00:00+00:00,13,2,34,0,0.0
2019-11-27 14:00:00+00:00,13,3,45,0,0.0
2019-11-27 14:00:00+00:00,14,1,64,0,0.0
2019-11-27 14:00:00+00:00,14,2,56,1,34.000000000000064
2019-11-27 14:00:00+00:00,14,3,37,0,0.0
2019-11-27 14:00:00+00:00,15,1,51,0,0.0
2019-11-27 14:00:00+00:00,15,2,74,0,0.0
2019-11-27 14:00:00+00:00,15,3,83,3,102.0000000000002
2019-11-27 14:00:00+00:00,16,1,49,0,0.0
2019-11-27 14:00:00+00:00,16,2,42,0,0.0
2019-11-27 14:00:00+00:00,16,3,46,0,0.0
2019-11-27 14:00:00+00:00,17,1,42,0,0.0
2019-11-27 14:00:00+00:00,17,2,42,0,0.0
2019-11-27 14:00:00+00:00,17,3,72,0,0.0
2019-11-27 14:00:00+00:00,18,1,60,1,34.000000000000064
2019-11-27 14:00:00+00:00,18,2,69,1,34.000000000000064
2019-11-27 14:00:00+00:00,18,3,70,0,0.0
2019-11-27 14:00:00+00:00,19,1,61,1,34.000000000000064
2019-11-27 14:00:00+00:00,19,2,68,0,0.0
2019-11-27 14:00:00+00:00,19,3,39,0,0.0
2019-11-27 14:00:00+00:00,20,1,66,0,0.0
2019-11-27 14:00:00+00:00,20,2,55,0,0.0
2019-11-27 14:00:00+00:00,20,3,24,0,0.0
2019-11-27 14:00:00+00:00,21,1,35,0,0.0
2019-11-27 14:00:00+00:00,21,2,16,0,0.0
2019-11-27 14:00:00+00:00,21,3,21,0,0.0
2019-11-27 14:00:00+00:00,22,1,37,0,0.0
2019-11-27 14:00:00+00:00,22,2,88,0,0.0
2019-11-27 14:00:00+00:00,22,3,56,0,0.0
2019-11-27 14:00:00+00:00,23,1,59,0,0.0
2019-11-27 14:00:00+00:00,23,2,6,0,0.0
2019-11-27 14:00:00+00:00,23,3,42,0,0.0
2019-11-27 14:00:00+00:00,24,1,41,0,0.0
2019-11-27 14:00:00+00:00,24,2,26,0,0.0
2019-11-27 14:00:00+00:00,24,3,51,0,0.0
2019-11-27 14:00:00+00:00,25,1,57,0,0.0
2019-11-27 14:00:00+00:00,25,2,38,0,0.0
2019-11-27 14:00:00+00:00,25,3,56,0,0.0
2019-11-27 14:00:00+00:00,26,1,42,0,0.0
2019-11-27 14:00:00+00:00,26,2,30,0,0.0
2019-11-27 14:00:00+00:00,26,3,39,0,0.0
2019-11-27 14:00:00+00:00,27,1,66,0,0.0
2019-11-27 14:00:00+00:00,27,2,64,0,0.0
2019-11-27 14:00:00+00:00,27,3,35,0,0.0
2019-11-27 14:00:00+00:00,28,1,14,0,0.0
2019-11-27 14:00:00+00:00,28,2,103,0,0.0
2019-11-27 14:00:00+00:00,28,3,42,0,0.0
2019-11-27 14:00:00+00:00,29,1,38,0,0.0
2019-11-27 14:00:00+00:00,29,2,60,0,0.0
2019-11-27 14:00:00+00:00,29,3,71,0,0.0
2019-11-27 14:00:00+00:00,30,1,90,1,34.000000000000064
2019-11-27 14:00:00+00:00,30,2,90,0,0.0
2019-11-27 14:00:00+00:00,30,3,77,0,0.0
2019-11-27 14:00:00+00:00,31,1,47,0,0.0
2019-11-27 14:00:00+00:00,31,2,54,0,0.0
2019-11-27 14:00:00+00:00,31,3,44,0,0.0
2019-11-27 14:00:00+00:00,32,1,37,0,0.0
2019-11-27 14:00:00+00:00,32,2,26,0,0.0
2019-11-27 14:00:00+00:00,32,3,109,0,0.0
2019-11-27 14:00:00+00:00,33,1,30,0,0.0
2019-11-27 14:00:00+00:00,33,2,59,2,68.00000000000013
2019-11-27 14:00:00+00:00,33,3,54,0,0.0
2019-11-27 15:00:00+00:00,0,1,46,0,0.0
2019-11-27 15:00:00+00:00,0,2,79,4,136.00000000000026
2019-11-27 15:00:00+00:00,0,3,78,1,34.000000000000064
2019-11-27 15:00:00+00:00,1,1,70,0,0.0
2019-11-27 15:00:00+00:00,1,2,21,0,0.0
2019-11-27 15:00:00+00:00,1,3,50,0,0.0
2019-11-27 15:00:00+00:00,2,1,25,0,0.0
2019-11-27 15:00:00+00:00,2,2,36,1,34.000000000000064
2019-11-27 15:00:00+00:00,2,3,20,0,0.0
2019-11-27 15:00:00+00:00,3,1,89,0,0.0
2019-11-27 15:00:00+00:00,3,2,61,0,0.0
2019-11-27 15:00:00+00:00,3,3,45,0,0.0
2019-11-27 15:00:00+00:00,4,1,69,0,0.0
2019-11-27 15:00:00+00:00,4,2,14,0,0.0
2019-11-27 15:00:00+00:00,4,3,50,2,68.00000000000013
2019-11-27 15:00:00+00:00,5,1,68,1,34.000000000000064
2019-11-27 15:00:00+00:00,5,2,42,0,0.0
2019-11-27 15:00:00+00:00,5,3,73,0,0.0
2019-11-27 15:00:00+00:00,6,1,74,0,0.0
2019-11-27 15:00:00+00:00,6,3,77,1,34.000000000000064
2019-11-27 15:00:00+00:00,7,1,36,0,0.0
2019-11-27 15:00:00+00:00,7,2,49,0,0.0
2019-11-27 15:00:00+00:00,7,3,48,0,0.0
2019-11-27 15:00:00+00:00,8,1,70,1,34.000000000000064
2019-11-27 15:00:00+00:00,8,2,16,0,0.0
2019-11-27 15:00:00+00:00,8,3,30,0,0.0
2019-11-27 15:00:00+00:00,9,1,47,0,0.0
2019-11-27 15:00:00+00:00,9,2,49,0,0.0
2019-11-27 15:00:00+00:00,9,3,41,1,34.000000000000064
2019-11-27 15:00:00+00:00,10,1,55,0,0.0
2019-11-27 15:00:00+00:00,10,2,43,0,0.0
2019-11-27 15:00:00+00:00,10,3,23,0,0.0
2019-11-27 15:00:00+00:00,11,1,79,0,0.0
2019-11-27 15:00:00+00:00,11,2,70,0,0.0
2019-11-27 15:00:00+00:00,11,3,35,0,0.0
2019-11-27 15:00:00+00:00,12,1,61,0,0.0
2019-11-27 15:00:00+00:00,12,2,67,0,0.0
2019-11-27 15:00:00+00:00,12,3,65,0,0.0
2019-11-27 15:00:00+00:00,13,1,19,0,0.0
2019-11-27 15:00:00+00:00,13,2,33,0,0.0
2019-11-27 15:00:00+00:00,13,3,68,0,0.0
2019-11-27 15:00:00+00:00,14,1,74,0,0.0
2019-11-27 15:00:00+00:00,14,2,77,1,34.000000000000064
2019-11-27 15:00:00+00:00,14,3,18,0,0.0
2019-11-27 15:00:00+00:00,15,1,2,0,0.0
2019-11-27 15:00:00+00:00,15,2,9,0,0.0
2019-11-27 15:00:00+00:00,15,3,60,1,34.000000000000064
2019-11-27 15:00:00+00:00,16,1,36,0,0.0
2019-11-27 15:00:00+00:00,16,2,34,0,0.0
2019-11-27 15:00:00+00:00,16,3,61,0,0.0
2019-11-27 15:00:00+00:00,17,1,44,0,0.0
2019-11-27 15:00:00+00:00,17,2,46,0,0.0
2019-11-27 15:00:00+00:00,17,3,29,0,0.0
2019-11-27 15:00:00+00:00,18,1,49,0,0.0
2019-11-27 15:00:00+00:00,18,2,70,1,34.000000000000064
2019-11-27 15:00:00+00:00,18,3,57,0,0.0
2019-11-27 15:00:00+00:00,19,1,30,0,0.0
2019-11-27 15:00:00+00:00,19,2,80,0,0.0
2019-11-27 15:00:00+00:00,19,3,65,0,0.0
2019-11-27 15:00:00+00:00,20,1,46,1,34.000000000000064
2019-11-27 15:00:00+00:00,20,2,32,0,0.0
2019-11-27 15:00:00+00:00,20,3,44,0,0.0
2019-11-27 15:00:00+00:00,21,1,44,0,0.0
2019-11-27 15:00:00+00:00,21,2,66,1,34.000000000000064
2019-11-27 15:00:00+00:00,21,3,23,0,0.0
2019-11-27 15:00:00+00:00,22,1,16,0,0.0
2019-11-27 15:00:00+00:00,22,2,37,0,0.0
2019-11-27 15:00:00+00:00,22,3,45,0,0.0
2019-11-27 15:00:00+00:00,23,1,24,0,0.0
2019-11-27 15:00:00+00:00,23,2,30,0,0.0
2019-11-27 15:00:00+00:00,23,3,62,0,0.0
2019-11-27 15:00:00+00:00,24,1,29,0,0.0
2019-11-27 15:00:00+00:00,24,2,59,0,0.0
2019-11-27 15:00:00+00:00,24,3,31,0,0.0
2019-11-27 15:00:00+00:00,25,1,56,0,0.0
2019-11-27 15:00:00+00:00,25,2,81,0,0.0
2019-11-27 15:00:00+00:00,25,3,95,0,0.0
2019-11-27 15:00:00+00:00,26,1,19,2,68.00000000000013
2019-11-27 15:00:00+00:00,26,2,28,0,0.0
2019-11-27 15:00:00+00:00,26,3,73,0,0.0
2019-11-27 15:00:00+00:00,27,1,42,0,0.0
2019-11-27 15:00:00+00:00,27,2,53,0,0.0
2019-11-27 15:00:00+00:00,27,3,35,0,0.0
2019-11-27 15:00:00+00:00,28,1,29,0,0.0
2019-11-27 15:00:00+00:00,28,2,45,0,0.0
2019-11-27 15:00:00+00:00,28,3,49,0,0.0
2019-11-27 15:00:00+00:00,29,1,21,0,0.0
2019-11-27 15:00:00+00:00,29,2,67,0,0.0
2019-11-27 15:00:00+00:00,29,3,47,0,0.0
2019-11-27 15:00:00+00:00,30,1,52,0,0.0
2019-11-27 15:00:00+00:00,30,2,48,0,0.0
2019-11-27 15:00:00+00:00,30,3,34,0,0.0
2019-11-27 15:00:00+00:00,31,1,65,0,0.0
2019-11-27 15:00:00+00:00,31,2,83,1,34.000000000000064
2019-11-27 15:00:00+00:00,31,3,16,0,0.0
2019-11-27 15:00:00+00:00,32,1,65,0,0.0
2019-11-27 15:00:00+00:00,32,2,30,0,0.0
2019-11-27 15:00:00+00:00,32,3,35,1,34.000000000000064
2019-11-27 15:00:00+00:00,33,1,58,0,0.0
2019-11-27 15:00:00+00:00,33,2,55,0,0.0
2019-11-27 15:00:00+00:00,33,3,28,0,0.0
2019-11-27 16:00:00+00:00,0,1,21,0,0.0
2019-11-27 16:00:00+00:00,0,2,23,0,0.0
2019-11-27 16:00:00+00:00,0,3,16,0,0.0
2019-11-27 16:00:00+00:00,1,1,15,0,0.0
2019-11-27 16:00:00+00:00,1,2,33,0,0.0
2019-11-27 16:00:00+00:00,1,3,25,0,0.0
2019-11-27 16:00:00+00:00,2,1,14,0,0.0
2019-11-27 16:00:00+00:00,2,2,5,0,0.0
2019-11-27 16:00:00+00:00,2,3,25,0,0.0
2019-11-27 16:00:00+00:00,3,1,27,0,0.0
2019-11-27 16:00:00+00:00,3,2,44,0,0.0
2019-11-27 16:00:00+00:00,3,3,33,0,0.0
2019-11-27 16:00:00+00:00,4,1,17,0,0.0
2019-11-27 16:00:00+00:00,4,2,23,0,0.0
2019-11-27 16:00:00+00:00,4,3,33,0,0.0
2019-11-27 16:00:00+00:00,5,1,44,0,0.0
2019-11-27 16:00:00+00:00,5,2,17,0,0.0
2019-11-27 16:00:00+00:00,5,3,62,0,0.0
2019-11-27 16:00:00+00:00,6,1,15,0,0.0
2019-11-27 16:00:00+00:00,6,2,36,0,0.0
2019-11-27 16:00:00+00:00,6,3,8,0,0.0
2019-11-27 16:00:00+00:00,7,1,36,0,0.0
2019-11-27 16:00:00+00:00,7,2,5,0,0.0
2019-11-27 16:00:00+00:00,7,3,9,0,0.0
2019-11-27 16:00:00+00:00,8,1,21,0,0.0
2019-11-27 16:00:00+00:00,8,2,20,0,0.0
2019-11-27 16:00:00+00:00,8,3,8,0,0.0
2019-11-27 16:00:00+00:00,9,1,26,0,0.0
2019-11-27 16:00:00+00:00,9,2,14,0,0.0
2019-11-27 16:00:00+00:00,9,3,17,0,0.0
2019-11-27 16:00:00+00:00,10,1,55,0,0.0
2019-11-27 16:00:00+00:00,10,2,16,0,0.0
2019-11-27 16:00:00+00:00,10,3,5,0,0.0
2019-11-27 16:00:00+00:00,11,1,12,0,0.0
2019-11-27 16:00:00+00:00,11,2,10,0,0.0
2019-11-27 16:00:00+00:00,11,3,30,0,0.0
2019-11-27 16:00:00+00:00,12,1,6,0,0.0
2019-11-27 16:00:00+00:00,12,2,18,0,0.0
2019-11-27 16:00:00+00:00,12,3,13,2,68.00000000000013
2019-11-27 16:00:00+00:00,13,1,7,0,0.0
2019-11-27 16:00:00+00:00,13,2,7,0,0.0
2019-11-27 16:00:00+00:00,13,3,5,0,0.0
2019-11-27 16:00:00+00:00,14,1,34,0,0.0
2019-11-27 16:00:00+00:00,14,2,9,0,0.0
2019-11-27 16:00:00+00:00,14,3,45,0,0.0
2019-11-27 16:00:00+00:00,15,1,20,0,0.0
2019-11-27 16:00:00+00:00,15,2,41,0,0.0
2019-11-27 16:00:00+00:00,15,3,36,0,0.0
2019-11-27 16:00:00+00:00,16,1,36,0,0.0
2019-11-27 16:00:00+00:00,16,2,26,0,0.0
2019-11-27 16:00:00+00:00,16,3,37,0,0.0
2019-11-27 16:00:00+00:00,17,1,22,0,0.0
2019-11-27 16:00:00+00:00,17,2,15,0,0.0
2019-11-27 16:00:00+00:00,17,3,30,0,0.0
2019-11-27 16:00:00+00:00,18,1,16,0,0.0
2019-11-27 16:00:00+00:00,18,2,39,0,0.0
2019-11-27 16:00:00+00:00,18,3,46,0,0.0
2019-11-27 16:00:00+00:00,19,1,23,0,0.0
2019-11-27 16:00:00+00:00,19,2,23,0,0.0
2019-11-27 16:00:00+00:00,19,3,32,1,34.000000000000064
2019-11-27 16:00:00+00:00,20,1,24,0,0.0
2019-11-27 16:00:00+00:00,20,2,19,0,0.0
2019-11-27 16:00:00+00:00,20,3,3,0,0.0
2019-11-27 16:00:00+00:00,21,1,21,0,0.0
2019-11-27 16:00:00+00:00,21,2,26,0,0.0
2019-11-27 16:00:00+00:00,21,3,27,1,34.000000000000064
2019-11-27 16:00:00+00:00,22,1,10,0,0.0
2019-11-27 16:00:00+00:00,22,2,32,0,0.0
2019-11-27 16:00:00+00:00,22,3,14,0,0.0
2019-11-27 16:00:00+00:00,23,1,12,0,0.0
2019-11-27 16:00:00+00:00,23,2,9,0,0.0
2019-11-27 16:00:00+00:00,23,3,30,0,0.0
2019-11-27 16:00:00+00:00,24,1,15,0,0.0
2019-11-27 16:00:00+00:00,24,2,13,0,0.0
2019-11-27 16:00:00+00:00,24,3,12,0,0.0
2019-11-27 16:00:00+00:00,25,1,40,0,0.0
2019-11-27 16:00:00+00:00,25,2,31,0,0.0
2019-11-27 16:00:00+00:00,25,3,12,1,34.000000000000064
2019-11-27 16:00:00+00:00,26,1,8,0,0.0
2019-11-27 16:00:00+00:00,26,2,18,0,0.0
2019-11-27 16:00:00+00:00,26,3,19,0,0.0
2019-11-27 16:00:00+00:00,27,1,25,3,102.0000000000002
2019-11-27 16:00:00+00:00,27,2,35,0,0.0
2019-11-27 16:00:00+00:00,27,3,2,0,0.0
2019-11-27 16:00:00+00:00,28,1,28,0,0.0
2019-11-27 16:00:00+00:00,28,2,22,0,0.0
2019-11-27 16:00:00+00:00,28,3,43,0,0.0
2019-11-27 16:00:00+00:00,29,1,28,0,0.0
2019-11-27 16:00:00+00:00,29,2,13,0,0.0
2019-11-27 16:00:00+00:00,29,3,29,0,0.0
2019-11-27 16:00:00+00:00,30,1,45,0,0.0
2019-11-27 16:00:00+00:00,30,2,43,6,204.0000000000004
2019-11-27 16:00:00+00:00,30,3,22,1,34.000000000000064
2019-11-27 16:00:00+00:00,31,1,21,0,0.0
2019-11-27 16:00:00+00:00,31,2,19,0,0.0
2019-11-27 16:00:00+00:00,31,3,16,0,0.0
2019-11-27 16:00:00+00:00,32,1,7,0,0.0
2019-11-27 16:00:00+00:00,32,2,44,0,0.0
2019-11-27 16:00:00+00:00,32,3,10,0,0.0
2019-11-27 16:00:00+00:00,33,1,29,0,0.0
2019-11-27 16:00:00+00:00,33,2,35,0,0.0
2019-11-27 16:00:00+00:00,33,3,26,0,0.0
2019-11-27 17:00:00+00:00,0,1,20,0,0.0
2019-11-27 17:00:00+00:00,0,2,18,0,0.0
2019-11-27 17:00:00+00:00,1,1,48,0,0.0
2019-11-27 17:00:00+00:00,1,3,23,0,0.0
2019-11-27 17:00:00+00:00,2,1,18,0,0.0
2019-11-27 17:00:00+00:00,2,2,12,0,0.0
2019-11-27 17:00:00+00:00,2,3,23,0,0.0
2019-11-27 17:00:00+00:00,3,1,24,0,0.0
2019-11-27 17:00:00+00:00,3,2,6,0,0.0
2019-11-27 17:00:00+00:00,3,3,24,0,0.0
2019-11-27 17:00:00+00:00,4,1,39,0,0.0
2019-11-27 17:00:00+00:00,4,2,24,0,0.0
2019-11-27 17:00:00+00:00,4,3,20,0,0.0
2019-11-27 17:00:00+00:00,5,1,3,0,0.0
2019-11-27 17:00:00+00:00,5,3,8,0,0.0
2019-11-27 17:00:00+00:00,6,1,2,0,0.0
2019-11-27 17:00:00+00:00,6,2,10,0,0.0
2019-11-27 17:00:00+00:00,6,3,3,0,0.0
2019-11-27 17:00:00+00:00,7,1,13,0,0.0
2019-11-27 17:00:00+00:00,7,2,19,0,0.0
2019-11-27 17:00:00+00:00,7,3,19,0,0.0
2019-11-27 17:00:00+00:00,8,1,27,0,0.0
2019-11-27 17:00:00+00:00,8,2,21,0,0.0
2019-11-27 17:00:00+00:00,8,3,17,0,0.0
2019-11-27 17:00:00+00:00,9,1,19,0,0.0
2019-11-27 17:00:00+00:00,9,2,23,0,0.0
2019-11-27 17:00:00+00:00,9,3,12,0,0.0
2019-11-27 17:00:00+00:00,10,1,12,0,0.0
2019-11-27 17:00:00+00:00,10,2,14,0,0.0
2019-11-27 17:00:00+00:00,10,3,5,0,0.0
2019-11-27 17:00:00+00:00,11,2,6,0,0.0
2019-11-27 17:00:00+00:00,11,3,14,0,0.0
2019-11-27 17:00:00+00:00,12,1,20,0,0.0
2019-11-27 17:00:00+00:00,12,2,6,0,0.0
2019-11-27 17:00:00+00:00,12,3,21,0,0.0
2019-11-27 17:00:00+00:00,13,1,8,0,0.0
2019-11-27 17:00:00+00:00,13,2,12,0,0.0
2019-11-27 17:00:00+00:00,13,3,16,2,68.00000000000013
2019-11-27 17:00:00+00:00,14,1,6,0,0.0
2019-11-27 17:00:00+00:00,14,2,18,0,0.0
2019-11-27 17:00:00+00:00,14,3,16,0,0.0
2019-11-27 17:00:00+00:00,15,1,19,0,0.0
2019-11-27 17:00:00+00:00,15,2,7,0,0.0
2019-11-27 17:00:00+00:00,15,3,10,0,0.0
2019-11-27 17:00:00+00:00,16,2,8,0,0.0
2019-11-27 17:00:00+00:00,16,3,18,0,0.0
2019-11-27 17:00:00+00:00,17,1,19,0,0.0
2019-11-27 17:00:00+00:00,17,2,21,2,68.00000000000013
2019-11-27 17:00:00+00:00,18,1,10,0,0.0
2019-11-27 17:00:00+00:00,18,2,3,0,0.0
2019-11-27 17:00:00+00:00,19,1,9,0,0.0
2019-11-27 17:00:00+00:00,19,2,14,0,0.0
2019-11-27 17:00:00+00:00,19,3,11,0,0.0
2019-11-27 17:00:00+00:00,20,2,26,0,0.0
2019-11-27 17:00:00+00:00,20,3,8,0,0.0
2019-11-27 17:00:00+00:00,21,1,12,0,0.0
2019-11-27 17:00:00+00:00,21,2,11,0,0.0
2019-11-27 17:00:00+00:00,21,3,15,0,0.0
2019-11-27 17:00:00+00:00,22,1,4,0,0.0
2019-11-27 17:00:00+00:00,22,2,13,0,0.0
2019-11-27 17:00:00+00:00,22,3,21,0,0.0
2019-11-27 17:00:00+00:00,23,1,5,0,0.0
2019-11-27 17:00:00+00:00,23,2,15,0,0.0
2019-11-27 17:00:00+00:00,23,3,15,0,0.0
2019-11-27 17:00:00+00:00,24,1,27,0,0.0
2019-11-27 17:00:00+00:00,24,2,3,0,0.0
2019-11-27 17:00:00+00:00,24,3,10,0,0.0
2019-11-27 17:00:00+00:00,25,2,10,0,0.0
2019-11-27 17:00:00+00:00,25,3,31,0,0.0
2019-11-27 17:00:00+00:00,26,1,19,0,0.0
2019-11-27 17:00:00+00:00,26,2,7,0,0.0
2019-11-27 17:00:00+00:00,26,3,8,0,0.0
2019-11-27 17:00:00+00:00,27,1,4,0,0.0
2019-11-27 17:00:00+00:00,27,2,7,0,0.0
2019-11-27 17:00:00+00:00,28,1,9,0,0.0
2019-11-27 17:00:00+00:00,28,2,11,0,0.0
2019-11-27 17:00:00+00:00,28,3,2,0,0.0
2019-11-27 17:00:00+00:00,29,1,13,0,0.0
2019-11-27 17:00:00+00:00,29,2,10,0,0.0
2019-11-27 17:00:00+00:00,29,3,13,0,0.0
2019-11-27 17:00:00+00:00,30,1,2,0,0.0
2019-11-27 17:00:00+00:00,30,2,14,0,0.0
2019-11-27 17:00:00+00:00,30,3,21,0,0.0
2019-11-27 17:00:00+00:00,31,1,10,0,0.0
2019-11-27 17:00:00+00:00,31,2,39,0,0.0
2019-11-27 17:00:00+00:00,31,3,18,0,0.0
2019-11-27 17:00:00+00:00,32,1,18,0,0.0
2019-11-27 17:00:00+00:00,32,2,36,0,0.0
2019-11-27 17:00:00+00:00,32,3,28,2,68.00000000000013
2019-11-27 17:00:00+00:00,33,1,11,0,0.0
2019-11-27 17:00:00+00:00,33,2,6,0,0.0
2019-11-27 18:00:00+00:00,0,1,4,0,0.0
2019-11-27 18:00:00+00:00,0,2,7,0,0.0
2019-11-27 18:00:00+00:00,0,3,11,0,0.0
2019-11-27 18:00:00+00:00,1,1,5,0,0.0
2019-11-27 18:00:00+00:00,1,2,1,0,0.0
2019-11-27 18:00:00+00:00,1,3,12,0,0.0
2019-11-27 18:00:00+00:00,2,1,5,0,0.0
2019-11-27 18:00:00+00:00,2,3,9,0,0.0
2019-11-27 18:00:00+00:00,3,1,16,0,0.0
2019-11-27 18:00:00+00:00,3,2,11,0,0.0
2019-11-27 18:00:00+00:00,4,1,8,0,0.0
2019-11-27 18:00:00+00:00,4,2,2,0,0.0
2019-11-27 18:00:00+00:00,4,3,8,0,0.0
2019-11-27 18:00:00+00:00,5,1,16,0,0.0
2019-11-27 18:00:00+00:00,5,2,5,0,0.0
2019-11-27 18:00:00+00:00,5,3,10,0,0.0
2019-11-27 18:00:00+00:00,6,1,3,0,0.0
2019-11-27 18:00:00+00:00,6,3,22,0,0.0
2019-11-27 18:00:00+00:00,7,1,18,0,0.0
2019-11-27 18:00:00+00:00,7,2,7,0,0.0
2019-11-27 18:00:00+00:00,7,3,13,0,0.0
2019-11-27 18:00:00+00:00,8,3,11,0,0.0
2019-11-27 18:00:00+00:00,9,1,7,0,0.0
2019-11-27 18:00:00+00:00,9,2,5,0,0.0
2019-11-27 18:00:00+00:00,9,3,1,0,0.0
2019-11-27 18:00:00+00:00,10,2,5,0,0.0
2019-11-27 18:00:00+00:00,10,3,6,0,0.0
2019-11-27 18:00:00+00:00,11,2,6,0,0.0
2019-11-27 18:00:00+00:00,11,3,18,0,0.0
2019-11-27 18:00:00+00:00,12,2,6,0,0.0
2019-11-27 18:00:00+00:00,12,3,5,0,0.0
2019-11-27 18:00:00+00:00,13,1,10,0,0.0
2019-11-27 18:00:00+00:00,13,2,5,0,0.0
2019-11-27 18:00:00+00:00,13,3,11,0,0.0
2019-11-27 18:00:00+00:00,14,2,23,0,0.0
2019-11-27 18:00:00+00:00,14,3,7,0,0.0
2019-11-27 18:00:00+00:00,15,2,3,0,0.0
2019-11-27 18:00:00+00:00,15,3,25,0,0.0
2019-11-27 18:00:00+00:00,16,1,4,0,0.0
2019-11-27 18:00:00+00:00,16,3,1,0,0.0
2019-11-27 18:00:00+00:00,17,1,14,0,0.0
2019-11-27 18:00:00+00:00,17,2,10,0,0.0
2019-11-27 18:00:00+00:00,18,1,6,0,0.0
2019-11-27 18:00:00+00:00,18,2,9,0,0.0
2019-11-27 18:00:00+00:00,19,1,3,0,0.0
2019-11-27 18:00:00+00:00,19,2,13,0,0.0
2019-11-27 18:00:00+00:00,19,3,2,0,0.0
2019-11-27 18:00:00+00:00,20,1,17,0,0.0
2019-11-27 18:00:00+00:00,20,2,14,0,0.0
2019-11-27 18:00:00+00:00,20,3,2,0,0.0
2019-11-27 18:00:00+00:00,21,1,18,0,0.0
2019-11-27 18:00:00+00:00,21,3,8,0,0.0
2019-11-27 18:00:00+00:00,22,1,7,0,0.0
2019-11-27 18:00:00+00:00,22,2,3,0,0.0
2019-11-27 18:00:00+00:00,22,3,2,0,0.0
2019-11-27 18:00:00+00:00,23,1,2,0,0.0
2019-11-27 18:00:00+00:00,23,2,7,0,0.0
2019-11-27 18:00:00+00:00,23,3,9,0,0.0
2019-11-27 18:00:00+00:00,24,2,7,0,0.0
2019-11-27 18:00:00+00:00,25,1,8,0,0.0
2019-11-27 18:00:00+00:00,25,2,12,0,0.0
2019-11-27 18:00:00+00:00,25,3,14,0,0.0
2019-11-27 18:00:00+00:00,26,1,1,0,0.0
2019-11-27 18:00:00+00:00,26,2,21,3,102.0000000000002
2019-11-27 18:00:00+00:00,26,3,9,0,0.0
2019-11-27 18:00:00+00:00,27,1,13,0,0.0
2019-11-27 18:00:00+00:00,27,2,10,1,34.000000000000064
2019-11-27 18:00:00+00:00,27,3,2,0,0.0
2019-11-27 18:00:00+00:00,28,1,11,0,0.0
2019-11-27 18:00:00+00:00,28,2,26,0,0.0
2019-11-27 18:00:00+00:00,28,3,1,0,0.0
2019-11-27 18:00:00+00:00,29,1,9,0,0.0
2019-11-27 18:00:00+00:00,29,2,14,0,0.0
2019-11-27 18:00:00+00:00,30,1,13,0,0.0
2019-11-27 18:00:00+00:00,31,1,11,0,0.0
2019-11-27 18:00:00+00:00,31,2,3,0,0.0
2019-11-27 18:00:00+00:00,31,3,3,0,0.0
2019-11-27 18:00:00+00:00,32,1,12,0,0.0
2019-11-27 18:00:00+00:00,32,2,4,0,0.0
2019-11-27 18:00:00+00:00,32,3,6,0,0.0
2019-11-27 18:00:00+00:00,33,2,2,0,0.0
2019-11-27 18:00:00+00:00,33,3,13,0,0.0
2019-11-27 19:00:00+00:00,0,1,7,0,0.0
2019-11-27 19:00:00+00:00,0,3,7,0,0.0
2019-11-27 19:00:00+00:00,1,1,11,0,0.0
2019-11-27 19:00:00+00:00,1,2,4,0,0.0
2019-11-27 19:00:00+00:00,2,1,3,0,0.0
2019-11-27 19:00:00+00:00,2,2,3,0,0.0
2019-11-27 19:00:00+00:00,2,3,7,0,0.0
2019-11-27 19:00:00+00:00,3,1,3,0,0.0
2019-11-27 19:00:00+00:00,3,2,3,0,0.0
2019-11-27 19:00:00+00:00,3,3,14,0,0.0
2019-11-27 19:00:00+00:00,4,1,4,0,0.0
2019-11-27 19:00:00+00:00,4,2,4,0,0.0
2019-11-27 19:00:00+00:00,4,3,17,0,0.0
2019-11-27 19:00:00+00:00,5,1,5,0,0.0
2019-11-27 19:00:00+00:00,5,2,8,0,0.0
2019-11-27 19:00:00+00:00,5,3,12,0,0.0
2019-11-27 19:00:00+00:00,6,1,14,0,0.0
2019-11-27 19:00:00+00:00,6,2,5,0,0.0
2019-11-27 19:00:00+00:00,6,3,3,0,0.0
2019-11-27 19:00:00+00:00,7,1,12,0,0.0
2019-11-27 19:00:00+00:00,7,3,3,0,0.0
2019-11-27 19:00:00+00:00,8,2,8,0,0.0
2019-11-27 19:00:00+00:00,8,3,11,0,0.0
2019-11-27 19:00:00+00:00,9,1,5,0,0.0
2019-11-27 19:00:00+00:00,9,2,18,0,0.0
2019-11-27 19:00:00+00:00,9,3,4,0,0.0
2019-11-27 19:00:00+00:00,10,1,1,0,0.0
2019-11-27 19:00:00+00:00,10,2,8,0,0.0
2019-11-27 19:00:00+00:00,11,1,3,0,0.0
2019-11-27 19:00:00+00:00,11,2,12,0,0.0
2019-11-27 19:00:00+00:00,11,3,23,0,0.0
2019-11-27 19:00:00+00:00,12,2,3,0,0.0
2019-11-27 19:00:00+00:00,12,3,7,0,0.0
2019-11-27 19:00:00+00:00,13,1,11,0,0.0
2019-11-27 19:00:00+00:00,13,2,3,0,0.0
2019-11-27 19:00:00+00:00,13,3,5,0,0.0
2019-11-27 19:00:00+00:00,14,1,3,0,0.0
2019-11-27 19:00:00+00:00,14,2,5,0,0.0
2019-11-27 19:00:00+00:00,14,3,5,0,0.0
2019-11-27 19:00:00+00:00,15,1,8,0,0.0
2019-11-27 19:00:00+00:00,15,2,2,0,0.0
2019-11-27 19:00:00+00:00,15,3,1,0,0.0
2019-11-27 19:00:00+00:00,16,2,3,0,0.0
2019-11-27 19:00:00+00:00,16,3,8,0,0.0
2019-11-27 19:00:00+00:00,17,1,17,0,0.0
2019-11-27 19:00:00+00:00,17,2,7,0,0.0
2019-11-27 19:00:00+00:00,18,2,5,0,0.0
2019-11-27 19:00:00+00:00,18,3,8,0,0.0
2019-11-27 19:00:00+00:00,19,1,3,0,0.0
2019-11-27 19:00:00+00:00,19,2,19,0,0.0
2019-11-27 19:00:00+00:00,19,3,11,0,0.0
2019-11-27 19:00:00+00:00,20,2,1,0,0.0
2019-11-27 19:00:00+00:00,20,3,13,0,0.0
2019-11-27 19:00:00+00:00,21,1,5,0,0.0
2019-11-27 19:00:00+00:00,21,3,10,0,0.0
2019-11-27 19:00:00+00:00,22,1,2,0,0.0
2019-11-27 19:00:00+00:00,22,2,3,0,0.0
2019-11-27 19:00:00+00:00,22,3,3,0,0.0
2019-11-27 19:00:00+00:00,23,1,10,1,34.000000000000064
2019-11-27 19:00:00+00:00,23,3,7,0,0.0
2019-11-27 19:00:00+00:00,24,1,5,0,0.0
2019-11-27 19:00:00+00:00,24,2,4,0,0.0
2019-11-27 19:00:00+00:00,24,3,8,0,0.0
2019-11-27 19:00:00+00:00,25,1,11,0,0.0
2019-11-27 19:00:00+00:00,25,2,4,0,0.0
2019-11-27 19:00:00+00:00,26,1,8,0,0.0
2019-11-27 19:00:00+00:00,26,2,21,0,0.0
2019-11-27 19:00:00+00:00,26,3,3,0,0.0
2019-11-27 19:00:00+00:00,27,2,5,0,0.0
2019-11-27 19:00:00+00:00,28,1,5,0,0.0
2019-11-27 19:00:00+00:00,28,2,2,0,0.0
2019-11-27 19:00:00+00:00,28,3,4,0,0.0
2019-11-27 19:00:00+00:00,29,1,5,0,0.0
2019-11-27 19:00:00+00:00,29,2,12,0,0.0
2019-11-27 19:00:00+00:00,30,1,23,0,0.0
2019-11-27 19:00:00+00:00,30,2,8,0,0.0
2019-11-27 19:00:00+00:00,31,1,3,0,0.0
2019-11-27 19:00:00+00:00,31,2,7,0,0.0
2019-11-27 19:00:00+00:00,31,3,4,0,0.0
2019-11-27 19:00:00+00:00,32,1,5,0,0.0
2019-11-27 19:00:00+00:00,32,2,19,0,0.0
2019-11-27 19:00:00+00:00,32,3,4,0,0.0
2019-11-27 19:00:00+00:00,33,1,13,0,0.0
2019-11-27 19:00:00+00:00,33,3,4,0,0.0
2019-11-27 20:00:00+00:00,0,1,6,0,0.0
2019-11-27 20:00:00+00:00,0,2,18,0,0.0
2019-11-27 20:00:00+00:00,0,3,2,0,0.0
2019-11-27 20:00:00+00:00,1,1,16,0,0.0
2019-11-27 20:00:00+00:00,1,2,9,0,0.0
2019-11-27 20:00:00+00:00,2,1,4,0,0.0
2019-11-27 20:00:00+00:00,2,2,5,0,0.0
2019-11-27 20:00:00+00:00,3,1,3,0,0.0
2019-11-27 20:00:00+00:00,3,2,9,0,0.0
2019-11-27 20:00:00+00:00,3,3,11,1,34.000000000000064
2019-11-27 20:00:00+00:00,4,1,12,0,0.0
2019-11-27 20:00:00+00:00,4,2,2,0,0.0
2019-11-27 20:00:00+00:00,4,3,19,0,0.0
2019-11-27 20:00:00+00:00,5,1,6,0,0.0
2019-11-27 20:00:00+00:00,5,2,15,0,0.0
2019-11-27 20:00:00+00:00,5,3,6,0,0.0
2019-11-27 20:00:00+00:00,6,1,2,0,0.0
2019-11-27 20:00:00+00:00,6,2,11,0,0.0
2019-11-27 20:00:00+00:00,7,1,13,0,0.0
2019-11-27 20:00:00+00:00,7,2,11,0,0.0
2019-11-27 20:00:00+00:00,7,3,5,0,0.0
2019-11-27 20:00:00+00:00,8,1,7,0,0.0
2019-11-27 20:00:00+00:00,8,2,1,0,0.0
2019-11-27 20:00:00+00:00,8,3,6,0,0.0
2019-11-27 20:00:00+00:00,9,1,6,0,0.0
2019-11-27 20:00:00+00:00,9,3,5,0,0.0
2019-11-27 20:00:00+00:00,10,1,9,0,0.0
2019-11-27 20:00:00+00:00,10,2,4,0,0.0
2019-11-27 20:00:00+00:00,10,3,1,0,0.0
2019-11-27 20:00:00+00:00,11,1,2,0,0.0
2019-11-27 20:00:00+00:00,11,2,19,0,0.0
2019-11-27 20:00:00+00:00,11,3,7,0,0.0
2019-11-27 20:00:00+00:00,12,1,8,0,0.0
2019-11-27 20:00:00+00:00,12,2,6,0,0.0
2019-11-27 20:00:00+00:00,12,3,12,0,0.0
2019-11-27 20:00:00+00:00,13,1,3,0,0.0
2019-11-27 20:00:00+00:00,13,2,16,0,0.0
2019-11-27 20:00:00+00:00,13,3,9,0,0.0
2019-11-27 20:00:00+00:00,14,1,6,0,0.0
2019-11-27 20:00:00+00:00,14,2,5,0,0.0
2019-11-27 20:00:00+00:00,14,3,14,0,0.0
2019-11-27 20:00:00+00:00,15,2,3,0,0.0
2019-11-27 20:00:00+00:00,15,3,18,0,0.0
2019-11-27 20:00:00+00:00,16,1,9,0,0.0
2019-11-27 20:00:00+00:00,16,3,15,0,0.0
2019-11-27 20:00:00+00:00,17,1,10,0,0.0
2019-11-27 20:00:00+00:00,17,2,10,0,0.0
2019-11-27 20:00:00+00:00,17,3,6,0,0.0
2019-11-27 20:00:00+00:00,18,1,8,0,0.0
2019-11-27 20:00:00+00:00,18,2,5,0,0.0
2019-11-27 20:00:00+00:00,19,1,6,0,0.0
2019-11-27 20:00:00+00:00,19,2,9,0,0.0
2019-11-27 20:00:00+00:00,19,3,8,0,0.0
2019-11-27 20:00:00+00:00,20,1,5,0,0.0
2019-11-27 20:00:00+00:00,21,1,7,0,0.0
2019-11-27 20:00:00+00:00,21,2,7,0,0.0
2019-11-27 20:00:00+00:00,21,3,2,0,0.0
2019-11-27 20:00:00+00:00,22,1,9,0,0.0
2019-11-27 20:00:00+00:00,22,2,6,0,0.0
2019-11-27 20:00:00+00:00,22,3,6,0,0.0
2019-11-27 20:00:00+00:00,23,1,14,0,0.0
2019-11-27 20:00:00+00:00,23,2,4,0,0.0
2019-11-27 20:00:00+00:00,23,3,5,0,0.0
2019-11-27 20:00:00+00:00,24,1,5,0,0.0
2019-11-27 20:00:00+00:00,24,2,7,0,0.0
2019-11-27 20:00:00+00:00,24,3,9,0,0.0
2019-11-27 20:00:00+00:00,25,1,5,0,0.0
2019-11-27 20:00:00+00:00,25,2,4,0,0.0
2019-11-27 20:00:00+00:00,25,3,10,0,0.0
2019-11-27 20:00:00+00:00,26,2,12,0,0.0
2019-11-27 20:00:00+00:00,26,3,20,0,0.0
2019-11-27 20:00:00+00:00,27,1,11,0,0.0
2019-11-27 20:00:00+00:00,27,2,3,0,0.0
2019-11-27 20:00:00+00:00,27,3,6,0,0.0
2019-11-27 20:00:00+00:00,28,1,1,0,0.0
2019-11-27 20:00:00+00:00,28,2,8,0,0.0
2019-11-27 20:00:00+00:00,28,3,10,0,0.0
2019-11-27 20:00:00+00:00,29,1,14,0,0.0
2019-11-27 20:00:00+00:00,29,2,12,0,0.0
2019-11-27 20:00:00+00:00,29,3,6,0,0.0
2019-11-27 20:00:00+00:00,30,1,9,0,0.0
2019-11-27 20:00:00+00:00,30,3,6,0,0.0
2019-11-27 20:00:00+00:00,31,1,8,0,0.0
2019-11-27 20:00:00+00:00,31,2,4,0,0.0
2019-11-27 20:00:00+00:00,31,3,7,0,0.0
2019-11-27 20:00:00+00:00,32,1,8,0,0.0
2019-11-27 20:00:00+00:00,32,2,6,0,0.0
2019-11-27 20:00:00+00:00,32,3,7,0,0.0
2019-11-27 20:00:00+00:00,33,1,10,0,0.0
2019-11-27 20:00:00+00:00,33,2,12,0,0.0
2019-11-27 20:00:00+00:00,33,3,4,0,0.0
2019-11-27 21:00:00+00:00,0,2,6,0,0.0
2019-11-27 21:00:00+00:00,0,3,10,0,0.0
2019-11-27 21:00:00+00:00,1,1,13,0,0.0
2019-11-27 21:00:00+00:00,1,2,14,0,0.0
2019-11-27 21:00:00+00:00,2,1,24,0,0.0
2019-11-27 21:00:00+00:00,2,2,22,0,0.0
2019-11-27 21:00:00+00:00,3,1,2,0,0.0
2019-11-27 21:00:00+00:00,3,2,9,0,0.0
2019-11-27 21:00:00+00:00,3,3,10,0,0.0
2019-11-27 21:00:00+00:00,4,1,3,0,0.0
2019-11-27 21:00:00+00:00,4,2,36,0,0.0
2019-11-27 21:00:00+00:00,4,3,4,0,0.0
2019-11-27 21:00:00+00:00,5,1,30,0,0.0
2019-11-27 21:00:00+00:00,5,2,16,0,0.0
2019-11-27 21:00:00+00:00,5,3,3,0,0.0
2019-11-27 21:00:00+00:00,6,2,19,0,0.0
2019-11-27 21:00:00+00:00,6,3,9,0,0.0
2019-11-27 21:00:00+00:00,7,1,4,0,0.0
2019-11-27 21:00:00+00:00,7,3,21,0,0.0
2019-11-27 21:00:00+00:00,8,1,16,0,0.0
2019-11-27 21:00:00+00:00,8,2,21,0,0.0
2019-11-27 21:00:00+00:00,8,3,7,0,0.0
2019-11-27 21:00:00+00:00,9,1,14,0,0.0
2019-11-27 21:00:00+00:00,9,2,19,0,0.0
2019-11-27 21:00:00+00:00,9,3,16,0,0.0
2019-11-27 21:00:00+00:00,10,1,25,0,0.0
2019-11-27 21:00:00+00:00,10,2,10,0,0.0
2019-11-27 21:00:00+00:00,10,3,9,0,0.0
2019-11-27 21:00:00+00:00,11,1,10,0,0.0
2019-11-27 21:00:00+00:00,11,2,14,0,0.0
2019-11-27 21:00:00+00:00,11,3,7,0,0.0
2019-11-27 21:00:00+00:00,12,1,10,0,0.0
2019-11-27 21:00:00+00:00,12,2,2,0,0.0
2019-11-27 21:00:00+00:00,12,3,13,0,0.0
2019-11-27 21:00:00+00:00,13,1,7,0,0.0
2019-11-27 21:00:00+00:00,13,2,28,0,0.0
2019-11-27 21:00:00+00:00,13,3,19,0,0.0
2019-11-27 21:00:00+00:00,14,1,8,0,0.0
2019-11-27 21:00:00+00:00,14,2,8,0,0.0
2019-11-27 21:00:00+00:00,14,3,25,2,68.00000000000013
2019-11-27 21:00:00+00:00,15,2,10,0,0.0
2019-11-27 21:00:00+00:00,15,3,13,0,0.0
2019-11-27 21:00:00+00:00,16,1,22,0,0.0
2019-11-27 21:00:00+00:00,16,2,3,0,0.0
2019-11-27 21:00:00+00:00,16,3,23,0,0.0
2019-11-27 21:00:00+00:00,17,1,10,0,0.0
2019-11-27 21:00:00+00:00,17,2,1,0,0.0
2019-11-27 21:00:00+00:00,17,3,9,0,0.0
2019-11-27 21:00:00+00:00,18,1,16,0,0.0
2019-11-27 21:00:00+00:00,18,2,5,0,0.0
2019-11-27 21:00:00+00:00,18,3,23,0,0.0
2019-11-27 21:00:00+00:00,19,1,24,0,0.0
2019-11-27 21:00:00+00:00,19,2,17,0,0.0
2019-11-27 21:00:00+00:00,19,3,7,0,0.0
2019-11-27 21:00:00+00:00,20,1,15,0,0.0
2019-11-27 21:00:00+00:00,20,2,11,0,0.0
2019-11-27 21:00:00+00:00,20,3,5,0,0.0
2019-11-27 21:00:00+00:00,21,1,4,0,0.0
2019-11-27 21:00:00+00:00,21,2,8,0,0.0
2019-11-27 21:00:00+00:00,21,3,33,0,0.0
2019-11-27 21:00:00+00:00,22,1,12,0,0.0
2019-11-27 21:00:00+00:00,22,2,8,0,0.0
2019-11-27 21:00:00+00:00,22,3,9,0,0.0
2019-11-27 21:00:00+00:00,23,1,10,0,0.0
2019-11-27 21:00:00+00:00,23,2,4,0,0.0
2019-11-27 21:00:00+00:00,24,1,23,0,0.0
2019-11-27 21:00:00+00:00,24,2,13,0,0.0
2019-11-27 21:00:00+00:00,24,3,31,0,0.0
2019-11-27 21:00:00+00:00,25,1,17,0,0.0
2019-11-27 21:00:00+00:00,25,2,4,0,0.0
2019-11-27 21:00:00+00:00,25,3,7,0,0.0
2019-11-27 21:00:00+00:00,26,1,5,0,0.0
2019-11-27 21:00:00+00:00,26,3,6,0,0.0
2019-11-27 21:00:00+00:00,27,2,5,0,0.0
2019-11-27 21:00:00+00:00,27,3,24,0,0.0
2019-11-27 21:00:00+00:00,28,1,24,0,0.0
2019-11-27 21:00:00+00:00,28,2,13,0,0.0
2019-11-27 21:00:00+00:00,28,3,12,0,0.0
2019-11-27 21:00:00+00:00,29,1,6,0,0.0
2019-11-27 21:00:00+00:00,29,2,20,0,0.0
2019-11-27 21:00:00+00:00,29,3,8,0,0.0
2019-11-27 21:00:00+00:00,30,1,19,0,0.0
2019-11-27 21:00:00+00:00,30,2,13,0,0.0
2019-11-27 21:00:00+00:00,31,1,15,0,0.0
2019-11-27 21:00:00+00:00,31,2,6,0,0.0
2019-11-27 21:00:00+00:00,31,3,8,0,0.0
2019-11-27 21:00:00+00:00,32,1,9,0,0.0
2019-11-27 21:00:00+00:00,32,2,17,0,0.0
2019-11-27 21:00:00+00:00,32,3,23,0,0.0
2019-11-27 21:00:00+00:00,33,2,15,0,0.0
2019-11-27 21:00:00+00:00,33,3,3,0,0.0
2019-11-27 22:00:00+00:00,0,1,8,0,0.0
2019-11-27 22:00:00+00:00,0,2,10,0,0.0
2019-11-27 22:00:00+00:00,0,3,41,0,0.0
2019-11-27 22:00:00+00:00,1,1,1,0,0.0
2019-11-27 22:00:00+00:00,1,2,10,0,0.0
2019-11-27 22:00:00+00:00,1,3,30,0,0.0
2019-11-27 22:00:00+00:00,2,1,12,0,0.0
2019-11-27 22:00:00+00:00,2,2,39,0,0.0
2019-11-27 22:00:00+00:00,2,3,7,0,0.0
2019-11-27 22:00:00+00:00,3,1,37,0,0.0
2019-11-27 22:00:00+00:00,3,2,40,0,0.0
2019-11-27 22:00:00+00:00,4,1,7,0,0.0
2019-11-27 22:00:00+00:00,4,3,9,0,0.0
2019-11-27 22:00:00+00:00,5,1,22,0,0.0
2019-11-27 22:00:00+00:00,5,2,33,0,0.0
2019-11-27 22:00:00+00:00,5,3,15,0,0.0
2019-11-27 22:00:00+00:00,6,1,14,0,0.0
2019-11-27 22:00:00+00:00,6,3,22,0,0.0
2019-11-27 22:00:00+00:00,7,1,17,0,0.0
2019-11-27 22:00:00+00:00,7,2,10,0,0.0
2019-11-27 22:00:00+00:00,7,3,6,0,0.0
2019-11-27 22:00:00+00:00,8,1,15,0,0.0
2019-11-27 22:00:00+00:00,8,2,18,0,0.0
2019-11-27 22:00:00+00:00,8,3,16,0,0.0
2019-11-27 22:00:00+00:00,9,1,22,0,0.0
2019-11-27 22:00:00+00:00,9,2,20,0,0.0
2019-11-27 22:00:00+00:00,9,3,25,0,0.0
2019-11-27 22:00:00+00:00,10,1,22,0,0.0
2019-11-27 22:00:00+00:00,10,2,5,0,0.0
2019-11-27 22:00:00+00:00,10,3,21,0,0.0
2019-11-27 22:00:00+00:00,11,1,12,0,0.0
2019-11-27 22:00:00+00:00,11,2,8,0,0.0
2019-11-27 22:00:00+00:00,11,3,27,0,0.0
2019-11-27 22:00:00+00:00,12,1,26,0,0.0
2019-11-27 22:00:00+00:00,12,2,15,0,0.0
2019-11-27 22:00:00+00:00,12,3,38,0,0.0
2019-11-27 22:00:00+00:00,13,1,20,0,0.0
2019-11-27 22:00:00+00:00,13,2,11,0,0.0
2019-11-27 22:00:00+00:00,13,3,9,0,0.0
2019-11-27 22:00:00+00:00,14,1,1,0,0.0
2019-11-27 22:00:00+00:00,14,2,34,1,34.000000000000064
2019-11-27 22:00:00+00:00,14,3,22,0,0.0
2019-11-27 22:00:00+00:00,15,1,14,0,0.0
2019-11-27 22:00:00+00:00,15,2,2,0,0.0
2019-11-27 22:00:00+00:00,15,3,31,0,0.0
2019-11-27 22:00:00+00:00,16,1,1,0,0.0
2019-11-27 22:00:00+00:00,16,2,12,0,0.0
2019-11-27 22:00:00+00:00,16,3,11,0,0.0
2019-11-27 22:00:00+00:00,17,1,1,0,0.0
2019-11-27 22:00:00+00:00,17,2,18,0,0.0
2019-11-27 22:00:00+00:00,17,3,18,0,0.0
2019-11-27 22:00:00+00:00,18,1,27,0,0.0
2019-11-27 22:00:00+00:00,18,2,9,0,0.0
2019-11-27 22:00:00+00:00,18,3,10,0,0.0
2019-11-27 22:00:00+00:00,19,1,23,0,0.0
2019-11-27 22:00:00+00:00,19,2,29,0,0.0
2019-11-27 22:00:00+00:00,19,3,16,0,0.0
2019-11-27 22:00:00+00:00,20,1,24,0,0.0
2019-11-27 22:00:00+00:00,20,2,34,0,0.0
2019-11-27 22:00:00+00:00,20,3,12,0,0.0
2019-11-27 22:00:00+00:00,21,1,23,0,0.0
2019-11-27 22:00:00+00:00,21,2,16,0,0.0
2019-11-27 22:00:00+00:00,21,3,31,0,0.0
2019-11-27 22:00:00+00:00,22,1,43,0,0.0
2019-11-27 22:00:00+00:00,22,2,17,0,0.0
2019-11-27 22:00:00+00:00,22,3,25,0,0.0
2019-11-27 22:00:00+00:00,23,1,39,0,0.0
2019-11-27 22:00:00+00:00,23,2,21,0,0.0
2019-11-27 22:00:00+00:00,24,2,53,0,0.0
2019-11-27 22:00:00+00:00,24,3,11,0,0.0
2019-11-27 22:00:00+00:00,25,1,33,0,0.0
2019-11-27 22:00:00+00:00,25,2,17,0,0.0
2019-11-27 22:00:00+00:00,25,3,12,0,0.0
2019-11-27 22:00:00+00:00,26,1,26,0,0.0
2019-11-27 22:00:00+00:00,26,3,29,0,0.0
2019-11-27 22:00:00+00:00,27,1,4,0,0.0
2019-11-27 22:00:00+00:00,27,2,10,0,0.0
2019-11-27 22:00:00+00:00,27,3,10,0,0.0
2019-11-27 22:00:00+00:00,28,1,18,0,0.0
2019-11-27 22:00:00+00:00,28,2,19,0,0.0
2019-11-27 22:00:00+00:00,28,3,20,0,0.0
2019-11-27 22:00:00+00:00,29,1,13,0,0.0
2019-11-27 22:00:00+00:00,29,2,19,0,0.0
2019-11-27 22:00:00+00:00,29,3,8,0,0.0
2019-11-27 22:00:00+00:00,30,1,20,0,0.0
2019-11-27 22:00:00+00:00,30,2,22,0,0.0
2019-11-27 22:00:00+00:00,30,3,14,0,0.0
2019-11-27 22:00:00+00:00,31,1,21,1,34.000000000000064
2019-11-27 22:00:00+00:00,31,2,3,0,0.0
2019-11-27 22:00:00+00:00,31,3,34,0,0.0
2019-11-27 22:00:00+00:00,32,1,17,0,0.0
2019-11-27 22:00:00+00:00,32,2,34,0,0.0
2019-11-27 22:00:00+00:00,32,3,9,0,0.0
2019-11-27 22:00:00+00:00,33,1,24,0,0.0
2019-11-27 22:00:00+00:00,33,2,19,0,0.0
2019-11-27 22:00:00+00:00,33,3,18,0,0.0
2019-11-27 23:00:00+00:00,0,1,25,0,0.0
2019-11-27 23:00:00+00:00,0,2,40,0,0.0
2019-11-27 23:00:00+00:00,0,3,33,0,0.0
2019-11-27 23:00:00+00:00,1,1,12,0,0.0
2019-11-27 23:00:00+00:00,1,2,20,0,0.0
2019-11-27 23:00:00+00:00,1,3,24,0,0.0
2019-11-27 23:00:00+00:00,2,1,25,0,0.0
2019-11-27 23:00:00+00:00,2,2,33,0,0.0
2019-11-27 23:00:00+00:00,2,3,8,0,0.0
2019-11-27 23:00:00+00:00,3,1,10,0,0.0
2019-11-27 23:00:00+00:00,3,2,19,0,0.0
2019-11-27 23:00:00+00:00,3,3,32,0,0.0
2019-11-27 23:00:00+00:00,4,1,22,0,0.0
2019-11-27 23:00:00+00:00,4,2,15,0,0.0
2019-11-27 23:00:00+00:00,4,3,10,1,34.000000000000064
2019-11-27 23:00:00+00:00,5,1,16,0,0.0
2019-11-27 23:00:00+00:00,5,2,21,0,0.0
2019-11-27 23:00:00+00:00,5,3,35,2,68.00000000000013
2019-11-27 23:00:00+00:00,6,1,10,0,0.0
2019-11-27 23:00:00+00:00,6,2,4,0,0.0
2019-11-27 23:00:00+00:00,6,3,58,0,0.0
2019-11-27 23:00:00+00:00,7,1,65,0,0.0
2019-11-27 23:00:00+00:00,7,2,14,1,34.000000000000064
2019-11-27 23:00:00+00:00,7,3,21,0,0.0
2019-11-27 23:00:00+00:00,8,1,14,0,0.0
2019-11-27 23:00:00+00:00,8,2,7,0,0.0
2019-11-27 23:00:00+00:00,8,3,8,0,0.0
2019-11-27 23:00:00+00:00,9,1,21,0,0.0
2019-11-27 23:00:00+00:00,9,2,15,0,0.0
2019-11-27 23:00:00+00:00,9,3,17,0,0.0
2019-11-27 23:00:00+00:00,10,1,19,0,0.0
2019-11-27 23:00:00+00:00,10,2,26,0,0.0
2019-11-27 23:00:00+00:00,10,3,34,0,0.0
2019-11-27 23:00:00+00:00,11,1,19,0,0.0
2019-11-27 23:00:00+00:00,11,2,43,0,0.0
2019-11-27 23:00:00+00:00,11,3,26,0,0.0
2019-11-27 23:00:00+00:00,12,1,16,0,0.0
2019-11-27 23:00:00+00:00,12,3,37,0,0.0
2019-11-27 23:00:00+00:00,13,1,5,0,0.0
2019-11-27 23:00:00+00:00,13,2,19,1,34.000000000000064
2019-11-27 23:00:00+00:00,13,3,28,0,0.0
2019-11-27 23:00:00+00:00,14,1,23,0,0.0
2019-11-27 23:00:00+00:00,14,2,17,0,0.0
2019-11-27 23:00:00+00:00,14,3,19,1,34.000000000000064
2019-11-27 23:00:00+00:00,15,1,19,0,0.0
2019-11-27 23:00:00+00:00,15,2,21,0,0.0
2019-11-27 23:00:00+00:00,15,3,9,0,0.0
2019-11-27 23:00:00+00:00,16,1,12,0,0.0
2019-11-27 23:00:00+00:00,16,2,16,0,0.0
2019-11-27 23:00:00+00:00,16,3,5,0,0.0
2019-11-27 23:00:00+00:00,17,1,18,0,0.0
2019-11-27 23:00:00+00:00,17,2,27,0,0.0
2019-11-27 23:00:00+00:00,17,3,17,0,0.0
2019-11-27 23:00:00+00:00,18,1,21,0,0.0
2019-11-27 23:00:00+00:00,18,2,37,0,0.0
2019-11-27 23:00:00+00:00,18,3,21,0,0.0
2019-11-27 23:00:00+00:00,19,1,21,0,0.0
2019-11-27 23:00:00+00:00,19,2,45,0,0.0
2019-11-27 23:00:00+00:00,19,3,9,0,0.0
2019-11-27 23:00:00+00:00,20,1,10,0,0.0
2019-11-27 23:00:00+00:00,20,2,14,0,0.0
2019-11-27 23:00:00+00:00,20,3,12,0,0.0
2019-11-27 23:00:00+00:00,21,1,22,0,0.0
2019-11-27 23:00:00+00:00,21,2,12,0,0.0
2019-11-27 23:00:00+00:00,21,3,7,0,0.0
2019-11-27 23:00:00+00:00,22,3,31,0,0.0
2019-11-27 23:00:00+00:00,23,1,20,0,0.0
2019-11-27 23:00:00+00:00,23,2,15,0,0.0
2019-11-27 23:00:00+00:00,23,3,15,0,0.0
2019-11-27 23:00:00+00:00,24,1,28,0,0.0
2019-11-27 23:00:00+00:00,24,2,22,0,0.0
2019-11-27 23:00:00+00:00,24,3,10,0,0.0
2019-11-27 23:00:00+00:00,25,1,2,0,0.0
2019-11-27 23:00:00+00:00,25,2,20,0,0.0
2019-11-27 23:00:00+00:00,25,3,17,0,0.0
2019-11-27 23:00:00+00:00,26,1,20,0,0.0
2019-11-27 23:00:00+00:00,26,2,9,0,0.0
2019-11-27 23:00:00+00:00,26,3,2,0,0.0
2019-11-27 23:00:00+00:00,27,1,8,0,0.0
2019-11-27 23:00:00+00:00,27,2,9,0,0.0
2019-11-27 23:00:00+00:00,28,1,9,0,0.0
2019-11-27 23:00:00+00:00,28,2,8,0,0.0
2019-11-27 23:00:00+00:00,28,3,28,0,0.0
2019-11-27 23:00:00+00:00,29,1,10,0,0.0
2019-11-27 23:00:00+00:00,29,2,5,0,0.0
2019-11-27 23:00:00+00:00,29,3,14,0,0.0
2019-11-27 23:00:00+00:00,30,1,41,0,0.0
2019-11-27 23:00:00+00:00,30,2,5,0,0.0
2019-11-27 23:00:00+00:00,30,3,8,0,0.0
2019-11-27 23:00:00+00:00,31,1,7,0,0.0
2019-11-27 23:00:00+00:00,31,2,21,0,0.0
2019-11-27 23:00:00+00:00,31,3,8,0,0.0
2019-11-27 23:00:00+00:00,32,1,19,0,0.0
2019-11-27 23:00:00+00:00,32,2,22,0,0.0
2019-11-27 23:00:00+00:00,32,3,7,0,0.0
2019-11-27 23:00:00+00:00,33,1,25,0,0.0
2019-11-27 23:00:00+00:00,33,2,13,0,0.0
2019-11-27 23:00:00+00:00,33,3,5,0,0.0
2019-11-28 00:00:00+00:00,0,2,13,0,0.0
2019-11-28 00:00:00+00:00,0,3,17,0,0.0
2019-11-28 00:00:00+00:00,1,1,21,0,0.0
2019-11-28 00:00:00+00:00,1,2,19,0,0.0
2019-11-28 00:00:00+00:00,1,3,27,0,0.0
2019-11-28 00:00:00+00:00,2,1,21,1,34.000000000000064
2019-11-28 00:00:00+00:00,2,2,13,0,0.0
2019-11-28 00:00:00+00:00,2,3,37,0,0.0
2019-11-28 00:00:00+00:00,3,1,14,0,0.0
2019-11-28 00:00:00+00:00,3,2,42,0,0.0
2019-11-28 00:00:00+00:00,3,3,16,0,0.0
2019-11-28 00:00:00+00:00,4,1,13,0,0.0
2019-11-28 00:00:00+00:00,4,2,22,0,0.0
2019-11-28 00:00:00+00:00,4,3,38,0,0.0
2019-11-28 00:00:00+00:00,5,1,33,0,0.0
2019-11-28 00:00:00+00:00,5,2,15,0,0.0
2019-11-28 00:00:00+00:00,5,3,28,0,0.0
2019-11-28 00:00:00+00:00,6,1,39,0,0.0
2019-11-28 00:00:00+00:00,6,3,43,0,0.0
2019-11-28 00:00:00+00:00,7,1,14,0,0.0
2019-11-28 00:00:00+00:00,7,2,24,0,0.0
2019-11-28 00:00:00+00:00,7,3,4,0,0.0
2019-11-28 00:00:00+00:00,8,1,16,0,0.0
2019-11-28 00:00:00+00:00,8,2,8,0,0.0
2019-11-28 00:00:00+00:00,8,3,29,0,0.0
2019-11-28 00:00:00+00:00,9,1,25,0,0.0
2019-11-28 00:00:00+00:00,9,2,31,0,0.0
2019-11-28 00:00:00+00:00,9,3,7,0,0.0
2019-11-28 00:00:00+00:00,10,1,34,0,0.0
2019-11-28 00:00:00+00:00,10,2,23,0,0.0
2019-11-28 00:00:00+00:00,10,3,13,0,0.0
2019-11-28 00:00:00+00:00,11,1,14,0,0.0
2019-11-28 00:00:00+00:00,11,2,9,0,0.0
2019-11-28 00:00:00+00:00,11,3,9,0,0.0
2019-11-28 00:00:00+00:00,12,1,27,0,0.0
2019-11-28 00:00:00+00:00,12,2,27,0,0.0
2019-11-28 00:00:00+00:00,12,3,19,0,0.0
2019-11-28 00:00:00+00:00,13,1,13,0,0.0
2019-11-28 00:00:00+00:00,13,2,15,0,0.0
2019-11-28 00:00:00+00:00,13,3,18,0,0.0
2019-11-28 00:00:00+00:00,14,1,27,0,0.0
2019-11-28 00:00:00+00:00,14,2,20,0,0.0
2019-11-28 00:00:00+00:00,14,3,10,0,0.0
2019-11-28 00:00:00+00:00,15,1,16,0,0.0
2019-11-28 00:00:00+00:00,15,2,12,0,0.0
2019-11-28 00:00:00+00:00,15,3,34,0,0.0
2019-11-28 00:00:00+00:00,16,1,9,0,0.0
2019-11-28 00:00:00+00:00,16,2,57,0,0.0
2019-11-28 00:00:00+00:00,16,3,27,0,0.0
2019-11-28 00:00:00+00:00,17,1,39,0,0.0
2019-11-28 00:00:00+00:00,17,2,53,0,0.0
2019-11-28 00:00:00+00:00,17,3,23,0,0.0
2019-11-28 00:00:00+00:00,18,1,41,0,0.0
2019-11-28 00:00:00+00:00,18,3,12,0,0.0
2019-11-28 00:00:00+00:00,19,1,36,0,0.0
2019-11-28 00:00:00+00:00,19,2,16,0,0.0
2019-11-28 00:00:00+00:00,19,3,22,0,0.0
2019-11-28 00:00:00+00:00,20,1,21,0,0.0
2019-11-28 00:00:00+00:00,20,2,37,0,0.0
2019-11-28 00:00:00+00:00,21,1,23,0,0.0
2019-11-28 00:00:00+00:00,21,2,12,0,0.0
2019-11-28 00:00:00+00:00,21,3,20,2,68.00000000000013
2019-11-28 00:00:00+00:00,22,1,29,6,204.0000000000004
2019-11-28 00:00:00+00:00,22,2,10,0,0.0
2019-11-28 00:00:00+00:00,22,3,16,0,0.0
2019-11-28 00:00:00+00:00,23,1,17,0,0.0
2019-11-28 00:00:00+00:00,23,2,37,0,0.0
2019-11-28 00:00:00+00:00,24,2,16,0,0.0
2019-11-28 00:00:00+00:00,24,3,16,0,0.0
2019-11-28 00:00:00+00:00,25,1,8,0,0.0
2019-11-28 00:00:00+00:00,25,2,14,0,0.0
2019-11-28 00:00:00+00:00,25,3,19,4,136.00000000000026
2019-11-28 00:00:00+00:00,26,1,13,0,0.0
2019-11-28 00:00:00+00:00,26,2,7,0,0.0
2019-11-28 00:00:00+00:00,26,3,4,0,0.0
2019-11-28 00:00:00+00:00,27,1,14,0,0.0
2019-11-28 00:00:00+00:00,27,2,4,0,0.0
2019-11-28 00:00:00+00:00,27,3,17,0,0.0
2019-11-28 00:00:00+00:00,28,1,12,0,0.0
2019-11-28 00:00:00+00:00,28,2,25,0,0.0
2019-11-28 00:00:00+00:00,28,3,39,0,0.0
2019-11-28 00:00:00+00:00,29,1,9,0,0.0
2019-11-28 00:00:00+00:00,29,2,10,0,0.0
2019-11-28 00:00:00+00:00,29,3,25,0,0.0
2019-11-28 00:00:00+00:00,30,1,3,0,0.0
2019-11-28 00:00:00+00:00,30,2,39,0,0.0
2019-11-28 00:00:00+00:00,30,3,18,0,0.0
2019-11-28 00:00:00+00:00,31,1,16,0,0.0
2019-11-28 00:00:00+00:00,31,2,10,0,0.0
2019-11-28 00:00:00+00:00,31,3,24,0,0.0
2019-11-28 00:00:00+00:00,32,1,34,0,0.0
2019-11-28 00:00:00+00:00,32,2,8,0,0.0
2019-11-28 00:00:00+00:00,33,1,11,0,0.0
2019-11-28 00:00:00+00:00,33,2,18,0,0.0
2019-11-28 00:00:00+00:00,33,3,33,0,0.0
2019-11-28 01:00:00+00:00,0,1,16,0,0.0
2019-11-28 01:00:00+00:00,0,2,61,0,0.0
2019-11-28 01:00:00+00:00,0,3,29,0,0.0
2019-11-28 01:00:00+00:00,1,1,54,5,170.0000000000003
2019-11-28 01:00:00+00:00,1,2,35,0,0.0
2019-11-28 01:00:00+00:00,1,3,6,0,0.0
2019-11-28 01:00:00+00:00,2,1,5,0,0.0
2019-11-28 01:00:00+00:00,2,2,31,0,0.0
2019-11-28 01:00:00+00:00,2,3,7,0,0.0
2019-11-28 01:00:00+00:00,3,1,20,0,0.0
2019-11-28 01:00:00+00:00,3,2,17,1,34.000000000000064
2019-11-28 01:00:00+00:00,3,3,43,0,0.0
2019-11-28 01:00:00+00:00,4,1,28,0,0.0
2019-11-28 01:00:00+00:00,4,2,10,0,0.0
2019-11-28 01:00:00+00:00,4,3,9,0,0.0
2019-11-28 01:00:00+00:00,5,1,27,0,0.0
2019-11-28 01:00:00+00:00,5,2,14,0,0.0
2019-11-28 01:00:00+00:00,5,3,53,0,0.0
2019-11-28 01:00:00+00:00,6,1,21,0,0.0
2019-11-28 01:00:00+00:00,6,2,54,3,102.0000000000002
2019-11-28 01:00:00+00:00,6,3,16,0,0.0
2019-11-28 01:00:00+00:00,7,1,38,1,34.000000000000064
2019-11-28 01:00:00+00:00,7,2,26,0,0.0
2019-11-28 01:00:00+00:00,7,3,14,0,0.0
2019-11-28 01:00:00+00:00,8,1,11,0,0.0
2019-11-28 01:00:00+00:00,8,2,29,0,0.0
2019-11-28 01:00:00+00:00,8,3,25,0,0.0
2019-11-28 01:00:00+00:00,9,1,30,0,0.0
2019-11-28 01:00:00+00:00,9,2,18,0,0.0
2019-11-28 01:00:00+00:00,9,3,2,0,0.0
2019-11-28 01:00:00+00:00,10,1,12,0,0.0
2019-11-28 01:00:00+00:00,10,2,3,0,0.0
2019-11-28 01:00:00+00:00,10,3,19,0,0.0
2019-11-28 01:00:00+00:00,11,1,19,0,0.0
2019-11-28 01:00:00+00:00,11,2,20,0,0.0
2019-11-28 01:00:00+00:00,11,3,7,0,0.0
2019-11-28 01:00:00+00:00,12,1,18,0,0.0
2019-11-28 01:00:00+00:00,12,2,17,0,0.0
2019-11-28 01:00:00+00:00,12,3,28,0,0.0
2019-11-28 01:00:00+00:00,13,2,7,0,0.0
2019-11-28 01:00:00+00:00,13,3,35,0,0.0
2019-11-28 01:00:00+00:00,14,1,20,0,0.0
2019-11-28 01:00:00+00:00,14,2,8,0,0.0
2019-11-28 01:00:00+00:00,14,3,26,0,0.0
2019-11-28 01:00:00+00:00,15,1,15,0,0.0
2019-11-28 01:00:00+00:00,15,2,49,0,0.0
2019-11-28 01:00:00+00:00,15,3,30,0,0.0
2019-11-28 01:00:00+00:00,16,1,24,1,34.000000000000064
2019-11-28 01:00:00+00:00,16,2,21,2,68.00000000000013
2019-11-28 01:00:00+00:00,16,3,17,0,0.0
2019-11-28 01:00:00+00:00,17,1,9,0,0.0
2019-11-28 01:00:00+00:00,17,2,30,0,0.0
2019-11-28 01:00:00+00:00,17,3,26,0,0.0
2019-11-28 01:00:00+00:00,18,1,30,0,0.0
2019-11-28 01:00:00+00:00,18,2,17,0,0.0
2019-11-28 01:00:00+00:00,18,3,17,0,0.0
2019-11-28 01:00:00+00:00,19,1,3,0,0.0
2019-11-28 01:00:00+00:00,19,2,26,0,0.0
2019-11-28 01:00:00+00:00,19,3,16,0,0.0
2019-11-28 01:00:00+00:00,20,1,13,0,0.0
2019-11-28 01:00:00+00:00,20,2,27,0,0.0
2019-11-28 01:00:00+00:00,20,3,14,0,0.0
2019-11-28 01:00:00+00:00,21,1,41,1,34.000000000000064
2019-11-28 01:00:00+00:00,21,2,8,0,0.0
2019-11-28 01:00:00+00:00,21,3,27,0,0.0
2019-11-28 01:00:00+00:00,22,1,23,0,0.0
2019-11-28 01:00:00+00:00,22,2,32,0,0.0
2019-11-28 01:00:00+00:00,22,3,11,0,0.0
2019-11-28 01:00:00+00:00,23,1,38,0,0.0
2019-11-28 01:00:00+00:00,23,2,8,0,0.0
2019-11-28 01:00:00+00:00,23,3,42,0,0.0
2019-11-28 01:00:00+00:00,24,1,16,0,0.0
2019-11-28 01:00:00+00:00,24,2,7,0,0.0
2019-11-28 01:00:00+00:00,24,3,19,0,0.0
2019-11-28 01:00:00+00:00,25,1,13,0,0.0
2019-11-28 01:00:00+00:00,25,3,30,0,0.0
2019-11-28 01:00:00+00:00,26,1,19,0,0.0
2019-11-28 01:00:00+00:00,26,2,12,0,0.0
2019-11-28 01:00:00+00:00,26,3,1,0,0.0
2019-11-28 01:00:00+00:00,27,1,25,0,0.0
2019-11-28 01:00:00+00:00,27,2,18,0,0.0
2019-11-28 01:00:00+00:00,27,3,19,0,0.0
2019-11-28 01:00:00+00:00,28,1,15,0,0.0
2019-11-28 01:00:00+00:00,28,2,16,0,0.0
2019-11-28 01:00:00+00:00,28,3,37,0,0.0
2019-11-28 01:00:00+00:00,29,1,24,0,0.0
2019-11-28 01:00:00+00:00,29,2,42,0,0.0
2019-11-28 01:00:00+00:00,29,3,37,0,0.0
2019-11-28 01:00:00+00:00,30,1,17,0,0.0
2019-11-28 01:00:00+00:00,30,2,26,0,0.0
2019-11-28 01:00:00+00:00,30,3,8,0,0.0
2019-11-28 01:00:00+00:00,31,1,11,0,0.0
2019-11-28 01:00:00+00:00,31,2,13,0,0.0
2019-11-28 01:00:00+00:00,31,3,16,0,0.0
2019-11-28 01:00:00+00:00,32,1,34,0,0.0
2019-11-28 01:00:00+00:00,32,2,18,0,0.0
2019-11-28 01:00:00+00:00,32,3,7,0,0.0
2019-11-28 01:00:00+00:00,33,1,43,0,0.0
2019-11-28 01:00:00+00:00,33,2,10,1,34.000000000000064
2019-11-28 01:00:00+00:00,33,3,36,0,0.0
2019-11-28 02:00:00+00:00,0,1,16,0,0.0
2019-11-28 02:00:00+00:00,0,2,7,0,0.0
2019-11-28 02:00:00+00:00,0,3,22,0,0.0
2019-11-28 02:00:00+00:00,1,1,8,0,0.0
2019-11-28 02:00:00+00:00,1,2,39,0,0.0
2019-11-28 02:00:00+00:00,1,3,20,0,0.0
2019-11-28 02:00:00+00:00,2,1,44,0,0.0
2019-11-28 02:00:00+00:00,2,2,23,0,0.0
2019-11-28 02:00:00+00:00,2,3,18,0,0.0
2019-11-28 02:00:00+00:00,3,1,16,0,0.0
2019-11-28 02:00:00+00:00,3,2,22,0,0.0
2019-11-28 02:00:00+00:00,3,3,11,0,0.0
2019-11-28 02:00:00+00:00,4,1,15,0,0.0
2019-11-28 02:00:00+00:00,4,2,38,0,0.0
2019-11-28 02:00:00+00:00,4,3,17,0,0.0
2019-11-28 02:00:00+00:00,5,1,19,0,0.0
2019-11-28 02:00:00+00:00,5,2,19,0,0.0
2019-11-28 02:00:00+00:00,5,3,31,0,0.0
2019-11-28 02:00:00+00:00,6,1,47,0,0.0
2019-11-28 02:00:00+00:00,6,2,34,0,0.0
2019-11-28 02:00:00+00:00,6,3,19,0,0.0
2019-11-28 02:00:00+00:00,7,1,21,0,0.0
2019-11-28 02:00:00+00:00,7,2,38,0,0.0
2019-11-28 02:00:00+00:00,7,3,46,0,0.0
2019-11-28 02:00:00+00:00,8,1,22,0,0.0
2019-11-28 02:00:00+00:00,8,2,51,0,0.0
2019-11-28 02:00:00+00:00,8,3,24,0,0.0
2019-11-28 02:00:00+00:00,9,1,25,0,0.0
2019-11-28 02:00:00+00:00,9,2,7,0,0.0
2019-11-28 02:00:00+00:00,9,3,9,0,0.0
2019-11-28 02:00:00+00:00,10,1,13,0,0.0
2019-11-28 02:00:00+00:00,10,2,30,0,0.0
2019-11-28 02:00:00+00:00,10,3,35,0,0.0
2019-11-28 02:00:00+00:00,11,1,70,0,0.0
2019-11-28 02:00:00+00:00,11,2,11,0,0.0
2019-11-28 02:00:00+00:00,11,3,34,0,0.0
2019-11-28 02:00:00+00:00,12,1,21,0,0.0
2019-11-28 02:00:00+00:00,12,2,44,0,0.0
2019-11-28 02:00:00+00:00,12,3,32,1,34.000000000000064
2019-11-28 02:00:00+00:00,13,1,3,0,0.0
2019-11-28 02:00:00+00:00,13,2,51,0,0.0
2019-11-28 02:00:00+00:00,13,3,25,0,0.0
2019-11-28 02:00:00+00:00,14,1,34,0,0.0
2019-11-28 02:00:00+00:00,14,2,46,0,0.0
2019-11-28 02:00:00+00:00,14,3,21,0,0.0
2019-11-28 02:00:00+00:00,15,1,11,0,0.0
2019-11-28 02:00:00+00:00,15,3,28,0,0.0
2019-11-28 02:00:00+00:00,16,1,34,0,0.0
2019-11-28 02:00:00+00:00,16,2,3,0,0.0
2019-11-28 02:00:00+00:00,16,3,8,0,0.0
2019-11-28 02:00:00+00:00,17,1,18,0,0.0
2019-11-28 02:00:00+00:00,17,2,15,0,0.0
2019-11-28 02:00:00+00:00,17,3,59,0,0.0
2019-11-28 02:00:00+00:00,18,1,19,0,0.0
2019-11-28 02:00:00+00:00,18,2,24,0,0.0
2019-11-28 02:00:00+00:00,18,3,21,0,0.0
2019-11-28 02:00:00+00:00,19,1,26,0,0.0
2019-11-28 02:00:00+00:00,19,2,24,0,0.0
2019-11-28 02:00:00+00:00,19,3,45,1,34.000000000000064
2019-11-28 02:00:00+00:00,20,1,43,0,0.0
2019-11-28 02:00:00+00:00,20,2,22,0,0.0
2019-11-28 02:00:00+00:00,20,3,22,1,34.000000000000064
2019-11-28 02:00:00+00:00,21,1,16,0,0.0
2019-11-28 02:00:00+00:00,21,2,38,0,0.0
2019-11-28 02:00:00+00:00,21,3,16,0,0.0
2019-11-28 02:00:00+00:00,22,1,38,0,0.0
2019-11-28 02:00:00+00:00,22,2,31,0,0.0
2019-11-28 02:00:00+00:00,22,3,32,0,0.0
2019-11-28 02:00:00+00:00,23,1,7,0,0.0
2019-11-28 02:00:00+00:00,23,2,9,0,0.0
2019-11-28 02:00:00+00:00,23,3,40,0,0.0
2019-11-28 02:00:00+00:00,24,1,24,3,102.0000000000002
2019-11-28 02:00:00+00:00,24,2,28,0,0.0
2019-11-28 02:00:00+00:00,24,3,16,0,0.0
2019-11-28 02:00:00+00:00,25,1,18,0,0.0
2019-11-28 02:00:00+00:00,25,2,15,0,0.0
2019-11-28 02:00:00+00:00,25,3,21,0,0.0
2019-11-28 02:00:00+00:00,26,1,3,0,0.0
2019-11-28 02:00:00+00:00,26,3,12,0,0.0
2019-11-28 02:00:00+00:00,27,1,14,0,0.0
2019-11-28 02:00:00+00:00,27,2,4,0,0.0
2019-11-28 02:00:00+00:00,27,3,9,0,0.0
2019-11-28 02:00:00+00:00,28,1,13,0,0.0
2019-11-28 02:00:00+00:00,28,2,43,0,0.0
2019-11-28 02:00:00+00:00,28,3,10,0,0.0
2019-11-28 02:00:00+00:00,29,1,10,0,0.0
2019-11-28 02:00:00+00:00,29,2,36,0,0.0
2019-11-28 02:00:00+00:00,29,3,21,0,0.0
2019-11-28 02:00:00+00:00,30,1,8,0,0.0
2019-11-28 02:00:00+00:00,30,2,18,0,0.0
2019-11-28 02:00:00+00:00,30,3,38,0,0.0
2019-11-28 02:00:00+00:00,31,1,41,2,68.00000000000013
2019-11-28 02:00:00+00:00,31,2,20,0,0.0
2019-11-28 02:00:00+00:00,31,3,33,0,0.0
2019-11-28 02:00:00+00:00,32,1,61,0,0.0
2019-11-28 02:00:00+00:00,32,2,13,0,0.0
2019-11-28 02:00:00+00:00,32,3,11,0,0.0
2019-11-28 02:00:00+00:00,33,1,33,0,0.0
2019-11-28 02:00:00+00:00,33,2,7,0,0.0
2019-11-28 02:00:00+00:00,33,3,5,0,0.0
2019-11-28 03:00:00+00:00,0,1,67,0,0.0
2019-11-28 03:00:00+00:00,0,2,38,0,0.0
2019-11-28 03:00:00+00:00,0,3,25,0,0.0
2019-11-28 03:00:00+00:00,1,1,28,0,0.0
2019-11-28 03:00:00+00:00,1,2,29,0,0.0
2019-11-28 03:00:00+00:00,1,3,11,0,0.0
2019-11-28 03:00:00+00:00,2,1,52,1,34.000000000000064
2019-11-28 03:00:00+00:00,2,2,23,0,0.0
2019-11-28 03:00:00+00:00,2,3,50,0,0.0
2019-11-28 03:00:00+00:00,3,1,75,0,0.0
2019-11-28 03:00:00+00:00,3,2,41,0,0.0
2019-11-28 03:00:00+00:00,3,3,60,0,0.0
2019-11-28 03:00:00+00:00,4,1,18,0,0.0
2019-11-28 03:00:00+00:00,4,2,47,0,0.0
2019-11-28 03:00:00+00:00,4,3,43,0,0.0
2019-11-28 03:00:00+00:00,5,1,50,0,0.0
2019-11-28 03:00:00+00:00,5,2,22,0,0.0
2019-11-28 03:00:00+00:00,5,3,54,0,0.0
2019-11-28 03:00:00+00:00,6,1,8,0,0.0
2019-11-28 03:00:00+00:00,6,2,70,0,0.0
2019-11-28 03:00:00+00:00,6,3,33,0,0.0
2019-11-28 03:00:00+00:00,7,1,34,0,0.0
2019-11-28 03:00:00+00:00,7,2,32,0,0.0
2019-11-28 03:00:00+00:00,7,3,61,2,68.00000000000013
2019-11-28 03:00:00+00:00,8,1,81,0,0.0
2019-11-28 03:00:00+00:00,8,2,54,0,0.0
2019-11-28 03:00:00+00:00,8,3,48,0,0.0
2019-11-28 03:00:00+00:00,9,1,51,0,0.0
2019-11-28 03:00:00+00:00,9,2,28,0,0.0
2019-11-28 03:00:00+00:00,9,3,62,0,0.0
2019-11-28 03:00:00+00:00,10,1,35,0,0.0
2019-11-28 03:00:00+00:00,10,2,40,3,102.0000000000002
2019-11-28 03:00:00+00:00,10,3,57,0,0.0
2019-11-28 03:00:00+00:00,11,1,10,0,0.0
2019-11-28 03:00:00+00:00,11,2,26,0,0.0
2019-11-28 03:00:00+00:00,11,3,27,0,0.0
2019-11-28 03:00:00+00:00,12,1,23,0,0.0
2019-11-28 03:00:00+00:00,12,2,55,3,102.0000000000002
2019-11-28 03:00:00+00:00,12,3,54,0,0.0
2019-11-28 03:00:00+00:00,13,1,64,0,0.0
2019-11-28 03:00:00+00:00,13,2,27,0,0.0
2019-11-28 03:00:00+00:00,13,3,30,0,0.0
2019-11-28 03:00:00+00:00,14,1,48,0,0.0
2019-11-28 03:00:00+00:00,14,2,16,0,0.0
2019-11-28 03:00:00+00:00,14,3,26,0,0.0
2019-11-28 03:00:00+00:00,15,1,41,0,0.0
2019-11-28 03:00:00+00:00,15,2,32,0,0.0
2019-11-28 03:00:00+00:00,15,3,43,0,0.0
2019-11-28 03:00:00+00:00,16,1,29,0,0.0
2019-11-28 03:00:00+00:00,16,2,37,0,0.0
2019-11-28 03:00:00+00:00,16,3,10,0,0.0
2019-11-28 03:00:00+00:00,17,1,52,0,0.0
2019-11-28 03:00:00+00:00,17,2,40,0,0.0
2019-11-28 03:00:00+00:00,17,3,42,0,0.0
2019-11-28 03:00:00+00:00,18,1,16,0,0.0
2019-11-28 03:00:00+00:00,18,2,77,0,0.0
2019-11-28 03:00:00+00:00,18,3,32,0,0.0
2019-11-28 03:00:00+00:00,19,1,48,0,0.0
2019-11-28 03:00:00+00:00,19,2,20,0,0.0
2019-11-28 03:00:00+00:00,19,3,25,0,0.0
2019-11-28 03:00:00+00:00,20,1,62,0,0.0
2019-11-28 03:00:00+00:00,20,2,65,0,0.0
2019-11-28 03:00:00+00:00,20,3,43,0,0.0
2019-11-28 03:00:00+00:00,21,1,41,0,0.0
2019-11-28 03:00:00+00:00,21,2,18,0,0.0
2019-11-28 03:00:00+00:00,21,3,53,0,0.0
2019-11-28 03:00:00+00:00,22,1,56,0,0.0
2019-11-28 03:00:00+00:00,22,2,36,0,0.0
2019-11-28 03:00:00+00:00,22,3,56,1,34.000000000000064
2019-11-28 03:00:00+00:00,23,1,20,0,0.0
2019-11-28 03:00:00+00:00,23,2,46,1,34.000000000000064
2019-11-28 03:00:00+00:00,23,3,34,0,0.0
2019-11-28 03:00:00+00:00,24,1,32,0,0.0
2019-11-28 03:00:00+00:00,24,2,81,1,34.000000000000064
2019-11-28 03:00:00+00:00,24,3,50,0,0.0
2019-11-28 03:00:00+00:00,25,1,20,0,0.0
2019-11-28 03:00:00+00:00,25,2,29,0,0.0
2019-11-28 03:00:00+00:00,25,3,51,0,0.0
2019-11-28 03:00:00+00:00,26,1,20,0,0.0
2019-11-28 03:00:00+00:00,26,2,51,0,0.0
2019-11-28 03:00:00+00:00,26,3,34,0,0.0
2019-11-28 03:00:00+00:00,27,1,43,0,0.0
2019-11-28 03:00:00+00:00,27,2,45,0,0.0
2019-11-28 03:00:00+00:00,27,3,32,0,0.0
2019-11-28 03:00:00+00:00,28,1,42,0,0.0
2019-11-28 03:00:00+00:00,28,2,27,0,0.0
2019-11-28 03:00:00+00:00,28,3,75,0,0.0
2019-11-28 03:00:00+00:00,29,1,38,0,0.0
2019-11-28 03:00:00+00:00,29,2,51,0,0.0
2019-11-28 03:00:00+00:00,29,3,26,0,0.0
2019-11-28 03:00:00+00:00,30,1,20,0,0.0
2019-11-28 03:00:00+00:00,30,2,20,0,0.0
2019-11-28 03:00:00+00:00,30,3,14,0,0.0
2019-11-28 03:00:00+00:00,31,1,28,0,0.0
2019-11-28 03:00:00+00:00,31,2,26,0,0.0
2019-11-28 03:00:00+00:00,31,3,49,1,34.000000000000064
2019-11-28 03:00:00+00:00,32,1,42,0,0.0
2019-11-28 03:00:00+00:00,32,2,52,0,0.0
2019-11-28 03:00:00+00:00,32,3,34,0,0.0
2019-11-28 03:00:00+00:00,33,1,62,0,0.0
2019-11-28 03:00:00+00:00,33,2,54,0,0.0
2019-11-28 03:00:00+00:00,33,3,12,0,0.0
2019-11-28 04:00:00+00:00,0,1,33,0,0.0
2019-11-28 04:00:00+00:00,0,2,33,0,0.0
2019-11-28 04:00:00+00:00,0,3,18,0,0.0
2019-11-28 04:00:00+00:00,1,1,7,0,0.0
2019-11-28 04:00:00+00:00,1,2,10,0,0.0
2019-11-28 04:00:00+00:00,1,3,20,0,0.0
2019-11-28 04:00:00+00:00,2,1,15,0,0.0
2019-11-28 04:00:00+00:00,2,2,24,0,0.0
2019-11-28 04:00:00+00:00,2,3,30,0,0.0
2019-11-28 04:00:00+00:00,3,1,52,1,34.000000000000064
2019-11-28 04:00:00+00:00,3,2,21,0,0.0
2019-11-28 04:00:00+00:00,3,3,11,0,0.0
2019-11-28 04:00:00+00:00,4,1,48,0,0.0
2019-11-28 04:00:00+00:00,4,2,19,0,0.0
2019-11-28 04:00:00+00:00,4,3,45,0,0.0
2019-11-28 04:00:00+00:00,5,1,31,0,0.0
2019-11-28 04:00:00+00:00,5,2,42,0,0.0
2019-11-28 04:00:00+00:00,5,3,25,0,0.0
2019-11-28 04:00:00+00:00,6,1,9,0,0.0
2019-11-28 04:00:00+00:00,6,2,11,0,0.0
2019-11-28 04:00:00+00:00,6,3,56,0,0.0
2019-11-28 04:00:00+00:00,7,1,38,1,34.000000000000064
2019-11-28 04:00:00+00:00,7,2,53,0,0.0
2019-11-28 04:00:00+00:00,7,3,25,0,0.0
2019-11-28 04:00:00+00:00,8,1,13,0,0.0
2019-11-28 04:00:00+00:00,8,2,9,0,0.0
2019-11-28 04:00:00+00:00,8,3,17,0,0.0
2019-11-28 04:00:00+00:00,9,1,32,1,34.000000000000064
2019-11-28 04:00:00+00:00,9,2,29,0,0.0
2019-11-28 04:00:00+00:00,9,3,40,3,102.0000000000002
2019-11-28 04:00:00+00:00,10,1,26,0,0.0
2019-11-28 04:00:00+00:00,10,2,23,0,0.0
2019-11-28 04:00:00+00:00,10,3,11,0,0.0
2019-11-28 04:00:00+00:00,11,2,25,0,0.0
2019-11-28 04:00:00+00:00,11,3,15,0,0.0
2019-11-28 04:00:00+00:00,12,1,58,1,34.000000000000064
2019-11-28 04:00:00+00:00,12,2,12,0,0.0
2019-11-28 04:00:00+00:00,12,3,27,0,0.0
2019-11-28 04:00:00+00:00,13,1,18,0,0.0
2019-11-28 04:00:00+00:00,13,2,27,0,0.0
2019-11-28 04:00:00+00:00,13,3,9,0,0.0
2019-11-28 04:00:00+00:00,14,1,27,0,0.0
2019-11-28 04:00:00+00:00,14,2,39,0,0.0
2019-11-28 04:00:00+00:00,14,3,10,0,0.0
2019-11-28 04:00:00+00:00,15,1,1,0,0.0
2019-11-28 04:00:00+00:00,15,2,8,3,102.0000000000002
2019-11-28 04:00:00+00:00,15,3,17,0,0.0
2019-11-28 04:00:00+00:00,16,1,53,0,0.0
2019-11-28 04:00:00+00:00,16,2,75,0,0.0
2019-11-28 04:00:00+00:00,16,3,43,0,0.0
2019-11-28 04:00:00+00:00,17,1,19,0,0.0
2019-11-28 04:00:00+00:00,17,2,16,0,0.0
2019-11-28 04:00:00+00:00,17,3,61,0,0.0
2019-11-28 04:00:00+00:00,18,1,18,0,0.0
2019-11-28 04:00:00+00:00,18,2,39,0,0.0
2019-11-28 04:00:00+00:00,18,3,38,0,0.0
2019-11-28 04:00:00+00:00,19,1,18,0,0.0
2019-11-28 04:00:00+00:00,19,2,37,0,0.0
2019-11-28 04:00:00+00:00,19,3,20,0,0.0
2019-11-28 04:00:00+00:00,20,1,15,0,0.0
2019-11-28 04:00:00+00:00,20,2,21,0,0.0
2019-11-28 04:00:00+00:00,20,3,7,0,0.0
2019-11-28 04:00:00+00:00,21,1,18,0,0.0
2019-11-28 04:00:00+00:00,21,2,9,0,0.0
2019-11-28 04:00:00+00:00,21,3,28,0,0.0
2019-11-28 04:00:00+00:00,22,1,12,0,0.0
2019-11-28 04:00:00+00:00,22,2,24,0,0.0
2019-11-28 04:00:00+00:00,22,3,28,0,0.0
2019-11-28 04:00:00+00:00,23,1,28,0,0.0
2019-11-28 04:00:00+00:00,23,2,6,0,0.0
2019-11-28 04:00:00+00:00,24,1,22,0,0.0
2019-11-28 04:00:00+00:00,24,2,49,0,0.0
2019-11-28 04:00:00+00:00,24,3,44,0,0.0
2019-11-28 04:00:00+00:00,25,1,22,0,0.0
2019-11-28 04:00:00+00:00,25,2,45,0,0.0
2019-11-28 04:00:00+00:00,25,3,37,0,0.0
2019-11-28 04:00:00+00:00,26,1,25,0,0.0
2019-11-28 04:00:00+00:00,26,2,40,0,0.0
2019-11-28 04:00:00+00:00,26,3,39,0,0.0
2019-11-28 04:00:00+00:00,27,1,23,0,0.0
2019-11-28 04:00:00+00:00,27,2,43,0,0.0
2019-11-28 04:00:00+00:00,27,3,23,0,0.0
2019-11-28 04:00:00+00:00,28,1,55,0,0.0
2019-11-28 04:00:00+00:00,28,2,25,0,0.0
2019-11-28 04:00:00+00:00,28,3,18,0,0.0
2019-11-28 04:00:00+00:00,29,1,15,0,0.0
2019-11-28 04:00:00+00:00,29,2,27,0,0.0
2019-11-28 04:00:00+00:00,29,3,27,0,0.0
2019-11-28 04:00:00+00:00,30,1,20,0,0.0
2019-11-28 04:00:00+00:00,30,2,26,1,34.000000000000064
2019-11-28 04:00:00+00:00,30,3,9,0,0.0
2019-11-28 04:00:00+00:00,31,1,25,0,0.0
2019-11-28 04:00:00+00:00,31,3,33,0,0.0
2019-11-28 04:00:00+00:00,32,1,65,1,34.000000000000064
2019-11-28 04:00:00+00:00,32,2,17,0,0.0
2019-11-28 04:00:00+00:00,32,3,16,0,0.0
2019-11-28 04:00:00+00:00,33,1,35,0,0.0
2019-11-28 04:00:00+00:00,33,2,11,0,0.0
2019-11-28 04:00:00+00:00,33,3,47,0,0.0
2019-11-28 05:00:00+00:00,0,1,25,0,0.0
2019-11-28 05:00:00+00:00,1,1,9,0,0.0
2019-11-28 05:00:00+00:00,1,2,27,0,0.0
2019-11-28 05:00:00+00:00,1,3,11,0,0.0
2019-11-28 05:00:00+00:00,2,1,18,0,0.0
2019-11-28 05:00:00+00:00,2,2,15,0,0.0
2019-11-28 05:00:00+00:00,2,3,20,0,0.0
2019-11-28 05:00:00+00:00,3,1,23,0,0.0
2019-11-28 05:00:00+00:00,3,2,41,0,0.0
2019-11-28 05:00:00+00:00,3,3,31,0,0.0
2019-11-28 05:00:00+00:00,4,1,15,0,0.0
2019-11-28 05:00:00+00:00,4,2,11,0,0.0
2019-11-28 05:00:00+00:00,4,3,33,0,0.0
2019-11-28 05:00:00+00:00,5,1,34,0,0.0
2019-11-28 05:00:00+00:00,5,3,20,0,0.0
2019-11-28 05:00:00+00:00,6,1,42,0,0.0
2019-11-28 05:00:00+00:00,6,2,21,0,0.0
2019-11-28 05:00:00+00:00,6,3,21,0,0.0
2019-11-28 05:00:00+00:00,7,1,27,0,0.0
2019-11-28 05:00:00+00:00,7,2,16,0,0.0
2019-11-28 05:00:00+00:00,7,3,39,0,0.0
2019-11-28 05:00:00+00:00,8,1,15,0,0.0
2019-11-28 05:00:00+00:00,8,2,9,0,0.0
2019-11-28 05:00:00+00:00,8,3,25,0,0.0
2019-11-28 05:00:00+00:00,9,1,18,0,0.0
2019-11-28 05:00:00+00:00,9,2,6,0,0.0
2019-11-28 05:00:00+00:00,9,3,31,0,0.0
2019-11-28 05:00:00+00:00,10,1,21,0,0.0
2019-11-28 05:00:00+00:00,10,2,32,0,0.0
2019-11-28 05:00:00+00:00,10,3,24,1,34.000000000000064
2019-11-28 05:00:00+00:00,11,1,47,0,0.0
2019-11-28 05:00:00+00:00,11,2,29,0,0.0
2019-11-28 05:00:00+00:00,11,3,30,0,0.0
2019-11-28 05:00:00+00:00,12,1,20,0,0.0
2019-11-28 05:00:00+00:00,12,2,11,0,0.0
2019-11-28 05:00:00+00:00,12,3,31,0,0.0
2019-11-28 05:00:00+00:00,13,1,52,0,0.0
2019-11-28 05:00:00+00:00,13,2,11,0,0.0
2019-11-28 05:00:00+00:00,13,3,30,0,0.0
2019-11-28 05:00:00+00:00,14,1,20,0,0.0
2019-11-28 05:00:00+00:00,14,2,50,0,0.0
2019-11-28 05:00:00+00:00,14,3,8,0,0.0
2019-11-28 05:00:00+00:00,15,1,19,0,0.0
2019-11-28 05:00:00+00:00,15,2,20,0,0.0
2019-11-28 05:00:00+00:00,15,3,55,0,0.0
2019-11-28 05:00:00+00:00,16,1,17,0,0.0
2019-11-28 05:00:00+00:00,16,2,28,0,0.0
2019-11-28 05:00:00+00:00,16,3,33,0,0.0
2019-11-28 05:00:00+00:00,17,1,28,2,68.00000000000013
2019-11-28 05:00:00+00:00,17,2,8,0,0.0
2019-11-28 05:00:00+00:00,17,3,25,0,0.0
2019-11-28 05:00:00+00:00,18,1,29,0,0.0
2019-11-28 05:00:00+00:00,18,2,42,0,0.0
2019-11-28 05:00:00+00:00,18,3,18,0,0.0
2019-11-28 05:00:00+00:00,19,1,35,0,0.0
2019-11-28 05:00:00+00:00,19,2,38,1,34.000000000000064
2019-11-28 05:00:00+00:00,19,3,46,0,0.0
2019-11-28 05:00:00+00:00,20,1,28,0,0.0
2019-11-28 05:00:00+00:00,20,2,27,0,0.0
2019-11-28 05:00:00+00:00,20,3,18,0,0.0
2019-11-28 05:00:00+00:00,21,1,14,0,0.0
2019-11-28 05:00:00+00:00,21,2,16,1,34.000000000000064
2019-11-28 05:00:00+00:00,21,3,8,0,0.0
2019-11-28 05:00:00+00:00,22,1,39,0,0.0
2019-11-28 05:00:00+00:00,22,2,41,0,0.0
2019-11-28 05:00:00+00:00,22,3,35,0,0.0
2019-11-28 05:00:00+00:00,23,1,26,0,0.0
2019-11-28 05:00:00+00:00,23,2,34,0,0.0
2019-11-28 05:00:00+00:00,23,3,10,0,0.0
2019-11-28 05:00:00+00:00,24,1,10,0,0.0
2019-11-28 05:00:00+00:00,24,2,33,0,0.0
2019-11-28 05:00:00+00:00,24,3,49,0,0.0
2019-11-28 05:00:00+00:00,25,1,8,0,0.0
2019-11-28 05:00:00+00:00,25,2,51,0,0.0
2019-11-28 05:00:00+00:00,25,3,30,0,0.0
2019-11-28 05:00:00+00:00,26,1,28,0,0.0
2019-11-28 05:00:00+00:00,26,2,47,0,0.0
2019-11-28 05:00:00+00:00,26,3,16,0,0.0
2019-11-28 05:00:00+00:00,27,1,44,0,0.0
2019-11-28 05:00:00+00:00,27,2,17,0,0.0
2019-11-28 05:00:00+00:00,27,3,22,0,0.0
2019-11-28 05:00:00+00:00,28,1,29,0,0.0
2019-11-28 05:00:00+00:00,28,2,24,0,0.0
2019-11-28 05:00:00+00:00,28,3,25,0,0.0
2019-11-28 05:00:00+00:00,29,1,5,0,0.0
2019-11-28 05:00:00+00:00,29,2,36,0,0.0
2019-11-28 05:00:00+00:00,29,3,29,0,0.0
2019-11-28 05:00:00+00:00,30,1,8,0,0.0
2019-11-28 05:00:00+00:00,30,2,27,0,0.0
2019-11-28 05:00:00+00:00,30,3,19,0,0.0
2019-11-28 05:00:00+00:00,31,1,45,0,0.0
2019-11-28 05:00:00+00:00,31,2,33,1,34.000000000000064
2019-11-28 05:00:00+00:00,31,3,24,0,0.0
2019-11-28 05:00:00+00:00,32,1,28,0,0.0
2019-11-28 05:00:00+00:00,32,2,7,0,0.0
2019-11-28 05:00:00+00:00,32,3,19,0,0.0
2019-11-28 05:00:00+00:00,33,1,19,0,0.0
2019-11-28 05:00:00+00:00,33,2,38,0,0.0
2019-11-28 05:00:00+00:00,33,3,11,0,0.0
2019-11-28 06:00:00+00:00,0,1,47,1,34.000000000000064
2019-11-28 06:00:00+00:00,0,2,32,0,0.0
2019-11-28 06:00:00+00:00,0,3,23,0,0.0
2019-11-28 06:00:00+00:00,1,1,53,0,0.0
2019-11-28 06:00:00+00:00,1,2,30,0,0.0
2019-11-28 06:00:00+00:00,1,3,31,0,0.0
2019-11-28 06:00:00+00:00,2,1,35,0,0.0
2019-11-28 06:00:00+00:00,2,2,29,0,0.0
2019-11-28 06:00:00+00:00,2,3,32,0,0.0
2019-11-28 06:00:00+00:00,3,1,29,0,0.0
2019-11-28 06:00:00+00:00,3,2,22,0,0.0
2019-11-28 06:00:00+00:00,3,3,55,0,0.0
2019-11-28 06:00:00+00:00,4,1,12,0,0.0
2019-11-28 06:00:00+00:00,4,2,23,2,68.00000000000013
2019-11-28 06:00:00+00:00,4,3,34,0,0.0
2019-11-28 06:00:00+00:00,5,1,41,0,0.0
2019-11-28 06:00:00+00:00,5,2,21,0,0.0
2019-11-28 06:00:00+00:00,5,3,24,0,0.0
2019-11-28 06:00:00+00:00,6,1,21,0,0.0
2019-11-28 06:00:00+00:00,6,2,19,0,0.0
2019-11-28 06:00:00+00:00,6,3,45,0,0.0
2019-11-28 06:00:00+00:00,7,1,27,0,0.0
2019-11-28 06:00:00+00:00,7,2,49,0,0.0
2019-11-28 06:00:00+00:00,7,3,4,0,0.0
2019-11-28 06:00:00+00:00,8,2,33,0,0.0
2019-11-28 06:00:00+00:00,8,3,45,0,0.0
2019-11-28 06:00:00+00:00,9,1,17,0,0.0
2019-11-28 06:00:00+00:00,9,2,27,0,0.0
2019-11-28 06:00:00+00:00,9,3,20,0,0.0
2019-11-28 06:00:00+00:00,10,1,16,0,0.0
2019-11-28 06:00:00+00:00,10,2,32,0,0.0
2019-11-28 06:00:00+00:00,10,3,30,0,0.0
2019-11-28 06:00:00+00:00,11,1,22,0,0.0
2019-11-28 06:00:00+00:00,11,2,18,0,0.0
2019-11-28 06:00:00+00:00,11,3,20,0,0.0
2019-11-28 06:00:00+00:00,12,1,33,0,0.0
2019-11-28 06:00:00+00:00,12,2,12,0,0.0
2019-11-28 06:00:00+00:00,12,3,19,0,0.0
2019-11-28 06:00:00+00:00,13,1,44,0,0.0
2019-11-28 06:00:00+00:00,13,2,10,0,0.0
2019-11-28 06:00:00+00:00,13,3,16,0,0.0
2019-11-28 06:00:00+00:00,14,1,36,0,0.0
2019-11-28 06:00:00+00:00,14,2,34,0,0.0
2019-11-28 06:00:00+00:00,14,3,14,0,0.0
2019-11-28 06:00:00+00:00,15,1,27,0,0.0
2019-11-28 06:00:00+00:00,15,2,17,0,0.0
2019-11-28 06:00:00+00:00,15,3,22,0,0.0
2019-11-28 06:00:00+00:00,16,1,21,0,0.0
2019-11-28 06:00:00+00:00,16,2,27,0,0.0
2019-11-28 06:00:00+00:00,16,3,19,0,0.0
2019-11-28 06:00:00+00:00,17,1,35,0,0.0
2019-11-28 06:00:00+00:00,17,2,16,0,0.0
2019-11-28 06:00:00+00:00,17,3,34,0,0.0
2019-11-28 06:00:00+00:00,18,1,9,0,0.0
2019-11-28 06:00:00+00:00,18,2,3,0,0.0
2019-11-28 06:00:00+00:00,18,3,40,0,0.0
2019-11-28 06:00:00+00:00,19,1,18,0,0.0
2019-11-28 06:00:00+00:00,19,2,19,3,102.0000000000002
2019-11-28 06:00:00+00:00,19,3,11,0,0.0
2019-11-28 06:00:00+00:00,20,1,24,0,0.0
2019-11-28 06:00:00+00:00,20,2,8,0,0.0
2019-11-28 06:00:00+00:00,20,3,15,0,0.0
2019-11-28 06:00:00+00:00,21,2,64,6,204.0000000000004
2019-11-28 06:00:00+00:00,21,3,14,0,0.0
2019-11-28 06:00:00+00:00,22,1,16,0,0.0
2019-11-28 06:00:00+00:00,22,2,18,0,0.0
2019-11-28 06:00:00+00:00,22,3,25,0,0.0
2019-11-28 06:00:00+00:00,23,1,13,0,0.0
2019-11-28 06:00:00+00:00,23,2,48,1,34.000000000000064
2019-11-28 06:00:00+00:00,23,3,34,1,34.000000000000064
2019-11-28 06:00:00+00:00,24,1,45,0,0.0
2019-11-28 06:00:00+00:00,24,2,34,0,0.0
2019-11-28 06:00:00+00:00,24,3,17,2,68.00000000000013
2019-11-28 06:00:00+00:00,25,1,24,0,0.0
2019-11-28 06:00:00+00:00,25,2,23,0,0.0
2019-11-28 06:00:00+00:00,25,3,16,0,0.0
2019-11-28 06:00:00+00:00,26,1,24,0,0.0
2019-11-28 06:00:00+00:00,26,2,36,1,34.000000000000064
2019-11-28 06:00:00+00:00,26,3,42,0,0.0
2019-11-28 06:00:00+00:00,27,1,49,1,34.000000000000064
2019-11-28 06:00:00+00:00,27,2,26,0,0.0
2019-11-28 06:00:00+00:00,27,3,37,0,0.0
2019-11-28 06:00:00+00:00,28,1,15,0,0.0
2019-11-28 06:00:00+00:00,28,2,32,0,0.0
2019-11-28 06:00:00+00:00,28,3,16,0,0.0
2019-11-28 06:00:00+00:00,29,1,27,0,0.0
2019-11-28 06:00:00+00:00,29,2,51,0,0.0
2019-11-28 06:00:00+00:00,29,3,72,0,0.0
2019-11-28 06:00:00+00:00,30,1,39,0,0.0
2019-11-28 06:00:00+00:00,30,2,14,0,0.0
2019-11-28 06:00:00+00:00,30,3,23,0,0.0
2019-11-28 06:00:00+00:00,31,1,47,0,0.0
2019-11-28 06:00:00+00:00,31,2,16,0,0.0
2019-11-28 06:00:00+00:00,31,3,27,1,34.000000000000064
2019-11-28 06:00:00+00:00,32,1,17,0,0.0
2019-11-28 06:00:00+00:00,32,2,50,1,34.000000000000064
2019-11-28 06:00:00+00:00,32,3,13,0,0.0
2019-11-28 06:00:00+00:00,33,1,15,0,0.0
2019-11-28 06:00:00+00:00,33,2,10,0,0.0
2019-11-28 06:00:00+00:00,33,3,11,0,0.0
2019-11-28 07:00:00+00:00,0,1,48,0,0.0
2019-11-28 07:00:00+00:00,0,2,16,0,0.0
2019-11-28 07:00:00+00:00,0,3,34,0,0.0
2019-11-28 07:00:00+00:00,1,1,24,0,0.0
2019-11-28 07:00:00+00:00,1,2,25,0,0.0
2019-11-28 07:00:00+00:00,1,3,18,0,0.0
2019-11-28 07:00:00+00:00,2,1,25,0,0.0
2019-11-28 07:00:00+00:00,2,2,40,0,0.0
2019-11-28 07:00:00+00:00,2,3,29,0,0.0
2019-11-28 07:00:00+00:00,3,1,28,0,0.0
2019-11-28 07:00:00+00:00,3,2,32,0,0.0
2019-11-28 07:00:00+00:00,3,3,27,0,0.0
2019-11-28 07:00:00+00:00,4,1,34,0,0.0
2019-11-28 07:00:00+00:00,4,2,29,0,0.0
2019-11-28 07:00:00+00:00,4,3,38,0,0.0
2019-11-28 07:00:00+00:00,5,1,68,0,0.0
2019-11-28 07:00:00+00:00,5,2,12,0,0.0
2019-11-28 07:00:00+00:00,5,3,27,0,0.0
2019-11-28 07:00:00+00:00,6,1,6,0,0.0
2019-11-28 07:00:00+00:00,6,2,14,0,0.0
2019-11-28 07:00:00+00:00,6,3,23,0,0.0
2019-11-28 07:00:00+00:00,7,1,20,0,0.0
2019-11-28 07:00:00+00:00,7,2,24,0,0.0
2019-11-28 07:00:00+00:00,7,3,32,0,0.0
2019-11-28 07:00:00+00:00,8,1,36,0,0.0
2019-11-28 07:00:00+00:00,8,2,35,0,0.0
2019-11-28 07:00:00+00:00,8,3,56,0,0.0
2019-11-28 07:00:00+00:00,9,1,25,0,0.0
2019-11-28 07:00:00+00:00,9,2,53,0,0.0
2019-11-28 07:00:00+00:00,9,3,24,0,0.0
2019-11-28 07:00:00+00:00,10,1,1,0,0.0
2019-11-28 07:00:00+00:00,10,2,9,0,0.0
2019-11-28 07:00:00+00:00,10,3,22,0,0.0
2019-11-28 07:00:00+00:00,11,1,16,0,0.0
2019-11-28 07:00:00+00:00,11,2,10,0,0.0
2019-11-28 07:00:00+00:00,11,3,47,0,0.0
2019-11-28 07:00:00+00:00,12,1,42,0,0.0
2019-11-28 07:00:00+00:00,12,2,16,0,0.0
2019-11-28 07:00:00+00:00,12,3,43,0,0.0
2019-11-28 07:00:00+00:00,13,1,8,0,0.0
2019-11-28 07:00:00+00:00,13,2,39,0,0.0
2019-11-28 07:00:00+00:00,13,3,37,0,0.0
2019-11-28 07:00:00+00:00,14,1,38,0,0.0
2019-11-28 07:00:00+00:00,14,2,12,0,0.0
2019-11-28 07:00:00+00:00,14,3,37,0,0.0
2019-11-28 07:00:00+00:00,15,1,26,0,0.0
2019-11-28 07:00:00+00:00,15,2,51,4,136.00000000000026
2019-11-28 07:00:00+00:00,16,1,14,0,0.0
2019-11-28 07:00:00+00:00,16,2,5,0,0.0
2019-11-28 07:00:00+00:00,16,3,14,0,0.0
2019-11-28 07:00:00+00:00,17,1,35,0,0.0
2019-11-28 07:00:00+00:00,17,2,13,0,0.0
2019-11-28 07:00:00+00:00,17,3,45,0,0.0
2019-11-28 07:00:00+00:00,18,1,24,0,0.0
2019-11-28 07:00:00+00:00,18,2,32,0,0.0
2019-11-28 07:00:00+00:00,18,3,26,0,0.0
2019-11-28 07:00:00+00:00,19,1,32,0,0.0
2019-11-28 07:00:00+00:00,19,2,52,0,0.0
2019-11-28 07:00:00+00:00,19,3,7,0,0.0
2019-11-28 07:00:00+00:00,20,1,31,0,0.0
2019-11-28 07:00:00+00:00,20,2,41,0,0.0
2019-11-28 07:00:00+00:00,20,3,18,0,0.0
2019-11-28 07:00:00+00:00,21,1,75,0,0.0
2019-11-28 07:00:00+00:00,21,2,17,0,0.0
2019-11-28 07:00:00+00:00,21,3,28,0,0.0
2019-11-28 07:00:00+00:00,22,1,14,0,0.0
2019-11-28 07:00:00+00:00,22,2,13,0,0.0
2019-11-28 07:00:00+00:00,22,3,26,0,0.0
2019-11-28 07:00:00+00:00,23,1,16,0,0.0
2019-11-28 07:00:00+00:00,23,2,21,0,0.0
2019-11-28 07:00:00+00:00,23,3,21,0,0.0
2019-11-28 07:00:00+00:00,24,1,10,0,0.0
2019-11-28 07:00:00+00:00,24,2,54,0,0.0
2019-11-28 07:00:00+00:00,24,3,27,0,0.0
2019-11-28 07:00:00+00:00,25,1,59,0,0.0
2019-11-28 07:00:00+00:00,25,2,21,0,0.0
2019-11-28 07:00:00+00:00,25,3,51,0,0.0
2019-11-28 07:00:00+00:00,26,1,29,0,0.0
2019-11-28 07:00:00+00:00,26,2,31,0,0.0
2019-11-28 07:00:00+00:00,26,3,21,0,0.0
2019-11-28 07:00:00+00:00,27,1,25,0,0.0
2019-11-28 07:00:00+00:00,27,2,43,1,34.000000000000064
2019-11-28 07:00:00+00:00,27,3,14,0,0.0
2019-11-28 07:00:00+00:00,28,1,24,0,0.0
2019-11-28 07:00:00+00:00,28,2,9,0,0.0
2019-11-28 07:00:00+00:00,28,3,19,0,0.0
2019-11-28 07:00:00+00:00,29,1,36,0,0.0
2019-11-28 07:00:00+00:00,29,2,68,0,0.0
2019-11-28 07:00:00+00:00,29,3,13,0,0.0
2019-11-28 07:00:00+00:00,30,1,27,0,0.0
2019-11-28 07:00:00+00:00,30,2,9,0,0.0
2019-11-28 07:00:00+00:00,30,3,15,0,0.0
2019-11-28 07:00:00+00:00,31,1,6,0,0.0
2019-11-28 07:00:00+00:00,31,2,28,0,0.0
2019-11-28 07:00:00+00:00,31,3,24,0,0.0
2019-11-28 07:00:00+00:00,32,1,12,0,0.0
2019-11-28 07:00:00+00:00,32,2,37,0,0.0
2019-11-28 07:00:00+00:00,32,3,40,0,0.0
2019-11-28 07:00:00+00:00,33,1,19,0,0.0
2019-11-28 07:00:00+00:00,33,2,22,0,0.0
2019-11-28 07:00:00+00:00,33,3,30,0,0.0
2019-11-28 08:00:00+00:00,0,1,28,0,0.0
2019-11-28 08:00:00+00:00,0,2,28,0,0.0
2019-11-28 08:00:00+00:00,0,3,58,0,0.0
2019-11-28 08:00:00+00:00,1,1,34,0,0.0
2019-11-28 08:00:00+00:00,1,2,37,0,0.0
2019-11-28 08:00:00+00:00,1,3,15,0,0.0
2019-11-28 08:00:00+00:00,2,1,50,0,0.0
2019-11-28 08:00:00+00:00,2,2,28,0,0.0
2019-11-28 08:00:00+00:00,3,1,40,0,0.0
2019-11-28 08:00:00+00:00,3,2,25,0,0.0
2019-11-28 08:00:00+00:00,3,3,10,0,0.0
2019-11-28 08:00:00+00:00,4,1,42,0,0.0
2019-11-28 08:00:00+00:00,4,2,27,0,0.0
2019-11-28 08:00:00+00:00,4,3,42,0,0.0
2019-11-28 08:00:00+00:00,5,1,29,0,0.0
2019-11-28 08:00:00+00:00,5,2,7,0,0.0
2019-11-28 08:00:00+00:00,5,3,23,0,0.0
2019-11-28 08:00:00+00:00,6,1,32,0,0.0
2019-11-28 08:00:00+00:00,6,2,35,2,68.00000000000013
2019-11-28 08:00:00+00:00,6,3,46,0,0.0
2019-11-28 08:00:00+00:00,7,1,22,0,0.0
2019-11-28 08:00:00+00:00,7,2,25,0,0.0
2019-11-28 08:00:00+00:00,7,3,10,0,0.0
2019-11-28 08:00:00+00:00,8,1,44,0,0.0
2019-11-28 08:00:00+00:00,8,2,20,0,0.0
2019-11-28 08:00:00+00:00,8,3,44,0,0.0
2019-11-28 08:00:00+00:00,9,1,27,0,0.0
2019-11-28 08:00:00+00:00,9,2,31,1,34.000000000000064
2019-11-28 08:00:00+00:00,9,3,22,0,0.0
2019-11-28 08:00:00+00:00,10,1,18,0,0.0
2019-11-28 08:00:00+00:00,10,2,27,0,0.0
2019-11-28 08:00:00+00:00,10,3,24,0,0.0
2019-11-28 08:00:00+00:00,11,1,19,0,0.0
2019-11-28 08:00:00+00:00,11,2,23,0,0.0
2019-11-28 08:00:00+00:00,11,3,14,0,0.0
2019-11-28 08:00:00+00:00,12,1,21,0,0.0
2019-11-28 08:00:00+00:00,12,2,43,2,68.00000000000013
2019-11-28 08:00:00+00:00,12,3,13,0,0.0
2019-11-28 08:00:00+00:00,13,1,12,0,0.0
2019-11-28 08:00:00+00:00,13,2,19,0,0.0
2019-11-28 08:00:00+00:00,13,3,26,0,0.0
2019-11-28 08:00:00+00:00,14,1,36,0,0.0
2019-11-28 08:00:00+00:00,14,2,38,1,34.000000000000064
2019-11-28 08:00:00+00:00,15,1,24,0,0.0
2019-11-28 08:00:00+00:00,15,2,40,0,0.0
2019-11-28 08:00:00+00:00,15,3,12,0,0.0
2019-11-28 08:00:00+00:00,16,1,40,0,0.0
2019-11-28 08:00:00+00:00,16,2,35,0,0.0
2019-11-28 08:00:00+00:00,16,3,49,1,34.000000000000064
2019-11-28 08:00:00+00:00,17,1,31,0,0.0
2019-11-28 08:00:00+00:00,17,2,28,0,0.0
2019-11-28 08:00:00+00:00,17,3,20,0,0.0
2019-11-28 08:00:00+00:00,18,1,55,0,0.0
2019-11-28 08:00:00+00:00,18,2,27,0,0.0
2019-11-28 08:00:00+00:00,18,3,39,0,0.0
2019-11-28 08:00:00+00:00,19,1,15,0,0.0
2019-11-28 08:00:00+00:00,19,2,33,0,0.0
2019-11-28 08:00:00+00:00,19,3,18,0,0.0
2019-11-28 08:00:00+00:00,20,1,55,0,0.0
2019-11-28 08:00:00+00:00,20,2,35,0,0.0
2019-11-28 08:00:00+00:00,20,3,23,0,0.0
2019-11-28 08:00:00+00:00,21,1,16,0,0.0
2019-11-28 08:00:00+00:00,21,2,18,0,0.0
2019-11-28 08:00:00+00:00,21,3,37,0,0.0
2019-11-28 08:00:00+00:00,22,1,12,0,0.0
2019-11-28 08:00:00+00:00,22,2,23,0,0.0
2019-11-28 08:00:00+00:00,22,3,17,1,34.000000000000064
2019-11-28 08:00:00+00:00,23,1,18,0,0.0
2019-11-28 08:00:00+00:00,23,2,17,0,0.0
2019-11-28 08:00:00+00:00,23,3,26,0,0.0
2019-11-28 08:00:00+00:00,24,1,14,0,0.0
2019-11-28 08:00:00+00:00,24,2,27,1,34.000000000000064
2019-11-28 08:00:00+00:00,24,3,39,0,0.0
2019-11-28 08:00:00+00:00,25,1,17,0,0.0
2019-11-28 08:00:00+00:00,25,2,49,0,0.0
2019-11-28 08:00:00+00:00,25,3,30,0,0.0
2019-11-28 08:00:00+00:00,26,1,14,0,0.0
2019-11-28 08:00:00+00:00,26,2,62,0,0.0
2019-11-28 08:00:00+00:00,26,3,25,0,0.0
2019-11-28 08:00:00+00:00,27,1,33,0,0.0
2019-11-28 08:00:00+00:00,27,2,13,0,0.0
2019-11-28 08:00:00+00:00,27,3,44,0,0.0
2019-11-28 08:00:00+00:00,28,1,36,0,0.0
2019-11-28 08:00:00+00:00,28,2,12,0,0.0
2019-11-28 08:00:00+00:00,28,3,76,0,0.0
2019-11-28 08:00:00+00:00,29,1,46,0,0.0
2019-11-28 08:00:00+00:00,29,2,36,0,0.0
2019-11-28 08:00:00+00:00,29,3,62,0,0.0
2019-11-28 08:00:00+00:00,30,1,10,0,0.0
2019-11-28 08:00:00+00:00,30,2,33,0,0.0
2019-11-28 08:00:00+00:00,30,3,37,1,34.000000000000064
2019-11-28 08:00:00+00:00,31,1,22,1,34.000000000000064
2019-11-28 08:00:00+00:00,31,2,9,0,0.0
2019-11-28 08:00:00+00:00,31,3,24,0,0.0
2019-11-28 08:00:00+00:00,32,1,53,0,0.0
2019-11-28 08:00:00+00:00,32,2,46,0,0.0
2019-11-28 08:00:00+00:00,32,3,29,0,0.0
2019-11-28 08:00:00+00:00,33,1,9,0,0.0
2019-11-28 08:00:00+00:00,33,2,18,0,0.0
2019-11-28 08:00:00+00:00,33,3,21,0,0.0
2019-11-28 09:00:00+00:00,0,1,35,2,68.00000000000013
2019-11-28 09:00:00+00:00,0,2,19,0,0.0
2019-11-28 09:00:00+00:00,0,3,65,0,0.0
2019-11-28 09:00:00+00:00,1,1,21,0,0.0
2019-11-28 09:00:00+00:00,1,2,26,0,0.0
2019-11-28 09:00:00+00:00,1,3,20,0,0.0
2019-11-28 09:00:00+00:00,2,1,70,0,0.0
2019-11-28 09:00:00+00:00,2,2,20,0,0.0
2019-11-28 09:00:00+00:00,2,3,7,0,0.0
2019-11-28 09:00:00+00:00,3,1,32,0,0.0
2019-11-28 09:00:00+00:00,3,2,17,0,0.0
2019-11-28 09:00:00+00:00,3,3,17,0,0.0
2019-11-28 09:00:00+00:00,4,1,1,0,0.0
2019-11-28 09:00:00+00:00,4,2,16,0,0.0
2019-11-28 09:00:00+00:00,4,3,47,0,0.0
2019-11-28 09:00:00+00:00,5,1,16,0,0.0
2019-11-28 09:00:00+00:00,5,2,20,0,0.0
2019-11-28 09:00:00+00:00,5,3,22,0,0.0
2019-11-28 09:00:00+00:00,6,1,56,0,0.0
2019-11-28 09:00:00+00:00,6,2,24,0,0.0
2019-11-28 09:00:00+00:00,6,3,31,0,0.0
2019-11-28 09:00:00+00:00,7,1,13,0,0.0
2019-11-28 09:00:00+00:00,7,2,22,0,0.0
2019-11-28 09:00:00+00:00,7,3,56,0,0.0
2019-11-28 09:00:00+00:00,8,1,13,0,0.0
2019-11-28 09:00:00+00:00,8,2,45,0,0.0
2019-11-28 09:00:00+00:00,8,3,40,0,0.0
2019-11-28 09:00:00+00:00,9,1,28,0,0.0
2019-11-28 09:00:00+00:00,9,2,35,0,0.0
2019-11-28 09:00:00+00:00,9,3,15,0,0.0
2019-11-28 09:00:00+00:00,10,1,27,0,0.0
2019-11-28 09:00:00+00:00,10,2,35,0,0.0
2019-11-28 09:00:00+00:00,10,3,36,0,0.0
2019-11-28 09:00:00+00:00,11,1,34,0,0.0
2019-11-28 09:00:00+00:00,11,2,66,0,0.0
2019-11-28 09:00:00+00:00,11,3,34,0,0.0
2019-11-28 09:00:00+00:00,12,1,40,0,0.0
2019-11-28 09:00:00+00:00,12,2,44,0,0.0
2019-11-28 09:00:00+00:00,12,3,31,0,0.0
2019-11-28 09:00:00+00:00,13,1,37,0,0.0
2019-11-28 09:00:00+00:00,13,2,21,1,34.000000000000064
2019-11-28 09:00:00+00:00,13,3,37,0,0.0
2019-11-28 09:00:00+00:00,14,1,64,0,0.0
2019-11-28 09:00:00+00:00,14,2,37,0,0.0
2019-11-28 09:00:00+00:00,14,3,27,0,0.0
2019-11-28 09:00:00+00:00,15,1,9,0,0.0
2019-11-28 09:00:00+00:00,15,2,12,0,0.0
2019-11-28 09:00:00+00:00,15,3,42,0,0.0
2019-11-28 09:00:00+00:00,16,1,14,1,34.000000000000064
2019-11-28 09:00:00+00:00,16,2,9,0,0.0
2019-11-28 09:00:00+00:00,16,3,13,0,0.0
2019-11-28 09:00:00+00:00,17,1,13,0,0.0
2019-11-28 09:00:00+00:00,17,2,28,0,0.0
2019-11-28 09:00:00+00:00,17,3,25,0,0.0
2019-11-28 09:00:00+00:00,18,1,20,0,0.0
2019-11-28 09:00:00+00:00,18,2,22,0,0.0
2019-11-28 09:00:00+00:00,18,3,41,0,0.0
2019-11-28 09:00:00+00:00,19,1,44,0,0.0
2019-11-28 09:00:00+00:00,19,2,12,0,0.0
2019-11-28 09:00:00+00:00,19,3,13,0,0.0
2019-11-28 09:00:00+00:00,20,1,32,0,0.0
2019-11-28 09:00:00+00:00,20,2,49,0,0.0
2019-11-28 09:00:00+00:00,20,3,26,0,0.0
2019-11-28 09:00:00+00:00,21,1,25,0,0.0
2019-11-28 09:00:00+00:00,21,2,34,0,0.0
2019-11-28 09:00:00+00:00,21,3,33,0,0.0
2019-11-28 09:00:00+00:00,22,1,26,0,0.0
2019-11-28 09:00:00+00:00,22,2,49,0,0.0
2019-11-28 09:00:00+00:00,22,3,49,0,0.0
2019-11-28 09:00:00+00:00,23,1,22,0,0.0
2019-11-28 09:00:00+00:00,23,2,23,0,0.0
2019-11-28 09:00:00+00:00,23,3,53,0,0.0
2019-11-28 09:00:00+00:00,24,1,29,0,0.0
2019-11-28 09:00:00+00:00,24,2,21,0,0.0
2019-11-28 09:00:00+00:00,24,3,35,0,0.0
2019-11-28 09:00:00+00:00,25,1,22,0,0.0
2019-11-28 09:00:00+00:00,25,2,72,0,0.0
2019-11-28 09:00:00+00:00,25,3,13,0,0.0
2019-11-28 09:00:00+00:00,26,1,49,0,0.0
2019-11-28 09:00:00+00:00,26,2,8,1,34.000000000000064
2019-11-28 09:00:00+00:00,26,3,38,0,0.0
2019-11-28 09:00:00+00:00,27,1,9,0,0.0
2019-11-28 09:00:00+00:00,27,2,30,0,0.0
2019-11-28 09:00:00+00:00,27,3,38,0,0.0
2019-11-28 09:00:00+00:00,28,1,77,1,34.000000000000064
2019-11-28 09:00:00+00:00,28,2,47,0,0.0
2019-11-28 09:00:00+00:00,29,1,29,0,0.0
2019-11-28 09:00:00+00:00,29,2,37,1,34.000000000000064
2019-11-28 09:00:00+00:00,29,3,26,0,0.0
2019-11-28 09:00:00+00:00,30,1,3,0,0.0
2019-11-28 09:00:00+00:00,30,2,23,0,0.0
2019-11-28 09:00:00+00:00,30,3,33,0,0.0
2019-11-28 09:00:00+00:00,31,1,40,0,0.0
2019-11-28 09:00:00+00:00,31,2,29,0,0.0
2019-11-28 09:00:00+00:00,31,3,28,0,0.0
2019-11-28 09:00:00+00:00,32,1,65,0,0.0
2019-11-28 09:00:00+00:00,32,2,74,0,0.0
2019-11-28 09:00:00+00:00,32,3,9,0,0.0
2019-11-28 09:00:00+00:00,33,1,28,0,0.0
2019-11-28 09:00:00+00:00,33,2,19,0,0.0
2019-11-28 09:00:00+00:00,33,3,44,0,0.0
2019-11-28 10:00:00+00:00,0,1,18,0,0.0
2019-11-28 10:00:00+00:00,0,2,23,0,0.0
2019-11-28 10:00:00+00:00,0,3,45,0,0.0
2019-11-28 10:00:00+00:00,1,1,26,0,0.0
2019-11-28 10:00:00+00:00,1,2,72,0,0.0
2019-11-28 10:00:00+00:00,1,3,17,0,0.0
2019-11-28 10:00:00+00:00,2,1,13,0,0.0
2019-11-28 10:00:00+00:00,2,2,40,0,0.0
2019-11-28 10:00:00+00:00,2,3,16,0,0.0
2019-11-28 10:00:00+00:00,3,1,24,0,0.0
2019-11-28 10:00:00+00:00,3,2,12,0,0.0
2019-11-28 10:00:00+00:00,3,3,11,0,0.0
2019-11-28 10:00:00+00:00,4,1,46,0,0.0
2019-11-28 10:00:00+00:00,4,2,10,0,0.0
2019-11-28 10:00:00+00:00,4,3,50,1,34.000000000000064
2019-11-28 10:00:00+00:00,5,1,68,0,0.0
2019-11-28 10:00:00+00:00,5,2,27,0,0.0
2019-11-28 10:00:00+00:00,5,3,25,0,0.0
2019-11-28 10:00:00+00:00,6,1,24,0,0.0
2019-11-28 10:00:00+00:00,6,2,41,0,0.0
2019-11-28 10:00:00+00:00,6,3,9,0,0.0
2019-11-28 10:00:00+00:00,7,1,32,0,0.0
2019-11-28 10:00:00+00:00,7,2,14,0,0.0
2019-11-28 10:00:00+00:00,7,3,18,0,0.0
2019-11-28 10:00:00+00:00,8,1,47,0,0.0
2019-11-28 10:00:00+00:00,8,2,21,0,0.0
2019-11-28 10:00:00+00:00,8,3,64,1,34.000000000000064
2019-11-28 10:00:00+00:00,9,1,37,2,68.00000000000013
2019-11-28 10:00:00+00:00,9,2,11,0,0.0
2019-11-28 10:00:00+00:00,9,3,27,0,0.0
2019-11-28 10:00:00+00:00,10,1,58,0,0.0
2019-11-28 10:00:00+00:00,10,2,32,0,0.0
2019-11-28 10:00:00+00:00,10,3,13,0,0.0
2019-11-28 10:00:00+00:00,11,1,52,0,0.0
2019-11-28 10:00:00+00:00,11,2,9,0,0.0
2019-11-28 10:00:00+00:00,11,3,19,0,0.0
2019-11-28 10:00:00+00:00,12,1,37,0,0.0
2019-11-28 10:00:00+00:00,12,2,15,0,0.0
2019-11-28 10:00:00+00:00,12,3,23,0,0.0
2019-11-28 10:00:00+00:00,13,1,26,0,0.0
2019-11-28 10:00:00+00:00,13,2,43,0,0.0
2019-11-28 10:00:00+00:00,13,3,45,0,0.0
2019-11-28 10:00:00+00:00,14,1,34,0,0.0
2019-11-28 10:00:00+00:00,14,2,24,2,68.00000000000013
2019-11-28 10:00:00+00:00,14,3,25,0,0.0
2019-11-28 10:00:00+00:00,15,1,15,0,0.0
2019-11-28 10:00:00+00:00,15,2,64,0,0.0
2019-11-28 10:00:00+00:00,15,3,23,0,0.0
2019-11-28 10:00:00+00:00,16,1,70,0,0.0
2019-11-28 10:00:00+00:00,16,2,74,0,0.0
2019-11-28 10:00:00+00:00,16,3,25,0,0.0
2019-11-28 10:00:00+00:00,17,1,23,0,0.0
2019-11-28 10:00:00+00:00,17,2,62,0,0.0
2019-11-28 10:00:00+00:00,17,3,37,0,0.0
2019-11-28 10:00:00+00:00,18,1,8,0,0.0
2019-11-28 10:00:00+00:00,18,2,32,0,0.0
2019-11-28 10:00:00+00:00,18,3,46,0,0.0
2019-11-28 10:00:00+00:00,19,1,63,0,0.0
2019-11-28 10:00:00+00:00,19,2,50,0,0.0
2019-11-28 10:00:00+00:00,19,3,7,0,0.0
2019-11-28 10:00:00+00:00,20,1,52,0,0.0
2019-11-28 10:00:00+00:00,20,2,34,0,0.0
2019-11-28 10:00:00+00:00,20,3,53,0,0.0
2019-11-28 10:00:00+00:00,21,1,31,1,34.000000000000064
2019-11-28 10:00:00+00:00,21,2,50,0,0.0
2019-11-28 10:00:00+00:00,21,3,30,0,0.0
2019-11-28 10:00:00+00:00,22,1,21,0,0.0
2019-11-28 10:00:00+00:00,22,2,41,0,0.0
2019-11-28 10:00:00+00:00,22,3,52,0,0.0
2019-11-28 10:00:00+00:00,23,1,47,0,0.0
2019-11-28 10:00:00+00:00,23,2,35,0,0.0
2019-11-28 10:00:00+00:00,23,3,56,4,136.00000000000026
2019-11-28 10:00:00+00:00,24,1,32,0,0.0
2019-11-28 10:00:00+00:00,24,2,37,0,0.0
2019-11-28 10:00:00+00:00,24,3,96,0,0.0
2019-11-28 10:00:00+00:00,25,1,34,0,0.0
2019-11-28 10:00:00+00:00,25,2,73,0,0.0
2019-11-28 10:00:00+00:00,25,3,54,0,0.0
2019-11-28 10:00:00+00:00,26,1,51,0,0.0
2019-11-28 10:00:00+00:00,26,2,52,1,34.000000000000064
2019-11-28 10:00:00+00:00,26,3,109,1,34.000000000000064
2019-11-28 10:00:00+00:00,27,1,57,0,0.0
2019-11-28 10:00:00+00:00,27,2,20,0,0.0
2019-11-28 10:00:00+00:00,27,3,51,0,0.0
2019-11-28 10:00:00+00:00,28,1,51,1,34.000000000000064
2019-11-28 10:00:00+00:00,28,2,31,1,34.000000000000064
2019-11-28 10:00:00+00:00,28,3,5,0,0.0
2019-11-28 10:00:00+00:00,29,1,55,0,0.0
2019-11-28 10:00:00+00:00,29,2,45,0,0.0
2019-11-28 10:00:00+00:00,29,3,38,0,0.0
2019-11-28 10:00:00+00:00,30,1,5,0,0.0
2019-11-28 10:00:00+00:00,30,2,53,0,0.0
2019-11-28 10:00:00+00:00,30,3,50,0,0.0
2019-11-28 10:00:00+00:00,31,1,46,0,0.0
2019-11-28 10:00:00+00:00,31,2,22,0,0.0
2019-11-28 10:00:00+00:00,31,3,22,0,0.0
2019-11-28 10:00:00+00:00,32,1,23,0,0.0
2019-11-28 10:00:00+00:00,32,2,29,0,0.0
2019-11-28 10:00:00+00:00,32,3,53,0,0.0
2019-11-28 10:00:00+00:00,33,1,30,0,0.0
2019-11-28 10:00:00+00:00,33,2,61,0,0.0
2019-11-28 10:00:00+00:00,33,3,44,0,0.0
2019-11-28 11:00:00+00:00,0,1,5,0,0.0
2019-11-28 11:00:00+00:00,0,2,60,0,0.0
2019-11-28 11:00:00+00:00,0,3,28,0,0.0
2019-11-28 11:00:00+00:00,1,1,54,0,0.0
2019-11-28 11:00:00+00:00,1,2,45,0,0.0
2019-11-28 11:00:00+00:00,1,3,47,0,0.0
2019-11-28 11:00:00+00:00,2,1,33,0,0.0
2019-11-28 11:00:00+00:00,2,2,29,0,0.0
2019-11-28 11:00:00+00:00,2,3,54,2,68.00000000000013
2019-11-28 11:00:00+00:00,3,1,36,3,102.0000000000002
2019-11-28 11:00:00+00:00,3,2,17,1,34.000000000000064
2019-11-28 11:00:00+00:00,3,3,20,0,0.0
2019-11-28 11:00:00+00:00,4,1,40,0,0.0
2019-11-28 11:00:00+00:00,4,2,43,0,0.0
2019-11-28 11:00:00+00:00,4,3,51,0,0.0
2019-11-28 11:00:00+00:00,5,1,26,0,0.0
2019-11-28 11:00:00+00:00,5,2,70,0,0.0
2019-11-28 11:00:00+00:00,5,3,45,0,0.0
2019-11-28 11:00:00+00:00,6,1,13,0,0.0
2019-11-28 11:00:00+00:00,6,2,60,0,0.0
2019-11-28 11:00:00+00:00,6,3,64,0,0.0
2019-11-28 11:00:00+00:00,7,1,19,0,0.0
2019-11-28 11:00:00+00:00,7,2,41,0,0.0
2019-11-28 11:00:00+00:00,7,3,44,0,0.0
2019-11-28 11:00:00+00:00,8,1,46,0,0.0
2019-11-28 11:00:00+00:00,8,2,8,0,0.0
2019-11-28 11:00:00+00:00,8,3,38,0,0.0
2019-11-28 11:00:00+00:00,9,1,57,0,0.0
2019-11-28 11:00:00+00:00,9,2,75,1,34.000000000000064
2019-11-28 11:00:00+00:00,9,3,23,0,0.0
2019-11-28 11:00:00+00:00,10,1,62,0,0.0
2019-11-28 11:00:00+00:00,10,2,34,0,0.0
2019-11-28 11:00:00+00:00,10,3,37,0,0.0
2019-11-28 11:00:00+00:00,11,1,23,0,0.0
2019-11-28 11:00:00+00:00,11,2,45,0,0.0
2019-11-28 11:00:00+00:00,11,3,17,0,0.0
2019-11-28 11:00:00+00:00,12,1,51,0,0.0
2019-11-28 11:00:00+00:00,12,2,55,0,0.0
2019-11-28 11:00:00+00:00,12,3,70,0,0.0
2019-11-28 11:00:00+00:00,13,1,64,1,34.000000000000064
2019-11-28 11:00:00+00:00,13,2,17,0,0.0
2019-11-28 11:00:00+00:00,13,3,70,0,0.0
2019-11-28 11:00:00+00:00,14,1,37,0,0.0
2019-11-28 11:00:00+00:00,14,2,60,1,34.000000000000064
2019-11-28 11:00:00+00:00,14,3,58,0,0.0
2019-11-28 11:00:00+00:00,15,1,47,0,0.0
2019-11-28 11:00:00+00:00,15,2,56,0,0.0
2019-11-28 11:00:00+00:00,15,3,41,0,0.0
2019-11-28 11:00:00+00:00,16,1,11,0,0.0
2019-11-28 11:00:00+00:00,16,2,55,0,0.0
2019-11-28 11:00:00+00:00,16,3,50,0,0.0
2019-11-28 11:00:00+00:00,17,1,128,2,68.00000000000013
2019-11-28 11:00:00+00:00,17,2,85,0,0.0
2019-11-28 11:00:00+00:00,17,3,37,0,0.0
2019-11-28 11:00:00+00:00,18,1,49,0,0.0
2019-11-28 11:00:00+00:00,18,2,51,0,0.0
2019-11-28 11:00:00+00:00,18,3,48,0,0.0
2019-11-28 11:00:00+00:00,19,1,37,1,34.000000000000064
2019-11-28 11:00:00+00:00,19,2,47,0,0.0
2019-11-28 11:00:00+00:00,19,3,63,0,0.0
2019-11-28 11:00:00+00:00,20,1,35,0,0.0
2019-11-28 11:00:00+00:00,20,2,62,0,0.0
2019-11-28 11:00:00+00:00,20,3,66,2,68.00000000000013
2019-11-28 11:00:00+00:00,21,1,88,0,0.0
2019-11-28 11:00:00+00:00,21,2,62,0,0.0
2019-11-28 11:00:00+00:00,21,3,12,0,0.0
2019-11-28 11:00:00+00:00,22,1,53,0,0.0
2019-11-28 11:00:00+00:00,22,2,45,0,0.0
2019-11-28 11:00:00+00:00,22,3,87,0,0.0
2019-11-28 11:00:00+00:00,23,1,44,0,0.0
2019-11-28 11:00:00+00:00,23,2,16,1,34.000000000000064
2019-11-28 11:00:00+00:00,23,3,50,0,0.0
2019-11-28 11:00:00+00:00,24,1,43,0,0.0
2019-11-28 11:00:00+00:00,24,2,44,0,0.0
2019-11-28 11:00:00+00:00,24,3,13,0,0.0
2019-11-28 11:00:00+00:00,25,1,91,2,68.00000000000013
2019-11-28 11:00:00+00:00,25,2,37,0,0.0
2019-11-28 11:00:00+00:00,25,3,30,0,0.0
2019-11-28 11:00:00+00:00,26,1,60,0,0.0
2019-11-28 11:00:00+00:00,26,2,46,0,0.0
2019-11-28 11:00:00+00:00,26,3,69,0,0.0
2019-11-28 11:00:00+00:00,27,1,114,4,136.00000000000026
2019-11-28 11:00:00+00:00,27,2,36,0,0.0
2019-11-28 11:00:00+00:00,27,3,99,0,0.0
2019-11-28 11:00:00+00:00,28,1,58,0,0.0
2019-11-28 11:00:00+00:00,28,2,53,0,0.0
2019-11-28 11:00:00+00:00,28,3,60,0,0.0
2019-11-28 11:00:00+00:00,29,1,25,1,34.000000000000064
2019-11-28 11:00:00+00:00,29,2,45,0,0.0
2019-11-28 11:00:00+00:00,29,3,32,1,34.000000000000064
2019-11-28 11:00:00+00:00,30,1,35,1,34.000000000000064
2019-11-28 11:00:00+00:00,30,2,68,0,0.0
2019-11-28 11:00:00+00:00,30,3,36,0,0.0
2019-11-28 11:00:00+00:00,31,1,85,0,0.0
2019-11-28 11:00:00+00:00,31,2,49,0,0.0
2019-11-28 11:00:00+00:00,31,3,51,1,34.000000000000064
2019-11-28 11:00:00+00:00,32,1,21,0,0.0
2019-11-28 11:00:00+00:00,32,2,51,0,0.0
2019-11-28 11:00:00+00:00,32,3,32,0,0.0
2019-11-28 11:00:00+00:00,33,1,16,0,0.0
2019-11-28 11:00:00+00:00,33,2,39,0,0.0
2019-11-28 11:00:00+00:00,33,3,64,0,0.0
2019-11-28 12:00:00+00:00,0,1,31,0,0.0
2019-11-28 12:00:00+00:00,0,2,85,1,34.000000000000064
2019-11-28 12:00:00+00:00,0,3,72,2,68.00000000000013
2019-11-28 12:00:00+00:00,1,1,64,0,0.0
2019-11-28 12:00:00+00:00,1,2,25,0,0.0
2019-11-28 12:00:00+00:00,1,3,92,0,0.0
2019-11-28 12:00:00+00:00,2,1,92,0,0.0
2019-11-28 12:00:00+00:00,2,2,47,0,0.0
2019-11-28 12:00:00+00:00,2,3,50,0,0.0
2019-11-28 12:00:00+00:00,3,1,48,3,102.0000000000002
2019-11-28 12:00:00+00:00,3,2,58,0,0.0
2019-11-28 12:00:00+00:00,3,3,34,0,0.0
2019-11-28 12:00:00+00:00,4,1,76,0,0.0
2019-11-28 12:00:00+00:00,4,2,38,0,0.0
2019-11-28 12:00:00+00:00,4,3,62,0,0.0
2019-11-28 12:00:00+00:00,5,1,57,0,0.0
2019-11-28 12:00:00+00:00,5,2,34,0,0.0
2019-11-28 12:00:00+00:00,5,3,59,0,0.0
2019-11-28 12:00:00+00:00,6,1,53,0,0.0
2019-11-28 12:00:00+00:00,6,2,34,1,34.000000000000064
2019-11-28 12:00:00+00:00,6,3,30,0,0.0
2019-11-28 12:00:00+00:00,7,1,53,4,136.00000000000026
2019-11-28 12:00:00+00:00,7,2,86,0,0.0
2019-11-28 12:00:00+00:00,7,3,93,0,0.0
2019-11-28 12:00:00+00:00,8,1,50,0,0.0
2019-11-28 12:00:00+00:00,8,2,32,0,0.0
2019-11-28 12:00:00+00:00,8,3,58,0,0.0
2019-11-28 12:00:00+00:00,9,1,52,0,0.0
2019-11-28 12:00:00+00:00,9,2,52,0,0.0
2019-11-28 12:00:00+00:00,9,3,48,6,204.0000000000004
2019-11-28 12:00:00+00:00,10,1,81,0,0.0
2019-11-28 12:00:00+00:00,10,2,49,0,0.0
2019-11-28 12:00:00+00:00,10,3,42,0,0.0
2019-11-28 12:00:00+00:00,11,1,56,0,0.0
2019-11-28 12:00:00+00:00,11,2,43,0,0.0
2019-11-28 12:00:00+00:00,11,3,32,0,0.0
2019-11-28 12:00:00+00:00,12,1,15,0,0.0
2019-11-28 12:00:00+00:00,12,2,32,0,0.0
2019-11-28 12:00:00+00:00,12,3,8,0,0.0
2019-11-28 12:00:00+00:00,13,1,71,1,34.000000000000064
2019-11-28 12:00:00+00:00,13,2,60,0,0.0
2019-11-28 12:00:00+00:00,13,3,28,0,0.0
2019-11-28 12:00:00+00:00,14,1,83,0,0.0
2019-11-28 12:00:00+00:00,14,2,101,2,68.00000000000013
2019-11-28 12:00:00+00:00,14,3,56,0,0.0
2019-11-28 12:00:00+00:00,15,1,35,0,0.0
2019-11-28 12:00:00+00:00,15,2,41,0,0.0
2019-11-28 12:00:00+00:00,15,3,44,0,0.0
2019-11-28 12:00:00+00:00,16,1,70,1,34.000000000000064
2019-11-28 12:00:00+00:00,16,2,71,0,0.0
2019-11-28 12:00:00+00:00,16,3,38,0,0.0
2019-11-28 12:00:00+00:00,17,1,75,0,0.0
2019-11-28 12:00:00+00:00,17,2,50,0,0.0
2019-11-28 12:00:00+00:00,17,3,20,0,0.0
2019-11-28 12:00:00+00:00,18,1,89,2,68.00000000000013
2019-11-28 12:00:00+00:00,18,2,43,0,0.0
2019-11-28 12:00:00+00:00,18,3,39,0,0.0
2019-11-28 12:00:00+00:00,19,1,59,1,34.000000000000064
2019-11-28 12:00:00+00:00,19,2,61,0,0.0
2019-11-28 12:00:00+00:00,19,3,114,0,0.0
2019-11-28 12:00:00+00:00,20,1,32,0,0.0
2019-11-28 12:00:00+00:00,20,2,37,0,0.0
2019-11-28 12:00:00+00:00,20,3,21,0,0.0
2019-11-28 12:00:00+00:00,21,1,68,0,0.0
2019-11-28 12:00:00+00:00,21,2,66,0,0.0
2019-11-28 12:00:00+00:00,21,3,68,0,0.0
2019-11-28 12:00:00+00:00,22,1,49,0,0.0
2019-11-28 12:00:00+00:00,22,2,45,0,0.0
2019-11-28 12:00:00+00:00,22,3,44,0,0.0
2019-11-28 12:00:00+00:00,23,1,42,0,0.0
2019-11-28 12:00:00+00:00,23,2,47,1,34.000000000000064
2019-11-28 12:00:00+00:00,23,3,31,0,0.0
2019-11-28 12:00:00+00:00,24,1,21,0,0.0
2019-11-28 12:00:00+00:00,24,2,70,0,0.0
2019-11-28 12:00:00+00:00,24,3,60,0,0.0
2019-11-28 12:00:00+00:00,25,1,47,0,0.0
2019-11-28 12:00:00+00:00,25,2,62,0,0.0
2019-11-28 12:00:00+00:00,25,3,77,8,272.0000000000005
2019-11-28 12:00:00+00:00,26,1,26,0,0.0
2019-11-28 12:00:00+00:00,26,2,50,2,68.00000000000013
2019-11-28 12:00:00+00:00,26,3,37,0,0.0
2019-11-28 12:00:00+00:00,27,1,60,0,0.0
2019-11-28 12:00:00+00:00,27,2,40,0,0.0
2019-11-28 12:00:00+00:00,27,3,129,0,0.0
2019-11-28 12:00:00+00:00,28,1,49,0,0.0
2019-11-28 12:00:00+00:00,28,2,109,4,136.00000000000026
2019-11-28 12:00:00+00:00,28,3,72,0,0.0
2019-11-28 12:00:00+00:00,29,1,74,1,34.000000000000064
2019-11-28 12:00:00+00:00,29,2,82,0,0.0
2019-11-28 12:00:00+00:00,29,3,117,0,0.0
2019-11-28 12:00:00+00:00,30,1,55,0,0.0
2019-11-28 12:00:00+00:00,30,2,75,0,0.0
2019-11-28 12:00:00+00:00,30,3,49,1,34.000000000000064
2019-11-28 12:00:00+00:00,31,1,40,0,0.0
2019-11-28 12:00:00+00:00,31,2,50,3,102.0000000000002
2019-11-28 12:00:00+00:00,31,3,67,0,0.0
2019-11-28 12:00:00+00:00,32,1,89,0,0.0
2019-11-28 12:00:00+00:00,32,2,71,0,0.0
2019-11-28 12:00:00+00:00,32,3,75,0,0.0
2019-11-28 12:00:00+00:00,33,1,38,0,0.0
2019-11-28 12:00:00+00:00,33,2,55,0,0.0
2019-11-28 12:00:00+00:00,33,3,44,1,34.000000000000064
2019-11-28 13:00:00+00:00,0,1,33,0,0.0
2019-11-28 13:00:00+00:00,0,2,42,0,0.0
2019-11-28 13:00:00+00:00,0,3,98,0,0.0
2019-11-28 13:00:00+00:00,1,1,48,0,0.0
2019-11-28 13:00:00+00:00,1,2,58,0,0.0
2019-11-28 13:00:00+00:00,1,3,19,0,0.0
2019-11-28 13:00:00+00:00,2,1,75,0,0.0
2019-11-28 13:00:00+00:00,2,2,87,0,0.0
2019-11-28 13:00:00+00:00,2,3,39,0,0.0
2019-11-28 13:00:00+00:00,3,1,130,4,136.00000000000026
2019-11-28 13:00:00+00:00,3,2,51,0,0.0
2019-11-28 13:00:00+00:00,3,3,39,0,0.0
2019-11-28 13:00:00+00:00,4,1,40,0,0.0
2019-11-28 13:00:00+00:00,4,2,30,0,0.0
2019-11-28 13:00:00+00:00,4,3,41,0,0.0
2019-11-28 13:00:00+00:00,5,1,65,0,0.0
2019-11-28 13:00:00+00:00,5,2,38,0,0.0
2019-11-28 13:00:00+00:00,5,3,57,0,0.0
2019-11-28 13:00:00+00:00,6,1,55,0,0.0
2019-11-28 13:00:00+00:00,6,2,120,0,0.0
2019-11-28 13:00:00+00:00,6,3,40,0,0.0
2019-11-28 13:00:00+00:00,7,1,53,0,0.0
2019-11-28 13:00:00+00:00,7,2,69,0,0.0
2019-11-28 13:00:00+00:00,7,3,58,0,0.0
2019-11-28 13:00:00+00:00,8,1,70,0,0.0
2019-11-28 13:00:00+00:00,8,2,77,0,0.0
2019-11-28 13:00:00+00:00,8,3,59,0,0.0
2019-11-28 13:00:00+00:00,9,1,52,0,0.0
2019-11-28 13:00:00+00:00,9,2,45,0,0.0
2019-11-28 13:00:00+00:00,9,3,38,0,0.0
2019-11-28 13:00:00+00:00,10,1,28,0,0.0
2019-11-28 13:00:00+00:00,10,2,50,0,0.0
2019-11-28 13:00:00+00:00,10,3,93,0,0.0
2019-11-28 13:00:00+00:00,11,1,43,0,0.0
2019-11-28 13:00:00+00:00,11,2,51,0,0.0
2019-11-28 13:00:00+00:00,11,3,4,0,0.0
2019-11-28 13:00:00+00:00,12,1,71,0,0.0
2019-11-28 13:00:00+00:00,12,2,53,1,34.000000000000064
2019-11-28 13:00:00+00:00,12,3,45,0,0.0
2019-11-28 13:00:00+00:00,13,1,77,0,0.0
2019-11-28 13:00:00+00:00,13,2,78,0,0.0
2019-11-28 13:00:00+00:00,13,3,69,0,0.0
2019-11-28 13:00:00+00:00,14,1,34,1,34.000000000000064
2019-11-28 13:00:00+00:00,14,2,40,0,0.0
2019-11-28 13:00:00+00:00,14,3,104,0,0.0
2019-11-28 13:00:00+00:00,15,1,115,0,0.0
2019-11-28 13:00:00+00:00,15,2,49,0,0.0
2019-11-28 13:00:00+00:00,15,3,41,0,0.0
2019-11-28 13:00:00+00:00,16,1,51,0,0.0
2019-11-28 13:00:00+00:00,16,2,19,0,0.0
2019-11-28 13:00:00+00:00,16,3,82,0,0.0
2019-11-28 13:00:00+00:00,17,1,78,1,34.000000000000064
2019-11-28 13:00:00+00:00,17,2,27,2,68.00000000000013
2019-11-28 13:00:00+00:00,17,3,57,0,0.0
2019-11-28 13:00:00+00:00,18,1,44,0,0.0
2019-11-28 13:00:00+00:00,18,2,32,0,0.0
2019-11-28 13:00:00+00:00,18,3,35,0,0.0
2019-11-28 13:00:00+00:00,19,1,73,0,0.0
2019-11-28 13:00:00+00:00,19,2,49,0,0.0
2019-11-28 13:00:00+00:00,19,3,66,0,0.0
2019-11-28 13:00:00+00:00,20,1,42,0,0.0
2019-11-28 13:00:00+00:00,20,2,58,0,0.0
2019-11-28 13:00:00+00:00,20,3,60,0,0.0
2019-11-28 13:00:00+00:00,21,1,40,0,0.0
2019-11-28 13:00:00+00:00,21,2,14,0,0.0
2019-11-28 13:00:00+00:00,21,3,77,0,0.0
2019-11-28 13:00:00+00:00,22,1,56,0,0.0
2019-11-28 13:00:00+00:00,22,2,74,0,0.0
2019-11-28 13:00:00+00:00,22,3,47,0,0.0
2019-11-28 13:00:00+00:00,23,1,70,0,0.0
2019-11-28 13:00:00+00:00,23,2,96,0,0.0
2019-11-28 13:00:00+00:00,23,3,53,0,0.0
2019-11-28 13:00:00+00:00,24,1,49,1,34.000000000000064
2019-11-28 13:00:00+00:00,24,2,26,0,0.0
2019-11-28 13:00:00+00:00,24,3,74,0,0.0
2019-11-28 13:00:00+00:00,25,1,23,0,0.0
2019-11-28 13:00:00+00:00,25,2,105,0,0.0
2019-11-28 13:00:00+00:00,25,3,64,0,0.0
2019-11-28 13:00:00+00:00,26,1,45,0,0.0
2019-11-28 13:00:00+00:00,26,2,52,0,0.0
2019-11-28 13:00:00+00:00,26,3,47,0,0.0
2019-11-28 13:00:00+00:00,27,1,39,0,0.0
2019-11-28 13:00:00+00:00,27,2,113,1,34.000000000000064
2019-11-28 13:00:00+00:00,27,3,41,0,0.0
2019-11-28 13:00:00+00:00,28,1,71,0,0.0
2019-11-28 13:00:00+00:00,28,2,39,0,0.0
2019-11-28 13:00:00+00:00,28,3,65,0,0.0
2019-11-28 13:00:00+00:00,29,1,42,0,0.0
2019-11-28 13:00:00+00:00,29,2,64,3,102.0000000000002
2019-11-28 13:00:00+00:00,29,3,61,0,0.0
2019-11-28 13:00:00+00:00,30,1,65,1,34.000000000000064
2019-11-28 13:00:00+00:00,30,2,56,0,0.0
2019-11-28 13:00:00+00:00,30,3,37,0,0.0
2019-11-28 13:00:00+00:00,31,1,90,0,0.0
2019-11-28 13:00:00+00:00,31,2,48,0,0.0
2019-11-28 13:00:00+00:00,31,3,82,0,0.0
2019-11-28 13:00:00+00:00,32,1,13,0,0.0
2019-11-28 13:00:00+00:00,32,2,58,0,0.0
2019-11-28 13:00:00+00:00,32,3,61,0,0.0
2019-11-28 13:00:00+00:00,33,1,48,0,0.0
2019-11-28 13:00:00+00:00,33,2,60,0,0.0
2019-11-28 13:00:00+00:00,33,3,76,0,0.0
2019-11-28 14:00:00+00:00,0,1,21,0,0.0
2019-11-28 14:00:00+00:00,0,2,90,0,0.0
2019-11-28 14:00:00+00:00,0,3,75,0,0.0
2019-11-28 14:00:00+00:00,1,1,54,0,0.0
2019-11-28 14:00:00+00:00,1,2,78,0,0.0
2019-11-28 14:00:00+00:00,1,3,45,1,34.000000000000064
2019-11-28 14:00:00+00:00,2,1,39,0,0.0
2019-11-28 14:00:00+00:00,2,2,50,7,238.00000000000045
2019-11-28 14:00:00+00:00,2,3,71,0,0.0
2019-11-28 14:00:00+00:00,3,1,89,1,34.000000000000064
2019-11-28 14:00:00+00:00,3,2,53,0,0.0
2019-11-28 14:00:00+00:00,3,3,46,1,34.000000000000064
2019-11-28 14:00:00+00:00,4,1,63,0,0.0
2019-11-28 14:00:00+00:00,4,2,79,0,0.0
2019-11-28 14:00:00+00:00,4,3,44,0,0.0
2019-11-28 14:00:00+00:00,5,1,77,0,0.0
2019-11-28 14:00:00+00:00,5,2,47,0,0.0
2019-11-28 14:00:00+00:00,5,3,33,0,0.0
2019-11-28 14:00:00+00:00,6,1,12,0,0.0
2019-11-28 14:00:00+00:00,6,2,25,0,0.0
2019-11-28 14:00:00+00:00,6,3,38,0,0.0
2019-11-28 14:00:00+00:00,7,1,48,0,0.0
2019-11-28 14:00:00+00:00,7,2,74,2,68.00000000000013
2019-11-28 14:00:00+00:00,7,3,48,0,0.0
2019-11-28 14:00:00+00:00,8,1,34,0,0.0
2019-11-28 14:00:00+00:00,8,2,71,0,0.0
2019-11-28 14:00:00+00:00,8,3,64,1,34.000000000000064
2019-11-28 14:00:00+00:00,9,1,40,0,0.0
2019-11-28 14:00:00+00:00,9,2,38,0,0.0
2019-11-28 14:00:00+00:00,9,3,75,1,34.000000000000064
2019-11-28 14:00:00+00:00,10,1,69,0,0.0
2019-11-28 14:00:00+00:00,10,2,49,0,0.0
2019-11-28 14:00:00+00:00,10,3,45,0,0.0
2019-11-28 14:00:00+00:00,11,1,36,0,0.0
2019-11-28 14:00:00+00:00,11,2,71,0,0.0
2019-11-28 14:00:00+00:00,11,3,58,0,0.0
2019-11-28 14:00:00+00:00,12,1,70,8,272.0000000000005
2019-11-28 14:00:00+00:00,12,2,72,0,0.0
2019-11-28 14:00:00+00:00,12,3,51,1,34.000000000000064
2019-11-28 14:00:00+00:00,13,1,93,1,34.000000000000064
2019-11-28 14:00:00+00:00,13,2,53,2,68.00000000000013
2019-11-28 14:00:00+00:00,13,3,69,1,34.000000000000064
2019-11-28 14:00:00+00:00,14,1,33,0,0.0
2019-11-28 14:00:00+00:00,14,2,50,1,34.000000000000064
2019-11-28 14:00:00+00:00,14,3,61,0,0.0
2019-11-28 14:00:00+00:00,15,1,44,0,0.0
2019-11-28 14:00:00+00:00,15,2,69,0,0.0
2019-11-28 14:00:00+00:00,15,3,74,0,0.0
2019-11-28 14:00:00+00:00,16,1,62,0,0.0
2019-11-28 14:00:00+00:00,16,2,61,0,0.0
2019-11-28 14:00:00+00:00,16,3,47,0,0.0
2019-11-28 14:00:00+00:00,17,1,51,2,68.00000000000013
2019-11-28 14:00:00+00:00,17,2,36,0,0.0
2019-11-28 14:00:00+00:00,17,3,41,0,0.0
2019-11-28 14:00:00+00:00,18,1,64,0,0.0
2019-11-28 14:00:00+00:00,18,2,38,0,0.0
2019-11-28 14:00:00+00:00,18,3,48,1,34.000000000000064
2019-11-28 14:00:00+00:00,19,1,84,0,0.0
2019-11-28 14:00:00+00:00,19,2,42,0,0.0
2019-11-28 14:00:00+00:00,19,3,54,0,0.0
2019-11-28 14:00:00+00:00,20,1,24,0,0.0
2019-11-28 14:00:00+00:00,20,2,60,0,0.0
2019-11-28 14:00:00+00:00,20,3,42,0,0.0
2019-11-28 14:00:00+00:00,21,1,90,0,0.0
2019-11-28 14:00:00+00:00,21,2,62,0,0.0
2019-11-28 14:00:00+00:00,21,3,47,1,34.000000000000064
2019-11-28 14:00:00+00:00,22,1,30,0,0.0
2019-11-28 14:00:00+00:00,22,2,43,0,0.0
2019-11-28 14:00:00+00:00,22,3,50,0,0.0
2019-11-28 14:00:00+00:00,23,1,61,2,68.00000000000013
2019-11-28 14:00:00+00:00,23,2,37,0,0.0
2019-11-28 14:00:00+00:00,23,3,22,0,0.0
2019-11-28 14:00:00+00:00,24,1,78,0,0.0
2019-11-28 14:00:00+00:00,24,2,31,0,0.0
2019-11-28 14:00:00+00:00,24,3,61,0,0.0
2019-11-28 14:00:00+00:00,25,1,14,0,0.0
2019-11-28 14:00:00+00:00,25,2,65,0,0.0
2019-11-28 14:00:00+00:00,25,3,42,0,0.0
2019-11-28 14:00:00+00:00,26,1,53,0,0.0
2019-11-28 14:00:00+00:00,26,2,22,0,0.0
2019-11-28 14:00:00+00:00,26,3,31,0,0.0
2019-11-28 14:00:00+00:00,27,1,74,2,68.00000000000013
2019-11-28 14:00:00+00:00,27,2,23,1,34.000000000000064
2019-11-28 14:00:00+00:00,27,3,41,0,0.0
2019-11-28 14:00:00+00:00,28,1,41,0,0.0
2019-11-28 14:00:00+00:00,28,2,97,0,0.0
2019-11-28 14:00:00+00:00,28,3,34,0,0.0
2019-11-28 14:00:00+00:00,29,1,42,0,0.0
2019-11-28 14:00:00+00:00,29,2,11,0,0.0
2019-11-28 14:00:00+00:00,29,3,69,0,0.0
2019-11-28 14:00:00+00:00,30,1,67,3,102.0000000000002
2019-11-28 14:00:00+00:00,30,2,31,0,0.0
2019-11-28 14:00:00+00:00,30,3,30,0,0.0
2019-11-28 14:00:00+00:00,31,1,21,0,0.0
2019-11-28 14:00:00+00:00,31,2,44,1,34.000000000000064
2019-11-28 14:00:00+00:00,31,3,43,0,0.0
2019-11-28 14:00:00+00:00,32,1,21,0,0.0
2019-11-28 14:00:00+00:00,32,2,21,0,0.0
2019-11-28 14:00:00+00:00,32,3,40,0,0.0
2019-11-28 14:00:00+00:00,33,1,55,0,0.0
2019-11-28 14:00:00+00:00,33,2,66,0,0.0
2019-11-28 14:00:00+00:00,33,3,117,2,68.00000000000013
2019-11-28 15:00:00+00:00,0,1,81,0,0.0
2019-11-28 15:00:00+00:00,0,2,29,0,0.0
2019-11-28 15:00:00+00:00,0,3,53,0,0.0
2019-11-28 15:00:00+00:00,1,1,118,1,34.000000000000064
2019-11-28 15:00:00+00:00,1,2,41,0,0.0
2019-11-28 15:00:00+00:00,1,3,73,4,136.00000000000026
2019-11-28 15:00:00+00:00,2,1,29,0,0.0
2019-11-28 15:00:00+00:00,2,2,56,0,0.0
2019-11-28 15:00:00+00:00,2,3,31,0,0.0
2019-11-28 15:00:00+00:00,3,1,56,0,0.0
2019-11-28 15:00:00+00:00,3,2,99,1,34.000000000000064
2019-11-28 15:00:00+00:00,3,3,64,0,0.0
2019-11-28 15:00:00+00:00,4,1,37,0,0.0
2019-11-28 15:00:00+00:00,4,2,96,1,34.000000000000064
2019-11-28 15:00:00+00:00,4,3,36,0,0.0
2019-11-28 15:00:00+00:00,5,1,41,0,0.0
2019-11-28 15:00:00+00:00,5,2,49,1,34.000000000000064
2019-11-28 15:00:00+00:00,5,3,34,0,0.0
2019-11-28 15:00:00+00:00,6,1,34,1,34.000000000000064
2019-11-28 15:00:00+00:00,6,2,3,0,0.0
2019-11-28 15:00:00+00:00,6,3,47,0,0.0
2019-11-28 15:00:00+00:00,7,1,19,0,0.0
2019-11-28 15:00:00+00:00,7,2,47,0,0.0
2019-11-28 15:00:00+00:00,7,3,58,0,0.0
2019-11-28 15:00:00+00:00,8,1,74,0,0.0
2019-11-28 15:00:00+00:00,8,2,34,0,0.0
2019-11-28 15:00:00+00:00,8,3,19,0,0.0
2019-11-28 15:00:00+00:00,9,1,72,0,0.0
2019-11-28 15:00:00+00:00,9,2,41,0,0.0
2019-11-28 15:00:00+00:00,9,3,85,0,0.0
2019-11-28 15:00:00+00:00,10,1,28,0,0.0
2019-11-28 15:00:00+00:00,10,2,27,0,0.0
2019-11-28 15:00:00+00:00,10,3,39,1,34.000000000000064
2019-11-28 15:00:00+00:00,11,1,56,0,0.0
2019-11-28 15:00:00+00:00,11,2,52,0,0.0
2019-11-28 15:00:00+00:00,11,3,79,0,0.0
2019-11-28 15:00:00+00:00,12,1,56,0,0.0
2019-11-28 15:00:00+00:00,12,2,17,0,0.0
2019-11-28 15:00:00+00:00,12,3,29,0,0.0
2019-11-28 15:00:00+00:00,13,1,51,0,0.0
2019-11-28 15:00:00+00:00,13,2,74,1,34.000000000000064
2019-11-28 15:00:00+00:00,13,3,49,0,0.0
2019-11-28 15:00:00+00:00,14,1,59,0,0.0
2019-11-28 15:00:00+00:00,14,2,40,0,0.0
2019-11-28 15:00:00+00:00,14,3,79,3,102.0000000000002
2019-11-28 15:00:00+00:00,15,1,22,0,0.0
2019-11-28 15:00:00+00:00,15,2,43,1,34.000000000000064
2019-11-28 15:00:00+00:00,15,3,37,0,0.0
2019-11-28 15:00:00+00:00,16,1,39,2,68.00000000000013
2019-11-28 15:00:00+00:00,16,2,38,0,0.0
2019-11-28 15:00:00+00:00,16,3,62,0,0.0
2019-11-28 15:00:00+00:00,17,1,28,0,0.0
2019-11-28 15:00:00+00:00,17,2,41,2,68.00000000000013
2019-11-28 15:00:00+00:00,17,3,14,0,0.0
2019-11-28 15:00:00+00:00,18,1,35,0,0.0
2019-11-28 15:00:00+00:00,18,2,35,0,0.0
2019-11-28 15:00:00+00:00,18,3,43,0,0.0
2019-11-28 15:00:00+00:00,19,1,96,0,0.0
2019-11-28 15:00:00+00:00,19,2,74,0,0.0
2019-11-28 15:00:00+00:00,19,3,51,0,0.0
2019-11-28 15:00:00+00:00,20,1,21,0,0.0
2019-11-28 15:00:00+00:00,20,2,24,0,0.0
2019-11-28 15:00:00+00:00,20,3,58,0,0.0
2019-11-28 15:00:00+00:00,21,1,45,0,0.0
2019-11-28 15:00:00+00:00,21,2,23,0,0.0
2019-11-28 15:00:00+00:00,21,3,66,0,0.0
2019-11-28 15:00:00+00:00,22,1,15,0,0.0
2019-11-28 15:00:00+00:00,22,2,38,0,0.0
2019-11-28 15:00:00+00:00,22,3,60,0,0.0
2019-11-28 15:00:00+00:00,23,1,24,0,0.0
2019-11-28 15:00:00+00:00,23,2,47,0,0.0
2019-11-28 15:00:00+00:00,23,3,33,0,0.0
2019-11-28 15:00:00+00:00,24,1,27,0,0.0
2019-11-28 15:00:00+00:00,24,2,35,1,34.000000000000064
2019-11-28 15:00:00+00:00,24,3,34,0,0.0
2019-11-28 15:00:00+00:00,25,1,24,0,0.0
2019-11-28 15:00:00+00:00,25,2,44,0,0.0
2019-11-28 15:00:00+00:00,25,3,34,0,0.0
2019-11-28 15:00:00+00:00,26,1,44,0,0.0
2019-11-28 15:00:00+00:00,26,2,40,0,0.0
2019-11-28 15:00:00+00:00,26,3,23,0,0.0
2019-11-28 15:00:00+00:00,27,1,32,0,0.0
2019-11-28 15:00:00+00:00,27,2,77,1,34.000000000000064
2019-11-28 15:00:00+00:00,27,3,35,0,0.0
2019-11-28 15:00:00+00:00,28,1,39,0,0.0
2019-11-28 15:00:00+00:00,28,2,50,0,0.0
2019-11-28 15:00:00+00:00,28,3,55,0,0.0
2019-11-28 15:00:00+00:00,29,1,52,0,0.0
2019-11-28 15:00:00+00:00,29,2,69,1,34.000000000000064
2019-11-28 15:00:00+00:00,29,3,34,1,34.000000000000064
2019-11-28 15:00:00+00:00,30,1,58,0,0.0
2019-11-28 15:00:00+00:00,30,2,17,0,0.0
2019-11-28 15:00:00+00:00,30,3,38,0,0.0
2019-11-28 15:00:00+00:00,31,1,52,0,0.0
2019-11-28 15:00:00+00:00,31,2,29,0,0.0
2019-11-28 15:00:00+00:00,31,3,31,0,0.0
2019-11-28 15:00:00+00:00,32,1,37,0,0.0
2019-11-28 15:00:00+00:00,32,2,35,1,34.000000000000064
2019-11-28 15:00:00+00:00,32,3,13,0,0.0
2019-11-28 15:00:00+00:00,33,1,21,0,0.0
2019-11-28 15:00:00+00:00,33,2,57,1,34.000000000000064
2019-11-28 15:00:00+00:00,33,3,26,1,34.000000000000064
2019-11-28 16:00:00+00:00,0,1,19,0,0.0
2019-11-28 16:00:00+00:00,0,2,3,0,0.0
2019-11-28 16:00:00+00:00,0,3,62,0,0.0
2019-11-28 16:00:00+00:00,1,1,51,0,0.0
2019-11-28 16:00:00+00:00,1,2,26,0,0.0
2019-11-28 16:00:00+00:00,1,3,8,0,0.0
2019-11-28 16:00:00+00:00,2,2,32,0,0.0
2019-11-28 16:00:00+00:00,2,3,38,0,0.0
2019-11-28 16:00:00+00:00,3,1,34,0,0.0
2019-11-28 16:00:00+00:00,3,2,20,0,0.0
2019-11-28 16:00:00+00:00,3,3,17,0,0.0
2019-11-28 16:00:00+00:00,4,1,8,0,0.0
2019-11-28 16:00:00+00:00,4,2,33,0,0.0
2019-11-28 16:00:00+00:00,4,3,14,0,0.0
2019-11-28 16:00:00+00:00,5,1,20,0,0.0
2019-11-28 16:00:00+00:00,5,2,5,0,0.0
2019-11-28 16:00:00+00:00,5,3,21,0,0.0
2019-11-28 16:00:00+00:00,6,1,39,0,0.0
2019-11-28 16:00:00+00:00,6,2,28,0,0.0
2019-11-28 16:00:00+00:00,6,3,30,0,0.0
2019-11-28 16:00:00+00:00,7,1,56,0,0.0
2019-11-28 16:00:00+00:00,7,2,7,0,0.0
2019-11-28 16:00:00+00:00,7,3,8,0,0.0
2019-11-28 16:00:00+00:00,8,1,13,0,0.0
2019-11-28 16:00:00+00:00,8,2,22,0,0.0
2019-11-28 16:00:00+00:00,8,3,8,0,0.0
2019-11-28 16:00:00+00:00,9,1,3,0,0.0
2019-11-28 16:00:00+00:00,9,2,19,0,0.0
2019-11-28 16:00:00+00:00,9,3,25,0,0.0
2019-11-28 16:00:00+00:00,10,2,36,0,0.0
2019-11-28 16:00:00+00:00,10,3,23,0,0.0
2019-11-28 16:00:00+00:00,11,1,42,0,0.0
2019-11-28 16:00:00+00:00,11,2,19,0,0.0
2019-11-28 16:00:00+00:00,11,3,21,0,0.0
2019-11-28 16:00:00+00:00,12,1,12,0,0.0
2019-11-28 16:00:00+00:00,12,2,23,0,0.0
2019-11-28 16:00:00+00:00,12,3,35,0,0.0
2019-11-28 16:00:00+00:00,13,1,47,1,34.000000000000064
2019-11-28 16:00:00+00:00,13,2,40,0,0.0
2019-11-28 16:00:00+00:00,13,3,31,0,0.0
2019-11-28 16:00:00+00:00,14,1,23,0,0.0
2019-11-28 16:00:00+00:00,14,2,26,2,68.00000000000013
2019-11-28 16:00:00+00:00,14,3,20,0,0.0
2019-11-28 16:00:00+00:00,15,1,27,0,0.0
2019-11-28 16:00:00+00:00,15,2,28,0,0.0
2019-11-28 16:00:00+00:00,15,3,24,0,0.0
2019-11-28 16:00:00+00:00,16,1,31,2,68.00000000000013
2019-11-28 16:00:00+00:00,16,2,9,0,0.0
2019-11-28 16:00:00+00:00,16,3,49,0,0.0
2019-11-28 16:00:00+00:00,17,2,18,0,0.0
2019-11-28 16:00:00+00:00,17,3,69,0,0.0
2019-11-28 16:00:00+00:00,18,1,20,0,0.0
2019-11-28 16:00:00+00:00,18,2,18,0,0.0
2019-11-28 16:00:00+00:00,18,3,30,0,0.0
2019-11-28 16:00:00+00:00,19,1,15,0,0.0
2019-11-28 16:00:00+00:00,19,2,19,0,0.0
2019-11-28 16:00:00+00:00,19,3,2,0,0.0
2019-11-28 16:00:00+00:00,20,1,19,0,0.0
2019-11-28 16:00:00+00:00,20,2,20,0,0.0
2019-11-28 16:00:00+00:00,20,3,12,0,0.0
2019-11-28 16:00:00+00:00,21,1,15,0,0.0
2019-11-28 16:00:00+00:00,21,2,5,0,0.0
2019-11-28 16:00:00+00:00,21,3,20,0,0.0
2019-11-28 16:00:00+00:00,22,1,11,0,0.0
2019-11-28 16:00:00+00:00,22,2,36,0,0.0
2019-11-28 16:00:00+00:00,22,3,21,0,0.0
2019-11-28 16:00:00+00:00,23,2,17,0,0.0
2019-11-28 16:00:00+00:00,23,3,24,0,0.0
2019-11-28 16:00:00+00:00,24,1,16,0,0.0
2019-11-28 16:00:00+00:00,24,2,18,0,0.0
2019-11-28 16:00:00+00:00,24,3,12,0,0.0
2019-11-28 16:00:00+00:00,25,1,18,0,0.0
2019-11-28 16:00:00+00:00,25,2,27,3,102.0000000000002
2019-11-28 16:00:00+00:00,25,3,10,0,0.0
2019-11-28 16:00:00+00:00,26,1,29,9,306.00000000000057
2019-11-28 16:00:00+00:00,26,2,29,0,0.0
2019-11-28 16:00:00+00:00,26,3,20,0,0.0
2019-11-28 16:00:00+00:00,27,1,33,0,0.0
2019-11-28 16:00:00+00:00,27,2,21,0,0.0
2019-11-28 16:00:00+00:00,27,3,31,0,0.0
2019-11-28 16:00:00+00:00,28,1,9,0,0.0
2019-11-28 16:00:00+00:00,28,2,41,0,0.0
2019-11-28 16:00:00+00:00,28,3,13,0,0.0
2019-11-28 16:00:00+00:00,29,1,42,0,0.0
2019-11-28 16:00:00+00:00,29,2,4,0,0.0
2019-11-28 16:00:00+00:00,30,1,33,0,0.0
2019-11-28 16:00:00+00:00,30,2,26,0,0.0
2019-11-28 16:00:00+00:00,30,3,21,0,0.0
2019-11-28 16:00:00+00:00,31,1,26,0,0.0
2019-11-28 16:00:00+00:00,31,2,30,0,0.0
2019-11-28 16:00:00+00:00,31,3,6,0,0.0
2019-11-28 16:00:00+00:00,32,1,25,0,0.0
2019-11-28 16:00:00+00:00,32,2,29,0,0.0
2019-11-28 16:00:00+00:00,32,3,16,0,0.0
2019-11-28 16:00:00+00:00,33,1,20,0,0.0
2019-11-28 16:00:00+00:00,33,2,22,0,0.0
2019-11-28 16:00:00+00:00,33,3,14,0,0.0
2019-11-28 17:00:00+00:00,0,2,23,0,0.0
2019-11-28 17:00:00+00:00,0,3,9,0,0.0
2019-11-28 17:00:00+00:00,1,1,19,3,102.0000000000002
2019-11-28 17:00:00+00:00,1,3,19,0,0.0
2019-11-28 17:00:00+00:00,2,3,31,0,0.0
2019-11-28 17:00:00+00:00,3,1,15,0,0.0
2019-11-28 17:00:00+00:00,3,2,23,3,102.0000000000002
2019-11-28 17:00:00+00:00,3,3,13,0,0.0
2019-11-28 17:00:00+00:00,4,1,6,0,0.0
2019-11-28 17:00:00+00:00,4,2,4,0,0.0
2019-11-28 17:00:00+00:00,4,3,4,0,0.0
2019-11-28 17:00:00+00:00,5,1,18,0,0.0
2019-11-28 17:00:00+00:00,5,2,18,0,0.0
2019-11-28 17:00:00+00:00,5,3,9,0,0.0
2019-11-28 17:00:00+00:00,6,1,4,0,0.0
2019-11-28 17:00:00+00:00,6,2,4,0,0.0
2019-11-28 17:00:00+00:00,6,3,5,0,0.0
2019-11-28 17:00:00+00:00,7,1,3,0,0.0
2019-11-28 17:00:00+00:00,7,2,17,0,0.0
2019-11-28 17:00:00+00:00,7,3,16,0,0.0
2019-11-28 17:00:00+00:00,8,1,10,0,0.0
2019-11-28 17:00:00+00:00,8,2,8,0,0.0
2019-11-28 17:00:00+00:00,9,1,9,0,0.0
2019-11-28 17:00:00+00:00,9,2,15,0,0.0
2019-11-28 17:00:00+00:00,9,3,3,0,0.0
2019-11-28 17:00:00+00:00,10,1,3,0,0.0
2019-11-28 17:00:00+00:00,10,2,16,0,0.0
2019-11-28 17:00:00+00:00,10,3,26,0,0.0
2019-11-28 17:00:00+00:00,11,1,13,3,102.0000000000002
2019-11-28 17:00:00+00:00,11,2,4,0,0.0
2019-11-28 17:00:00+00:00,11,3,4,0,0.0
2019-11-28 17:00:00+00:00,12,2,10,0,0.0
2019-11-28 17:00:00+00:00,12,3,6,0,0.0
2019-11-28 17:00:00+00:00,13,1,10,0,0.0
2019-11-28 17:00:00+00:00,13,2,12,0,0.0
2019-11-28 17:00:00+00:00,13,3,1,0,0.0
2019-11-28 17:00:00+00:00,14,1,10,0,0.0
2019-11-28 17:00:00+00:00,14,3,35,0,0.0
2019-11-28 17:00:00+00:00,15,1,3,0,0.0
2019-11-28 17:00:00+00:00,15,2,5,0,0.0
2019-11-28 17:00:00+00:00,15,3,31,0,0.0
2019-11-28 17:00:00+00:00,16,1,20,0,0.0
2019-11-28 17:00:00+00:00,16,2,16,0,0.0
2019-11-28 17:00:00+00:00,17,1,10,0,0.0
2019-11-28 17:00:00+00:00,17,2,7,0,0.0
2019-11-28 17:00:00+00:00,18,1,11,0,0.0
2019-11-28 17:00:00+00:00,18,2,18,0,0.0
2019-11-28 17:00:00+00:00,18,3,12,0,0.0
2019-11-28 17:00:00+00:00,19,1,12,0,0.0
2019-11-28 17:00:00+00:00,19,2,14,0,0.0
2019-11-28 17:00:00+00:00,19,3,7,0,0.0
2019-11-28 17:00:00+00:00,20,1,30,0,0.0
2019-11-28 17:00:00+00:00,20,2,12,1,34.000000000000064
2019-11-28 17:00:00+00:00,20,3,7,0,0.0
2019-11-28 17:00:00+00:00,21,1,10,0,0.0
2019-11-28 17:00:00+00:00,21,2,26,0,0.0
2019-11-28 17:00:00+00:00,21,3,11,0,0.0
2019-11-28 17:00:00+00:00,22,1,4,0,0.0
2019-11-28 17:00:00+00:00,22,2,22,0,0.0
2019-11-28 17:00:00+00:00,22,3,18,0,0.0
2019-11-28 17:00:00+00:00,23,1,15,0,0.0
2019-11-28 17:00:00+00:00,23,2,6,0,0.0
2019-11-28 17:00:00+00:00,23,3,3,0,0.0
2019-11-28 17:00:00+00:00,24,1,29,0,0.0
2019-11-28 17:00:00+00:00,24,2,6,0,0.0
2019-11-28 17:00:00+00:00,24,3,10,0,0.0
2019-11-28 17:00:00+00:00,25,1,5,0,0.0
2019-11-28 17:00:00+00:00,25,2,18,0,0.0
2019-11-28 17:00:00+00:00,25,3,23,0,0.0
2019-11-28 17:00:00+00:00,26,1,31,0,0.0
2019-11-28 17:00:00+00:00,26,2,8,0,0.0
2019-11-28 17:00:00+00:00,27,1,9,0,0.0
2019-11-28 17:00:00+00:00,27,2,19,0,0.0
2019-11-28 17:00:00+00:00,27,3,1,0,0.0
2019-11-28 17:00:00+00:00,28,1,12,0,0.0
2019-11-28 17:00:00+00:00,28,2,5,0,0.0
2019-11-28 17:00:00+00:00,28,3,18,0,0.0
2019-11-28 17:00:00+00:00,29,1,6,0,0.0
2019-11-28 17:00:00+00:00,29,2,14,0,0.0
2019-11-28 17:00:00+00:00,29,3,25,0,0.0
2019-11-28 17:00:00+00:00,30,1,35,0,0.0
2019-11-28 17:00:00+00:00,30,2,15,0,0.0
2019-11-28 17:00:00+00:00,30,3,7,0,0.0
2019-11-28 17:00:00+00:00,31,1,7,0,0.0
2019-11-28 17:00:00+00:00,31,2,9,0,0.0
2019-11-28 17:00:00+00:00,31,3,17,0,0.0
2019-11-28 17:00:00+00:00,32,1,16,0,0.0
2019-11-28 17:00:00+00:00,32,2,22,0,0.0
2019-11-28 17:00:00+00:00,32,3,5,0,0.0
2019-11-28 17:00:00+00:00,33,1,14,4,136.00000000000026
2019-11-28 17:00:00+00:00,33,2,1,0,0.0
2019-11-28 17:00:00+00:00,33,3,22,0,0.0
2019-11-28 18:00:00+00:00,0,1,2,0,0.0
2019-11-28 18:00:00+00:00,0,3,5,0,0.0
2019-11-28 18:00:00+00:00,1,1,5,0,0.0
2019-11-28 18:00:00+00:00,1,2,6,0,0.0
2019-11-28 18:00:00+00:00,2,1,8,0,0.0
2019-11-28 18:00:00+00:00,2,2,9,0,0.0
2019-11-28 18:00:00+00:00,2,3,6,0,0.0
2019-11-28 18:00:00+00:00,3,2,21,0,0.0
2019-11-28 18:00:00+00:00,3,3,3,0,0.0
2019-11-28 18:00:00+00:00,4,3,2,0,0.0
2019-11-28 18:00:00+00:00,5,1,2,0,0.0
2019-11-28 18:00:00+00:00,5,3,23,0,0.0
2019-11-28 18:00:00+00:00,6,1,19,1,34.000000000000064
2019-11-28 18:00:00+00:00,7,1,9,0,0.0
2019-11-28 18:00:00+00:00,7,2,11,0,0.0
2019-11-28 18:00:00+00:00,8,1,2,0,0.0
2019-11-28 18:00:00+00:00,8,2,6,0,0.0
2019-11-28 18:00:00+00:00,8,3,13,0,0.0
2019-11-28 18:00:00+00:00,9,1,18,1,34.000000000000064
2019-11-28 18:00:00+00:00,9,3,16,1,34.000000000000064
2019-11-28 18:00:00+00:00,10,1,6,0,0.0
2019-11-28 18:00:00+00:00,10,2,6,0,0.0
2019-11-28 18:00:00+00:00,10,3,3,0,0.0
2019-11-28 18:00:00+00:00,11,1,3,0,0.0
2019-11-28 18:00:00+00:00,11,2,11,0,0.0
2019-11-28 18:00:00+00:00,11,3,6,0,0.0
2019-11-28 18:00:00+00:00,12,1,5,0,0.0
2019-11-28 18:00:00+00:00,12,2,10,0,0.0
2019-11-28 18:00:00+00:00,12,3,6,0,0.0
2019-11-28 18:00:00+00:00,13,1,4,0,0.0
2019-11-28 18:00:00+00:00,13,2,4,0,0.0
2019-11-28 18:00:00+00:00,13,3,14,0,0.0
2019-11-28 18:00:00+00:00,14,1,5,0,0.0
2019-11-28 18:00:00+00:00,14,2,11,0,0.0
2019-11-28 18:00:00+00:00,14,3,4,0,0.0
2019-11-28 18:00:00+00:00,15,2,9,0,0.0
2019-11-28 18:00:00+00:00,15,3,11,0,0.0
2019-11-28 18:00:00+00:00,16,1,20,0,0.0
2019-11-28 18:00:00+00:00,16,2,7,0,0.0
2019-11-28 18:00:00+00:00,16,3,9,0,0.0
2019-11-28 18:00:00+00:00,17,2,5,0,0.0
2019-11-28 18:00:00+00:00,17,3,11,0,0.0
2019-11-28 18:00:00+00:00,18,2,4,0,0.0
2019-11-28 18:00:00+00:00,18,3,11,0,0.0
2019-11-28 18:00:00+00:00,19,1,15,0,0.0
2019-11-28 18:00:00+00:00,19,2,10,0,0.0
2019-11-28 18:00:00+00:00,19,3,3,0,0.0
2019-11-28 18:00:00+00:00,20,1,10,0,0.0
2019-11-28 18:00:00+00:00,20,2,7,0,0.0
2019-11-28 18:00:00+00:00,20,3,15,0,0.0
2019-11-28 18:00:00+00:00,21,1,2,0,0.0
2019-11-28 18:00:00+00:00,21,2,14,0,0.0
2019-11-28 18:00:00+00:00,21,3,8,0,0.0
2019-11-28 18:00:00+00:00,22,1,7,0,0.0
2019-11-28 18:00:00+00:00,22,2,23,0,0.0
2019-11-28 18:00:00+00:00,22,3,6,0,0.0
2019-11-28 18:00:00+00:00,23,1,14,0,0.0
2019-11-28 18:00:00+00:00,23,2,8,0,0.0
2019-11-28 18:00:00+00:00,23,3,9,0,0.0
2019-11-28 18:00:00+00:00,24,1,8,0,0.0
2019-11-28 18:00:00+00:00,24,2,13,0,0.0
2019-11-28 18:00:00+00:00,24,3,6,0,0.0
2019-11-28 18:00:00+00:00,25,1,8,0,0.0
2019-11-28 18:00:00+00:00,25,2,4,0,0.0
2019-11-28 18:00:00+00:00,25,3,6,0,0.0
2019-11-28 18:00:00+00:00,26,1,9,0,0.0
2019-11-28 18:00:00+00:00,26,2,10,0,0.0
2019-11-28 18:00:00+00:00,26,3,17,0,0.0
2019-11-28 18:00:00+00:00,27,1,16,0,0.0
2019-11-28 18:00:00+00:00,27,2,7,0,0.0
2019-11-28 18:00:00+00:00,27,3,6,0,0.0
2019-11-28 18:00:00+00:00,28,1,10,0,0.0
2019-11-28 18:00:00+00:00,28,2,3,0,0.0
2019-11-28 18:00:00+00:00,29,1,6,0,0.0
2019-11-28 18:00:00+00:00,29,2,4,0,0.0
2019-11-28 18:00:00+00:00,29,3,7,0,0.0
2019-11-28 18:00:00+00:00,30,1,9,0,0.0
2019-11-28 18:00:00+00:00,30,2,16,0,0.0
2019-11-28 18:00:00+00:00,30,3,2,0,0.0
2019-11-28 18:00:00+00:00,31,1,1,0,0.0
2019-11-28 18:00:00+00:00,31,2,7,0,0.0
2019-11-28 18:00:00+00:00,31,3,11,0,0.0
2019-11-28 18:00:00+00:00,32,1,25,0,0.0
2019-11-28 18:00:00+00:00,32,2,10,0,0.0
2019-11-28 18:00:00+00:00,32,3,9,0,0.0
2019-11-28 18:00:00+00:00,33,1,12,0,0.0
2019-11-28 18:00:00+00:00,33,2,4,0,0.0
2019-11-28 18:00:00+00:00,33,3,12,1,34.000000000000064
2019-11-28 19:00:00+00:00,0,1,13,0,0.0
2019-11-28 19:00:00+00:00,0,3,14,0,0.0
2019-11-28 19:00:00+00:00,1,1,2,0,0.0
2019-11-28 19:00:00+00:00,1,2,4,0,0.0
2019-11-28 19:00:00+00:00,2,1,12,0,0.0
2019-11-28 19:00:00+00:00,2,2,17,0,0.0
2019-11-28 19:00:00+00:00,2,3,1,0,0.0
2019-11-28 19:00:00+00:00,3,1,12,0,0.0
2019-11-28 19:00:00+00:00,3,2,3,0,0.0
2019-11-28 19:00:00+00:00,3,3,3,0,0.0
2019-11-28 19:00:00+00:00,4,1,8,0,0.0
2019-11-28 19:00:00+00:00,4,2,2,0,0.0
2019-11-28 19:00:00+00:00,4,3,13,0,0.0
2019-11-28 19:00:00+00:00,5,1,3,0,0.0
2019-11-28 19:00:00+00:00,5,2,6,0,0.0
2019-11-28 19:00:00+00:00,5,3,11,0,0.0
2019-11-28 19:00:00+00:00,6,1,5,0,0.0
2019-11-28 19:00:00+00:00,6,2,2,0,0.0
2019-11-28 19:00:00+00:00,6,3,1,0,0.0
2019-11-28 19:00:00+00:00,7,1,12,0,0.0
2019-11-28 19:00:00+00:00,7,3,3,0,0.0
2019-11-28 19:00:00+00:00,8,1,3,0,0.0
2019-11-28 19:00:00+00:00,8,2,8,0,0.0
2019-11-28 19:00:00+00:00,8,3,5,0,0.0
2019-11-28 19:00:00+00:00,9,1,8,0,0.0
2019-11-28 19:00:00+00:00,9,2,9,0,0.0
2019-11-28 19:00:00+00:00,9,3,7,0,0.0
2019-11-28 19:00:00+00:00,10,1,21,0,0.0
2019-11-28 19:00:00+00:00,10,2,2,0,0.0
2019-11-28 19:00:00+00:00,10,3,12,2,68.00000000000013
2019-11-28 19:00:00+00:00,11,1,3,0,0.0
2019-11-28 19:00:00+00:00,11,2,9,0,0.0
2019-11-28 19:00:00+00:00,11,3,10,0,0.0
2019-11-28 19:00:00+00:00,12,1,2,0,0.0
2019-11-28 19:00:00+00:00,12,2,4,0,0.0
2019-11-28 19:00:00+00:00,12,3,7,0,0.0
2019-11-28 19:00:00+00:00,13,2,2,0,0.0
2019-11-28 19:00:00+00:00,13,3,5,0,0.0
2019-11-28 19:00:00+00:00,14,2,2,0,0.0
2019-11-28 19:00:00+00:00,14,3,10,0,0.0
2019-11-28 19:00:00+00:00,15,1,11,0,0.0
2019-11-28 19:00:00+00:00,15,2,5,0,0.0
2019-11-28 19:00:00+00:00,15,3,4,0,0.0
2019-11-28 19:00:00+00:00,16,1,8,0,0.0
2019-11-28 19:00:00+00:00,16,2,7,0,0.0
2019-11-28 19:00:00+00:00,16,3,12,0,0.0
2019-11-28 19:00:00+00:00,17,1,5,0,0.0
2019-11-28 19:00:00+00:00,17,2,12,0,0.0
2019-11-28 19:00:00+00:00,17,3,12,0,0.0
2019-11-28 19:00:00+00:00,18,1,6,0,0.0
2019-11-28 19:00:00+00:00,18,2,5,0,0.0
2019-11-28 19:00:00+00:00,18,3,17,0,0.0
2019-11-28 19:00:00+00:00,19,1,5,2,68.00000000000013
2019-11-28 19:00:00+00:00,19,2,12,0,0.0
2019-11-28 19:00:00+00:00,19,3,4,0,0.0
2019-11-28 19:00:00+00:00,20,1,2,0,0.0
2019-11-28 19:00:00+00:00,20,2,9,0,0.0
2019-11-28 19:00:00+00:00,20,3,3,0,0.0
2019-11-28 19:00:00+00:00,21,1,3,0,0.0
2019-11-28 19:00:00+00:00,21,2,9,2,68.00000000000013
2019-11-28 19:00:00+00:00,22,1,12,0,0.0
2019-11-28 19:00:00+00:00,22,2,16,0,0.0
2019-11-28 19:00:00+00:00,22,3,9,0,0.0
2019-11-28 19:00:00+00:00,23,1,7,0,0.0
2019-11-28 19:00:00+00:00,23,2,6,0,0.0
2019-11-28 19:00:00+00:00,23,3,2,0,0.0
2019-11-28 19:00:00+00:00,24,1,4,0,0.0
2019-11-28 19:00:00+00:00,24,3,1,0,0.0
2019-11-28 19:00:00+00:00,25,1,2,0,0.0
2019-11-28 19:00:00+00:00,25,2,4,0,0.0
2019-11-28 19:00:00+00:00,25,3,2,0,0.0
2019-11-28 19:00:00+00:00,26,1,8,0,0.0
2019-11-28 19:00:00+00:00,26,3,6,0,0.0
2019-11-28 19:00:00+00:00,27,1,7,0,0.0
2019-11-28 19:00:00+00:00,27,2,20,0,0.0
2019-11-28 19:00:00+00:00,27,3,4,0,0.0
2019-11-28 19:00:00+00:00,28,1,5,0,0.0
2019-11-28 19:00:00+00:00,28,2,8,0,0.0
2019-11-28 19:00:00+00:00,28,3,13,0,0.0
2019-11-28 19:00:00+00:00,29,1,3,0,0.0
2019-11-28 19:00:00+00:00,29,2,4,0,0.0
2019-11-28 19:00:00+00:00,29,3,4,0,0.0
2019-11-28 19:00:00+00:00,30,2,4,0,0.0
2019-11-28 19:00:00+00:00,30,3,4,0,0.0
2019-11-28 19:00:00+00:00,31,3,8,0,0.0
2019-11-28 19:00:00+00:00,32,1,15,0,0.0
2019-11-28 19:00:00+00:00,32,3,5,1,34.000000000000064
2019-11-28 19:00:00+00:00,33,1,5,0,0.0
2019-11-28 19:00:00+00:00,33,2,21,0,0.0
2019-11-28 20:00:00+00:00,0,1,4,0,0.0
2019-11-28 20:00:00+00:00,0,2,7,0,0.0
2019-11-28 20:00:00+00:00,1,1,2,0,0.0
2019-11-28 20:00:00+00:00,1,2,8,0,0.0
2019-11-28 20:00:00+00:00,1,3,6,0,0.0
2019-11-28 20:00:00+00:00,2,1,16,0,0.0
2019-11-28 20:00:00+00:00,2,3,1,0,0.0
2019-11-28 20:00:00+00:00,3,1,7,0,0.0
2019-11-28 20:00:00+00:00,3,2,5,0,0.0
2019-11-28 20:00:00+00:00,3,3,7,0,0.0
2019-11-28 20:00:00+00:00,4,2,8,0,0.0
2019-11-28 20:00:00+00:00,4,3,8,0,0.0
2019-11-28 20:00:00+00:00,5,2,5,0,0.0
2019-11-28 20:00:00+00:00,6,1,20,0,0.0
2019-11-28 20:00:00+00:00,6,2,6,0,0.0
2019-11-28 20:00:00+00:00,6,3,13,0,0.0
2019-11-28 20:00:00+00:00,7,1,5,0,0.0
2019-11-28 20:00:00+00:00,7,2,9,0,0.0
2019-11-28 20:00:00+00:00,7,3,3,0,0.0
2019-11-28 20:00:00+00:00,8,1,7,0,0.0
2019-11-28 20:00:00+00:00,8,2,2,0,0.0
2019-11-28 20:00:00+00:00,8,3,5,1,34.000000000000064
2019-11-28 20:00:00+00:00,9,1,6,0,0.0
2019-11-28 20:00:00+00:00,9,2,1,0,0.0
2019-11-28 20:00:00+00:00,9,3,2,0,0.0
2019-11-28 20:00:00+00:00,10,1,5,0,0.0
2019-11-28 20:00:00+00:00,10,2,10,0,0.0
2019-11-28 20:00:00+00:00,10,3,8,0,0.0
2019-11-28 20:00:00+00:00,11,1,24,0,0.0
2019-11-28 20:00:00+00:00,11,2,5,0,0.0
2019-11-28 20:00:00+00:00,11,3,20,0,0.0
2019-11-28 20:00:00+00:00,12,2,16,0,0.0
2019-11-28 20:00:00+00:00,12,3,19,0,0.0
2019-11-28 20:00:00+00:00,13,1,7,0,0.0
2019-11-28 20:00:00+00:00,13,2,14,0,0.0
2019-11-28 20:00:00+00:00,14,1,5,0,0.0
2019-11-28 20:00:00+00:00,14,2,5,0,0.0
2019-11-28 20:00:00+00:00,14,3,2,0,0.0
2019-11-28 20:00:00+00:00,15,1,6,0,0.0
2019-11-28 20:00:00+00:00,15,2,13,0,0.0
2019-11-28 20:00:00+00:00,15,3,8,0,0.0
2019-11-28 20:00:00+00:00,16,1,9,0,0.0
2019-11-28 20:00:00+00:00,16,2,7,0,0.0
2019-11-28 20:00:00+00:00,16,3,1,0,0.0
2019-11-28 20:00:00+00:00,17,2,12,0,0.0
2019-11-28 20:00:00+00:00,17,3,6,0,0.0
2019-11-28 20:00:00+00:00,18,1,14,0,0.0
2019-11-28 20:00:00+00:00,18,3,7,0,0.0
2019-11-28 20:00:00+00:00,19,1,2,0,0.0
2019-11-28 20:00:00+00:00,19,3,11,0,0.0
2019-11-28 20:00:00+00:00,20,1,8,0,0.0
2019-11-28 20:00:00+00:00,20,2,3,0,0.0
2019-11-28 20:00:00+00:00,20,3,8,0,0.0
2019-11-28 20:00:00+00:00,21,1,9,0,0.0
2019-11-28 20:00:00+00:00,21,2,2,0,0.0
2019-11-28 20:00:00+00:00,22,1,6,0,0.0
2019-11-28 20:00:00+00:00,22,2,26,0,0.0
2019-11-28 20:00:00+00:00,22,3,6,0,0.0
2019-11-28 20:00:00+00:00,23,1,1,0,0.0
2019-11-28 20:00:00+00:00,23,2,10,1,34.000000000000064
2019-11-28 20:00:00+00:00,23,3,11,0,0.0
2019-11-28 20:00:00+00:00,24,2,14,0,0.0
2019-11-28 20:00:00+00:00,24,3,6,0,0.0
2019-11-28 20:00:00+00:00,25,3,17,0,0.0
2019-11-28 20:00:00+00:00,26,1,7,0,0.0
2019-11-28 20:00:00+00:00,26,2,5,0,0.0
2019-11-28 20:00:00+00:00,26,3,26,0,0.0
2019-11-28 20:00:00+00:00,27,1,22,0,0.0
2019-11-28 20:00:00+00:00,27,3,7,0,0.0
2019-11-28 20:00:00+00:00,28,1,1,0,0.0
2019-11-28 20:00:00+00:00,28,2,1,0,0.0
2019-11-28 20:00:00+00:00,28,3,3,0,0.0
2019-11-28 20:00:00+00:00,29,2,10,0,0.0
2019-11-28 20:00:00+00:00,30,1,9,0,0.0
2019-11-28 20:00:00+00:00,30,2,4,0,0.0
2019-11-28 20:00:00+00:00,30,3,13,0,0.0
2019-11-28 20:00:00+00:00,31,1,2,0,0.0
2019-11-28 20:00:00+00:00,31,2,13,0,0.0
2019-11-28 20:00:00+00:00,32,1,26,0,0.0
2019-11-28 20:00:00+00:00,32,2,3,0,0.0
2019-11-28 20:00:00+00:00,32,3,7,0,0.0
2019-11-28 20:00:00+00:00,33,1,3,0,0.0
2019-11-28 20:00:00+00:00,33,2,9,0,0.0
2019-11-28 20:00:00+00:00,33,3,2,0,0.0
2019-11-28 21:00:00+00:00,0,1,5,0,0.0
2019-11-28 21:00:00+00:00,0,2,12,0,0.0
2019-11-28 21:00:00+00:00,0,3,9,0,0.0
2019-11-28 21:00:00+00:00,1,1,16,0,0.0
2019-11-28 21:00:00+00:00,1,2,13,0,0.0
2019-11-28 21:00:00+00:00,1,3,10,0,0.0
2019-11-28 21:00:00+00:00,2,1,18,0,0.0
2019-11-28 21:00:00+00:00,2,2,20,0,0.0
2019-11-28 21:00:00+00:00,2,3,21,0,0.0
2019-11-28 21:00:00+00:00,3,1,27,1,34.000000000000064
2019-11-28 21:00:00+00:00,3,2,8,0,0.0
2019-11-28 21:00:00+00:00,4,2,17,0,0.0
2019-11-28 21:00:00+00:00,4,3,4,0,0.0
2019-11-28 21:00:00+00:00,5,1,7,0,0.0
2019-11-28 21:00:00+00:00,5,2,24,0,0.0
2019-11-28 21:00:00+00:00,5,3,8,0,0.0
2019-11-28 21:00:00+00:00,6,1,13,0,0.0
2019-11-28 21:00:00+00:00,6,2,11,0,0.0
2019-11-28 21:00:00+00:00,6,3,37,0,0.0
2019-11-28 21:00:00+00:00,7,1,24,1,34.000000000000064
2019-11-28 21:00:00+00:00,7,2,19,0,0.0
2019-11-28 21:00:00+00:00,7,3,22,0,0.0
2019-11-28 21:00:00+00:00,8,1,17,0,0.0
2019-11-28 21:00:00+00:00,8,2,2,0,0.0
2019-11-28 21:00:00+00:00,8,3,3,0,0.0
2019-11-28 21:00:00+00:00,9,1,9,0,0.0
2019-11-28 21:00:00+00:00,9,2,19,0,0.0
2019-11-28 21:00:00+00:00,10,1,5,0,0.0
2019-11-28 21:00:00+00:00,10,2,11,0,0.0
2019-11-28 21:00:00+00:00,10,3,6,0,0.0
2019-11-28 21:00:00+00:00,11,1,4,0,0.0
2019-11-28 21:00:00+00:00,11,2,11,0,0.0
2019-11-28 21:00:00+00:00,12,1,8,0,0.0
2019-11-28 21:00:00+00:00,12,2,19,0,0.0
2019-11-28 21:00:00+00:00,12,3,15,0,0.0
2019-11-28 21:00:00+00:00,13,1,17,0,0.0
2019-11-28 21:00:00+00:00,13,2,14,0,0.0
2019-11-28 21:00:00+00:00,14,2,6,0,0.0
2019-11-28 21:00:00+00:00,14,3,9,0,0.0
2019-11-28 21:00:00+00:00,15,1,11,0,0.0
2019-11-28 21:00:00+00:00,15,2,1,0,0.0
2019-11-28 21:00:00+00:00,15,3,11,0,0.0
2019-11-28 21:00:00+00:00,16,1,17,0,0.0
2019-11-28 21:00:00+00:00,16,2,9,0,0.0
2019-11-28 21:00:00+00:00,16,3,28,1,34.000000000000064
2019-11-28 21:00:00+00:00,17,1,21,0,0.0
2019-11-28 21:00:00+00:00,17,3,4,0,0.0
2019-11-28 21:00:00+00:00,18,1,20,0,0.0
2019-11-28 21:00:00+00:00,18,2,3,0,0.0
2019-11-28 21:00:00+00:00,18,3,8,0,0.0
2019-11-28 21:00:00+00:00,19,1,15,0,0.0
2019-11-28 21:00:00+00:00,19,2,7,0,0.0
2019-11-28 21:00:00+00:00,19,3,9,0,0.0
2019-11-28 21:00:00+00:00,20,1,11,0,0.0
2019-11-28 21:00:00+00:00,20,2,11,0,0.0
2019-11-28 21:00:00+00:00,20,3,24,0,0.0
2019-11-28 21:00:00+00:00,21,2,6,0,0.0
2019-11-28 21:00:00+00:00,21,3,26,0,0.0
2019-11-28 21:00:00+00:00,22,1,7,0,0.0
2019-11-28 21:00:00+00:00,22,2,9,0,0.0
2019-11-28 21:00:00+00:00,22,3,18,1,34.000000000000064
2019-11-28 21:00:00+00:00,23,1,13,0,0.0
2019-11-28 21:00:00+00:00,23,2,1,0,0.0
2019-11-28 21:00:00+00:00,23,3,13,0,0.0
2019-11-28 21:00:00+00:00,24,1,24,0,0.0
2019-11-28 21:00:00+00:00,24,2,7,0,0.0
2019-11-28 21:00:00+00:00,24,3,23,0,0.0
2019-11-28 21:00:00+00:00,25,2,14,0,0.0
2019-11-28 21:00:00+00:00,25,3,9,1,34.000000000000064
2019-11-28 21:00:00+00:00,26,2,46,0,0.0
2019-11-28 21:00:00+00:00,26,3,21,1,34.000000000000064
2019-11-28 21:00:00+00:00,27,1,7,0,0.0
2019-11-28 21:00:00+00:00,27,2,4,0,0.0
2019-11-28 21:00:00+00:00,27,3,1,0,0.0
2019-11-28 21:00:00+00:00,28,1,21,0,0.0
2019-11-28 21:00:00+00:00,28,2,7,0,0.0
2019-11-28 21:00:00+00:00,28,3,10,0,0.0
2019-11-28 21:00:00+00:00,29,1,19,0,0.0
2019-11-28 21:00:00+00:00,29,3,7,0,0.0
2019-11-28 21:00:00+00:00,30,1,4,0,0.0
2019-11-28 21:00:00+00:00,30,2,33,0,0.0
2019-11-28 21:00:00+00:00,30,3,16,0,0.0
2019-11-28 21:00:00+00:00,31,1,17,0,0.0
2019-11-28 21:00:00+00:00,31,2,14,2,68.00000000000013
2019-11-28 21:00:00+00:00,31,3,7,0,0.0
2019-11-28 21:00:00+00:00,32,1,16,0,0.0
2019-11-28 21:00:00+00:00,32,2,5,0,0.0
2019-11-28 21:00:00+00:00,32,3,16,0,0.0
2019-11-28 21:00:00+00:00,33,1,8,0,0.0
2019-11-28 21:00:00+00:00,33,2,17,0,0.0
2019-11-28 21:00:00+00:00,33,3,6,0,0.0
2019-11-28 22:00:00+00:00,0,2,18,0,0.0
2019-11-28 22:00:00+00:00,0,3,12,0,0.0
2019-11-28 22:00:00+00:00,1,1,9,0,0.0
2019-11-28 22:00:00+00:00,1,2,17,0,0.0
2019-11-28 22:00:00+00:00,1,3,23,0,0.0
2019-11-28 22:00:00+00:00,2,1,2,0,0.0
2019-11-28 22:00:00+00:00,2,2,17,0,0.0
2019-11-28 22:00:00+00:00,2,3,33,0,0.0
2019-11-28 22:00:00+00:00,3,1,47,0,0.0
2019-11-28 22:00:00+00:00,3,2,39,0,0.0
2019-11-28 22:00:00+00:00,3,3,11,0,0.0
2019-11-28 22:00:00+00:00,4,1,6,2,68.00000000000013
2019-11-28 22:00:00+00:00,4,2,13,0,0.0
2019-11-28 22:00:00+00:00,5,1,18,0,0.0
2019-11-28 22:00:00+00:00,5,2,9,0,0.0
2019-11-28 22:00:00+00:00,5,3,4,0,0.0
2019-11-28 22:00:00+00:00,6,1,18,1,34.000000000000064
2019-11-28 22:00:00+00:00,6,2,15,0,0.0
2019-11-28 22:00:00+00:00,6,3,17,0,0.0
2019-11-28 22:00:00+00:00,7,1,28,0,0.0
2019-11-28 22:00:00+00:00,7,2,6,0,0.0
2019-11-28 22:00:00+00:00,7,3,8,0,0.0
2019-11-28 22:00:00+00:00,8,1,3,0,0.0
2019-11-28 22:00:00+00:00,8,2,26,0,0.0
2019-11-28 22:00:00+00:00,8,3,6,0,0.0
2019-11-28 22:00:00+00:00,9,2,59,0,0.0
2019-11-28 22:00:00+00:00,9,3,22,0,0.0
2019-11-28 22:00:00+00:00,10,1,12,0,0.0
2019-11-28 22:00:00+00:00,10,2,37,0,0.0
2019-11-28 22:00:00+00:00,10,3,21,0,0.0
2019-11-28 22:00:00+00:00,11,1,39,0,0.0
2019-11-28 22:00:00+00:00,11,2,40,0,0.0
2019-11-28 22:00:00+00:00,11,3,2,0,0.0
2019-11-28 22:00:00+00:00,12,2,20,0,0.0
2019-11-28 22:00:00+00:00,12,3,12,0,0.0
2019-11-28 22:00:00+00:00,13,1,20,0,0.0
2019-11-28 22:00:00+00:00,13,2,18,0,0.0
2019-11-28 22:00:00+00:00,13,3,37,2,68.00000000000013
2019-11-28 22:00:00+00:00,14,1,3,0,0.0
2019-11-28 22:00:00+00:00,14,2,11,0,0.0
2019-11-28 22:00:00+00:00,14,3,33,0,0.0
2019-11-28 22:00:00+00:00,15,1,44,0,0.0
2019-11-28 22:00:00+00:00,15,2,16,0,0.0
2019-11-28 22:00:00+00:00,15,3,10,0,0.0
2019-11-28 22:00:00+00:00,16,1,25,0,0.0
2019-11-28 22:00:00+00:00,16,2,1,0,0.0
2019-11-28 22:00:00+00:00,16,3,5,0,0.0
2019-11-28 22:00:00+00:00,17,1,18,0,0.0
2019-11-28 22:00:00+00:00,17,2,44,3,102.0000000000002
2019-11-28 22:00:00+00:00,17,3,1,0,0.0
2019-11-28 22:00:00+00:00,18,1,20,0,0.0
2019-11-28 22:00:00+00:00,18,2,10,0,0.0
2019-11-28 22:00:00+00:00,18,3,15,0,0.0
2019-11-28 22:00:00+00:00,19,1,55,0,0.0
2019-11-28 22:00:00+00:00,19,2,9,0,0.0
2019-11-28 22:00:00+00:00,19,3,31,0,0.0
2019-11-28 22:00:00+00:00,20,1,28,0,0.0
2019-11-28 22:00:00+00:00,20,2,37,2,68.00000000000013
2019-11-28 22:00:00+00:00,20,3,34,0,0.0
2019-11-28 22:00:00+00:00,21,1,28,0,0.0
2019-11-28 22:00:00+00:00,21,2,23,0,0.0
2019-11-28 22:00:00+00:00,21,3,41,0,0.0
2019-11-28 22:00:00+00:00,22,2,9,0,0.0
2019-11-28 22:00:00+00:00,22,3,19,0,0.0
2019-11-28 22:00:00+00:00,23,1,11,0,0.0
2019-11-28 22:00:00+00:00,23,2,25,0,0.0
2019-11-28 22:00:00+00:00,23,3,10,0,0.0
2019-11-28 22:00:00+00:00,24,1,25,0,0.0
2019-11-28 22:00:00+00:00,24,2,9,0,0.0
2019-11-28 22:00:00+00:00,24,3,34,0,0.0
2019-11-28 22:00:00+00:00,25,1,17,0,0.0
2019-11-28 22:00:00+00:00,25,2,9,0,0.0
2019-11-28 22:00:00+00:00,25,3,41,0,0.0
2019-11-28 22:00:00+00:00,26,1,37,0,0.0
2019-11-28 22:00:00+00:00,26,2,3,0,0.0
2019-11-28 22:00:00+00:00,26,3,23,0,0.0
2019-11-28 22:00:00+00:00,27,1,31,0,0.0
2019-11-28 22:00:00+00:00,27,2,18,0,0.0
2019-11-28 22:00:00+00:00,27,3,11,0,0.0
2019-11-28 22:00:00+00:00,28,1,24,0,0.0
2019-11-28 22:00:00+00:00,28,2,16,2,68.00000000000013
2019-11-28 22:00:00+00:00,28,3,45,0,0.0
2019-11-28 22:00:00+00:00,29,1,13,0,0.0
2019-11-28 22:00:00+00:00,29,2,16,0,0.0
2019-11-28 22:00:00+00:00,29,3,28,0,0.0
2019-11-28 22:00:00+00:00,30,1,7,0,0.0
2019-11-28 22:00:00+00:00,30,2,38,0,0.0
2019-11-28 22:00:00+00:00,30,3,12,0,0.0
2019-11-28 22:00:00+00:00,31,1,13,0,0.0
2019-11-28 22:00:00+00:00,31,2,12,0,0.0
2019-11-28 22:00:00+00:00,31,3,7,0,0.0
2019-11-28 22:00:00+00:00,32,2,20,0,0.0
2019-11-28 22:00:00+00:00,32,3,34,0,0.0
2019-11-28 22:00:00+00:00,33,1,59,0,0.0
2019-11-28 22:00:00+00:00,33,2,2,0,0.0
2019-11-28 22:00:00+00:00,33,3,18,0,0.0
2019-11-28 23:00:00+00:00,0,1,17,0,0.0
2019-11-28 23:00:00+00:00,0,2,22,0,0.0
2019-11-28 23:00:00+00:00,0,3,13,0,0.0
2019-11-28 23:00:00+00:00,1,1,18,0,0.0
2019-11-28 23:00:00+00:00,1,2,16,1,34.000000000000064
2019-11-28 23:00:00+00:00,1,3,17,0,0.0
2019-11-28 23:00:00+00:00,2,1,19,0,0.0
2019-11-28 23:00:00+00:00,2,2,31,0,0.0
2019-11-28 23:00:00+00:00,2,3,4,0,0.0
2019-11-28 23:00:00+00:00,3,1,3,0,0.0
2019-11-28 23:00:00+00:00,3,2,10,0,0.0
2019-11-28 23:00:00+00:00,3,3,6,0,0.0
2019-11-28 23:00:00+00:00,4,1,20,0,0.0
2019-11-28 23:00:00+00:00,4,2,29,0,0.0
2019-11-28 23:00:00+00:00,4,3,26,0,0.0
2019-11-28 23:00:00+00:00,5,2,30,0,0.0
2019-11-28 23:00:00+00:00,5,3,34,15,510.00000000000097
2019-11-28 23:00:00+00:00,6,1,18,0,0.0
2019-11-28 23:00:00+00:00,6,2,37,0,0.0
2019-11-28 23:00:00+00:00,6,3,10,0,0.0
2019-11-28 23:00:00+00:00,7,1,10,0,0.0
2019-11-28 23:00:00+00:00,7,2,35,0,0.0
2019-11-28 23:00:00+00:00,7,3,19,0,0.0
2019-11-28 23:00:00+00:00,8,1,14,0,0.0
2019-11-28 23:00:00+00:00,8,2,8,0,0.0
2019-11-28 23:00:00+00:00,8,3,9,0,0.0
2019-11-28 23:00:00+00:00,9,1,26,0,0.0
2019-11-28 23:00:00+00:00,9,2,9,0,0.0
2019-11-28 23:00:00+00:00,9,3,15,0,0.0
2019-11-28 23:00:00+00:00,10,1,27,0,0.0
2019-11-28 23:00:00+00:00,10,2,7,0,0.0
2019-11-28 23:00:00+00:00,10,3,11,0,0.0
2019-11-28 23:00:00+00:00,11,1,10,0,0.0
2019-11-28 23:00:00+00:00,11,2,32,0,0.0
2019-11-28 23:00:00+00:00,11,3,50,0,0.0
2019-11-28 23:00:00+00:00,12,1,23,0,0.0
2019-11-28 23:00:00+00:00,12,3,34,0,0.0
2019-11-28 23:00:00+00:00,13,1,15,0,0.0
2019-11-28 23:00:00+00:00,13,2,12,0,0.0
2019-11-28 23:00:00+00:00,13,3,14,0,0.0
2019-11-28 23:00:00+00:00,14,1,10,0,0.0
2019-11-28 23:00:00+00:00,14,2,29,0,0.0
2019-11-28 23:00:00+00:00,14,3,22,0,0.0
2019-11-28 23:00:00+00:00,15,1,24,0,0.0
2019-11-28 23:00:00+00:00,15,2,15,0,0.0
2019-11-28 23:00:00+00:00,15,3,22,0,0.0
2019-11-28 23:00:00+00:00,16,1,18,0,0.0
2019-11-28 23:00:00+00:00,16,2,4,0,0.0
2019-11-28 23:00:00+00:00,16,3,37,0,0.0
2019-11-28 23:00:00+00:00,17,1,13,0,0.0
2019-11-28 23:00:00+00:00,17,2,27,0,0.0
2019-11-28 23:00:00+00:00,17,3,35,0,0.0
2019-11-28 23:00:00+00:00,18,1,18,0,0.0
2019-11-28 23:00:00+00:00,18,2,18,0,0.0
2019-11-28 23:00:00+00:00,18,3,21,0,0.0
2019-11-28 23:00:00+00:00,19,1,29,0,0.0
2019-11-28 23:00:00+00:00,19,2,1,0,0.0
2019-11-28 23:00:00+00:00,19,3,8,0,0.0
2019-11-28 23:00:00+00:00,20,1,19,0,0.0
2019-11-28 23:00:00+00:00,20,2,19,0,0.0
2019-11-28 23:00:00+00:00,20,3,12,0,0.0
2019-11-28 23:00:00+00:00,21,1,27,0,0.0
2019-11-28 23:00:00+00:00,21,2,17,0,0.0
2019-11-28 23:00:00+00:00,21,3,11,0,0.0
2019-11-28 23:00:00+00:00,22,1,20,0,0.0
2019-11-28 23:00:00+00:00,22,2,45,0,0.0
2019-11-28 23:00:00+00:00,22,3,2,0,0.0
2019-11-28 23:00:00+00:00,23,1,44,0,0.0
2019-11-28 23:00:00+00:00,23,2,16,0,0.0
2019-11-28 23:00:00+00:00,23,3,25,0,0.0
2019-11-28 23:00:00+00:00,24,1,10,0,0.0
2019-11-28 23:00:00+00:00,24,2,20,0,0.0
2019-11-28 23:00:00+00:00,24,3,7,0,0.0
2019-11-28 23:00:00+00:00,25,1,27,0,0.0
2019-11-28 23:00:00+00:00,25,2,2,0,0.0
2019-11-28 23:00:00+00:00,25,3,26,0,0.0
2019-11-28 23:00:00+00:00,26,1,19,0,0.0
2019-11-28 23:00:00+00:00,26,2,32,0,0.0
2019-11-28 23:00:00+00:00,26,3,43,0,0.0
2019-11-28 23:00:00+00:00,27,1,21,0,0.0
2019-11-28 23:00:00+00:00,27,2,9,0,0.0
2019-11-28 23:00:00+00:00,28,1,35,0,0.0
2019-11-28 23:00:00+00:00,28,2,6,0,0.0
2019-11-28 23:00:00+00:00,28,3,15,0,0.0
2019-11-28 23:00:00+00:00,29,1,17,0,0.0
2019-11-28 23:00:00+00:00,29,2,6,0,0.0
2019-11-28 23:00:00+00:00,29,3,17,0,0.0
2019-11-28 23:00:00+00:00,30,1,11,0,0.0
2019-11-28 23:00:00+00:00,30,2,38,0,0.0
2019-11-28 23:00:00+00:00,30,3,17,0,0.0
2019-11-28 23:00:00+00:00,31,1,16,0,0.0
2019-11-28 23:00:00+00:00,31,2,5,0,0.0
2019-11-28 23:00:00+00:00,31,3,31,0,0.0
2019-11-28 23:00:00+00:00,32,1,19,0,0.0
2019-11-28 23:00:00+00:00,32,2,34,2,68.00000000000013
2019-11-28 23:00:00+00:00,32,3,27,0,0.0
2019-11-28 23:00:00+00:00,33,1,24,0,0.0
2019-11-28 23:00:00+00:00,33,2,20,0,0.0
2019-11-28 23:00:00+00:00,33,3,14,0,0.0
2019-11-29 00:00:00+00:00,0,1,34,0,0.0
2019-11-29 00:00:00+00:00,0,2,32,0,0.0
2019-11-29 00:00:00+00:00,0,3,15,0,0.0
2019-11-29 00:00:00+00:00,1,1,17,0,0.0
2019-11-29 00:00:00+00:00,1,2,38,0,0.0
2019-11-29 00:00:00+00:00,1,3,14,0,0.0
2019-11-29 00:00:00+00:00,2,1,2,0,0.0
2019-11-29 00:00:00+00:00,2,2,54,0,0.0
2019-11-29 00:00:00+00:00,2,3,9,0,0.0
2019-11-29 00:00:00+00:00,3,1,8,0,0.0
2019-11-29 00:00:00+00:00,3,2,20,0,0.0
2019-11-29 00:00:00+00:00,3,3,39,0,0.0
2019-11-29 00:00:00+00:00,4,1,31,1,34.000000000000064
2019-11-29 00:00:00+00:00,4,2,52,0,0.0
2019-11-29 00:00:00+00:00,4,3,4,0,0.0
2019-11-29 00:00:00+00:00,5,1,30,0,0.0
2019-11-29 00:00:00+00:00,5,2,44,0,0.0
2019-11-29 00:00:00+00:00,5,3,30,0,0.0
2019-11-29 00:00:00+00:00,6,1,11,0,0.0
2019-11-29 00:00:00+00:00,6,2,11,0,0.0
2019-11-29 00:00:00+00:00,6,3,32,0,0.0
2019-11-29 00:00:00+00:00,7,1,17,0,0.0
2019-11-29 00:00:00+00:00,7,2,53,0,0.0
2019-11-29 00:00:00+00:00,7,3,17,0,0.0
2019-11-29 00:00:00+00:00,8,1,46,0,0.0
2019-11-29 00:00:00+00:00,8,2,18,0,0.0
2019-11-29 00:00:00+00:00,8,3,37,0,0.0
2019-11-29 00:00:00+00:00,9,1,5,0,0.0
2019-11-29 00:00:00+00:00,9,2,20,0,0.0
2019-11-29 00:00:00+00:00,9,3,38,0,0.0
2019-11-29 00:00:00+00:00,10,1,12,0,0.0
2019-11-29 00:00:00+00:00,10,2,3,0,0.0
2019-11-29 00:00:00+00:00,10,3,24,0,0.0
2019-11-29 00:00:00+00:00,11,1,39,0,0.0
2019-11-29 00:00:00+00:00,11,2,11,0,0.0
2019-11-29 00:00:00+00:00,11,3,35,0,0.0
2019-11-29 00:00:00+00:00,12,1,12,0,0.0
2019-11-29 00:00:00+00:00,12,2,4,0,0.0
2019-11-29 00:00:00+00:00,12,3,9,0,0.0
2019-11-29 00:00:00+00:00,13,1,35,0,0.0
2019-11-29 00:00:00+00:00,13,2,27,0,0.0
2019-11-29 00:00:00+00:00,13,3,17,0,0.0
2019-11-29 00:00:00+00:00,14,1,3,0,0.0
2019-11-29 00:00:00+00:00,14,2,16,0,0.0
2019-11-29 00:00:00+00:00,14,3,5,0,0.0
2019-11-29 00:00:00+00:00,15,1,39,0,0.0
2019-11-29 00:00:00+00:00,15,2,16,0,0.0
2019-11-29 00:00:00+00:00,15,3,7,0,0.0
2019-11-29 00:00:00+00:00,16,1,4,0,0.0
2019-11-29 00:00:00+00:00,16,2,32,0,0.0
2019-11-29 00:00:00+00:00,16,3,25,0,0.0
2019-11-29 00:00:00+00:00,17,1,9,0,0.0
2019-11-29 00:00:00+00:00,17,2,2,0,0.0
2019-11-29 00:00:00+00:00,17,3,23,0,0.0
2019-11-29 00:00:00+00:00,18,1,29,0,0.0
2019-11-29 00:00:00+00:00,18,2,37,0,0.0
2019-11-29 00:00:00+00:00,18,3,17,0,0.0
2019-11-29 00:00:00+00:00,19,1,14,0,0.0
2019-11-29 00:00:00+00:00,19,2,24,0,0.0
2019-11-29 00:00:00+00:00,19,3,16,0,0.0
2019-11-29 00:00:00+00:00,20,1,36,0,0.0
2019-11-29 00:00:00+00:00,20,2,25,0,0.0
2019-11-29 00:00:00+00:00,20,3,12,0,0.0
2019-11-29 00:00:00+00:00,21,1,8,0,0.0
2019-11-29 00:00:00+00:00,21,2,1,0,0.0
2019-11-29 00:00:00+00:00,21,3,13,0,0.0
2019-11-29 00:00:00+00:00,22,1,18,0,0.0
2019-11-29 00:00:00+00:00,22,2,15,0,0.0
2019-11-29 00:00:00+00:00,22,3,40,0,0.0
2019-11-29 00:00:00+00:00,23,1,10,0,0.0
2019-11-29 00:00:00+00:00,23,2,11,0,0.0
2019-11-29 00:00:00+00:00,23,3,59,0,0.0
2019-11-29 00:00:00+00:00,24,1,39,0,0.0
2019-11-29 00:00:00+00:00,24,2,34,0,0.0
2019-11-29 00:00:00+00:00,24,3,6,0,0.0
2019-11-29 00:00:00+00:00,25,1,53,0,0.0
2019-11-29 00:00:00+00:00,25,2,11,0,0.0
2019-11-29 00:00:00+00:00,26,1,18,0,0.0
2019-11-29 00:00:00+00:00,26,2,11,0,0.0
2019-11-29 00:00:00+00:00,26,3,13,0,0.0
2019-11-29 00:00:00+00:00,27,1,5,0,0.0
2019-11-29 00:00:00+00:00,27,2,4,0,0.0
2019-11-29 00:00:00+00:00,27,3,47,0,0.0
2019-11-29 00:00:00+00:00,28,1,51,0,0.0
2019-11-29 00:00:00+00:00,28,2,11,0,0.0
2019-11-29 00:00:00+00:00,28,3,34,0,0.0
2019-11-29 00:00:00+00:00,29,1,14,0,0.0
2019-11-29 00:00:00+00:00,29,2,19,0,0.0
2019-11-29 00:00:00+00:00,29,3,25,0,0.0
2019-11-29 00:00:00+00:00,30,1,15,0,0.0
2019-11-29 00:00:00+00:00,30,2,53,0,0.0
2019-11-29 00:00:00+00:00,30,3,24,0,0.0
2019-11-29 00:00:00+00:00,31,1,36,0,0.0
2019-11-29 00:00:00+00:00,31,2,2,0,0.0
2019-11-29 00:00:00+00:00,31,3,18,0,0.0
2019-11-29 00:00:00+00:00,32,1,14,0,0.0
2019-11-29 00:00:00+00:00,32,2,15,0,0.0
2019-11-29 00:00:00+00:00,32,3,9,0,0.0
2019-11-29 00:00:00+00:00,33,1,18,0,0.0
2019-11-29 00:00:00+00:00,33,2,5,0,0.0
2019-11-29 00:00:00+00:00,33,3,18,0,0.0
2019-11-29 01:00:00+00:00,0,1,20,0,0.0
2019-11-29 01:00:00+00:00,0,2,6,0,0.0
2019-11-29 01:00:00+00:00,0,3,42,0,0.0
2019-11-29 01:00:00+00:00,1,1,16,0,0.0
2019-11-29 01:00:00+00:00,1,2,59,0,0.0
2019-11-29 01:00:00+00:00,1,3,35,0,0.0
2019-11-29 01:00:00+00:00,2,1,1,0,0.0
2019-11-29 01:00:00+00:00,2,2,38,0,0.0
2019-11-29 01:00:00+00:00,2,3,6,0,0.0
2019-11-29 01:00:00+00:00,3,1,27,0,0.0
2019-11-29 01:00:00+00:00,3,2,46,0,0.0
2019-11-29 01:00:00+00:00,3,3,29,0,0.0
2019-11-29 01:00:00+00:00,4,1,25,0,0.0
2019-11-29 01:00:00+00:00,4,2,20,0,0.0
2019-11-29 01:00:00+00:00,4,3,15,0,0.0
2019-11-29 01:00:00+00:00,5,1,40,0,0.0
2019-11-29 01:00:00+00:00,5,2,27,0,0.0
2019-11-29 01:00:00+00:00,5,3,37,0,0.0
2019-11-29 01:00:00+00:00,6,1,29,0,0.0
2019-11-29 01:00:00+00:00,6,2,30,0,0.0
2019-11-29 01:00:00+00:00,6,3,50,0,0.0
2019-11-29 01:00:00+00:00,7,1,17,0,0.0
2019-11-29 01:00:00+00:00,7,2,39,0,0.0
2019-11-29 01:00:00+00:00,7,3,26,0,0.0
2019-11-29 01:00:00+00:00,8,1,34,0,0.0
2019-11-29 01:00:00+00:00,8,2,27,0,0.0
2019-11-29 01:00:00+00:00,8,3,7,0,0.0
2019-11-29 01:00:00+00:00,9,1,7,0,0.0
2019-11-29 01:00:00+00:00,9,2,39,0,0.0
2019-11-29 01:00:00+00:00,9,3,11,0,0.0
2019-11-29 01:00:00+00:00,10,1,42,0,0.0
2019-11-29 01:00:00+00:00,10,2,10,0,0.0
2019-11-29 01:00:00+00:00,10,3,23,0,0.0
2019-11-29 01:00:00+00:00,11,1,22,0,0.0
2019-11-29 01:00:00+00:00,11,2,26,0,0.0
2019-11-29 01:00:00+00:00,11,3,53,0,0.0
2019-11-29 01:00:00+00:00,12,1,26,0,0.0
2019-11-29 01:00:00+00:00,12,2,41,0,0.0
2019-11-29 01:00:00+00:00,12,3,47,0,0.0
2019-11-29 01:00:00+00:00,13,1,34,0,0.0
2019-11-29 01:00:00+00:00,13,2,13,0,0.0
2019-11-29 01:00:00+00:00,13,3,34,0,0.0
2019-11-29 01:00:00+00:00,14,1,24,0,0.0
2019-11-29 01:00:00+00:00,14,2,30,0,0.0
2019-11-29 01:00:00+00:00,14,3,46,0,0.0
2019-11-29 01:00:00+00:00,15,1,18,0,0.0
2019-11-29 01:00:00+00:00,15,2,19,0,0.0
2019-11-29 01:00:00+00:00,16,1,57,1,34.000000000000064
2019-11-29 01:00:00+00:00,16,2,26,0,0.0
2019-11-29 01:00:00+00:00,16,3,30,0,0.0
2019-11-29 01:00:00+00:00,17,1,33,0,0.0
2019-11-29 01:00:00+00:00,17,2,23,0,0.0
2019-11-29 01:00:00+00:00,17,3,25,0,0.0
2019-11-29 01:00:00+00:00,18,1,18,0,0.0
2019-11-29 01:00:00+00:00,18,2,29,5,170.0000000000003
2019-11-29 01:00:00+00:00,18,3,22,0,0.0
2019-11-29 01:00:00+00:00,19,1,14,0,0.0
2019-11-29 01:00:00+00:00,19,2,11,0,0.0
2019-11-29 01:00:00+00:00,20,1,18,0,0.0
2019-11-29 01:00:00+00:00,20,2,8,0,0.0
2019-11-29 01:00:00+00:00,20,3,15,0,0.0
2019-11-29 01:00:00+00:00,21,1,54,0,0.0
2019-11-29 01:00:00+00:00,21,2,6,0,0.0
2019-11-29 01:00:00+00:00,21,3,28,0,0.0
2019-11-29 01:00:00+00:00,22,1,50,0,0.0
2019-11-29 01:00:00+00:00,22,2,38,0,0.0
2019-11-29 01:00:00+00:00,22,3,22,0,0.0
2019-11-29 01:00:00+00:00,23,1,15,0,0.0
2019-11-29 01:00:00+00:00,23,2,20,0,0.0
2019-11-29 01:00:00+00:00,23,3,35,0,0.0
2019-11-29 01:00:00+00:00,24,1,44,0,0.0
2019-11-29 01:00:00+00:00,24,2,35,0,0.0
2019-11-29 01:00:00+00:00,24,3,22,0,0.0
2019-11-29 01:00:00+00:00,25,1,33,0,0.0
2019-11-29 01:00:00+00:00,25,2,23,0,0.0
2019-11-29 01:00:00+00:00,25,3,29,0,0.0
2019-11-29 01:00:00+00:00,26,1,10,0,0.0
2019-11-29 01:00:00+00:00,26,2,32,5,170.0000000000003
2019-11-29 01:00:00+00:00,26,3,8,0,0.0
2019-11-29 01:00:00+00:00,27,1,24,0,0.0
2019-11-29 01:00:00+00:00,27,2,26,0,0.0
2019-11-29 01:00:00+00:00,27,3,27,1,34.000000000000064
2019-11-29 01:00:00+00:00,28,1,14,0,0.0
2019-11-29 01:00:00+00:00,28,2,22,0,0.0
2019-11-29 01:00:00+00:00,28,3,18,0,0.0
2019-11-29 01:00:00+00:00,29,1,27,0,0.0
2019-11-29 01:00:00+00:00,29,2,42,0,0.0
2019-11-29 01:00:00+00:00,29,3,29,0,0.0
2019-11-29 01:00:00+00:00,30,1,19,0,0.0
2019-11-29 01:00:00+00:00,30,2,35,0,0.0
2019-11-29 01:00:00+00:00,30,3,39,4,136.00000000000026
2019-11-29 01:00:00+00:00,31,1,27,0,0.0
2019-11-29 01:00:00+00:00,31,2,7,0,0.0
2019-11-29 01:00:00+00:00,31,3,24,0,0.0
2019-11-29 01:00:00+00:00,32,1,20,1,34.000000000000064
2019-11-29 01:00:00+00:00,32,3,4,0,0.0
2019-11-29 01:00:00+00:00,33,1,9,0,0.0
2019-11-29 01:00:00+00:00,33,2,15,0,0.0
2019-11-29 01:00:00+00:00,33,3,30,0,0.0
2019-11-29 02:00:00+00:00,0,1,51,0,0.0
2019-11-29 02:00:00+00:00,0,2,19,0,0.0
2019-11-29 02:00:00+00:00,0,3,27,0,0.0
2019-11-29 02:00:00+00:00,1,1,37,0,0.0
2019-11-29 02:00:00+00:00,1,2,33,0,0.0
2019-11-29 02:00:00+00:00,1,3,17,0,0.0
2019-11-29 02:00:00+00:00,2,1,37,0,0.0
2019-11-29 02:00:00+00:00,2,2,42,1,34.000000000000064
2019-11-29 02:00:00+00:00,2,3,24,0,0.0
2019-11-29 02:00:00+00:00,3,1,22,0,0.0
2019-11-29 02:00:00+00:00,3,2,8,1,34.000000000000064
2019-11-29 02:00:00+00:00,3,3,44,0,0.0
2019-11-29 02:00:00+00:00,4,1,35,0,0.0
2019-11-29 02:00:00+00:00,4,2,17,0,0.0
2019-11-29 02:00:00+00:00,4,3,47,0,0.0
2019-11-29 02:00:00+00:00,5,1,52,0,0.0
2019-11-29 02:00:00+00:00,5,2,51,0,0.0
2019-11-29 02:00:00+00:00,5,3,18,0,0.0
2019-11-29 02:00:00+00:00,6,1,7,0,0.0
2019-11-29 02:00:00+00:00,6,2,22,0,0.0
2019-11-29 02:00:00+00:00,6,3,24,1,34.000000000000064
2019-11-29 02:00:00+00:00,7,1,17,0,0.0
2019-11-29 02:00:00+00:00,7,2,28,0,0.0
2019-11-29 02:00:00+00:00,7,3,22,0,0.0
2019-11-29 02:00:00+00:00,8,1,23,0,0.0
2019-11-29 02:00:00+00:00,8,2,24,0,0.0
2019-11-29 02:00:00+00:00,8,3,24,0,0.0
2019-11-29 02:00:00+00:00,9,1,23,0,0.0
2019-11-29 02:00:00+00:00,9,2,30,0,0.0
2019-11-29 02:00:00+00:00,9,3,28,0,0.0
2019-11-29 02:00:00+00:00,10,1,27,0,0.0
2019-11-29 02:00:00+00:00,10,2,21,0,0.0
2019-11-29 02:00:00+00:00,10,3,26,0,0.0
2019-11-29 02:00:00+00:00,11,1,18,0,0.0
2019-11-29 02:00:00+00:00,11,2,77,0,0.0
2019-11-29 02:00:00+00:00,11,3,31,0,0.0
2019-11-29 02:00:00+00:00,12,1,25,0,0.0
2019-11-29 02:00:00+00:00,12,2,18,0,0.0
2019-11-29 02:00:00+00:00,12,3,32,0,0.0
2019-11-29 02:00:00+00:00,13,1,46,0,0.0
2019-11-29 02:00:00+00:00,13,2,38,0,0.0
2019-11-29 02:00:00+00:00,13,3,64,0,0.0
2019-11-29 02:00:00+00:00,14,1,12,0,0.0
2019-11-29 02:00:00+00:00,14,2,19,0,0.0
2019-11-29 02:00:00+00:00,14,3,27,0,0.0
2019-11-29 02:00:00+00:00,15,1,46,0,0.0
2019-11-29 02:00:00+00:00,15,2,36,0,0.0
2019-11-29 02:00:00+00:00,15,3,14,0,0.0
2019-11-29 02:00:00+00:00,16,1,47,0,0.0
2019-11-29 02:00:00+00:00,16,2,52,1,34.000000000000064
2019-11-29 02:00:00+00:00,16,3,2,0,0.0
2019-11-29 02:00:00+00:00,17,1,23,0,0.0
2019-11-29 02:00:00+00:00,17,2,29,0,0.0
2019-11-29 02:00:00+00:00,17,3,7,0,0.0
2019-11-29 02:00:00+00:00,18,1,19,0,0.0
2019-11-29 02:00:00+00:00,18,2,23,0,0.0
2019-11-29 02:00:00+00:00,18,3,54,0,0.0
2019-11-29 02:00:00+00:00,19,1,27,0,0.0
2019-11-29 02:00:00+00:00,19,2,19,0,0.0
2019-11-29 02:00:00+00:00,19,3,65,0,0.0
2019-11-29 02:00:00+00:00,20,1,32,0,0.0
2019-11-29 02:00:00+00:00,20,2,22,0,0.0
2019-11-29 02:00:00+00:00,20,3,47,1,34.000000000000064
2019-11-29 02:00:00+00:00,21,1,36,1,34.000000000000064
2019-11-29 02:00:00+00:00,21,2,53,0,0.0
2019-11-29 02:00:00+00:00,21,3,19,0,0.0
2019-11-29 02:00:00+00:00,22,1,50,0,0.0
2019-11-29 02:00:00+00:00,22,2,59,0,0.0
2019-11-29 02:00:00+00:00,22,3,8,0,0.0
2019-11-29 02:00:00+00:00,23,1,8,0,0.0
2019-11-29 02:00:00+00:00,23,2,11,0,0.0
2019-11-29 02:00:00+00:00,23,3,19,0,0.0
2019-11-29 02:00:00+00:00,24,1,19,0,0.0
2019-11-29 02:00:00+00:00,24,2,10,0,0.0
2019-11-29 02:00:00+00:00,24,3,64,0,0.0
2019-11-29 02:00:00+00:00,25,1,39,0,0.0
2019-11-29 02:00:00+00:00,25,2,51,4,136.00000000000026
2019-11-29 02:00:00+00:00,25,3,24,0,0.0
2019-11-29 02:00:00+00:00,26,1,63,1,34.000000000000064
2019-11-29 02:00:00+00:00,26,2,8,0,0.0
2019-11-29 02:00:00+00:00,26,3,9,0,0.0
2019-11-29 02:00:00+00:00,27,1,42,0,0.0
2019-11-29 02:00:00+00:00,27,2,30,0,0.0
2019-11-29 02:00:00+00:00,27,3,7,0,0.0
2019-11-29 02:00:00+00:00,28,1,21,0,0.0
2019-11-29 02:00:00+00:00,28,2,24,0,0.0
2019-11-29 02:00:00+00:00,28,3,32,0,0.0
2019-11-29 02:00:00+00:00,29,1,28,0,0.0
2019-11-29 02:00:00+00:00,29,2,25,0,0.0
2019-11-29 02:00:00+00:00,29,3,61,0,0.0
2019-11-29 02:00:00+00:00,30,1,43,1,34.000000000000064
2019-11-29 02:00:00+00:00,30,2,34,0,0.0
2019-11-29 02:00:00+00:00,30,3,44,0,0.0
2019-11-29 02:00:00+00:00,31,1,12,0,0.0
2019-11-29 02:00:00+00:00,31,2,50,0,0.0
2019-11-29 02:00:00+00:00,31,3,29,1,34.000000000000064
2019-11-29 02:00:00+00:00,32,1,34,0,0.0
2019-11-29 02:00:00+00:00,32,2,59,0,0.0
2019-11-29 02:00:00+00:00,32,3,59,0,0.0
2019-11-29 02:00:00+00:00,33,1,36,0,0.0
2019-11-29 02:00:00+00:00,33,2,16,0,0.0
2019-11-29 02:00:00+00:00,33,3,39,0,0.0
2019-11-29 03:00:00+00:00,0,1,49,0,0.0
2019-11-29 03:00:00+00:00,0,2,71,0,0.0
2019-11-29 03:00:00+00:00,0,3,35,0,0.0
2019-11-29 03:00:00+00:00,1,1,61,0,0.0
2019-11-29 03:00:00+00:00,1,2,41,0,0.0
2019-11-29 03:00:00+00:00,1,3,46,0,0.0
2019-11-29 03:00:00+00:00,2,1,63,0,0.0
2019-11-29 03:00:00+00:00,2,2,42,0,0.0
2019-11-29 03:00:00+00:00,2,3,33,0,0.0
2019-11-29 03:00:00+00:00,3,1,19,0,0.0
2019-11-29 03:00:00+00:00,3,2,31,0,0.0
2019-11-29 03:00:00+00:00,3,3,44,0,0.0
2019-11-29 03:00:00+00:00,4,1,38,0,0.0
2019-11-29 03:00:00+00:00,4,2,50,0,0.0
2019-11-29 03:00:00+00:00,4,3,87,1,34.000000000000064
2019-11-29 03:00:00+00:00,5,1,20,0,0.0
2019-11-29 03:00:00+00:00,5,2,68,0,0.0
2019-11-29 03:00:00+00:00,5,3,85,0,0.0
2019-11-29 03:00:00+00:00,6,1,75,0,0.0
2019-11-29 03:00:00+00:00,6,2,102,0,0.0
2019-11-29 03:00:00+00:00,6,3,38,0,0.0
2019-11-29 03:00:00+00:00,7,1,69,0,0.0
2019-11-29 03:00:00+00:00,7,2,59,0,0.0
2019-11-29 03:00:00+00:00,7,3,52,0,0.0
2019-11-29 03:00:00+00:00,8,1,20,1,34.000000000000064
2019-11-29 03:00:00+00:00,8,2,22,0,0.0
2019-11-29 03:00:00+00:00,8,3,26,0,0.0
2019-11-29 03:00:00+00:00,9,1,13,0,0.0
2019-11-29 03:00:00+00:00,9,2,58,0,0.0
2019-11-29 03:00:00+00:00,9,3,9,0,0.0
2019-11-29 03:00:00+00:00,10,1,53,0,0.0
2019-11-29 03:00:00+00:00,10,2,50,0,0.0
2019-11-29 03:00:00+00:00,10,3,81,0,0.0
2019-11-29 03:00:00+00:00,11,1,57,0,0.0
2019-11-29 03:00:00+00:00,11,2,47,0,0.0
2019-11-29 03:00:00+00:00,11,3,51,0,0.0
2019-11-29 03:00:00+00:00,12,1,78,0,0.0
2019-11-29 03:00:00+00:00,12,2,56,0,0.0
2019-11-29 03:00:00+00:00,12,3,55,0,0.0
2019-11-29 03:00:00+00:00,13,1,52,0,0.0
2019-11-29 03:00:00+00:00,13,2,21,0,0.0
2019-11-29 03:00:00+00:00,13,3,71,0,0.0
2019-11-29 03:00:00+00:00,14,1,41,0,0.0
2019-11-29 03:00:00+00:00,14,2,38,0,0.0
2019-11-29 03:00:00+00:00,14,3,43,0,0.0
2019-11-29 03:00:00+00:00,15,1,37,0,0.0
2019-11-29 03:00:00+00:00,15,2,46,0,0.0
2019-11-29 03:00:00+00:00,15,3,64,0,0.0
2019-11-29 03:00:00+00:00,16,1,25,0,0.0
2019-11-29 03:00:00+00:00,16,2,75,0,0.0
2019-11-29 03:00:00+00:00,16,3,46,1,34.000000000000064
2019-11-29 03:00:00+00:00,17,1,39,0,0.0
2019-11-29 03:00:00+00:00,17,2,75,0,0.0
2019-11-29 03:00:00+00:00,17,3,49,1,34.000000000000064
2019-11-29 03:00:00+00:00,18,1,53,0,0.0
2019-11-29 03:00:00+00:00,18,2,71,0,0.0
2019-11-29 03:00:00+00:00,18,3,23,0,0.0
2019-11-29 03:00:00+00:00,19,1,55,0,0.0
2019-11-29 03:00:00+00:00,19,2,30,0,0.0
2019-11-29 03:00:00+00:00,19,3,54,0,0.0
2019-11-29 03:00:00+00:00,20,1,98,0,0.0
2019-11-29 03:00:00+00:00,20,2,16,0,0.0
2019-11-29 03:00:00+00:00,20,3,36,0,0.0
2019-11-29 03:00:00+00:00,21,1,38,0,0.0
2019-11-29 03:00:00+00:00,21,2,39,0,0.0
2019-11-29 03:00:00+00:00,21,3,19,0,0.0
2019-11-29 03:00:00+00:00,22,1,55,0,0.0
2019-11-29 03:00:00+00:00,22,2,51,0,0.0
2019-11-29 03:00:00+00:00,22,3,66,0,0.0
2019-11-29 03:00:00+00:00,23,1,47,0,0.0
2019-11-29 03:00:00+00:00,23,2,66,0,0.0
2019-11-29 03:00:00+00:00,23,3,60,1,34.000000000000064
2019-11-29 03:00:00+00:00,24,1,53,0,0.0
2019-11-29 03:00:00+00:00,24,2,57,0,0.0
2019-11-29 03:00:00+00:00,24,3,96,0,0.0
2019-11-29 03:00:00+00:00,25,1,42,0,0.0
2019-11-29 03:00:00+00:00,25,2,79,0,0.0
2019-11-29 03:00:00+00:00,25,3,27,0,0.0
2019-11-29 03:00:00+00:00,26,1,14,0,0.0
2019-11-29 03:00:00+00:00,26,2,69,0,0.0
2019-11-29 03:00:00+00:00,26,3,42,0,0.0
2019-11-29 03:00:00+00:00,27,1,63,0,0.0
2019-11-29 03:00:00+00:00,27,2,57,1,34.000000000000064
2019-11-29 03:00:00+00:00,27,3,70,1,34.000000000000064
2019-11-29 03:00:00+00:00,28,1,55,0,0.0
2019-11-29 03:00:00+00:00,28,2,38,0,0.0
2019-11-29 03:00:00+00:00,28,3,39,0,0.0
2019-11-29 03:00:00+00:00,29,1,71,0,0.0
2019-11-29 03:00:00+00:00,29,2,37,0,0.0
2019-11-29 03:00:00+00:00,29,3,69,0,0.0
2019-11-29 03:00:00+00:00,30,1,16,0,0.0
2019-11-29 03:00:00+00:00,30,2,66,0,0.0
2019-11-29 03:00:00+00:00,30,3,73,0,0.0
2019-11-29 03:00:00+00:00,31,1,80,1,34.000000000000064
2019-11-29 03:00:00+00:00,31,2,27,1,34.000000000000064
2019-11-29 03:00:00+00:00,31,3,27,0,0.0
2019-11-29 03:00:00+00:00,32,1,54,0,0.0
2019-11-29 03:00:00+00:00,32,2,8,0,0.0
2019-11-29 03:00:00+00:00,32,3,47,0,0.0
2019-11-29 03:00:00+00:00,33,1,99,0,0.0
2019-11-29 03:00:00+00:00,33,2,40,0,0.0
2019-11-29 03:00:00+00:00,33,3,39,0,0.0
2019-11-29 04:00:00+00:00,0,1,27,0,0.0
2019-11-29 04:00:00+00:00,0,2,1,0,0.0
2019-11-29 04:00:00+00:00,0,3,15,0,0.0
2019-11-29 04:00:00+00:00,1,1,40,0,0.0
2019-11-29 04:00:00+00:00,1,2,19,0,0.0
2019-11-29 04:00:00+00:00,1,3,21,0,0.0
2019-11-29 04:00:00+00:00,2,1,36,0,0.0
2019-11-29 04:00:00+00:00,2,2,10,0,0.0
2019-11-29 04:00:00+00:00,2,3,22,0,0.0
2019-11-29 04:00:00+00:00,3,1,37,0,0.0
2019-11-29 04:00:00+00:00,3,2,6,0,0.0
2019-11-29 04:00:00+00:00,3,3,27,0,0.0
2019-11-29 04:00:00+00:00,4,1,27,0,0.0
2019-11-29 04:00:00+00:00,4,2,35,0,0.0
2019-11-29 04:00:00+00:00,4,3,33,0,0.0
2019-11-29 04:00:00+00:00,5,1,52,0,0.0
2019-11-29 04:00:00+00:00,5,2,37,0,0.0
2019-11-29 04:00:00+00:00,5,3,31,0,0.0
2019-11-29 04:00:00+00:00,6,1,31,1,34.000000000000064
2019-11-29 04:00:00+00:00,6,2,71,0,0.0
2019-11-29 04:00:00+00:00,6,3,33,0,0.0
2019-11-29 04:00:00+00:00,7,1,37,0,0.0
2019-11-29 04:00:00+00:00,7,2,32,0,0.0
2019-11-29 04:00:00+00:00,7,3,34,0,0.0
2019-11-29 04:00:00+00:00,8,1,9,0,0.0
2019-11-29 04:00:00+00:00,8,2,1,0,0.0
2019-11-29 04:00:00+00:00,8,3,17,0,0.0
2019-11-29 04:00:00+00:00,9,1,32,0,0.0
2019-11-29 04:00:00+00:00,9,2,45,0,0.0
2019-11-29 04:00:00+00:00,9,3,4,0,0.0
2019-11-29 04:00:00+00:00,10,1,22,0,0.0
2019-11-29 04:00:00+00:00,10,2,30,0,0.0
2019-11-29 04:00:00+00:00,10,3,31,0,0.0
2019-11-29 04:00:00+00:00,11,1,30,0,0.0
2019-11-29 04:00:00+00:00,11,2,29,0,0.0
2019-11-29 04:00:00+00:00,11,3,34,0,0.0
2019-11-29 04:00:00+00:00,12,1,8,0,0.0
2019-11-29 04:00:00+00:00,12,2,26,0,0.0
2019-11-29 04:00:00+00:00,12,3,29,0,0.0
2019-11-29 04:00:00+00:00,13,1,39,0,0.0
2019-11-29 04:00:00+00:00,13,2,7,0,0.0
2019-11-29 04:00:00+00:00,13,3,21,0,0.0
2019-11-29 04:00:00+00:00,14,1,39,0,0.0
2019-11-29 04:00:00+00:00,14,2,29,0,0.0
2019-11-29 04:00:00+00:00,14,3,15,0,0.0
2019-11-29 04:00:00+00:00,15,1,23,0,0.0
2019-11-29 04:00:00+00:00,15,2,18,0,0.0
2019-11-29 04:00:00+00:00,15,3,19,0,0.0
2019-11-29 04:00:00+00:00,16,1,19,0,0.0
2019-11-29 04:00:00+00:00,16,2,31,0,0.0
2019-11-29 04:00:00+00:00,16,3,27,0,0.0
2019-11-29 04:00:00+00:00,17,1,15,0,0.0
2019-11-29 04:00:00+00:00,17,2,45,0,0.0
2019-11-29 04:00:00+00:00,17,3,21,0,0.0
2019-11-29 04:00:00+00:00,18,1,48,0,0.0
2019-11-29 04:00:00+00:00,18,2,37,0,0.0
2019-11-29 04:00:00+00:00,18,3,16,0,0.0
2019-11-29 04:00:00+00:00,19,1,26,0,0.0
2019-11-29 04:00:00+00:00,19,2,12,0,0.0
2019-11-29 04:00:00+00:00,19,3,45,0,0.0
2019-11-29 04:00:00+00:00,20,1,32,0,0.0
2019-11-29 04:00:00+00:00,20,2,14,0,0.0
2019-11-29 04:00:00+00:00,20,3,22,0,0.0
2019-11-29 04:00:00+00:00,21,1,21,0,0.0
2019-11-29 04:00:00+00:00,21,2,10,0,0.0
2019-11-29 04:00:00+00:00,21,3,18,0,0.0
2019-11-29 04:00:00+00:00,22,1,24,0,0.0
2019-11-29 04:00:00+00:00,22,2,45,0,0.0
2019-11-29 04:00:00+00:00,22,3,35,0,0.0
2019-11-29 04:00:00+00:00,23,1,12,0,0.0
2019-11-29 04:00:00+00:00,23,2,61,0,0.0
2019-11-29 04:00:00+00:00,23,3,19,2,68.00000000000013
2019-11-29 04:00:00+00:00,24,1,21,0,0.0
2019-11-29 04:00:00+00:00,24,2,26,0,0.0
2019-11-29 04:00:00+00:00,24,3,9,0,0.0
2019-11-29 04:00:00+00:00,25,1,39,0,0.0
2019-11-29 04:00:00+00:00,25,2,31,0,0.0
2019-11-29 04:00:00+00:00,25,3,36,0,0.0
2019-11-29 04:00:00+00:00,26,1,22,0,0.0
2019-11-29 04:00:00+00:00,26,2,33,0,0.0
2019-11-29 04:00:00+00:00,26,3,49,0,0.0
2019-11-29 04:00:00+00:00,27,1,15,0,0.0
2019-11-29 04:00:00+00:00,27,2,26,1,34.000000000000064
2019-11-29 04:00:00+00:00,27,3,33,0,0.0
2019-11-29 04:00:00+00:00,28,1,33,0,0.0
2019-11-29 04:00:00+00:00,28,2,27,0,0.0
2019-11-29 04:00:00+00:00,28,3,34,0,0.0
2019-11-29 04:00:00+00:00,29,1,26,0,0.0
2019-11-29 04:00:00+00:00,29,2,21,0,0.0
2019-11-29 04:00:00+00:00,29,3,50,0,0.0
2019-11-29 04:00:00+00:00,30,1,25,0,0.0
2019-11-29 04:00:00+00:00,30,2,32,0,0.0
2019-11-29 04:00:00+00:00,30,3,52,0,0.0
2019-11-29 04:00:00+00:00,31,1,9,0,0.0
2019-11-29 04:00:00+00:00,31,2,17,0,0.0
2019-11-29 04:00:00+00:00,31,3,18,0,0.0
2019-11-29 04:00:00+00:00,32,1,17,0,0.0
2019-11-29 04:00:00+00:00,32,2,6,0,0.0
2019-11-29 04:00:00+00:00,32,3,24,0,0.0
2019-11-29 04:00:00+00:00,33,1,24,0,0.0
2019-11-29 04:00:00+00:00,33,2,46,0,0.0
2019-11-29 04:00:00+00:00,33,3,24,0,0.0
2019-11-29 05:00:00+00:00,0,1,17,0,0.0
2019-11-29 05:00:00+00:00,0,2,13,0,0.0
2019-11-29 05:00:00+00:00,0,3,17,0,0.0
2019-11-29 05:00:00+00:00,1,1,21,0,0.0
2019-11-29 05:00:00+00:00,1,2,14,0,0.0
2019-11-29 05:00:00+00:00,1,3,26,1,34.000000000000064
2019-11-29 05:00:00+00:00,2,1,26,1,34.000000000000064
2019-11-29 05:00:00+00:00,2,2,52,0,0.0
2019-11-29 05:00:00+00:00,2,3,66,0,0.0
2019-11-29 05:00:00+00:00,3,1,35,0,0.0
2019-11-29 05:00:00+00:00,3,2,29,0,0.0
2019-11-29 05:00:00+00:00,3,3,17,0,0.0
2019-11-29 05:00:00+00:00,4,1,1,0,0.0
2019-11-29 05:00:00+00:00,4,2,31,0,0.0
2019-11-29 05:00:00+00:00,4,3,16,0,0.0
2019-11-29 05:00:00+00:00,5,1,7,0,0.0
2019-11-29 05:00:00+00:00,5,2,29,0,0.0
2019-11-29 05:00:00+00:00,5,3,19,0,0.0
2019-11-29 05:00:00+00:00,6,2,5,0,0.0
2019-11-29 05:00:00+00:00,6,3,7,0,0.0
2019-11-29 05:00:00+00:00,7,1,4,0,0.0
2019-11-29 05:00:00+00:00,7,2,36,0,0.0
2019-11-29 05:00:00+00:00,7,3,37,0,0.0
2019-11-29 05:00:00+00:00,8,1,28,0,0.0
2019-11-29 05:00:00+00:00,8,2,8,0,0.0
2019-11-29 05:00:00+00:00,8,3,24,0,0.0
2019-11-29 05:00:00+00:00,9,1,36,0,0.0
2019-11-29 05:00:00+00:00,9,2,7,0,0.0
2019-11-29 05:00:00+00:00,9,3,13,0,0.0
2019-11-29 05:00:00+00:00,10,1,22,0,0.0
2019-11-29 05:00:00+00:00,10,2,19,0,0.0
2019-11-29 05:00:00+00:00,10,3,4,0,0.0
2019-11-29 05:00:00+00:00,11,1,29,0,0.0
2019-11-29 05:00:00+00:00,11,2,23,0,0.0
2019-11-29 05:00:00+00:00,11,3,44,3,102.0000000000002
2019-11-29 05:00:00+00:00,12,1,5,0,0.0
2019-11-29 05:00:00+00:00,12,2,49,0,0.0
2019-11-29 05:00:00+00:00,12,3,24,0,0.0
2019-11-29 05:00:00+00:00,13,1,12,0,0.0
2019-11-29 05:00:00+00:00,13,2,6,0,0.0
2019-11-29 05:00:00+00:00,13,3,26,0,0.0
2019-11-29 05:00:00+00:00,14,1,52,1,34.000000000000064
2019-11-29 05:00:00+00:00,14,2,12,0,0.0
2019-11-29 05:00:00+00:00,14,3,31,0,0.0
2019-11-29 05:00:00+00:00,15,1,6,0,0.0
2019-11-29 05:00:00+00:00,15,2,26,0,0.0
2019-11-29 05:00:00+00:00,15,3,25,0,0.0
2019-11-29 05:00:00+00:00,16,1,55,0,0.0
2019-11-29 05:00:00+00:00,16,2,17,0,0.0
2019-11-29 05:00:00+00:00,16,3,27,0,0.0
2019-11-29 05:00:00+00:00,17,1,17,0,0.0
2019-11-29 05:00:00+00:00,17,2,18,0,0.0
2019-11-29 05:00:00+00:00,17,3,3,0,0.0
2019-11-29 05:00:00+00:00,18,1,47,0,0.0
2019-11-29 05:00:00+00:00,18,2,8,0,0.0
2019-11-29 05:00:00+00:00,18,3,28,0,0.0
2019-11-29 05:00:00+00:00,19,1,19,0,0.0
2019-11-29 05:00:00+00:00,19,2,10,0,0.0
2019-11-29 05:00:00+00:00,19,3,19,0,0.0
2019-11-29 05:00:00+00:00,20,1,15,0,0.0
2019-11-29 05:00:00+00:00,20,2,42,0,0.0
2019-11-29 05:00:00+00:00,20,3,42,0,0.0
2019-11-29 05:00:00+00:00,21,1,30,0,0.0
2019-11-29 05:00:00+00:00,21,2,22,1,34.000000000000064
2019-11-29 05:00:00+00:00,21,3,9,0,0.0
2019-11-29 05:00:00+00:00,22,1,33,1,34.000000000000064
2019-11-29 05:00:00+00:00,22,2,22,0,0.0
2019-11-29 05:00:00+00:00,22,3,20,0,0.0
2019-11-29 05:00:00+00:00,23,1,5,0,0.0
2019-11-29 05:00:00+00:00,23,2,27,0,0.0
2019-11-29 05:00:00+00:00,23,3,34,0,0.0
2019-11-29 05:00:00+00:00,24,1,26,0,0.0
2019-11-29 05:00:00+00:00,24,2,27,0,0.0
2019-11-29 05:00:00+00:00,24,3,3,0,0.0
2019-11-29 05:00:00+00:00,25,1,14,0,0.0
2019-11-29 05:00:00+00:00,25,2,29,0,0.0
2019-11-29 05:00:00+00:00,25,3,28,0,0.0
2019-11-29 05:00:00+00:00,26,1,8,0,0.0
2019-11-29 05:00:00+00:00,26,2,23,0,0.0
2019-11-29 05:00:00+00:00,26,3,14,0,0.0
2019-11-29 05:00:00+00:00,27,1,52,0,0.0
2019-11-29 05:00:00+00:00,27,2,44,0,0.0
2019-11-29 05:00:00+00:00,27,3,19,1,34.000000000000064
2019-11-29 05:00:00+00:00,28,1,2,0,0.0
2019-11-29 05:00:00+00:00,28,2,10,0,0.0
2019-11-29 05:00:00+00:00,28,3,32,0,0.0
2019-11-29 05:00:00+00:00,29,1,34,0,0.0
2019-11-29 05:00:00+00:00,29,2,15,0,0.0
2019-11-29 05:00:00+00:00,29,3,36,0,0.0
2019-11-29 05:00:00+00:00,30,1,44,1,34.000000000000064
2019-11-29 05:00:00+00:00,30,2,34,0,0.0
2019-11-29 05:00:00+00:00,30,3,22,0,0.0
2019-11-29 05:00:00+00:00,31,1,27,0,0.0
2019-11-29 05:00:00+00:00,31,2,4,0,0.0
2019-11-29 05:00:00+00:00,31,3,1,0,0.0
2019-11-29 05:00:00+00:00,32,1,20,0,0.0
2019-11-29 05:00:00+00:00,32,2,17,0,0.0
2019-11-29 05:00:00+00:00,32,3,12,0,0.0
2019-11-29 05:00:00+00:00,33,1,12,0,0.0
2019-11-29 05:00:00+00:00,33,2,33,0,0.0
2019-11-29 05:00:00+00:00,33,3,17,0,0.0
2019-11-29 06:00:00+00:00,0,1,32,0,0.0
2019-11-29 06:00:00+00:00,0,2,25,0,0.0
2019-11-29 06:00:00+00:00,0,3,29,1,34.000000000000064
2019-11-29 06:00:00+00:00,1,1,12,0,0.0
2019-11-29 06:00:00+00:00,1,2,21,0,0.0
2019-11-29 06:00:00+00:00,1,3,32,0,0.0
2019-11-29 06:00:00+00:00,2,1,25,0,0.0
2019-11-29 06:00:00+00:00,2,2,7,0,0.0
2019-11-29 06:00:00+00:00,2,3,9,0,0.0
2019-11-29 06:00:00+00:00,3,1,2,0,0.0
2019-11-29 06:00:00+00:00,3,2,34,0,0.0
2019-11-29 06:00:00+00:00,3,3,14,0,0.0
2019-11-29 06:00:00+00:00,4,1,12,0,0.0
2019-11-29 06:00:00+00:00,4,2,16,0,0.0
2019-11-29 06:00:00+00:00,4,3,28,0,0.0
2019-11-29 06:00:00+00:00,5,1,8,0,0.0
2019-11-29 06:00:00+00:00,5,2,26,0,0.0
2019-11-29 06:00:00+00:00,5,3,21,0,0.0
2019-11-29 06:00:00+00:00,6,1,25,0,0.0
2019-11-29 06:00:00+00:00,6,2,7,0,0.0
2019-11-29 06:00:00+00:00,6,3,15,0,0.0
2019-11-29 06:00:00+00:00,7,1,23,0,0.0
2019-11-29 06:00:00+00:00,7,2,22,0,0.0
2019-11-29 06:00:00+00:00,7,3,17,0,0.0
2019-11-29 06:00:00+00:00,8,1,19,0,0.0
2019-11-29 06:00:00+00:00,8,2,47,0,0.0
2019-11-29 06:00:00+00:00,8,3,33,0,0.0
2019-11-29 06:00:00+00:00,9,1,5,0,0.0
2019-11-29 06:00:00+00:00,9,2,22,0,0.0
2019-11-29 06:00:00+00:00,9,3,32,0,0.0
2019-11-29 06:00:00+00:00,10,1,13,0,0.0
2019-11-29 06:00:00+00:00,10,2,20,0,0.0
2019-11-29 06:00:00+00:00,10,3,28,1,34.000000000000064
2019-11-29 06:00:00+00:00,11,1,37,0,0.0
2019-11-29 06:00:00+00:00,11,2,19,0,0.0
2019-11-29 06:00:00+00:00,11,3,21,0,0.0
2019-11-29 06:00:00+00:00,12,1,54,0,0.0
2019-11-29 06:00:00+00:00,12,2,7,0,0.0
2019-11-29 06:00:00+00:00,12,3,12,0,0.0
2019-11-29 06:00:00+00:00,13,1,45,1,34.000000000000064
2019-11-29 06:00:00+00:00,13,2,49,0,0.0
2019-11-29 06:00:00+00:00,13,3,30,0,0.0
2019-11-29 06:00:00+00:00,14,1,37,1,34.000000000000064
2019-11-29 06:00:00+00:00,14,2,46,1,34.000000000000064
2019-11-29 06:00:00+00:00,14,3,33,0,0.0
2019-11-29 06:00:00+00:00,15,1,28,0,0.0
2019-11-29 06:00:00+00:00,15,2,25,0,0.0
2019-11-29 06:00:00+00:00,15,3,22,0,0.0
2019-11-29 06:00:00+00:00,16,1,27,0,0.0
2019-11-29 06:00:00+00:00,16,2,10,0,0.0
2019-11-29 06:00:00+00:00,16,3,47,0,0.0
2019-11-29 06:00:00+00:00,17,1,19,0,0.0
2019-11-29 06:00:00+00:00,17,2,30,0,0.0
2019-11-29 06:00:00+00:00,17,3,8,0,0.0
2019-11-29 06:00:00+00:00,18,1,20,0,0.0
2019-11-29 06:00:00+00:00,18,2,6,0,0.0
2019-11-29 06:00:00+00:00,18,3,7,0,0.0
2019-11-29 06:00:00+00:00,19,1,20,0,0.0
2019-11-29 06:00:00+00:00,19,2,26,0,0.0
2019-11-29 06:00:00+00:00,19,3,57,6,204.0000000000004
2019-11-29 06:00:00+00:00,20,1,30,0,0.0
2019-11-29 06:00:00+00:00,20,2,29,0,0.0
2019-11-29 06:00:00+00:00,20,3,47,0,0.0
2019-11-29 06:00:00+00:00,21,1,37,0,0.0
2019-11-29 06:00:00+00:00,21,2,34,0,0.0
2019-11-29 06:00:00+00:00,21,3,1,0,0.0
2019-11-29 06:00:00+00:00,22,1,20,0,0.0
2019-11-29 06:00:00+00:00,22,2,73,0,0.0
2019-11-29 06:00:00+00:00,22,3,43,0,0.0
2019-11-29 06:00:00+00:00,23,1,72,2,68.00000000000013
2019-11-29 06:00:00+00:00,23,2,6,0,0.0
2019-11-29 06:00:00+00:00,23,3,29,0,0.0
2019-11-29 06:00:00+00:00,24,1,15,0,0.0
2019-11-29 06:00:00+00:00,24,2,23,0,0.0
2019-11-29 06:00:00+00:00,24,3,11,0,0.0
2019-11-29 06:00:00+00:00,25,1,17,0,0.0
2019-11-29 06:00:00+00:00,25,2,8,0,0.0
2019-11-29 06:00:00+00:00,25,3,49,0,0.0
2019-11-29 06:00:00+00:00,26,1,30,0,0.0
2019-11-29 06:00:00+00:00,26,2,20,0,0.0
2019-11-29 06:00:00+00:00,26,3,24,0,0.0
2019-11-29 06:00:00+00:00,27,1,55,1,34.000000000000064
2019-11-29 06:00:00+00:00,27,2,54,0,0.0
2019-11-29 06:00:00+00:00,27,3,52,0,0.0
2019-11-29 06:00:00+00:00,28,1,31,0,0.0
2019-11-29 06:00:00+00:00,28,2,54,1,34.000000000000064
2019-11-29 06:00:00+00:00,28,3,33,0,0.0
2019-11-29 06:00:00+00:00,29,1,28,0,0.0
2019-11-29 06:00:00+00:00,29,2,36,0,0.0
2019-11-29 06:00:00+00:00,29,3,8,0,0.0
2019-11-29 06:00:00+00:00,30,1,2,0,0.0
2019-11-29 06:00:00+00:00,30,2,14,0,0.0
2019-11-29 06:00:00+00:00,30,3,20,0,0.0
2019-11-29 06:00:00+00:00,31,1,15,0,0.0
2019-11-29 06:00:00+00:00,31,2,21,0,0.0
2019-11-29 06:00:00+00:00,31,3,42,0,0.0
2019-11-29 06:00:00+00:00,32,1,8,0,0.0
2019-11-29 06:00:00+00:00,32,2,28,0,0.0
2019-11-29 06:00:00+00:00,32,3,7,0,0.0
2019-11-29 06:00:00+00:00,33,1,52,0,0.0
2019-11-29 06:00:00+00:00,33,2,11,0,0.0
2019-11-29 06:00:00+00:00,33,3,15,0,0.0
2019-11-29 07:00:00+00:00,0,1,31,0,0.0
2019-11-29 07:00:00+00:00,0,2,20,0,0.0
2019-11-29 07:00:00+00:00,0,3,30,0,0.0
2019-11-29 07:00:00+00:00,1,1,51,1,34.000000000000064
2019-11-29 07:00:00+00:00,1,2,32,0,0.0
2019-11-29 07:00:00+00:00,1,3,34,0,0.0
2019-11-29 07:00:00+00:00,2,1,26,0,0.0
2019-11-29 07:00:00+00:00,2,2,21,0,0.0
2019-11-29 07:00:00+00:00,2,3,14,0,0.0
2019-11-29 07:00:00+00:00,3,1,36,0,0.0
2019-11-29 07:00:00+00:00,3,2,30,1,34.000000000000064
2019-11-29 07:00:00+00:00,3,3,1,0,0.0
2019-11-29 07:00:00+00:00,4,1,13,0,0.0
2019-11-29 07:00:00+00:00,4,2,32,0,0.0
2019-11-29 07:00:00+00:00,4,3,24,0,0.0
2019-11-29 07:00:00+00:00,5,1,14,0,0.0
2019-11-29 07:00:00+00:00,5,2,28,0,0.0
2019-11-29 07:00:00+00:00,5,3,21,0,0.0
2019-11-29 07:00:00+00:00,6,1,2,0,0.0
2019-11-29 07:00:00+00:00,6,2,26,0,0.0
2019-11-29 07:00:00+00:00,6,3,5,0,0.0
2019-11-29 07:00:00+00:00,7,1,25,0,0.0
2019-11-29 07:00:00+00:00,7,2,17,0,0.0
2019-11-29 07:00:00+00:00,7,3,28,0,0.0
2019-11-29 07:00:00+00:00,8,1,44,0,0.0
2019-11-29 07:00:00+00:00,8,2,27,0,0.0
2019-11-29 07:00:00+00:00,8,3,34,0,0.0
2019-11-29 07:00:00+00:00,9,1,13,0,0.0
2019-11-29 07:00:00+00:00,9,2,43,1,34.000000000000064
2019-11-29 07:00:00+00:00,9,3,31,0,0.0
2019-11-29 07:00:00+00:00,10,1,17,0,0.0
2019-11-29 07:00:00+00:00,10,2,22,0,0.0
2019-11-29 07:00:00+00:00,10,3,42,1,34.000000000000064
2019-11-29 07:00:00+00:00,11,1,43,1,34.000000000000064
2019-11-29 07:00:00+00:00,11,2,16,0,0.0
2019-11-29 07:00:00+00:00,11,3,40,0,0.0
2019-11-29 07:00:00+00:00,12,1,27,0,0.0
2019-11-29 07:00:00+00:00,12,3,18,0,0.0
2019-11-29 07:00:00+00:00,13,1,12,0,0.0
2019-11-29 07:00:00+00:00,13,2,32,0,0.0
2019-11-29 07:00:00+00:00,13,3,5,0,0.0
2019-11-29 07:00:00+00:00,14,1,36,0,0.0
2019-11-29 07:00:00+00:00,14,2,16,0,0.0
2019-11-29 07:00:00+00:00,14,3,28,0,0.0
2019-11-29 07:00:00+00:00,15,1,13,0,0.0
2019-11-29 07:00:00+00:00,15,2,27,0,0.0
2019-11-29 07:00:00+00:00,15,3,28,0,0.0
2019-11-29 07:00:00+00:00,16,1,26,0,0.0
2019-11-29 07:00:00+00:00,16,2,6,0,0.0
2019-11-29 07:00:00+00:00,16,3,32,0,0.0
2019-11-29 07:00:00+00:00,17,1,67,0,0.0
2019-11-29 07:00:00+00:00,17,2,27,0,0.0
2019-11-29 07:00:00+00:00,18,1,9,0,0.0
2019-11-29 07:00:00+00:00,18,2,43,0,0.0
2019-11-29 07:00:00+00:00,18,3,11,0,0.0
2019-11-29 07:00:00+00:00,19,1,18,0,0.0
2019-11-29 07:00:00+00:00,19,2,31,0,0.0
2019-11-29 07:00:00+00:00,19,3,32,1,34.000000000000064
2019-11-29 07:00:00+00:00,20,1,16,0,0.0
2019-11-29 07:00:00+00:00,20,2,39,0,0.0
2019-11-29 07:00:00+00:00,20,3,38,0,0.0
2019-11-29 07:00:00+00:00,21,1,16,0,0.0
2019-11-29 07:00:00+00:00,21,2,10,0,0.0
2019-11-29 07:00:00+00:00,21,3,46,0,0.0
2019-11-29 07:00:00+00:00,22,1,14,0,0.0
2019-11-29 07:00:00+00:00,22,2,4,0,0.0
2019-11-29 07:00:00+00:00,22,3,19,0,0.0
2019-11-29 07:00:00+00:00,23,1,15,1,34.000000000000064
2019-11-29 07:00:00+00:00,23,2,15,0,0.0
2019-11-29 07:00:00+00:00,23,3,18,0,0.0
2019-11-29 07:00:00+00:00,24,1,15,0,0.0
2019-11-29 07:00:00+00:00,24,2,36,0,0.0
2019-11-29 07:00:00+00:00,24,3,16,0,0.0
2019-11-29 07:00:00+00:00,25,1,37,0,0.0
2019-11-29 07:00:00+00:00,25,2,28,0,0.0
2019-11-29 07:00:00+00:00,25,3,14,0,0.0
2019-11-29 07:00:00+00:00,26,1,20,0,0.0
2019-11-29 07:00:00+00:00,26,2,10,0,0.0
2019-11-29 07:00:00+00:00,26,3,13,0,0.0
2019-11-29 07:00:00+00:00,27,1,10,0,0.0
2019-11-29 07:00:00+00:00,27,2,17,0,0.0
2019-11-29 07:00:00+00:00,27,3,21,0,0.0
2019-11-29 07:00:00+00:00,28,1,9,0,0.0
2019-11-29 07:00:00+00:00,28,2,22,0,0.0
2019-11-29 07:00:00+00:00,28,3,16,0,0.0
2019-11-29 07:00:00+00:00,29,1,2,0,0.0
2019-11-29 07:00:00+00:00,29,2,11,0,0.0
2019-11-29 07:00:00+00:00,29,3,26,0,0.0
2019-11-29 07:00:00+00:00,30,1,10,0,0.0
2019-11-29 07:00:00+00:00,30,3,28,0,0.0
2019-11-29 07:00:00+00:00,31,1,13,0,0.0
2019-11-29 07:00:00+00:00,31,2,41,1,34.000000000000064
2019-11-29 07:00:00+00:00,31,3,7,0,0.0
2019-11-29 07:00:00+00:00,32,1,27,0,0.0
2019-11-29 07:00:00+00:00,32,2,2,0,0.0
2019-11-29 07:00:00+00:00,32,3,2,0,0.0
2019-11-29 07:00:00+00:00,33,1,22,0,0.0
2019-11-29 07:00:00+00:00,33,2,17,0,0.0
2019-11-29 07:00:00+00:00,33,3,26,0,0.0
2019-11-29 08:00:00+00:00,0,1,42,2,68.00000000000013
2019-11-29 08:00:00+00:00,0,2,29,0,0.0
2019-11-29 08:00:00+00:00,0,3,18,0,0.0
2019-11-29 08:00:00+00:00,1,1,35,0,0.0
2019-11-29 08:00:00+00:00,1,2,19,0,0.0
2019-11-29 08:00:00+00:00,1,3,22,0,0.0
2019-11-29 08:00:00+00:00,2,1,33,0,0.0
2019-11-29 08:00:00+00:00,2,2,19,0,0.0
2019-11-29 08:00:00+00:00,2,3,18,0,0.0
2019-11-29 08:00:00+00:00,3,1,14,0,0.0
2019-11-29 08:00:00+00:00,3,2,34,0,0.0
2019-11-29 08:00:00+00:00,3,3,25,0,0.0
2019-11-29 08:00:00+00:00,4,1,32,0,0.0
2019-11-29 08:00:00+00:00,4,2,7,0,0.0
2019-11-29 08:00:00+00:00,4,3,31,0,0.0
2019-11-29 08:00:00+00:00,5,1,14,0,0.0
2019-11-29 08:00:00+00:00,5,2,22,0,0.0
2019-11-29 08:00:00+00:00,6,1,48,0,0.0
2019-11-29 08:00:00+00:00,6,2,35,0,0.0
2019-11-29 08:00:00+00:00,6,3,8,0,0.0
2019-11-29 08:00:00+00:00,7,1,21,0,0.0
2019-11-29 08:00:00+00:00,7,2,46,0,0.0
2019-11-29 08:00:00+00:00,7,3,11,0,0.0
2019-11-29 08:00:00+00:00,8,1,8,0,0.0
2019-11-29 08:00:00+00:00,8,2,21,0,0.0
2019-11-29 08:00:00+00:00,8,3,14,0,0.0
2019-11-29 08:00:00+00:00,9,1,22,0,0.0
2019-11-29 08:00:00+00:00,9,2,26,0,0.0
2019-11-29 08:00:00+00:00,9,3,17,0,0.0
2019-11-29 08:00:00+00:00,10,1,28,0,0.0
2019-11-29 08:00:00+00:00,10,2,15,0,0.0
2019-11-29 08:00:00+00:00,10,3,25,2,68.00000000000013
2019-11-29 08:00:00+00:00,11,1,15,0,0.0
2019-11-29 08:00:00+00:00,11,2,29,0,0.0
2019-11-29 08:00:00+00:00,11,3,46,0,0.0
2019-11-29 08:00:00+00:00,12,1,10,0,0.0
2019-11-29 08:00:00+00:00,12,2,27,0,0.0
2019-11-29 08:00:00+00:00,12,3,38,0,0.0
2019-11-29 08:00:00+00:00,13,1,23,2,68.00000000000013
2019-11-29 08:00:00+00:00,13,2,10,0,0.0
2019-11-29 08:00:00+00:00,13,3,19,0,0.0
2019-11-29 08:00:00+00:00,14,1,16,0,0.0
2019-11-29 08:00:00+00:00,14,2,28,0,0.0
2019-11-29 08:00:00+00:00,14,3,40,0,0.0
2019-11-29 08:00:00+00:00,15,1,21,0,0.0
2019-11-29 08:00:00+00:00,15,2,16,0,0.0
2019-11-29 08:00:00+00:00,15,3,31,0,0.0
2019-11-29 08:00:00+00:00,16,1,19,0,0.0
2019-11-29 08:00:00+00:00,16,2,34,0,0.0
2019-11-29 08:00:00+00:00,16,3,28,0,0.0
2019-11-29 08:00:00+00:00,17,1,13,0,0.0
2019-11-29 08:00:00+00:00,17,2,34,0,0.0
2019-11-29 08:00:00+00:00,17,3,40,0,0.0
2019-11-29 08:00:00+00:00,18,1,30,0,0.0
2019-11-29 08:00:00+00:00,18,2,24,0,0.0
2019-11-29 08:00:00+00:00,18,3,8,0,0.0
2019-11-29 08:00:00+00:00,19,2,36,0,0.0
2019-11-29 08:00:00+00:00,19,3,35,0,0.0
2019-11-29 08:00:00+00:00,20,1,34,0,0.0
2019-11-29 08:00:00+00:00,20,2,19,0,0.0
2019-11-29 08:00:00+00:00,20,3,19,0,0.0
2019-11-29 08:00:00+00:00,21,1,9,0,0.0
2019-11-29 08:00:00+00:00,21,2,16,0,0.0
2019-11-29 08:00:00+00:00,21,3,17,0,0.0
2019-11-29 08:00:00+00:00,22,1,13,0,0.0
2019-11-29 08:00:00+00:00,22,2,16,0,0.0
2019-11-29 08:00:00+00:00,22,3,14,0,0.0
2019-11-29 08:00:00+00:00,23,1,50,0,0.0
2019-11-29 08:00:00+00:00,23,2,7,0,0.0
2019-11-29 08:00:00+00:00,23,3,34,0,0.0
2019-11-29 08:00:00+00:00,24,1,29,0,0.0
2019-11-29 08:00:00+00:00,24,2,1,0,0.0
2019-11-29 08:00:00+00:00,24,3,15,0,0.0
2019-11-29 08:00:00+00:00,25,1,26,0,0.0
2019-11-29 08:00:00+00:00,25,2,30,0,0.0
2019-11-29 08:00:00+00:00,25,3,5,0,0.0
2019-11-29 08:00:00+00:00,26,1,37,0,0.0
2019-11-29 08:00:00+00:00,26,2,14,0,0.0
2019-11-29 08:00:00+00:00,26,3,22,0,0.0
2019-11-29 08:00:00+00:00,27,1,4,0,0.0
2019-11-29 08:00:00+00:00,27,2,38,0,0.0
2019-11-29 08:00:00+00:00,27,3,36,0,0.0
2019-11-29 08:00:00+00:00,28,1,21,0,0.0
2019-11-29 08:00:00+00:00,28,2,26,0,0.0
2019-11-29 08:00:00+00:00,28,3,26,0,0.0
2019-11-29 08:00:00+00:00,29,1,41,0,0.0
2019-11-29 08:00:00+00:00,29,2,51,0,0.0
2019-11-29 08:00:00+00:00,29,3,32,0,0.0
2019-11-29 08:00:00+00:00,30,1,15,0,0.0
2019-11-29 08:00:00+00:00,30,2,17,0,0.0
2019-11-29 08:00:00+00:00,30,3,39,0,0.0
2019-11-29 08:00:00+00:00,31,1,55,0,0.0
2019-11-29 08:00:00+00:00,31,2,40,0,0.0
2019-11-29 08:00:00+00:00,31,3,42,0,0.0
2019-11-29 08:00:00+00:00,32,1,30,0,0.0
2019-11-29 08:00:00+00:00,32,2,33,0,0.0
2019-11-29 08:00:00+00:00,32,3,34,0,0.0
2019-11-29 08:00:00+00:00,33,1,27,0,0.0
2019-11-29 08:00:00+00:00,33,2,17,0,0.0
2019-11-29 08:00:00+00:00,33,3,26,1,34.000000000000064
2019-11-29 09:00:00+00:00,0,1,8,0,0.0
2019-11-29 09:00:00+00:00,0,2,16,0,0.0
2019-11-29 09:00:00+00:00,0,3,38,0,0.0
2019-11-29 09:00:00+00:00,1,1,7,0,0.0
2019-11-29 09:00:00+00:00,1,2,33,0,0.0
2019-11-29 09:00:00+00:00,1,3,26,0,0.0
2019-11-29 09:00:00+00:00,2,1,60,0,0.0
2019-11-29 09:00:00+00:00,2,2,18,0,0.0
2019-11-29 09:00:00+00:00,2,3,42,0,0.0
2019-11-29 09:00:00+00:00,3,1,21,0,0.0
2019-11-29 09:00:00+00:00,3,2,20,0,0.0
2019-11-29 09:00:00+00:00,3,3,29,0,0.0
2019-11-29 09:00:00+00:00,4,1,28,0,0.0
2019-11-29 09:00:00+00:00,4,2,42,0,0.0
2019-11-29 09:00:00+00:00,4,3,21,0,0.0
2019-11-29 09:00:00+00:00,5,1,37,0,0.0
2019-11-29 09:00:00+00:00,5,2,29,0,0.0
2019-11-29 09:00:00+00:00,5,3,53,0,0.0
2019-11-29 09:00:00+00:00,6,1,14,0,0.0
2019-11-29 09:00:00+00:00,6,2,22,0,0.0
2019-11-29 09:00:00+00:00,6,3,15,0,0.0
2019-11-29 09:00:00+00:00,7,1,10,0,0.0
2019-11-29 09:00:00+00:00,7,2,34,1,34.000000000000064
2019-11-29 09:00:00+00:00,7,3,25,2,68.00000000000013
2019-11-29 09:00:00+00:00,8,1,6,0,0.0
2019-11-29 09:00:00+00:00,8,2,27,0,0.0
2019-11-29 09:00:00+00:00,8,3,13,0,0.0
2019-11-29 09:00:00+00:00,9,1,6,0,0.0
2019-11-29 09:00:00+00:00,9,2,17,0,0.0
2019-11-29 09:00:00+00:00,9,3,21,0,0.0
2019-11-29 09:00:00+00:00,10,1,13,0,0.0
2019-11-29 09:00:00+00:00,10,2,30,0,0.0
2019-11-29 09:00:00+00:00,10,3,24,0,0.0
2019-11-29 09:00:00+00:00,11,1,35,0,0.0
2019-11-29 09:00:00+00:00,11,2,25,0,0.0
2019-11-29 09:00:00+00:00,11,3,5,0,0.0
2019-11-29 09:00:00+00:00,12,1,33,0,0.0
2019-11-29 09:00:00+00:00,12,2,13,0,0.0
2019-11-29 09:00:00+00:00,12,3,40,0,0.0
2019-11-29 09:00:00+00:00,13,1,47,0,0.0
2019-11-29 09:00:00+00:00,13,2,55,0,0.0
2019-11-29 09:00:00+00:00,13,3,22,0,0.0
2019-11-29 09:00:00+00:00,14,1,37,0,0.0
2019-11-29 09:00:00+00:00,14,2,13,0,0.0
2019-11-29 09:00:00+00:00,14,3,55,0,0.0
2019-11-29 09:00:00+00:00,15,1,48,0,0.0
2019-11-29 09:00:00+00:00,15,2,35,0,0.0
2019-11-29 09:00:00+00:00,15,3,28,0,0.0
2019-11-29 09:00:00+00:00,16,1,13,0,0.0
2019-11-29 09:00:00+00:00,16,2,14,0,0.0
2019-11-29 09:00:00+00:00,16,3,17,0,0.0
2019-11-29 09:00:00+00:00,17,1,47,0,0.0
2019-11-29 09:00:00+00:00,17,2,25,0,0.0
2019-11-29 09:00:00+00:00,17,3,24,0,0.0
2019-11-29 09:00:00+00:00,18,1,1,0,0.0
2019-11-29 09:00:00+00:00,18,2,39,1,34.000000000000064
2019-11-29 09:00:00+00:00,18,3,12,0,0.0
2019-11-29 09:00:00+00:00,19,1,12,0,0.0
2019-11-29 09:00:00+00:00,19,2,27,0,0.0
2019-11-29 09:00:00+00:00,19,3,42,0,0.0
2019-11-29 09:00:00+00:00,20,1,24,0,0.0
2019-11-29 09:00:00+00:00,20,2,19,0,0.0
2019-11-29 09:00:00+00:00,20,3,14,0,0.0
2019-11-29 09:00:00+00:00,21,1,11,0,0.0
2019-11-29 09:00:00+00:00,21,2,6,0,0.0
2019-11-29 09:00:00+00:00,21,3,25,0,0.0
2019-11-29 09:00:00+00:00,22,1,31,0,0.0
2019-11-29 09:00:00+00:00,22,2,30,0,0.0
2019-11-29 09:00:00+00:00,22,3,55,0,0.0
2019-11-29 09:00:00+00:00,23,1,24,0,0.0
2019-11-29 09:00:00+00:00,23,2,28,0,0.0
2019-11-29 09:00:00+00:00,23,3,34,0,0.0
2019-11-29 09:00:00+00:00,24,1,14,0,0.0
2019-11-29 09:00:00+00:00,24,3,23,0,0.0
2019-11-29 09:00:00+00:00,25,1,28,0,0.0
2019-11-29 09:00:00+00:00,25,2,18,0,0.0
2019-11-29 09:00:00+00:00,25,3,30,0,0.0
2019-11-29 09:00:00+00:00,26,1,38,0,0.0
2019-11-29 09:00:00+00:00,26,2,40,0,0.0
2019-11-29 09:00:00+00:00,26,3,39,2,68.00000000000013
2019-11-29 09:00:00+00:00,27,1,58,0,0.0
2019-11-29 09:00:00+00:00,27,2,39,0,0.0
2019-11-29 09:00:00+00:00,27,3,11,0,0.0
2019-11-29 09:00:00+00:00,28,1,23,0,0.0
2019-11-29 09:00:00+00:00,28,2,28,0,0.0
2019-11-29 09:00:00+00:00,28,3,17,0,0.0
2019-11-29 09:00:00+00:00,29,1,21,0,0.0
2019-11-29 09:00:00+00:00,29,2,38,0,0.0
2019-11-29 09:00:00+00:00,29,3,21,0,0.0
2019-11-29 09:00:00+00:00,30,1,40,2,68.00000000000013
2019-11-29 09:00:00+00:00,30,2,13,0,0.0
2019-11-29 09:00:00+00:00,30,3,5,1,34.000000000000064
2019-11-29 09:00:00+00:00,31,1,30,2,68.00000000000013
2019-11-29 09:00:00+00:00,31,2,38,0,0.0
2019-11-29 09:00:00+00:00,31,3,20,0,0.0
2019-11-29 09:00:00+00:00,32,1,35,0,0.0
2019-11-29 09:00:00+00:00,32,2,35,0,0.0
2019-11-29 09:00:00+00:00,32,3,30,0,0.0
2019-11-29 09:00:00+00:00,33,1,45,0,0.0
2019-11-29 09:00:00+00:00,33,2,37,0,0.0
2019-11-29 09:00:00+00:00,33,3,28,0,0.0
2019-11-29 10:00:00+00:00,0,1,20,0,0.0
2019-11-29 10:00:00+00:00,0,2,53,0,0.0
2019-11-29 10:00:00+00:00,0,3,16,0,0.0
2019-11-29 10:00:00+00:00,1,1,41,0,0.0
2019-11-29 10:00:00+00:00,1,2,12,0,0.0
2019-11-29 10:00:00+00:00,1,3,17,0,0.0
2019-11-29 10:00:00+00:00,2,1,46,0,0.0
2019-11-29 10:00:00+00:00,2,2,23,0,0.0
2019-11-29 10:00:00+00:00,2,3,26,0,0.0
2019-11-29 10:00:00+00:00,3,1,19,0,0.0
2019-11-29 10:00:00+00:00,3,2,33,0,0.0
2019-11-29 10:00:00+00:00,3,3,24,0,0.0
2019-11-29 10:00:00+00:00,4,1,22,0,0.0
2019-11-29 10:00:00+00:00,4,2,19,0,0.0
2019-11-29 10:00:00+00:00,4,3,13,0,0.0
2019-11-29 10:00:00+00:00,5,1,33,0,0.0
2019-11-29 10:00:00+00:00,5,2,92,0,0.0
2019-11-29 10:00:00+00:00,5,3,38,0,0.0
2019-11-29 10:00:00+00:00,6,1,38,0,0.0
2019-11-29 10:00:00+00:00,6,2,22,0,0.0
2019-11-29 10:00:00+00:00,6,3,30,0,0.0
2019-11-29 10:00:00+00:00,7,1,60,0,0.0
2019-11-29 10:00:00+00:00,7,2,43,0,0.0
2019-11-29 10:00:00+00:00,7,3,28,0,0.0
2019-11-29 10:00:00+00:00,8,1,52,0,0.0
2019-11-29 10:00:00+00:00,8,2,15,0,0.0
2019-11-29 10:00:00+00:00,8,3,22,0,0.0
2019-11-29 10:00:00+00:00,9,1,33,1,34.000000000000064
2019-11-29 10:00:00+00:00,9,2,29,2,68.00000000000013
2019-11-29 10:00:00+00:00,9,3,59,0,0.0
2019-11-29 10:00:00+00:00,10,1,10,0,0.0
2019-11-29 10:00:00+00:00,10,2,18,0,0.0
2019-11-29 10:00:00+00:00,10,3,36,0,0.0
2019-11-29 10:00:00+00:00,11,1,28,0,0.0
2019-11-29 10:00:00+00:00,11,2,14,0,0.0
2019-11-29 10:00:00+00:00,11,3,27,0,0.0
2019-11-29 10:00:00+00:00,12,1,10,0,0.0
2019-11-29 10:00:00+00:00,12,2,91,0,0.0
2019-11-29 10:00:00+00:00,12,3,29,0,0.0
2019-11-29 10:00:00+00:00,13,1,48,0,0.0
2019-11-29 10:00:00+00:00,13,3,13,0,0.0
2019-11-29 10:00:00+00:00,14,1,14,0,0.0
2019-11-29 10:00:00+00:00,14,2,3,0,0.0
2019-11-29 10:00:00+00:00,14,3,45,0,0.0
2019-11-29 10:00:00+00:00,15,1,26,0,0.0
2019-11-29 10:00:00+00:00,15,2,17,0,0.0
2019-11-29 10:00:00+00:00,15,3,1,0,0.0
2019-11-29 10:00:00+00:00,16,1,50,0,0.0
2019-11-29 10:00:00+00:00,16,2,54,0,0.0
2019-11-29 10:00:00+00:00,16,3,17,0,0.0
2019-11-29 10:00:00+00:00,17,1,56,1,34.000000000000064
2019-11-29 10:00:00+00:00,17,2,35,0,0.0
2019-11-29 10:00:00+00:00,17,3,12,0,0.0
2019-11-29 10:00:00+00:00,18,1,30,0,0.0
2019-11-29 10:00:00+00:00,18,2,22,0,0.0
2019-11-29 10:00:00+00:00,18,3,28,0,0.0
2019-11-29 10:00:00+00:00,19,1,31,0,0.0
2019-11-29 10:00:00+00:00,19,2,41,0,0.0
2019-11-29 10:00:00+00:00,19,3,20,0,0.0
2019-11-29 10:00:00+00:00,20,1,17,0,0.0
2019-11-29 10:00:00+00:00,20,2,42,0,0.0
2019-11-29 10:00:00+00:00,20,3,12,0,0.0
2019-11-29 10:00:00+00:00,21,1,13,0,0.0
2019-11-29 10:00:00+00:00,21,2,30,0,0.0
2019-11-29 10:00:00+00:00,21,3,33,0,0.0
2019-11-29 10:00:00+00:00,22,1,31,0,0.0
2019-11-29 10:00:00+00:00,22,2,14,0,0.0
2019-11-29 10:00:00+00:00,22,3,42,0,0.0
2019-11-29 10:00:00+00:00,23,2,24,0,0.0
2019-11-29 10:00:00+00:00,23,3,17,0,0.0
2019-11-29 10:00:00+00:00,24,1,23,0,0.0
2019-11-29 10:00:00+00:00,24,2,36,0,0.0
2019-11-29 10:00:00+00:00,24,3,45,0,0.0
2019-11-29 10:00:00+00:00,25,1,8,0,0.0
2019-11-29 10:00:00+00:00,25,2,30,0,0.0
2019-11-29 10:00:00+00:00,25,3,26,0,0.0
2019-11-29 10:00:00+00:00,26,1,13,0,0.0
2019-11-29 10:00:00+00:00,26,2,28,3,102.0000000000002
2019-11-29 10:00:00+00:00,26,3,47,0,0.0
2019-11-29 10:00:00+00:00,27,1,27,0,0.0
2019-11-29 10:00:00+00:00,27,2,29,0,0.0
2019-11-29 10:00:00+00:00,27,3,47,1,34.000000000000064
2019-11-29 10:00:00+00:00,28,1,30,0,0.0
2019-11-29 10:00:00+00:00,28,2,10,0,0.0
2019-11-29 10:00:00+00:00,28,3,29,0,0.0
2019-11-29 10:00:00+00:00,29,1,31,0,0.0
2019-11-29 10:00:00+00:00,29,2,22,2,68.00000000000013
2019-11-29 10:00:00+00:00,29,3,22,0,0.0
2019-11-29 10:00:00+00:00,30,2,31,0,0.0
2019-11-29 10:00:00+00:00,30,3,53,2,68.00000000000013
2019-11-29 10:00:00+00:00,31,1,20,0,0.0
2019-11-29 10:00:00+00:00,31,2,23,0,0.0
2019-11-29 10:00:00+00:00,31,3,62,2,68.00000000000013
2019-11-29 10:00:00+00:00,32,1,49,0,0.0
2019-11-29 10:00:00+00:00,32,2,25,0,0.0
2019-11-29 10:00:00+00:00,32,3,29,0,0.0
2019-11-29 10:00:00+00:00,33,1,60,0,0.0
2019-11-29 10:00:00+00:00,33,2,10,0,0.0
2019-11-29 10:00:00+00:00,33,3,25,0,0.0
2019-11-29 11:00:00+00:00,0,1,12,0,0.0
2019-11-29 11:00:00+00:00,0,2,74,2,68.00000000000013
2019-11-29 11:00:00+00:00,0,3,23,0,0.0
2019-11-29 11:00:00+00:00,1,1,35,0,0.0
2019-11-29 11:00:00+00:00,1,2,44,0,0.0
2019-11-29 11:00:00+00:00,1,3,32,0,0.0
2019-11-29 11:00:00+00:00,2,1,23,0,0.0
2019-11-29 11:00:00+00:00,2,2,16,0,0.0
2019-11-29 11:00:00+00:00,2,3,28,0,0.0
2019-11-29 11:00:00+00:00,3,1,41,1,34.000000000000064
2019-11-29 11:00:00+00:00,3,2,41,0,0.0
2019-11-29 11:00:00+00:00,3,3,38,0,0.0
2019-11-29 11:00:00+00:00,4,1,27,0,0.0
2019-11-29 11:00:00+00:00,4,2,49,0,0.0
2019-11-29 11:00:00+00:00,4,3,13,0,0.0
2019-11-29 11:00:00+00:00,5,1,36,0,0.0
2019-11-29 11:00:00+00:00,5,2,21,0,0.0
2019-11-29 11:00:00+00:00,5,3,34,0,0.0
2019-11-29 11:00:00+00:00,6,1,16,0,0.0
2019-11-29 11:00:00+00:00,6,2,65,1,34.000000000000064
2019-11-29 11:00:00+00:00,6,3,46,0,0.0
2019-11-29 11:00:00+00:00,7,1,35,0,0.0
2019-11-29 11:00:00+00:00,7,2,34,0,0.0
2019-11-29 11:00:00+00:00,7,3,47,2,68.00000000000013
2019-11-29 11:00:00+00:00,8,1,23,1,34.000000000000064
2019-11-29 11:00:00+00:00,8,2,74,0,0.0
2019-11-29 11:00:00+00:00,8,3,32,0,0.0
2019-11-29 11:00:00+00:00,9,1,39,0,0.0
2019-11-29 11:00:00+00:00,9,2,54,0,0.0
2019-11-29 11:00:00+00:00,9,3,30,0,0.0
2019-11-29 11:00:00+00:00,10,1,25,0,0.0
2019-11-29 11:00:00+00:00,10,2,23,0,0.0
2019-11-29 11:00:00+00:00,10,3,22,0,0.0
2019-11-29 11:00:00+00:00,11,1,21,0,0.0
2019-11-29 11:00:00+00:00,11,2,15,0,0.0
2019-11-29 11:00:00+00:00,11,3,40,0,0.0
2019-11-29 11:00:00+00:00,12,1,22,0,0.0
2019-11-29 11:00:00+00:00,12,2,40,0,0.0
2019-11-29 11:00:00+00:00,12,3,39,0,0.0
2019-11-29 11:00:00+00:00,13,1,40,0,0.0
2019-11-29 11:00:00+00:00,13,2,38,0,0.0
2019-11-29 11:00:00+00:00,13,3,29,0,0.0
2019-11-29 11:00:00+00:00,14,1,81,0,0.0
2019-11-29 11:00:00+00:00,14,2,22,0,0.0
2019-11-29 11:00:00+00:00,14,3,27,0,0.0
2019-11-29 11:00:00+00:00,15,1,43,0,0.0
2019-11-29 11:00:00+00:00,15,2,42,0,0.0
2019-11-29 11:00:00+00:00,15,3,41,0,0.0
2019-11-29 11:00:00+00:00,16,1,33,0,0.0
2019-11-29 11:00:00+00:00,16,2,39,0,0.0
2019-11-29 11:00:00+00:00,16,3,37,0,0.0
2019-11-29 11:00:00+00:00,17,1,85,1,34.000000000000064
2019-11-29 11:00:00+00:00,17,2,16,0,0.0
2019-11-29 11:00:00+00:00,17,3,71,0,0.0
2019-11-29 11:00:00+00:00,18,1,60,0,0.0
2019-11-29 11:00:00+00:00,18,2,22,0,0.0
2019-11-29 11:00:00+00:00,18,3,3,0,0.0
2019-11-29 11:00:00+00:00,19,1,12,0,0.0
2019-11-29 11:00:00+00:00,19,2,8,1,34.000000000000064
2019-11-29 11:00:00+00:00,19,3,53,0,0.0
2019-11-29 11:00:00+00:00,20,1,32,0,0.0
2019-11-29 11:00:00+00:00,20,2,35,0,0.0
2019-11-29 11:00:00+00:00,20,3,60,0,0.0
2019-11-29 11:00:00+00:00,21,1,36,0,0.0
2019-11-29 11:00:00+00:00,21,2,30,0,0.0
2019-11-29 11:00:00+00:00,21,3,23,0,0.0
2019-11-29 11:00:00+00:00,22,1,30,0,0.0
2019-11-29 11:00:00+00:00,22,2,41,0,0.0
2019-11-29 11:00:00+00:00,22,3,31,0,0.0
2019-11-29 11:00:00+00:00,23,1,36,0,0.0
2019-11-29 11:00:00+00:00,23,2,63,0,0.0
2019-11-29 11:00:00+00:00,23,3,21,0,0.0
2019-11-29 11:00:00+00:00,24,1,20,0,0.0
2019-11-29 11:00:00+00:00,24,2,22,0,0.0
2019-11-29 11:00:00+00:00,24,3,21,0,0.0
2019-11-29 11:00:00+00:00,25,1,10,0,0.0
2019-11-29 11:00:00+00:00,25,2,24,0,0.0
2019-11-29 11:00:00+00:00,25,3,31,0,0.0
2019-11-29 11:00:00+00:00,26,1,59,0,0.0
2019-11-29 11:00:00+00:00,26,2,22,0,0.0
2019-11-29 11:00:00+00:00,26,3,40,0,0.0
2019-11-29 11:00:00+00:00,27,1,56,0,0.0
2019-11-29 11:00:00+00:00,27,2,31,0,0.0
2019-11-29 11:00:00+00:00,27,3,28,0,0.0
2019-11-29 11:00:00+00:00,28,1,34,0,0.0
2019-11-29 11:00:00+00:00,28,2,34,0,0.0
2019-11-29 11:00:00+00:00,28,3,17,0,0.0
2019-11-29 11:00:00+00:00,29,1,27,0,0.0
2019-11-29 11:00:00+00:00,29,2,46,0,0.0
2019-11-29 11:00:00+00:00,29,3,43,0,0.0
2019-11-29 11:00:00+00:00,30,1,36,0,0.0
2019-11-29 11:00:00+00:00,30,2,20,0,0.0
2019-11-29 11:00:00+00:00,30,3,30,0,0.0
2019-11-29 11:00:00+00:00,31,1,40,0,0.0
2019-11-29 11:00:00+00:00,31,2,32,0,0.0
2019-11-29 11:00:00+00:00,31,3,64,0,0.0
2019-11-29 11:00:00+00:00,32,1,54,0,0.0
2019-11-29 11:00:00+00:00,32,2,30,0,0.0
2019-11-29 11:00:00+00:00,32,3,68,2,68.00000000000013
2019-11-29 11:00:00+00:00,33,1,21,0,0.0
2019-11-29 11:00:00+00:00,33,2,34,0,0.0
2019-11-29 11:00:00+00:00,33,3,40,0,0.0
2019-11-29 12:00:00+00:00,0,1,55,0,0.0
2019-11-29 12:00:00+00:00,0,2,70,1,34.000000000000064
2019-11-29 12:00:00+00:00,0,3,35,0,0.0
2019-11-29 12:00:00+00:00,1,1,26,0,0.0
2019-11-29 12:00:00+00:00,1,2,35,1,34.000000000000064
2019-11-29 12:00:00+00:00,1,3,26,0,0.0
2019-11-29 12:00:00+00:00,2,1,28,2,68.00000000000013
2019-11-29 12:00:00+00:00,2,2,71,0,0.0
2019-11-29 12:00:00+00:00,2,3,41,0,0.0
2019-11-29 12:00:00+00:00,3,1,29,2,68.00000000000013
2019-11-29 12:00:00+00:00,3,2,25,0,0.0
2019-11-29 12:00:00+00:00,3,3,53,0,0.0
2019-11-29 12:00:00+00:00,4,1,81,0,0.0
2019-11-29 12:00:00+00:00,4,2,38,0,0.0
2019-11-29 12:00:00+00:00,4,3,42,0,0.0
2019-11-29 12:00:00+00:00,5,1,49,1,34.000000000000064
2019-11-29 12:00:00+00:00,5,2,51,0,0.0
2019-11-29 12:00:00+00:00,5,3,48,0,0.0
2019-11-29 12:00:00+00:00,6,1,42,0,0.0
2019-11-29 12:00:00+00:00,6,2,47,3,102.0000000000002
2019-11-29 12:00:00+00:00,6,3,51,0,0.0
2019-11-29 12:00:00+00:00,7,1,62,0,0.0
2019-11-29 12:00:00+00:00,7,2,28,0,0.0
2019-11-29 12:00:00+00:00,7,3,57,0,0.0
2019-11-29 12:00:00+00:00,8,1,7,0,0.0
2019-11-29 12:00:00+00:00,8,2,35,0,0.0
2019-11-29 12:00:00+00:00,8,3,28,0,0.0
2019-11-29 12:00:00+00:00,9,1,49,5,170.0000000000003
2019-11-29 12:00:00+00:00,9,2,70,2,68.00000000000013
2019-11-29 12:00:00+00:00,9,3,44,0,0.0
2019-11-29 12:00:00+00:00,10,1,22,0,0.0
2019-11-29 12:00:00+00:00,10,2,55,1,34.000000000000064
2019-11-29 12:00:00+00:00,10,3,29,0,0.0
2019-11-29 12:00:00+00:00,11,1,42,0,0.0
2019-11-29 12:00:00+00:00,11,2,18,0,0.0
2019-11-29 12:00:00+00:00,11,3,31,0,0.0
2019-11-29 12:00:00+00:00,12,1,83,0,0.0
2019-11-29 12:00:00+00:00,12,2,19,0,0.0
2019-11-29 12:00:00+00:00,12,3,29,0,0.0
2019-11-29 12:00:00+00:00,13,1,18,0,0.0
2019-11-29 12:00:00+00:00,13,2,37,4,136.00000000000026
2019-11-29 12:00:00+00:00,13,3,25,0,0.0
2019-11-29 12:00:00+00:00,14,1,58,1,34.000000000000064
2019-11-29 12:00:00+00:00,14,2,58,0,0.0
2019-11-29 12:00:00+00:00,14,3,65,0,0.0
2019-11-29 12:00:00+00:00,15,1,35,0,0.0
2019-11-29 12:00:00+00:00,15,2,44,0,0.0
2019-11-29 12:00:00+00:00,15,3,31,4,136.00000000000026
2019-11-29 12:00:00+00:00,16,1,66,0,0.0
2019-11-29 12:00:00+00:00,16,2,49,0,0.0
2019-11-29 12:00:00+00:00,16,3,13,0,0.0
2019-11-29 12:00:00+00:00,17,1,46,0,0.0
2019-11-29 12:00:00+00:00,17,2,17,0,0.0
2019-11-29 12:00:00+00:00,17,3,72,0,0.0
2019-11-29 12:00:00+00:00,18,1,27,0,0.0
2019-11-29 12:00:00+00:00,18,2,59,0,0.0
2019-11-29 12:00:00+00:00,18,3,56,0,0.0
2019-11-29 12:00:00+00:00,19,1,44,0,0.0
2019-11-29 12:00:00+00:00,19,2,26,0,0.0
2019-11-29 12:00:00+00:00,19,3,31,0,0.0
2019-11-29 12:00:00+00:00,20,1,22,0,0.0
2019-11-29 12:00:00+00:00,20,2,76,0,0.0
2019-11-29 12:00:00+00:00,20,3,62,0,0.0
2019-11-29 12:00:00+00:00,21,1,40,1,34.000000000000064
2019-11-29 12:00:00+00:00,21,2,68,2,68.00000000000013
2019-11-29 12:00:00+00:00,21,3,43,0,0.0
2019-11-29 12:00:00+00:00,22,1,61,0,0.0
2019-11-29 12:00:00+00:00,22,2,23,0,0.0
2019-11-29 12:00:00+00:00,22,3,28,0,0.0
2019-11-29 12:00:00+00:00,23,1,20,0,0.0
2019-11-29 12:00:00+00:00,23,2,40,1,34.000000000000064
2019-11-29 12:00:00+00:00,23,3,40,0,0.0
2019-11-29 12:00:00+00:00,24,1,54,0,0.0
2019-11-29 12:00:00+00:00,24,2,48,0,0.0
2019-11-29 12:00:00+00:00,24,3,102,2,68.00000000000013
2019-11-29 12:00:00+00:00,25,1,3,0,0.0
2019-11-29 12:00:00+00:00,25,2,67,0,0.0
2019-11-29 12:00:00+00:00,25,3,39,0,0.0
2019-11-29 12:00:00+00:00,26,1,100,0,0.0
2019-11-29 12:00:00+00:00,26,2,23,0,0.0
2019-11-29 12:00:00+00:00,26,3,54,1,34.000000000000064
2019-11-29 12:00:00+00:00,27,1,56,0,0.0
2019-11-29 12:00:00+00:00,27,2,29,0,0.0
2019-11-29 12:00:00+00:00,27,3,9,0,0.0
2019-11-29 12:00:00+00:00,28,1,31,0,0.0
2019-11-29 12:00:00+00:00,28,2,16,0,0.0
2019-11-29 12:00:00+00:00,28,3,31,0,0.0
2019-11-29 12:00:00+00:00,29,1,33,0,0.0
2019-11-29 12:00:00+00:00,29,2,35,0,0.0
2019-11-29 12:00:00+00:00,29,3,69,0,0.0
2019-11-29 12:00:00+00:00,30,1,83,1,34.000000000000064
2019-11-29 12:00:00+00:00,30,2,46,0,0.0
2019-11-29 12:00:00+00:00,30,3,32,0,0.0
2019-11-29 12:00:00+00:00,31,1,25,0,0.0
2019-11-29 12:00:00+00:00,31,2,64,0,0.0
2019-11-29 12:00:00+00:00,31,3,80,0,0.0
2019-11-29 12:00:00+00:00,32,1,59,0,0.0
2019-11-29 12:00:00+00:00,32,2,43,0,0.0
2019-11-29 12:00:00+00:00,32,3,20,0,0.0
2019-11-29 12:00:00+00:00,33,1,52,0,0.0
2019-11-29 12:00:00+00:00,33,2,78,0,0.0
2019-11-29 12:00:00+00:00,33,3,92,2,68.00000000000013
2019-11-29 13:00:00+00:00,0,1,45,0,0.0
2019-11-29 13:00:00+00:00,0,2,31,0,0.0
2019-11-29 13:00:00+00:00,0,3,41,0,0.0
2019-11-29 13:00:00+00:00,1,1,41,0,0.0
2019-11-29 13:00:00+00:00,1,2,20,0,0.0
2019-11-29 13:00:00+00:00,1,3,35,0,0.0
2019-11-29 13:00:00+00:00,2,1,56,0,0.0
2019-11-29 13:00:00+00:00,2,2,34,0,0.0
2019-11-29 13:00:00+00:00,2,3,62,2,68.00000000000013
2019-11-29 13:00:00+00:00,3,1,61,7,238.00000000000045
2019-11-29 13:00:00+00:00,3,2,17,0,0.0
2019-11-29 13:00:00+00:00,3,3,84,0,0.0
2019-11-29 13:00:00+00:00,4,1,26,0,0.0
2019-11-29 13:00:00+00:00,4,2,56,1,34.000000000000064
2019-11-29 13:00:00+00:00,4,3,35,0,0.0
2019-11-29 13:00:00+00:00,5,1,64,0,0.0
2019-11-29 13:00:00+00:00,5,2,76,2,68.00000000000013
2019-11-29 13:00:00+00:00,5,3,56,2,68.00000000000013
2019-11-29 13:00:00+00:00,6,1,46,2,68.00000000000013
2019-11-29 13:00:00+00:00,6,2,55,0,0.0
2019-11-29 13:00:00+00:00,6,3,61,4,136.00000000000026
2019-11-29 13:00:00+00:00,7,1,41,0,0.0
2019-11-29 13:00:00+00:00,7,2,30,0,0.0
2019-11-29 13:00:00+00:00,7,3,32,0,0.0
2019-11-29 13:00:00+00:00,8,1,34,0,0.0
2019-11-29 13:00:00+00:00,8,2,84,0,0.0
2019-11-29 13:00:00+00:00,8,3,24,0,0.0
2019-11-29 13:00:00+00:00,9,1,68,1,34.000000000000064
2019-11-29 13:00:00+00:00,9,2,39,0,0.0
2019-11-29 13:00:00+00:00,9,3,48,0,0.0
2019-11-29 13:00:00+00:00,10,1,54,1,34.000000000000064
2019-11-29 13:00:00+00:00,10,2,68,1,34.000000000000064
2019-11-29 13:00:00+00:00,10,3,67,0,0.0
2019-11-29 13:00:00+00:00,11,1,55,0,0.0
2019-11-29 13:00:00+00:00,11,2,60,0,0.0
2019-11-29 13:00:00+00:00,11,3,73,3,102.0000000000002
2019-11-29 13:00:00+00:00,12,1,54,0,0.0
2019-11-29 13:00:00+00:00,12,2,39,0,0.0
2019-11-29 13:00:00+00:00,12,3,45,0,0.0
2019-11-29 13:00:00+00:00,13,1,55,0,0.0
2019-11-29 13:00:00+00:00,13,2,35,1,34.000000000000064
2019-11-29 13:00:00+00:00,13,3,52,0,0.0
2019-11-29 13:00:00+00:00,14,1,26,0,0.0
2019-11-29 13:00:00+00:00,14,2,75,0,0.0
2019-11-29 13:00:00+00:00,14,3,47,0,0.0
2019-11-29 13:00:00+00:00,15,1,28,1,34.000000000000064
2019-11-29 13:00:00+00:00,15,2,53,0,0.0
2019-11-29 13:00:00+00:00,15,3,22,0,0.0
2019-11-29 13:00:00+00:00,16,1,48,0,0.0
2019-11-29 13:00:00+00:00,16,2,26,0,0.0
2019-11-29 13:00:00+00:00,16,3,46,0,0.0
2019-11-29 13:00:00+00:00,17,1,39,0,0.0
2019-11-29 13:00:00+00:00,17,2,49,0,0.0
2019-11-29 13:00:00+00:00,17,3,35,0,0.0
2019-11-29 13:00:00+00:00,18,1,45,0,0.0
2019-11-29 13:00:00+00:00,18,2,30,0,0.0
2019-11-29 13:00:00+00:00,18,3,69,0,0.0
2019-11-29 13:00:00+00:00,19,1,48,0,0.0
2019-11-29 13:00:00+00:00,19,2,47,0,0.0
2019-11-29 13:00:00+00:00,19,3,59,0,0.0
2019-11-29 13:00:00+00:00,20,1,71,0,0.0
2019-11-29 13:00:00+00:00,20,2,58,0,0.0
2019-11-29 13:00:00+00:00,20,3,37,0,0.0
2019-11-29 13:00:00+00:00,21,1,29,0,0.0
2019-11-29 13:00:00+00:00,21,2,52,0,0.0
2019-11-29 13:00:00+00:00,21,3,52,0,0.0
2019-11-29 13:00:00+00:00,22,1,66,0,0.0
2019-11-29 13:00:00+00:00,22,2,61,0,0.0
2019-11-29 13:00:00+00:00,22,3,47,0,0.0
2019-11-29 13:00:00+00:00,23,1,43,0,0.0
2019-11-29 13:00:00+00:00,23,2,76,0,0.0
2019-11-29 13:00:00+00:00,23,3,67,1,34.000000000000064
2019-11-29 13:00:00+00:00,24,1,42,0,0.0
2019-11-29 13:00:00+00:00,24,2,58,0,0.0
2019-11-29 13:00:00+00:00,24,3,60,1,34.000000000000064
2019-11-29 13:00:00+00:00,25,1,37,0,0.0
2019-11-29 13:00:00+00:00,25,2,57,0,0.0
2019-11-29 13:00:00+00:00,25,3,37,0,0.0
2019-11-29 13:00:00+00:00,26,1,49,0,0.0
2019-11-29 13:00:00+00:00,26,2,79,0,0.0
2019-11-29 13:00:00+00:00,26,3,41,1,34.000000000000064
2019-11-29 13:00:00+00:00,27,1,42,0,0.0
2019-11-29 13:00:00+00:00,27,2,6,0,0.0
2019-11-29 13:00:00+00:00,27,3,35,0,0.0
2019-11-29 13:00:00+00:00,28,1,56,0,0.0
2019-11-29 13:00:00+00:00,28,2,43,1,34.000000000000064
2019-11-29 13:00:00+00:00,28,3,29,0,0.0
2019-11-29 13:00:00+00:00,29,1,32,0,0.0
2019-11-29 13:00:00+00:00,29,2,11,0,0.0
2019-11-29 13:00:00+00:00,29,3,46,0,0.0
2019-11-29 13:00:00+00:00,30,1,38,2,68.00000000000013
2019-11-29 13:00:00+00:00,30,2,51,0,0.0
2019-11-29 13:00:00+00:00,30,3,47,0,0.0
2019-11-29 13:00:00+00:00,31,1,73,1,34.000000000000064
2019-11-29 13:00:00+00:00,31,2,75,1,34.000000000000064
2019-11-29 13:00:00+00:00,31,3,93,0,0.0
2019-11-29 13:00:00+00:00,32,1,81,0,0.0
2019-11-29 13:00:00+00:00,32,2,72,0,0.0
2019-11-29 13:00:00+00:00,32,3,13,0,0.0
2019-11-29 13:00:00+00:00,33,1,64,0,0.0
2019-11-29 13:00:00+00:00,33,2,29,1,34.000000000000064
2019-11-29 13:00:00+00:00,33,3,57,0,0.0
2019-11-29 14:00:00+00:00,0,1,11,0,0.0
2019-11-29 14:00:00+00:00,0,2,29,0,0.0
2019-11-29 14:00:00+00:00,0,3,52,0,0.0
2019-11-29 14:00:00+00:00,1,1,69,0,0.0
2019-11-29 14:00:00+00:00,1,2,66,0,0.0
2019-11-29 14:00:00+00:00,1,3,16,0,0.0
2019-11-29 14:00:00+00:00,2,1,81,0,0.0
2019-11-29 14:00:00+00:00,2,2,37,0,0.0
2019-11-29 14:00:00+00:00,2,3,54,0,0.0
2019-11-29 14:00:00+00:00,3,1,49,1,34.000000000000064
2019-11-29 14:00:00+00:00,3,2,48,0,0.0
2019-11-29 14:00:00+00:00,3,3,30,1,34.000000000000064
2019-11-29 14:00:00+00:00,4,1,46,0,0.0
2019-11-29 14:00:00+00:00,4,2,50,0,0.0
2019-11-29 14:00:00+00:00,4,3,42,1,34.000000000000064
2019-11-29 14:00:00+00:00,5,1,58,1,34.000000000000064
2019-11-29 14:00:00+00:00,5,2,34,0,0.0
2019-11-29 14:00:00+00:00,5,3,39,0,0.0
2019-11-29 14:00:00+00:00,6,1,8,0,0.0
2019-11-29 14:00:00+00:00,6,2,36,0,0.0
2019-11-29 14:00:00+00:00,6,3,36,0,0.0
2019-11-29 14:00:00+00:00,7,1,96,0,0.0
2019-11-29 14:00:00+00:00,7,2,38,0,0.0
2019-11-29 14:00:00+00:00,7,3,9,0,0.0
2019-11-29 14:00:00+00:00,8,1,51,0,0.0
2019-11-29 14:00:00+00:00,8,2,29,0,0.0
2019-11-29 14:00:00+00:00,8,3,67,0,0.0
2019-11-29 14:00:00+00:00,9,1,50,0,0.0
2019-11-29 14:00:00+00:00,9,2,42,0,0.0
2019-11-29 14:00:00+00:00,9,3,45,0,0.0
2019-11-29 14:00:00+00:00,10,1,45,3,102.0000000000002
2019-11-29 14:00:00+00:00,10,2,46,1,34.000000000000064
2019-11-29 14:00:00+00:00,10,3,62,0,0.0
2019-11-29 14:00:00+00:00,11,1,24,0,0.0
2019-11-29 14:00:00+00:00,11,2,26,0,0.0
2019-11-29 14:00:00+00:00,11,3,43,1,34.000000000000064
2019-11-29 14:00:00+00:00,12,1,33,0,0.0
2019-11-29 14:00:00+00:00,12,2,39,0,0.0
2019-11-29 14:00:00+00:00,12,3,63,0,0.0
2019-11-29 14:00:00+00:00,13,1,52,0,0.0
2019-11-29 14:00:00+00:00,13,2,25,0,0.0
2019-11-29 14:00:00+00:00,13,3,44,0,0.0
2019-11-29 14:00:00+00:00,14,1,36,0,0.0
2019-11-29 14:00:00+00:00,14,2,42,0,0.0
2019-11-29 14:00:00+00:00,14,3,59,0,0.0
2019-11-29 14:00:00+00:00,15,1,35,0,0.0
2019-11-29 14:00:00+00:00,15,2,14,0,0.0
2019-11-29 14:00:00+00:00,15,3,45,0,0.0
2019-11-29 14:00:00+00:00,16,1,34,0,0.0
2019-11-29 14:00:00+00:00,16,2,67,0,0.0
2019-11-29 14:00:00+00:00,16,3,28,0,0.0
2019-11-29 14:00:00+00:00,17,1,63,0,0.0
2019-11-29 14:00:00+00:00,17,2,49,1,34.000000000000064
2019-11-29 14:00:00+00:00,17,3,40,1,34.000000000000064
2019-11-29 14:00:00+00:00,18,1,41,0,0.0
2019-11-29 14:00:00+00:00,18,2,54,0,0.0
2019-11-29 14:00:00+00:00,18,3,34,0,0.0
2019-11-29 14:00:00+00:00,19,1,7,0,0.0
2019-11-29 14:00:00+00:00,19,2,36,0,0.0
2019-11-29 14:00:00+00:00,19,3,45,0,0.0
2019-11-29 14:00:00+00:00,20,1,35,0,0.0
2019-11-29 14:00:00+00:00,20,2,41,0,0.0
2019-11-29 14:00:00+00:00,20,3,48,0,0.0
2019-11-29 14:00:00+00:00,21,1,35,0,0.0
2019-11-29 14:00:00+00:00,21,2,19,0,0.0
2019-11-29 14:00:00+00:00,21,3,36,0,0.0
2019-11-29 14:00:00+00:00,22,1,54,0,0.0
2019-11-29 14:00:00+00:00,22,2,46,0,0.0
2019-11-29 14:00:00+00:00,22,3,30,0,0.0
2019-11-29 14:00:00+00:00,23,1,66,1,34.000000000000064
2019-11-29 14:00:00+00:00,23,2,43,0,0.0
2019-11-29 14:00:00+00:00,23,3,25,0,0.0
2019-11-29 14:00:00+00:00,24,1,80,0,0.0
2019-11-29 14:00:00+00:00,24,2,58,0,0.0
2019-11-29 14:00:00+00:00,24,3,52,0,0.0
2019-11-29 14:00:00+00:00,25,1,38,0,0.0
2019-11-29 14:00:00+00:00,25,2,62,0,0.0
2019-11-29 14:00:00+00:00,25,3,39,0,0.0
2019-11-29 14:00:00+00:00,26,1,34,0,0.0
2019-11-29 14:00:00+00:00,26,2,40,1,34.000000000000064
2019-11-29 14:00:00+00:00,26,3,47,0,0.0
2019-11-29 14:00:00+00:00,27,1,17,0,0.0
2019-11-29 14:00:00+00:00,27,2,26,0,0.0
2019-11-29 14:00:00+00:00,27,3,50,0,0.0
2019-11-29 14:00:00+00:00,28,1,9,1,34.000000000000064
2019-11-29 14:00:00+00:00,28,2,27,0,0.0
2019-11-29 14:00:00+00:00,28,3,34,0,0.0
2019-11-29 14:00:00+00:00,29,1,38,0,0.0
2019-11-29 14:00:00+00:00,29,2,87,0,0.0
2019-11-29 14:00:00+00:00,29,3,37,0,0.0
2019-11-29 14:00:00+00:00,30,1,47,0,0.0
2019-11-29 14:00:00+00:00,30,2,61,0,0.0
2019-11-29 14:00:00+00:00,30,3,36,0,0.0
2019-11-29 14:00:00+00:00,31,1,25,0,0.0
2019-11-29 14:00:00+00:00,31,2,24,0,0.0
2019-11-29 14:00:00+00:00,31,3,61,2,68.00000000000013
2019-11-29 14:00:00+00:00,32,1,10,0,0.0
2019-11-29 14:00:00+00:00,32,2,48,0,0.0
2019-11-29 14:00:00+00:00,32,3,43,1,34.000000000000064
2019-11-29 14:00:00+00:00,33,1,64,0,0.0
2019-11-29 14:00:00+00:00,33,2,55,0,0.0
2019-11-29 14:00:00+00:00,33,3,55,0,0.0
2019-11-29 15:00:00+00:00,0,1,36,1,34.000000000000064
2019-11-29 15:00:00+00:00,0,2,38,0,0.0
2019-11-29 15:00:00+00:00,0,3,35,0,0.0
2019-11-29 15:00:00+00:00,1,1,48,0,0.0
2019-11-29 15:00:00+00:00,1,2,18,0,0.0
2019-11-29 15:00:00+00:00,1,3,17,0,0.0
2019-11-29 15:00:00+00:00,2,1,41,0,0.0
2019-11-29 15:00:00+00:00,2,2,64,0,0.0
2019-11-29 15:00:00+00:00,2,3,14,0,0.0
2019-11-29 15:00:00+00:00,3,1,38,0,0.0
2019-11-29 15:00:00+00:00,3,2,70,0,0.0
2019-11-29 15:00:00+00:00,3,3,53,0,0.0
2019-11-29 15:00:00+00:00,4,1,32,0,0.0
2019-11-29 15:00:00+00:00,4,2,14,0,0.0
2019-11-29 15:00:00+00:00,4,3,23,0,0.0
2019-11-29 15:00:00+00:00,5,1,21,0,0.0
2019-11-29 15:00:00+00:00,5,2,32,0,0.0
2019-11-29 15:00:00+00:00,5,3,36,0,0.0
2019-11-29 15:00:00+00:00,6,1,46,0,0.0
2019-11-29 15:00:00+00:00,6,2,14,0,0.0
2019-11-29 15:00:00+00:00,6,3,29,0,0.0
2019-11-29 15:00:00+00:00,7,1,14,0,0.0
2019-11-29 15:00:00+00:00,7,2,27,1,34.000000000000064
2019-11-29 15:00:00+00:00,7,3,21,0,0.0
2019-11-29 15:00:00+00:00,8,1,20,0,0.0
2019-11-29 15:00:00+00:00,8,2,34,0,0.0
2019-11-29 15:00:00+00:00,8,3,34,0,0.0
2019-11-29 15:00:00+00:00,9,1,43,0,0.0
2019-11-29 15:00:00+00:00,9,2,13,0,0.0
2019-11-29 15:00:00+00:00,9,3,12,0,0.0
2019-11-29 15:00:00+00:00,10,1,48,0,0.0
2019-11-29 15:00:00+00:00,10,2,49,1,34.000000000000064
2019-11-29 15:00:00+00:00,10,3,44,1,34.000000000000064
2019-11-29 15:00:00+00:00,11,1,23,0,0.0
2019-11-29 15:00:00+00:00,11,2,11,0,0.0
2019-11-29 15:00:00+00:00,11,3,42,0,0.0
2019-11-29 15:00:00+00:00,12,2,50,0,0.0
2019-11-29 15:00:00+00:00,12,3,38,0,0.0
2019-11-29 15:00:00+00:00,13,1,56,0,0.0
2019-11-29 15:00:00+00:00,13,2,28,0,0.0
2019-11-29 15:00:00+00:00,13,3,49,0,0.0
2019-11-29 15:00:00+00:00,14,1,33,0,0.0
2019-11-29 15:00:00+00:00,14,2,44,0,0.0
2019-11-29 15:00:00+00:00,14,3,62,0,0.0
2019-11-29 15:00:00+00:00,15,1,52,1,34.000000000000064
2019-11-29 15:00:00+00:00,15,2,25,0,0.0
2019-11-29 15:00:00+00:00,15,3,19,0,0.0
2019-11-29 15:00:00+00:00,16,1,30,0,0.0
2019-11-29 15:00:00+00:00,16,2,28,0,0.0
2019-11-29 15:00:00+00:00,16,3,52,0,0.0
2019-11-29 15:00:00+00:00,17,1,45,1,34.000000000000064
2019-11-29 15:00:00+00:00,17,2,64,1,34.000000000000064
2019-11-29 15:00:00+00:00,17,3,58,0,0.0
2019-11-29 15:00:00+00:00,18,1,27,0,0.0
2019-11-29 15:00:00+00:00,18,2,55,1,34.000000000000064
2019-11-29 15:00:00+00:00,18,3,52,0,0.0
2019-11-29 15:00:00+00:00,19,1,32,0,0.0
2019-11-29 15:00:00+00:00,19,2,31,1,34.000000000000064
2019-11-29 15:00:00+00:00,19,3,17,0,0.0
2019-11-29 15:00:00+00:00,20,1,22,0,0.0
2019-11-29 15:00:00+00:00,20,2,13,0,0.0
2019-11-29 15:00:00+00:00,20,3,30,0,0.0
2019-11-29 15:00:00+00:00,21,1,52,0,0.0
2019-11-29 15:00:00+00:00,21,2,27,0,0.0
2019-11-29 15:00:00+00:00,21,3,51,0,0.0
2019-11-29 15:00:00+00:00,22,1,66,0,0.0
2019-11-29 15:00:00+00:00,22,2,35,0,0.0
2019-11-29 15:00:00+00:00,22,3,63,0,0.0
2019-11-29 15:00:00+00:00,23,1,40,2,68.00000000000013
2019-11-29 15:00:00+00:00,23,2,4,0,0.0
2019-11-29 15:00:00+00:00,23,3,31,0,0.0
2019-11-29 15:00:00+00:00,24,1,29,0,0.0
2019-11-29 15:00:00+00:00,24,2,63,0,0.0
2019-11-29 15:00:00+00:00,24,3,27,0,0.0
2019-11-29 15:00:00+00:00,25,1,33,0,0.0
2019-11-29 15:00:00+00:00,25,2,45,0,0.0
2019-11-29 15:00:00+00:00,25,3,33,0,0.0
2019-11-29 15:00:00+00:00,26,1,27,0,0.0
2019-11-29 15:00:00+00:00,26,2,43,0,0.0
2019-11-29 15:00:00+00:00,26,3,26,0,0.0
2019-11-29 15:00:00+00:00,27,1,31,1,34.000000000000064
2019-11-29 15:00:00+00:00,27,2,36,0,0.0
2019-11-29 15:00:00+00:00,27,3,33,0,0.0
2019-11-29 15:00:00+00:00,28,1,54,0,0.0
2019-11-29 15:00:00+00:00,28,2,35,0,0.0
2019-11-29 15:00:00+00:00,28,3,24,0,0.0
2019-11-29 15:00:00+00:00,29,1,14,0,0.0
2019-11-29 15:00:00+00:00,29,2,23,0,0.0
2019-11-29 15:00:00+00:00,29,3,39,0,0.0
2019-11-29 15:00:00+00:00,30,1,16,0,0.0
2019-11-29 15:00:00+00:00,30,2,24,0,0.0
2019-11-29 15:00:00+00:00,30,3,17,0,0.0
2019-11-29 15:00:00+00:00,31,1,46,0,0.0
2019-11-29 15:00:00+00:00,31,2,36,0,0.0
2019-11-29 15:00:00+00:00,31,3,40,0,0.0
2019-11-29 15:00:00+00:00,32,1,19,0,0.0
2019-11-29 15:00:00+00:00,32,2,37,0,0.0
2019-11-29 15:00:00+00:00,32,3,29,0,0.0
2019-11-29 15:00:00+00:00,33,1,40,0,0.0
2019-11-29 15:00:00+00:00,33,2,44,0,0.0
2019-11-29 15:00:00+00:00,33,3,24,0,0.0
2019-11-29 16:00:00+00:00,0,1,33,0,0.0
2019-11-29 16:00:00+00:00,0,2,21,0,0.0
2019-11-29 16:00:00+00:00,0,3,9,0,0.0
2019-11-29 16:00:00+00:00,1,1,26,0,0.0
2019-11-29 16:00:00+00:00,1,2,4,0,0.0
2019-11-29 16:00:00+00:00,1,3,17,0,0.0
2019-11-29 16:00:00+00:00,2,1,39,0,0.0
2019-11-29 16:00:00+00:00,2,2,31,0,0.0
2019-11-29 16:00:00+00:00,2,3,25,0,0.0
2019-11-29 16:00:00+00:00,3,1,20,0,0.0
2019-11-29 16:00:00+00:00,3,2,14,0,0.0
2019-11-29 16:00:00+00:00,3,3,19,0,0.0
2019-11-29 16:00:00+00:00,4,1,10,0,0.0
2019-11-29 16:00:00+00:00,4,2,19,0,0.0
2019-11-29 16:00:00+00:00,4,3,23,0,0.0
2019-11-29 16:00:00+00:00,5,1,10,0,0.0
2019-11-29 16:00:00+00:00,5,2,17,0,0.0
2019-11-29 16:00:00+00:00,5,3,31,0,0.0
2019-11-29 16:00:00+00:00,6,1,14,0,0.0
2019-11-29 16:00:00+00:00,6,2,31,0,0.0
2019-11-29 16:00:00+00:00,6,3,28,0,0.0
2019-11-29 16:00:00+00:00,7,1,47,0,0.0
2019-11-29 16:00:00+00:00,7,2,25,0,0.0
2019-11-29 16:00:00+00:00,7,3,23,0,0.0
2019-11-29 16:00:00+00:00,8,1,21,0,0.0
2019-11-29 16:00:00+00:00,8,2,33,0,0.0
2019-11-29 16:00:00+00:00,8,3,8,0,0.0
2019-11-29 16:00:00+00:00,9,1,26,0,0.0
2019-11-29 16:00:00+00:00,9,2,38,0,0.0
2019-11-29 16:00:00+00:00,9,3,5,0,0.0
2019-11-29 16:00:00+00:00,10,1,9,0,0.0
2019-11-29 16:00:00+00:00,10,2,5,0,0.0
2019-11-29 16:00:00+00:00,10,3,16,0,0.0
2019-11-29 16:00:00+00:00,11,1,10,0,0.0
2019-11-29 16:00:00+00:00,11,2,19,1,34.000000000000064
2019-11-29 16:00:00+00:00,11,3,31,0,0.0
2019-11-29 16:00:00+00:00,12,1,8,0,0.0
2019-11-29 16:00:00+00:00,12,2,8,0,0.0
2019-11-29 16:00:00+00:00,12,3,17,2,68.00000000000013
2019-11-29 16:00:00+00:00,13,1,16,0,0.0
2019-11-29 16:00:00+00:00,13,2,28,0,0.0
2019-11-29 16:00:00+00:00,13,3,23,1,34.000000000000064
2019-11-29 16:00:00+00:00,14,1,9,0,0.0
2019-11-29 16:00:00+00:00,14,2,19,0,0.0
2019-11-29 16:00:00+00:00,14,3,28,0,0.0
2019-11-29 16:00:00+00:00,15,1,28,0,0.0
2019-11-29 16:00:00+00:00,15,2,16,1,34.000000000000064
2019-11-29 16:00:00+00:00,16,1,7,0,0.0
2019-11-29 16:00:00+00:00,16,2,26,0,0.0
2019-11-29 16:00:00+00:00,16,3,14,0,0.0
2019-11-29 16:00:00+00:00,17,1,8,0,0.0
2019-11-29 16:00:00+00:00,17,2,16,0,0.0
2019-11-29 16:00:00+00:00,17,3,6,0,0.0
2019-11-29 16:00:00+00:00,18,1,9,0,0.0
2019-11-29 16:00:00+00:00,18,2,29,1,34.000000000000064
2019-11-29 16:00:00+00:00,18,3,48,0,0.0
2019-11-29 16:00:00+00:00,19,1,10,0,0.0
2019-11-29 16:00:00+00:00,19,2,10,0,0.0
2019-11-29 16:00:00+00:00,19,3,20,0,0.0
2019-11-29 16:00:00+00:00,20,1,40,1,34.000000000000064
2019-11-29 16:00:00+00:00,20,2,7,0,0.0
2019-11-29 16:00:00+00:00,20,3,38,1,34.000000000000064
2019-11-29 16:00:00+00:00,21,1,20,0,0.0
2019-11-29 16:00:00+00:00,21,2,16,0,0.0
2019-11-29 16:00:00+00:00,21,3,11,0,0.0
2019-11-29 16:00:00+00:00,22,1,15,0,0.0
2019-11-29 16:00:00+00:00,22,2,3,0,0.0
2019-11-29 16:00:00+00:00,22,3,29,0,0.0
2019-11-29 16:00:00+00:00,23,1,6,0,0.0
2019-11-29 16:00:00+00:00,23,2,23,2,68.00000000000013
2019-11-29 16:00:00+00:00,23,3,21,0,0.0
2019-11-29 16:00:00+00:00,24,1,27,0,0.0
2019-11-29 16:00:00+00:00,24,2,13,0,0.0
2019-11-29 16:00:00+00:00,24,3,19,0,0.0
2019-11-29 16:00:00+00:00,25,1,27,0,0.0
2019-11-29 16:00:00+00:00,25,2,25,0,0.0
2019-11-29 16:00:00+00:00,25,3,35,0,0.0
2019-11-29 16:00:00+00:00,26,1,9,0,0.0
2019-11-29 16:00:00+00:00,26,2,5,0,0.0
2019-11-29 16:00:00+00:00,26,3,9,0,0.0
2019-11-29 16:00:00+00:00,27,1,8,0,0.0
2019-11-29 16:00:00+00:00,27,2,18,1,34.000000000000064
2019-11-29 16:00:00+00:00,27,3,8,0,0.0
2019-11-29 16:00:00+00:00,28,1,25,1,34.000000000000064
2019-11-29 16:00:00+00:00,28,2,40,0,0.0
2019-11-29 16:00:00+00:00,28,3,13,0,0.0
2019-11-29 16:00:00+00:00,29,1,23,0,0.0
2019-11-29 16:00:00+00:00,29,2,5,0,0.0
2019-11-29 16:00:00+00:00,29,3,21,0,0.0
2019-11-29 16:00:00+00:00,30,1,2,0,0.0
2019-11-29 16:00:00+00:00,30,2,28,0,0.0
2019-11-29 16:00:00+00:00,30,3,20,0,0.0
2019-11-29 16:00:00+00:00,31,1,32,0,0.0
2019-11-29 16:00:00+00:00,31,2,27,0,0.0
2019-11-29 16:00:00+00:00,31,3,22,0,0.0
2019-11-29 16:00:00+00:00,32,1,35,0,0.0
2019-11-29 16:00:00+00:00,32,2,26,0,0.0
2019-11-29 16:00:00+00:00,33,1,18,1,34.000000000000064
2019-11-29 16:00:00+00:00,33,2,2,0,0.0
2019-11-29 16:00:00+00:00,33,3,10,0,0.0
2019-11-29 17:00:00+00:00,0,1,6,0,0.0
2019-11-29 17:00:00+00:00,0,2,22,0,0.0
2019-11-29 17:00:00+00:00,0,3,1,0,0.0
2019-11-29 17:00:00+00:00,1,1,10,0,0.0
2019-11-29 17:00:00+00:00,1,2,7,0,0.0
2019-11-29 17:00:00+00:00,1,3,24,0,0.0
2019-11-29 17:00:00+00:00,2,1,7,0,0.0
2019-11-29 17:00:00+00:00,2,2,13,0,0.0
2019-11-29 17:00:00+00:00,2,3,22,0,0.0
2019-11-29 17:00:00+00:00,3,1,7,0,0.0
2019-11-29 17:00:00+00:00,3,2,19,0,0.0
2019-11-29 17:00:00+00:00,3,3,17,0,0.0
2019-11-29 17:00:00+00:00,4,1,5,0,0.0
2019-11-29 17:00:00+00:00,4,2,7,0,0.0
2019-11-29 17:00:00+00:00,4,3,18,0,0.0
2019-11-29 17:00:00+00:00,5,1,11,0,0.0
2019-11-29 17:00:00+00:00,5,2,2,0,0.0
2019-11-29 17:00:00+00:00,5,3,14,0,0.0
2019-11-29 17:00:00+00:00,6,1,20,0,0.0
2019-11-29 17:00:00+00:00,6,2,14,0,0.0
2019-11-29 17:00:00+00:00,6,3,9,0,0.0
2019-11-29 17:00:00+00:00,7,1,7,0,0.0
2019-11-29 17:00:00+00:00,7,2,15,1,34.000000000000064
2019-11-29 17:00:00+00:00,7,3,14,0,0.0
2019-11-29 17:00:00+00:00,8,1,5,0,0.0
2019-11-29 17:00:00+00:00,8,2,11,0,0.0
2019-11-29 17:00:00+00:00,8,3,21,0,0.0
2019-11-29 17:00:00+00:00,9,1,20,0,0.0
2019-11-29 17:00:00+00:00,9,2,18,0,0.0
2019-11-29 17:00:00+00:00,9,3,19,0,0.0
2019-11-29 17:00:00+00:00,10,1,9,0,0.0
2019-11-29 17:00:00+00:00,10,2,14,0,0.0
2019-11-29 17:00:00+00:00,10,3,12,0,0.0
2019-11-29 17:00:00+00:00,11,1,5,0,0.0
2019-11-29 17:00:00+00:00,11,2,28,0,0.0
2019-11-29 17:00:00+00:00,11,3,8,0,0.0
2019-11-29 17:00:00+00:00,12,2,8,0,0.0
2019-11-29 17:00:00+00:00,12,3,13,1,34.000000000000064
2019-11-29 17:00:00+00:00,13,1,9,0,0.0
2019-11-29 17:00:00+00:00,13,2,2,0,0.0
2019-11-29 17:00:00+00:00,13,3,11,0,0.0
2019-11-29 17:00:00+00:00,14,1,15,0,0.0
2019-11-29 17:00:00+00:00,14,2,33,0,0.0
2019-11-29 17:00:00+00:00,14,3,12,0,0.0
2019-11-29 17:00:00+00:00,15,1,12,0,0.0
2019-11-29 17:00:00+00:00,15,2,4,0,0.0
2019-11-29 17:00:00+00:00,15,3,5,0,0.0
2019-11-29 17:00:00+00:00,16,1,6,0,0.0
2019-11-29 17:00:00+00:00,16,2,2,0,0.0
2019-11-29 17:00:00+00:00,16,3,9,0,0.0
2019-11-29 17:00:00+00:00,17,1,9,0,0.0
2019-11-29 17:00:00+00:00,17,2,15,1,34.000000000000064
2019-11-29 17:00:00+00:00,17,3,2,0,0.0
2019-11-29 17:00:00+00:00,18,1,7,0,0.0
2019-11-29 17:00:00+00:00,18,2,17,0,0.0
2019-11-29 17:00:00+00:00,18,3,8,0,0.0
2019-11-29 17:00:00+00:00,19,1,13,0,0.0
2019-11-29 17:00:00+00:00,19,2,17,0,0.0
2019-11-29 17:00:00+00:00,19,3,6,0,0.0
2019-11-29 17:00:00+00:00,20,1,10,0,0.0
2019-11-29 17:00:00+00:00,20,2,14,0,0.0
2019-11-29 17:00:00+00:00,20,3,7,0,0.0
2019-11-29 17:00:00+00:00,21,1,24,0,0.0
2019-11-29 17:00:00+00:00,21,2,1,0,0.0
2019-11-29 17:00:00+00:00,21,3,1,0,0.0
2019-11-29 17:00:00+00:00,22,1,26,0,0.0
2019-11-29 17:00:00+00:00,22,2,7,0,0.0
2019-11-29 17:00:00+00:00,22,3,3,0,0.0
2019-11-29 17:00:00+00:00,23,1,15,0,0.0
2019-11-29 17:00:00+00:00,23,3,6,0,0.0
2019-11-29 17:00:00+00:00,24,1,8,0,0.0
2019-11-29 17:00:00+00:00,24,2,2,0,0.0
2019-11-29 17:00:00+00:00,24,3,23,0,0.0
2019-11-29 17:00:00+00:00,25,1,21,0,0.0
2019-11-29 17:00:00+00:00,25,2,3,0,0.0
2019-11-29 17:00:00+00:00,25,3,11,0,0.0
2019-11-29 17:00:00+00:00,26,1,8,0,0.0
2019-11-29 17:00:00+00:00,26,2,9,0,0.0
2019-11-29 17:00:00+00:00,26,3,11,0,0.0
2019-11-29 17:00:00+00:00,27,1,2,0,0.0
2019-11-29 17:00:00+00:00,27,2,5,0,0.0
2019-11-29 17:00:00+00:00,28,1,8,0,0.0
2019-11-29 17:00:00+00:00,28,2,15,0,0.0
2019-11-29 17:00:00+00:00,28,3,11,0,0.0
2019-11-29 17:00:00+00:00,29,1,24,0,0.0
2019-11-29 17:00:00+00:00,29,3,21,0,0.0
2019-11-29 17:00:00+00:00,30,1,16,0,0.0
2019-11-29 17:00:00+00:00,30,2,11,0,0.0
2019-11-29 17:00:00+00:00,30,3,14,0,0.0
2019-11-29 17:00:00+00:00,31,1,16,0,0.0
2019-11-29 17:00:00+00:00,31,2,22,0,0.0
2019-11-29 17:00:00+00:00,32,1,1,0,0.0
2019-11-29 17:00:00+00:00,32,2,16,0,0.0
2019-11-29 17:00:00+00:00,32,3,20,0,0.0
2019-11-29 17:00:00+00:00,33,1,17,0,0.0
2019-11-29 17:00:00+00:00,33,2,6,0,0.0
2019-11-29 17:00:00+00:00,33,3,6,0,0.0
2019-11-29 18:00:00+00:00,0,1,5,0,0.0
2019-11-29 18:00:00+00:00,0,2,12,0,0.0
2019-11-29 18:00:00+00:00,0,3,5,0,0.0
2019-11-29 18:00:00+00:00,1,2,28,0,0.0
2019-11-29 18:00:00+00:00,1,3,7,0,0.0
2019-11-29 18:00:00+00:00,2,1,4,0,0.0
2019-11-29 18:00:00+00:00,2,2,15,0,0.0
2019-11-29 18:00:00+00:00,2,3,2,0,0.0
2019-11-29 18:00:00+00:00,3,1,5,4,136.00000000000026
2019-11-29 18:00:00+00:00,3,2,9,0,0.0
2019-11-29 18:00:00+00:00,3,3,12,0,0.0
2019-11-29 18:00:00+00:00,4,2,1,0,0.0
2019-11-29 18:00:00+00:00,4,3,2,0,0.0
2019-11-29 18:00:00+00:00,5,1,2,0,0.0
2019-11-29 18:00:00+00:00,5,2,9,0,0.0
2019-11-29 18:00:00+00:00,5,3,11,0,0.0
2019-11-29 18:00:00+00:00,6,1,8,0,0.0
2019-11-29 18:00:00+00:00,6,2,4,0,0.0
2019-11-29 18:00:00+00:00,6,3,12,0,0.0
2019-11-29 18:00:00+00:00,7,1,16,0,0.0
2019-11-29 18:00:00+00:00,7,3,15,0,0.0
2019-11-29 18:00:00+00:00,8,1,8,0,0.0
2019-11-29 18:00:00+00:00,9,1,7,0,0.0
2019-11-29 18:00:00+00:00,9,2,2,0,0.0
2019-11-29 18:00:00+00:00,9,3,18,0,0.0
2019-11-29 18:00:00+00:00,10,1,9,0,0.0
2019-11-29 18:00:00+00:00,10,2,4,0,0.0
2019-11-29 18:00:00+00:00,10,3,8,0,0.0
2019-11-29 18:00:00+00:00,11,2,7,0,0.0
2019-11-29 18:00:00+00:00,12,2,4,0,0.0
2019-11-29 18:00:00+00:00,12,3,10,0,0.0
2019-11-29 18:00:00+00:00,13,1,9,0,0.0
2019-11-29 18:00:00+00:00,13,3,4,0,0.0
2019-11-29 18:00:00+00:00,14,1,9,0,0.0
2019-11-29 18:00:00+00:00,14,2,5,0,0.0
2019-11-29 18:00:00+00:00,14,3,4,0,0.0
2019-11-29 18:00:00+00:00,15,3,6,0,0.0
2019-11-29 18:00:00+00:00,16,1,15,0,0.0
2019-11-29 18:00:00+00:00,17,1,2,0,0.0
2019-11-29 18:00:00+00:00,17,2,6,0,0.0
2019-11-29 18:00:00+00:00,17,3,6,0,0.0
2019-11-29 18:00:00+00:00,18,2,7,0,0.0
2019-11-29 18:00:00+00:00,18,3,1,0,0.0
2019-11-29 18:00:00+00:00,19,1,3,0,0.0
2019-11-29 18:00:00+00:00,19,2,31,0,0.0
2019-11-29 18:00:00+00:00,19,3,15,0,0.0
2019-11-29 18:00:00+00:00,20,1,17,0,0.0
2019-11-29 18:00:00+00:00,20,2,4,0,0.0
2019-11-29 18:00:00+00:00,21,1,12,0,0.0
2019-11-29 18:00:00+00:00,21,2,19,0,0.0
2019-11-29 18:00:00+00:00,21,3,9,0,0.0
2019-11-29 18:00:00+00:00,22,1,6,0,0.0
2019-11-29 18:00:00+00:00,22,2,1,0,0.0
2019-11-29 18:00:00+00:00,22,3,5,0,0.0
2019-11-29 18:00:00+00:00,23,1,17,0,0.0
2019-11-29 18:00:00+00:00,23,2,2,0,0.0
2019-11-29 18:00:00+00:00,23,3,30,0,0.0
2019-11-29 18:00:00+00:00,24,1,13,0,0.0
2019-11-29 18:00:00+00:00,24,2,12,0,0.0
2019-11-29 18:00:00+00:00,24,3,18,0,0.0
2019-11-29 18:00:00+00:00,25,1,17,0,0.0
2019-11-29 18:00:00+00:00,25,2,4,0,0.0
2019-11-29 18:00:00+00:00,25,3,12,0,0.0
2019-11-29 18:00:00+00:00,26,2,2,0,0.0
2019-11-29 18:00:00+00:00,26,3,7,0,0.0
2019-11-29 18:00:00+00:00,27,1,5,0,0.0
2019-11-29 18:00:00+00:00,27,2,7,0,0.0
2019-11-29 18:00:00+00:00,28,1,5,0,0.0
2019-11-29 18:00:00+00:00,28,2,25,0,0.0
2019-11-29 18:00:00+00:00,28,3,12,1,34.000000000000064
2019-11-29 18:00:00+00:00,29,1,6,0,0.0
2019-11-29 18:00:00+00:00,29,2,10,0,0.0
2019-11-29 18:00:00+00:00,29,3,2,0,0.0
2019-11-29 18:00:00+00:00,30,1,19,0,0.0
2019-11-29 18:00:00+00:00,30,2,8,0,0.0
2019-11-29 18:00:00+00:00,30,3,4,0,0.0
2019-11-29 18:00:00+00:00,31,1,13,0,0.0
2019-11-29 18:00:00+00:00,31,3,1,0,0.0
2019-11-29 18:00:00+00:00,32,1,5,0,0.0
2019-11-29 18:00:00+00:00,32,3,8,0,0.0
2019-11-29 18:00:00+00:00,33,1,12,0,0.0
2019-11-29 18:00:00+00:00,33,2,11,0,0.0
2019-11-29 18:00:00+00:00,33,3,3,0,0.0
2019-11-29 19:00:00+00:00,0,1,6,0,0.0
2019-11-29 19:00:00+00:00,0,2,20,0,0.0
2019-11-29 19:00:00+00:00,0,3,10,0,0.0
2019-11-29 19:00:00+00:00,1,1,4,0,0.0
2019-11-29 19:00:00+00:00,1,2,3,0,0.0
2019-11-29 19:00:00+00:00,1,3,6,0,0.0
2019-11-29 19:00:00+00:00,2,2,6,0,0.0
2019-11-29 19:00:00+00:00,2,3,4,0,0.0
2019-11-29 19:00:00+00:00,3,1,9,0,0.0
2019-11-29 19:00:00+00:00,3,2,9,0,0.0
2019-11-29 19:00:00+00:00,3,3,5,0,0.0
2019-11-29 19:00:00+00:00,4,2,2,0,0.0
2019-11-29 19:00:00+00:00,5,1,2,0,0.0
2019-11-29 19:00:00+00:00,5,3,3,0,0.0
2019-11-29 19:00:00+00:00,6,2,7,0,0.0
2019-11-29 19:00:00+00:00,6,3,4,0,0.0
2019-11-29 19:00:00+00:00,7,1,14,0,0.0
2019-11-29 19:00:00+00:00,7,2,14,0,0.0
2019-11-29 19:00:00+00:00,7,3,11,0,0.0
2019-11-29 19:00:00+00:00,8,1,15,0,0.0
2019-11-29 19:00:00+00:00,8,2,14,0,0.0
2019-11-29 19:00:00+00:00,8,3,6,0,0.0
2019-11-29 19:00:00+00:00,9,1,9,0,0.0
2019-11-29 19:00:00+00:00,9,2,5,0,0.0
2019-11-29 19:00:00+00:00,9,3,2,0,0.0
2019-11-29 19:00:00+00:00,10,2,15,0,0.0
2019-11-29 19:00:00+00:00,10,3,4,0,0.0
2019-11-29 19:00:00+00:00,11,1,5,0,0.0
2019-11-29 19:00:00+00:00,11,2,8,0,0.0
2019-11-29 19:00:00+00:00,11,3,18,0,0.0
2019-11-29 19:00:00+00:00,12,1,2,0,0.0
2019-11-29 19:00:00+00:00,12,2,4,0,0.0
2019-11-29 19:00:00+00:00,13,1,6,0,0.0
2019-11-29 19:00:00+00:00,13,3,4,0,0.0
2019-11-29 19:00:00+00:00,14,1,14,0,0.0
2019-11-29 19:00:00+00:00,14,2,2,0,0.0
2019-11-29 19:00:00+00:00,15,1,19,0,0.0
2019-11-29 19:00:00+00:00,15,2,7,0,0.0
2019-11-29 19:00:00+00:00,15,3,11,0,0.0
2019-11-29 19:00:00+00:00,16,1,4,0,0.0
2019-11-29 19:00:00+00:00,16,3,7,0,0.0
2019-11-29 19:00:00+00:00,17,1,14,0,0.0
2019-11-29 19:00:00+00:00,17,2,4,0,0.0
2019-11-29 19:00:00+00:00,18,1,21,0,0.0
2019-11-29 19:00:00+00:00,18,2,11,1,34.000000000000064
2019-11-29 19:00:00+00:00,18,3,9,0,0.0
2019-11-29 19:00:00+00:00,19,2,1,0,0.0
2019-11-29 19:00:00+00:00,20,1,10,0,0.0
2019-11-29 19:00:00+00:00,20,2,15,0,0.0
2019-11-29 19:00:00+00:00,20,3,10,0,0.0
2019-11-29 19:00:00+00:00,21,2,3,0,0.0
2019-11-29 19:00:00+00:00,21,3,5,0,0.0
2019-11-29 19:00:00+00:00,22,2,6,0,0.0
2019-11-29 19:00:00+00:00,22,3,3,0,0.0
2019-11-29 19:00:00+00:00,23,1,1,0,0.0
2019-11-29 19:00:00+00:00,23,3,18,0,0.0
2019-11-29 19:00:00+00:00,24,1,19,0,0.0
2019-11-29 19:00:00+00:00,24,2,12,0,0.0
2019-11-29 19:00:00+00:00,24,3,9,0,0.0
2019-11-29 19:00:00+00:00,25,1,5,0,0.0
2019-11-29 19:00:00+00:00,25,2,4,0,0.0
2019-11-29 19:00:00+00:00,25,3,10,0,0.0
2019-11-29 19:00:00+00:00,26,1,5,0,0.0
2019-11-29 19:00:00+00:00,26,2,4,0,0.0
2019-11-29 19:00:00+00:00,26,3,9,0,0.0
2019-11-29 19:00:00+00:00,27,2,4,0,0.0
2019-11-29 19:00:00+00:00,27,3,5,0,0.0
2019-11-29 19:00:00+00:00,28,2,4,0,0.0
2019-11-29 19:00:00+00:00,28,3,9,0,0.0
2019-11-29 19:00:00+00:00,29,1,7,0,0.0
2019-11-29 19:00:00+00:00,29,3,9,0,0.0
2019-11-29 19:00:00+00:00,30,1,11,0,0.0
2019-11-29 19:00:00+00:00,30,3,6,0,0.0
2019-11-29 19:00:00+00:00,31,1,1,0,0.0
2019-11-29 19:00:00+00:00,31,2,19,0,0.0
2019-11-29 19:00:00+00:00,32,1,7,0,0.0
2019-11-29 19:00:00+00:00,32,3,9,0,0.0
2019-11-29 19:00:00+00:00,33,1,2,0,0.0
2019-11-29 19:00:00+00:00,33,2,9,0,0.0
2019-11-29 19:00:00+00:00,33,3,6,0,0.0
2019-11-29 20:00:00+00:00,0,1,2,0,0.0
2019-11-29 20:00:00+00:00,0,2,16,0,0.0
2019-11-29 20:00:00+00:00,0,3,4,0,0.0
2019-11-29 20:00:00+00:00,1,1,3,0,0.0
2019-11-29 20:00:00+00:00,1,3,2,0,0.0
2019-11-29 20:00:00+00:00,2,1,7,0,0.0
2019-11-29 20:00:00+00:00,2,2,11,0,0.0
2019-11-29 20:00:00+00:00,2,3,2,0,0.0
2019-11-29 20:00:00+00:00,3,1,11,0,0.0
2019-11-29 20:00:00+00:00,3,2,5,0,0.0
2019-11-29 20:00:00+00:00,3,3,5,0,0.0
2019-11-29 20:00:00+00:00,4,1,3,0,0.0
2019-11-29 20:00:00+00:00,4,2,2,0,0.0
2019-11-29 20:00:00+00:00,4,3,12,0,0.0
2019-11-29 20:00:00+00:00,5,1,5,0,0.0
2019-11-29 20:00:00+00:00,5,2,9,0,0.0
2019-11-29 20:00:00+00:00,5,3,7,0,0.0
2019-11-29 20:00:00+00:00,6,1,14,0,0.0
2019-11-29 20:00:00+00:00,6,2,10,0,0.0
2019-11-29 20:00:00+00:00,6,3,3,0,0.0
2019-11-29 20:00:00+00:00,7,2,6,0,0.0
2019-11-29 20:00:00+00:00,7,3,5,0,0.0
2019-11-29 20:00:00+00:00,8,1,8,0,0.0
2019-11-29 20:00:00+00:00,8,2,10,0,0.0
2019-11-29 20:00:00+00:00,8,3,5,0,0.0
2019-11-29 20:00:00+00:00,9,1,24,0,0.0
2019-11-29 20:00:00+00:00,9,2,7,0,0.0
2019-11-29 20:00:00+00:00,9,3,23,0,0.0
2019-11-29 20:00:00+00:00,10,1,4,0,0.0
2019-11-29 20:00:00+00:00,10,2,2,0,0.0
2019-11-29 20:00:00+00:00,10,3,3,0,0.0
2019-11-29 20:00:00+00:00,11,1,4,0,0.0
2019-11-29 20:00:00+00:00,11,3,4,0,0.0
2019-11-29 20:00:00+00:00,12,2,5,0,0.0
2019-11-29 20:00:00+00:00,13,1,6,0,0.0
2019-11-29 20:00:00+00:00,13,2,3,0,0.0
2019-11-29 20:00:00+00:00,13,3,2,0,0.0
2019-11-29 20:00:00+00:00,14,1,11,0,0.0
2019-11-29 20:00:00+00:00,14,2,5,0,0.0
2019-11-29 20:00:00+00:00,14,3,13,0,0.0
2019-11-29 20:00:00+00:00,15,1,5,0,0.0
2019-11-29 20:00:00+00:00,15,2,8,0,0.0
2019-11-29 20:00:00+00:00,15,3,2,0,0.0
2019-11-29 20:00:00+00:00,16,1,11,0,0.0
2019-11-29 20:00:00+00:00,16,2,5,0,0.0
2019-11-29 20:00:00+00:00,16,3,21,1,34.000000000000064
2019-11-29 20:00:00+00:00,17,1,13,0,0.0
2019-11-29 20:00:00+00:00,17,2,19,0,0.0
2019-11-29 20:00:00+00:00,17,3,5,0,0.0
2019-11-29 20:00:00+00:00,18,1,3,0,0.0
2019-11-29 20:00:00+00:00,18,3,20,0,0.0
2019-11-29 20:00:00+00:00,19,1,3,0,0.0
2019-11-29 20:00:00+00:00,19,2,6,1,34.000000000000064
2019-11-29 20:00:00+00:00,19,3,1,0,0.0
2019-11-29 20:00:00+00:00,20,1,6,0,0.0
2019-11-29 20:00:00+00:00,20,2,5,0,0.0
2019-11-29 20:00:00+00:00,20,3,5,0,0.0
2019-11-29 20:00:00+00:00,21,1,3,0,0.0
2019-11-29 20:00:00+00:00,21,2,5,0,0.0
2019-11-29 20:00:00+00:00,21,3,3,0,0.0
2019-11-29 20:00:00+00:00,22,1,3,0,0.0
2019-11-29 20:00:00+00:00,22,3,13,0,0.0
2019-11-29 20:00:00+00:00,23,1,7,0,0.0
2019-11-29 20:00:00+00:00,23,2,3,0,0.0
2019-11-29 20:00:00+00:00,24,1,7,0,0.0
2019-11-29 20:00:00+00:00,24,3,12,0,0.0
2019-11-29 20:00:00+00:00,25,1,2,0,0.0
2019-11-29 20:00:00+00:00,25,2,8,0,0.0
2019-11-29 20:00:00+00:00,25,3,4,0,0.0
2019-11-29 20:00:00+00:00,26,1,2,0,0.0
2019-11-29 20:00:00+00:00,26,2,16,0,0.0
2019-11-29 20:00:00+00:00,27,1,9,0,0.0
2019-11-29 20:00:00+00:00,27,2,3,0,0.0
2019-11-29 20:00:00+00:00,28,2,2,0,0.0
2019-11-29 20:00:00+00:00,28,3,3,0,0.0
2019-11-29 20:00:00+00:00,29,1,6,0,0.0
2019-11-29 20:00:00+00:00,29,2,3,0,0.0
2019-11-29 20:00:00+00:00,29,3,4,0,0.0
2019-11-29 20:00:00+00:00,30,2,8,0,0.0
2019-11-29 20:00:00+00:00,30,3,5,0,0.0
2019-11-29 20:00:00+00:00,31,1,7,0,0.0
2019-11-29 20:00:00+00:00,31,3,4,0,0.0
2019-11-29 20:00:00+00:00,32,1,13,0,0.0
2019-11-29 20:00:00+00:00,32,2,17,0,0.0
2019-11-29 20:00:00+00:00,32,3,11,0,0.0
2019-11-29 20:00:00+00:00,33,1,3,0,0.0
2019-11-29 20:00:00+00:00,33,2,6,0,0.0
2019-11-29 20:00:00+00:00,33,3,2,0,0.0
2019-11-29 21:00:00+00:00,0,1,2,0,0.0
2019-11-29 21:00:00+00:00,0,2,2,0,0.0
2019-11-29 21:00:00+00:00,0,3,8,0,0.0
2019-11-29 21:00:00+00:00,1,1,3,0,0.0
2019-11-29 21:00:00+00:00,1,2,6,0,0.0
2019-11-29 21:00:00+00:00,1,3,19,0,0.0
2019-11-29 21:00:00+00:00,2,1,18,0,0.0
2019-11-29 21:00:00+00:00,2,2,4,0,0.0
2019-11-29 21:00:00+00:00,2,3,12,0,0.0
2019-11-29 21:00:00+00:00,3,1,15,0,0.0
2019-11-29 21:00:00+00:00,3,2,7,0,0.0
2019-11-29 21:00:00+00:00,3,3,5,0,0.0
2019-11-29 21:00:00+00:00,4,1,9,0,0.0
2019-11-29 21:00:00+00:00,4,2,4,0,0.0
2019-11-29 21:00:00+00:00,4,3,1,0,0.0
2019-11-29 21:00:00+00:00,5,1,8,0,0.0
2019-11-29 21:00:00+00:00,5,2,13,0,0.0
2019-11-29 21:00:00+00:00,5,3,5,0,0.0
2019-11-29 21:00:00+00:00,6,1,11,0,0.0
2019-11-29 21:00:00+00:00,6,2,22,0,0.0
2019-11-29 21:00:00+00:00,6,3,7,0,0.0
2019-11-29 21:00:00+00:00,7,2,4,0,0.0
2019-11-29 21:00:00+00:00,7,3,2,0,0.0
2019-11-29 21:00:00+00:00,8,1,8,0,0.0
2019-11-29 21:00:00+00:00,8,2,4,0,0.0
2019-11-29 21:00:00+00:00,8,3,10,0,0.0
2019-11-29 21:00:00+00:00,9,1,20,0,0.0
2019-11-29 21:00:00+00:00,9,2,11,0,0.0
2019-11-29 21:00:00+00:00,9,3,13,0,0.0
2019-11-29 21:00:00+00:00,10,2,12,0,0.0
2019-11-29 21:00:00+00:00,10,3,6,0,0.0
2019-11-29 21:00:00+00:00,11,1,1,0,0.0
2019-11-29 21:00:00+00:00,11,2,7,0,0.0
2019-11-29 21:00:00+00:00,11,3,14,0,0.0
2019-11-29 21:00:00+00:00,12,1,4,0,0.0
2019-11-29 21:00:00+00:00,12,3,6,0,0.0
2019-11-29 21:00:00+00:00,13,1,9,0,0.0
2019-11-29 21:00:00+00:00,13,3,5,0,0.0
2019-11-29 21:00:00+00:00,14,1,29,0,0.0
2019-11-29 21:00:00+00:00,14,2,20,0,0.0
2019-11-29 21:00:00+00:00,14,3,21,0,0.0
2019-11-29 21:00:00+00:00,15,1,4,0,0.0
2019-11-29 21:00:00+00:00,15,2,5,0,0.0
2019-11-29 21:00:00+00:00,15,3,4,0,0.0
2019-11-29 21:00:00+00:00,16,1,4,0,0.0
2019-11-29 21:00:00+00:00,16,2,11,0,0.0
2019-11-29 21:00:00+00:00,16,3,12,0,0.0
2019-11-29 21:00:00+00:00,17,1,5,0,0.0
2019-11-29 21:00:00+00:00,17,2,8,0,0.0
2019-11-29 21:00:00+00:00,17,3,30,0,0.0
2019-11-29 21:00:00+00:00,18,1,3,0,0.0
2019-11-29 21:00:00+00:00,18,2,11,0,0.0
2019-11-29 21:00:00+00:00,18,3,15,0,0.0
2019-11-29 21:00:00+00:00,19,1,4,0,0.0
2019-11-29 21:00:00+00:00,19,2,8,0,0.0
2019-11-29 21:00:00+00:00,19,3,7,0,0.0
2019-11-29 21:00:00+00:00,20,1,15,0,0.0
2019-11-29 21:00:00+00:00,20,2,11,0,0.0
2019-11-29 21:00:00+00:00,20,3,8,0,0.0
2019-11-29 21:00:00+00:00,21,1,2,0,0.0
2019-11-29 21:00:00+00:00,21,2,14,0,0.0
2019-11-29 21:00:00+00:00,21,3,2,0,0.0
2019-11-29 21:00:00+00:00,22,1,8,0,0.0
2019-11-29 21:00:00+00:00,22,2,20,0,0.0
2019-11-29 21:00:00+00:00,22,3,11,0,0.0
2019-11-29 21:00:00+00:00,23,1,6,0,0.0
2019-11-29 21:00:00+00:00,23,2,9,0,0.0
2019-11-29 21:00:00+00:00,23,3,7,0,0.0
2019-11-29 21:00:00+00:00,24,1,38,0,0.0
2019-11-29 21:00:00+00:00,24,2,12,0,0.0
2019-11-29 21:00:00+00:00,25,1,13,0,0.0
2019-11-29 21:00:00+00:00,25,2,7,0,0.0
2019-11-29 21:00:00+00:00,25,3,14,0,0.0
2019-11-29 21:00:00+00:00,26,2,16,0,0.0
2019-11-29 21:00:00+00:00,26,3,8,0,0.0
2019-11-29 21:00:00+00:00,27,1,14,0,0.0
2019-11-29 21:00:00+00:00,27,3,16,0,0.0
2019-11-29 21:00:00+00:00,28,1,10,0,0.0
2019-11-29 21:00:00+00:00,28,2,4,0,0.0
2019-11-29 21:00:00+00:00,28,3,11,0,0.0
2019-11-29 21:00:00+00:00,29,1,6,0,0.0
2019-11-29 21:00:00+00:00,29,2,16,0,0.0
2019-11-29 21:00:00+00:00,29,3,9,0,0.0
2019-11-29 21:00:00+00:00,30,1,17,0,0.0
2019-11-29 21:00:00+00:00,30,2,6,0,0.0
2019-11-29 21:00:00+00:00,30,3,15,0,0.0
2019-11-29 21:00:00+00:00,31,1,12,0,0.0
2019-11-29 21:00:00+00:00,31,2,14,0,0.0
2019-11-29 21:00:00+00:00,32,1,10,0,0.0
2019-11-29 21:00:00+00:00,32,2,16,0,0.0
2019-11-29 21:00:00+00:00,32,3,8,0,0.0
2019-11-29 21:00:00+00:00,33,1,9,0,0.0
2019-11-29 21:00:00+00:00,33,2,13,0,0.0
2019-11-29 21:00:00+00:00,33,3,6,0,0.0
2019-11-29 22:00:00+00:00,0,1,28,0,0.0
2019-11-29 22:00:00+00:00,0,2,11,0,0.0
2019-11-29 22:00:00+00:00,0,3,10,0,0.0
2019-11-29 22:00:00+00:00,1,2,19,0,0.0
2019-11-29 22:00:00+00:00,1,3,31,0,0.0
2019-11-29 22:00:00+00:00,2,1,28,0,0.0
2019-11-29 22:00:00+00:00,2,2,2,0,0.0
2019-11-29 22:00:00+00:00,2,3,12,0,0.0
2019-11-29 22:00:00+00:00,3,1,10,0,0.0
2019-11-29 22:00:00+00:00,3,2,13,0,0.0
2019-11-29 22:00:00+00:00,3,3,4,0,0.0
2019-11-29 22:00:00+00:00,4,1,20,0,0.0
2019-11-29 22:00:00+00:00,4,2,20,0,0.0
2019-11-29 22:00:00+00:00,4,3,7,0,0.0
2019-11-29 22:00:00+00:00,5,1,15,0,0.0
2019-11-29 22:00:00+00:00,5,2,10,0,0.0
2019-11-29 22:00:00+00:00,6,1,16,0,0.0
2019-11-29 22:00:00+00:00,6,2,1,0,0.0
2019-11-29 22:00:00+00:00,6,3,11,0,0.0
2019-11-29 22:00:00+00:00,7,1,9,0,0.0
2019-11-29 22:00:00+00:00,7,2,9,0,0.0
2019-11-29 22:00:00+00:00,7,3,33,0,0.0
2019-11-29 22:00:00+00:00,8,1,7,0,0.0
2019-11-29 22:00:00+00:00,8,2,16,0,0.0
2019-11-29 22:00:00+00:00,8,3,15,0,0.0
2019-11-29 22:00:00+00:00,9,1,39,0,0.0
2019-11-29 22:00:00+00:00,9,2,15,0,0.0
2019-11-29 22:00:00+00:00,9,3,13,0,0.0
2019-11-29 22:00:00+00:00,10,1,9,0,0.0
2019-11-29 22:00:00+00:00,10,2,27,0,0.0
2019-11-29 22:00:00+00:00,10,3,19,0,0.0
2019-11-29 22:00:00+00:00,11,1,13,0,0.0
2019-11-29 22:00:00+00:00,11,2,19,0,0.0
2019-11-29 22:00:00+00:00,11,3,30,0,0.0
2019-11-29 22:00:00+00:00,12,1,17,0,0.0
2019-11-29 22:00:00+00:00,12,2,15,0,0.0
2019-11-29 22:00:00+00:00,12,3,17,0,0.0
2019-11-29 22:00:00+00:00,13,1,13,0,0.0
2019-11-29 22:00:00+00:00,13,2,25,0,0.0
2019-11-29 22:00:00+00:00,13,3,10,0,0.0
2019-11-29 22:00:00+00:00,14,1,18,1,34.000000000000064
2019-11-29 22:00:00+00:00,14,2,3,0,0.0
2019-11-29 22:00:00+00:00,14,3,25,0,0.0
2019-11-29 22:00:00+00:00,15,1,10,0,0.0
2019-11-29 22:00:00+00:00,15,2,6,0,0.0
2019-11-29 22:00:00+00:00,15,3,16,0,0.0
2019-11-29 22:00:00+00:00,16,1,22,0,0.0
2019-11-29 22:00:00+00:00,16,2,24,0,0.0
2019-11-29 22:00:00+00:00,16,3,23,0,0.0
2019-11-29 22:00:00+00:00,17,1,8,0,0.0
2019-11-29 22:00:00+00:00,17,3,2,0,0.0
2019-11-29 22:00:00+00:00,18,1,7,0,0.0
2019-11-29 22:00:00+00:00,18,2,29,0,0.0
2019-11-29 22:00:00+00:00,18,3,8,0,0.0
2019-11-29 22:00:00+00:00,19,1,1,0,0.0
2019-11-29 22:00:00+00:00,19,2,10,0,0.0
2019-11-29 22:00:00+00:00,19,3,16,0,0.0
2019-11-29 22:00:00+00:00,20,1,17,0,0.0
2019-11-29 22:00:00+00:00,20,2,7,0,0.0
2019-11-29 22:00:00+00:00,20,3,28,0,0.0
2019-11-29 22:00:00+00:00,21,1,22,0,0.0
2019-11-29 22:00:00+00:00,21,2,7,0,0.0
2019-11-29 22:00:00+00:00,21,3,5,0,0.0
2019-11-29 22:00:00+00:00,22,1,9,0,0.0
2019-11-29 22:00:00+00:00,22,2,28,1,34.000000000000064
2019-11-29 22:00:00+00:00,22,3,12,0,0.0
2019-11-29 22:00:00+00:00,23,1,21,2,68.00000000000013
2019-11-29 22:00:00+00:00,23,2,34,0,0.0
2019-11-29 22:00:00+00:00,23,3,5,0,0.0
2019-11-29 22:00:00+00:00,24,1,16,1,34.000000000000064
2019-11-29 22:00:00+00:00,24,2,12,0,0.0
2019-11-29 22:00:00+00:00,24,3,28,0,0.0
2019-11-29 22:00:00+00:00,25,1,16,0,0.0
2019-11-29 22:00:00+00:00,25,2,4,0,0.0
2019-11-29 22:00:00+00:00,25,3,19,0,0.0
2019-11-29 22:00:00+00:00,26,1,14,0,0.0
2019-11-29 22:00:00+00:00,26,2,27,0,0.0
2019-11-29 22:00:00+00:00,26,3,8,0,0.0
2019-11-29 22:00:00+00:00,27,1,16,0,0.0
2019-11-29 22:00:00+00:00,27,2,7,0,0.0
2019-11-29 22:00:00+00:00,27,3,30,1,34.000000000000064
2019-11-29 22:00:00+00:00,28,1,9,0,0.0
2019-11-29 22:00:00+00:00,28,2,25,0,0.0
2019-11-29 22:00:00+00:00,28,3,3,0,0.0
2019-11-29 22:00:00+00:00,29,1,14,0,0.0
2019-11-29 22:00:00+00:00,29,2,23,0,0.0
2019-11-29 22:00:00+00:00,29,3,14,0,0.0
2019-11-29 22:00:00+00:00,30,1,4,0,0.0
2019-11-29 22:00:00+00:00,30,2,8,0,0.0
2019-11-29 22:00:00+00:00,31,1,26,0,0.0
2019-11-29 22:00:00+00:00,31,2,26,0,0.0
2019-11-29 22:00:00+00:00,31,3,23,0,0.0
2019-11-29 22:00:00+00:00,32,1,22,0,0.0
2019-11-29 22:00:00+00:00,32,2,3,0,0.0
2019-11-29 22:00:00+00:00,32,3,14,0,0.0
2019-11-29 22:00:00+00:00,33,1,16,0,0.0
2019-11-29 22:00:00+00:00,33,2,26,0,0.0
2019-11-29 22:00:00+00:00,33,3,19,0,0.0
2019-11-29 23:00:00+00:00,0,1,11,0,0.0
2019-11-29 23:00:00+00:00,0,2,9,0,0.0
2019-11-29 23:00:00+00:00,0,3,29,0,0.0
2019-11-29 23:00:00+00:00,1,1,9,0,0.0
2019-11-29 23:00:00+00:00,1,2,37,0,0.0
2019-11-29 23:00:00+00:00,1,3,11,0,0.0
2019-11-29 23:00:00+00:00,2,1,37,0,0.0
2019-11-29 23:00:00+00:00,2,2,22,0,0.0
2019-11-29 23:00:00+00:00,2,3,12,0,0.0
2019-11-29 23:00:00+00:00,3,1,19,0,0.0
2019-11-29 23:00:00+00:00,3,2,26,0,0.0
2019-11-29 23:00:00+00:00,3,3,3,0,0.0
2019-11-29 23:00:00+00:00,4,1,7,0,0.0
2019-11-29 23:00:00+00:00,4,2,45,0,0.0
2019-11-29 23:00:00+00:00,4,3,41,0,0.0
2019-11-29 23:00:00+00:00,5,1,10,0,0.0
2019-11-29 23:00:00+00:00,5,2,40,0,0.0
2019-11-29 23:00:00+00:00,5,3,2,0,0.0
2019-11-29 23:00:00+00:00,6,1,21,0,0.0
2019-11-29 23:00:00+00:00,6,2,9,0,0.0
2019-11-29 23:00:00+00:00,7,1,13,0,0.0
2019-11-29 23:00:00+00:00,7,2,9,0,0.0
2019-11-29 23:00:00+00:00,7,3,4,0,0.0
2019-11-29 23:00:00+00:00,8,1,16,0,0.0
2019-11-29 23:00:00+00:00,8,2,8,0,0.0
2019-11-29 23:00:00+00:00,8,3,28,0,0.0
2019-11-29 23:00:00+00:00,9,1,26,0,0.0
2019-11-29 23:00:00+00:00,9,2,10,0,0.0
2019-11-29 23:00:00+00:00,9,3,17,0,0.0
2019-11-29 23:00:00+00:00,10,1,23,0,0.0
2019-11-29 23:00:00+00:00,10,2,19,0,0.0
2019-11-29 23:00:00+00:00,10,3,16,0,0.0
2019-11-29 23:00:00+00:00,11,1,39,0,0.0
2019-11-29 23:00:00+00:00,11,2,40,0,0.0
2019-11-29 23:00:00+00:00,11,3,36,0,0.0
2019-11-29 23:00:00+00:00,12,1,19,0,0.0
2019-11-29 23:00:00+00:00,12,2,33,1,34.000000000000064
2019-11-29 23:00:00+00:00,12,3,48,0,0.0
2019-11-29 23:00:00+00:00,13,1,28,1,34.000000000000064
2019-11-29 23:00:00+00:00,13,2,8,0,0.0
2019-11-29 23:00:00+00:00,13,3,28,0,0.0
2019-11-29 23:00:00+00:00,14,1,57,0,0.0
2019-11-29 23:00:00+00:00,14,2,25,0,0.0
2019-11-29 23:00:00+00:00,14,3,28,0,0.0
2019-11-29 23:00:00+00:00,15,1,18,0,0.0
2019-11-29 23:00:00+00:00,15,2,21,0,0.0
2019-11-29 23:00:00+00:00,15,3,22,0,0.0
2019-11-29 23:00:00+00:00,16,1,28,0,0.0
2019-11-29 23:00:00+00:00,16,3,24,0,0.0
2019-11-29 23:00:00+00:00,17,1,22,0,0.0
2019-11-29 23:00:00+00:00,17,2,19,0,0.0
2019-11-29 23:00:00+00:00,17,3,7,0,0.0
2019-11-29 23:00:00+00:00,18,1,14,0,0.0
2019-11-29 23:00:00+00:00,18,2,11,0,0.0
2019-11-29 23:00:00+00:00,18,3,15,1,34.000000000000064
2019-11-29 23:00:00+00:00,19,1,23,0,0.0
2019-11-29 23:00:00+00:00,19,2,10,0,0.0
2019-11-29 23:00:00+00:00,19,3,5,0,0.0
2019-11-29 23:00:00+00:00,20,1,19,0,0.0
2019-11-29 23:00:00+00:00,20,2,28,0,0.0
2019-11-29 23:00:00+00:00,20,3,20,0,0.0
2019-11-29 23:00:00+00:00,21,1,15,0,0.0
2019-11-29 23:00:00+00:00,21,2,22,0,0.0
2019-11-29 23:00:00+00:00,21,3,27,0,0.0
2019-11-29 23:00:00+00:00,22,1,11,0,0.0
2019-11-29 23:00:00+00:00,22,2,22,0,0.0
2019-11-29 23:00:00+00:00,22,3,52,0,0.0
2019-11-29 23:00:00+00:00,23,1,21,1,34.000000000000064
2019-11-29 23:00:00+00:00,23,3,19,0,0.0
2019-11-29 23:00:00+00:00,24,1,4,1,34.000000000000064
2019-11-29 23:00:00+00:00,24,2,12,0,0.0
2019-11-29 23:00:00+00:00,24,3,12,0,0.0
2019-11-29 23:00:00+00:00,25,1,19,0,0.0
2019-11-29 23:00:00+00:00,25,2,20,0,0.0
2019-11-29 23:00:00+00:00,25,3,3,0,0.0
2019-11-29 23:00:00+00:00,26,1,17,0,0.0
2019-11-29 23:00:00+00:00,26,2,11,0,0.0
2019-11-29 23:00:00+00:00,26,3,19,0,0.0
2019-11-29 23:00:00+00:00,27,1,8,0,0.0
2019-11-29 23:00:00+00:00,27,2,32,0,0.0
2019-11-29 23:00:00+00:00,27,3,26,0,0.0
2019-11-29 23:00:00+00:00,28,1,34,0,0.0
2019-11-29 23:00:00+00:00,28,2,15,0,0.0
2019-11-29 23:00:00+00:00,28,3,8,0,0.0
2019-11-29 23:00:00+00:00,29,1,12,0,0.0
2019-11-29 23:00:00+00:00,29,2,26,0,0.0
2019-11-29 23:00:00+00:00,29,3,18,0,0.0
2019-11-29 23:00:00+00:00,30,1,20,0,0.0
2019-11-29 23:00:00+00:00,30,2,27,0,0.0
2019-11-29 23:00:00+00:00,30,3,10,1,34.000000000000064
2019-11-29 23:00:00+00:00,31,1,7,0,0.0
2019-11-29 23:00:00+00:00,31,2,6,0,0.0
2019-11-29 23:00:00+00:00,31,3,40,0,0.0
2019-11-29 23:00:00+00:00,32,1,19,0,0.0
2019-11-29 23:00:00+00:00,32,2,24,0,0.0
2019-11-29 23:00:00+00:00,32,3,20,0,0.0
2019-11-29 23:00:00+00:00,33,1,10,0,0.0
2019-11-29 23:00:00+00:00,33,2,10,0,0.0
2019-11-29 23:00:00+00:00,33,3,6,0,0.0
2019-11-30 00:00:00+00:00,0,1,19,0,0.0
2019-11-30 00:00:00+00:00,0,2,12,0,0.0
2019-11-30 00:00:00+00:00,0,3,37,0,0.0
2019-11-30 00:00:00+00:00,1,1,17,0,0.0
2019-11-30 00:00:00+00:00,1,2,18,0,0.0
2019-11-30 00:00:00+00:00,1,3,3,0,0.0
2019-11-30 00:00:00+00:00,2,1,23,0,0.0
2019-11-30 00:00:00+00:00,2,2,27,0,0.0
2019-11-30 00:00:00+00:00,2,3,11,0,0.0
2019-11-30 00:00:00+00:00,3,1,12,0,0.0
2019-11-30 00:00:00+00:00,3,2,23,0,0.0
2019-11-30 00:00:00+00:00,3,3,37,0,0.0
2019-11-30 00:00:00+00:00,4,1,29,0,0.0
2019-11-30 00:00:00+00:00,4,2,18,0,0.0
2019-11-30 00:00:00+00:00,4,3,16,0,0.0
2019-11-30 00:00:00+00:00,5,1,12,0,0.0
2019-11-30 00:00:00+00:00,5,2,24,0,0.0
2019-11-30 00:00:00+00:00,5,3,21,0,0.0
2019-11-30 00:00:00+00:00,6,1,33,1,34.000000000000064
2019-11-30 00:00:00+00:00,6,2,13,0,0.0
2019-11-30 00:00:00+00:00,6,3,35,0,0.0
2019-11-30 00:00:00+00:00,7,1,22,0,0.0
2019-11-30 00:00:00+00:00,7,2,20,0,0.0
2019-11-30 00:00:00+00:00,7,3,17,0,0.0
2019-11-30 00:00:00+00:00,8,1,20,0,0.0
2019-11-30 00:00:00+00:00,8,2,31,0,0.0
2019-11-30 00:00:00+00:00,8,3,50,0,0.0
2019-11-30 00:00:00+00:00,9,1,28,0,0.0
2019-11-30 00:00:00+00:00,9,2,8,0,0.0
2019-11-30 00:00:00+00:00,9,3,17,0,0.0
2019-11-30 00:00:00+00:00,10,1,3,0,0.0
2019-11-30 00:00:00+00:00,10,2,24,0,0.0
2019-11-30 00:00:00+00:00,10,3,38,0,0.0
2019-11-30 00:00:00+00:00,11,1,29,1,34.000000000000064
2019-11-30 00:00:00+00:00,11,2,42,0,0.0
2019-11-30 00:00:00+00:00,11,3,15,0,0.0
2019-11-30 00:00:00+00:00,12,1,17,0,0.0
2019-11-30 00:00:00+00:00,12,2,39,0,0.0
2019-11-30 00:00:00+00:00,12,3,56,1,34.000000000000064
2019-11-30 00:00:00+00:00,13,1,11,0,0.0
2019-11-30 00:00:00+00:00,13,2,29,1,34.000000000000064
2019-11-30 00:00:00+00:00,13,3,20,0,0.0
2019-11-30 00:00:00+00:00,14,1,13,0,0.0
2019-11-30 00:00:00+00:00,14,2,15,0,0.0
2019-11-30 00:00:00+00:00,14,3,33,3,102.0000000000002
2019-11-30 00:00:00+00:00,15,1,14,0,0.0
2019-11-30 00:00:00+00:00,15,2,19,0,0.0
2019-11-30 00:00:00+00:00,15,3,19,0,0.0
2019-11-30 00:00:00+00:00,16,1,30,0,0.0
2019-11-30 00:00:00+00:00,16,2,13,0,0.0
2019-11-30 00:00:00+00:00,16,3,18,0,0.0
2019-11-30 00:00:00+00:00,17,1,35,0,0.0
2019-11-30 00:00:00+00:00,17,2,17,0,0.0
2019-11-30 00:00:00+00:00,17,3,10,0,0.0
2019-11-30 00:00:00+00:00,18,1,6,0,0.0
2019-11-30 00:00:00+00:00,18,2,51,2,68.00000000000013
2019-11-30 00:00:00+00:00,18,3,11,0,0.0
2019-11-30 00:00:00+00:00,19,1,32,0,0.0
2019-11-30 00:00:00+00:00,19,2,21,0,0.0
2019-11-30 00:00:00+00:00,19,3,20,0,0.0
2019-11-30 00:00:00+00:00,20,1,9,1,34.000000000000064
2019-11-30 00:00:00+00:00,20,2,17,0,0.0
2019-11-30 00:00:00+00:00,20,3,21,0,0.0
2019-11-30 00:00:00+00:00,21,1,24,0,0.0
2019-11-30 00:00:00+00:00,21,2,25,0,0.0
2019-11-30 00:00:00+00:00,21,3,16,0,0.0
2019-11-30 00:00:00+00:00,22,1,37,0,0.0
2019-11-30 00:00:00+00:00,22,2,14,3,102.0000000000002
2019-11-30 00:00:00+00:00,22,3,23,0,0.0
2019-11-30 00:00:00+00:00,23,1,3,0,0.0
2019-11-30 00:00:00+00:00,23,2,13,0,0.0
2019-11-30 00:00:00+00:00,23,3,12,0,0.0
2019-11-30 00:00:00+00:00,24,1,34,0,0.0
2019-11-30 00:00:00+00:00,24,2,22,0,0.0
2019-11-30 00:00:00+00:00,24,3,14,0,0.0
2019-11-30 00:00:00+00:00,25,1,36,0,0.0
2019-11-30 00:00:00+00:00,25,2,4,0,0.0
2019-11-30 00:00:00+00:00,26,1,25,0,0.0
2019-11-30 00:00:00+00:00,26,2,18,0,0.0
2019-11-30 00:00:00+00:00,26,3,20,0,0.0
2019-11-30 00:00:00+00:00,27,1,13,0,0.0
2019-11-30 00:00:00+00:00,27,2,17,0,0.0
2019-11-30 00:00:00+00:00,27,3,25,0,0.0
2019-11-30 00:00:00+00:00,28,1,30,0,0.0
2019-11-30 00:00:00+00:00,28,2,47,1,34.000000000000064
2019-11-30 00:00:00+00:00,28,3,37,0,0.0
2019-11-30 00:00:00+00:00,29,1,46,0,0.0
2019-11-30 00:00:00+00:00,29,2,9,0,0.0
2019-11-30 00:00:00+00:00,29,3,30,0,0.0
2019-11-30 00:00:00+00:00,30,1,22,1,34.000000000000064
2019-11-30 00:00:00+00:00,30,2,20,0,0.0
2019-11-30 00:00:00+00:00,30,3,15,0,0.0
2019-11-30 00:00:00+00:00,31,1,26,0,0.0
2019-11-30 00:00:00+00:00,31,2,3,0,0.0
2019-11-30 00:00:00+00:00,31,3,18,0,0.0
2019-11-30 00:00:00+00:00,32,1,12,0,0.0
2019-11-30 00:00:00+00:00,32,2,58,0,0.0
2019-11-30 00:00:00+00:00,32,3,13,0,0.0
2019-11-30 00:00:00+00:00,33,1,29,0,0.0
2019-11-30 00:00:00+00:00,33,2,22,0,0.0
2019-11-30 00:00:00+00:00,33,3,25,0,0.0
2019-11-30 01:00:00+00:00,0,1,30,0,0.0
2019-11-30 01:00:00+00:00,0,2,12,0,0.0
2019-11-30 01:00:00+00:00,0,3,18,1,34.000000000000064
2019-11-30 01:00:00+00:00,1,1,28,0,0.0
2019-11-30 01:00:00+00:00,1,2,18,0,0.0
2019-11-30 01:00:00+00:00,1,3,19,0,0.0
2019-11-30 01:00:00+00:00,2,1,34,0,0.0
2019-11-30 01:00:00+00:00,2,2,34,0,0.0
2019-11-30 01:00:00+00:00,2,3,21,0,0.0
2019-11-30 01:00:00+00:00,3,1,30,0,0.0
2019-11-30 01:00:00+00:00,3,2,37,3,102.0000000000002
2019-11-30 01:00:00+00:00,3,3,45,4,136.00000000000026
2019-11-30 01:00:00+00:00,4,1,28,0,0.0
2019-11-30 01:00:00+00:00,4,2,10,0,0.0
2019-11-30 01:00:00+00:00,4,3,25,0,0.0
2019-11-30 01:00:00+00:00,5,1,21,0,0.0
2019-11-30 01:00:00+00:00,5,2,27,0,0.0
2019-11-30 01:00:00+00:00,5,3,25,0,0.0
2019-11-30 01:00:00+00:00,6,1,16,0,0.0
2019-11-30 01:00:00+00:00,6,2,10,0,0.0
2019-11-30 01:00:00+00:00,6,3,28,0,0.0
2019-11-30 01:00:00+00:00,7,1,26,0,0.0
2019-11-30 01:00:00+00:00,7,2,24,0,0.0
2019-11-30 01:00:00+00:00,7,3,9,0,0.0
2019-11-30 01:00:00+00:00,8,1,6,0,0.0
2019-11-30 01:00:00+00:00,8,2,16,0,0.0
2019-11-30 01:00:00+00:00,8,3,19,0,0.0
2019-11-30 01:00:00+00:00,9,1,25,0,0.0
2019-11-30 01:00:00+00:00,9,2,1,0,0.0
2019-11-30 01:00:00+00:00,9,3,1,0,0.0
2019-11-30 01:00:00+00:00,10,1,12,0,0.0
2019-11-30 01:00:00+00:00,10,2,21,0,0.0
2019-11-30 01:00:00+00:00,10,3,7,0,0.0
2019-11-30 01:00:00+00:00,11,1,31,0,0.0
2019-11-30 01:00:00+00:00,11,2,27,0,0.0
2019-11-30 01:00:00+00:00,12,1,31,1,34.000000000000064
2019-11-30 01:00:00+00:00,12,2,18,0,0.0
2019-11-30 01:00:00+00:00,12,3,27,0,0.0
2019-11-30 01:00:00+00:00,13,1,17,0,0.0
2019-11-30 01:00:00+00:00,13,2,49,0,0.0
2019-11-30 01:00:00+00:00,13,3,33,0,0.0
2019-11-30 01:00:00+00:00,14,1,13,0,0.0
2019-11-30 01:00:00+00:00,14,2,41,0,0.0
2019-11-30 01:00:00+00:00,14,3,10,0,0.0
2019-11-30 01:00:00+00:00,15,1,52,0,0.0
2019-11-30 01:00:00+00:00,15,2,30,0,0.0
2019-11-30 01:00:00+00:00,15,3,23,0,0.0
2019-11-30 01:00:00+00:00,16,1,16,0,0.0
2019-11-30 01:00:00+00:00,16,2,44,0,0.0
2019-11-30 01:00:00+00:00,16,3,19,0,0.0
2019-11-30 01:00:00+00:00,17,1,28,0,0.0
2019-11-30 01:00:00+00:00,17,2,40,8,272.0000000000005
2019-11-30 01:00:00+00:00,17,3,38,0,0.0
2019-11-30 01:00:00+00:00,18,1,40,1,34.000000000000064
2019-11-30 01:00:00+00:00,18,2,14,0,0.0
2019-11-30 01:00:00+00:00,18,3,47,0,0.0
2019-11-30 01:00:00+00:00,19,1,15,0,0.0
2019-11-30 01:00:00+00:00,19,2,15,0,0.0
2019-11-30 01:00:00+00:00,19,3,49,0,0.0
2019-11-30 01:00:00+00:00,20,1,50,0,0.0
2019-11-30 01:00:00+00:00,20,2,41,0,0.0
2019-11-30 01:00:00+00:00,20,3,28,0,0.0
2019-11-30 01:00:00+00:00,21,1,8,0,0.0
2019-11-30 01:00:00+00:00,21,2,15,1,34.000000000000064
2019-11-30 01:00:00+00:00,21,3,30,0,0.0
2019-11-30 01:00:00+00:00,22,1,26,0,0.0
2019-11-30 01:00:00+00:00,22,2,31,0,0.0
2019-11-30 01:00:00+00:00,22,3,32,0,0.0
2019-11-30 01:00:00+00:00,23,1,22,0,0.0
2019-11-30 01:00:00+00:00,23,2,18,0,0.0
2019-11-30 01:00:00+00:00,23,3,22,0,0.0
2019-11-30 01:00:00+00:00,24,1,13,0,0.0
2019-11-30 01:00:00+00:00,24,2,21,0,0.0
2019-11-30 01:00:00+00:00,24,3,33,0,0.0
2019-11-30 01:00:00+00:00,25,1,21,0,0.0
2019-11-30 01:00:00+00:00,25,2,22,0,0.0
2019-11-30 01:00:00+00:00,25,3,25,0,0.0
2019-11-30 01:00:00+00:00,26,1,28,1,34.000000000000064
2019-11-30 01:00:00+00:00,26,2,27,0,0.0
2019-11-30 01:00:00+00:00,26,3,23,0,0.0
2019-11-30 01:00:00+00:00,27,1,8,0,0.0
2019-11-30 01:00:00+00:00,27,2,40,0,0.0
2019-11-30 01:00:00+00:00,27,3,33,0,0.0
2019-11-30 01:00:00+00:00,28,1,24,0,0.0
2019-11-30 01:00:00+00:00,28,2,20,0,0.0
2019-11-30 01:00:00+00:00,28,3,28,0,0.0
2019-11-30 01:00:00+00:00,29,1,43,0,0.0
2019-11-30 01:00:00+00:00,29,2,49,0,0.0
2019-11-30 01:00:00+00:00,29,3,31,1,34.000000000000064
2019-11-30 01:00:00+00:00,30,1,37,0,0.0
2019-11-30 01:00:00+00:00,30,2,17,0,0.0
2019-11-30 01:00:00+00:00,30,3,14,0,0.0
2019-11-30 01:00:00+00:00,31,1,16,0,0.0
2019-11-30 01:00:00+00:00,31,2,12,0,0.0
2019-11-30 01:00:00+00:00,31,3,53,1,34.000000000000064
2019-11-30 01:00:00+00:00,32,1,33,0,0.0
2019-11-30 01:00:00+00:00,32,3,17,0,0.0
2019-11-30 01:00:00+00:00,33,1,11,0,0.0
2019-11-30 01:00:00+00:00,33,2,43,0,0.0
2019-11-30 01:00:00+00:00,33,3,8,0,0.0
2019-11-30 02:00:00+00:00,0,1,16,0,0.0
2019-11-30 02:00:00+00:00,0,2,31,0,0.0
2019-11-30 02:00:00+00:00,0,3,14,0,0.0
2019-11-30 02:00:00+00:00,1,1,39,2,68.00000000000013
2019-11-30 02:00:00+00:00,1,2,32,0,0.0
2019-11-30 02:00:00+00:00,1,3,37,1,34.000000000000064
2019-11-30 02:00:00+00:00,2,1,38,2,68.00000000000013
2019-11-30 02:00:00+00:00,2,2,15,0,0.0
2019-11-30 02:00:00+00:00,2,3,28,0,0.0
2019-11-30 02:00:00+00:00,3,1,36,0,0.0
2019-11-30 02:00:00+00:00,3,2,27,0,0.0
2019-11-30 02:00:00+00:00,3,3,28,0,0.0
2019-11-30 02:00:00+00:00,4,1,14,0,0.0
2019-11-30 02:00:00+00:00,4,2,46,0,0.0
2019-11-30 02:00:00+00:00,4,3,26,0,0.0
2019-11-30 02:00:00+00:00,5,1,25,0,0.0
2019-11-30 02:00:00+00:00,5,2,17,0,0.0
2019-11-30 02:00:00+00:00,5,3,24,0,0.0
2019-11-30 02:00:00+00:00,6,1,11,0,0.0
2019-11-30 02:00:00+00:00,6,2,16,0,0.0
2019-11-30 02:00:00+00:00,6,3,6,0,0.0
2019-11-30 02:00:00+00:00,7,1,29,0,0.0
2019-11-30 02:00:00+00:00,7,2,34,2,68.00000000000013
2019-11-30 02:00:00+00:00,7,3,37,0,0.0
2019-11-30 02:00:00+00:00,8,1,18,0,0.0
2019-11-30 02:00:00+00:00,8,2,19,0,0.0
2019-11-30 02:00:00+00:00,8,3,25,0,0.0
2019-11-30 02:00:00+00:00,9,1,34,0,0.0
2019-11-30 02:00:00+00:00,9,2,17,0,0.0
2019-11-30 02:00:00+00:00,9,3,18,0,0.0
2019-11-30 02:00:00+00:00,10,1,34,0,0.0
2019-11-30 02:00:00+00:00,10,2,15,0,0.0
2019-11-30 02:00:00+00:00,10,3,29,0,0.0
2019-11-30 02:00:00+00:00,11,1,33,0,0.0
2019-11-30 02:00:00+00:00,11,2,22,0,0.0
2019-11-30 02:00:00+00:00,11,3,44,0,0.0
2019-11-30 02:00:00+00:00,12,1,19,0,0.0
2019-11-30 02:00:00+00:00,12,2,15,0,0.0
2019-11-30 02:00:00+00:00,12,3,36,0,0.0
2019-11-30 02:00:00+00:00,13,1,10,1,34.000000000000064
2019-11-30 02:00:00+00:00,13,2,48,0,0.0
2019-11-30 02:00:00+00:00,13,3,38,0,0.0
2019-11-30 02:00:00+00:00,14,1,22,0,0.0
2019-11-30 02:00:00+00:00,14,2,36,0,0.0
2019-11-30 02:00:00+00:00,14,3,14,0,0.0
2019-11-30 02:00:00+00:00,15,1,33,0,0.0
2019-11-30 02:00:00+00:00,15,2,19,0,0.0
2019-11-30 02:00:00+00:00,15,3,15,0,0.0
2019-11-30 02:00:00+00:00,16,1,16,0,0.0
2019-11-30 02:00:00+00:00,16,2,22,0,0.0
2019-11-30 02:00:00+00:00,16,3,29,0,0.0
2019-11-30 02:00:00+00:00,17,1,5,0,0.0
2019-11-30 02:00:00+00:00,17,2,16,0,0.0
2019-11-30 02:00:00+00:00,17,3,18,0,0.0
2019-11-30 02:00:00+00:00,18,1,12,0,0.0
2019-11-30 02:00:00+00:00,18,2,34,1,34.000000000000064
2019-11-30 02:00:00+00:00,18,3,11,0,0.0
2019-11-30 02:00:00+00:00,19,1,36,0,0.0
2019-11-30 02:00:00+00:00,19,2,16,0,0.0
2019-11-30 02:00:00+00:00,19,3,29,0,0.0
2019-11-30 02:00:00+00:00,20,1,42,1,34.000000000000064
2019-11-30 02:00:00+00:00,20,2,14,0,0.0
2019-11-30 02:00:00+00:00,20,3,17,0,0.0
2019-11-30 02:00:00+00:00,21,1,39,0,0.0
2019-11-30 02:00:00+00:00,21,2,47,0,0.0
2019-11-30 02:00:00+00:00,21,3,21,0,0.0
2019-11-30 02:00:00+00:00,22,1,6,0,0.0
2019-11-30 02:00:00+00:00,22,2,41,0,0.0
2019-11-30 02:00:00+00:00,22,3,30,0,0.0
2019-11-30 02:00:00+00:00,23,1,27,0,0.0
2019-11-30 02:00:00+00:00,23,2,23,1,34.000000000000064
2019-11-30 02:00:00+00:00,23,3,27,0,0.0
2019-11-30 02:00:00+00:00,24,1,16,0,0.0
2019-11-30 02:00:00+00:00,24,2,8,0,0.0
2019-11-30 02:00:00+00:00,24,3,38,0,0.0
2019-11-30 02:00:00+00:00,25,1,14,0,0.0
2019-11-30 02:00:00+00:00,25,2,20,0,0.0
2019-11-30 02:00:00+00:00,25,3,44,0,0.0
2019-11-30 02:00:00+00:00,26,1,21,0,0.0
2019-11-30 02:00:00+00:00,26,2,29,0,0.0
2019-11-30 02:00:00+00:00,26,3,37,0,0.0
2019-11-30 02:00:00+00:00,27,1,59,1,34.000000000000064
2019-11-30 02:00:00+00:00,27,2,22,0,0.0
2019-11-30 02:00:00+00:00,27,3,25,0,0.0
2019-11-30 02:00:00+00:00,28,1,37,0,0.0
2019-11-30 02:00:00+00:00,28,2,24,0,0.0
2019-11-30 02:00:00+00:00,28,3,13,0,0.0
2019-11-30 02:00:00+00:00,29,1,12,0,0.0
2019-11-30 02:00:00+00:00,29,2,14,0,0.0
2019-11-30 02:00:00+00:00,29,3,11,0,0.0
2019-11-30 02:00:00+00:00,30,1,27,0,0.0
2019-11-30 02:00:00+00:00,30,2,24,0,0.0
2019-11-30 02:00:00+00:00,30,3,33,0,0.0
2019-11-30 02:00:00+00:00,31,1,5,0,0.0
2019-11-30 02:00:00+00:00,31,2,41,0,0.0
2019-11-30 02:00:00+00:00,31,3,19,0,0.0
2019-11-30 02:00:00+00:00,32,1,34,1,34.000000000000064
2019-11-30 02:00:00+00:00,32,2,17,0,0.0
2019-11-30 02:00:00+00:00,32,3,12,0,0.0
2019-11-30 02:00:00+00:00,33,1,25,0,0.0
2019-11-30 02:00:00+00:00,33,2,22,1,34.000000000000064
2019-11-30 02:00:00+00:00,33,3,10,0,0.0
2019-11-30 03:00:00+00:00,0,1,38,0,0.0
2019-11-30 03:00:00+00:00,0,2,46,0,0.0
2019-11-30 03:00:00+00:00,0,3,21,0,0.0
2019-11-30 03:00:00+00:00,1,1,33,0,0.0
2019-11-30 03:00:00+00:00,1,2,10,0,0.0
2019-11-30 03:00:00+00:00,1,3,30,0,0.0
2019-11-30 03:00:00+00:00,2,1,16,0,0.0
2019-11-30 03:00:00+00:00,2,2,39,0,0.0
2019-11-30 03:00:00+00:00,2,3,18,0,0.0
2019-11-30 03:00:00+00:00,3,1,19,0,0.0
2019-11-30 03:00:00+00:00,3,2,38,0,0.0
2019-11-30 03:00:00+00:00,3,3,40,0,0.0
2019-11-30 03:00:00+00:00,4,1,32,0,0.0
2019-11-30 03:00:00+00:00,4,2,24,0,0.0
2019-11-30 03:00:00+00:00,4,3,46,0,0.0
2019-11-30 03:00:00+00:00,5,1,17,0,0.0
2019-11-30 03:00:00+00:00,5,2,19,3,102.0000000000002
2019-11-30 03:00:00+00:00,5,3,33,0,0.0
2019-11-30 03:00:00+00:00,6,1,19,0,0.0
2019-11-30 03:00:00+00:00,6,2,44,0,0.0
2019-11-30 03:00:00+00:00,6,3,19,0,0.0
2019-11-30 03:00:00+00:00,7,1,42,0,0.0
2019-11-30 03:00:00+00:00,7,2,10,0,0.0
2019-11-30 03:00:00+00:00,7,3,49,0,0.0
2019-11-30 03:00:00+00:00,8,1,18,0,0.0
2019-11-30 03:00:00+00:00,8,2,35,0,0.0
2019-11-30 03:00:00+00:00,8,3,36,0,0.0
2019-11-30 03:00:00+00:00,9,1,26,0,0.0
2019-11-30 03:00:00+00:00,9,2,33,0,0.0
2019-11-30 03:00:00+00:00,9,3,15,0,0.0
2019-11-30 03:00:00+00:00,10,1,19,0,0.0
2019-11-30 03:00:00+00:00,10,2,50,0,0.0
2019-11-30 03:00:00+00:00,10,3,3,0,0.0
2019-11-30 03:00:00+00:00,11,1,27,0,0.0
2019-11-30 03:00:00+00:00,11,2,13,0,0.0
2019-11-30 03:00:00+00:00,11,3,14,0,0.0
2019-11-30 03:00:00+00:00,12,1,14,0,0.0
2019-11-30 03:00:00+00:00,12,2,19,0,0.0
2019-11-30 03:00:00+00:00,12,3,18,0,0.0
2019-11-30 03:00:00+00:00,13,1,58,0,0.0
2019-11-30 03:00:00+00:00,13,2,20,0,0.0
2019-11-30 03:00:00+00:00,13,3,14,1,34.000000000000064
2019-11-30 03:00:00+00:00,14,1,53,1,34.000000000000064
2019-11-30 03:00:00+00:00,14,2,15,0,0.0
2019-11-30 03:00:00+00:00,14,3,18,0,0.0
2019-11-30 03:00:00+00:00,15,1,17,0,0.0
2019-11-30 03:00:00+00:00,15,2,41,2,68.00000000000013
2019-11-30 03:00:00+00:00,15,3,43,0,0.0
2019-11-30 03:00:00+00:00,16,1,30,0,0.0
2019-11-30 03:00:00+00:00,16,3,27,0,0.0
2019-11-30 03:00:00+00:00,17,1,38,1,34.000000000000064
2019-11-30 03:00:00+00:00,17,2,12,0,0.0
2019-11-30 03:00:00+00:00,17,3,31,0,0.0
2019-11-30 03:00:00+00:00,18,1,37,0,0.0
2019-11-30 03:00:00+00:00,18,2,25,0,0.0
2019-11-30 03:00:00+00:00,18,3,27,0,0.0
2019-11-30 03:00:00+00:00,19,1,39,0,0.0
2019-11-30 03:00:00+00:00,19,2,70,1,34.000000000000064
2019-11-30 03:00:00+00:00,19,3,46,3,102.0000000000002
2019-11-30 03:00:00+00:00,20,2,18,0,0.0
2019-11-30 03:00:00+00:00,20,3,17,0,0.0
2019-11-30 03:00:00+00:00,21,1,39,0,0.0
2019-11-30 03:00:00+00:00,21,2,36,0,0.0
2019-11-30 03:00:00+00:00,21,3,51,0,0.0
2019-11-30 03:00:00+00:00,22,1,72,0,0.0
2019-11-30 03:00:00+00:00,22,2,21,0,0.0
2019-11-30 03:00:00+00:00,22,3,23,0,0.0
2019-11-30 03:00:00+00:00,23,1,16,0,0.0
2019-11-30 03:00:00+00:00,23,2,53,0,0.0
2019-11-30 03:00:00+00:00,23,3,26,0,0.0
2019-11-30 03:00:00+00:00,24,1,30,0,0.0
2019-11-30 03:00:00+00:00,24,2,42,0,0.0
2019-11-30 03:00:00+00:00,24,3,17,0,0.0
2019-11-30 03:00:00+00:00,25,1,26,0,0.0
2019-11-30 03:00:00+00:00,25,2,5,0,0.0
2019-11-30 03:00:00+00:00,25,3,38,0,0.0
2019-11-30 03:00:00+00:00,26,1,58,1,34.000000000000064
2019-11-30 03:00:00+00:00,26,2,25,0,0.0
2019-11-30 03:00:00+00:00,26,3,36,0,0.0
2019-11-30 03:00:00+00:00,27,1,22,0,0.0
2019-11-30 03:00:00+00:00,27,2,44,0,0.0
2019-11-30 03:00:00+00:00,27,3,33,0,0.0
2019-11-30 03:00:00+00:00,28,1,13,0,0.0
2019-11-30 03:00:00+00:00,28,2,23,0,0.0
2019-11-30 03:00:00+00:00,28,3,22,0,0.0
2019-11-30 03:00:00+00:00,29,1,10,0,0.0
2019-11-30 03:00:00+00:00,29,2,30,0,0.0
2019-11-30 03:00:00+00:00,29,3,30,0,0.0
2019-11-30 03:00:00+00:00,30,1,15,0,0.0
2019-11-30 03:00:00+00:00,30,2,31,0,0.0
2019-11-30 03:00:00+00:00,30,3,38,0,0.0
2019-11-30 03:00:00+00:00,31,1,8,1,34.000000000000064
2019-11-30 03:00:00+00:00,31,2,22,0,0.0
2019-11-30 03:00:00+00:00,31,3,39,0,0.0
2019-11-30 03:00:00+00:00,32,1,17,0,0.0
2019-11-30 03:00:00+00:00,32,2,20,0,0.0
2019-11-30 03:00:00+00:00,32,3,13,0,0.0
2019-11-30 03:00:00+00:00,33,1,32,1,34.000000000000064
2019-11-30 03:00:00+00:00,33,2,17,0,0.0
2019-11-30 03:00:00+00:00,33,3,19,0,0.0
2019-11-30 04:00:00+00:00,0,1,47,0,0.0
2019-11-30 04:00:00+00:00,0,2,23,0,0.0
2019-11-30 04:00:00+00:00,0,3,35,0,0.0
2019-11-30 04:00:00+00:00,1,1,19,0,0.0
2019-11-30 04:00:00+00:00,1,2,9,0,0.0
2019-11-30 04:00:00+00:00,1,3,37,0,0.0
2019-11-30 04:00:00+00:00,2,1,19,0,0.0
2019-11-30 04:00:00+00:00,2,2,33,0,0.0
2019-11-30 04:00:00+00:00,2,3,11,0,0.0
2019-11-30 04:00:00+00:00,3,1,5,0,0.0
2019-11-30 04:00:00+00:00,3,2,15,0,0.0
2019-11-30 04:00:00+00:00,3,3,1,0,0.0
2019-11-30 04:00:00+00:00,4,1,22,0,0.0
2019-11-30 04:00:00+00:00,4,2,29,0,0.0
2019-11-30 04:00:00+00:00,4,3,13,0,0.0
2019-11-30 04:00:00+00:00,5,1,14,0,0.0
2019-11-30 04:00:00+00:00,5,2,28,0,0.0
2019-11-30 04:00:00+00:00,5,3,3,0,0.0
2019-11-30 04:00:00+00:00,6,1,2,0,0.0
2019-11-30 04:00:00+00:00,6,2,21,0,0.0
2019-11-30 04:00:00+00:00,6,3,19,0,0.0
2019-11-30 04:00:00+00:00,7,1,23,0,0.0
2019-11-30 04:00:00+00:00,7,2,41,0,0.0
2019-11-30 04:00:00+00:00,7,3,24,0,0.0
2019-11-30 04:00:00+00:00,8,1,30,0,0.0
2019-11-30 04:00:00+00:00,8,2,21,0,0.0
2019-11-30 04:00:00+00:00,8,3,50,0,0.0
2019-11-30 04:00:00+00:00,9,1,29,0,0.0
2019-11-30 04:00:00+00:00,9,2,25,0,0.0
2019-11-30 04:00:00+00:00,9,3,32,0,0.0
2019-11-30 04:00:00+00:00,10,1,21,0,0.0
2019-11-30 04:00:00+00:00,10,2,39,0,0.0
2019-11-30 04:00:00+00:00,10,3,8,0,0.0
2019-11-30 04:00:00+00:00,11,1,34,0,0.0
2019-11-30 04:00:00+00:00,11,2,8,0,0.0
2019-11-30 04:00:00+00:00,11,3,25,0,0.0
2019-11-30 04:00:00+00:00,12,1,23,0,0.0
2019-11-30 04:00:00+00:00,12,2,8,0,0.0
2019-11-30 04:00:00+00:00,12,3,38,0,0.0
2019-11-30 04:00:00+00:00,13,1,12,0,0.0
2019-11-30 04:00:00+00:00,13,2,37,5,170.0000000000003
2019-11-30 04:00:00+00:00,13,3,18,0,0.0
2019-11-30 04:00:00+00:00,14,1,22,0,0.0
2019-11-30 04:00:00+00:00,14,2,22,0,0.0
2019-11-30 04:00:00+00:00,14,3,32,0,0.0
2019-11-30 04:00:00+00:00,15,1,44,0,0.0
2019-11-30 04:00:00+00:00,15,2,17,0,0.0
2019-11-30 04:00:00+00:00,15,3,14,0,0.0
2019-11-30 04:00:00+00:00,16,1,39,1,34.000000000000064
2019-11-30 04:00:00+00:00,16,2,25,0,0.0
2019-11-30 04:00:00+00:00,16,3,44,0,0.0
2019-11-30 04:00:00+00:00,17,1,33,0,0.0
2019-11-30 04:00:00+00:00,17,2,12,0,0.0
2019-11-30 04:00:00+00:00,17,3,13,0,0.0
2019-11-30 04:00:00+00:00,18,1,7,0,0.0
2019-11-30 04:00:00+00:00,18,3,11,0,0.0
2019-11-30 04:00:00+00:00,19,1,21,0,0.0
2019-11-30 04:00:00+00:00,19,2,37,0,0.0
2019-11-30 04:00:00+00:00,19,3,17,0,0.0
2019-11-30 04:00:00+00:00,20,1,18,0,0.0
2019-11-30 04:00:00+00:00,20,2,45,0,0.0
2019-11-30 04:00:00+00:00,20,3,27,0,0.0
2019-11-30 04:00:00+00:00,21,1,19,0,0.0
2019-11-30 04:00:00+00:00,21,2,17,0,0.0
2019-11-30 04:00:00+00:00,21,3,43,0,0.0
2019-11-30 04:00:00+00:00,22,1,7,0,0.0
2019-11-30 04:00:00+00:00,22,2,28,0,0.0
2019-11-30 04:00:00+00:00,22,3,12,0,0.0
2019-11-30 04:00:00+00:00,23,1,34,0,0.0
2019-11-30 04:00:00+00:00,23,2,20,1,34.000000000000064
2019-11-30 04:00:00+00:00,23,3,23,1,34.000000000000064
2019-11-30 04:00:00+00:00,24,1,27,1,34.000000000000064
2019-11-30 04:00:00+00:00,24,2,39,0,0.0
2019-11-30 04:00:00+00:00,24,3,18,0,0.0
2019-11-30 04:00:00+00:00,25,1,37,0,0.0
2019-11-30 04:00:00+00:00,25,2,27,0,0.0
2019-11-30 04:00:00+00:00,25,3,36,0,0.0
2019-11-30 04:00:00+00:00,26,1,26,1,34.000000000000064
2019-11-30 04:00:00+00:00,26,2,19,0,0.0
2019-11-30 04:00:00+00:00,26,3,32,0,0.0
2019-11-30 04:00:00+00:00,27,1,28,0,0.0
2019-11-30 04:00:00+00:00,27,2,34,0,0.0
2019-11-30 04:00:00+00:00,27,3,23,0,0.0
2019-11-30 04:00:00+00:00,28,1,36,1,34.000000000000064
2019-11-30 04:00:00+00:00,28,2,21,0,0.0
2019-11-30 04:00:00+00:00,28,3,31,0,0.0
2019-11-30 04:00:00+00:00,29,1,24,0,0.0
2019-11-30 04:00:00+00:00,29,2,28,0,0.0
2019-11-30 04:00:00+00:00,29,3,29,0,0.0
2019-11-30 04:00:00+00:00,30,1,46,0,0.0
2019-11-30 04:00:00+00:00,30,2,26,0,0.0
2019-11-30 04:00:00+00:00,30,3,49,0,0.0
2019-11-30 04:00:00+00:00,31,1,41,0,0.0
2019-11-30 04:00:00+00:00,31,2,44,3,102.0000000000002
2019-11-30 04:00:00+00:00,31,3,24,0,0.0
2019-11-30 04:00:00+00:00,32,1,9,0,0.0
2019-11-30 04:00:00+00:00,32,2,25,0,0.0
2019-11-30 04:00:00+00:00,32,3,19,0,0.0
2019-11-30 04:00:00+00:00,33,1,20,0,0.0
2019-11-30 04:00:00+00:00,33,2,19,0,0.0
2019-11-30 04:00:00+00:00,33,3,29,0,0.0
2019-11-30 05:00:00+00:00,0,1,46,0,0.0
2019-11-30 05:00:00+00:00,0,2,2,0,0.0
2019-11-30 05:00:00+00:00,0,3,44,0,0.0
2019-11-30 05:00:00+00:00,1,1,13,0,0.0
2019-11-30 05:00:00+00:00,1,2,20,0,0.0
2019-11-30 05:00:00+00:00,1,3,41,0,0.0
2019-11-30 05:00:00+00:00,2,1,49,0,0.0
2019-11-30 05:00:00+00:00,2,2,10,0,0.0
2019-11-30 05:00:00+00:00,2,3,21,0,0.0
2019-11-30 05:00:00+00:00,3,1,28,0,0.0
2019-11-30 05:00:00+00:00,3,2,37,0,0.0
2019-11-30 05:00:00+00:00,3,3,27,0,0.0
2019-11-30 05:00:00+00:00,4,1,52,0,0.0
2019-11-30 05:00:00+00:00,4,2,21,0,0.0
2019-11-30 05:00:00+00:00,4,3,38,0,0.0
2019-11-30 05:00:00+00:00,5,1,44,0,0.0
2019-11-30 05:00:00+00:00,5,2,17,0,0.0
2019-11-30 05:00:00+00:00,5,3,9,0,0.0
2019-11-30 05:00:00+00:00,6,1,29,0,0.0
2019-11-30 05:00:00+00:00,6,2,18,2,68.00000000000013
2019-11-30 05:00:00+00:00,6,3,22,0,0.0
2019-11-30 05:00:00+00:00,7,1,10,0,0.0
2019-11-30 05:00:00+00:00,7,2,15,0,0.0
2019-11-30 05:00:00+00:00,7,3,16,0,0.0
2019-11-30 05:00:00+00:00,8,1,18,0,0.0
2019-11-30 05:00:00+00:00,8,2,27,0,0.0
2019-11-30 05:00:00+00:00,8,3,26,0,0.0
2019-11-30 05:00:00+00:00,9,1,13,0,0.0
2019-11-30 05:00:00+00:00,9,2,22,0,0.0
2019-11-30 05:00:00+00:00,9,3,31,0,0.0
2019-11-30 05:00:00+00:00,10,1,68,0,0.0
2019-11-30 05:00:00+00:00,10,2,50,0,0.0
2019-11-30 05:00:00+00:00,10,3,38,0,0.0
2019-11-30 05:00:00+00:00,11,1,16,0,0.0
2019-11-30 05:00:00+00:00,11,2,15,0,0.0
2019-11-30 05:00:00+00:00,11,3,37,0,0.0
2019-11-30 05:00:00+00:00,12,1,36,0,0.0
2019-11-30 05:00:00+00:00,12,2,51,0,0.0
2019-11-30 05:00:00+00:00,12,3,27,0,0.0
2019-11-30 05:00:00+00:00,13,1,20,0,0.0
2019-11-30 05:00:00+00:00,13,2,20,0,0.0
2019-11-30 05:00:00+00:00,13,3,18,0,0.0
2019-11-30 05:00:00+00:00,14,1,33,0,0.0
2019-11-30 05:00:00+00:00,14,2,32,0,0.0
2019-11-30 05:00:00+00:00,14,3,21,0,0.0
2019-11-30 05:00:00+00:00,15,1,9,0,0.0
2019-11-30 05:00:00+00:00,15,2,3,0,0.0
2019-11-30 05:00:00+00:00,15,3,18,0,0.0
2019-11-30 05:00:00+00:00,16,1,24,0,0.0
2019-11-30 05:00:00+00:00,16,2,17,0,0.0
2019-11-30 05:00:00+00:00,16,3,15,0,0.0
2019-11-30 05:00:00+00:00,17,1,33,0,0.0
2019-11-30 05:00:00+00:00,17,2,11,0,0.0
2019-11-30 05:00:00+00:00,17,3,2,0,0.0
2019-11-30 05:00:00+00:00,18,1,35,0,0.0
2019-11-30 05:00:00+00:00,18,2,12,0,0.0
2019-11-30 05:00:00+00:00,18,3,27,0,0.0
2019-11-30 05:00:00+00:00,19,1,24,0,0.0
2019-11-30 05:00:00+00:00,19,2,25,0,0.0
2019-11-30 05:00:00+00:00,19,3,20,0,0.0
2019-11-30 05:00:00+00:00,20,1,11,0,0.0
2019-11-30 05:00:00+00:00,20,2,18,0,0.0
2019-11-30 05:00:00+00:00,20,3,15,0,0.0
2019-11-30 05:00:00+00:00,21,1,2,0,0.0
2019-11-30 05:00:00+00:00,21,2,49,0,0.0
2019-11-30 05:00:00+00:00,21,3,24,0,0.0
2019-11-30 05:00:00+00:00,22,1,10,0,0.0
2019-11-30 05:00:00+00:00,22,2,19,0,0.0
2019-11-30 05:00:00+00:00,22,3,16,0,0.0
2019-11-30 05:00:00+00:00,23,1,22,0,0.0
2019-11-30 05:00:00+00:00,23,2,21,0,0.0
2019-11-30 05:00:00+00:00,23,3,33,1,34.000000000000064
2019-11-30 05:00:00+00:00,24,1,12,0,0.0
2019-11-30 05:00:00+00:00,24,2,16,0,0.0
2019-11-30 05:00:00+00:00,24,3,15,0,0.0
2019-11-30 05:00:00+00:00,25,1,27,0,0.0
2019-11-30 05:00:00+00:00,25,2,55,0,0.0
2019-11-30 05:00:00+00:00,25,3,26,0,0.0
2019-11-30 05:00:00+00:00,26,1,23,0,0.0
2019-11-30 05:00:00+00:00,26,2,36,3,102.0000000000002
2019-11-30 05:00:00+00:00,26,3,28,1,34.000000000000064
2019-11-30 05:00:00+00:00,27,1,12,0,0.0
2019-11-30 05:00:00+00:00,27,2,51,0,0.0
2019-11-30 05:00:00+00:00,27,3,40,0,0.0
2019-11-30 05:00:00+00:00,28,2,8,0,0.0
2019-11-30 05:00:00+00:00,28,3,40,0,0.0
2019-11-30 05:00:00+00:00,29,1,17,0,0.0
2019-11-30 05:00:00+00:00,29,2,30,0,0.0
2019-11-30 05:00:00+00:00,29,3,33,1,34.000000000000064
2019-11-30 05:00:00+00:00,30,1,18,0,0.0
2019-11-30 05:00:00+00:00,30,2,69,0,0.0
2019-11-30 05:00:00+00:00,30,3,38,0,0.0
2019-11-30 05:00:00+00:00,31,1,29,0,0.0
2019-11-30 05:00:00+00:00,31,2,36,0,0.0
2019-11-30 05:00:00+00:00,31,3,24,0,0.0
2019-11-30 05:00:00+00:00,32,1,27,0,0.0
2019-11-30 05:00:00+00:00,32,2,23,0,0.0
2019-11-30 05:00:00+00:00,32,3,31,0,0.0
2019-11-30 05:00:00+00:00,33,1,68,0,0.0
2019-11-30 05:00:00+00:00,33,2,24,2,68.00000000000013
2019-11-30 05:00:00+00:00,33,3,18,0,0.0
2019-11-30 06:00:00+00:00,0,1,22,0,0.0
2019-11-30 06:00:00+00:00,0,2,22,0,0.0
2019-11-30 06:00:00+00:00,0,3,18,0,0.0
2019-11-30 06:00:00+00:00,1,1,14,0,0.0
2019-11-30 06:00:00+00:00,1,2,22,0,0.0
2019-11-30 06:00:00+00:00,1,3,39,0,0.0
2019-11-30 06:00:00+00:00,2,1,30,0,0.0
2019-11-30 06:00:00+00:00,2,2,16,0,0.0
2019-11-30 06:00:00+00:00,2,3,8,0,0.0
2019-11-30 06:00:00+00:00,3,1,25,0,0.0
2019-11-30 06:00:00+00:00,3,2,28,5,170.0000000000003
2019-11-30 06:00:00+00:00,3,3,46,1,34.000000000000064
2019-11-30 06:00:00+00:00,4,1,4,0,0.0
2019-11-30 06:00:00+00:00,4,2,33,0,0.0
2019-11-30 06:00:00+00:00,4,3,38,0,0.0
2019-11-30 06:00:00+00:00,5,1,65,0,0.0
2019-11-30 06:00:00+00:00,5,2,42,0,0.0
2019-11-30 06:00:00+00:00,5,3,33,0,0.0
2019-11-30 06:00:00+00:00,6,1,14,0,0.0
2019-11-30 06:00:00+00:00,6,2,10,0,0.0
2019-11-30 06:00:00+00:00,6,3,23,0,0.0
2019-11-30 06:00:00+00:00,7,1,12,3,102.0000000000002
2019-11-30 06:00:00+00:00,7,2,32,0,0.0
2019-11-30 06:00:00+00:00,7,3,19,0,0.0
2019-11-30 06:00:00+00:00,8,1,38,0,0.0
2019-11-30 06:00:00+00:00,8,2,18,1,34.000000000000064
2019-11-30 06:00:00+00:00,8,3,31,0,0.0
2019-11-30 06:00:00+00:00,9,1,49,0,0.0
2019-11-30 06:00:00+00:00,9,2,27,0,0.0
2019-11-30 06:00:00+00:00,9,3,17,0,0.0
2019-11-30 06:00:00+00:00,10,1,25,1,34.000000000000064
2019-11-30 06:00:00+00:00,10,2,17,2,68.00000000000013
2019-11-30 06:00:00+00:00,10,3,12,0,0.0
2019-11-30 06:00:00+00:00,11,1,30,0,0.0
2019-11-30 06:00:00+00:00,11,2,36,0,0.0
2019-11-30 06:00:00+00:00,11,3,21,0,0.0
2019-11-30 06:00:00+00:00,12,1,32,0,0.0
2019-11-30 06:00:00+00:00,12,2,23,0,0.0
2019-11-30 06:00:00+00:00,12,3,42,0,0.0
2019-11-30 06:00:00+00:00,13,1,15,0,0.0
2019-11-30 06:00:00+00:00,13,2,24,0,0.0
2019-11-30 06:00:00+00:00,13,3,9,0,0.0
2019-11-30 06:00:00+00:00,14,1,46,0,0.0
2019-11-30 06:00:00+00:00,14,2,13,0,0.0
2019-11-30 06:00:00+00:00,14,3,14,0,0.0
2019-11-30 06:00:00+00:00,15,1,42,0,0.0
2019-11-30 06:00:00+00:00,15,2,10,0,0.0
2019-11-30 06:00:00+00:00,15,3,46,1,34.000000000000064
2019-11-30 06:00:00+00:00,16,1,30,1,34.000000000000064
2019-11-30 06:00:00+00:00,16,2,39,0,0.0
2019-11-30 06:00:00+00:00,17,1,16,0,0.0
2019-11-30 06:00:00+00:00,17,2,42,0,0.0
2019-11-30 06:00:00+00:00,17,3,39,0,0.0
2019-11-30 06:00:00+00:00,18,1,25,0,0.0
2019-11-30 06:00:00+00:00,18,2,23,0,0.0
2019-11-30 06:00:00+00:00,18,3,32,0,0.0
2019-11-30 06:00:00+00:00,19,1,22,0,0.0
2019-11-30 06:00:00+00:00,19,2,34,0,0.0
2019-11-30 06:00:00+00:00,19,3,27,0,0.0
2019-11-30 06:00:00+00:00,20,1,29,2,68.00000000000013
2019-11-30 06:00:00+00:00,20,2,15,0,0.0
2019-11-30 06:00:00+00:00,20,3,26,1,34.000000000000064
2019-11-30 06:00:00+00:00,21,1,31,0,0.0
2019-11-30 06:00:00+00:00,21,2,5,0,0.0
2019-11-30 06:00:00+00:00,21,3,56,0,0.0
2019-11-30 06:00:00+00:00,22,1,26,0,0.0
2019-11-30 06:00:00+00:00,22,2,45,0,0.0
2019-11-30 06:00:00+00:00,22,3,15,0,0.0
2019-11-30 06:00:00+00:00,23,1,28,0,0.0
2019-11-30 06:00:00+00:00,23,2,29,0,0.0
2019-11-30 06:00:00+00:00,23,3,28,0,0.0
2019-11-30 06:00:00+00:00,24,1,23,0,0.0
2019-11-30 06:00:00+00:00,24,2,40,0,0.0
2019-11-30 06:00:00+00:00,24,3,8,0,0.0
2019-11-30 06:00:00+00:00,25,1,28,0,0.0
2019-11-30 06:00:00+00:00,25,2,21,0,0.0
2019-11-30 06:00:00+00:00,25,3,19,6,204.0000000000004
2019-11-30 06:00:00+00:00,26,1,46,0,0.0
2019-11-30 06:00:00+00:00,26,2,2,0,0.0
2019-11-30 06:00:00+00:00,26,3,34,1,34.000000000000064
2019-11-30 06:00:00+00:00,27,1,28,0,0.0
2019-11-30 06:00:00+00:00,27,2,1,0,0.0
2019-11-30 06:00:00+00:00,27,3,44,0,0.0
2019-11-30 06:00:00+00:00,28,1,6,0,0.0
2019-11-30 06:00:00+00:00,28,2,40,0,0.0
2019-11-30 06:00:00+00:00,28,3,19,0,0.0
2019-11-30 06:00:00+00:00,29,1,10,0,0.0
2019-11-30 06:00:00+00:00,29,2,49,1,34.000000000000064
2019-11-30 06:00:00+00:00,29,3,32,0,0.0
2019-11-30 06:00:00+00:00,30,1,8,0,0.0
2019-11-30 06:00:00+00:00,30,2,36,0,0.0
2019-11-30 06:00:00+00:00,30,3,14,0,0.0
2019-11-30 06:00:00+00:00,31,1,10,0,0.0
2019-11-30 06:00:00+00:00,31,2,70,0,0.0
2019-11-30 06:00:00+00:00,31,3,14,0,0.0
2019-11-30 06:00:00+00:00,32,1,14,0,0.0
2019-11-30 06:00:00+00:00,32,2,31,0,0.0
2019-11-30 06:00:00+00:00,32,3,28,0,0.0
2019-11-30 06:00:00+00:00,33,1,56,0,0.0
2019-11-30 06:00:00+00:00,33,2,7,0,0.0
2019-11-30 06:00:00+00:00,33,3,55,0,0.0
2019-11-30 07:00:00+00:00,0,1,20,0,0.0
2019-11-30 07:00:00+00:00,0,2,48,0,0.0
2019-11-30 07:00:00+00:00,0,3,39,0,0.0
2019-11-30 07:00:00+00:00,1,1,44,0,0.0
2019-11-30 07:00:00+00:00,1,2,30,0,0.0
2019-11-30 07:00:00+00:00,1,3,10,0,0.0
2019-11-30 07:00:00+00:00,2,1,22,0,0.0
2019-11-30 07:00:00+00:00,2,2,21,0,0.0
2019-11-30 07:00:00+00:00,2,3,8,0,0.0
2019-11-30 07:00:00+00:00,3,1,6,0,0.0
2019-11-30 07:00:00+00:00,3,2,31,0,0.0
2019-11-30 07:00:00+00:00,4,1,30,0,0.0
2019-11-30 07:00:00+00:00,4,2,20,0,0.0
2019-11-30 07:00:00+00:00,4,3,11,0,0.0
2019-11-30 07:00:00+00:00,5,1,22,0,0.0
2019-11-30 07:00:00+00:00,5,2,23,0,0.0
2019-11-30 07:00:00+00:00,5,3,38,0,0.0
2019-11-30 07:00:00+00:00,6,1,36,0,0.0
2019-11-30 07:00:00+00:00,6,3,44,0,0.0
2019-11-30 07:00:00+00:00,7,1,29,0,0.0
2019-11-30 07:00:00+00:00,7,2,17,0,0.0
2019-11-30 07:00:00+00:00,7,3,33,0,0.0
2019-11-30 07:00:00+00:00,8,1,35,0,0.0
2019-11-30 07:00:00+00:00,8,2,16,0,0.0
2019-11-30 07:00:00+00:00,8,3,50,1,34.000000000000064
2019-11-30 07:00:00+00:00,9,1,22,0,0.0
2019-11-30 07:00:00+00:00,9,2,6,0,0.0
2019-11-30 07:00:00+00:00,9,3,48,0,0.0
2019-11-30 07:00:00+00:00,10,1,13,0,0.0
2019-11-30 07:00:00+00:00,10,2,21,0,0.0
2019-11-30 07:00:00+00:00,10,3,36,0,0.0
2019-11-30 07:00:00+00:00,11,1,43,0,0.0
2019-11-30 07:00:00+00:00,11,2,28,0,0.0
2019-11-30 07:00:00+00:00,11,3,42,0,0.0
2019-11-30 07:00:00+00:00,12,1,19,0,0.0
2019-11-30 07:00:00+00:00,12,2,33,3,102.0000000000002
2019-11-30 07:00:00+00:00,12,3,31,0,0.0
2019-11-30 07:00:00+00:00,13,1,19,0,0.0
2019-11-30 07:00:00+00:00,13,2,40,4,136.00000000000026
2019-11-30 07:00:00+00:00,13,3,21,1,34.000000000000064
2019-11-30 07:00:00+00:00,14,1,8,0,0.0
2019-11-30 07:00:00+00:00,14,2,78,0,0.0
2019-11-30 07:00:00+00:00,14,3,15,0,0.0
2019-11-30 07:00:00+00:00,15,1,39,3,102.0000000000002
2019-11-30 07:00:00+00:00,15,2,16,0,0.0
2019-11-30 07:00:00+00:00,15,3,13,0,0.0
2019-11-30 07:00:00+00:00,16,1,10,0,0.0
2019-11-30 07:00:00+00:00,16,2,23,0,0.0
2019-11-30 07:00:00+00:00,16,3,16,0,0.0
2019-11-30 07:00:00+00:00,17,1,24,0,0.0
2019-11-30 07:00:00+00:00,17,2,43,4,136.00000000000026
2019-11-30 07:00:00+00:00,17,3,22,0,0.0
2019-11-30 07:00:00+00:00,18,1,62,0,0.0
2019-11-30 07:00:00+00:00,18,2,39,3,102.0000000000002
2019-11-30 07:00:00+00:00,18,3,12,0,0.0
2019-11-30 07:00:00+00:00,19,1,39,2,68.00000000000013
2019-11-30 07:00:00+00:00,19,2,39,0,0.0
2019-11-30 07:00:00+00:00,19,3,48,0,0.0
2019-11-30 07:00:00+00:00,20,1,21,0,0.0
2019-11-30 07:00:00+00:00,20,2,31,0,0.0
2019-11-30 07:00:00+00:00,20,3,17,0,0.0
2019-11-30 07:00:00+00:00,21,1,26,0,0.0
2019-11-30 07:00:00+00:00,21,2,29,1,34.000000000000064
2019-11-30 07:00:00+00:00,21,3,43,0,0.0
2019-11-30 07:00:00+00:00,22,1,37,0,0.0
2019-11-30 07:00:00+00:00,22,2,13,0,0.0
2019-11-30 07:00:00+00:00,22,3,41,0,0.0
2019-11-30 07:00:00+00:00,23,1,19,0,0.0
2019-11-30 07:00:00+00:00,23,2,18,0,0.0
2019-11-30 07:00:00+00:00,23,3,18,0,0.0
2019-11-30 07:00:00+00:00,24,1,35,0,0.0
2019-11-30 07:00:00+00:00,24,2,18,1,34.000000000000064
2019-11-30 07:00:00+00:00,25,1,7,0,0.0
2019-11-30 07:00:00+00:00,25,2,23,0,0.0
2019-11-30 07:00:00+00:00,25,3,30,0,0.0
2019-11-30 07:00:00+00:00,26,1,26,0,0.0
2019-11-30 07:00:00+00:00,26,2,20,3,102.0000000000002
2019-11-30 07:00:00+00:00,26,3,1,0,0.0
2019-11-30 07:00:00+00:00,27,1,17,2,68.00000000000013
2019-11-30 07:00:00+00:00,27,2,44,0,0.0
2019-11-30 07:00:00+00:00,27,3,26,0,0.0
2019-11-30 07:00:00+00:00,28,1,70,1,34.000000000000064
2019-11-30 07:00:00+00:00,28,2,25,1,34.000000000000064
2019-11-30 07:00:00+00:00,28,3,20,0,0.0
2019-11-30 07:00:00+00:00,29,1,16,0,0.0
2019-11-30 07:00:00+00:00,29,2,21,1,34.000000000000064
2019-11-30 07:00:00+00:00,29,3,39,0,0.0
2019-11-30 07:00:00+00:00,30,1,27,0,0.0
2019-11-30 07:00:00+00:00,30,2,30,0,0.0
2019-11-30 07:00:00+00:00,30,3,41,0,0.0
2019-11-30 07:00:00+00:00,31,1,13,0,0.0
2019-11-30 07:00:00+00:00,31,2,6,0,0.0
2019-11-30 07:00:00+00:00,31,3,48,0,0.0
2019-11-30 07:00:00+00:00,32,1,33,0,0.0
2019-11-30 07:00:00+00:00,32,2,41,0,0.0
2019-11-30 07:00:00+00:00,32,3,41,0,0.0
2019-11-30 07:00:00+00:00,33,1,44,0,0.0
2019-11-30 07:00:00+00:00,33,2,41,0,0.0
2019-11-30 07:00:00+00:00,33,3,31,0,0.0
2019-11-30 08:00:00+00:00,0,1,21,0,0.0
2019-11-30 08:00:00+00:00,0,2,54,0,0.0
2019-11-30 08:00:00+00:00,0,3,27,0,0.0
2019-11-30 08:00:00+00:00,1,1,24,0,0.0
2019-11-30 08:00:00+00:00,1,2,52,0,0.0
2019-11-30 08:00:00+00:00,1,3,20,0,0.0
2019-11-30 08:00:00+00:00,2,1,46,1,34.000000000000064
2019-11-30 08:00:00+00:00,2,2,24,0,0.0
2019-11-30 08:00:00+00:00,2,3,36,0,0.0
2019-11-30 08:00:00+00:00,3,1,50,0,0.0
2019-11-30 08:00:00+00:00,3,2,18,0,0.0
2019-11-30 08:00:00+00:00,3,3,23,2,68.00000000000013
2019-11-30 08:00:00+00:00,4,1,29,0,0.0
2019-11-30 08:00:00+00:00,4,2,8,0,0.0
2019-11-30 08:00:00+00:00,4,3,24,0,0.0
2019-11-30 08:00:00+00:00,5,1,38,0,0.0
2019-11-30 08:00:00+00:00,5,2,33,0,0.0
2019-11-30 08:00:00+00:00,5,3,43,0,0.0
2019-11-30 08:00:00+00:00,6,1,36,0,0.0
2019-11-30 08:00:00+00:00,6,2,41,0,0.0
2019-11-30 08:00:00+00:00,6,3,33,0,0.0
2019-11-30 08:00:00+00:00,7,1,14,0,0.0
2019-11-30 08:00:00+00:00,7,2,39,0,0.0
2019-11-30 08:00:00+00:00,7,3,43,0,0.0
2019-11-30 08:00:00+00:00,8,1,8,0,0.0
2019-11-30 08:00:00+00:00,8,2,30,0,0.0
2019-11-30 08:00:00+00:00,8,3,67,2,68.00000000000013
2019-11-30 08:00:00+00:00,9,2,29,0,0.0
2019-11-30 08:00:00+00:00,9,3,32,0,0.0
2019-11-30 08:00:00+00:00,10,1,17,0,0.0
2019-11-30 08:00:00+00:00,10,2,10,0,0.0
2019-11-30 08:00:00+00:00,10,3,27,1,34.000000000000064
2019-11-30 08:00:00+00:00,11,1,71,6,204.0000000000004
2019-11-30 08:00:00+00:00,11,2,10,0,0.0
2019-11-30 08:00:00+00:00,11,3,42,0,0.0
2019-11-30 08:00:00+00:00,12,1,42,0,0.0
2019-11-30 08:00:00+00:00,12,2,33,1,34.000000000000064
2019-11-30 08:00:00+00:00,12,3,41,0,0.0
2019-11-30 08:00:00+00:00,13,1,28,0,0.0
2019-11-30 08:00:00+00:00,13,2,52,3,102.0000000000002
2019-11-30 08:00:00+00:00,13,3,22,0,0.0
2019-11-30 08:00:00+00:00,14,1,10,0,0.0
2019-11-30 08:00:00+00:00,14,2,19,0,0.0
2019-11-30 08:00:00+00:00,14,3,41,1,34.000000000000064
2019-11-30 08:00:00+00:00,15,1,31,0,0.0
2019-11-30 08:00:00+00:00,15,2,21,0,0.0
2019-11-30 08:00:00+00:00,15,3,15,0,0.0
2019-11-30 08:00:00+00:00,16,1,55,1,34.000000000000064
2019-11-30 08:00:00+00:00,16,2,10,0,0.0
2019-11-30 08:00:00+00:00,16,3,28,0,0.0
2019-11-30 08:00:00+00:00,17,1,16,0,0.0
2019-11-30 08:00:00+00:00,17,2,15,1,34.000000000000064
2019-11-30 08:00:00+00:00,17,3,19,0,0.0
2019-11-30 08:00:00+00:00,18,1,17,0,0.0
2019-11-30 08:00:00+00:00,18,2,18,0,0.0
2019-11-30 08:00:00+00:00,18,3,36,0,0.0
2019-11-30 08:00:00+00:00,19,1,24,0,0.0
2019-11-30 08:00:00+00:00,19,2,33,0,0.0
2019-11-30 08:00:00+00:00,19,3,17,1,34.000000000000064
2019-11-30 08:00:00+00:00,20,1,29,1,34.000000000000064
2019-11-30 08:00:00+00:00,20,2,41,0,0.0
2019-11-30 08:00:00+00:00,20,3,6,0,0.0
2019-11-30 08:00:00+00:00,21,1,43,2,68.00000000000013
2019-11-30 08:00:00+00:00,21,2,27,0,0.0
2019-11-30 08:00:00+00:00,21,3,40,0,0.0
2019-11-30 08:00:00+00:00,22,1,29,0,0.0
2019-11-30 08:00:00+00:00,22,2,19,0,0.0
2019-11-30 08:00:00+00:00,22,3,22,1,34.000000000000064
2019-11-30 08:00:00+00:00,23,1,33,0,0.0
2019-11-30 08:00:00+00:00,23,2,22,0,0.0
2019-11-30 08:00:00+00:00,23,3,30,0,0.0
2019-11-30 08:00:00+00:00,24,1,28,0,0.0
2019-11-30 08:00:00+00:00,24,2,21,0,0.0
2019-11-30 08:00:00+00:00,24,3,48,1,34.000000000000064
2019-11-30 08:00:00+00:00,25,1,31,0,0.0
2019-11-30 08:00:00+00:00,25,2,25,0,0.0
2019-11-30 08:00:00+00:00,25,3,8,0,0.0
2019-11-30 08:00:00+00:00,26,1,34,0,0.0
2019-11-30 08:00:00+00:00,26,2,31,0,0.0
2019-11-30 08:00:00+00:00,26,3,5,0,0.0
2019-11-30 08:00:00+00:00,27,1,30,0,0.0
2019-11-30 08:00:00+00:00,27,2,56,0,0.0
2019-11-30 08:00:00+00:00,27,3,9,0,0.0
2019-11-30 08:00:00+00:00,28,1,15,0,0.0
2019-11-30 08:00:00+00:00,28,2,35,0,0.0
2019-11-30 08:00:00+00:00,28,3,37,1,34.000000000000064
2019-11-30 08:00:00+00:00,29,1,11,0,0.0
2019-11-30 08:00:00+00:00,29,2,18,0,0.0
2019-11-30 08:00:00+00:00,29,3,61,0,0.0
2019-11-30 08:00:00+00:00,30,1,13,0,0.0
2019-11-30 08:00:00+00:00,30,2,61,0,0.0
2019-11-30 08:00:00+00:00,30,3,5,0,0.0
2019-11-30 08:00:00+00:00,31,1,66,1,34.000000000000064
2019-11-30 08:00:00+00:00,31,2,18,0,0.0
2019-11-30 08:00:00+00:00,31,3,28,0,0.0
2019-11-30 08:00:00+00:00,32,1,27,0,0.0
2019-11-30 08:00:00+00:00,32,2,37,2,68.00000000000013
2019-11-30 08:00:00+00:00,32,3,15,0,0.0
2019-11-30 08:00:00+00:00,33,1,9,0,0.0
2019-11-30 08:00:00+00:00,33,2,16,0,0.0
2019-11-30 08:00:00+00:00,33,3,26,0,0.0
2019-11-30 09:00:00+00:00,0,1,24,0,0.0
2019-11-30 09:00:00+00:00,0,2,55,0,0.0
2019-11-30 09:00:00+00:00,0,3,20,0,0.0
2019-11-30 09:00:00+00:00,1,1,45,0,0.0
2019-11-30 09:00:00+00:00,1,2,21,0,0.0
2019-11-30 09:00:00+00:00,1,3,36,0,0.0
2019-11-30 09:00:00+00:00,2,1,39,0,0.0
2019-11-30 09:00:00+00:00,2,2,16,0,0.0
2019-11-30 09:00:00+00:00,2,3,33,0,0.0
2019-11-30 09:00:00+00:00,3,1,38,6,204.0000000000004
2019-11-30 09:00:00+00:00,3,2,28,0,0.0
2019-11-30 09:00:00+00:00,3,3,36,1,34.000000000000064
2019-11-30 09:00:00+00:00,4,1,50,0,0.0
2019-11-30 09:00:00+00:00,4,2,42,0,0.0
2019-11-30 09:00:00+00:00,4,3,33,4,136.00000000000026
2019-11-30 09:00:00+00:00,5,1,44,1,34.000000000000064
2019-11-30 09:00:00+00:00,5,2,11,0,0.0
2019-11-30 09:00:00+00:00,5,3,26,0,0.0
2019-11-30 09:00:00+00:00,6,1,8,0,0.0
2019-11-30 09:00:00+00:00,6,2,42,0,0.0
2019-11-30 09:00:00+00:00,6,3,55,0,0.0
2019-11-30 09:00:00+00:00,7,1,14,0,0.0
2019-11-30 09:00:00+00:00,7,2,73,0,0.0
2019-11-30 09:00:00+00:00,7,3,4,0,0.0
2019-11-30 09:00:00+00:00,8,1,25,0,0.0
2019-11-30 09:00:00+00:00,8,2,31,0,0.0
2019-11-30 09:00:00+00:00,8,3,37,0,0.0
2019-11-30 09:00:00+00:00,9,1,33,0,0.0
2019-11-30 09:00:00+00:00,9,2,22,0,0.0
2019-11-30 09:00:00+00:00,9,3,30,0,0.0
2019-11-30 09:00:00+00:00,10,1,13,0,0.0
2019-11-30 09:00:00+00:00,10,2,40,0,0.0
2019-11-30 09:00:00+00:00,10,3,28,0,0.0
2019-11-30 09:00:00+00:00,11,1,13,0,0.0
2019-11-30 09:00:00+00:00,11,2,36,0,0.0
2019-11-30 09:00:00+00:00,11,3,39,0,0.0
2019-11-30 09:00:00+00:00,12,1,31,0,0.0
2019-11-30 09:00:00+00:00,12,2,59,0,0.0
2019-11-30 09:00:00+00:00,12,3,47,0,0.0
2019-11-30 09:00:00+00:00,13,1,33,0,0.0
2019-11-30 09:00:00+00:00,13,2,30,1,34.000000000000064
2019-11-30 09:00:00+00:00,13,3,56,0,0.0
2019-11-30 09:00:00+00:00,14,1,42,1,34.000000000000064
2019-11-30 09:00:00+00:00,14,2,30,0,0.0
2019-11-30 09:00:00+00:00,14,3,60,0,0.0
2019-11-30 09:00:00+00:00,15,1,35,0,0.0
2019-11-30 09:00:00+00:00,15,2,24,0,0.0
2019-11-30 09:00:00+00:00,15,3,20,0,0.0
2019-11-30 09:00:00+00:00,16,1,21,0,0.0
2019-11-30 09:00:00+00:00,16,2,34,0,0.0
2019-11-30 09:00:00+00:00,16,3,40,0,0.0
2019-11-30 09:00:00+00:00,17,1,29,0,0.0
2019-11-30 09:00:00+00:00,17,2,45,0,0.0
2019-11-30 09:00:00+00:00,17,3,23,0,0.0
2019-11-30 09:00:00+00:00,18,1,21,0,0.0
2019-11-30 09:00:00+00:00,18,2,8,1,34.000000000000064
2019-11-30 09:00:00+00:00,18,3,39,0,0.0
2019-11-30 09:00:00+00:00,19,1,36,0,0.0
2019-11-30 09:00:00+00:00,19,2,27,0,0.0
2019-11-30 09:00:00+00:00,19,3,22,0,0.0
2019-11-30 09:00:00+00:00,20,1,32,0,0.0
2019-11-30 09:00:00+00:00,20,2,19,0,0.0
2019-11-30 09:00:00+00:00,20,3,27,0,0.0
2019-11-30 09:00:00+00:00,21,1,51,1,34.000000000000064
2019-11-30 09:00:00+00:00,21,2,20,0,0.0
2019-11-30 09:00:00+00:00,21,3,59,0,0.0
2019-11-30 09:00:00+00:00,22,1,11,0,0.0
2019-11-30 09:00:00+00:00,22,2,35,0,0.0
2019-11-30 09:00:00+00:00,22,3,52,0,0.0
2019-11-30 09:00:00+00:00,23,1,56,1,34.000000000000064
2019-11-30 09:00:00+00:00,23,2,77,0,0.0
2019-11-30 09:00:00+00:00,23,3,23,0,0.0
2019-11-30 09:00:00+00:00,24,1,93,1,34.000000000000064
2019-11-30 09:00:00+00:00,24,2,17,0,0.0
2019-11-30 09:00:00+00:00,24,3,24,0,0.0
2019-11-30 09:00:00+00:00,25,1,26,0,0.0
2019-11-30 09:00:00+00:00,25,2,41,0,0.0
2019-11-30 09:00:00+00:00,25,3,31,0,0.0
2019-11-30 09:00:00+00:00,26,1,54,0,0.0
2019-11-30 09:00:00+00:00,26,2,22,0,0.0
2019-11-30 09:00:00+00:00,26,3,13,0,0.0
2019-11-30 09:00:00+00:00,27,1,22,0,0.0
2019-11-30 09:00:00+00:00,27,2,41,0,0.0
2019-11-30 09:00:00+00:00,27,3,9,0,0.0
2019-11-30 09:00:00+00:00,28,1,28,0,0.0
2019-11-30 09:00:00+00:00,28,2,33,1,34.000000000000064
2019-11-30 09:00:00+00:00,28,3,86,0,0.0
2019-11-30 09:00:00+00:00,29,1,48,0,0.0
2019-11-30 09:00:00+00:00,29,2,5,0,0.0
2019-11-30 09:00:00+00:00,29,3,15,1,34.000000000000064
2019-11-30 09:00:00+00:00,30,1,28,0,0.0
2019-11-30 09:00:00+00:00,30,2,19,4,136.00000000000026
2019-11-30 09:00:00+00:00,30,3,26,0,0.0
2019-11-30 09:00:00+00:00,31,1,25,0,0.0
2019-11-30 09:00:00+00:00,31,2,21,0,0.0
2019-11-30 09:00:00+00:00,31,3,9,0,0.0
2019-11-30 09:00:00+00:00,32,1,6,0,0.0
2019-11-30 09:00:00+00:00,32,2,25,0,0.0
2019-11-30 09:00:00+00:00,32,3,30,1,34.000000000000064
2019-11-30 09:00:00+00:00,33,1,29,0,0.0
2019-11-30 09:00:00+00:00,33,2,54,0,0.0
2019-11-30 09:00:00+00:00,33,3,14,0,0.0
2019-11-30 10:00:00+00:00,0,1,53,0,0.0
2019-11-30 10:00:00+00:00,0,2,30,0,0.0
2019-11-30 10:00:00+00:00,0,3,18,0,0.0
2019-11-30 10:00:00+00:00,1,1,18,0,0.0
2019-11-30 10:00:00+00:00,1,2,6,0,0.0
2019-11-30 10:00:00+00:00,1,3,56,0,0.0
2019-11-30 10:00:00+00:00,2,1,18,0,0.0
2019-11-30 10:00:00+00:00,2,2,40,0,0.0
2019-11-30 10:00:00+00:00,2,3,20,0,0.0
2019-11-30 10:00:00+00:00,3,1,49,0,0.0
2019-11-30 10:00:00+00:00,3,2,8,0,0.0
2019-11-30 10:00:00+00:00,3,3,37,0,0.0
2019-11-30 10:00:00+00:00,4,1,39,0,0.0
2019-11-30 10:00:00+00:00,4,2,11,0,0.0
2019-11-30 10:00:00+00:00,4,3,26,0,0.0
2019-11-30 10:00:00+00:00,5,1,21,0,0.0
2019-11-30 10:00:00+00:00,5,2,56,2,68.00000000000013
2019-11-30 10:00:00+00:00,5,3,25,0,0.0
2019-11-30 10:00:00+00:00,6,1,37,0,0.0
2019-11-30 10:00:00+00:00,6,2,47,0,0.0
2019-11-30 10:00:00+00:00,6,3,12,0,0.0
2019-11-30 10:00:00+00:00,7,1,24,0,0.0
2019-11-30 10:00:00+00:00,7,2,20,0,0.0
2019-11-30 10:00:00+00:00,7,3,53,0,0.0
2019-11-30 10:00:00+00:00,8,1,31,0,0.0
2019-11-30 10:00:00+00:00,8,2,35,0,0.0
2019-11-30 10:00:00+00:00,8,3,28,0,0.0
2019-11-30 10:00:00+00:00,9,1,41,0,0.0
2019-11-30 10:00:00+00:00,9,2,24,0,0.0
2019-11-30 10:00:00+00:00,9,3,49,1,34.000000000000064
2019-11-30 10:00:00+00:00,10,1,47,0,0.0
2019-11-30 10:00:00+00:00,10,2,37,0,0.0
2019-11-30 10:00:00+00:00,10,3,29,0,0.0
2019-11-30 10:00:00+00:00,11,1,23,0,0.0
2019-11-30 10:00:00+00:00,11,2,42,0,0.0
2019-11-30 10:00:00+00:00,11,3,35,0,0.0
2019-11-30 10:00:00+00:00,12,1,40,3,102.0000000000002
2019-11-30 10:00:00+00:00,12,2,56,2,68.00000000000013
2019-11-30 10:00:00+00:00,12,3,22,0,0.0
2019-11-30 10:00:00+00:00,13,1,18,0,0.0
2019-11-30 10:00:00+00:00,13,2,24,0,0.0
2019-11-30 10:00:00+00:00,13,3,68,1,34.000000000000064
2019-11-30 10:00:00+00:00,14,1,45,0,0.0
2019-11-30 10:00:00+00:00,14,2,86,0,0.0
2019-11-30 10:00:00+00:00,14,3,14,0,0.0
2019-11-30 10:00:00+00:00,15,1,19,0,0.0
2019-11-30 10:00:00+00:00,15,2,17,0,0.0
2019-11-30 10:00:00+00:00,15,3,39,1,34.000000000000064
2019-11-30 10:00:00+00:00,16,1,32,0,0.0
2019-11-30 10:00:00+00:00,16,2,14,0,0.0
2019-11-30 10:00:00+00:00,16,3,33,0,0.0
2019-11-30 10:00:00+00:00,17,1,71,0,0.0
2019-11-30 10:00:00+00:00,17,2,63,0,0.0
2019-11-30 10:00:00+00:00,17,3,46,0,0.0
2019-11-30 10:00:00+00:00,18,1,20,0,0.0
2019-11-30 10:00:00+00:00,18,2,29,0,0.0
2019-11-30 10:00:00+00:00,18,3,37,0,0.0
2019-11-30 10:00:00+00:00,19,1,43,0,0.0
2019-11-30 10:00:00+00:00,19,2,7,0,0.0
2019-11-30 10:00:00+00:00,19,3,53,0,0.0
2019-11-30 10:00:00+00:00,20,1,33,0,0.0
2019-11-30 10:00:00+00:00,20,2,33,0,0.0
2019-11-30 10:00:00+00:00,20,3,36,0,0.0
2019-11-30 10:00:00+00:00,21,1,31,0,0.0
2019-11-30 10:00:00+00:00,21,2,36,0,0.0
2019-11-30 10:00:00+00:00,21,3,19,0,0.0
2019-11-30 10:00:00+00:00,22,1,28,0,0.0
2019-11-30 10:00:00+00:00,22,2,49,0,0.0
2019-11-30 10:00:00+00:00,22,3,38,0,0.0
2019-11-30 10:00:00+00:00,23,1,35,0,0.0
2019-11-30 10:00:00+00:00,23,2,33,0,0.0
2019-11-30 10:00:00+00:00,23,3,47,0,0.0
2019-11-30 10:00:00+00:00,24,1,34,0,0.0
2019-11-30 10:00:00+00:00,24,2,85,0,0.0
2019-11-30 10:00:00+00:00,24,3,37,0,0.0
2019-11-30 10:00:00+00:00,25,1,59,3,102.0000000000002
2019-11-30 10:00:00+00:00,25,2,27,0,0.0
2019-11-30 10:00:00+00:00,25,3,22,0,0.0
2019-11-30 10:00:00+00:00,26,1,37,0,0.0
2019-11-30 10:00:00+00:00,26,2,26,0,0.0
2019-11-30 10:00:00+00:00,26,3,25,0,0.0
2019-11-30 10:00:00+00:00,27,1,17,0,0.0
2019-11-30 10:00:00+00:00,27,2,43,0,0.0
2019-11-30 10:00:00+00:00,27,3,35,0,0.0
2019-11-30 10:00:00+00:00,28,1,27,0,0.0
2019-11-30 10:00:00+00:00,28,2,24,0,0.0
2019-11-30 10:00:00+00:00,28,3,44,0,0.0
2019-11-30 10:00:00+00:00,29,1,39,0,0.0
2019-11-30 10:00:00+00:00,29,2,22,0,0.0
2019-11-30 10:00:00+00:00,29,3,12,0,0.0
2019-11-30 10:00:00+00:00,30,1,40,0,0.0
2019-11-30 10:00:00+00:00,30,2,29,0,0.0
2019-11-30 10:00:00+00:00,30,3,56,0,0.0
2019-11-30 10:00:00+00:00,31,1,14,0,0.0
2019-11-30 10:00:00+00:00,31,2,43,1,34.000000000000064
2019-11-30 10:00:00+00:00,31,3,14,0,0.0
2019-11-30 10:00:00+00:00,32,1,61,0,0.0
2019-11-30 10:00:00+00:00,32,2,20,0,0.0
2019-11-30 10:00:00+00:00,32,3,54,0,0.0
2019-11-30 10:00:00+00:00,33,1,24,0,0.0
2019-11-30 10:00:00+00:00,33,2,46,0,0.0
2019-11-30 10:00:00+00:00,33,3,29,0,0.0
2019-11-30 11:00:00+00:00,0,1,17,0,0.0
2019-11-30 11:00:00+00:00,0,2,54,4,136.00000000000026
2019-11-30 11:00:00+00:00,0,3,30,3,102.0000000000002
2019-11-30 11:00:00+00:00,1,1,51,0,0.0
2019-11-30 11:00:00+00:00,1,2,33,0,0.0
2019-11-30 11:00:00+00:00,1,3,19,1,34.000000000000064
2019-11-30 11:00:00+00:00,2,1,100,0,0.0
2019-11-30 11:00:00+00:00,2,2,58,0,0.0
2019-11-30 11:00:00+00:00,2,3,25,1,34.000000000000064
2019-11-30 11:00:00+00:00,3,1,15,0,0.0
2019-11-30 11:00:00+00:00,3,2,48,1,34.000000000000064
2019-11-30 11:00:00+00:00,3,3,61,0,0.0
2019-11-30 11:00:00+00:00,4,1,42,2,68.00000000000013
2019-11-30 11:00:00+00:00,4,2,27,0,0.0
2019-11-30 11:00:00+00:00,4,3,48,1,34.000000000000064
2019-11-30 11:00:00+00:00,5,1,73,1,34.000000000000064
2019-11-30 11:00:00+00:00,5,2,38,0,0.0
2019-11-30 11:00:00+00:00,5,3,47,0,0.0
2019-11-30 11:00:00+00:00,6,1,65,0,0.0
2019-11-30 11:00:00+00:00,6,2,59,0,0.0
2019-11-30 11:00:00+00:00,6,3,62,0,0.0
2019-11-30 11:00:00+00:00,7,1,23,0,0.0
2019-11-30 11:00:00+00:00,7,2,73,1,34.000000000000064
2019-11-30 11:00:00+00:00,7,3,34,0,0.0
2019-11-30 11:00:00+00:00,8,1,72,1,34.000000000000064
2019-11-30 11:00:00+00:00,8,2,44,0,0.0
2019-11-30 11:00:00+00:00,8,3,34,0,0.0
2019-11-30 11:00:00+00:00,9,1,39,0,0.0
2019-11-30 11:00:00+00:00,9,2,34,1,34.000000000000064
2019-11-30 11:00:00+00:00,9,3,34,0,0.0
2019-11-30 11:00:00+00:00,10,1,14,0,0.0
2019-11-30 11:00:00+00:00,10,2,43,1,34.000000000000064
2019-11-30 11:00:00+00:00,10,3,30,0,0.0
2019-11-30 11:00:00+00:00,11,1,40,0,0.0
2019-11-30 11:00:00+00:00,11,2,34,0,0.0
2019-11-30 11:00:00+00:00,11,3,50,0,0.0
2019-11-30 11:00:00+00:00,12,1,39,0,0.0
2019-11-30 11:00:00+00:00,12,2,80,0,0.0
2019-11-30 11:00:00+00:00,12,3,20,0,0.0
2019-11-30 11:00:00+00:00,13,1,61,0,0.0
2019-11-30 11:00:00+00:00,13,2,36,2,68.00000000000013
2019-11-30 11:00:00+00:00,13,3,29,0,0.0
2019-11-30 11:00:00+00:00,14,1,16,3,102.0000000000002
2019-11-30 11:00:00+00:00,14,2,21,0,0.0
2019-11-30 11:00:00+00:00,14,3,38,3,102.0000000000002
2019-11-30 11:00:00+00:00,15,1,29,0,0.0
2019-11-30 11:00:00+00:00,15,2,56,0,0.0
2019-11-30 11:00:00+00:00,15,3,52,1,34.000000000000064
2019-11-30 11:00:00+00:00,16,1,26,0,0.0
2019-11-30 11:00:00+00:00,16,2,42,0,0.0
2019-11-30 11:00:00+00:00,16,3,46,0,0.0
2019-11-30 11:00:00+00:00,17,1,25,0,0.0
2019-11-30 11:00:00+00:00,17,2,52,1,34.000000000000064
2019-11-30 11:00:00+00:00,17,3,19,0,0.0
2019-11-30 11:00:00+00:00,18,1,40,0,0.0
2019-11-30 11:00:00+00:00,18,2,57,0,0.0
2019-11-30 11:00:00+00:00,18,3,15,0,0.0
2019-11-30 11:00:00+00:00,19,1,15,0,0.0
2019-11-30 11:00:00+00:00,19,2,22,0,0.0
2019-11-30 11:00:00+00:00,19,3,41,0,0.0
2019-11-30 11:00:00+00:00,20,1,53,1,34.000000000000064
2019-11-30 11:00:00+00:00,20,2,40,1,34.000000000000064
2019-11-30 11:00:00+00:00,20,3,43,0,0.0
2019-11-30 11:00:00+00:00,21,1,64,0,0.0
2019-11-30 11:00:00+00:00,21,2,37,0,0.0
2019-11-30 11:00:00+00:00,21,3,50,0,0.0
2019-11-30 11:00:00+00:00,22,1,42,0,0.0
2019-11-30 11:00:00+00:00,22,2,62,0,0.0
2019-11-30 11:00:00+00:00,22,3,54,0,0.0
2019-11-30 11:00:00+00:00,23,1,29,1,34.000000000000064
2019-11-30 11:00:00+00:00,23,2,8,1,34.000000000000064
2019-11-30 11:00:00+00:00,23,3,47,0,0.0
2019-11-30 11:00:00+00:00,24,1,37,0,0.0
2019-11-30 11:00:00+00:00,24,2,51,0,0.0
2019-11-30 11:00:00+00:00,24,3,38,1,34.000000000000064
2019-11-30 11:00:00+00:00,25,1,68,0,0.0
2019-11-30 11:00:00+00:00,25,2,23,0,0.0
2019-11-30 11:00:00+00:00,25,3,57,0,0.0
2019-11-30 11:00:00+00:00,26,1,18,1,34.000000000000064
2019-11-30 11:00:00+00:00,26,2,31,0,0.0
2019-11-30 11:00:00+00:00,26,3,32,0,0.0
2019-11-30 11:00:00+00:00,27,1,37,1,34.000000000000064
2019-11-30 11:00:00+00:00,27,2,21,0,0.0
2019-11-30 11:00:00+00:00,27,3,36,0,0.0
2019-11-30 11:00:00+00:00,28,1,19,1,34.000000000000064
2019-11-30 11:00:00+00:00,28,2,34,1,34.000000000000064
2019-11-30 11:00:00+00:00,28,3,31,0,0.0
2019-11-30 11:00:00+00:00,29,1,88,0,0.0
2019-11-30 11:00:00+00:00,29,2,18,0,0.0
2019-11-30 11:00:00+00:00,29,3,92,0,0.0
2019-11-30 11:00:00+00:00,30,1,19,0,0.0
2019-11-30 11:00:00+00:00,30,2,74,1,34.000000000000064
2019-11-30 11:00:00+00:00,30,3,45,0,0.0
2019-11-30 11:00:00+00:00,31,1,63,0,0.0
2019-11-30 11:00:00+00:00,31,2,12,0,0.0
2019-11-30 11:00:00+00:00,31,3,77,3,102.0000000000002
2019-11-30 11:00:00+00:00,32,1,43,0,0.0
2019-11-30 11:00:00+00:00,32,2,63,0,0.0
2019-11-30 11:00:00+00:00,32,3,44,0,0.0
2019-11-30 11:00:00+00:00,33,1,46,0,0.0
2019-11-30 11:00:00+00:00,33,2,43,0,0.0
2019-11-30 11:00:00+00:00,33,3,49,0,0.0
2019-11-30 12:00:00+00:00,0,1,68,1,34.000000000000064
2019-11-30 12:00:00+00:00,0,2,48,0,0.0
2019-11-30 12:00:00+00:00,0,3,29,0,0.0
2019-11-30 12:00:00+00:00,1,1,35,0,0.0
2019-11-30 12:00:00+00:00,1,2,46,1,34.000000000000064
2019-11-30 12:00:00+00:00,1,3,69,0,0.0
2019-11-30 12:00:00+00:00,2,1,56,8,272.0000000000005
2019-11-30 12:00:00+00:00,2,2,64,0,0.0
2019-11-30 12:00:00+00:00,2,3,26,0,0.0
2019-11-30 12:00:00+00:00,3,1,6,0,0.0
2019-11-30 12:00:00+00:00,3,2,85,0,0.0
2019-11-30 12:00:00+00:00,3,3,53,1,34.000000000000064
2019-11-30 12:00:00+00:00,4,1,47,0,0.0
2019-11-30 12:00:00+00:00,4,2,37,0,0.0
2019-11-30 12:00:00+00:00,4,3,61,3,102.0000000000002
2019-11-30 12:00:00+00:00,5,1,41,0,0.0
2019-11-30 12:00:00+00:00,5,2,89,1,34.000000000000064
2019-11-30 12:00:00+00:00,5,3,38,2,68.00000000000013
2019-11-30 12:00:00+00:00,6,1,52,0,0.0
2019-11-30 12:00:00+00:00,6,2,46,0,0.0
2019-11-30 12:00:00+00:00,6,3,76,2,68.00000000000013
2019-11-30 12:00:00+00:00,7,1,47,0,0.0
2019-11-30 12:00:00+00:00,7,2,38,0,0.0
2019-11-30 12:00:00+00:00,7,3,60,1,34.000000000000064
2019-11-30 12:00:00+00:00,8,1,39,0,0.0
2019-11-30 12:00:00+00:00,8,2,62,0,0.0
2019-11-30 12:00:00+00:00,8,3,29,0,0.0
2019-11-30 12:00:00+00:00,9,1,56,0,0.0
2019-11-30 12:00:00+00:00,9,2,37,0,0.0
2019-11-30 12:00:00+00:00,9,3,48,0,0.0
2019-11-30 12:00:00+00:00,10,1,82,0,0.0
2019-11-30 12:00:00+00:00,10,2,64,2,68.00000000000013
2019-11-30 12:00:00+00:00,10,3,53,0,0.0
2019-11-30 12:00:00+00:00,11,1,1,0,0.0
2019-11-30 12:00:00+00:00,11,2,40,1,34.000000000000064
2019-11-30 12:00:00+00:00,11,3,35,1,34.000000000000064
2019-11-30 12:00:00+00:00,12,1,75,0,0.0
2019-11-30 12:00:00+00:00,12,2,35,0,0.0
2019-11-30 12:00:00+00:00,12,3,53,0,0.0
2019-11-30 12:00:00+00:00,13,1,29,0,0.0
2019-11-30 12:00:00+00:00,13,2,55,0,0.0
2019-11-30 12:00:00+00:00,13,3,59,0,0.0
2019-11-30 12:00:00+00:00,14,1,68,0,0.0
2019-11-30 12:00:00+00:00,14,2,74,2,68.00000000000013
2019-11-30 12:00:00+00:00,14,3,31,0,0.0
2019-11-30 12:00:00+00:00,15,1,28,0,0.0
2019-11-30 12:00:00+00:00,15,2,33,0,0.0
2019-11-30 12:00:00+00:00,15,3,77,2,68.00000000000013
2019-11-30 12:00:00+00:00,16,1,48,0,0.0
2019-11-30 12:00:00+00:00,16,2,32,0,0.0
2019-11-30 12:00:00+00:00,16,3,34,0,0.0
2019-11-30 12:00:00+00:00,17,1,51,0,0.0
2019-11-30 12:00:00+00:00,17,2,43,0,0.0
2019-11-30 12:00:00+00:00,17,3,29,0,0.0
2019-11-30 12:00:00+00:00,18,1,50,0,0.0
2019-11-30 12:00:00+00:00,18,2,41,0,0.0
2019-11-30 12:00:00+00:00,18,3,38,0,0.0
2019-11-30 12:00:00+00:00,19,1,50,0,0.0
2019-11-30 12:00:00+00:00,19,2,33,0,0.0
2019-11-30 12:00:00+00:00,19,3,35,0,0.0
2019-11-30 12:00:00+00:00,20,1,55,1,34.000000000000064
2019-11-30 12:00:00+00:00,20,2,30,0,0.0
2019-11-30 12:00:00+00:00,20,3,46,0,0.0
2019-11-30 12:00:00+00:00,21,1,60,1,34.000000000000064
2019-11-30 12:00:00+00:00,21,2,62,0,0.0
2019-11-30 12:00:00+00:00,21,3,28,0,0.0
2019-11-30 12:00:00+00:00,22,1,14,0,0.0
2019-11-30 12:00:00+00:00,22,2,38,0,0.0
2019-11-30 12:00:00+00:00,22,3,83,0,0.0
2019-11-30 12:00:00+00:00,23,1,29,0,0.0
2019-11-30 12:00:00+00:00,23,2,59,3,102.0000000000002
2019-11-30 12:00:00+00:00,23,3,31,0,0.0
2019-11-30 12:00:00+00:00,24,1,93,0,0.0
2019-11-30 12:00:00+00:00,24,2,47,0,0.0
2019-11-30 12:00:00+00:00,24,3,55,3,102.0000000000002
2019-11-30 12:00:00+00:00,25,1,17,1,34.000000000000064
2019-11-30 12:00:00+00:00,25,2,42,0,0.0
2019-11-30 12:00:00+00:00,25,3,85,0,0.0
2019-11-30 12:00:00+00:00,26,1,79,1,34.000000000000064
2019-11-30 12:00:00+00:00,26,2,53,0,0.0
2019-11-30 12:00:00+00:00,26,3,46,0,0.0
2019-11-30 12:00:00+00:00,27,1,30,1,34.000000000000064
2019-11-30 12:00:00+00:00,27,2,56,0,0.0
2019-11-30 12:00:00+00:00,27,3,64,1,34.000000000000064
2019-11-30 12:00:00+00:00,28,1,43,0,0.0
2019-11-30 12:00:00+00:00,28,2,34,0,0.0
2019-11-30 12:00:00+00:00,28,3,34,0,0.0
2019-11-30 12:00:00+00:00,29,1,66,0,0.0
2019-11-30 12:00:00+00:00,29,2,16,0,0.0
2019-11-30 12:00:00+00:00,29,3,16,0,0.0
2019-11-30 12:00:00+00:00,30,1,50,0,0.0
2019-11-30 12:00:00+00:00,30,2,60,0,0.0
2019-11-30 12:00:00+00:00,30,3,56,1,34.000000000000064
2019-11-30 12:00:00+00:00,31,1,50,0,0.0
2019-11-30 12:00:00+00:00,31,2,10,0,0.0
2019-11-30 12:00:00+00:00,31,3,55,0,0.0
2019-11-30 12:00:00+00:00,32,1,64,0,0.0
2019-11-30 12:00:00+00:00,32,2,48,2,68.00000000000013
2019-11-30 12:00:00+00:00,32,3,53,0,0.0
2019-11-30 12:00:00+00:00,33,1,66,0,0.0
2019-11-30 12:00:00+00:00,33,2,83,0,0.0
2019-11-30 12:00:00+00:00,33,3,54,0,0.0
2019-11-30 13:00:00+00:00,0,1,55,0,0.0
2019-11-30 13:00:00+00:00,0,2,76,2,68.00000000000013
2019-11-30 13:00:00+00:00,0,3,81,1,34.000000000000064
2019-11-30 13:00:00+00:00,1,1,49,0,0.0
2019-11-30 13:00:00+00:00,1,2,76,0,0.0
2019-11-30 13:00:00+00:00,1,3,84,0,0.0
2019-11-30 13:00:00+00:00,2,1,20,0,0.0
2019-11-30 13:00:00+00:00,2,2,42,0,0.0
2019-11-30 13:00:00+00:00,2,3,61,0,0.0
2019-11-30 13:00:00+00:00,3,1,76,0,0.0
2019-11-30 13:00:00+00:00,3,2,24,0,0.0
2019-11-30 13:00:00+00:00,3,3,42,0,0.0
2019-11-30 13:00:00+00:00,4,1,45,1,34.000000000000064
2019-11-30 13:00:00+00:00,4,2,30,0,0.0
2019-11-30 13:00:00+00:00,4,3,47,0,0.0
2019-11-30 13:00:00+00:00,5,1,52,0,0.0
2019-11-30 13:00:00+00:00,5,2,43,1,34.000000000000064
2019-11-30 13:00:00+00:00,5,3,29,0,0.0
2019-11-30 13:00:00+00:00,6,1,53,0,0.0
2019-11-30 13:00:00+00:00,6,2,57,0,0.0
2019-11-30 13:00:00+00:00,6,3,46,0,0.0
2019-11-30 13:00:00+00:00,7,1,51,0,0.0
2019-11-30 13:00:00+00:00,7,2,41,0,0.0
2019-11-30 13:00:00+00:00,7,3,52,0,0.0
2019-11-30 13:00:00+00:00,8,1,23,0,0.0
2019-11-30 13:00:00+00:00,8,2,51,0,0.0
2019-11-30 13:00:00+00:00,8,3,47,0,0.0
2019-11-30 13:00:00+00:00,9,1,47,0,0.0
2019-11-30 13:00:00+00:00,9,2,101,0,0.0
2019-11-30 13:00:00+00:00,9,3,29,0,0.0
2019-11-30 13:00:00+00:00,10,1,90,0,0.0
2019-11-30 13:00:00+00:00,10,2,35,1,34.000000000000064
2019-11-30 13:00:00+00:00,10,3,8,2,68.00000000000013
2019-11-30 13:00:00+00:00,11,1,50,0,0.0
2019-11-30 13:00:00+00:00,11,2,30,0,0.0
2019-11-30 13:00:00+00:00,11,3,12,0,0.0
2019-11-30 13:00:00+00:00,12,1,52,1,34.000000000000064
2019-11-30 13:00:00+00:00,12,2,56,0,0.0
2019-11-30 13:00:00+00:00,12,3,53,0,0.0
2019-11-30 13:00:00+00:00,13,1,74,2,68.00000000000013
2019-11-30 13:00:00+00:00,13,2,9,0,0.0
2019-11-30 13:00:00+00:00,13,3,76,6,204.0000000000004
2019-11-30 13:00:00+00:00,14,1,72,0,0.0
2019-11-30 13:00:00+00:00,14,2,27,0,0.0
2019-11-30 13:00:00+00:00,14,3,32,0,0.0
2019-11-30 13:00:00+00:00,15,1,47,0,0.0
2019-11-30 13:00:00+00:00,15,2,43,0,0.0
2019-11-30 13:00:00+00:00,15,3,53,0,0.0
2019-11-30 13:00:00+00:00,16,1,50,0,0.0
2019-11-30 13:00:00+00:00,16,2,38,0,0.0
2019-11-30 13:00:00+00:00,16,3,39,0,0.0
2019-11-30 13:00:00+00:00,17,1,43,0,0.0
2019-11-30 13:00:00+00:00,17,2,57,0,0.0
2019-11-30 13:00:00+00:00,17,3,84,1,34.000000000000064
2019-11-30 13:00:00+00:00,18,1,16,0,0.0
2019-11-30 13:00:00+00:00,18,2,28,1,34.000000000000064
2019-11-30 13:00:00+00:00,18,3,39,0,0.0
2019-11-30 13:00:00+00:00,19,1,45,0,0.0
2019-11-30 13:00:00+00:00,19,2,55,1,34.000000000000064
2019-11-30 13:00:00+00:00,19,3,31,0,0.0
2019-11-30 13:00:00+00:00,20,1,13,0,0.0
2019-11-30 13:00:00+00:00,20,2,40,0,0.0
2019-11-30 13:00:00+00:00,20,3,37,3,102.0000000000002
2019-11-30 13:00:00+00:00,21,1,62,0,0.0
2019-11-30 13:00:00+00:00,21,2,45,0,0.0
2019-11-30 13:00:00+00:00,21,3,44,0,0.0
2019-11-30 13:00:00+00:00,22,1,46,0,0.0
2019-11-30 13:00:00+00:00,22,2,46,0,0.0
2019-11-30 13:00:00+00:00,22,3,23,0,0.0
2019-11-30 13:00:00+00:00,23,1,24,0,0.0
2019-11-30 13:00:00+00:00,23,2,21,0,0.0
2019-11-30 13:00:00+00:00,23,3,24,0,0.0
2019-11-30 13:00:00+00:00,24,1,19,1,34.000000000000064
2019-11-30 13:00:00+00:00,24,2,36,1,34.000000000000064
2019-11-30 13:00:00+00:00,24,3,48,0,0.0
2019-11-30 13:00:00+00:00,25,1,20,0,0.0
2019-11-30 13:00:00+00:00,25,2,58,0,0.0
2019-11-30 13:00:00+00:00,25,3,74,3,102.0000000000002
2019-11-30 13:00:00+00:00,26,1,63,5,170.0000000000003
2019-11-30 13:00:00+00:00,26,2,95,2,68.00000000000013
2019-11-30 13:00:00+00:00,26,3,38,0,0.0
2019-11-30 13:00:00+00:00,27,1,69,1,34.000000000000064
2019-11-30 13:00:00+00:00,27,2,38,0,0.0
2019-11-30 13:00:00+00:00,27,3,69,0,0.0
2019-11-30 13:00:00+00:00,28,1,56,1,34.000000000000064
2019-11-30 13:00:00+00:00,28,2,43,1,34.000000000000064
2019-11-30 13:00:00+00:00,28,3,76,0,0.0
2019-11-30 13:00:00+00:00,29,1,27,0,0.0
2019-11-30 13:00:00+00:00,29,2,43,0,0.0
2019-11-30 13:00:00+00:00,29,3,43,0,0.0
2019-11-30 13:00:00+00:00,30,1,27,0,0.0
2019-11-30 13:00:00+00:00,30,2,59,0,0.0
2019-11-30 13:00:00+00:00,30,3,38,0,0.0
2019-11-30 13:00:00+00:00,31,1,41,0,0.0
2019-11-30 13:00:00+00:00,31,2,38,0,0.0
2019-11-30 13:00:00+00:00,31,3,43,0,0.0
2019-11-30 13:00:00+00:00,32,1,67,2,68.00000000000013
2019-11-30 13:00:00+00:00,32,2,15,0,0.0
2019-11-30 13:00:00+00:00,32,3,36,0,0.0
2019-11-30 13:00:00+00:00,33,1,29,0,0.0
2019-11-30 13:00:00+00:00,33,2,80,4,136.00000000000026
2019-11-30 13:00:00+00:00,33,3,38,0,0.0
2019-11-30 14:00:00+00:00,0,1,40,0,0.0
2019-11-30 14:00:00+00:00,0,2,42,0,0.0
2019-11-30 14:00:00+00:00,0,3,56,0,0.0
2019-11-30 14:00:00+00:00,1,1,33,0,0.0
2019-11-30 14:00:00+00:00,1,2,41,0,0.0
2019-11-30 14:00:00+00:00,1,3,49,0,0.0
2019-11-30 14:00:00+00:00,2,1,43,1,34.000000000000064
2019-11-30 14:00:00+00:00,2,2,46,0,0.0
2019-11-30 14:00:00+00:00,2,3,27,1,34.000000000000064
2019-11-30 14:00:00+00:00,3,1,54,0,0.0
2019-11-30 14:00:00+00:00,3,2,42,0,0.0
2019-11-30 14:00:00+00:00,3,3,24,0,0.0
2019-11-30 14:00:00+00:00,4,1,36,0,0.0
2019-11-30 14:00:00+00:00,4,2,52,0,0.0
2019-11-30 14:00:00+00:00,4,3,37,0,0.0
2019-11-30 14:00:00+00:00,5,1,13,0,0.0
2019-11-30 14:00:00+00:00,5,2,27,0,0.0
2019-11-30 14:00:00+00:00,5,3,21,0,0.0
2019-11-30 14:00:00+00:00,6,1,55,1,34.000000000000064
2019-11-30 14:00:00+00:00,6,2,42,1,34.000000000000064
2019-11-30 14:00:00+00:00,6,3,68,2,68.00000000000013
2019-11-30 14:00:00+00:00,7,1,17,0,0.0
2019-11-30 14:00:00+00:00,7,2,63,0,0.0
2019-11-30 14:00:00+00:00,7,3,15,0,0.0
2019-11-30 14:00:00+00:00,8,1,35,0,0.0
2019-11-30 14:00:00+00:00,8,2,22,0,0.0
2019-11-30 14:00:00+00:00,8,3,46,2,68.00000000000013
2019-11-30 14:00:00+00:00,9,1,70,0,0.0
2019-11-30 14:00:00+00:00,9,2,73,0,0.0
2019-11-30 14:00:00+00:00,9,3,14,0,0.0
2019-11-30 14:00:00+00:00,10,1,15,0,0.0
2019-11-30 14:00:00+00:00,10,2,22,0,0.0
2019-11-30 14:00:00+00:00,10,3,73,0,0.0
2019-11-30 14:00:00+00:00,11,1,49,0,0.0
2019-11-30 14:00:00+00:00,11,2,43,2,68.00000000000013
2019-11-30 14:00:00+00:00,11,3,26,0,0.0
2019-11-30 14:00:00+00:00,12,1,23,0,0.0
2019-11-30 14:00:00+00:00,12,2,43,0,0.0
2019-11-30 14:00:00+00:00,12,3,52,0,0.0
2019-11-30 14:00:00+00:00,13,1,53,0,0.0
2019-11-30 14:00:00+00:00,13,2,39,0,0.0
2019-11-30 14:00:00+00:00,13,3,56,3,102.0000000000002
2019-11-30 14:00:00+00:00,14,1,39,0,0.0
2019-11-30 14:00:00+00:00,14,2,59,0,0.0
2019-11-30 14:00:00+00:00,14,3,35,0,0.0
2019-11-30 14:00:00+00:00,15,1,27,0,0.0
2019-11-30 14:00:00+00:00,15,2,33,0,0.0
2019-11-30 14:00:00+00:00,15,3,16,0,0.0
2019-11-30 14:00:00+00:00,16,1,63,5,170.0000000000003
2019-11-30 14:00:00+00:00,16,2,12,0,0.0
2019-11-30 14:00:00+00:00,16,3,62,0,0.0
2019-11-30 14:00:00+00:00,17,1,23,0,0.0
2019-11-30 14:00:00+00:00,17,2,39,0,0.0
2019-11-30 14:00:00+00:00,17,3,30,0,0.0
2019-11-30 14:00:00+00:00,18,1,33,0,0.0
2019-11-30 14:00:00+00:00,18,2,25,0,0.0
2019-11-30 14:00:00+00:00,18,3,65,0,0.0
2019-11-30 14:00:00+00:00,19,1,58,0,0.0
2019-11-30 14:00:00+00:00,19,2,39,0,0.0
2019-11-30 14:00:00+00:00,19,3,49,1,34.000000000000064
2019-11-30 14:00:00+00:00,20,1,63,1,34.000000000000064
2019-11-30 14:00:00+00:00,20,2,28,0,0.0
2019-11-30 14:00:00+00:00,20,3,21,0,0.0
2019-11-30 14:00:00+00:00,21,1,59,0,0.0
2019-11-30 14:00:00+00:00,21,2,29,0,0.0
2019-11-30 14:00:00+00:00,21,3,35,0,0.0
2019-11-30 14:00:00+00:00,22,1,40,0,0.0
2019-11-30 14:00:00+00:00,22,2,52,0,0.0
2019-11-30 14:00:00+00:00,22,3,48,0,0.0
2019-11-30 14:00:00+00:00,23,1,51,0,0.0
2019-11-30 14:00:00+00:00,23,2,24,1,34.000000000000064
2019-11-30 14:00:00+00:00,23,3,39,0,0.0
2019-11-30 14:00:00+00:00,24,1,49,0,0.0
2019-11-30 14:00:00+00:00,24,2,49,0,0.0
2019-11-30 14:00:00+00:00,24,3,68,0,0.0
2019-11-30 14:00:00+00:00,25,1,41,0,0.0
2019-11-30 14:00:00+00:00,25,2,40,0,0.0
2019-11-30 14:00:00+00:00,25,3,52,0,0.0
2019-11-30 14:00:00+00:00,26,1,60,1,34.000000000000064
2019-11-30 14:00:00+00:00,26,2,34,0,0.0
2019-11-30 14:00:00+00:00,26,3,87,0,0.0
2019-11-30 14:00:00+00:00,27,1,83,0,0.0
2019-11-30 14:00:00+00:00,27,2,38,4,136.00000000000026
2019-11-30 14:00:00+00:00,27,3,40,0,0.0
2019-11-30 14:00:00+00:00,28,1,28,0,0.0
2019-11-30 14:00:00+00:00,28,2,36,0,0.0
2019-11-30 14:00:00+00:00,28,3,17,0,0.0
2019-11-30 14:00:00+00:00,29,1,11,0,0.0
2019-11-30 14:00:00+00:00,29,2,68,0,0.0
2019-11-30 14:00:00+00:00,29,3,31,0,0.0
2019-11-30 14:00:00+00:00,30,1,26,0,0.0
2019-11-30 14:00:00+00:00,30,2,39,0,0.0
2019-11-30 14:00:00+00:00,30,3,34,4,136.00000000000026
2019-11-30 14:00:00+00:00,31,1,60,0,0.0
2019-11-30 14:00:00+00:00,31,2,50,0,0.0
2019-11-30 14:00:00+00:00,31,3,19,0,0.0
2019-11-30 14:00:00+00:00,32,1,44,0,0.0
2019-11-30 14:00:00+00:00,32,2,50,0,0.0
2019-11-30 14:00:00+00:00,32,3,43,1,34.000000000000064
2019-11-30 14:00:00+00:00,33,1,17,0,0.0
2019-11-30 14:00:00+00:00,33,2,70,0,0.0
2019-11-30 14:00:00+00:00,33,3,56,0,0.0
2019-11-30 15:00:00+00:00,0,1,24,0,0.0
2019-11-30 15:00:00+00:00,0,2,21,0,0.0
2019-11-30 15:00:00+00:00,0,3,38,0,0.0
2019-11-30 15:00:00+00:00,1,1,51,0,0.0
2019-11-30 15:00:00+00:00,1,2,26,0,0.0
2019-11-30 15:00:00+00:00,1,3,43,0,0.0
2019-11-30 15:00:00+00:00,2,1,41,0,0.0
2019-11-30 15:00:00+00:00,2,2,42,0,0.0
2019-11-30 15:00:00+00:00,2,3,34,0,0.0
2019-11-30 15:00:00+00:00,3,1,42,0,0.0
2019-11-30 15:00:00+00:00,3,2,19,0,0.0
2019-11-30 15:00:00+00:00,3,3,66,1,34.000000000000064
2019-11-30 15:00:00+00:00,4,1,69,0,0.0
2019-11-30 15:00:00+00:00,4,2,17,0,0.0
2019-11-30 15:00:00+00:00,4,3,53,0,0.0
2019-11-30 15:00:00+00:00,5,1,25,0,0.0
2019-11-30 15:00:00+00:00,5,2,30,0,0.0
2019-11-30 15:00:00+00:00,5,3,46,0,0.0
2019-11-30 15:00:00+00:00,6,1,35,0,0.0
2019-11-30 15:00:00+00:00,6,2,50,0,0.0
2019-11-30 15:00:00+00:00,6,3,24,1,34.000000000000064
2019-11-30 15:00:00+00:00,7,1,55,2,68.00000000000013
2019-11-30 15:00:00+00:00,7,2,41,0,0.0
2019-11-30 15:00:00+00:00,7,3,31,0,0.0
2019-11-30 15:00:00+00:00,8,1,23,0,0.0
2019-11-30 15:00:00+00:00,8,2,60,0,0.0
2019-11-30 15:00:00+00:00,8,3,31,0,0.0
2019-11-30 15:00:00+00:00,9,1,21,2,68.00000000000013
2019-11-30 15:00:00+00:00,9,2,29,0,0.0
2019-11-30 15:00:00+00:00,9,3,18,0,0.0
2019-11-30 15:00:00+00:00,10,1,40,0,0.0
2019-11-30 15:00:00+00:00,10,2,13,0,0.0
2019-11-30 15:00:00+00:00,10,3,19,3,102.0000000000002
2019-11-30 15:00:00+00:00,11,1,25,0,0.0
2019-11-30 15:00:00+00:00,11,2,47,1,34.000000000000064
2019-11-30 15:00:00+00:00,11,3,29,0,0.0
2019-11-30 15:00:00+00:00,12,1,31,0,0.0
2019-11-30 15:00:00+00:00,12,2,31,0,0.0
2019-11-30 15:00:00+00:00,12,3,64,0,0.0
2019-11-30 15:00:00+00:00,13,1,50,0,0.0
2019-11-30 15:00:00+00:00,13,2,29,0,0.0
2019-11-30 15:00:00+00:00,13,3,51,0,0.0
2019-11-30 15:00:00+00:00,14,1,27,0,0.0
2019-11-30 15:00:00+00:00,14,2,14,0,0.0
2019-11-30 15:00:00+00:00,14,3,54,0,0.0
2019-11-30 15:00:00+00:00,15,1,47,0,0.0
2019-11-30 15:00:00+00:00,15,2,73,1,34.000000000000064
2019-11-30 15:00:00+00:00,15,3,53,0,0.0
2019-11-30 15:00:00+00:00,16,1,61,0,0.0
2019-11-30 15:00:00+00:00,16,2,38,0,0.0
2019-11-30 15:00:00+00:00,16,3,29,0,0.0
2019-11-30 15:00:00+00:00,17,1,66,0,0.0
2019-11-30 15:00:00+00:00,17,2,66,0,0.0
2019-11-30 15:00:00+00:00,17,3,18,0,0.0
2019-11-30 15:00:00+00:00,18,1,33,0,0.0
2019-11-30 15:00:00+00:00,18,2,82,1,34.000000000000064
2019-11-30 15:00:00+00:00,18,3,24,1,34.000000000000064
2019-11-30 15:00:00+00:00,19,1,61,0,0.0
2019-11-30 15:00:00+00:00,19,2,64,0,0.0
2019-11-30 15:00:00+00:00,19,3,15,0,0.0
2019-11-30 15:00:00+00:00,20,1,52,0,0.0
2019-11-30 15:00:00+00:00,20,2,25,0,0.0
2019-11-30 15:00:00+00:00,20,3,56,0,0.0
2019-11-30 15:00:00+00:00,21,1,27,0,0.0
2019-11-30 15:00:00+00:00,21,2,44,0,0.0
2019-11-30 15:00:00+00:00,21,3,48,0,0.0
2019-11-30 15:00:00+00:00,22,1,14,0,0.0
2019-11-30 15:00:00+00:00,22,2,14,0,0.0
2019-11-30 15:00:00+00:00,22,3,58,1,34.000000000000064
2019-11-30 15:00:00+00:00,23,1,15,0,0.0
2019-11-30 15:00:00+00:00,23,2,30,0,0.0
2019-11-30 15:00:00+00:00,23,3,29,0,0.0
2019-11-30 15:00:00+00:00,24,1,34,0,0.0
2019-11-30 15:00:00+00:00,24,2,43,0,0.0
2019-11-30 15:00:00+00:00,24,3,27,0,0.0
2019-11-30 15:00:00+00:00,25,1,40,0,0.0
2019-11-30 15:00:00+00:00,25,2,44,1,34.000000000000064
2019-11-30 15:00:00+00:00,25,3,49,0,0.0
2019-11-30 15:00:00+00:00,26,1,21,0,0.0
2019-11-30 15:00:00+00:00,26,2,22,0,0.0
2019-11-30 15:00:00+00:00,26,3,32,0,0.0
2019-11-30 15:00:00+00:00,27,1,45,0,0.0
2019-11-30 15:00:00+00:00,27,2,20,0,0.0
2019-11-30 15:00:00+00:00,27,3,32,0,0.0
2019-11-30 15:00:00+00:00,28,1,24,1,34.000000000000064
2019-11-30 15:00:00+00:00,28,2,59,0,0.0
2019-11-30 15:00:00+00:00,28,3,42,0,0.0
2019-11-30 15:00:00+00:00,29,1,63,2,68.00000000000013
2019-11-30 15:00:00+00:00,29,2,31,0,0.0
2019-11-30 15:00:00+00:00,29,3,59,0,0.0
2019-11-30 15:00:00+00:00,30,1,32,0,0.0
2019-11-30 15:00:00+00:00,30,2,71,0,0.0
2019-11-30 15:00:00+00:00,30,3,41,0,0.0
2019-11-30 15:00:00+00:00,31,1,88,0,0.0
2019-11-30 15:00:00+00:00,31,2,54,0,0.0
2019-11-30 15:00:00+00:00,31,3,55,0,0.0
2019-11-30 15:00:00+00:00,32,1,33,0,0.0
2019-11-30 15:00:00+00:00,32,2,20,2,68.00000000000013
2019-11-30 15:00:00+00:00,32,3,40,0,0.0
2019-11-30 15:00:00+00:00,33,1,22,0,0.0
2019-11-30 15:00:00+00:00,33,2,68,0,0.0
2019-11-30 15:00:00+00:00,33,3,30,1,34.000000000000064
2019-11-30 16:00:00+00:00,0,1,21,0,0.0
2019-11-30 16:00:00+00:00,0,2,45,1,34.000000000000064
2019-11-30 16:00:00+00:00,0,3,25,0,0.0
2019-11-30 16:00:00+00:00,1,1,18,0,0.0
2019-11-30 16:00:00+00:00,1,2,74,0,0.0
2019-11-30 16:00:00+00:00,1,3,28,0,0.0
2019-11-30 16:00:00+00:00,2,1,43,0,0.0
2019-11-30 16:00:00+00:00,2,2,20,0,0.0
2019-11-30 16:00:00+00:00,2,3,19,0,0.0
2019-11-30 16:00:00+00:00,3,1,10,0,0.0
2019-11-30 16:00:00+00:00,3,3,37,0,0.0
2019-11-30 16:00:00+00:00,4,1,37,0,0.0
2019-11-30 16:00:00+00:00,4,2,32,0,0.0
2019-11-30 16:00:00+00:00,4,3,22,0,0.0
2019-11-30 16:00:00+00:00,5,1,26,0,0.0
2019-11-30 16:00:00+00:00,5,2,15,0,0.0
2019-11-30 16:00:00+00:00,5,3,19,0,0.0
2019-11-30 16:00:00+00:00,6,1,31,0,0.0
2019-11-30 16:00:00+00:00,6,2,48,0,0.0
2019-11-30 16:00:00+00:00,6,3,24,0,0.0
2019-11-30 16:00:00+00:00,7,1,21,0,0.0
2019-11-30 16:00:00+00:00,7,2,8,0,0.0
2019-11-30 16:00:00+00:00,7,3,42,0,0.0
2019-11-30 16:00:00+00:00,8,1,25,0,0.0
2019-11-30 16:00:00+00:00,8,2,26,1,34.000000000000064
2019-11-30 16:00:00+00:00,8,3,32,0,0.0
2019-11-30 16:00:00+00:00,9,1,31,0,0.0
2019-11-30 16:00:00+00:00,9,2,24,0,0.0
2019-11-30 16:00:00+00:00,9,3,14,0,0.0
2019-11-30 16:00:00+00:00,10,1,23,0,0.0
2019-11-30 16:00:00+00:00,10,2,22,0,0.0
2019-11-30 16:00:00+00:00,10,3,18,0,0.0
2019-11-30 16:00:00+00:00,11,1,36,0,0.0
2019-11-30 16:00:00+00:00,11,2,2,0,0.0
2019-11-30 16:00:00+00:00,11,3,9,0,0.0
2019-11-30 16:00:00+00:00,12,1,24,0,0.0
2019-11-30 16:00:00+00:00,12,2,8,0,0.0
2019-11-30 16:00:00+00:00,12,3,19,0,0.0
2019-11-30 16:00:00+00:00,13,1,1,0,0.0
2019-11-30 16:00:00+00:00,13,2,19,0,0.0
2019-11-30 16:00:00+00:00,13,3,7,0,0.0
2019-11-30 16:00:00+00:00,14,1,15,0,0.0
2019-11-30 16:00:00+00:00,14,2,19,0,0.0
2019-11-30 16:00:00+00:00,14,3,24,0,0.0
2019-11-30 16:00:00+00:00,15,1,26,0,0.0
2019-11-30 16:00:00+00:00,15,2,24,0,0.0
2019-11-30 16:00:00+00:00,15,3,40,0,0.0
2019-11-30 16:00:00+00:00,16,1,26,0,0.0
2019-11-30 16:00:00+00:00,16,2,21,0,0.0
2019-11-30 16:00:00+00:00,16,3,10,0,0.0
2019-11-30 16:00:00+00:00,17,1,28,0,0.0
2019-11-30 16:00:00+00:00,17,2,25,0,0.0
2019-11-30 16:00:00+00:00,17,3,36,1,34.000000000000064
2019-11-30 16:00:00+00:00,18,1,1,0,0.0
2019-11-30 16:00:00+00:00,18,2,46,0,0.0
2019-11-30 16:00:00+00:00,18,3,42,0,0.0
2019-11-30 16:00:00+00:00,19,1,11,0,0.0
2019-11-30 16:00:00+00:00,19,2,19,0,0.0
2019-11-30 16:00:00+00:00,19,3,34,0,0.0
2019-11-30 16:00:00+00:00,20,1,85,0,0.0
2019-11-30 16:00:00+00:00,20,2,9,0,0.0
2019-11-30 16:00:00+00:00,20,3,13,0,0.0
2019-11-30 16:00:00+00:00,21,1,21,0,0.0
2019-11-30 16:00:00+00:00,21,2,4,0,0.0
2019-11-30 16:00:00+00:00,21,3,5,0,0.0
2019-11-30 16:00:00+00:00,22,1,12,0,0.0
2019-11-30 16:00:00+00:00,22,2,11,0,0.0
2019-11-30 16:00:00+00:00,22,3,46,0,0.0
2019-11-30 16:00:00+00:00,23,1,20,0,0.0
2019-11-30 16:00:00+00:00,23,2,24,0,0.0
2019-11-30 16:00:00+00:00,23,3,29,0,0.0
2019-11-30 16:00:00+00:00,24,1,9,0,0.0
2019-11-30 16:00:00+00:00,24,2,13,0,0.0
2019-11-30 16:00:00+00:00,24,3,21,0,0.0
2019-11-30 16:00:00+00:00,25,1,39,1,34.000000000000064
2019-11-30 16:00:00+00:00,25,2,34,0,0.0
2019-11-30 16:00:00+00:00,25,3,9,0,0.0
2019-11-30 16:00:00+00:00,26,1,22,0,0.0
2019-11-30 16:00:00+00:00,26,2,11,0,0.0
2019-11-30 16:00:00+00:00,26,3,13,0,0.0
2019-11-30 16:00:00+00:00,27,1,34,0,0.0
2019-11-30 16:00:00+00:00,27,2,37,0,0.0
2019-11-30 16:00:00+00:00,27,3,54,0,0.0
2019-11-30 16:00:00+00:00,28,1,9,0,0.0
2019-11-30 16:00:00+00:00,28,2,27,0,0.0
2019-11-30 16:00:00+00:00,28,3,32,0,0.0
2019-11-30 16:00:00+00:00,29,1,23,0,0.0
2019-11-30 16:00:00+00:00,29,2,18,0,0.0
2019-11-30 16:00:00+00:00,29,3,46,0,0.0
2019-11-30 16:00:00+00:00,30,1,32,0,0.0
2019-11-30 16:00:00+00:00,30,2,69,0,0.0
2019-11-30 16:00:00+00:00,30,3,16,0,0.0
2019-11-30 16:00:00+00:00,31,1,14,0,0.0
2019-11-30 16:00:00+00:00,31,2,25,0,0.0
2019-11-30 16:00:00+00:00,31,3,5,0,0.0
2019-11-30 16:00:00+00:00,32,1,10,0,0.0
2019-11-30 16:00:00+00:00,32,2,15,0,0.0
2019-11-30 16:00:00+00:00,32,3,18,0,0.0
2019-11-30 16:00:00+00:00,33,1,33,0,0.0
2019-11-30 16:00:00+00:00,33,2,23,0,0.0
2019-11-30 16:00:00+00:00,33,3,8,0,0.0
2019-11-30 17:00:00+00:00,0,2,4,0,0.0
2019-11-30 17:00:00+00:00,0,3,7,0,0.0
2019-11-30 17:00:00+00:00,1,2,14,0,0.0
2019-11-30 17:00:00+00:00,1,3,15,0,0.0
2019-11-30 17:00:00+00:00,2,1,19,0,0.0
2019-11-30 17:00:00+00:00,2,2,2,0,0.0
2019-11-30 17:00:00+00:00,2,3,1,0,0.0
2019-11-30 17:00:00+00:00,3,1,12,0,0.0
2019-11-30 17:00:00+00:00,3,2,16,0,0.0
2019-11-30 17:00:00+00:00,3,3,5,0,0.0
2019-11-30 17:00:00+00:00,4,1,10,0,0.0
2019-11-30 17:00:00+00:00,4,2,17,0,0.0
2019-11-30 17:00:00+00:00,4,3,25,0,0.0
2019-11-30 17:00:00+00:00,5,1,22,0,0.0
2019-11-30 17:00:00+00:00,5,2,11,0,0.0
2019-11-30 17:00:00+00:00,5,3,9,0,0.0
2019-11-30 17:00:00+00:00,6,1,14,1,34.000000000000064
2019-11-30 17:00:00+00:00,6,2,12,0,0.0
2019-11-30 17:00:00+00:00,6,3,39,0,0.0
2019-11-30 17:00:00+00:00,7,1,15,0,0.0
2019-11-30 17:00:00+00:00,7,2,15,0,0.0
2019-11-30 17:00:00+00:00,7,3,9,0,0.0
2019-11-30 17:00:00+00:00,8,1,12,0,0.0
2019-11-30 17:00:00+00:00,8,2,10,0,0.0
2019-11-30 17:00:00+00:00,8,3,6,1,34.000000000000064
2019-11-30 17:00:00+00:00,9,1,27,2,68.00000000000013
2019-11-30 17:00:00+00:00,9,2,15,0,0.0
2019-11-30 17:00:00+00:00,9,3,24,0,0.0
2019-11-30 17:00:00+00:00,10,1,9,0,0.0
2019-11-30 17:00:00+00:00,10,2,16,0,0.0
2019-11-30 17:00:00+00:00,10,3,25,0,0.0
2019-11-30 17:00:00+00:00,11,1,6,0,0.0
2019-11-30 17:00:00+00:00,11,2,27,0,0.0
2019-11-30 17:00:00+00:00,11,3,2,0,0.0
2019-11-30 17:00:00+00:00,12,1,1,0,0.0
2019-11-30 17:00:00+00:00,12,2,8,0,0.0
2019-11-30 17:00:00+00:00,12,3,8,0,0.0
2019-11-30 17:00:00+00:00,13,1,16,0,0.0
2019-11-30 17:00:00+00:00,13,2,16,0,0.0
2019-11-30 17:00:00+00:00,13,3,5,0,0.0
2019-11-30 17:00:00+00:00,14,1,7,0,0.0
2019-11-30 17:00:00+00:00,14,2,29,0,0.0
2019-11-30 17:00:00+00:00,14,3,13,0,0.0
2019-11-30 17:00:00+00:00,15,1,3,0,0.0
2019-11-30 17:00:00+00:00,15,2,24,0,0.0
2019-11-30 17:00:00+00:00,15,3,24,0,0.0
2019-11-30 17:00:00+00:00,16,1,3,0,0.0
2019-11-30 17:00:00+00:00,16,2,11,0,0.0
2019-11-30 17:00:00+00:00,16,3,20,0,0.0
2019-11-30 17:00:00+00:00,17,2,30,0,0.0
2019-11-30 17:00:00+00:00,17,3,11,0,0.0
2019-11-30 17:00:00+00:00,18,1,55,0,0.0
2019-11-30 17:00:00+00:00,18,2,1,0,0.0
2019-11-30 17:00:00+00:00,18,3,11,0,0.0
2019-11-30 17:00:00+00:00,19,1,18,0,0.0
2019-11-30 17:00:00+00:00,19,2,1,0,0.0
2019-11-30 17:00:00+00:00,19,3,9,0,0.0
2019-11-30 17:00:00+00:00,20,1,23,0,0.0
2019-11-30 17:00:00+00:00,20,2,20,0,0.0
2019-11-30 17:00:00+00:00,20,3,13,0,0.0
2019-11-30 17:00:00+00:00,21,1,10,0,0.0
2019-11-30 17:00:00+00:00,21,2,9,0,0.0
2019-11-30 17:00:00+00:00,21,3,1,0,0.0
2019-11-30 17:00:00+00:00,22,1,10,0,0.0
2019-11-30 17:00:00+00:00,22,2,17,0,0.0
2019-11-30 17:00:00+00:00,22,3,21,1,34.000000000000064
2019-11-30 17:00:00+00:00,23,1,19,0,0.0
2019-11-30 17:00:00+00:00,23,2,3,0,0.0
2019-11-30 17:00:00+00:00,23,3,18,0,0.0
2019-11-30 17:00:00+00:00,24,1,8,0,0.0
2019-11-30 17:00:00+00:00,24,2,33,0,0.0
2019-11-30 17:00:00+00:00,24,3,9,0,0.0
2019-11-30 17:00:00+00:00,25,1,7,0,0.0
2019-11-30 17:00:00+00:00,25,2,16,1,34.000000000000064
2019-11-30 17:00:00+00:00,25,3,13,0,0.0
2019-11-30 17:00:00+00:00,26,1,11,0,0.0
2019-11-30 17:00:00+00:00,26,2,17,0,0.0
2019-11-30 17:00:00+00:00,26,3,1,0,0.0
2019-11-30 17:00:00+00:00,27,1,42,0,0.0
2019-11-30 17:00:00+00:00,27,2,6,0,0.0
2019-11-30 17:00:00+00:00,27,3,36,0,0.0
2019-11-30 17:00:00+00:00,28,1,19,0,0.0
2019-11-30 17:00:00+00:00,28,2,9,0,0.0
2019-11-30 17:00:00+00:00,28,3,12,0,0.0
2019-11-30 17:00:00+00:00,29,1,15,0,0.0
2019-11-30 17:00:00+00:00,29,2,33,0,0.0
2019-11-30 17:00:00+00:00,29,3,26,0,0.0
2019-11-30 17:00:00+00:00,30,1,22,0,0.0
2019-11-30 17:00:00+00:00,30,2,14,0,0.0
2019-11-30 17:00:00+00:00,30,3,10,0,0.0
2019-11-30 17:00:00+00:00,31,1,5,0,0.0
2019-11-30 17:00:00+00:00,31,3,24,0,0.0
2019-11-30 17:00:00+00:00,32,1,13,0,0.0
2019-11-30 17:00:00+00:00,32,2,12,0,0.0
2019-11-30 17:00:00+00:00,32,3,19,0,0.0
2019-11-30 17:00:00+00:00,33,1,36,1,34.000000000000064
2019-11-30 17:00:00+00:00,33,2,21,0,0.0
2019-11-30 17:00:00+00:00,33,3,18,0,0.0
2019-11-30 18:00:00+00:00,0,1,12,0,0.0
2019-11-30 18:00:00+00:00,0,2,22,0,0.0
2019-11-30 18:00:00+00:00,0,3,3,0,0.0
2019-11-30 18:00:00+00:00,1,1,5,0,0.0
2019-11-30 18:00:00+00:00,1,2,1,0,0.0
2019-11-30 18:00:00+00:00,1,3,10,0,0.0
2019-11-30 18:00:00+00:00,2,1,4,0,0.0
2019-11-30 18:00:00+00:00,2,2,11,0,0.0
2019-11-30 18:00:00+00:00,2,3,5,0,0.0
2019-11-30 18:00:00+00:00,3,1,21,0,0.0
2019-11-30 18:00:00+00:00,3,2,5,0,0.0
2019-11-30 18:00:00+00:00,4,2,1,0,0.0
2019-11-30 18:00:00+00:00,4,3,19,0,0.0
2019-11-30 18:00:00+00:00,5,1,23,0,0.0
2019-11-30 18:00:00+00:00,5,2,14,0,0.0
2019-11-30 18:00:00+00:00,5,3,5,0,0.0
2019-11-30 18:00:00+00:00,6,1,6,0,0.0
2019-11-30 18:00:00+00:00,6,2,18,0,0.0
2019-11-30 18:00:00+00:00,6,3,10,0,0.0
2019-11-30 18:00:00+00:00,7,1,8,0,0.0
2019-11-30 18:00:00+00:00,7,2,5,0,0.0
2019-11-30 18:00:00+00:00,7,3,15,0,0.0
2019-11-30 18:00:00+00:00,8,1,8,0,0.0
2019-11-30 18:00:00+00:00,8,2,6,0,0.0
2019-11-30 18:00:00+00:00,8,3,15,0,0.0
2019-11-30 18:00:00+00:00,9,1,6,0,0.0
2019-11-30 18:00:00+00:00,9,2,11,0,0.0
2019-11-30 18:00:00+00:00,10,1,11,1,34.000000000000064
2019-11-30 18:00:00+00:00,10,2,6,0,0.0
2019-11-30 18:00:00+00:00,10,3,13,0,0.0
2019-11-30 18:00:00+00:00,11,1,7,0,0.0
2019-11-30 18:00:00+00:00,11,3,3,0,0.0
2019-11-30 18:00:00+00:00,12,1,6,0,0.0
2019-11-30 18:00:00+00:00,12,2,3,0,0.0
2019-11-30 18:00:00+00:00,12,3,12,0,0.0
2019-11-30 18:00:00+00:00,13,1,14,0,0.0
2019-11-30 18:00:00+00:00,13,2,10,0,0.0
2019-11-30 18:00:00+00:00,14,1,5,0,0.0
2019-11-30 18:00:00+00:00,14,2,9,0,0.0
2019-11-30 18:00:00+00:00,15,1,16,0,0.0
2019-11-30 18:00:00+00:00,15,2,16,0,0.0
2019-11-30 18:00:00+00:00,15,3,5,0,0.0
2019-11-30 18:00:00+00:00,16,1,13,0,0.0
2019-11-30 18:00:00+00:00,16,2,5,0,0.0
2019-11-30 18:00:00+00:00,16,3,1,0,0.0
2019-11-30 18:00:00+00:00,17,1,19,0,0.0
2019-11-30 18:00:00+00:00,17,2,13,0,0.0
2019-11-30 18:00:00+00:00,17,3,16,0,0.0
2019-11-30 18:00:00+00:00,18,1,18,0,0.0
2019-11-30 18:00:00+00:00,18,2,7,0,0.0
2019-11-30 18:00:00+00:00,18,3,1,0,0.0
2019-11-30 18:00:00+00:00,19,1,5,0,0.0
2019-11-30 18:00:00+00:00,19,2,12,0,0.0
2019-11-30 18:00:00+00:00,19,3,7,0,0.0
2019-11-30 18:00:00+00:00,20,2,3,0,0.0
2019-11-30 18:00:00+00:00,20,3,8,1,34.000000000000064
2019-11-30 18:00:00+00:00,21,1,9,0,0.0
2019-11-30 18:00:00+00:00,21,2,6,0,0.0
2019-11-30 18:00:00+00:00,21,3,10,0,0.0
2019-11-30 18:00:00+00:00,22,1,3,0,0.0
2019-11-30 18:00:00+00:00,22,2,16,0,0.0
2019-11-30 18:00:00+00:00,22,3,26,0,0.0
2019-11-30 18:00:00+00:00,23,1,2,0,0.0
2019-11-30 18:00:00+00:00,23,2,2,0,0.0
2019-11-30 18:00:00+00:00,23,3,6,0,0.0
2019-11-30 18:00:00+00:00,24,1,11,0,0.0
2019-11-30 18:00:00+00:00,24,2,9,0,0.0
2019-11-30 18:00:00+00:00,24,3,7,0,0.0
2019-11-30 18:00:00+00:00,25,1,16,0,0.0
2019-11-30 18:00:00+00:00,25,3,5,0,0.0
2019-11-30 18:00:00+00:00,26,2,6,0,0.0
2019-11-30 18:00:00+00:00,26,3,25,0,0.0
2019-11-30 18:00:00+00:00,27,1,6,1,34.000000000000064
2019-11-30 18:00:00+00:00,27,2,42,0,0.0
2019-11-30 18:00:00+00:00,27,3,3,0,0.0
2019-11-30 18:00:00+00:00,28,1,5,0,0.0
2019-11-30 18:00:00+00:00,28,2,1,0,0.0
2019-11-30 18:00:00+00:00,28,3,14,0,0.0
2019-11-30 18:00:00+00:00,29,1,13,0,0.0
2019-11-30 18:00:00+00:00,29,2,3,0,0.0
2019-11-30 18:00:00+00:00,29,3,25,0,0.0
2019-11-30 18:00:00+00:00,30,2,9,0,0.0
2019-11-30 18:00:00+00:00,30,3,11,0,0.0
2019-11-30 18:00:00+00:00,31,1,2,0,0.0
2019-11-30 18:00:00+00:00,31,3,8,0,0.0
2019-11-30 18:00:00+00:00,32,1,11,0,0.0
2019-11-30 18:00:00+00:00,32,2,5,0,0.0
2019-11-30 18:00:00+00:00,33,1,3,0,0.0
2019-11-30 18:00:00+00:00,33,2,12,0,0.0
2019-11-30 19:00:00+00:00,0,1,4,0,0.0
2019-11-30 19:00:00+00:00,0,2,4,0,0.0
2019-11-30 19:00:00+00:00,0,3,3,0,0.0
2019-11-30 19:00:00+00:00,1,1,6,0,0.0
2019-11-30 19:00:00+00:00,1,2,3,0,0.0
2019-11-30 19:00:00+00:00,1,3,9,0,0.0
2019-11-30 19:00:00+00:00,2,1,8,0,0.0
2019-11-30 19:00:00+00:00,2,2,6,0,0.0
2019-11-30 19:00:00+00:00,2,3,3,0,0.0
2019-11-30 19:00:00+00:00,3,1,6,0,0.0
2019-11-30 19:00:00+00:00,3,2,5,0,0.0
2019-11-30 19:00:00+00:00,3,3,2,0,0.0
2019-11-30 19:00:00+00:00,4,2,5,0,0.0
2019-11-30 19:00:00+00:00,4,3,26,0,0.0
2019-11-30 19:00:00+00:00,5,1,2,0,0.0
2019-11-30 19:00:00+00:00,5,2,6,0,0.0
2019-11-30 19:00:00+00:00,5,3,4,0,0.0
2019-11-30 19:00:00+00:00,6,2,18,0,0.0
2019-11-30 19:00:00+00:00,6,3,9,0,0.0
2019-11-30 19:00:00+00:00,7,1,4,0,0.0
2019-11-30 19:00:00+00:00,7,2,7,0,0.0
2019-11-30 19:00:00+00:00,7,3,8,0,0.0
2019-11-30 19:00:00+00:00,8,1,8,0,0.0
2019-11-30 19:00:00+00:00,8,2,5,0,0.0
2019-11-30 19:00:00+00:00,8,3,2,0,0.0
2019-11-30 19:00:00+00:00,9,3,1,0,0.0
2019-11-30 19:00:00+00:00,10,1,24,0,0.0
2019-11-30 19:00:00+00:00,10,2,5,0,0.0
2019-11-30 19:00:00+00:00,10,3,8,0,0.0
2019-11-30 19:00:00+00:00,11,1,18,0,0.0
2019-11-30 19:00:00+00:00,11,2,4,0,0.0
2019-11-30 19:00:00+00:00,11,3,2,0,0.0
2019-11-30 19:00:00+00:00,12,2,3,1,34.000000000000064
2019-11-30 19:00:00+00:00,12,3,9,0,0.0
2019-11-30 19:00:00+00:00,13,1,5,0,0.0
2019-11-30 19:00:00+00:00,13,3,7,0,0.0
2019-11-30 19:00:00+00:00,14,1,5,0,0.0
2019-11-30 19:00:00+00:00,14,2,4,0,0.0
2019-11-30 19:00:00+00:00,14,3,6,0,0.0
2019-11-30 19:00:00+00:00,15,1,2,0,0.0
2019-11-30 19:00:00+00:00,15,2,9,0,0.0
2019-11-30 19:00:00+00:00,15,3,19,0,0.0
2019-11-30 19:00:00+00:00,16,1,6,0,0.0
2019-11-30 19:00:00+00:00,17,1,7,0,0.0
2019-11-30 19:00:00+00:00,17,2,6,0,0.0
2019-11-30 19:00:00+00:00,17,3,10,0,0.0
2019-11-30 19:00:00+00:00,18,1,11,0,0.0
2019-11-30 19:00:00+00:00,18,2,5,0,0.0
2019-11-30 19:00:00+00:00,18,3,13,0,0.0
2019-11-30 19:00:00+00:00,19,1,4,0,0.0
2019-11-30 19:00:00+00:00,19,2,4,0,0.0
2019-11-30 19:00:00+00:00,20,1,20,0,0.0
2019-11-30 19:00:00+00:00,20,2,14,0,0.0
2019-11-30 19:00:00+00:00,20,3,6,0,0.0
2019-11-30 19:00:00+00:00,21,1,5,0,0.0
2019-11-30 19:00:00+00:00,21,2,11,0,0.0
2019-11-30 19:00:00+00:00,22,1,5,0,0.0
2019-11-30 19:00:00+00:00,22,2,3,0,0.0
2019-11-30 19:00:00+00:00,22,3,4,0,0.0
2019-11-30 19:00:00+00:00,23,2,6,0,0.0
2019-11-30 19:00:00+00:00,23,3,2,0,0.0
2019-11-30 19:00:00+00:00,24,1,2,0,0.0
2019-11-30 19:00:00+00:00,24,2,12,0,0.0
2019-11-30 19:00:00+00:00,25,1,2,0,0.0
2019-11-30 19:00:00+00:00,25,2,17,0,0.0
2019-11-30 19:00:00+00:00,25,3,1,0,0.0
2019-11-30 19:00:00+00:00,26,1,4,0,0.0
2019-11-30 19:00:00+00:00,26,3,2,0,0.0
2019-11-30 19:00:00+00:00,27,1,5,0,0.0
2019-11-30 19:00:00+00:00,27,2,3,0,0.0
2019-11-30 19:00:00+00:00,27,3,3,0,0.0
2019-11-30 19:00:00+00:00,28,1,7,0,0.0
2019-11-30 19:00:00+00:00,28,2,1,0,0.0
2019-11-30 19:00:00+00:00,28,3,15,0,0.0
2019-11-30 19:00:00+00:00,29,1,15,0,0.0
2019-11-30 19:00:00+00:00,29,2,5,0,0.0
2019-11-30 19:00:00+00:00,29,3,4,0,0.0
2019-11-30 19:00:00+00:00,30,1,7,0,0.0
2019-11-30 19:00:00+00:00,30,2,4,0,0.0
2019-11-30 19:00:00+00:00,30,3,1,0,0.0
2019-11-30 19:00:00+00:00,31,1,5,0,0.0
2019-11-30 19:00:00+00:00,31,2,26,0,0.0
2019-11-30 19:00:00+00:00,31,3,2,0,0.0
2019-11-30 19:00:00+00:00,32,1,8,0,0.0
2019-11-30 19:00:00+00:00,32,2,4,0,0.0
2019-11-30 19:00:00+00:00,32,3,13,0,0.0
2019-11-30 19:00:00+00:00,33,1,5,0,0.0
2019-11-30 19:00:00+00:00,33,2,5,0,0.0
2019-11-30 19:00:00+00:00,33,3,16,0,0.0
2019-11-30 20:00:00+00:00,0,1,5,0,0.0
2019-11-30 20:00:00+00:00,0,2,13,0,0.0
2019-11-30 20:00:00+00:00,0,3,2,0,0.0
2019-11-30 20:00:00+00:00,1,1,6,0,0.0
2019-11-30 20:00:00+00:00,1,2,19,0,0.0
2019-11-30 20:00:00+00:00,1,3,4,0,0.0
2019-11-30 20:00:00+00:00,2,1,1,0,0.0
2019-11-30 20:00:00+00:00,2,2,10,0,0.0
2019-11-30 20:00:00+00:00,2,3,4,0,0.0
2019-11-30 20:00:00+00:00,3,1,3,0,0.0
2019-11-30 20:00:00+00:00,3,2,1,0,0.0
2019-11-30 20:00:00+00:00,3,3,17,0,0.0
2019-11-30 20:00:00+00:00,4,1,12,1,34.000000000000064
2019-11-30 20:00:00+00:00,4,2,6,1,34.000000000000064
2019-11-30 20:00:00+00:00,4,3,15,0,0.0
2019-11-30 20:00:00+00:00,5,1,11,0,0.0
2019-11-30 20:00:00+00:00,5,2,3,0,0.0
2019-11-30 20:00:00+00:00,5,3,2,0,0.0
2019-11-30 20:00:00+00:00,6,3,5,0,0.0
2019-11-30 20:00:00+00:00,7,2,9,0,0.0
2019-11-30 20:00:00+00:00,7,3,9,0,0.0
2019-11-30 20:00:00+00:00,8,1,15,0,0.0
2019-11-30 20:00:00+00:00,8,2,7,0,0.0
2019-11-30 20:00:00+00:00,8,3,11,0,0.0
2019-11-30 20:00:00+00:00,9,1,14,0,0.0
2019-11-30 20:00:00+00:00,9,3,4,0,0.0
2019-11-30 20:00:00+00:00,10,1,7,0,0.0
2019-11-30 20:00:00+00:00,11,1,3,0,0.0
2019-11-30 20:00:00+00:00,11,2,1,0,0.0
2019-11-30 20:00:00+00:00,11,3,7,0,0.0
2019-11-30 20:00:00+00:00,12,1,3,0,0.0
2019-11-30 20:00:00+00:00,12,2,11,0,0.0
2019-11-30 20:00:00+00:00,12,3,1,0,0.0
2019-11-30 20:00:00+00:00,13,1,4,0,0.0
2019-11-30 20:00:00+00:00,13,2,3,0,0.0
2019-11-30 20:00:00+00:00,14,1,7,0,0.0
2019-11-30 20:00:00+00:00,14,2,9,0,0.0
2019-11-30 20:00:00+00:00,14,3,8,0,0.0
2019-11-30 20:00:00+00:00,15,1,11,1,34.000000000000064
2019-11-30 20:00:00+00:00,15,2,5,0,0.0
2019-11-30 20:00:00+00:00,15,3,9,0,0.0
2019-11-30 20:00:00+00:00,16,1,9,0,0.0
2019-11-30 20:00:00+00:00,16,2,3,0,0.0
2019-11-30 20:00:00+00:00,16,3,8,0,0.0
2019-11-30 20:00:00+00:00,17,1,4,0,0.0
2019-11-30 20:00:00+00:00,17,2,2,0,0.0
2019-11-30 20:00:00+00:00,17,3,5,0,0.0
2019-11-30 20:00:00+00:00,18,2,16,0,0.0
2019-11-30 20:00:00+00:00,18,3,10,0,0.0
2019-11-30 20:00:00+00:00,19,1,24,0,0.0
2019-11-30 20:00:00+00:00,19,2,4,0,0.0
2019-11-30 20:00:00+00:00,20,1,4,0,0.0
2019-11-30 20:00:00+00:00,20,2,7,0,0.0
2019-11-30 20:00:00+00:00,20,3,6,0,0.0
2019-11-30 20:00:00+00:00,21,2,1,0,0.0
2019-11-30 20:00:00+00:00,21,3,3,0,0.0
2019-11-30 20:00:00+00:00,22,1,6,0,0.0
2019-11-30 20:00:00+00:00,22,2,7,0,0.0
2019-11-30 20:00:00+00:00,23,3,4,0,0.0
2019-11-30 20:00:00+00:00,24,1,2,0,0.0
2019-11-30 20:00:00+00:00,24,2,3,0,0.0
2019-11-30 20:00:00+00:00,24,3,1,0,0.0
2019-11-30 20:00:00+00:00,25,1,14,0,0.0
2019-11-30 20:00:00+00:00,25,2,5,0,0.0
2019-11-30 20:00:00+00:00,25,3,13,0,0.0
2019-11-30 20:00:00+00:00,26,1,2,0,0.0
2019-11-30 20:00:00+00:00,26,2,1,0,0.0
2019-11-30 20:00:00+00:00,26,3,5,1,34.000000000000064
2019-11-30 20:00:00+00:00,27,1,1,0,0.0
2019-11-30 20:00:00+00:00,27,2,2,0,0.0
2019-11-30 20:00:00+00:00,27,3,13,0,0.0
2019-11-30 20:00:00+00:00,28,2,6,0,0.0
2019-11-30 20:00:00+00:00,28,3,2,0,0.0
2019-11-30 20:00:00+00:00,29,2,7,0,0.0
2019-11-30 20:00:00+00:00,29,3,5,0,0.0
2019-11-30 20:00:00+00:00,30,1,8,0,0.0
2019-11-30 20:00:00+00:00,30,2,11,0,0.0
2019-11-30 20:00:00+00:00,31,1,1,0,0.0
2019-11-30 20:00:00+00:00,31,2,5,0,0.0
2019-11-30 20:00:00+00:00,31,3,8,0,0.0
2019-11-30 20:00:00+00:00,32,1,10,0,0.0
2019-11-30 20:00:00+00:00,32,2,8,0,0.0
2019-11-30 20:00:00+00:00,32,3,7,0,0.0
2019-11-30 20:00:00+00:00,33,1,11,0,0.0
2019-11-30 20:00:00+00:00,33,2,13,0,0.0
2019-11-30 20:00:00+00:00,33,3,10,0,0.0
2019-11-30 21:00:00+00:00,0,1,5,0,0.0
2019-11-30 21:00:00+00:00,0,3,3,0,0.0
2019-11-30 21:00:00+00:00,1,1,8,0,0.0
2019-11-30 21:00:00+00:00,1,2,7,0,0.0
2019-11-30 21:00:00+00:00,1,3,8,0,0.0
2019-11-30 21:00:00+00:00,2,1,4,0,0.0
2019-11-30 21:00:00+00:00,2,3,6,0,0.0
2019-11-30 21:00:00+00:00,3,1,3,0,0.0
2019-11-30 21:00:00+00:00,3,2,6,0,0.0
2019-11-30 21:00:00+00:00,4,1,2,0,0.0
2019-11-30 21:00:00+00:00,4,2,12,0,0.0
2019-11-30 21:00:00+00:00,4,3,3,0,0.0
2019-11-30 21:00:00+00:00,5,1,8,0,0.0
2019-11-30 21:00:00+00:00,5,2,14,0,0.0
2019-11-30 21:00:00+00:00,5,3,6,0,0.0
2019-11-30 21:00:00+00:00,6,2,25,0,0.0
2019-11-30 21:00:00+00:00,6,3,14,0,0.0
2019-11-30 21:00:00+00:00,7,1,22,0,0.0
2019-11-30 21:00:00+00:00,7,3,19,2,68.00000000000013
2019-11-30 21:00:00+00:00,8,1,3,0,0.0
2019-11-30 21:00:00+00:00,8,2,10,0,0.0
2019-11-30 21:00:00+00:00,8,3,8,0,0.0
2019-11-30 21:00:00+00:00,9,1,7,0,0.0
2019-11-30 21:00:00+00:00,9,3,9,0,0.0
2019-11-30 21:00:00+00:00,10,1,24,0,0.0
2019-11-30 21:00:00+00:00,10,2,6,0,0.0
2019-11-30 21:00:00+00:00,10,3,19,0,0.0
2019-11-30 21:00:00+00:00,11,1,8,0,0.0
2019-11-30 21:00:00+00:00,11,2,8,0,0.0
2019-11-30 21:00:00+00:00,11,3,8,0,0.0
2019-11-30 21:00:00+00:00,12,1,2,0,0.0
2019-11-30 21:00:00+00:00,12,2,16,0,0.0
2019-11-30 21:00:00+00:00,12,3,6,0,0.0
2019-11-30 21:00:00+00:00,13,1,25,0,0.0
2019-11-30 21:00:00+00:00,13,2,8,0,0.0
2019-11-30 21:00:00+00:00,13,3,13,0,0.0
2019-11-30 21:00:00+00:00,14,1,8,0,0.0
2019-11-30 21:00:00+00:00,14,2,6,0,0.0
2019-11-30 21:00:00+00:00,14,3,10,0,0.0
2019-11-30 21:00:00+00:00,15,1,5,0,0.0
2019-11-30 21:00:00+00:00,15,2,2,0,0.0
2019-11-30 21:00:00+00:00,15,3,1,0,0.0
2019-11-30 21:00:00+00:00,16,1,10,0,0.0
2019-11-30 21:00:00+00:00,16,2,14,0,0.0
2019-11-30 21:00:00+00:00,16,3,8,0,0.0
2019-11-30 21:00:00+00:00,17,1,4,0,0.0
2019-11-30 21:00:00+00:00,17,2,1,0,0.0
2019-11-30 21:00:00+00:00,17,3,15,0,0.0
2019-11-30 21:00:00+00:00,18,1,5,0,0.0
2019-11-30 21:00:00+00:00,18,2,1,0,0.0
2019-11-30 21:00:00+00:00,18,3,2,0,0.0
2019-11-30 21:00:00+00:00,19,1,17,0,0.0
2019-11-30 21:00:00+00:00,19,2,12,0,0.0
2019-11-30 21:00:00+00:00,20,1,11,0,0.0
2019-11-30 21:00:00+00:00,20,3,5,0,0.0
2019-11-30 21:00:00+00:00,21,2,21,0,0.0
2019-11-30 21:00:00+00:00,21,3,7,0,0.0
2019-11-30 21:00:00+00:00,22,1,7,0,0.0
2019-11-30 21:00:00+00:00,22,2,4,0,0.0
2019-11-30 21:00:00+00:00,22,3,6,0,0.0
2019-11-30 21:00:00+00:00,23,2,10,0,0.0
2019-11-30 21:00:00+00:00,23,3,12,0,0.0
2019-11-30 21:00:00+00:00,24,2,7,0,0.0
2019-11-30 21:00:00+00:00,24,3,2,0,0.0
2019-11-30 21:00:00+00:00,25,1,11,0,0.0
2019-11-30 21:00:00+00:00,25,2,10,0,0.0
2019-11-30 21:00:00+00:00,25,3,12,0,0.0
2019-11-30 21:00:00+00:00,26,1,10,0,0.0
2019-11-30 21:00:00+00:00,26,2,12,0,0.0
2019-11-30 21:00:00+00:00,26,3,10,0,0.0
2019-11-30 21:00:00+00:00,27,1,5,0,0.0
2019-11-30 21:00:00+00:00,27,2,10,0,0.0
2019-11-30 21:00:00+00:00,27,3,13,0,0.0
2019-11-30 21:00:00+00:00,28,1,14,0,0.0
2019-11-30 21:00:00+00:00,28,2,12,0,0.0
2019-11-30 21:00:00+00:00,28,3,5,0,0.0
2019-11-30 21:00:00+00:00,30,1,2,0,0.0
2019-11-30 21:00:00+00:00,30,2,21,2,68.00000000000013
2019-11-30 21:00:00+00:00,30,3,10,0,0.0
2019-11-30 21:00:00+00:00,31,1,24,0,0.0
2019-11-30 21:00:00+00:00,31,2,4,0,0.0
2019-11-30 21:00:00+00:00,31,3,12,0,0.0
2019-11-30 21:00:00+00:00,32,1,12,0,0.0
2019-11-30 21:00:00+00:00,32,3,2,0,0.0
2019-11-30 21:00:00+00:00,33,1,4,0,0.0
2019-11-30 21:00:00+00:00,33,2,11,0,0.0
2019-11-30 21:00:00+00:00,33,3,16,0,0.0
2019-11-30 22:00:00+00:00,0,1,20,0,0.0
2019-11-30 22:00:00+00:00,0,2,19,0,0.0
2019-11-30 22:00:00+00:00,0,3,10,0,0.0
2019-11-30 22:00:00+00:00,1,1,33,0,0.0
2019-11-30 22:00:00+00:00,1,2,23,0,0.0
2019-11-30 22:00:00+00:00,1,3,25,0,0.0
2019-11-30 22:00:00+00:00,2,1,11,0,0.0
2019-11-30 22:00:00+00:00,2,2,5,0,0.0
2019-11-30 22:00:00+00:00,2,3,7,0,0.0
2019-11-30 22:00:00+00:00,3,1,5,0,0.0
2019-11-30 22:00:00+00:00,3,2,18,0,0.0
2019-11-30 22:00:00+00:00,3,3,17,0,0.0
2019-11-30 22:00:00+00:00,4,1,11,0,0.0
2019-11-30 22:00:00+00:00,4,2,3,0,0.0
2019-11-30 22:00:00+00:00,4,3,13,0,0.0
2019-11-30 22:00:00+00:00,5,1,17,0,0.0
2019-11-30 22:00:00+00:00,5,2,2,0,0.0
2019-11-30 22:00:00+00:00,5,3,22,0,0.0
2019-11-30 22:00:00+00:00,6,1,19,0,0.0
2019-11-30 22:00:00+00:00,6,2,33,0,0.0
2019-11-30 22:00:00+00:00,6,3,7,0,0.0
2019-11-30 22:00:00+00:00,7,1,8,0,0.0
2019-11-30 22:00:00+00:00,7,2,12,0,0.0
2019-11-30 22:00:00+00:00,8,1,17,0,0.0
2019-11-30 22:00:00+00:00,8,2,12,0,0.0
2019-11-30 22:00:00+00:00,8,3,4,0,0.0
2019-11-30 22:00:00+00:00,9,1,12,0,0.0
2019-11-30 22:00:00+00:00,9,3,1,0,0.0
2019-11-30 22:00:00+00:00,10,1,1,0,0.0
2019-11-30 22:00:00+00:00,10,2,12,0,0.0
2019-11-30 22:00:00+00:00,10,3,27,0,0.0
2019-11-30 22:00:00+00:00,11,1,33,0,0.0
2019-11-30 22:00:00+00:00,11,2,12,0,0.0
2019-11-30 22:00:00+00:00,11,3,2,0,0.0
2019-11-30 22:00:00+00:00,12,1,21,0,0.0
2019-11-30 22:00:00+00:00,12,2,13,0,0.0
2019-11-30 22:00:00+00:00,12,3,17,0,0.0
2019-11-30 22:00:00+00:00,13,2,29,0,0.0
2019-11-30 22:00:00+00:00,13,3,33,0,0.0
2019-11-30 22:00:00+00:00,14,1,1,0,0.0
2019-11-30 22:00:00+00:00,14,2,19,0,0.0
2019-11-30 22:00:00+00:00,14,3,6,0,0.0
2019-11-30 22:00:00+00:00,15,1,6,0,0.0
2019-11-30 22:00:00+00:00,15,2,3,0,0.0
2019-11-30 22:00:00+00:00,15,3,51,0,0.0
2019-11-30 22:00:00+00:00,16,1,13,0,0.0
2019-11-30 22:00:00+00:00,16,2,13,0,0.0
2019-11-30 22:00:00+00:00,16,3,19,0,0.0
2019-11-30 22:00:00+00:00,17,1,18,0,0.0
2019-11-30 22:00:00+00:00,17,2,18,0,0.0
2019-11-30 22:00:00+00:00,17,3,19,0,0.0
2019-11-30 22:00:00+00:00,18,1,12,0,0.0
2019-11-30 22:00:00+00:00,18,2,6,0,0.0
2019-11-30 22:00:00+00:00,18,3,4,0,0.0
2019-11-30 22:00:00+00:00,19,1,26,0,0.0
2019-11-30 22:00:00+00:00,19,2,11,0,0.0
2019-11-30 22:00:00+00:00,19,3,10,0,0.0
2019-11-30 22:00:00+00:00,20,1,8,0,0.0
2019-11-30 22:00:00+00:00,20,2,4,0,0.0
2019-11-30 22:00:00+00:00,20,3,28,0,0.0
2019-11-30 22:00:00+00:00,21,1,14,0,0.0
2019-11-30 22:00:00+00:00,21,2,25,0,0.0
2019-11-30 22:00:00+00:00,22,1,3,0,0.0
2019-11-30 22:00:00+00:00,22,2,8,0,0.0
2019-11-30 22:00:00+00:00,22,3,1,0,0.0
2019-11-30 22:00:00+00:00,23,2,3,0,0.0
2019-11-30 22:00:00+00:00,23,3,24,0,0.0
2019-11-30 22:00:00+00:00,24,1,11,0,0.0
2019-11-30 22:00:00+00:00,24,2,10,0,0.0
2019-11-30 22:00:00+00:00,24,3,16,0,0.0
2019-11-30 22:00:00+00:00,25,1,23,0,0.0
2019-11-30 22:00:00+00:00,25,2,10,0,0.0
2019-11-30 22:00:00+00:00,25,3,6,0,0.0
2019-11-30 22:00:00+00:00,26,1,14,0,0.0
2019-11-30 22:00:00+00:00,26,2,33,0,0.0
2019-11-30 22:00:00+00:00,26,3,29,0,0.0
2019-11-30 22:00:00+00:00,27,1,26,0,0.0
2019-11-30 22:00:00+00:00,27,2,20,0,0.0
2019-11-30 22:00:00+00:00,27,3,17,0,0.0
2019-11-30 22:00:00+00:00,28,1,3,0,0.0
2019-11-30 22:00:00+00:00,28,2,18,0,0.0
2019-11-30 22:00:00+00:00,28,3,2,0,0.0
2019-11-30 22:00:00+00:00,29,1,14,0,0.0
2019-11-30 22:00:00+00:00,29,2,28,0,0.0
2019-11-30 22:00:00+00:00,29,3,12,0,0.0
2019-11-30 22:00:00+00:00,30,1,25,0,0.0
2019-11-30 22:00:00+00:00,30,2,26,0,0.0
2019-11-30 22:00:00+00:00,30,3,18,0,0.0
2019-11-30 22:00:00+00:00,31,1,10,0,0.0
2019-11-30 22:00:00+00:00,31,2,7,0,0.0
2019-11-30 22:00:00+00:00,31,3,6,0,0.0
2019-11-30 22:00:00+00:00,32,1,18,0,0.0
2019-11-30 22:00:00+00:00,32,3,2,0,0.0
2019-11-30 22:00:00+00:00,33,1,9,0,0.0
2019-11-30 22:00:00+00:00,33,2,9,0,0.0
2019-11-30 22:00:00+00:00,33,3,9,0,0.0
2019-11-30 23:00:00+00:00,0,1,31,1,34.000000000000064
2019-11-30 23:00:00+00:00,0,2,23,0,0.0
2019-11-30 23:00:00+00:00,0,3,31,0,0.0
2019-11-30 23:00:00+00:00,1,1,18,0,0.0
2019-11-30 23:00:00+00:00,1,2,21,0,0.0
2019-11-30 23:00:00+00:00,1,3,9,0,0.0
2019-11-30 23:00:00+00:00,2,1,36,0,0.0
2019-11-30 23:00:00+00:00,2,2,32,0,0.0
2019-11-30 23:00:00+00:00,2,3,11,0,0.0
2019-11-30 23:00:00+00:00,3,1,16,0,0.0
2019-11-30 23:00:00+00:00,3,2,18,0,0.0
2019-11-30 23:00:00+00:00,3,3,13,0,0.0
2019-11-30 23:00:00+00:00,4,1,14,0,0.0
2019-11-30 23:00:00+00:00,4,3,37,0,0.0
2019-11-30 23:00:00+00:00,5,1,31,0,0.0
2019-11-30 23:00:00+00:00,5,2,23,0,0.0
2019-11-30 23:00:00+00:00,6,1,2,0,0.0
2019-11-30 23:00:00+00:00,6,2,19,0,0.0
2019-11-30 23:00:00+00:00,6,3,21,0,0.0
2019-11-30 23:00:00+00:00,7,1,12,0,0.0
2019-11-30 23:00:00+00:00,7,2,35,0,0.0
2019-11-30 23:00:00+00:00,7,3,25,0,0.0
2019-11-30 23:00:00+00:00,8,1,25,0,0.0
2019-11-30 23:00:00+00:00,8,2,21,0,0.0
2019-11-30 23:00:00+00:00,8,3,52,1,34.000000000000064
2019-11-30 23:00:00+00:00,9,1,15,0,0.0
2019-11-30 23:00:00+00:00,9,2,26,0,0.0
2019-11-30 23:00:00+00:00,9,3,7,0,0.0
2019-11-30 23:00:00+00:00,10,1,18,0,0.0
2019-11-30 23:00:00+00:00,10,2,18,0,0.0
2019-11-30 23:00:00+00:00,10,3,18,0,0.0
2019-11-30 23:00:00+00:00,11,1,13,0,0.0
2019-11-30 23:00:00+00:00,11,2,23,0,0.0
2019-11-30 23:00:00+00:00,11,3,9,0,0.0
2019-11-30 23:00:00+00:00,12,1,24,0,0.0
2019-11-30 23:00:00+00:00,12,3,11,0,0.0
2019-11-30 23:00:00+00:00,13,1,14,0,0.0
2019-11-30 23:00:00+00:00,13,2,4,0,0.0
2019-11-30 23:00:00+00:00,13,3,20,0,0.0
2019-11-30 23:00:00+00:00,14,1,6,0,0.0
2019-11-30 23:00:00+00:00,14,2,15,0,0.0
2019-11-30 23:00:00+00:00,14,3,46,0,0.0
2019-11-30 23:00:00+00:00,15,1,40,0,0.0
2019-11-30 23:00:00+00:00,15,2,32,0,0.0
2019-11-30 23:00:00+00:00,15,3,6,0,0.0
2019-11-30 23:00:00+00:00,16,1,9,0,0.0
2019-11-30 23:00:00+00:00,16,2,5,0,0.0
2019-11-30 23:00:00+00:00,16,3,9,0,0.0
2019-11-30 23:00:00+00:00,17,2,29,0,0.0
2019-11-30 23:00:00+00:00,17,3,18,0,0.0
2019-11-30 23:00:00+00:00,18,1,7,0,0.0
2019-11-30 23:00:00+00:00,18,2,33,0,0.0
2019-11-30 23:00:00+00:00,18,3,15,0,0.0
2019-11-30 23:00:00+00:00,19,1,27,0,0.0
2019-11-30 23:00:00+00:00,19,2,12,0,0.0
2019-11-30 23:00:00+00:00,19,3,17,0,0.0
2019-11-30 23:00:00+00:00,20,1,30,0,0.0
2019-11-30 23:00:00+00:00,20,2,28,0,0.0
2019-11-30 23:00:00+00:00,20,3,1,0,0.0
2019-11-30 23:00:00+00:00,21,1,9,0,0.0
2019-11-30 23:00:00+00:00,21,2,16,0,0.0
2019-11-30 23:00:00+00:00,21,3,35,0,0.0
2019-11-30 23:00:00+00:00,22,1,23,0,0.0
2019-11-30 23:00:00+00:00,22,2,16,0,0.0
2019-11-30 23:00:00+00:00,22,3,9,0,0.0
2019-11-30 23:00:00+00:00,23,1,28,0,0.0
2019-11-30 23:00:00+00:00,23,2,9,0,0.0
2019-11-30 23:00:00+00:00,23,3,29,0,0.0
2019-11-30 23:00:00+00:00,24,1,44,0,0.0
2019-11-30 23:00:00+00:00,24,2,27,1,34.000000000000064
2019-11-30 23:00:00+00:00,24,3,18,0,0.0
2019-11-30 23:00:00+00:00,25,1,31,0,0.0
2019-11-30 23:00:00+00:00,25,2,25,0,0.0
2019-11-30 23:00:00+00:00,25,3,18,0,0.0
2019-11-30 23:00:00+00:00,26,1,10,0,0.0
2019-11-30 23:00:00+00:00,26,2,51,0,0.0
2019-11-30 23:00:00+00:00,26,3,29,0,0.0
2019-11-30 23:00:00+00:00,27,1,25,0,0.0
2019-11-30 23:00:00+00:00,27,2,11,0,0.0
2019-11-30 23:00:00+00:00,27,3,26,0,0.0
2019-11-30 23:00:00+00:00,28,1,7,0,0.0
2019-11-30 23:00:00+00:00,28,2,45,0,0.0
2019-11-30 23:00:00+00:00,28,3,40,1,34.000000000000064
2019-11-30 23:00:00+00:00,29,1,40,0,0.0
2019-11-30 23:00:00+00:00,29,2,18,0,0.0
2019-11-30 23:00:00+00:00,29,3,39,1,34.000000000000064
2019-11-30 23:00:00+00:00,30,1,21,1,34.000000000000064
2019-11-30 23:00:00+00:00,30,3,6,0,0.0
2019-11-30 23:00:00+00:00,31,1,30,0,0.0
2019-11-30 23:00:00+00:00,31,2,11,0,0.0
2019-11-30 23:00:00+00:00,31,3,17,0,0.0
2019-11-30 23:00:00+00:00,32,1,6,0,0.0
2019-11-30 23:00:00+00:00,32,2,7,0,0.0
2019-11-30 23:00:00+00:00,32,3,16,0,0.0
2019-11-30 23:00:00+00:00,33,1,21,0,0.0
2019-11-30 23:00:00+00:00,33,2,30,0,0.0
2019-11-30 23:00:00+00:00,33,3,25,0,0.0
