date,C (programming language),Python (programming language),HTML,Java (programming language),JavaScript,C++,R (programming language),Go (programming language),Rust (programming language),SQL,Assembly language,Programming language,Scratch (programming language),PHP,C Sharp (programming language),Ethereum,XML,TempleOS,Fortran,TypeScript,COBOL,Lisp (programming language),MATLAB,Bash (Unix shell),BASIC,Ruby (programming language),Godot (game engine),Swift (programming language),Turing completeness,Pascal (programming language),Vim (text editor),Ada (programming language),ECMAScript,Scala (programming language),PowerShell,Perl,Julia (programming language),Dart (programming language),SAS (software),History of programming languages,WebAssembly,Imperative programming,Machine code,Erlang (programming language),Haskell,Prolog,Markup language,Domain-specific language,G-code,Objective-C,Zig (programming language),Delphi (software),OCaml,Smalltalk,TeX,F Sharp (programming language),B (programming language),List of programming languages by type,Batch file,Esoteric programming language,Elixir (programming language),APL (programming language),Scheme (programming language),OpenCL,Visual Basic (classic),ML (programming language),Clojure,Autodesk 3ds Max,Logo (programming language),Forth (programming language),AutoHotkey,C--,Shell script,Z shell,PostScript,D (programming language),Comparison of programming languages,AWK,Ladder logic,ABAP,LabVIEW,Visual Basic,ALGOL,Timeline of programming languages,Nim (programming language),Solidity,Sed,Common Lisp,Lean (proof assistant),Cython,Racket (programming language),Apache Groovy,BCPL,GNU Octave,Visual FoxPro,Stata,Datalog,PL/I,CHIP-8,Non-English-based programming languages,ActionScript,Simulink,Hack (programming language),PL/SQL,OpenGL Shading Language,MUMPS,List of programming languages for artificial intelligence,Executable,Computer Sciences Corporation,XSLT,Standard ML,Wolfram Language,Processing,Raku (programming language),Max (software),Simula,ALGOL 60,Elm (programming language),SNOBOL,Common Intermediate Language,S (programming language),Transact-SQL,J (programming language),IBM RPG,Tensilica,Grasshopper 3D,DBase,Maple (software),SPARK (programming language),CoffeeScript,Plankalkül,Object Pascal,Quantum programming,SAS language,Haxe,KornShell,Google Apps Script,Eiffel (programming language),Agda (programming language),Vala (programming language),ABC (programming language),JScript,Scilab,AppleScript,Crystal (programming language),ALGOL 68,Kivy (framework),Q Sharp,Pure Data,IDL (programming language)
20220101,6297,7074,3285,9661,16207,14843,1865,2886,1896,1258,1794,1576,795,2137,1575,5037,4040,694,751,951,870,711,767,811,679,1397,574,703,733,467,477,430,1264,537,358,436,530,593,256,521,331,498,520,314,25,398,345,272,622,434,177,269,250,269,277,297,296,403,259,324,2045,300,316,251,276,301,256,356,211,275,227,119,200,162,179,273,253,210,119,124,142,224,176,248,173,761,112,179,100,177,145,151,119,132,99,114,102,157,126,136,111,147,158,70,129,90,115,157,85,78,141,173,6,142,116,97,100,126,47,76,118,65,85,69,86,81,75,96,79,86,93,202,86,57,256,69,64,128,103,107,75,70,67,107,84,60,102,87,58,41
20220102,7024,8305,3806,12848,19849,18743,2105,3443,2036,1501,2031,1976,942,2399,1821,6677,4763,650,840,1038,801,877,943,828,695,1719,657,823,882,451,526,433,1673,653,501,451,544,712,348,544,462,667,638,383,25,439,436,401,709,524,255,256,326,306,299,303,352,485,284,326,2155,303,407,296,286,341,339,384,292,349,232,142,300,275,196,301,270,202,170,176,183,255,188,215,203,983,159,213,118,207,179,135,151,209,97,175,138,150,206,127,150,133,200,154,151,73,187,206,97,76,124,225,6,124,130,98,92,124,45,114,137,108,100,55,136,79,75,105,69,127,85,188,78,52,259,79,59,95,110,126,95,94,95,115,71,75,112,83,87,69
20220103,8819,10388,5144,14450,23155,22024,2653,4269,2367,2495,2596,2338,1387,3072,2229,7199,6703,746,1088,1501,984,1035,1229,1098,894,2316,694,955,1076,581,570,470,2309,969,803,597,680,976,606,719,519,859,649,468,44,667,519,487,924,545,301,357,345,391,348,332,420,518,408,428,2304,357,438,373,425,343,342,468,326,295,313,161,402,299,258,366,261,286,269,266,273,373,195,238,235,1047,172,202,120,300,244,203,180,273,181,197,177,230,168,162,190,210,202,236,170,116,163,215,180,173,150,249,4,167,152,139,126,150,26,146,190,189,118,97,139,138,119,218,69,126,399,239,139,100,233,124,123,102,124,154,97,88,137,80,99,74,165,76,65,113
20220104,9789,11084,5738,19775,29353,28040,2756,5085,2657,2646,3313,2621,1551,3691,2564,7254,7316,859,1341,1557,1089,1139,1264,1149,878,2527,747,998,1077,618,654,519,2489,1280,902,647,814,931,612,709,591,900,817,588,35,1158,639,616,1019,596,204,417,308,422,394,376,443,659,487,344,2788,412,400,374,423,331,407,467,464,300,306,162,455,316,297,403,425,279,270,305,360,374,279,241,199,1235,216,177,107,288,201,296,214,274,201,255,185,251,170,223,257,224,242,293,167,140,202,204,171,261,181,258,9,155,151,114,154,160,55,186,183,220,110,125,193,131,106,210,91,135,405,222,137,109,251,83,135,88,101,128,103,97,134,107,100,89,146,77,77,89
20220105,9907,11640,5815,20603,30398,29117,3018,4710,2417,2855,3021,2418,1684,3681,2672,7198,7425,946,1270,1551,990,1092,1340,1231,893,2430,690,967,1045,715,705,579,2572,1096,909,720,783,911,661,883,609,948,749,542,39,671,630,593,985,636,152,423,305,375,404,373,443,546,491,506,2705,429,438,397,390,344,377,506,399,294,356,159,494,280,308,378,357,291,329,306,394,332,232,287,192,1234,205,218,97,278,187,298,219,315,345,264,182,202,143,223,239,237,226,268,181,141,187,241,212,224,197,250,15,197,146,152,147,169,59,163,217,187,102,130,190,146,131,164,97,163,254,235,115,121,239,140,89,145,124,141,118,98,163,93,86,105,140,85,79,111
20220106,9725,11659,5756,16724,26677,24429,2812,5130,2344,2796,2557,2379,1659,3601,2691,7173,6968,886,1158,1478,958,1084,1450,1151,937,2522,643,988,1034,610,674,589,2526,973,964,696,722,851,619,807,566,839,813,554,40,534,641,561,1038,629,138,462,292,381,443,320,411,612,512,412,2991,366,457,360,373,371,375,573,382,267,290,158,482,279,349,377,286,270,278,297,259,385,277,295,180,1132,207,236,90,255,207,283,169,261,286,234,186,159,138,239,242,234,271,263,162,150,204,153,185,184,216,232,13,165,140,109,123,155,47,140,230,206,74,132,159,126,106,132,120,172,132,261,123,109,289,102,119,118,90,132,97,117,202,103,100,80,131,104,43,129
20220107,9378,11109,5424,18026,27244,25493,2744,6096,2367,2630,2631,2376,1577,3565,2385,7052,6587,962,1068,1488,926,1113,1249,1117,912,2319,747,909,947,680,735,519,2309,959,841,626,712,791,566,758,546,837,752,556,32,618,528,543,1116,574,156,396,367,381,374,340,403,641,460,414,3088,320,432,334,440,341,377,506,293,279,340,162,423,299,290,352,262,244,262,319,251,359,284,294,161,1247,201,185,95,263,174,244,188,310,201,250,173,168,116,197,202,215,258,244,162,186,179,194,186,160,186,252,5,146,166,107,129,172,47,121,230,168,73,109,162,148,109,128,113,154,115,261,138,75,291,104,124,128,245,123,99,83,241,124,266,63,136,73,80,97
20220108,8369,10162,4654,14743,22926,21242,2368,3818,1893,2161,2285,2088,1155,3208,1946,6727,5651,891,916,1088,662,898,975,831,745,1915,599,779,758,504,566,444,1924,687,648,563,641,729,399,689,446,667,644,404,30,417,426,333,857,481,168,266,271,329,318,273,373,499,355,303,2934,290,337,285,269,283,307,476,335,418,294,146,339,238,193,297,242,214,180,231,171,281,182,184,159,980,137,152,89,213,191,196,172,220,177,140,126,159,108,202,156,180,184,177,154,117,184,212,133,116,142,212,4,114,150,104,115,116,59,99,187,124,91,51,114,100,85,134,61,138,96,201,106,74,266,86,79,86,119,120,100,85,120,87,110,51,128,71,68,66
20220109,8334,10153,4806,15402,23898,22378,2351,3869,1987,1956,2133,2138,1201,3074,1945,6714,5778,797,865,1219,689,928,1030,834,797,1991,634,891,851,480,546,502,1951,772,662,524,722,701,387,722,412,755,645,428,40,438,503,353,804,535,171,280,255,328,638,259,419,580,359,363,3023,294,426,318,328,348,303,480,324,376,331,146,259,204,243,341,253,212,206,191,199,234,255,195,217,1056,117,200,69,214,189,171,158,202,163,188,110,164,124,272,145,166,228,157,139,83,168,180,96,152,163,220,7,135,133,103,108,146,54,137,160,89,73,52,135,102,113,107,95,115,110,231,102,91,227,83,74,141,104,121,95,89,85,81,78,78,102,79,69,95
20220110,10653,12541,6211,15397,25857,23782,3159,5104,2476,3089,2827,2648,1771,4069,2958,7029,7714,1043,1199,1688,1031,1115,1454,1292,936,2759,751,1165,1058,723,688,590,2737,1003,947,768,792,935,709,840,609,1019,938,498,42,590,706,535,1056,657,177,384,484,492,497,394,428,597,513,414,3316,371,480,409,423,461,374,595,431,444,335,238,434,377,311,342,352,358,396,265,363,442,289,298,216,1355,245,175,90,285,248,266,171,277,252,310,166,236,149,242,173,240,216,271,170,134,169,216,172,224,173,278,7,141,178,170,147,177,31,161,231,204,85,131,165,156,105,149,109,155,120,300,176,134,249,98,137,168,83,132,114,96,145,111,110,65,117,112,79,124
20220111,10383,12424,6659,13458,24197,21621,3286,5304,2580,3279,2889,2728,2079,3885,2973,6839,7668,990,1344,1959,1114,1252,1489,1377,998,2706,768,1011,1090,713,744,640,2730,1190,933,717,902,885,766,879,609,1097,797,619,37,740,685,725,1119,612,158,509,363,1253,438,439,483,686,578,527,3067,393,464,471,444,391,433,545,438,470,287,291,494,350,343,383,305,305,437,363,358,419,282,386,217,1174,261,225,75,271,274,282,228,274,252,326,235,200,126,192,190,294,244,323,198,231,214,213,206,232,236,314,8,162,160,159,139,199,47,202,269,202,94,168,188,141,107,149,85,181,125,247,143,142,279,128,132,101,117,128,121,91,118,90,103,67,124,87,77,146
20220112,10137,12182,6380,13724,24810,22267,3129,4987,2633,3233,3092,2852,1984,4024,2837,6548,7775,999,1350,2251,1052,1215,1554,1411,1100,2538,721,1169,1004,716,760,647,2525,1075,1065,696,798,1013,776,896,596,1102,768,551,33,718,686,557,1084,589,164,485,581,578,424,397,488,684,578,616,3087,809,484,391,497,435,480,602,414,394,334,296,454,406,346,748,305,358,320,387,404,394,261,303,223,1111,270,237,98,344,275,326,211,310,286,249,218,166,209,192,237,279,274,286,171,153,203,219,190,206,222,331,8,188,162,147,144,210,37,189,232,188,101,277,138,161,149,131,94,186,144,243,157,109,267,111,104,139,113,138,127,113,149,121,97,85,138,70,98,157
20220113,9947,12117,6230,12952,23829,21247,3042,4864,2659,3236,2944,2650,1856,3732,2801,5966,7622,928,1236,2088,1009,1228,1651,1280,937,2539,676,1072,948,691,709,608,2557,1180,983,703,786,873,763,781,565,999,774,523,30,642,702,619,1102,599,160,543,381,527,406,461,458,650,630,512,3034,376,449,468,409,389,423,610,433,415,353,196,476,371,309,411,331,284,286,336,351,369,244,247,214,1086,239,230,103,267,206,362,200,283,226,268,204,193,182,238,193,292,253,288,183,166,185,229,199,182,232,353,9,145,177,179,161,175,45,144,209,190,96,140,158,159,150,221,83,142,164,241,171,128,254,137,130,118,118,147,98,115,124,91,94,90,141,85,103,119
20220114,8528,11330,5558,10957,21744,18666,3002,4704,2475,2710,2533,2260,1654,4074,3075,5845,6910,983,1051,1929,1064,1092,1479,1074,882,2315,712,1035,881,731,645,570,2310,1063,893,676,782,889,606,696,614,883,701,530,30,620,732,665,966,590,139,450,378,496,390,370,434,555,530,396,2908,360,460,413,393,382,392,504,320,349,312,195,442,377,307,343,311,256,283,322,292,374,238,250,201,1067,226,245,67,284,235,300,188,240,260,206,210,170,171,277,156,203,217,228,161,145,166,196,173,203,207,303,2,146,153,123,118,183,43,162,173,202,95,129,124,168,144,106,113,167,132,232,126,111,314,119,119,95,110,142,116,109,116,75,103,85,128,73,107,112
20220115,7776,9803,5163,8894,19072,16084,2412,3676,2136,1999,2142,2008,1382,3306,2222,5379,6019,670,835,1880,701,884,1333,942,710,1956,702,908,793,557,584,429,1928,802,580,453,566,607,351,584,513,655,645,361,29,458,414,354,765,503,156,300,258,418,333,266,335,591,346,325,2865,327,370,322,295,286,323,440,331,412,284,123,326,241,281,368,286,230,215,171,220,237,223,220,186,919,129,179,68,180,180,132,159,196,145,195,120,139,129,164,156,163,185,149,172,83,192,178,79,104,161,231,10,97,120,120,137,138,38,123,200,112,69,82,86,178,78,144,65,95,95,227,108,71,239,71,88,94,89,141,91,82,95,92,75,72,109,75,53,81
20220116,7819,10052,5270,12254,22291,19345,2287,3396,1985,1930,2139,2085,1182,3509,2449,5612,5571,2543,1592,1838,638,909,1023,806,840,1849,713,909,747,627,531,405,1777,871,629,494,614,631,339,620,528,692,637,474,36,398,513,354,711,475,253,301,220,407,311,307,393,484,409,354,2948,297,337,282,283,298,356,431,321,394,223,166,294,271,227,304,261,219,189,240,155,215,219,212,170,995,133,185,76,174,187,163,170,214,108,156,192,118,141,207,172,167,185,139,178,95,150,179,119,113,158,282,11,128,134,125,117,162,49,114,181,100,73,60,95,233,83,138,69,108,86,208,105,53,177,84,68,87,88,118,73,76,116,73,80,83,104,69,83,45
20220117,9737,12804,6323,17228,29084,25694,2971,4892,2481,3124,2740,2589,1691,4398,3288,6269,7861,1187,1031,2275,892,1040,1527,1273,930,2515,769,1098,916,723,618,584,2638,1209,958,664,822,933,646,809,619,1048,747,585,34,733,682,656,1157,581,402,448,303,507,404,406,442,629,666,403,3085,337,425,402,380,345,391,558,412,387,341,182,447,323,310,338,311,268,332,339,310,348,233,286,219,1102,239,199,73,312,215,242,160,241,218,273,196,208,169,255,214,252,205,271,173,98,174,195,190,194,196,333,10,154,188,128,142,183,48,172,195,200,65,138,135,159,130,141,89,149,121,233,130,94,228,118,152,90,111,153,120,103,138,78,80,103,130,69,64,119
20220118,9916,12997,7030,17310,28557,25279,3183,5069,2627,3527,3029,2589,1912,4037,2978,6197,8084,948,1432,2350,1041,1151,1647,1370,1041,2701,727,1167,1011,721,779,616,2704,1197,1050,758,825,895,746,927,684,992,944,661,54,695,719,620,1092,645,288,449,342,454,401,414,474,678,622,418,3149,405,456,462,427,362,368,588,417,456,321,230,469,326,303,424,371,320,373,360,337,385,272,297,208,1191,225,204,84,367,224,291,238,345,271,312,185,172,147,210,235,280,233,356,201,228,190,220,176,213,220,349,20,161,151,155,147,191,63,186,222,306,77,133,157,246,150,174,85,182,134,231,120,149,236,108,136,121,128,148,120,96,211,109,125,234,146,114,66,115
20220119,10097,13112,6798,15640,26611,23673,3311,5232,2556,3340,2932,2798,1889,3966,2912,6304,7936,1037,1302,2164,982,1325,1671,1342,1010,2697,676,1164,1146,744,751,616,2731,1111,950,776,820,876,766,853,725,1084,939,651,39,739,627,644,1081,619,233,480,392,483,419,417,490,740,659,458,3141,411,497,453,424,394,407,609,433,329,371,203,488,317,322,350,340,331,331,423,329,370,251,345,217,1167,269,218,92,247,420,275,194,271,261,284,189,191,137,199,255,312,239,288,162,154,240,208,196,222,224,333,7,151,137,176,127,182,51,175,220,240,109,133,172,183,172,190,99,185,122,241,217,104,227,109,153,114,102,157,122,86,151,101,112,83,149,152,66,134
20220120,9729,12878,6979,19718,31253,27866,3122,5138,2496,3761,2900,2508,1857,4052,2800,6166,7819,969,1233,2277,1062,1291,1605,1347,1061,2568,687,1123,1084,816,774,687,2630,1115,1078,731,837,880,682,800,777,987,900,584,41,745,652,752,1090,723,209,504,406,538,423,435,409,737,685,448,3215,387,500,451,454,333,464,600,422,373,314,203,583,396,331,301,320,247,353,362,438,464,300,384,244,1133,213,261,74,290,269,307,185,268,267,262,167,177,138,230,317,298,249,272,196,156,208,237,245,230,206,316,13,179,141,167,135,162,59,163,223,203,97,190,180,182,150,180,105,147,162,270,144,152,221,149,130,113,98,119,121,99,162,98,89,84,114,135,75,137
20220121,9580,11983,6634,17095,28230,25049,3269,5057,2465,3356,2741,2536,1728,3492,2623,7204,7505,848,1065,1999,1029,1256,1593,1321,980,2383,676,1140,882,690,760,497,2436,1030,909,682,769,763,664,760,927,945,875,541,30,673,629,577,1770,564,213,450,339,445,427,341,460,688,650,403,3206,392,446,377,405,316,412,542,429,367,351,200,530,321,280,303,314,296,276,287,462,342,246,213,229,981,217,217,112,239,218,283,157,280,278,269,183,181,141,196,223,264,247,268,166,154,187,200,201,178,180,266,14,132,134,147,128,146,70,154,209,184,82,112,160,184,142,151,126,160,134,277,189,88,204,133,110,109,127,111,104,108,133,100,93,81,123,112,58,128
20220122,8308,11026,5262,12033,21163,18388,2331,3909,2017,2041,2146,2105,1467,2970,2049,7106,5130,747,871,1593,617,945,1566,887,771,2105,619,930,987,503,547,451,2013,755,631,526,569,596,399,633,525,745,742,403,25,491,435,370,694,498,195,331,241,370,326,308,491,483,358,314,3075,285,373,321,497,283,302,481,354,294,282,161,339,253,252,296,278,186,186,213,219,327,244,177,218,835,152,173,61,188,168,181,178,211,139,211,109,140,151,157,128,158,228,156,155,91,277,186,108,113,169,230,19,134,129,95,96,196,39,92,200,105,77,114,121,88,89,128,81,134,129,230,94,68,205,82,89,100,72,114,102,82,146,68,90,97,106,84,63,67
20220123,7877,9984,5263,11068,20655,18304,2425,3775,1991,2095,2142,2090,1275,2984,2098,6532,5735,770,930,1638,681,987,1031,815,872,2068,612,893,842,532,543,420,1978,758,654,488,581,575,356,684,551,778,731,817,26,496,472,406,726,480,181,352,294,351,341,317,576,541,358,285,2918,280,416,369,288,350,362,435,358,310,257,2807,317,264,195,305,237,183,184,182,255,250,213,202,199,804,135,215,82,180,221,189,192,189,169,185,128,168,137,165,176,189,207,113,193,83,178,196,121,119,172,243,9,143,122,84,107,202,34,120,170,128,82,47,136,130,89,136,67,128,89,231,116,45,215,83,82,92,77,106,111,70,116,62,68,63,93,92,79,83
20220124,10321,13176,6706,16840,27771,25277,3056,5132,2431,3391,2780,2631,2007,4092,2874,7847,8258,812,1196,2235,1010,1268,1698,1377,1098,2828,778,1237,1045,750,797,585,2853,1063,926,696,728,760,783,796,652,1035,831,583,39,683,647,658,1016,615,208,490,368,434,358,430,489,710,569,440,3104,574,475,459,433,436,327,571,448,349,365,999,589,331,327,328,333,309,342,346,441,437,239,335,222,1061,228,257,120,287,252,338,220,242,211,258,174,211,184,210,215,275,196,253,230,175,204,209,228,198,198,367,17,129,153,138,137,178,55,200,246,209,107,131,190,192,139,187,113,229,124,198,135,122,192,114,101,93,123,116,102,106,170,86,104,100,131,85,74,148
20220125,9942,12663,7074,16596,29001,25340,3466,5132,2541,3440,2746,2811,1992,3885,3016,7310,8149,900,1270,2333,1187,1189,1535,1370,1039,2730,750,1121,1092,763,838,649,2757,1178,1092,849,800,817,788,816,759,1123,903,636,41,750,642,694,982,617,183,519,348,493,361,402,457,736,628,481,3261,433,505,440,490,393,370,633,435,343,359,359,556,337,341,402,317,295,305,335,368,477,257,318,214,1482,240,259,93,301,231,267,227,305,271,286,233,236,148,214,236,301,242,278,220,162,217,231,201,219,190,354,2,152,145,147,139,168,54,197,220,215,95,163,183,152,130,208,133,186,140,224,135,135,213,143,119,122,127,123,122,125,147,94,120,73,128,107,82,145
20220126,9690,13559,6412,17652,31884,26261,3271,5187,2765,3179,2712,2592,1761,3944,3022,7136,7963,1064,1359,2335,1130,1280,1405,1322,1137,2756,721,1357,1020,846,872,741,2646,1188,974,782,817,764,767,790,706,1101,890,620,27,710,680,698,1011,626,215,543,392,488,441,454,384,743,580,486,4480,419,529,410,414,409,500,628,384,406,329,289,429,291,345,372,335,378,302,351,390,407,296,383,188,1209,250,227,106,311,310,294,170,301,249,267,212,261,159,219,233,272,263,298,171,171,178,236,211,190,219,310,8,143,151,143,156,190,65,232,287,218,107,160,176,155,126,159,143,144,128,251,219,115,246,136,120,148,110,132,125,118,141,129,105,94,150,83,95,130
20220127,10300,12962,6833,19814,31256,27532,3465,5274,2755,3411,2877,2784,2167,4132,2976,6894,8048,981,1495,2170,1229,1254,1738,1404,1180,2921,613,1280,1089,885,803,711,2849,1170,1040,860,907,860,778,937,786,1246,844,653,38,935,730,659,1000,675,218,563,386,551,477,433,468,830,680,599,3076,441,513,475,652,429,389,675,474,415,394,324,583,370,404,360,338,303,503,441,361,605,300,283,228,1126,248,247,96,283,296,297,195,331,296,333,237,274,144,288,217,330,310,363,173,154,219,267,220,231,229,330,17,173,166,167,159,184,84,165,289,221,122,161,162,177,195,196,147,171,133,201,237,133,250,143,153,148,120,148,123,103,149,112,95,110,137,129,74,147
20220128,9677,12185,6227,17914,28855,25591,3405,5143,2692,3289,2659,2672,2150,3768,2851,6397,7677,950,1327,2025,1236,1147,1504,1254,1021,2753,564,1185,922,774,713,698,2604,1068,990,785,824,879,656,904,978,1058,794,611,33,722,665,660,930,673,174,490,348,473,410,410,441,682,601,498,2955,511,504,400,526,416,434,593,459,393,295,289,508,313,344,339,394,319,289,309,417,468,321,279,201,1038,237,220,70,269,275,274,254,267,262,281,165,212,164,333,180,322,285,276,182,160,218,199,199,193,222,309,10,136,158,135,143,181,50,193,257,256,130,215,139,125,156,172,101,185,131,210,207,124,238,134,130,119,131,155,126,108,120,119,111,90,152,120,83,102
20220129,8498,10659,5369,13928,23476,21023,2741,3832,2308,2166,2288,2157,1426,3212,2290,5793,6020,824,999,1576,820,947,1280,924,863,2332,522,973,917,631,589,580,2008,888,654,618,711,791,402,657,584,830,757,411,29,615,478,374,752,554,178,357,304,406,354,332,390,620,363,411,2944,303,408,376,356,298,307,496,377,321,275,240,388,255,253,296,299,179,199,180,218,290,235,242,228,912,167,207,85,220,223,192,177,204,195,180,244,144,149,217,147,197,301,143,167,92,280,203,130,115,192,264,3,164,154,136,134,148,64,152,224,141,97,78,104,97,106,159,78,132,119,224,127,75,253,105,100,110,89,144,108,69,112,93,105,110,155,93,76,69
20220130,8077,10186,4994,14397,23832,21488,2674,3747,2337,2207,2191,2061,1231,2691,2264,5915,5911,751,1188,1551,772,987,1012,962,843,2012,551,978,800,587,614,521,1971,870,608,609,652,555,431,712,517,791,717,442,31,517,500,438,705,512,183,351,309,357,397,331,351,558,352,345,2816,341,435,296,319,311,319,416,360,322,304,212,354,265,218,279,312,226,211,200,211,303,228,254,250,979,179,203,89,197,218,170,179,203,157,264,186,154,152,163,171,149,299,161,171,85,157,168,128,134,197,273,8,163,120,120,167,143,50,163,195,110,84,58,127,139,95,149,85,119,115,224,141,81,234,80,110,115,65,143,100,95,97,85,85,81,126,104,90,80
20220131,10245,12626,6700,21585,32955,30260,3459,5357,3273,3324,2903,2446,1925,3752,2962,6191,8127,883,1281,2008,1036,1247,1485,1327,1092,2964,516,1191,1069,787,709,653,2650,1081,1030,807,894,779,770,899,677,1023,879,726,26,680,792,750,1025,659,171,481,344,488,469,467,477,613,599,493,3250,370,515,341,453,448,399,685,456,356,298,266,514,322,326,357,397,365,305,399,290,457,245,377,213,1135,298,218,81,300,287,335,210,242,257,332,218,177,144,227,208,275,274,287,169,188,211,240,202,197,188,322,11,160,203,157,128,183,52,170,282,235,96,128,149,140,152,188,134,177,164,257,163,146,203,105,130,147,109,134,115,104,128,109,107,72,195,118,90,133
20220201,10276,12203,6696,19067,30558,27406,3543,5279,2959,3258,2911,2731,2041,4046,2939,6297,8210,1068,1288,2084,1138,1305,1615,1589,1091,2792,544,1150,1094,792,846,606,2755,1067,1130,840,928,809,748,838,865,1088,808,683,34,729,750,739,1242,702,241,526,381,521,508,430,430,692,538,462,3047,338,551,430,479,415,433,573,568,362,324,257,567,348,350,342,339,292,361,280,359,445,252,295,235,1053,268,220,67,269,287,344,191,296,303,341,230,211,142,178,225,269,294,356,206,162,193,192,237,228,199,310,7,163,177,141,181,188,68,191,256,214,85,179,162,142,149,202,137,191,141,279,153,95,197,128,156,103,114,153,121,118,178,113,107,83,142,106,108,98
20220202,10478,12456,6789,15815,27105,24091,3357,5482,3105,3366,3026,2709,1925,3803,2972,6879,7996,1108,1419,2095,1173,1402,1510,1494,1052,2930,522,1158,1095,791,877,896,2860,1105,1083,748,847,769,751,982,755,1093,876,586,41,729,674,726,1048,691,165,490,424,569,457,429,574,689,587,506,3165,403,544,474,508,367,375,625,499,386,315,224,485,321,359,349,417,313,318,348,467,479,288,307,235,1288,272,256,122,327,290,333,232,314,284,259,215,197,133,236,192,285,230,300,162,190,239,185,211,225,205,304,15,161,187,163,198,189,70,196,179,225,103,133,184,132,147,184,155,178,151,290,167,124,224,115,120,137,134,168,110,118,187,113,107,105,93,115,91,151
20220203,10239,12576,6627,13490,24948,21644,3332,5227,3005,3599,2815,2734,2075,3821,3050,6688,7926,879,1430,2102,1209,1245,1600,1454,1075,2845,465,1207,999,670,812,671,2665,1086,1037,834,923,902,779,859,781,1064,837,707,36,723,640,728,1095,742,172,495,396,510,424,392,513,685,645,521,3297,486,469,478,475,372,396,622,484,367,385,208,524,328,344,345,362,313,349,342,324,544,291,272,233,1141,291,236,183,255,300,320,220,275,269,348,179,181,110,254,180,282,308,299,168,176,201,223,241,265,194,354,8,163,150,171,141,194,58,209,197,238,99,118,140,157,182,189,127,188,137,274,178,158,186,123,164,152,122,130,102,99,128,145,120,79,119,107,83,111
20220204,9646,12338,6447,15472,26218,22934,3221,5087,2650,3176,2517,3102,1967,3627,2985,6640,7366,872,1267,1940,1138,1319,1389,1188,862,2595,495,1006,892,755,721,729,2457,1051,916,773,835,1067,687,923,673,977,752,655,42,637,569,685,1042,681,192,430,350,519,406,412,510,611,574,493,3212,422,497,365,495,357,447,528,519,390,302,220,417,301,301,399,353,294,327,288,301,533,269,271,197,980,268,247,97,322,247,337,204,269,266,280,225,264,131,290,203,243,283,264,153,166,192,213,222,208,179,294,4,162,142,142,147,150,66,215,213,207,93,139,128,136,135,162,120,189,108,247,133,135,186,121,123,160,104,121,102,92,104,100,103,95,104,121,72,140
20220205,8007,11621,4828,10332,19755,17277,2464,3906,2409,2111,2269,2834,1307,3089,2178,5468,5704,799,1015,1451,1081,986,1022,855,994,1904,474,868,1191,575,617,638,1775,743,564,546,590,815,346,646,618,767,669,444,32,502,398,441,663,525,243,289,324,371,328,303,393,546,391,413,2916,284,423,362,342,309,302,467,362,370,315,191,349,263,241,345,333,177,287,176,233,259,213,273,227,904,169,193,90,215,184,185,219,181,152,183,133,157,114,184,164,204,240,195,155,89,222,154,150,113,160,250,6,138,157,119,149,137,45,126,173,151,70,62,133,106,120,128,60,146,91,213,118,62,207,103,98,116,85,102,116,80,68,98,114,59,106,98,79,68
20220206,7623,10442,5013,11040,20309,17921,2507,3848,2274,2175,2154,2072,1252,2945,2131,5707,5657,1130,1014,1457,1014,873,1010,861,938,2030,447,864,890,574,556,595,1958,794,601,529,723,794,404,690,530,784,694,407,29,492,454,488,664,554,225,332,266,386,366,325,372,539,363,380,2719,542,387,330,301,297,337,599,333,394,297,185,323,276,274,339,311,219,221,220,204,286,209,209,249,934,157,188,93,237,212,167,184,221,157,188,139,191,126,164,180,144,230,162,142,80,164,202,141,120,204,281,5,138,129,135,137,143,321,146,151,141,94,54,112,103,137,101,76,156,92,221,135,72,192,78,122,93,81,124,120,107,80,92,73,74,114,84,54,55
20220207,9977,13123,6300,17592,29798,26123,3435,5595,2782,4069,2776,2717,1941,4009,2865,6318,8362,1138,1430,2005,1454,1276,1548,1269,1104,2828,564,1109,948,867,717,785,2735,1174,923,847,888,1022,724,726,762,1116,798,605,27,652,754,844,1048,678,223,515,387,493,446,495,480,723,606,445,3137,475,470,439,516,370,430,631,420,356,357,212,532,343,383,437,369,378,316,346,392,469,296,1400,320,1162,238,239,101,302,254,248,212,281,252,315,179,241,198,250,237,250,288,327,191,157,283,238,224,237,205,370,8,177,153,236,162,148,174,193,240,292,104,135,185,185,144,166,114,185,152,248,146,119,263,126,141,139,114,166,121,131,163,123,92,84,193,113,82,173
20220208,10174,12865,6403,15302,27083,24038,3522,5554,2671,3895,2968,2750,2018,3909,3011,5894,8577,946,1530,2052,1387,1344,1589,1379,1125,2786,543,1233,1016,938,774,641,2790,1143,1052,904,940,981,862,893,713,1093,886,616,43,679,690,805,1062,691,195,484,419,535,418,549,544,723,657,489,2875,453,552,456,532,391,421,669,422,353,324,250,615,382,387,371,382,341,323,254,443,453,293,591,249,1057,289,217,116,334,317,361,231,262,294,346,215,182,156,786,217,274,282,315,214,190,203,200,251,253,195,316,8,192,192,207,160,217,98,199,249,228,114,135,160,234,180,189,109,178,107,255,133,132,198,167,198,124,139,175,116,104,173,134,105,92,111,107,78,148
20220209,10015,13197,6881,17110,28635,25044,3465,5446,2522,3773,2848,2775,1777,4122,2945,5843,8482,1051,1359,2029,1306,1218,1657,1417,1131,2694,481,1157,968,808,766,688,2695,1058,1051,830,920,959,732,816,665,1113,843,680,37,750,685,815,1000,688,195,527,387,548,511,499,519,664,718,462,3103,426,522,402,531,428,433,705,479,385,342,283,560,383,350,334,325,318,351,347,420,496,307,381,336,1198,277,223,81,338,259,343,178,306,263,296,215,240,171,533,206,254,297,339,168,168,198,213,247,239,192,337,11,193,170,193,178,195,120,172,233,290,116,157,193,165,178,188,104,183,111,209,152,126,223,137,144,121,144,140,121,120,135,125,93,105,136,125,77,167
20220210,9750,12620,6658,17819,29322,25947,3447,5369,2551,3911,2988,2541,1852,4040,3043,5596,8725,1040,1409,1991,1415,1328,1559,1280,1109,2542,515,1151,946,892,791,841,2528,1116,1084,826,910,997,799,848,730,1109,869,682,49,725,723,848,1137,656,173,550,419,515,505,412,485,655,750,553,2935,483,618,412,498,404,433,644,498,366,363,224,558,385,346,400,376,376,352,381,366,474,291,498,258,1162,256,238,84,324,348,333,222,271,322,357,210,224,120,359,193,285,219,331,176,182,164,227,256,194,268,319,10,172,158,167,168,214,106,186,276,225,124,143,158,176,162,169,156,231,133,213,123,134,191,130,178,184,138,145,139,117,175,114,118,104,115,103,78,111
20220211,9523,12116,6089,15660,27021,24159,3172,5168,2436,3366,2611,2652,1971,3813,2879,4935,7867,996,1227,1889,1144,1251,1301,1025,1029,2458,455,1134,937,872,794,690,2354,1003,1036,765,1205,1002,690,837,674,930,870,617,38,680,627,679,947,688,195,570,439,516,384,459,425,601,670,517,2915,438,451,393,476,418,417,604,438,381,282,317,499,353,301,417,336,281,315,305,326,516,226,333,311,982,238,243,91,310,277,302,243,252,257,275,207,189,142,294,197,231,260,311,188,193,173,222,223,207,224,328,5,184,155,141,147,222,68,162,202,208,131,154,184,137,159,148,105,200,97,220,106,162,207,152,119,107,122,142,108,82,143,120,85,104,111,116,65,126
20220212,8234,10016,5322,12447,22706,20017,2448,3733,2188,2064,2322,2047,1214,3163,2288,4536,6240,1052,1059,1414,716,955,988,867,829,1935,370,1136,714,620,654,533,1871,849,611,573,870,712,390,623,473,761,765,413,40,473,450,419,703,521,156,385,325,385,316,298,394,495,463,360,2620,320,380,290,370,298,336,576,533,315,274,290,317,259,232,376,330,212,244,189,225,304,207,204,221,803,161,190,71,239,238,179,194,198,199,181,125,162,124,212,146,165,198,158,177,114,157,177,109,106,147,261,7,141,115,132,152,151,62,123,186,137,124,73,139,112,104,136,75,165,95,209,93,64,199,71,79,119,96,192,91,79,104,90,78,84,133,96,77,65
20220213,7791,10201,5122,11731,22825,19579,2621,3799,2362,2257,2063,2029,1135,2992,2173,4951,6267,806,903,1368,790,928,1072,860,816,1963,473,1058,776,654,627,512,1863,767,642,608,708,678,462,703,528,736,615,418,23,512,456,477,688,594,166,367,318,418,317,338,371,493,436,294,2669,290,433,292,336,368,316,452,465,287,299,162,340,259,230,449,273,229,239,163,211,260,257,212,223,794,210,210,94,180,242,186,195,213,152,218,159,169,142,199,177,158,174,152,200,118,149,176,110,89,193,270,9,139,116,175,123,162,51,128,183,134,125,109,130,113,107,139,97,173,130,238,110,82,172,91,71,120,123,307,89,85,122,97,104,100,87,99,69,81
20220214,9619,12645,6388,16859,30930,25519,3083,5356,2601,3334,2661,2504,1636,4042,2789,5113,8370,812,1215,1894,1055,1182,1548,1191,942,2480,445,1302,867,772,764,665,2547,921,989,856,1034,891,780,761,668,1127,1150,1113,32,627,688,712,880,707,139,526,354,504,429,465,477,605,587,440,2943,349,476,383,559,479,477,624,487,308,291,236,438,352,352,405,410,322,341,339,351,495,269,320,255,1008,245,203,74,304,244,261,200,257,340,270,206,160,120,226,210,259,257,245,145,137,164,190,191,224,145,301,12,209,188,139,126,198,55,174,250,237,153,148,185,153,141,139,104,174,128,220,134,133,185,127,141,150,124,210,112,107,165,89,80,93,156,103,74,142
20220215,10748,14397,7129,18042,32387,27654,3484,5686,2556,3457,2943,3421,1853,3931,3003,5256,9238,1705,1389,2010,1102,1529,1574,1411,1124,2829,517,1408,1493,902,898,782,2801,1127,990,779,1219,966,830,829,802,1123,888,992,42,765,1036,778,1130,738,200,538,397,522,457,507,490,760,659,828,4220,452,565,456,540,435,449,776,496,369,337,269,543,355,373,403,389,649,364,332,376,459,275,314,329,1007,251,237,85,371,237,331,211,312,259,302,215,170,147,269,314,258,278,321,183,506,157,260,243,272,223,330,12,164,149,190,156,233,82,207,235,248,137,177,222,170,151,203,122,196,161,248,109,123,277,122,194,141,180,183,142,131,153,107,114,99,154,128,88,118
20220216,10139,13216,7075,18532,31186,28205,3623,5694,2655,3694,3057,2785,1935,4259,3009,5589,8916,1048,1441,2225,1237,1311,1664,1324,1093,2918,503,1373,1123,848,928,769,2890,1124,1094,860,1000,957,807,843,870,1059,906,780,46,800,815,832,1048,686,252,590,393,538,483,463,604,715,700,574,3111,457,503,407,521,408,444,668,491,344,360,271,559,351,309,434,374,469,373,377,345,488,313,306,255,1305,266,267,100,333,293,324,241,342,325,371,234,207,167,293,266,320,289,302,222,308,141,212,233,221,184,363,6,219,177,163,150,214,77,228,269,205,104,190,192,155,153,205,121,212,119,283,139,148,208,155,175,150,222,148,144,99,164,152,106,175,136,124,95,132
20220217,10253,12980,6869,17952,30551,27615,3228,5403,2569,3714,6449,2866,1808,4320,3057,5029,8981,1614,1350,2182,1246,1377,1493,1308,1025,2682,519,1405,934,875,822,592,2730,1173,1079,838,884,896,845,902,803,1030,963,796,48,701,680,860,1006,708,258,600,393,521,517,449,496,660,661,538,2844,534,533,415,504,379,461,619,472,373,356,222,445,384,357,377,354,338,319,369,356,481,283,268,225,1154,279,214,91,273,272,318,216,279,289,336,209,235,117,232,192,258,254,304,199,296,187,186,182,252,218,329,9,231,157,187,169,287,83,217,216,291,97,142,187,186,185,188,97,211,138,236,148,136,174,119,141,152,141,171,109,145,229,104,102,96,127,127,93,121
20220218,9820,12351,6270,15876,28369,26070,2928,5475,2412,3485,2625,2436,1763,3672,2844,4807,8608,1101,1235,1902,1051,1449,1308,1245,1035,2577,502,1343,868,786,714,726,2450,1109,1036,758,784,836,725,777,885,1060,742,795,31,649,606,617,1071,673,224,587,371,500,414,414,451,739,569,444,3077,472,532,460,463,483,440,615,370,356,319,264,403,354,324,401,335,314,287,315,354,429,304,286,335,1059,265,270,82,287,235,265,201,267,302,296,212,169,117,224,225,244,221,335,221,303,167,204,225,204,201,323,5,168,152,159,160,208,62,150,179,235,110,124,148,145,150,181,124,195,129,223,129,98,214,124,134,147,102,148,110,117,139,123,116,97,137,141,66,115
20220219,8395,10568,5170,15172,25920,23852,2392,4146,2097,2042,2101,2021,1491,2853,2208,4451,6701,754,955,1475,663,1043,1005,809,832,2164,488,1123,701,656,653,586,2041,741,603,562,587,667,406,713,707,826,683,576,34,453,509,391,630,564,188,345,317,458,350,359,409,635,385,370,2900,283,404,300,316,458,363,468,336,315,258,200,354,262,255,343,288,248,218,153,222,258,229,236,375,838,168,213,69,246,215,173,189,249,142,221,156,157,147,156,182,157,172,186,147,108,180,203,141,108,174,249,3,102,124,115,154,164,40,110,174,118,81,60,137,113,127,124,73,146,115,211,198,69,261,83,86,118,84,127,108,96,101,88,79,67,123,107,96,91
20220220,8380,10893,5210,14383,24850,22692,2459,4023,2496,2273,2448,2080,1320,3071,2092,4667,6728,723,964,1453,703,1078,1169,846,909,2165,462,1200,772,609,564,493,2901,852,718,525,659,673,447,853,721,764,667,552,30,497,489,379,688,578,157,361,311,438,350,355,382,670,355,361,2718,267,398,323,413,362,343,376,319,351,231,199,442,238,221,382,311,255,184,246,253,331,263,218,225,861,245,215,101,244,220,166,200,188,124,218,364,130,163,207,150,190,186,205,132,93,196,181,108,109,161,245,5,126,138,160,130,180,105,141,152,136,107,70,145,118,110,169,71,168,114,238,205,67,224,86,107,107,121,130,81,75,90,84,98,78,115,120,83,70
20220221,9894,12957,6753,20547,33525,30585,3040,5494,3017,3311,2972,2681,1958,4139,2709,5336,9440,1093,1180,1920,1062,1250,1650,1207,971,2724,504,1670,916,1091,859,769,3069,1034,949,846,864,823,728,902,846,1229,840,683,47,646,656,695,1041,716,165,542,394,484,423,529,504,765,495,428,2814,450,513,432,458,426,409,611,391,420,325,259,492,384,342,399,412,362,304,365,407,399,340,315,242,1071,300,221,94,295,313,268,232,317,265,312,251,172,176,232,244,276,270,304,205,146,219,238,199,219,233,302,6,219,140,175,175,211,63,212,208,219,149,104,204,159,157,195,116,188,147,218,158,135,244,146,159,98,123,129,115,99,158,125,86,82,145,123,84,116
20220222,10364,13091,7100,17933,31026,27850,3337,5658,2992,3535,3359,2687,1944,4033,2975,5160,9542,1195,1221,2001,1025,1320,1650,1315,1014,2892,478,1765,1209,841,902,671,2701,1052,1075,911,860,977,766,1000,766,1087,860,733,39,803,697,814,1154,660,145,578,364,431,457,491,488,661,693,576,3003,446,478,409,445,367,507,613,402,313,318,229,509,370,335,321,377,375,336,304,379,500,241,282,200,1012,273,228,141,305,280,290,181,253,327,255,209,146,128,243,230,271,288,254,210,192,213,220,216,241,167,338,3,175,121,169,143,230,76,219,205,267,101,145,177,149,138,195,128,194,134,196,191,137,199,120,121,144,125,134,134,109,138,130,101,90,152,138,80,115
20220223,10093,12668,7252,17532,30229,27416,3144,5781,3419,3468,3114,2870,1928,4030,2860,5229,9183,1114,1203,1994,1161,1213,1520,1266,1045,2930,533,1606,941,836,809,692,2723,1102,1041,857,791,813,860,777,805,1138,767,813,44,758,708,690,1094,720,174,644,388,509,457,456,465,707,744,492,2914,442,484,409,549,364,435,619,467,373,338,233,569,273,329,666,387,332,379,343,351,498,269,264,202,898,297,211,77,307,236,250,213,284,290,300,216,189,150,224,239,248,276,386,160,167,191,280,192,258,192,357,10,158,157,173,160,206,101,181,174,241,118,181,163,188,148,168,93,211,128,241,146,128,205,114,149,148,108,116,100,99,138,114,121,88,144,110,79,144
20220224,9406,11643,6255,18364,32795,30368,3064,4929,2555,3501,2652,2363,1780,3355,2406,5776,11394,808,1068,1762,929,1072,1505,1039,910,2521,476,2331,794,679,642,588,2390,836,897,709,713,770,698,717,563,1001,716,636,34,622,562,598,958,659,281,471,292,396,403,425,360,601,557,362,2806,334,392,332,450,355,280,483,429,299,306,146,476,255,312,378,287,282,447,247,331,448,220,218,233,820,231,158,103,240,234,199,146,249,237,274,161,158,110,224,168,192,195,285,166,162,168,186,169,188,170,270,15,106,126,138,114,165,57,178,192,164,80,120,147,136,121,137,91,185,111,254,141,99,194,108,119,103,75,116,103,102,110,81,73,57,106,90,60,102
20220225,9465,11419,5657,16845,29578,27526,3076,4460,2351,2975,2330,2411,1782,3289,2296,4331,9725,800,1218,1631,1128,999,1270,910,1463,2328,329,1858,688,728,662,566,2252,866,852,727,694,862,604,669,552,849,711,740,33,572,574,559,883,589,241,371,273,387,419,359,440,535,547,368,2823,371,400,367,442,342,314,559,441,244,269,200,421,231,244,287,267,273,256,272,288,436,217,218,206,787,238,162,85,225,230,191,192,190,216,221,185,130,88,201,118,184,179,209,153,172,177,190,161,250,166,264,6,131,138,167,156,192,48,155,190,202,70,99,142,126,126,138,86,165,87,181,135,106,168,90,99,122,77,105,107,77,124,76,88,72,113,123,62,123
20220226,8497,9816,4677,12705,24052,22051,2326,3666,1996,1992,2016,1916,1342,2781,1851,3942,7670,542,944,1174,764,783,962,690,995,1869,349,2157,544,584,526,466,1664,620,590,623,461,515,320,603,408,733,498,628,22,438,500,318,626,503,212,275,254,301,392,250,390,514,293,346,2746,304,318,270,353,281,314,386,322,219,225,171,256,194,175,263,328,139,178,137,228,306,201,228,185,599,132,186,76,167,232,103,182,196,123,165,128,176,98,147,118,135,189,130,136,556,202,163,109,85,156,251,6,113,105,152,122,115,51,95,145,93,70,105,107,84,92,119,70,115,67,188,124,70,226,72,82,95,95,92,95,73,159,67,87,99,117,112,57,80
20220227,8367,9799,4467,11236,22311,20065,2389,3443,2132,2062,2012,1882,1183,2616,1892,4472,7334,525,1109,1370,648,753,898,765,802,1919,330,2009,553,554,533,457,1766,643,493,711,480,571,415,574,357,736,521,628,25,412,391,402,569,510,174,312,195,333,262,283,342,450,319,259,2740,260,358,266,266,260,280,427,284,273,229,217,266,187,191,262,323,189,191,191,182,241,215,194,319,612,164,178,58,179,197,120,202,173,112,192,147,108,177,183,138,144,132,124,105,117,132,163,117,93,145,202,2,140,95,124,125,117,33,93,187,109,59,97,96,138,86,106,65,165,84,192,109,57,179,58,103,81,88,106,68,63,139,82,126,74,81,111,56,57
20220228,10015,11974,5655,15630,28158,25657,3116,4755,2426,3299,2701,2465,1612,3391,2478,4964,9214,1307,1148,1750,917,1102,1298,1088,998,2388,453,2051,765,660,670,665,2274,887,800,922,673,735,702,741,622,907,693,723,38,575,563,605,1127,1088,224,477,282,485,366,329,409,577,462,392,2808,366,456,401,417,288,404,471,431,243,258,264,444,257,288,295,318,272,305,250,322,373,273,222,235,802,240,205,80,274,245,268,201,249,214,293,158,156,545,220,179,196,168,227,154,151,159,203,171,183,148,247,7,148,107,143,153,134,49,163,275,198,72,129,152,153,136,143,90,173,122,243,156,87,217,107,100,110,81,90,118,110,189,89,94,82,134,171,81,120
20220301,9587,12126,5768,15601,28336,25834,3140,4885,2380,3332,2581,2416,1670,3345,2608,4774,9523,956,1087,1893,1446,1138,1474,1071,906,2608,524,1644,744,701,847,668,2473,972,838,974,625,760,732,861,684,980,675,736,35,568,595,587,968,817,166,480,289,421,380,409,384,578,516,630,2852,415,427,332,466,366,395,537,447,302,280,223,459,317,292,265,304,282,312,273,396,408,292,248,201,790,244,195,100,267,293,213,184,326,212,333,219,159,288,237,261,216,160,229,141,146,139,200,172,162,199,263,4,142,123,160,143,209,33,154,198,216,81,125,169,152,143,181,111,180,99,209,112,118,163,98,124,127,116,106,106,108,146,109,75,83,129,129,57,116
20220302,10125,12016,6001,18799,31375,28480,3662,4979,2330,3480,2884,2407,1702,3643,2782,4514,9447,777,1256,1828,1052,1094,1537,1159,1011,2704,357,1447,861,689,656,719,2598,971,969,1012,794,743,765,715,701,1005,846,780,36,682,670,675,892,657,111,502,322,466,379,393,459,554,535,531,2952,355,457,396,532,398,367,609,443,315,308,190,523,303,268,327,314,286,327,316,336,485,247,299,167,776,304,231,86,299,276,295,210,326,324,295,199,183,152,250,227,286,232,223,155,141,219,208,198,216,177,299,13,179,217,120,154,177,50,152,309,253,81,198,173,162,161,144,103,147,136,203,166,130,199,140,131,112,99,122,97,90,148,102,82,80,122,114,107,136
20220303,10019,12352,6096,16986,29196,26457,3297,5083,2238,3634,2621,2466,1673,3480,2710,4563,9435,784,1275,1835,1318,1090,1659,1147,1158,2779,421,1374,817,739,649,829,2586,1054,939,1031,725,728,763,714,653,1037,812,879,31,584,593,594,1027,640,190,503,316,419,377,488,418,645,515,516,2887,397,438,343,474,363,419,529,482,321,308,265,540,334,271,356,399,325,332,432,341,467,263,405,222,823,297,222,84,279,244,280,192,279,260,259,177,168,142,245,228,249,184,288,183,147,174,209,195,208,177,305,17,182,155,122,157,168,96,165,244,228,85,120,115,150,146,153,116,199,106,200,108,107,181,110,142,123,125,123,143,93,170,164,90,69,122,132,76,131
20220304,6711,9344,5109,6778,10237,9365,3085,3416,1958,3204,2235,2210,1609,3093,2093,3713,3510,930,1139,1420,923,1055,1264,1003,980,1328,336,1116,878,624,534,666,1370,933,774,800,730,682,675,800,632,796,672,621,24,566,610,553,882,519,144,470,296,377,348,363,388,648,524,405,1138,389,374,338,433,293,395,546,450,320,260,168,412,265,276,268,322,263,268,267,319,394,251,351,196,718,247,187,101,250,278,258,155,205,241,297,200,163,106,199,178,187,192,258,132,126,128,197,194,206,171,241,7,152,126,163,151,173,42,163,225,186,83,129,144,103,135,164,107,120,86,208,123,123,163,143,131,135,82,101,143,85,151,125,80,80,111,161,51,104
20220305,4510,6528,3281,3666,2969,3427,2393,2419,1559,2477,1657,2028,1369,1750,1466,3027,989,675,891,614,725,1018,1009,689,776,622,342,660,629,498,464,433,748,458,517,562,549,613,407,594,405,606,602,341,23,442,469,358,628,376,127,294,211,355,289,309,422,510,319,337,320,301,332,261,304,260,311,408,465,223,229,163,314,223,201,215,252,219,163,127,206,247,205,179,251,649,154,177,65,181,221,154,159,211,132,191,112,139,164,156,133,139,174,115,159,90,118,170,99,148,124,120,3,126,111,107,103,119,53,97,188,126,73,68,108,142,135,121,75,121,95,76,106,63,103,62,94,93,86,104,79,67,102,104,85,57,110,104,54,62
20220306,4271,6433,3085,3524,3001,3285,2503,2286,1569,2339,1677,1854,1233,1739,1379,3474,931,629,947,686,630,955,963,719,809,648,350,721,727,489,542,487,678,479,493,592,563,528,431,610,413,556,643,391,25,392,434,403,632,397,115,251,220,340,287,294,366,557,299,327,265,290,335,244,310,322,302,372,366,226,239,153,269,189,155,229,257,186,199,212,191,293,204,205,188,674,150,195,63,161,215,147,133,170,114,207,139,123,130,162,123,111,131,152,141,66,172,164,102,133,152,109,7,119,115,117,106,111,49,132,160,132,77,58,86,100,115,110,53,99,86,65,94,72,67,106,89,101,88,106,82,63,93,72,80,54,122,79,70,74
20220307,5679,8271,4520,6004,6223,5949,3130,3293,1971,3544,2075,2488,1795,2755,2290,3938,2176,766,1052,1072,913,1031,1446,1070,1094,971,430,860,1204,708,646,657,1251,735,782,741,676,727,735,852,584,919,788,566,35,650,639,618,935,472,152,401,319,419,405,349,416,578,489,550,406,356,547,367,450,390,313,508,393,297,291,185,430,313,401,235,284,282,340,278,351,397,308,263,166,844,231,197,73,190,250,248,191,274,223,291,196,172,168,236,187,208,157,237,207,152,193,195,200,253,162,136,9,152,142,143,147,153,58,155,323,244,89,127,171,179,128,164,129,118,125,100,107,111,111,88,134,129,88,149,136,96,161,85,95,84,114,140,75,111
20220308,6339,8994,4593,6976,8057,7326,3116,3692,2022,3819,2246,2480,1936,2733,2262,3917,2777,743,1289,1175,1085,1164,1481,1121,1010,1006,423,875,890,725,702,793,1308,746,908,690,694,666,722,878,568,874,761,517,34,713,724,599,1013,552,143,501,307,486,396,401,425,543,691,666,1126,446,494,384,535,335,364,480,401,306,228,215,417,322,300,239,294,283,371,304,336,423,267,211,233,766,284,209,118,247,279,209,200,292,217,291,204,194,162,251,175,206,200,272,230,196,247,215,205,224,166,149,4,149,157,160,146,180,61,148,235,189,95,119,153,133,138,195,91,145,121,100,122,137,102,132,130,123,102,123,81,112,201,82,74,92,124,124,62,99
20220309,6577,8964,4767,7812,9646,8787,3313,3726,2100,3898,2521,2649,1842,2907,2276,4033,3249,969,1295,1316,1149,1041,1474,1151,952,1201,403,949,839,746,791,721,1439,702,846,717,734,735,745,793,580,887,898,544,27,688,647,642,923,530,137,463,374,447,432,407,496,557,567,569,780,412,409,396,477,386,352,554,451,301,259,210,515,305,328,269,320,340,416,326,360,458,247,270,187,770,289,173,92,230,238,301,201,371,270,280,211,194,140,249,161,226,195,390,190,152,219,220,215,233,169,195,4,166,139,126,134,158,61,146,216,232,119,161,169,158,117,146,97,114,112,109,128,118,103,115,138,118,106,122,98,98,229,133,91,75,123,149,82,139
20220310,6839,9048,4822,7870,10702,9776,3297,3872,2149,3374,2393,2499,1810,2932,2351,4303,3508,990,1150,1412,1150,1100,1602,1227,951,1333,443,958,872,736,788,684,1697,828,941,737,719,742,821,793,644,879,758,562,39,965,578,631,965,575,123,456,346,433,461,380,465,619,576,717,931,394,425,391,448,334,396,487,444,289,333,196,467,309,339,259,297,305,406,310,330,412,262,274,310,1187,248,178,85,246,262,253,175,279,225,313,210,195,131,238,239,286,225,262,193,156,202,233,210,243,155,171,8,125,141,139,125,157,63,150,194,198,102,143,153,146,130,125,118,179,94,145,157,113,116,122,114,129,96,127,98,105,215,95,97,65,99,119,63,145
20220311,6964,9070,4631,9701,14043,12954,3261,3939,2178,3179,2252,2331,1833,2919,2177,3648,4239,1215,1064,1375,998,1059,1498,1326,823,1516,416,994,898,683,736,943,1675,777,826,674,743,692,711,800,555,928,740,732,33,1315,511,599,810,520,141,440,291,438,428,315,418,548,481,661,1216,395,372,364,488,328,361,430,382,285,230,209,437,283,293,264,304,275,307,303,327,446,217,318,231,773,235,188,77,234,221,243,214,261,248,220,195,195,156,249,171,179,193,247,191,147,182,188,198,204,173,195,9,142,145,141,119,145,53,144,190,215,68,159,154,117,112,152,113,153,107,164,108,104,108,129,126,121,114,118,84,105,168,113,122,64,135,148,84,114
20220312,5693,7529,3489,8228,12608,11822,2346,3294,1478,2079,1581,1847,1471,2208,1706,3473,3840,988,902,1085,675,862,1124,776,713,1256,435,784,714,608,584,488,1205,499,555,512,587,567,393,553,431,710,555,550,31,490,396,336,611,418,136,314,272,320,331,278,354,384,291,356,1279,324,336,295,324,256,285,420,273,230,249,191,271,257,207,250,199,178,188,171,143,246,175,206,196,692,139,186,68,208,219,130,147,194,132,175,121,139,145,187,146,143,159,145,168,165,161,168,104,116,134,157,7,138,103,112,102,124,30,121,210,87,65,95,119,85,84,96,72,110,96,168,77,57,147,72,108,108,71,107,81,66,134,76,87,67,111,100,62,57
20220313,5596,7752,3627,8590,13172,12286,2630,3259,1515,2042,1762,1984,1406,2201,1725,3579,4038,876,952,933,615,1036,1011,716,778,1248,403,817,996,608,563,530,1341,526,627,598,552,539,358,623,447,758,579,517,21,691,497,370,664,419,181,301,232,301,280,343,296,526,355,1094,1165,308,527,326,280,259,272,410,284,220,226,1593,286,268,177,277,296,207,186,134,501,259,198,232,259,633,194,151,56,176,183,85,145,177,129,208,101,139,124,209,124,169,136,157,149,138,179,162,107,115,140,191,9,125,109,110,119,132,53,137,334,96,78,76,145,114,101,98,67,118,104,158,82,49,150,99,58,91,75,89,81,62,88,91,69,77,108,108,62,55
20220314,7428,9745,5399,12711,18454,17060,3405,4468,2082,3582,2305,2377,1639,3104,2272,3780,6068,902,1181,1638,1030,1106,1493,1250,971,1803,510,931,836,716,706,675,1950,772,854,734,748,752,673,716,577,886,738,869,44,683,656,646,901,561,245,421,327,450,448,373,430,517,582,634,1372,376,419,414,522,312,392,472,427,293,280,257,425,306,303,284,380,284,327,346,352,484,231,204,221,787,258,177,60,231,201,267,178,253,303,331,168,162,124,181,191,234,177,278,195,381,216,225,206,267,195,227,10,168,182,114,128,152,85,204,219,190,86,137,189,215,119,159,92,172,128,185,142,93,124,145,122,107,117,111,88,96,122,91,82,78,121,110,97,133
20220315,7935,10407,5420,14316,21923,20201,3280,4817,2225,3553,2290,2459,1636,3470,2430,4060,6889,902,1218,1618,1075,1178,1538,1188,1024,2004,460,1178,881,736,957,707,2192,808,927,724,701,767,765,819,656,904,791,832,41,702,659,624,926,618,169,495,340,495,458,390,466,539,514,623,1563,431,437,431,445,384,381,512,388,321,299,210,494,372,343,302,323,269,331,400,318,424,295,271,181,1021,273,231,103,243,265,320,195,281,254,329,217,188,121,218,214,235,197,265,207,196,160,184,218,236,167,255,10,135,162,155,124,198,45,217,225,213,86,154,181,158,183,133,144,172,91,174,149,131,123,141,118,114,127,107,113,85,147,91,79,81,157,120,103,110
20220316,7942,10337,5370,13426,21433,20001,3352,4904,2289,3372,2407,2471,1591,3349,2472,4044,7166,947,1261,1638,1068,1194,1402,1163,911,1960,430,1161,803,799,847,714,2077,900,884,781,780,745,735,756,632,918,757,835,37,661,643,577,941,681,170,485,301,471,473,413,431,605,515,599,1587,415,414,398,438,340,412,556,421,311,278,209,510,290,291,263,339,298,285,427,365,437,264,200,191,790,247,215,109,320,218,288,178,249,230,327,184,204,152,238,150,293,195,306,171,194,204,199,203,239,177,292,4,185,165,123,147,180,39,183,213,188,96,186,155,153,146,200,157,178,104,205,104,132,133,105,124,153,114,126,113,91,115,112,84,83,143,119,77,147
20220317,7913,9817,5145,12836,20426,19063,3382,5013,2263,3353,2254,2348,1638,3350,2430,3788,7101,1128,1106,1722,1206,1121,1327,1140,899,2130,416,1097,888,737,732,660,2193,865,837,730,714,706,753,794,583,896,719,834,29,620,616,678,929,622,162,465,308,442,444,400,413,512,462,529,1490,392,451,370,499,321,340,504,350,255,303,184,478,352,290,312,398,260,267,324,339,479,434,244,207,766,247,191,119,222,211,260,167,272,222,348,197,164,168,241,141,220,174,268,167,173,194,196,173,205,155,256,8,170,114,151,187,194,60,155,215,192,88,140,160,152,138,164,119,157,113,192,122,141,169,93,104,108,140,104,97,94,95,98,73,95,128,127,58,129
20220318,7264,9423,4558,11705,20428,18435,2833,4251,2064,2856,2032,1952,1516,3073,1988,4181,7283,867,960,1533,1016,944,1123,950,780,1940,393,996,809,606,676,600,1958,849,769,663,817,738,548,796,590,793,710,882,24,590,525,592,897,609,207,472,308,414,376,449,359,514,471,481,1931,377,370,388,392,310,383,532,341,234,244,169,395,294,299,231,291,272,325,300,269,375,355,231,252,726,251,206,81,234,204,248,151,259,208,227,156,174,147,212,176,504,158,216,155,142,164,185,145,244,161,202,6,141,130,146,165,190,53,160,229,172,116,165,133,136,128,129,87,168,138,181,110,99,176,111,116,119,112,114,91,104,104,81,87,81,128,132,85,114
20220319,7963,9600,4265,11962,21676,19467,2459,3795,1648,2022,1776,1780,1204,2808,1741,4604,6501,609,780,1329,671,819,961,767,670,1924,488,931,639,473,637,476,1792,568,607,520,539,518,335,510,408,656,556,733,27,404,406,341,601,502,137,309,259,319,343,308,318,474,338,393,2570,273,357,315,300,306,259,392,323,285,196,130,261,223,206,262,259,196,164,168,141,244,246,183,283,717,136,156,71,217,197,125,144,169,128,178,91,142,130,184,145,182,133,142,133,105,141,125,106,102,161,226,5,112,110,87,131,112,37,107,167,101,112,56,114,94,89,95,66,133,97,198,98,75,206,66,87,85,84,96,60,92,87,81,72,69,130,90,64,57
20220320,7548,9718,4334,13308,23588,21391,2375,3922,1721,2027,1903,2214,1223,2784,1831,4523,7072,651,824,1292,693,884,962,784,676,2083,437,971,618,510,546,513,1947,642,502,558,551,538,379,735,405,806,555,930,19,469,441,348,694,499,169,336,249,358,293,277,348,540,312,404,2580,310,389,278,282,308,243,450,268,265,265,166,326,263,181,248,253,201,190,163,208,248,199,208,195,664,172,163,98,184,230,143,121,201,135,168,106,116,127,167,148,178,134,178,136,107,138,158,117,107,149,234,3,523,119,113,101,151,41,89,220,83,71,53,117,111,92,160,68,140,90,199,107,63,245,105,112,83,72,136,60,74,78,85,83,82,83,100,53,45
20220321,9805,11852,5610,17324,30262,27109,3162,5053,2217,3493,2515,2331,1720,3867,2653,4501,9516,931,1161,1859,1083,1125,1486,1082,941,2672,467,1261,834,707,780,608,2681,995,952,774,820,785,604,729,526,965,788,1309,31,642,599,620,960,641,191,485,311,490,402,451,401,514,508,486,2754,354,454,402,449,373,377,646,395,250,327,175,465,313,351,291,329,243,316,364,322,409,278,247,237,953,246,202,91,317,289,281,215,235,233,284,185,187,126,198,187,264,180,297,200,176,195,221,198,215,190,300,3,423,140,138,170,175,42,163,201,282,95,171,179,164,130,183,120,204,109,224,163,121,175,110,129,123,88,111,115,86,138,119,104,89,107,116,72,110
20220322,9541,12115,5995,20999,34475,31219,3042,5437,2198,3689,2376,2439,1859,3818,2619,4790,10063,1069,1339,1963,1151,1167,1684,1144,890,2811,524,1237,835,744,674,561,2904,991,965,840,655,811,785,723,582,1120,865,1184,28,725,624,647,983,672,150,515,332,472,454,444,353,694,506,441,2761,478,449,443,499,445,466,460,432,319,218,180,467,326,319,261,304,271,356,381,386,440,297,268,208,921,266,212,110,292,246,342,191,262,245,267,210,136,123,203,187,278,219,249,185,175,158,218,206,262,154,316,9,192,143,156,168,206,67,184,259,202,119,129,174,147,154,178,109,205,113,226,142,132,183,123,155,142,126,135,113,107,138,118,144,78,114,112,90,148
20220323,9787,11867,5755,20711,33198,30184,3191,5173,2045,3442,2614,2314,1913,3779,2662,4375,9556,1084,1270,1909,1042,1163,1466,1178,883,2852,415,1193,827,714,810,604,2760,1063,939,777,778,716,784,807,604,966,785,1374,41,651,621,611,1006,683,156,505,318,501,524,452,377,588,491,604,2633,527,435,390,435,316,489,519,434,296,320,202,456,351,289,280,277,303,304,362,376,448,218,215,198,929,305,224,117,307,271,292,154,302,213,284,192,215,129,254,213,291,177,292,151,151,159,184,199,235,153,294,5,134,134,171,149,178,58,215,294,220,103,135,157,167,156,189,102,197,87,217,100,124,224,127,129,144,133,130,102,113,120,110,124,90,137,109,73,128
20220324,9504,11925,6314,17581,30997,27347,3179,4770,2319,3632,2462,2402,1674,3739,2514,4138,10139,1145,1220,1912,1264,1068,1433,1208,986,2619,479,1236,808,749,783,711,2632,927,923,781,734,713,672,731,634,970,821,1149,46,656,585,936,1095,630,173,554,320,461,458,440,436,566,564,549,2654,488,471,411,468,384,422,551,419,301,300,164,580,329,274,283,341,318,323,415,368,451,260,284,198,844,284,224,100,264,228,279,227,240,227,242,195,225,126,236,196,242,209,207,164,140,169,232,168,231,173,320,1,135,142,135,149,156,50,159,259,155,124,162,159,194,180,139,107,147,192,242,145,111,238,331,145,147,108,131,108,100,124,104,86,92,109,143,71,131
20220325,8749,9387,5354,15422,27771,24572,2822,4655,1905,2963,2219,2145,1663,3245,2419,3793,8909,975,1022,1705,920,1157,1197,1133,864,2304,439,1137,758,708,718,537,2325,915,819,634,777,688,689,700,580,1013,709,1042,35,607,581,572,974,582,177,510,326,423,363,419,383,570,426,431,1971,466,457,364,491,383,405,504,376,269,284,160,381,290,298,240,287,301,277,338,326,355,237,237,209,714,227,225,103,283,291,209,199,203,232,200,147,174,123,240,138,192,181,259,194,165,154,217,196,219,215,225,3,128,144,131,143,156,46,150,170,186,136,131,134,141,129,144,99,160,141,228,105,90,186,163,112,114,114,119,100,85,139,97,93,70,124,115,64,111
20220326,7257,6287,4380,11968,22650,19844,2360,3477,1671,2068,1980,1794,1233,2638,1731,3379,7246,835,896,1336,654,864,981,857,669,1901,402,1112,607,478,553,794,1761,675,507,503,520,554,353,764,430,732,563,774,31,461,410,298,575,481,153,281,218,360,297,297,322,427,305,396,304,337,436,281,293,256,334,375,288,244,215,151,240,239,197,217,243,212,149,192,211,226,208,179,202,793,155,210,82,234,164,140,143,183,129,159,167,107,129,150,172,157,165,140,140,101,174,149,126,119,161,218,6,112,136,101,112,112,38,124,151,89,101,77,115,100,71,88,56,159,87,177,87,55,209,109,63,89,88,123,80,50,100,91,69,63,120,100,50,50
20220327,7243,6293,4435,13865,24252,21541,2228,3341,1775,2140,1906,1916,1350,2690,1888,3670,6895,1044,875,1371,788,898,1004,794,663,1769,389,990,635,532,596,602,1682,694,560,501,505,570,479,574,433,802,569,963,24,444,503,393,616,512,195,236,287,317,314,286,341,491,310,348,288,333,379,240,418,306,287,428,271,324,226,167,280,248,178,257,266,221,152,195,270,505,198,167,175,734,130,198,84,215,209,109,191,213,130,188,165,137,130,151,168,183,134,114,154,89,182,132,104,141,184,244,3,130,133,130,117,151,39,92,163,122,95,53,150,116,101,89,65,132,73,159,90,75,190,109,71,91,91,113,76,71,96,75,91,82,106,85,53,71
20220328,9219,8492,5783,21464,34654,30794,3093,4936,2162,3662,2471,2370,1730,3770,2545,4373,9552,895,1131,1838,915,1015,1432,1226,807,2517,428,1193,845,699,704,677,2469,975,856,724,749,789,714,700,583,1009,689,1151,40,688,622,584,1024,545,189,447,289,435,434,402,384,609,527,530,403,421,444,400,594,360,414,526,347,308,278,185,465,337,301,261,345,290,371,312,446,891,270,234,211,900,247,196,87,279,214,211,187,274,256,281,214,178,137,263,172,263,180,275,162,142,175,217,185,215,217,277,10,170,160,173,108,189,40,170,250,190,109,140,193,152,138,175,155,165,102,177,121,111,195,129,128,95,95,132,91,91,138,98,107,65,130,66,63,117
20220329,9202,8632,5717,20347,33319,29348,3324,4592,2116,3721,2496,2448,1738,3511,2630,4423,9635,923,1290,1900,964,1121,1534,1234,845,2432,410,1168,897,778,671,724,2596,984,878,835,758,755,970,767,693,1003,712,1022,29,677,649,600,941,665,198,547,340,536,429,452,446,573,552,477,376,386,485,439,534,341,400,568,448,378,297,147,534,325,351,299,325,301,367,354,399,708,325,292,210,911,277,234,75,281,262,242,311,299,257,297,246,171,140,625,153,291,191,307,182,146,162,230,174,217,181,296,5,176,188,557,162,191,67,173,241,195,118,146,191,188,141,189,110,173,123,238,108,120,210,120,148,97,105,109,109,96,164,103,106,73,114,87,64,121
20220330,9049,8649,5889,17490,29678,26010,3346,4494,2162,3676,2801,2399,1778,3405,2733,4472,8783,1121,1264,2020,1017,1300,1583,1195,885,2633,412,1178,918,872,878,657,2522,1254,984,810,770,734,850,807,636,1069,803,1065,41,1102,760,604,929,704,173,520,362,475,474,493,501,593,472,484,433,396,526,434,439,317,370,737,406,377,290,194,546,336,276,253,286,328,335,326,469,496,432,251,206,847,239,228,102,266,277,271,466,260,228,304,273,175,127,325,146,263,184,249,164,171,163,196,222,263,213,293,3,172,137,379,184,199,62,191,217,251,114,100,201,178,116,170,109,160,119,253,134,156,226,132,99,114,104,142,117,96,176,104,67,81,128,118,70,122
20220331,9059,8227,5350,19880,32448,28756,3054,4739,2148,3492,2608,2390,1990,3304,2537,4024,9388,1118,1270,1810,1035,1185,1542,1168,898,2501,700,1140,910,763,685,702,2533,953,943,734,890,756,798,801,627,972,838,888,39,825,656,591,1027,645,154,501,368,542,410,469,498,589,567,463,403,486,482,396,476,395,434,673,371,325,277,206,541,297,288,302,301,277,352,317,411,569,410,225,235,862,223,220,90,261,205,282,386,249,242,297,205,325,116,256,172,220,183,278,172,186,162,221,212,331,180,296,13,171,133,313,152,179,62,158,214,229,124,145,196,167,142,162,122,184,114,230,104,134,219,107,122,134,108,114,112,100,137,127,83,124,145,114,71,122
20220401,8401,7326,5386,18472,30565,26980,2857,4653,2111,2965,2244,1975,1752,3002,2251,3833,8485,1212,1156,1588,1053,1081,1359,1055,754,2276,832,1146,887,1020,686,605,2363,940,773,732,874,614,629,758,570,953,689,934,30,625,615,569,871,609,176,425,331,475,452,436,413,485,495,540,419,720,449,380,456,407,412,618,1110,302,299,289,443,284,270,249,281,298,297,302,332,422,295,215,192,705,276,202,109,226,249,208,252,301,223,223,181,202,107,229,167,232,182,259,177,154,88,152,175,371,195,266,3,158,110,139,150,167,66,135,220,165,130,127,177,140,116,151,73,171,118,319,118,133,186,99,91,126,204,133,98,112,143,116,69,92,110,172,59,101
20220402,7110,5775,4218,14888,25468,22506,2291,3587,1776,1879,1787,1663,1431,2466,1819,3543,7165,886,934,1244,611,810,946,770,652,1771,605,929,653,533,719,407,1733,697,576,510,700,482,424,492,434,761,586,671,32,530,372,333,607,502,149,266,236,370,299,292,333,499,290,482,263,436,400,298,305,275,338,550,1899,228,261,157,243,227,214,238,265,241,199,143,180,275,288,212,220,566,178,189,49,192,168,159,170,223,129,178,152,161,102,174,107,128,115,168,152,93,104,123,121,130,163,268,7,95,108,119,156,109,63,113,155,75,101,58,118,113,83,140,59,122,88,236,91,95,253,84,78,100,99,136,67,77,79,76,99,91,87,89,55,57
20220403,7223,6359,4544,13467,23819,21199,2362,3382,1796,2320,1884,1777,1263,2667,1898,3579,7260,915,904,1337,1127,876,1012,734,637,1805,541,943,699,548,651,479,1781,728,506,521,659,507,488,554,364,738,620,969,35,465,460,354,674,468,136,279,272,369,295,319,334,458,332,305,301,379,387,274,286,291,286,402,1026,250,243,161,267,198,207,213,249,230,197,177,198,282,206,193,184,618,160,189,63,203,231,142,206,245,98,208,142,142,106,152,149,184,163,105,153,72,137,136,119,121,168,227,2,133,139,129,143,130,38,129,153,81,95,130,137,146,92,121,96,119,111,247,91,78,253,96,53,107,97,207,78,67,102,58,69,74,115,97,61,75
20220404,9173,8499,5963,18633,32116,27614,3181,4842,2225,3294,2392,2434,1666,3520,2493,4082,9927,1015,1190,1910,1059,1118,1507,1093,854,2633,636,1125,896,701,853,576,2630,1006,782,751,798,738,775,1152,629,953,791,1090,51,825,621,597,933,633,161,462,361,471,440,487,433,590,503,448,394,520,497,440,423,374,381,641,1281,573,273,170,566,322,279,257,330,273,315,350,320,409,296,288,208,843,245,196,77,408,345,232,226,263,258,292,252,192,161,191,159,256,209,298,174,141,144,223,220,227,159,296,12,152,150,143,134,157,52,182,228,220,374,141,157,133,141,144,125,154,109,230,127,128,188,119,161,118,113,184,110,124,201,97,96,74,119,107,69,128
20220405,9291,8706,5563,19326,33243,28523,3146,5264,2369,3536,2444,2452,1737,3332,2531,4085,9684,947,1043,2006,1113,1141,1518,1180,832,2754,647,1324,821,748,830,615,2686,1045,919,740,748,742,733,932,686,954,689,1217,38,705,663,657,954,837,188,458,336,581,484,443,513,574,538,462,466,444,433,391,448,386,377,467,859,481,320,185,558,339,327,260,281,356,373,366,336,438,286,253,208,775,222,210,96,289,229,324,223,282,279,273,240,202,132,214,159,218,212,306,207,138,157,215,225,293,195,320,15,154,160,135,155,176,47,194,213,213,139,116,172,158,137,166,135,183,137,227,118,128,189,120,126,128,106,163,109,108,160,93,70,95,114,102,73,82
20220406,9651,8327,5650,18852,31033,27970,3108,5021,2380,3448,2931,2365,1719,3289,2519,3979,9237,1053,1495,2299,2930,1229,1616,1212,888,2685,548,1471,965,753,893,630,2667,984,959,788,801,782,790,882,639,1001,814,1158,37,761,642,747,909,700,162,514,336,574,434,449,463,626,580,509,502,682,461,444,529,377,411,611,601,313,313,228,480,298,364,257,320,326,421,423,395,448,273,292,225,688,229,235,99,288,240,363,209,290,265,286,240,253,125,236,176,259,208,300,194,2322,139,214,183,236,174,303,2,168,162,345,148,185,42,201,249,208,105,166,172,127,162,145,122,195,133,192,122,142,193,166,94,124,106,132,116,92,182,93,99,99,126,126,72,148
20220407,9263,8343,6435,20193,32752,29380,3066,4905,2441,3480,2773,2335,1693,3365,2469,3689,9077,926,1323,1998,1611,1151,1424,1141,847,2631,620,1323,865,794,798,604,2698,1107,912,732,855,822,729,797,766,955,773,1249,54,691,605,750,864,620,163,491,395,536,435,481,431,695,555,506,530,522,512,425,486,391,378,529,572,418,282,312,526,264,265,269,321,319,356,310,414,425,299,233,205,826,273,255,116,312,239,307,191,235,216,307,233,248,149,254,204,268,275,316,217,422,166,208,212,235,203,389,9,166,146,366,168,196,50,141,193,268,135,149,165,159,188,153,94,225,92,250,118,122,246,112,154,126,93,132,111,108,165,96,108,87,116,121,74,177
20220408,9085,7597,5660,18698,30474,27565,2893,4331,2385,3047,2509,2332,1562,3030,2411,3469,8507,930,1176,1844,1596,1231,1286,1052,894,2387,569,1163,822,716,806,716,2373,947,869,907,848,703,657,826,738,962,706,1100,34,708,551,645,799,584,208,382,349,510,418,488,384,621,444,511,679,460,456,399,419,396,402,501,472,360,293,272,405,357,295,322,332,309,335,268,345,344,276,232,259,696,212,252,117,293,229,305,194,309,231,290,200,246,145,223,148,199,197,276,195,171,146,269,189,232,196,295,3,904,120,186,165,190,51,160,182,164,115,163,131,131,147,194,115,196,122,237,96,131,222,110,139,139,103,135,121,89,105,109,127,106,105,122,83,141
20220409,7819,6028,4327,13695,24045,21323,2342,3400,1801,1970,2064,1748,1182,2458,1841,2958,6714,725,901,1461,834,916,883,841,656,2043,518,892,668,504,480,439,1843,736,622,532,635,628,422,646,447,651,618,552,29,506,411,386,644,495,207,320,293,345,287,333,300,461,251,364,579,408,400,319,323,307,369,405,362,300,210,233,266,260,188,251,256,184,225,149,207,250,186,188,249,575,160,175,90,205,161,143,126,158,128,200,120,160,114,159,141,171,177,133,151,103,130,107,236,95,151,232,10,146,129,124,99,149,43,132,155,86,107,84,111,100,139,134,69,163,95,172,98,78,321,88,51,102,69,157,71,61,85,61,101,80,100,109,78,59
20220410,7821,6226,4674,15111,25509,22828,2363,3439,1860,2251,2017,1910,1056,2751,1903,2930,6949,726,882,1370,693,928,886,881,693,2001,582,963,600,566,598,501,1940,713,461,569,597,566,472,601,488,685,612,433,23,468,414,382,576,508,157,320,350,355,322,276,331,383,320,322,359,507,415,344,309,277,349,332,331,264,215,146,258,231,196,225,286,209,250,137,205,249,237,201,254,622,156,215,69,215,210,129,142,164,113,147,125,154,118,149,138,203,151,136,1193,91,101,141,119,122,186,244,5,147,130,129,130,131,43,96,132,83,108,54,92,100,108,145,76,139,91,192,98,69,509,71,95,84,79,146,83,83,99,67,86,78,105,109,76,65
20220411,9176,8148,5918,20437,33610,29711,3000,4931,2315,3429,2419,2312,1311,3410,2735,3930,9327,890,1086,1909,975,1170,1343,1101,843,2693,613,1141,877,690,698,692,2720,985,865,756,832,732,851,715,731,914,734,572,33,719,599,679,872,632,171,419,347,487,454,470,392,527,499,484,501,538,569,409,425,454,418,632,455,313,257,132,418,286,296,307,337,333,328,349,331,422,219,293,283,773,266,228,86,278,245,250,197,303,255,287,200,165,97,219,172,212,173,259,278,142,132,169,204,231,363,256,10,175,158,147,132,194,36,168,175,190,132,139,140,151,202,187,118,175,120,181,120,97,254,108,128,163,116,129,112,141,152,88,100,104,128,100,46,122
20220412,8894,8059,5714,20679,33436,29860,3103,5048,2204,3367,2383,2257,1435,3407,2493,4165,9297,903,1144,1942,1138,1155,1352,1340,837,2711,644,1192,976,735,856,562,2685,911,850,800,769,740,830,649,685,968,717,634,41,753,579,628,974,671,181,484,320,497,471,459,392,594,482,540,505,422,447,487,471,392,411,584,442,328,291,143,435,331,307,263,357,299,311,328,350,427,246,302,318,727,229,201,96,291,228,236,160,287,207,273,225,171,153,699,215,213,186,231,174,158,135,170,197,223,193,245,4,182,140,123,121,178,60,190,186,206,122,122,178,157,164,163,138,223,121,171,109,115,240,122,177,140,132,159,167,98,116,100,114,76,119,107,59,104
20220413,8454,7716,5203,18102,29596,26885,2957,4654,2352,3241,2210,2009,1399,3296,2514,3897,9045,842,1214,1860,1022,1104,1265,1201,822,2455,536,1128,848,744,752,568,2440,1073,880,817,890,727,764,630,638,864,602,600,47,604,554,674,976,679,161,472,285,506,466,442,430,550,502,509,460,442,449,433,404,379,393,462,424,329,312,165,447,325,311,307,391,255,295,323,341,422,238,239,298,717,264,232,78,255,219,283,199,278,242,301,216,174,138,568,221,216,185,263,196,181,136,175,200,218,201,263,7,202,140,128,148,222,40,186,170,188,121,169,151,160,188,157,98,201,109,251,111,140,218,128,134,151,108,155,97,107,150,88,105,100,126,148,78,95
20220414,7753,6841,4802,16451,27716,25048,2698,4285,2263,2834,2437,1945,1257,2937,2234,3623,8495,773,1259,1668,933,1192,1210,1047,804,2347,525,1085,819,694,704,520,2340,990,933,809,829,624,704,674,695,746,658,613,32,576,487,638,823,595,141,478,332,475,454,420,364,563,432,492,436,692,465,369,368,392,431,444,421,293,272,186,346,264,306,245,293,271,268,233,350,359,222,247,295,744,244,261,84,245,266,241,189,218,187,264,192,162,106,267,161,229,184,189,214,234,111,176,146,187,161,261,6,167,135,146,124,165,89,157,260,205,114,137,151,118,127,133,103,185,127,227,101,125,234,107,92,106,96,128,91,88,105,103,100,82,113,128,59,113
20220415,7175,6328,4321,15278,25263,23060,2392,3621,2083,2403,2002,1902,1070,2551,2117,3432,7255,769,1182,1370,715,1148,1071,932,849,2018,596,938,777,628,725,499,1873,901,682,657,635,642,475,598,586,730,630,525,29,613,420,488,637,477,148,385,440,349,353,353,342,530,366,336,472,448,401,326,373,307,384,523,417,304,296,210,357,257,240,336,311,255,226,239,227,336,242,248,274,631,175,228,56,237,219,157,159,230,126,219,183,172,120,202,173,208,171,134,205,129,103,184,119,126,192,206,7,152,136,123,94,173,80,150,166,142,102,119,136,114,107,109,97,152,98,231,134,100,197,117,106,96,86,132,76,71,101,101,104,74,124,116,60,77
20220416,6910,5403,4153,13799,22787,20614,2041,3434,2147,1963,1800,1674,1028,2326,1771,3062,6261,606,978,1281,656,1010,951,753,825,1766,563,837,700,437,735,431,1621,736,516,536,630,546,388,538,443,596,507,392,29,490,384,372,554,462,451,294,386,331,327,308,372,460,300,299,410,342,352,292,272,306,339,416,320,262,289,213,295,211,190,262,286,191,157,131,174,258,187,206,282,578,133,197,61,163,189,116,196,188,125,149,150,170,140,197,147,148,164,89,186,92,94,145,96,72,183,220,1,138,108,115,131,134,40,115,139,86,89,74,93,92,101,97,66,309,82,196,79,61,190,78,88,95,65,135,95,85,94,101,84,59,124,93,49,40
20220417,6944,6215,4161,13440,23177,20851,2235,3767,2233,2069,1819,1749,1109,2490,1836,3295,6557,703,961,1202,699,937,1050,761,878,1848,566,860,621,570,525,402,1806,721,550,522,671,580,385,627,497,612,571,450,21,464,376,382,564,470,278,278,350,385,310,325,369,481,247,286,326,301,379,280,332,377,343,396,292,261,292,212,305,208,297,250,302,217,189,141,225,268,193,244,206,642,139,184,54,211,242,117,180,270,83,155,151,132,162,199,178,138,147,139,184,104,83,158,101,112,255,203,1,106,112,120,111,149,47,118,143,102,93,91,121,86,122,117,64,390,85,203,108,67,210,63,73,104,82,131,80,73,146,92,98,92,132,98,96,52
20220418,8634,7799,5076,19382,32112,28114,2616,4896,2652,3133,2264,2052,1238,3258,2225,3678,9152,1084,1046,1642,880,992,1347,1084,719,2343,641,1025,796,586,569,479,2260,876,705,639,743,702,620,634,651,889,709,573,42,579,564,550,785,565,235,431,364,401,397,363,362,512,397,310,408,354,414,332,413,360,367,480,386,281,326,214,383,304,270,240,305,250,271,235,300,363,252,251,238,709,170,179,68,195,248,189,167,304,190,297,202,169,141,189,183,252,185,207,230,203,134,259,174,227,204,267,7,125,120,125,126,159,56,230,181,152,100,113,156,112,131,114,103,517,145,238,126,114,202,98,100,124,128,137,95,84,136,90,98,91,150,110,80,104
20220419,8883,8590,5647,20523,33285,29118,2943,5053,2873,3423,2502,2489,1784,3425,2758,3861,9308,1121,1150,1928,1003,1093,1451,1173,893,2513,615,1142,837,713,717,574,2773,1078,845,743,819,797,747,761,764,936,742,712,36,777,796,670,850,581,175,500,346,477,439,420,416,598,459,480,506,447,430,394,533,385,382,502,445,305,338,287,425,338,307,301,403,316,329,258,379,461,279,234,241,699,287,211,73,279,203,319,178,325,240,306,374,176,153,192,174,300,188,188,250,180,170,175,189,240,181,276,7,148,185,129,129,168,59,186,181,194,103,145,152,161,168,149,109,610,109,225,157,149,208,142,98,135,128,148,102,85,181,142,94,63,129,108,75,89
20220420,11902,8965,5607,20630,32755,28800,2863,5144,2937,3462,2435,2532,1418,4289,2554,3888,9247,1241,1295,1726,1944,1064,1353,1171,891,2598,689,1108,847,780,773,589,2434,998,909,788,843,801,787,662,829,919,666,726,37,731,577,721,850,621,185,514,385,522,434,434,502,607,520,454,439,507,446,407,478,426,422,595,388,239,345,278,485,354,312,264,363,366,317,315,428,441,300,275,209,801,303,219,80,263,225,329,234,275,233,274,241,199,122,192,208,272,176,237,238,175,151,192,192,206,170,241,7,171,150,138,128,204,51,202,186,218,88,117,175,169,149,161,107,652,128,227,167,138,195,107,115,132,111,153,101,98,167,97,83,84,98,138,106,134
20220421,17200,8562,5679,20492,32653,28721,2803,5115,2799,3424,2417,2239,1291,3425,2430,3672,9422,1257,1158,1806,1090,1155,1449,1177,820,2481,640,1076,778,705,716,545,2395,956,818,749,833,736,729,781,821,893,728,701,35,670,627,644,848,535,192,487,334,464,398,482,539,601,499,498,455,530,490,426,487,354,417,577,319,316,278,292,552,305,328,278,317,319,307,281,299,462,254,273,218,761,217,232,102,310,208,271,268,269,271,268,220,195,141,171,198,276,223,280,251,180,173,180,163,197,179,281,9,160,152,140,147,228,57,166,188,196,87,113,158,134,172,132,106,565,92,204,165,131,224,132,104,162,102,164,112,118,150,129,105,69,127,144,62,126
20220422,8675,8003,5224,17659,29329,25529,2627,4677,2756,3117,2108,2185,1347,2911,2549,3574,8781,826,1103,1664,965,1204,1257,1002,750,2299,640,1014,980,666,689,548,2387,932,762,740,702,671,625,648,763,785,660,640,42,661,606,567,728,610,157,450,510,416,373,401,471,586,528,471,437,421,480,397,424,436,374,466,365,342,330,238,392,285,283,295,383,260,278,219,317,367,241,240,207,686,231,260,119,258,186,293,165,245,229,234,218,144,141,176,186,242,192,254,249,136,144,148,177,176,231,236,9,148,118,102,99,139,49,146,207,146,113,159,151,154,166,151,84,569,113,230,131,115,207,76,110,106,110,139,94,83,119,125,96,64,140,107,68,118
20220423,7263,6382,4281,14923,24821,21658,1989,3705,2002,2104,1815,1791,1087,2290,1788,3192,6839,1314,835,1241,605,727,863,786,703,1948,561,816,712,579,727,380,1817,684,514,585,590,550,371,533,529,556,642,425,24,478,372,362,697,459,124,285,324,321,307,365,303,424,259,361,310,292,357,430,299,313,270,403,278,273,234,156,266,218,274,209,243,210,193,114,400,230,205,196,191,732,128,186,69,205,199,145,146,149,132,200,115,122,124,157,114,179,166,134,221,97,139,164,101,115,203,221,5,127,96,100,77,134,90,106,133,62,74,66,127,82,99,126,82,433,92,205,127,57,159,95,75,80,116,150,69,66,78,89,76,72,129,76,65,58
20220424,7076,6622,4296,15142,24933,21755,2117,3609,2136,2113,1890,1778,971,2435,1774,3478,6740,1076,841,1250,639,876,899,877,654,1960,519,909,729,530,473,418,1864,717,458,542,604,618,438,603,536,726,616,474,26,461,426,410,669,472,134,279,375,428,360,280,326,476,256,388,339,266,371,346,284,320,296,458,275,255,217,109,364,229,423,300,340,164,251,154,273,232,212,189,178,726,166,164,74,199,174,134,164,202,155,173,127,134,120,136,111,168,159,146,209,79,113,164,118,113,179,261,6,137,108,114,136,156,88,114,134,88,56,54,133,114,96,119,62,425,110,227,104,65,169,67,82,125,99,132,78,74,103,85,103,63,131,90,66,48
20220425,9021,8577,5778,21789,34726,29990,2808,4897,2680,3307,2438,2773,1268,3392,2539,3675,9547,1266,1109,1715,1016,1104,1389,1150,903,2738,718,1057,870,653,579,648,2497,1134,891,801,773,741,655,595,666,862,695,660,28,599,546,657,850,566,211,475,404,463,438,411,422,593,509,467,450,410,471,434,414,374,395,542,325,320,301,235,554,313,294,262,327,341,321,265,402,403,231,234,236,813,232,212,70,226,256,229,168,327,181,283,213,169,116,183,180,285,164,275,228,150,152,168,171,222,177,272,7,160,151,139,99,177,46,152,163,198,100,127,176,174,137,154,114,665,118,223,154,97,190,105,124,107,135,134,107,86,140,85,158,73,109,145,83,130
20220426,8878,8863,5966,21465,34444,29926,3159,4981,2875,3487,2471,2270,1373,3189,2523,3720,9957,1505,1173,1836,991,1073,1437,1145,1150,3164,692,1044,880,715,635,593,2531,1711,899,769,730,741,812,749,752,926,773,704,36,700,634,693,903,582,213,492,394,500,392,443,429,551,545,440,521,401,485,414,498,411,403,554,381,302,311,293,455,293,300,338,351,344,390,280,466,418,279,276,284,733,291,183,81,258,190,265,177,293,217,274,268,180,145,209,185,255,236,250,196,144,144,209,195,216,224,265,4,174,135,142,145,204,53,165,200,217,96,121,164,140,127,146,118,617,134,204,150,113,219,108,125,116,105,133,102,85,134,111,173,89,134,148,101,139
20220427,8806,8536,5694,20937,34501,29538,2783,4989,2740,3591,2408,2328,1357,3292,2547,3737,9582,1253,1268,1864,1268,1187,1447,1144,978,2765,609,1106,831,718,655,606,2550,1335,918,726,772,719,724,731,716,933,701,755,33,742,607,694,857,588,240,460,370,463,407,416,399,577,558,424,435,446,548,444,594,423,447,508,423,333,304,303,431,279,316,264,364,286,357,281,382,672,247,291,267,935,257,227,87,275,222,263,212,273,240,297,468,227,129,213,203,280,229,266,210,192,157,220,178,208,247,271,7,189,140,138,138,165,75,152,159,182,100,201,165,136,132,133,123,654,99,204,155,110,215,109,83,144,121,149,118,107,118,99,91,80,132,132,71,105
20220428,8801,8402,5672,19987,33058,28696,3077,5148,2785,3391,2309,2287,1313,3362,2500,3626,9569,1069,1136,1810,1304,1102,1377,1163,956,2608,521,1102,879,683,724,617,2461,1079,915,785,773,714,787,781,680,942,696,712,32,699,551,672,859,643,166,539,369,491,446,418,386,463,525,481,463,512,506,413,428,353,406,429,392,341,275,258,466,320,357,241,375,305,349,295,356,435,230,304,220,873,223,201,93,315,229,324,157,253,257,292,253,215,156,265,172,234,238,258,153,170,159,195,160,217,182,288,9,187,179,142,110,214,56,198,201,175,78,220,186,146,112,157,123,649,116,247,143,106,211,142,123,141,112,135,108,91,154,111,109,91,112,139,75,126
20220429,7944,7858,5196,18250,29136,25683,2743,4619,2696,3025,2296,2060,1452,2968,2256,3146,8290,1338,1128,1679,1029,1097,1339,982,861,2274,592,1037,684,673,605,549,2160,1031,775,981,727,759,566,668,673,926,692,653,44,731,503,621,735,604,173,497,456,472,394,453,396,527,437,532,479,405,460,305,488,364,359,386,322,332,256,172,433,255,245,282,340,254,282,251,367,343,214,298,246,717,220,206,104,272,231,319,179,213,256,232,437,192,115,185,186,226,203,221,205,162,151,182,189,164,210,287,9,444,117,106,128,224,73,131,138,150,99,161,187,108,114,156,114,600,112,215,136,97,207,105,115,144,116,149,93,88,136,87,104,56,118,128,63,129
20220430,6950,6015,4247,12075,21757,18074,2230,3444,2129,1984,1935,1668,1071,2221,1724,2727,5964,759,892,1229,742,854,861,720,783,1811,555,840,604,449,497,422,608,780,559,655,629,516,384,513,567,625,511,670,34,645,408,334,561,494,174,278,365,364,328,318,278,383,276,326,394,294,364,265,321,400,316,440,283,905,225,253,313,181,173,248,265,168,162,120,253,254,155,213,226,598,135,181,62,209,210,162,157,156,101,135,243,148,121,146,117,135,155,120,173,81,115,142,94,82,210,229,6,257,122,114,105,134,90,107,73,82,80,69,118,60,85,131,71,460,97,190,80,72,173,66,47,121,81,125,77,73,82,55,125,67,100,113,71,56
20220501,6497,6168,4208,13164,22398,18485,2298,3374,2058,1971,1889,1630,960,2331,1655,3058,5584,1137,854,1342,666,868,893,720,826,1809,543,901,596,475,454,468,657,741,519,622,620,527,328,550,804,615,484,492,22,537,390,377,539,441,173,330,329,361,367,323,318,469,294,295,362,309,360,233,285,355,508,307,294,572,198,213,271,244,189,220,273,179,174,126,294,249,184,239,216,796,128,195,61,190,152,125,119,163,89,162,169,164,128,145,122,152,177,95,174,95,86,146,99,78,207,209,7,163,103,103,99,149,64,106,69,76,74,67,141,87,79,127,51,461,87,202,131,55,161,87,56,96,90,128,83,68,94,67,114,62,132,118,55,48
20220502,7600,7373,5407,18140,28917,24179,2818,4413,2572,2791,2148,1846,1027,3012,2267,3585,7312,1408,1066,1610,825,1165,1194,1150,897,2175,632,902,759,568,604,550,1099,985,716,747,709,597,659,629,832,770,635,627,34,580,472,631,731,535,219,409,364,447,458,360,349,513,436,398,407,451,438,286,381,398,496,430,315,645,241,273,320,274,292,267,283,241,256,267,312,313,218,244,236,703,209,236,95,274,419,224,157,246,144,220,239,174,158,178,150,227,222,188,169,146,116,159,151,175,193,229,6,189,174,125,139,180,52,152,126,154,86,120,129,109,103,130,95,611,106,217,198,103,183,96,113,124,122,129,119,76,118,67,98,85,80,164,108,104
20220503,8213,7924,4928,17951,28707,24873,2860,4613,2608,3236,2069,2020,1291,2936,2350,3334,7842,1056,1039,1794,933,1279,1214,1052,903,2229,603,1112,770,632,655,610,1099,1016,794,741,696,650,617,649,793,874,605,632,41,649,509,602,722,564,261,496,468,515,381,412,342,537,471,416,464,420,448,358,372,471,469,435,342,578,241,258,352,315,285,248,326,279,266,228,384,376,264,242,236,733,260,247,82,264,242,250,182,270,252,262,205,186,132,194,171,213,219,229,218,119,110,199,167,223,201,225,8,181,201,134,139,173,53,158,135,173,93,138,164,126,111,126,138,646,109,244,201,140,188,119,82,98,101,124,111,95,103,79,101,88,127,157,95,97
20220504,9447,8301,5595,18326,28990,25276,3260,4538,2761,3264,2398,2116,1306,3216,2499,3281,7954,1051,1072,1803,939,1887,1389,1174,892,2483,578,1078,781,681,735,593,1067,1058,870,813,765,680,674,719,937,840,628,607,46,687,616,602,798,517,226,459,328,482,410,423,433,569,443,468,435,443,549,359,415,352,415,414,366,525,275,2400,376,246,315,255,328,326,345,293,311,392,260,203,209,676,263,236,81,275,234,282,220,195,230,236,243,199,143,157,166,286,196,230,176,175,114,166,182,219,219,263,7,205,140,130,116,174,64,144,149,199,100,138,169,100,151,138,102,573,96,218,114,133,282,110,102,117,113,124,124,95,122,102,100,89,98,136,63,123
20220505,9220,8400,5480,20131,30536,27219,3113,4521,2871,3600,2446,2309,1470,3123,2581,3598,8111,1001,1040,1841,1115,1170,1460,1092,847,2310,572,1011,768,660,671,579,1128,1044,835,743,836,732,695,655,885,902,742,610,52,796,568,696,714,542,209,511,353,481,407,428,329,556,411,478,399,393,456,367,383,398,366,426,352,375,292,1397,369,304,356,254,346,345,287,309,332,371,218,212,262,724,252,198,95,276,261,257,168,240,224,254,201,173,140,208,215,280,228,216,230,180,93,202,162,188,231,298,9,179,164,85,124,174,51,163,146,193,78,163,154,143,148,138,125,640,119,225,153,129,194,98,123,118,105,141,81,122,144,112,94,86,126,157,103,107
20220506,9110,7713,4773,18429,28642,25017,2875,4251,2716,2976,2426,2020,1406,3003,2287,3108,7213,956,989,1586,930,1046,1396,1115,828,2226,604,1047,706,689,670,596,1000,889,752,761,800,663,606,642,803,930,635,531,35,597,544,615,758,580,133,454,337,444,414,410,322,511,422,580,397,412,475,311,421,332,391,422,367,304,389,446,345,299,270,231,301,271,260,287,290,395,265,216,204,680,206,181,77,235,235,222,170,227,177,183,167,140,130,243,165,193,193,219,182,157,117,152,189,177,223,256,4,190,166,138,137,195,37,142,126,171,111,135,158,90,135,133,94,531,118,224,174,100,183,89,72,127,96,123,105,91,156,83,77,204,116,151,89,133
20220507,7498,6147,3961,14217,23110,19867,2436,3472,2170,2005,1884,1751,1086,2444,1767,2691,5858,1406,815,1138,603,817,994,822,632,1737,548,847,715,471,508,488,690,595,484,477,587,486,361,563,567,648,516,411,24,481,359,388,515,434,122,383,308,400,276,308,298,409,219,322,306,320,402,286,258,279,327,343,279,298,200,265,289,180,213,254,255,167,152,155,131,244,195,169,180,518,160,204,53,211,190,134,161,134,128,126,127,161,139,183,128,188,134,134,161,81,111,128,112,128,155,152,2,91,119,90,131,131,58,105,98,83,72,124,92,78,84,128,100,439,99,221,101,72,176,70,65,101,83,131,74,50,97,66,85,121,110,114,62,65
20220508,6950,6012,4150,14439,23690,19966,2254,3444,1967,1952,1906,1775,1184,2519,1803,2960,5853,896,791,1183,880,821,886,719,725,1820,517,890,626,471,493,438,727,664,699,564,516,442,340,557,597,622,520,467,23,458,367,354,497,460,177,307,296,437,339,315,320,383,249,334,283,287,417,280,307,296,296,396,315,266,207,261,263,221,207,236,284,163,157,133,209,245,208,185,206,542,285,180,74,175,165,146,159,128,91,168,158,217,112,149,128,191,181,131,192,82,140,151,94,117,148,211,3,115,119,120,113,127,67,105,85,78,72,100,90,61,87,103,65,397,584,216,111,52,219,68,65,101,83,107,91,59,80,75,97,70,111,147,63,41
20220509,8878,8334,5204,20094,31668,27118,3139,4918,2749,3234,2334,2207,1447,3197,2382,3805,8400,991,1058,1716,1172,1140,1559,1132,774,2426,582,1084,777,605,678,740,1175,814,864,807,742,671,746,590,692,944,637,571,29,649,563,631,804,586,148,453,323,473,467,369,391,510,383,516,379,390,450,367,389,399,504,464,385,290,275,371,414,287,316,216,342,276,265,262,320,411,227,230,204,720,510,201,89,277,221,249,179,255,168,248,228,171,138,201,162,267,187,286,182,145,157,172,138,193,151,269,7,163,136,110,135,180,47,153,121,198,102,162,132,123,124,160,109,624,185,222,143,126,195,130,136,98,92,131,104,83,124,66,90,92,134,139,75,103
20220510,9002,8727,5592,20774,32252,27605,3291,5261,2745,3386,2327,2342,1715,3155,2538,3545,7988,1130,1078,1879,983,1091,1522,1178,840,2579,639,995,827,714,721,576,1230,872,1238,832,689,799,774,683,774,936,707,579,33,675,596,816,755,591,132,515,333,500,418,435,373,604,427,588,475,414,384,404,474,359,417,524,370,341,291,293,411,303,316,218,358,359,272,303,342,411,220,241,186,725,360,187,67,251,213,263,170,274,242,278,215,203,108,211,194,252,184,298,179,157,134,157,180,231,204,337,2,154,117,115,121,186,64,152,145,207,144,138,139,116,146,154,116,694,105,205,178,128,238,95,168,138,101,143,120,103,136,87,92,65,104,137,61,101
20220511,8906,8688,5667,20174,31637,26964,3092,5273,2738,3865,2747,2377,1620,3264,2777,4020,8305,1197,1126,1713,1029,1027,1365,1103,817,2449,590,1095,796,731,697,583,1154,958,1271,781,739,975,676,703,834,943,723,610,28,664,616,742,733,591,131,587,330,437,446,412,359,481,389,457,462,470,857,371,406,404,353,508,478,336,331,305,473,269,338,320,367,273,319,252,360,377,271,202,198,687,322,193,80,313,224,296,197,205,191,243,186,209,125,211,192,291,208,220,209,202,151,179,174,236,184,249,5,169,158,149,145,196,61,155,126,196,112,134,173,116,169,134,91,614,132,234,142,120,209,147,100,117,102,127,110,102,130,106,109,74,126,119,73,122
20220512,8647,8421,5541,20122,30448,25797,3175,5143,2599,3725,2455,2213,1644,3264,2552,5356,7783,1309,1068,1719,1072,991,1433,1168,846,2432,600,974,842,713,675,574,1082,913,907,732,723,1079,683,713,798,924,706,608,34,643,586,752,847,612,147,539,368,441,448,398,413,505,451,582,386,428,507,470,423,418,400,483,346,258,299,338,441,290,286,287,317,343,304,283,372,408,248,226,194,631,254,158,79,276,270,272,168,216,222,238,165,195,137,228,194,265,199,298,184,132,127,203,166,229,167,314,10,143,182,123,128,192,49,169,144,229,99,107,125,128,133,160,82,612,144,281,173,111,188,107,134,111,108,137,101,89,123,88,71,58,103,176,79,116
20220513,8098,7460,5158,18016,28641,23762,2912,4663,2468,3041,2087,1942,1546,2974,2382,4640,6598,1361,1078,1472,991,1013,1193,1017,779,2150,659,981,785,617,598,528,989,873,758,715,715,876,661,560,623,751,623,565,32,571,497,574,694,549,143,512,419,551,418,396,349,496,419,439,361,403,456,323,385,395,340,383,340,308,266,324,360,274,267,247,303,304,242,246,222,366,263,204,218,669,276,217,86,266,234,243,170,213,176,214,200,205,107,165,178,256,194,182,177,114,139,167,142,173,199,252,2,155,118,117,144,155,62,115,121,176,86,125,125,128,130,129,107,508,95,200,150,94,170,103,90,99,96,146,83,113,117,91,82,74,97,168,70,81
20220514,7345,5968,4325,13553,24067,19444,2438,3657,1895,1937,1699,1702,1199,2208,1720,3614,5969,883,794,1302,683,732,890,679,634,1899,555,819,610,481,453,498,630,701,497,547,531,776,397,454,515,570,497,380,27,393,384,344,478,399,141,288,362,303,259,288,345,436,300,327,306,250,354,231,304,326,290,396,209,280,206,239,296,200,183,210,243,199,168,138,203,266,216,177,187,540,190,184,70,192,145,116,167,152,118,132,115,137,101,142,171,126,134,117,188,67,125,98,94,65,175,227,5,96,124,75,113,131,65,78,90,107,75,80,106,105,104,99,69,361,78,228,129,56,158,50,54,105,67,100,71,46,85,72,60,51,106,100,57,61
20220515,7453,6313,4315,14418,24260,20197,2384,3693,1977,2113,1845,1874,1208,2377,1868,3500,6101,974,852,1369,551,809,848,815,667,1893,497,890,617,524,409,448,672,771,494,527,554,618,352,508,549,686,487,369,24,463,404,369,553,442,134,356,278,314,309,325,278,442,270,289,276,326,358,245,270,282,250,446,267,201,252,246,323,213,201,220,268,168,172,124,162,241,189,180,148,549,144,173,55,312,158,144,124,153,126,151,94,141,120,138,150,192,154,144,155,86,108,122,111,107,128,205,3,89,117,102,102,109,39,133,120,126,85,61,87,82,83,111,59,410,96,206,91,65,158,75,66,67,94,137,81,52,83,62,70,63,102,110,87,312
20220516,8948,8502,5803,21579,33824,28434,3027,5083,2747,3225,2305,2319,1612,3243,2416,4115,8460,1062,1074,1714,886,1025,1388,1141,864,2528,571,995,753,621,697,575,1238,945,819,726,816,800,697,618,719,1007,661,552,35,636,539,710,717,535,161,535,372,434,368,441,321,524,402,476,364,369,434,370,370,357,412,475,327,239,283,289,360,294,281,248,347,274,289,231,316,376,220,181,216,693,215,203,76,263,193,301,142,224,205,241,269,201,130,151,177,258,187,251,197,131,113,213,167,185,187,269,5,175,155,127,109,198,59,128,148,223,93,169,137,133,125,107,131,618,111,212,142,111,191,85,135,115,87,112,108,86,102,82,91,76,158,249,88,191
20220517,9114,8804,5809,20840,32861,28227,3117,4905,2828,3458,2501,2402,1676,3228,2619,4061,8970,1247,1216,1634,1034,1082,1371,1084,903,2422,590,1087,825,709,676,656,1226,939,863,770,731,817,730,633,753,1065,736,585,30,640,534,623,826,632,145,657,367,446,481,510,357,568,434,489,419,429,530,344,427,360,387,401,391,299,269,320,364,345,344,229,315,316,288,265,326,475,242,200,192,801,242,213,81,333,214,246,176,211,198,294,295,226,135,188,174,280,206,275,197,134,127,182,242,242,147,291,10,130,141,116,138,173,70,173,118,176,117,128,138,132,163,163,88,609,109,218,146,124,185,104,124,141,83,170,132,99,133,97,82,83,120,157,79,142
20220518,8856,8592,5504,19749,30527,26469,3089,5132,3007,3409,2405,2314,1612,3156,2460,3884,8556,1206,1071,1713,1086,1097,1364,1203,802,2436,571,1089,837,679,686,588,1114,878,877,748,675,793,790,728,610,1046,734,667,25,689,578,675,771,556,175,534,351,491,520,479,376,529,407,510,396,381,518,457,441,372,379,545,376,293,325,325,458,283,261,275,350,318,283,313,322,510,208,217,215,779,254,222,74,288,215,264,180,246,248,259,200,199,128,273,202,325,200,272,217,165,127,158,189,209,168,247,8,179,153,124,142,185,68,170,168,176,78,143,147,139,162,180,115,619,150,236,137,127,153,97,126,102,106,177,105,87,124,95,77,76,128,131,62,119
20220519,8539,8585,5615,16720,27231,23537,3327,5220,3023,3468,2391,2382,1577,3152,2464,3601,8209,1013,1115,1655,1033,1105,1542,1076,857,2468,602,1094,750,720,728,547,1164,1031,808,772,1045,858,754,882,719,847,782,670,41,616,585,678,745,595,180,531,366,496,505,427,365,505,478,598,425,433,493,349,442,375,404,477,344,300,292,301,379,299,311,235,340,275,331,278,298,372,256,342,194,720,250,222,85,271,230,297,197,268,265,257,188,178,116,254,170,293,222,256,212,136,141,222,185,168,178,240,4,147,150,125,149,167,58,174,163,158,85,120,176,158,124,113,103,558,128,278,152,125,186,89,110,124,125,136,108,114,125,132,99,82,150,144,67,107
20220520,8392,7754,5415,15029,25142,22190,3070,4613,2818,2914,2218,2280,1638,3229,2256,3265,7534,919,1187,1695,976,1028,1433,1090,825,2294,575,1042,831,759,635,571,1080,948,768,648,1003,678,664,714,608,708,658,550,38,622,567,557,733,556,203,442,300,516,555,385,368,445,373,535,392,448,490,422,414,356,405,503,343,265,274,322,384,318,272,247,355,295,234,215,319,342,251,252,211,616,220,200,97,246,221,242,166,205,207,197,194,166,166,165,178,213,210,245,185,127,124,156,180,187,140,253,1,134,116,138,126,184,58,155,124,170,104,143,128,137,108,156,77,533,112,266,133,109,163,115,113,151,154,219,105,81,114,108,92,81,122,123,64,104
20220521,7304,6010,4411,13940,23712,20135,2510,3540,2208,1913,1813,1818,2240,2428,1946,2978,6164,866,856,1307,660,845,1028,690,803,2016,517,853,577,556,464,427,655,686,469,459,645,545,352,511,480,596,525,426,21,460,434,361,489,478,196,330,268,378,439,284,316,421,228,383,264,963,375,244,381,318,280,425,294,282,240,242,251,197,169,215,260,221,185,132,207,274,246,193,185,579,177,200,66,213,197,135,182,176,136,150,145,155,133,135,110,176,161,140,176,86,114,103,94,79,135,210,3,137,123,109,150,141,37,84,98,68,107,79,88,79,156,122,76,396,140,398,129,62,171,76,76,116,118,140,64,67,82,68,87,96,107,154,44,60
20220522,7075,6512,4580,12149,21054,17873,2694,3610,2357,2165,1852,1736,1576,2431,1947,2881,5863,843,831,1360,761,928,1018,773,778,1822,481,814,652,534,378,450,677,706,464,465,561,540,362,591,482,638,506,372,32,432,442,347,528,410,208,366,267,395,399,305,280,399,257,358,223,313,368,290,288,302,273,330,296,266,207,224,245,222,193,216,238,176,213,157,181,247,222,131,184,533,143,189,63,200,205,125,169,159,98,156,112,132,130,126,168,180,144,126,135,64,112,141,90,70,140,266,2,105,124,127,125,140,38,91,102,104,66,58,78,75,106,94,81,429,112,254,109,58,150,72,71,77,102,117,65,62,77,91,79,82,106,130,90,50
20220523,8828,8800,5915,18226,28635,24770,3250,5288,3234,3367,2347,2241,1716,3120,2427,3285,8105,1041,1101,1810,965,1437,1474,1080,879,2650,630,1006,829,701,633,546,1164,1164,850,790,883,756,805,623,710,915,706,565,36,698,622,647,789,557,380,494,324,507,512,377,359,565,430,453,395,421,476,430,435,371,434,476,358,311,281,334,518,321,259,266,366,255,308,287,366,417,201,199,187,662,261,207,92,265,214,248,176,216,254,198,311,165,154,181,169,306,181,223,170,137,148,188,209,176,169,284,10,159,140,149,117,166,47,151,171,149,103,108,137,122,143,149,99,647,99,211,143,119,272,100,107,114,101,146,116,97,138,108,101,75,147,112,68,93
20220524,9022,9104,5841,18619,29115,25388,3329,5305,3237,3296,2412,2308,1896,3117,2458,3053,8126,1275,1030,1804,995,1287,1445,1118,828,2593,556,1082,827,739,642,582,1170,1024,893,715,841,779,750,689,795,904,703,616,38,610,539,724,857,627,248,481,358,481,508,403,344,511,433,449,424,432,551,354,432,377,472,465,344,305,282,345,400,319,310,270,326,267,311,269,394,391,280,211,202,652,253,220,78,264,333,220,193,220,202,254,374,177,125,169,227,257,246,216,175,145,172,165,186,215,183,292,10,144,126,126,148,199,163,160,138,181,96,163,148,138,152,158,134,665,110,218,169,118,205,107,122,131,91,156,99,123,104,78,78,101,123,106,85,134
20220525,8573,8827,5353,17641,28353,24542,3294,5185,3017,3351,2325,2250,1680,3116,2616,3068,8100,1125,1158,1706,970,1363,1443,1046,984,2499,571,1196,860,757,798,625,1086,927,831,748,731,834,643,714,711,950,626,663,48,690,578,642,848,564,190,502,342,525,531,423,347,594,1253,484,426,418,473,402,455,343,458,452,297,346,309,296,376,317,263,270,297,281,258,286,321,379,315,230,204,669,240,252,89,278,315,249,148,228,198,232,278,188,116,155,241,268,184,260,181,159,115,185,171,208,211,318,3,150,135,148,139,151,78,139,166,154,85,144,150,142,142,132,126,601,113,230,180,120,136,163,114,107,119,155,96,108,126,92,105,79,99,122,85,103
20220526,8509,8259,5440,17855,28342,24640,2781,4919,2777,2937,2428,2207,1692,3058,2425,3095,7666,988,1074,1629,827,1221,1261,1117,838,2405,580,1053,745,659,588,558,1066,1365,792,972,739,692,682,582,749,859,608,575,35,547,562,576,736,543,167,455,374,439,440,368,356,445,570,496,446,371,421,340,423,316,366,443,359,350,257,406,333,291,273,225,316,260,277,258,273,390,264,211,202,569,229,208,82,209,220,211,174,210,192,235,175,185,134,211,203,192,198,213,163,148,135,175,196,183,166,242,10,438,118,137,141,141,36,119,128,157,110,119,123,178,111,131,93,604,132,227,136,134,150,117,120,115,139,192,93,79,124,85,101,77,122,159,79,102
20220527,8153,7543,5113,17682,27418,23722,2820,4670,2911,3263,2113,2153,1378,2821,2281,3009,7104,1025,990,1547,828,1132,1100,1022,805,2227,564,1010,676,624,561,587,952,738,654,742,724,673,579,574,608,708,553,461,27,524,513,509,600,615,255,432,386,449,388,406,378,468,409,490,337,363,380,326,396,354,399,395,309,321,226,533,314,231,281,259,335,255,199,230,262,342,257,215,250,591,220,223,98,257,209,226,178,218,198,247,150,117,132,703,154,197,167,189,238,134,175,152,187,187,199,211,5,307,110,94,136,155,46,112,112,150,106,119,126,114,135,141,105,569,114,192,98,104,146,116,93,114,123,130,92,90,192,77,86,79,104,111,50,80
20220528,7875,6064,4234,13389,22126,18952,2333,3792,2250,1929,2014,1752,1052,2354,1748,2463,5662,847,919,1087,605,863,992,716,735,1920,479,846,519,478,449,455,622,508,415,851,637,579,298,548,494,607,526,348,27,438,401,315,500,480,184,307,276,351,328,318,446,354,272,328,278,327,328,212,282,300,295,445,233,283,214,332,205,223,155,202,289,160,152,156,198,216,216,181,185,518,166,180,66,152,175,124,227,144,106,143,130,109,141,161,102,150,132,114,131,77,120,140,101,106,142,179,2,173,105,71,112,125,29,93,118,71,77,61,70,68,101,99,54,377,79,230,106,58,113,53,60,79,84,158,102,67,246,83,108,75,68,122,41,41
20220529,7164,6444,4462,12840,21450,18199,2307,3795,2308,2024,1799,1691,1073,2410,1771,2386,5534,784,823,1148,565,907,910,649,743,2037,516,863,548,482,467,485,620,564,435,621,499,573,375,487,501,653,466,398,26,417,344,331,540,491,130,267,221,445,311,283,336,380,252,285,271,319,371,218,254,292,260,395,263,620,229,275,203,221,177,201,304,186,166,146,161,257,202,174,172,466,152,189,82,191,212,126,175,144,76,158,125,144,125,190,134,168,133,103,158,68,117,129,154,98,146,254,9,170,108,118,146,93,61,102,112,79,94,52,115,79,72,123,55,482,108,208,114,55,129,81,90,83,97,119,121,68,74,72,101,75,94,81,45,38
20220530,8406,8457,5701,19568,30476,26633,2891,5074,2878,2768,2198,2017,1236,2955,2395,2930,8393,977,983,1626,879,1111,1207,1010,937,2745,502,1004,727,610,668,547,1115,675,624,741,607,756,575,596,712,852,511,524,36,584,560,585,734,634,157,366,385,777,415,390,365,535,431,408,318,424,419,401,395,357,379,520,287,438,254,348,347,261,244,251,379,257,215,300,303,328,231,205,185,564,231,209,89,281,223,269,186,165,179,238,184,141,197,186,162,212,173,215,214,86,160,168,164,156,175,303,9,179,137,153,135,132,48,125,138,149,90,123,151,104,116,172,79,606,82,227,123,102,144,91,98,127,98,157,124,107,97,110,98,89,93,107,81,82
20220531,8720,9306,5590,19649,31052,27223,3005,5236,3048,3094,2300,2235,1333,3145,2567,2919,8657,1112,1308,1725,1069,1165,1437,1063,869,2784,497,1138,666,672,654,631,1230,878,794,787,738,796,743,642,679,923,628,548,30,631,649,707,791,587,145,451,337,479,471,411,410,538,475,415,387,398,501,353,375,353,362,483,357,483,274,253,362,298,297,268,335,293,271,234,326,317,272,220,160,633,281,195,81,281,193,265,204,198,220,206,180,202,183,184,184,247,177,254,189,190,131,185,200,191,166,233,8,186,152,135,147,114,47,133,133,188,86,130,155,131,125,172,109,691,85,224,148,116,269,112,103,125,108,126,131,94,142,131,97,102,111,113,84,106
20220601,8716,8801,5686,19103,30823,27519,3071,4938,3069,3102,2602,2210,1150,3080,2582,2811,8587,1088,1179,1718,1043,1151,1302,1041,952,2755,514,1132,771,665,673,608,1168,781,848,935,698,740,785,696,743,1012,580,597,29,571,589,654,760,636,158,393,353,479,404,441,352,469,521,372,459,405,470,365,382,377,405,465,305,294,266,236,365,291,291,246,337,307,266,255,319,394,274,227,227,685,284,214,82,257,191,229,168,216,185,274,239,197,188,175,194,223,159,220,166,125,133,164,164,162,186,280,8,193,161,135,146,147,75,136,136,197,84,136,153,176,141,142,99,574,111,218,170,113,164,102,106,106,100,144,105,102,162,82,91,73,111,124,45,110
20220602,8427,8578,5597,18683,30447,26479,2759,4789,3107,2944,2434,2122,1222,2917,2535,2773,8889,1092,982,1638,943,1086,1253,1026,901,2380,455,1153,760,655,642,607,1185,847,737,794,663,709,693,606,771,988,568,624,31,562,591,670,677,659,145,432,348,491,392,364,375,466,437,464,452,431,543,522,392,423,450,420,395,350,285,283,349,299,287,256,342,241,225,304,325,403,202,234,161,668,242,171,78,266,195,272,208,206,233,224,199,173,150,168,196,281,172,249,208,133,144,200,218,196,182,267,10,155,136,142,123,157,50,145,121,176,115,89,117,110,133,133,126,596,101,222,183,136,149,104,131,105,90,168,105,76,92,89,105,78,89,150,60,101
20220603,7840,8533,5134,16574,26893,23882,2761,4256,2909,2727,2766,2097,1182,2699,2314,2522,7658,977,954,1463,862,1006,1073,940,875,2182,518,964,693,580,604,608,1031,825,692,668,599,737,626,590,689,999,535,531,32,606,483,532,695,548,183,409,387,444,364,374,321,473,370,406,363,366,442,325,368,363,385,455,301,331,271,245,331,263,231,258,285,244,233,240,273,358,236,200,211,596,234,177,65,275,265,231,235,186,179,203,182,160,142,185,176,197,151,239,208,126,119,151,168,151,170,227,2,161,141,119,112,159,41,118,123,138,110,122,109,106,136,136,119,508,97,182,149,97,131,90,121,94,91,128,108,71,95,85,106,74,105,116,72,75
20220604,7461,6464,4209,13457,22593,19734,2073,3408,2241,1748,1888,1754,877,2242,1674,2119,6173,846,823,1202,600,806,804,663,731,1964,686,831,616,446,498,444,641,523,463,494,509,552,346,505,443,723,532,363,30,399,365,323,440,470,159,259,308,353,299,255,271,331,275,302,247,299,328,276,277,327,263,357,279,293,201,219,429,185,179,179,210,181,148,155,164,244,164,145,157,480,134,175,68,138,178,152,121,126,100,138,160,145,129,131,115,142,125,152,146,80,116,136,92,97,128,183,6,123,119,123,107,112,32,105,89,83,77,82,109,98,90,80,80,411,52,216,119,64,145,57,65,93,90,107,74,69,75,97,63,74,136,85,61,41
20220605,7149,6236,5445,12352,22705,18877,2115,3417,2292,1813,1873,1832,889,3404,2120,2116,6528,1121,833,1169,591,786,912,690,821,1828,576,936,637,482,457,516,681,628,426,511,502,525,353,450,409,720,543,412,36,450,392,336,488,494,154,251,288,374,359,289,253,329,203,296,291,299,334,303,246,331,299,341,221,271,272,211,198,182,191,246,254,209,162,167,177,215,202,163,197,524,157,193,83,188,167,126,127,149,123,136,123,141,146,153,114,143,156,117,129,75,104,149,95,88,156,215,4,107,120,134,99,89,43,143,101,86,68,64,89,76,93,97,66,428,97,202,166,52,169,84,64,83,75,145,69,50,102,59,78,74,105,138,40,54
20220606,8540,8342,6769,18675,31670,26511,2677,4874,3101,2989,2234,2178,1255,4046,2704,2461,8418,994,1057,1821,887,1008,1197,1031,989,2435,638,1294,662,624,551,574,1025,1048,716,784,630,761,663,774,574,1021,618,581,44,723,568,560,757,669,189,427,311,534,389,396,347,498,435,395,360,438,410,341,373,393,328,450,328,330,281,267,442,280,280,248,374,244,265,261,272,362,220,218,209,523,221,192,77,1041,189,216,180,201,201,251,243,151,176,176,129,213,160,230,217,120,157,179,153,175,165,260,2,160,136,135,144,142,37,139,150,147,92,135,148,99,129,124,88,616,86,220,168,89,158,98,111,119,94,150,111,95,109,82,96,89,147,101,46,101
20220607,8715,8778,6873,17895,30600,25654,2818,4915,3017,3199,2288,2433,1162,4092,2687,2512,8327,1042,1161,1974,1061,1034,1302,1063,889,2532,573,1538,694,768,907,591,1264,1098,807,807,680,737,736,761,705,1114,695,561,24,720,612,656,777,750,206,449,384,520,460,458,433,567,514,563,439,519,438,364,407,388,456,461,322,348,335,310,369,309,310,263,340,265,279,327,370,405,273,222,216,548,254,208,86,973,242,259,213,222,225,226,265,203,163,155,149,235,163,255,190,142,184,193,189,191,157,273,6,146,148,152,151,186,60,155,196,183,103,134,139,166,124,130,110,563,95,215,147,117,141,124,106,92,82,115,106,107,123,116,83,66,97,95,85,125
20220608,8637,8704,7064,14845,27766,22753,2767,5115,3164,3283,2279,2171,1210,4390,2531,3016,8673,1310,1152,2008,1195,1153,1244,1068,1028,2558,653,1278,820,736,759,629,1193,966,805,718,720,739,711,662,837,1099,535,544,46,621,627,716,835,737,165,460,367,491,480,387,359,460,457,414,393,431,431,393,380,426,420,491,352,300,311,311,362,357,263,262,314,295,315,314,256,388,233,233,239,560,257,201,88,283,218,277,170,220,235,240,204,169,116,215,185,269,187,245,215,366,178,159,185,200,139,238,8,136,140,144,111,190,45,132,161,192,79,134,147,157,149,135,116,635,96,188,142,123,178,105,100,105,107,136,108,102,115,99,86,92,127,131,55,108
20220609,8510,8215,6479,15203,27545,22818,2877,4706,2794,3088,2218,2033,1252,4159,2477,2576,8287,1058,1088,1704,1051,1098,1164,1059,883,2421,574,1286,773,701,861,596,1148,894,678,790,686,730,701,657,887,981,646,614,25,590,566,597,734,628,195,498,342,516,483,466,311,444,434,392,434,405,434,375,384,406,399,456,342,295,312,277,361,378,266,280,331,293,262,310,271,331,208,195,174,534,246,227,90,302,230,279,152,242,200,248,181,219,129,168,162,189,155,242,175,227,242,162,170,160,173,251,6,161,121,143,104,187,51,139,147,209,81,126,141,137,146,191,92,615,99,198,206,111,132,117,102,84,89,136,125,95,114,96,79,72,110,111,62,124
20220610,7826,7310,6040,13766,25885,21182,2731,4357,2860,2895,1994,2153,1169,3610,2233,2246,7808,1058,1443,1514,914,1040,1045,937,857,2263,529,1269,699,659,701,533,1040,714,694,633,598,693,635,673,760,842,488,525,35,569,501,590,619,634,151,463,293,506,433,432,350,422,401,437,370,407,387,304,379,306,374,376,320,346,294,286,336,305,257,261,296,270,285,238,251,303,241,220,205,523,197,210,97,289,157,268,196,221,185,197,165,169,161,164,131,250,162,206,147,165,133,128,184,175,171,239,7,148,148,140,135,124,47,119,122,156,92,108,126,117,146,131,93,582,94,175,195,120,148,114,107,90,88,110,129,91,102,108,70,91,94,128,54,97
20220611,7037,6056,5323,11281,21230,17379,2239,3322,2676,1794,1720,1637,986,3351,1669,2456,6023,838,976,1126,596,784,784,589,722,1717,552,902,564,430,496,401,584,570,427,473,496,529,344,463,530,631,453,363,23,393,396,341,481,524,118,271,259,371,641,288,294,367,200,262,257,288,289,274,225,294,352,338,230,292,226,247,198,208,199,185,221,180,200,132,182,198,185,137,187,458,124,171,72,192,176,122,149,171,128,127,123,159,130,155,101,151,130,102,165,84,141,132,90,114,137,185,8,108,127,93,98,135,35,87,117,74,87,59,87,81,94,98,58,450,94,189,112,60,131,86,83,101,98,98,67,58,86,71,63,57,98,136,54,53
20220612,7251,6286,5644,11453,21323,17346,2293,3632,2259,1987,1881,1772,835,3171,1846,2534,6020,920,1015,1267,657,806,864,683,779,1858,555,956,617,548,470,438,675,658,404,467,493,616,402,502,462,717,483,338,81,398,427,360,447,510,146,256,248,330,372,316,322,447,227,266,232,279,343,229,272,255,295,293,248,277,214,628,249,208,205,207,217,205,202,182,173,207,211,197,173,396,118,181,79,182,192,112,162,148,124,136,110,145,124,120,151,144,135,111,163,77,120,137,91,224,141,177,5,132,114,96,119,123,51,134,116,73,79,53,86,94,124,90,50,436,97,217,127,45,144,82,75,102,81,106,76,67,72,85,86,71,119,130,66,46
20220613,8435,8615,6467,17038,29271,24881,2828,4722,3032,3590,2243,2148,1158,3899,2497,4215,8442,1293,1215,1787,891,995,1207,938,945,2508,653,1169,813,627,709,623,1213,874,737,688,601,808,778,539,580,992,519,507,258,568,640,673,810,641,136,383,327,459,440,410,286,444,395,375,353,388,352,337,384,357,356,399,349,289,305,788,343,280,212,247,338,256,281,266,331,335,214,183,187,567,199,188,112,296,191,247,137,209,189,225,187,169,171,186,131,194,175,242,196,108,199,188,190,271,185,239,10,164,138,147,121,171,63,120,115,174,102,102,137,143,144,149,101,633,108,182,161,123,154,91,101,118,92,113,101,101,103,85,87,70,111,125,73,95
20220614,8798,8782,6381,17565,29703,25144,2982,5023,3041,3247,2410,2274,1217,3663,2657,3819,8449,1355,1213,1814,869,1316,1323,1021,884,2544,535,1160,910,683,670,561,1142,845,770,697,660,758,706,649,707,973,608,575,346,579,668,652,809,631,147,577,313,473,407,363,369,438,444,346,384,395,507,405,381,407,374,522,341,335,272,345,463,309,314,264,316,267,318,285,282,323,259,194,186,525,244,211,111,268,175,239,200,236,196,261,213,179,157,174,159,266,146,238,176,160,190,170,189,229,187,215,9,119,146,140,155,159,62,196,145,198,121,79,116,135,149,162,89,672,132,255,164,133,171,96,123,99,103,114,114,88,111,91,100,81,134,192,59,117
20220615,8750,8860,6635,18291,31606,26698,2983,4933,3050,3418,2477,2290,1218,4129,2579,3820,8954,1253,1064,1704,935,1047,1370,1014,891,2437,577,1140,929,663,743,562,1219,851,757,736,694,682,669,674,741,966,627,688,299,588,694,672,826,691,140,494,453,504,379,437,333,396,480,424,337,405,430,345,445,415,428,476,332,358,313,264,352,285,322,404,298,310,274,292,342,362,253,212,181,509,217,227,93,239,234,273,193,209,212,239,230,160,169,165,170,259,163,229,213,165,175,173,177,301,170,223,4,149,155,179,106,154,50,184,199,189,104,186,129,127,124,158,108,626,95,239,173,129,196,126,121,155,112,148,92,114,90,81,88,66,104,138,66,110
20220616,8905,8324,6158,17084,29619,24919,2974,4819,2906,3089,2373,2146,1169,4076,2516,3069,8177,1139,1130,1607,856,1131,1142,1047,858,2428,618,1137,715,611,692,573,1188,921,752,722,655,687,734,616,724,929,573,555,296,609,625,712,698,623,130,465,331,485,390,388,463,444,467,366,358,410,442,303,418,398,376,565,3090,399,260,163,362,314,270,302,303,262,329,279,346,307,264,200,220,485,187,172,114,348,252,222,207,214,191,232,194,151,158,189,158,208,149,244,196,172,205,156,184,171,193,207,4,150,119,198,154,162,48,135,110,166,97,95,94,116,114,136,92,607,92,222,169,101,178,114,102,87,119,107,84,108,104,82,82,67,107,128,61,91
20220617,8142,7345,6191,15567,28258,23432,2851,4412,2551,2783,2229,2031,1129,3782,2237,2940,8082,1004,1037,1638,942,994,1017,1036,804,2194,582,1069,686,596,695,494,1043,774,691,579,604,690,589,628,664,874,556,521,438,526,568,483,674,582,169,414,286,432,362,433,421,372,420,341,351,461,352,300,368,372,347,423,506,359,295,262,308,470,242,269,328,202,217,211,301,276,274,201,219,491,237,162,82,310,190,228,213,180,173,176,203,159,157,327,170,182,143,158,173,138,175,164,140,182,192,231,6,122,118,160,136,149,84,137,123,130,117,114,57,80,121,139,92,529,94,219,163,88,167,121,102,95,113,111,98,106,89,72,81,85,74,161,96,82
20220618,7136,6324,5359,12661,23172,18810,2116,3761,2128,1888,1858,1722,913,3246,1841,3406,5993,817,809,1188,650,948,729,731,686,1965,508,912,662,483,511,443,644,536,415,449,538,623,356,468,475,672,452,410,419,399,410,353,584,502,114,266,278,335,294,304,275,430,219,296,296,339,353,341,221,260,302,360,296,234,251,227,188,225,189,244,269,171,119,170,133,210,207,168,219,416,198,173,62,168,163,114,148,165,109,137,108,141,147,123,123,133,119,132,155,91,150,122,121,112,151,198,1,121,114,119,116,117,56,104,104,75,95,56,81,64,87,133,60,388,72,234,134,63,169,67,88,75,108,423,73,79,107,63,83,61,109,114,65,34
20220619,7088,6421,5417,12930,23387,19041,2104,3560,2233,1878,1948,1881,896,3305,1817,3552,6353,741,768,1174,641,893,787,713,701,2021,536,932,648,474,468,663,701,551,487,489,527,557,349,465,447,661,447,402,383,412,374,309,512,472,158,251,241,310,288,325,300,448,272,255,267,294,322,667,216,264,273,307,302,294,260,235,193,178,182,195,252,165,170,165,157,200,199,136,286,422,148,173,94,200,161,92,165,173,91,118,116,174,137,131,136,162,152,144,163,105,100,144,122,97,169,192,6,86,117,121,117,129,47,94,99,69,70,57,79,71,114,110,66,461,70,241,102,74,155,87,59,95,104,178,70,79,178,77,63,51,105,104,70,42
20220620,8560,8786,6137,18552,31929,27233,2723,4991,2981,2839,2296,2363,1251,5966,2533,3416,9059,863,1044,1617,907,1244,1168,1047,853,2497,571,1052,826,704,689,1975,1137,873,691,748,625,785,658,619,729,986,656,522,462,532,596,602,712,644,129,513,351,392,359,412,316,495,441,328,343,377,395,414,391,363,350,424,421,351,306,245,320,276,231,263,293,240,243,261,291,326,281,297,204,526,213,238,103,257,183,242,158,225,182,235,192,200,130,169,197,222,163,239,162,144,196,202,183,232,187,265,9,210,151,147,119,155,49,139,105,163,80,145,128,98,144,135,148,632,108,253,113,100,197,96,89,105,100,131,105,87,119,101,95,80,112,122,102,67
20220621,9119,9058,6823,18064,32084,26254,2849,5000,3103,3241,2373,2270,1049,5092,2562,3056,8349,1004,1051,1720,869,1125,1229,1048,924,2736,647,1077,827,685,999,1396,1205,896,773,771,800,807,699,655,833,971,595,545,519,530,572,633,802,638,168,481,297,460,374,341,386,498,417,434,385,435,382,340,364,330,390,561,450,299,289,253,314,330,320,218,316,308,247,334,288,323,255,289,195,534,253,207,102,278,204,310,134,233,206,198,212,194,127,155,199,236,173,197,195,153,161,177,200,211,146,200,2,181,148,171,130,187,51,163,134,189,95,115,122,120,122,133,128,622,110,231,154,118,184,110,138,119,96,137,118,104,124,111,98,81,126,116,66,95
20220622,8573,8684,6296,16670,28516,23302,2716,5009,3952,3101,2437,2265,1072,3732,2660,2901,7076,965,1138,1771,833,1129,1164,1051,861,2609,562,1329,727,719,769,695,1289,1050,838,754,806,747,701,726,726,934,685,764,549,603,561,703,754,688,270,592,372,460,424,469,391,469,445,384,602,412,388,363,356,393,536,552,394,336,249,243,310,315,275,256,345,289,270,242,349,343,209,225,226,547,235,234,74,252,204,263,168,214,208,259,227,184,142,166,159,270,194,242,191,181,194,163,173,216,179,243,7,171,126,133,102,173,41,152,127,204,107,116,150,101,130,138,91,628,111,259,151,128,133,124,124,101,120,131,96,112,131,81,98,71,131,152,86,90
20220623,8196,8452,6291,14285,24836,19865,2979,4718,4269,3098,2261,2022,1108,3611,2538,2727,6268,932,1026,1982,837,1159,1098,1106,775,2414,612,1198,727,687,682,645,1069,1034,859,707,817,729,652,622,745,880,556,1505,480,581,558,627,663,642,262,593,403,474,391,462,356,417,407,354,793,423,428,349,357,409,914,503,358,286,267,214,320,296,290,264,343,245,262,289,277,392,260,181,217,506,236,242,67,266,238,248,174,176,215,268,303,155,148,170,169,223,176,231,181,153,158,178,212,219,155,202,8,159,130,131,121,144,39,144,113,175,94,130,120,124,122,97,109,630,106,264,139,111,123,115,102,119,90,121,102,91,105,88,115,75,141,102,61,87
20220624,7770,6882,5808,13294,23573,18633,2506,4139,4044,2704,2654,1958,1045,3183,2063,2598,5641,1045,1014,1741,870,1120,1034,902,693,2225,541,1114,845,544,634,595,1013,1144,703,627,665,660,577,503,579,825,642,1260,454,525,563,574,609,558,231,464,438,421,325,403,313,359,409,345,768,410,354,262,316,343,749,496,349,302,227,237,271,246,242,224,285,240,233,201,238,307,190,167,210,453,214,229,89,219,164,201,163,207,199,223,258,184,121,154,177,176,143,212,170,118,136,156,199,186,162,178,4,168,118,116,113,180,44,131,99,178,76,121,83,82,104,151,108,296,94,227,135,102,131,97,112,89,88,97,93,85,74,92,86,66,94,108,61,104
20220625,7043,5728,5615,10741,20816,16174,2127,3060,2633,1910,1980,1650,911,2777,1623,2114,5017,719,697,1429,521,786,756,730,702,1768,506,1035,644,468,530,435,672,805,443,446,582,482,334,447,442,660,508,713,381,409,388,355,494,466,184,312,391,283,286,307,268,416,263,276,465,314,316,202,278,300,459,363,245,237,186,244,286,216,222,241,258,153,138,147,160,232,157,150,170,369,144,160,57,148,145,120,117,164,94,126,104,165,123,107,122,153,121,117,129,71,119,117,124,93,153,162,2,113,82,116,95,113,23,106,74,86,102,51,84,91,86,77,68,127,85,281,80,60,157,60,62,67,89,109,81,67,71,69,67,65,60,98,53,38
20220626,8385,6285,5223,11199,19593,16388,2311,3132,2483,1825,2145,1809,870,2839,1628,2300,5009,771,748,1509,512,807,741,684,829,1863,521,1060,595,534,507,808,717,937,440,488,662,561,335,504,472,705,497,501,458,432,382,360,503,596,137,313,256,340,256,363,466,441,247,252,400,363,345,236,262,305,410,342,202,210,213,336,217,179,206,407,320,172,173,131,185,197,180,165,192,386,147,150,49,164,182,114,192,163,150,130,118,168,145,149,125,140,150,132,132,104,147,150,113,110,134,169,5,112,114,107,119,130,39,80,687,79,133,50,57,77,73,115,112,145,108,281,93,55,135,56,83,117,75,112,76,49,49,62,93,69,106,106,62,41
20220627,10151,8160,6384,16317,26577,23289,2837,4428,3557,2874,2753,2226,1117,3224,2819,2785,7192,904,1028,2002,831,1012,1111,1031,887,2506,591,1331,698,575,672,675,1216,1180,866,737,705,724,702,559,711,802,614,831,476,536,573,597,667,779,194,519,381,453,313,390,414,450,408,341,600,415,384,313,428,391,613,504,311,247,273,340,396,304,272,299,303,216,286,250,320,395,206,184,257,521,206,196,85,239,226,254,212,213,207,237,171,180,123,146,208,250,169,226,185,118,165,142,189,187,152,217,4,171,122,171,148,193,46,170,297,162,87,99,125,97,131,120,320,201,113,279,124,144,186,96,106,112,90,138,102,93,132,80,124,85,93,119,57,77
20220628,8533,8269,6126,14102,25381,20770,2990,4451,3771,2898,2315,2213,1241,3329,2753,2530,6803,875,976,1830,962,1029,1054,1020,816,2639,684,1223,735,641,993,616,1353,899,760,650,723,758,814,600,750,805,543,1098,527,623,561,614,711,641,147,591,505,421,346,418,394,443,382,427,547,447,398,311,383,417,514,418,305,316,267,306,442,279,286,300,319,271,247,275,302,432,212,233,208,521,231,174,95,272,193,248,211,166,218,243,275,196,133,144,172,212,186,251,187,151,164,175,202,244,196,241,10,137,131,148,120,165,44,109,138,172,113,129,146,124,148,123,268,228,97,289,151,100,148,103,111,125,101,112,112,130,121,73,123,67,124,162,42,83
20220629,8830,8189,5822,13558,26037,21288,2902,4495,3323,2914,2043,2322,1209,3265,2496,2645,7519,790,959,1685,909,1023,1106,998,775,2544,837,1149,901,620,963,607,1150,863,893,708,664,717,648,556,718,879,569,735,530,569,626,632,710,598,187,468,328,506,389,392,435,439,459,411,456,409,402,333,409,400,652,429,336,288,238,262,382,257,242,267,307,263,266,217,325,510,199,163,462,542,220,186,114,248,218,249,186,175,236,224,183,225,132,511,174,259,151,227,193,119,137,181,186,201,167,229,4,146,159,145,104,160,45,152,123,155,101,127,116,123,136,105,150,211,79,310,173,107,127,94,102,85,148,142,160,94,93,103,264,82,98,122,73,104
20220630,8375,7316,6005,13718,25176,20428,2948,4409,2919,2711,2009,2270,1186,3284,2148,2763,6198,774,948,1738,890,1013,994,1093,784,2500,781,1117,819,599,892,516,1179,1000,761,685,689,736,685,538,713,811,480,655,417,451,560,588,707,607,158,465,320,482,326,469,399,469,398,944,496,353,374,328,370,361,485,370,312,315,295,333,322,294,291,265,345,289,220,240,290,480,207,157,391,496,220,198,217,273,195,225,185,205,198,238,172,198,111,218,175,224,144,231,193,146,148,181,181,215,161,242,5,182,143,121,111,185,55,160,128,149,109,153,153,137,125,133,117,205,126,393,128,111,149,160,88,102,116,152,121,83,88,63,146,67,101,146,50,91
20220701,7595,6863,5722,11405,22586,18669,2350,3952,2727,2319,1859,1843,1117,2993,2120,2353,6732,1001,877,1809,750,1026,824,856,754,2339,892,1074,753,548,833,492,1033,1106,762,568,564,705,559,505,606,751,473,569,464,432,459,498,639,561,200,397,291,394,291,337,408,337,376,662,398,350,348,291,255,345,416,472,267,257,267,295,309,295,216,233,285,216,176,214,212,303,217,147,242,372,194,187,190,191,171,243,173,177,156,179,197,195,150,175,118,164,156,275,161,142,119,155,176,179,130,165,2,107,110,132,108,164,42,139,93,148,116,95,151,82,123,100,76,132,82,262,119,76,148,111,89,87,105,140,90,68,74,66,99,72,73,97,48,82
20220702,7185,5551,5361,9884,19887,16191,2177,3144,2048,1457,1656,1714,896,2667,1646,1954,5442,1995,690,1448,551,757,708,587,676,1964,1019,974,569,441,568,354,643,953,446,412,460,469,426,451,520,638,471,377,414,335,350,294,443,437,132,256,289,323,268,296,366,298,240,376,277,276,344,268,214,278,412,306,228,249,220,253,175,167,151,187,256,164,123,165,229,209,185,130,201,300,113,185,135,190,134,90,153,101,89,161,141,178,137,113,112,119,140,116,137,87,145,131,102,87,129,177,4,124,93,88,97,118,36,96,98,73,97,67,71,80,73,107,68,141,71,266,99,58,111,74,54,115,92,111,85,60,61,46,80,66,95,165,44,33
20220703,7187,5615,5077,9802,19436,15844,2256,2993,1989,1640,1662,1644,827,2516,1557,2115,5313,865,777,1397,504,766,629,626,707,1901,801,1003,563,403,539,348,592,945,389,461,484,444,433,443,525,603,450,372,428,388,365,289,405,479,126,257,250,303,254,268,342,289,215,242,253,307,316,215,207,256,347,387,250,261,219,225,203,179,138,210,244,154,152,141,161,222,195,120,199,395,129,155,155,155,157,80,166,139,91,120,109,153,139,144,137,129,128,117,143,59,1010,143,91,97,142,148,3,97,114,88,80,94,34,88,102,104,101,47,114,86,67,109,82,127,74,302,112,63,135,99,83,81,117,122,78,54,116,79,91,70,114,131,44,43
20220704,8381,7355,6204,13851,24488,19950,2917,4100,2277,2537,1919,2239,1144,3193,2112,2417,6041,1048,1127,1750,697,861,922,937,787,2451,697,1097,649,574,646,561,1012,1063,723,602,605,633,676,529,640,760,605,555,474,429,574,559,551,550,162,456,255,446,361,383,319,386,377,337,419,360,379,298,321,397,426,378,222,246,260,290,468,273,221,230,312,272,214,225,225,293,210,179,197,441,205,181,124,234,171,213,169,161,168,160,136,159,119,161,167,199,144,227,199,98,449,180,140,192,149,186,7,124,83,129,143,147,35,118,115,112,109,79,212,153,94,104,135,118,87,377,140,100,123,85,147,108,124,175,97,87,104,96,75,70,143,110,44,58
20220705,8492,7975,6107,13915,24593,20174,3351,4341,2419,2686,2104,2003,1129,3168,2358,2327,6385,1087,1035,1840,869,1102,1019,954,2962,2668,652,1118,704,657,956,568,1143,1194,723,663,680,654,802,548,601,830,518,603,478,605,601,581,654,572,383,477,329,516,374,369,386,462,423,522,432,425,380,341,329,395,409,516,271,291,258,488,409,305,227,287,304,253,265,288,329,335,230,271,217,490,210,192,124,200,223,236,165,182,203,223,196,176,150,164,137,229,149,254,180,122,223,150,166,238,195,172,7,128,118,119,116,159,61,132,123,180,123,128,158,105,134,107,116,154,93,302,146,134,110,115,135,99,124,138,99,95,163,90,98,70,134,128,70,115
20220706,8392,8008,6907,13529,24245,19705,3158,4410,2686,2816,2071,1995,1120,3167,2308,2371,6207,1381,1080,1965,1048,1149,1099,1171,1596,2568,639,1177,743,725,739,641,1229,1196,914,669,740,666,717,578,662,855,593,599,523,550,600,603,678,617,1353,504,322,520,402,370,373,428,465,539,437,447,402,327,349,368,508,514,282,301,277,299,472,273,268,330,321,275,199,253,313,313,182,325,264,421,219,197,138,250,188,299,177,188,222,208,192,193,148,155,200,201,186,264,205,141,211,170,205,203,160,206,4,203,123,123,121,168,55,140,129,154,147,112,136,125,134,149,95,167,91,214,164,129,129,122,138,120,144,152,95,119,104,91,101,75,140,124,55,101
20220707,8239,7675,5783,13621,24173,19478,3034,4418,2602,2794,2008,1973,1113,3054,2406,2431,5977,1397,1076,1611,934,975,962,1075,1567,2313,631,1091,687,624,737,532,1194,879,786,774,658,675,638,505,726,800,523,641,522,514,593,647,633,578,1263,491,325,505,344,417,421,459,445,441,416,425,404,326,306,631,499,422,286,285,274,298,431,332,268,324,312,324,248,279,258,314,212,248,332,411,265,187,105,238,242,309,149,192,225,225,174,175,147,171,152,176,163,329,207,353,188,171,176,224,214,194,10,212,128,109,118,183,78,181,131,193,152,137,120,123,116,127,117,200,106,281,142,117,114,137,124,114,119,139,115,135,101,101,104,85,100,134,49,115
20220708,7593,7278,5322,12606,22920,18480,2982,4068,2268,2352,1922,1761,1122,2879,1968,2172,5846,1643,956,1352,967,946,866,859,841,2189,609,1023,646,582,624,540,1062,775,714,610,733,547,552,435,584,740,518,520,447,439,469,559,605,516,741,428,317,454,302,337,426,406,367,427,377,418,415,316,281,345,399,401,273,271,251,252,372,314,224,273,277,222,252,218,223,279,195,196,304,370,172,204,148,239,226,243,168,146,212,206,153,152,123,170,156,143,158,204,180,161,134,135,172,177,146,141,7,146,106,136,98,141,53,96,111,135,162,127,128,109,140,91,108,167,104,286,99,107,132,98,113,92,124,162,87,103,100,82,101,77,80,115,70,86
20220709,7097,5783,5253,9318,18267,14173,2494,3195,1766,1690,1574,1611,893,2797,1415,1740,4443,1323,720,1179,637,854,638,628,693,1725,545,845,570,419,492,425,673,588,427,468,543,456,347,376,476,554,461,347,347,356,402,334,490,440,723,238,295,354,251,243,429,350,215,395,258,350,334,188,189,299,315,282,233,219,202,231,270,179,171,193,214,172,169,141,131,160,209,161,229,359,140,173,142,157,165,137,138,125,82,117,89,136,197,125,141,118,173,81,148,91,128,150,109,88,114,160,4,111,104,68,100,105,37,102,86,79,170,56,74,80,98,105,84,139,92,231,129,55,111,73,63,71,83,147,63,56,85,69,98,78,69,99,65,50
20220710,6863,5705,4486,7695,17014,12825,2243,3005,1873,1779,1556,1545,792,2653,1544,1814,4893,1388,760,1116,658,815,623,724,752,1656,640,872,539,498,463,381,657,606,431,483,633,454,344,365,474,588,470,331,379,370,360,351,431,445,731,242,253,356,307,300,341,385,252,401,300,321,342,268,237,310,334,268,250,253,243,222,276,216,480,226,236,190,196,148,144,202,209,192,209,392,156,151,106,162,186,134,181,131,170,105,93,137,188,172,121,111,134,100,157,98,181,123,139,87,111,163,1,136,96,111,92,121,30,94,80,86,140,57,80,68,96,77,70,141,100,282,113,60,118,76,69,92,91,134,77,69,84,75,95,46,111,114,49,35
20220711,8959,7841,6237,13633,25384,20706,3073,4208,2457,2664,1894,2071,1115,3239,2017,2160,6606,1981,1053,1855,823,1045,1014,1054,763,2226,605,1099,692,614,671,585,1116,1112,814,622,813,625,617,516,635,788,490,542,524,448,536,610,647,632,954,432,356,539,312,429,411,416,394,462,413,381,379,324,259,379,378,374,250,278,236,259,383,285,316,308,255,264,278,258,247,271,260,260,272,488,188,202,110,212,243,223,182,226,210,229,149,163,362,153,167,165,192,247,180,143,144,144,196,205,147,185,6,156,125,127,117,163,54,138,138,165,139,91,128,119,115,129,87,174,117,250,138,97,127,136,93,108,90,137,97,104,121,85,100,81,95,166,73,83
20220712,8661,7997,6006,14069,25184,19887,2896,4550,2436,2914,1918,2074,1146,3313,2112,2336,6408,1698,1070,1911,892,988,1043,1023,839,2320,596,1157,682,590,633,547,1120,1165,788,583,720,619,786,517,759,888,605,641,461,503,530,589,768,588,594,450,365,494,352,418,358,399,447,434,420,369,386,291,354,620,366,481,328,283,306,246,331,316,257,259,272,288,268,290,297,269,198,254,265,413,222,192,83,251,204,225,186,189,188,235,166,194,165,169,158,208,202,276,197,142,170,131,191,221,154,161,9,147,112,116,124,139,49,129,102,225,134,115,140,138,116,108,104,177,97,288,125,123,151,141,91,100,97,188,91,101,103,114,92,90,92,142,49,127
20220713,8980,7793,6216,14230,25227,20020,2736,4480,2458,3058,2024,2146,1112,3631,2178,2366,6176,1658,1097,2025,1034,1052,1038,1076,863,2264,1182,1111,706,631,700,675,1146,1192,825,705,741,630,715,572,703,1019,577,580,561,481,591,619,713,548,465,625,327,449,399,421,426,427,460,445,399,622,375,316,396,381,395,447,329,295,325,253,453,268,256,268,384,282,287,272,226,319,195,254,222,463,230,181,134,243,195,268,154,222,227,221,187,158,170,606,193,163,193,289,154,178,172,154,201,183,175,170,6,157,123,139,160,149,41,152,133,184,182,112,155,149,122,87,119,167,111,278,129,109,127,113,115,148,83,170,124,102,105,72,100,81,113,123,60,115
20220714,8873,7587,6289,14613,25904,20542,2876,4592,2634,2928,2102,2268,1153,3535,2251,2308,6431,2593,1013,2067,1109,1132,1039,1150,897,2322,2506,1223,618,670,651,609,1272,1170,785,701,599,685,655,1309,657,862,596,596,512,485,599,605,687,634,398,489,354,475,420,416,434,512,452,451,443,374,404,349,385,360,375,441,287,287,285,296,393,336,270,283,316,255,296,245,248,317,215,274,275,422,226,180,112,213,189,243,163,174,189,236,148,185,167,631,162,216,149,276,194,160,176,162,228,183,320,196,4,159,121,147,116,198,43,135,122,184,147,136,133,136,121,106,124,197,119,266,131,135,134,132,108,154,91,158,104,93,103,96,108,71,132,149,80,87
20220715,8127,20495,6296,12532,23237,18248,2718,4461,2519,2408,2015,2002,1108,3225,1989,2120,5999,1599,941,1782,982,1144,938,907,809,2117,2203,1139,649,597,551,618,1050,1184,756,630,672,654,645,512,558,841,554,576,460,433,503,569,728,582,375,445,347,426,343,366,431,517,359,403,417,373,378,292,298,318,415,449,248,273,282,218,300,270,244,266,270,275,258,189,278,235,174,258,477,423,169,196,125,236,188,194,192,173,200,196,250,141,158,190,157,206,179,203,202,142,156,168,197,108,152,147,2,170,120,110,134,155,55,96,98,135,138,124,148,139,94,98,101,138,91,249,148,92,127,106,97,121,85,174,142,88,124,76,101,73,112,89,62,82
20220716,7075,6353,5219,7372,17192,12532,2186,4536,2460,2208,1975,1714,1054,2964,1893,1798,4923,1611,841,1319,609,836,658,653,728,1790,1773,838,523,451,451,406,652,802,464,519,580,516,321,437,531,722,507,333,380,373,360,353,488,453,315,257,305,406,265,285,345,394,219,291,295,426,395,222,208,282,280,359,238,255,211,197,206,210,170,272,268,185,271,153,178,173,194,173,436,296,134,186,92,148,161,124,160,131,117,130,141,123,175,151,155,103,122,126,203,80,141,96,157,75,126,138,3,110,94,79,80,123,44,106,80,53,89,67,87,86,106,101,69,121,96,191,114,51,128,73,64,96,73,234,68,68,68,69,81,37,104,102,43,39
20220717,6996,5952,5101,7458,17266,12677,2334,3526,2320,1985,1744,1738,1067,3010,1566,2142,5105,1474,851,1229,592,962,774,667,734,1785,1718,934,531,407,533,430,678,831,457,521,554,494,332,411,755,754,464,388,419,398,394,356,453,428,345,288,276,327,339,297,291,370,224,338,306,411,340,267,218,256,328,331,207,532,248,208,228,216,204,269,230,185,183,134,156,168,213,146,314,339,120,212,101,131,188,124,130,106,96,139,144,158,162,137,107,144,135,186,185,68,139,127,142,74,144,172,5,113,94,78,78,125,33,88,99,80,96,65,91,126,106,93,79,120,105,173,106,63,125,81,68,99,76,136,68,48,71,88,84,33,102,112,67,54
20220718,8686,7974,6387,10571,22437,17066,3153,4739,2390,3112,2040,2152,1119,3531,2329,2715,7147,1596,1031,1794,822,1061,1056,1000,893,2383,1337,1155,660,631,640,582,1089,1045,829,704,803,665,724,506,748,1027,559,511,524,497,512,593,732,623,586,505,384,475,408,430,418,478,445,408,349,489,399,386,343,392,375,430,307,310,275,259,449,280,263,280,290,313,313,249,260,306,191,209,348,450,250,206,121,242,245,237,199,188,193,199,153,162,180,182,179,187,170,265,225,146,171,144,244,160,143,202,3,126,135,125,156,168,59,144,136,209,118,119,135,167,131,129,114,161,84,254,110,108,158,98,113,96,84,177,106,95,140,77,104,68,109,104,59,89
20220719,8644,7656,6534,10124,22127,17236,2842,4788,2391,2974,2014,2213,1242,3568,2154,2832,7457,1379,1174,1802,924,1074,1189,1037,799,2319,996,1173,628,689,607,562,1209,1082,778,603,735,786,686,527,608,968,594,503,472,463,505,531,709,606,405,506,342,424,387,375,408,447,425,432,340,491,432,390,373,332,425,509,323,291,273,256,453,320,257,343,326,275,266,251,287,274,207,170,279,418,223,227,100,242,232,258,148,160,240,211,156,216,176,180,168,215,169,320,236,141,165,186,221,150,140,197,10,144,118,117,105,178,42,158,120,232,143,111,125,126,139,151,99,188,99,160,148,131,149,107,117,85,98,135,110,113,103,70,92,74,105,138,59,99
20220720,9058,7546,6353,8589,20535,15568,2776,4841,2687,3079,2091,2300,1184,3356,2434,2412,7287,6741,1086,1916,998,1157,1070,1017,864,2325,848,1277,680,646,658,554,1170,1089,781,622,731,826,732,571,614,951,634,558,554,538,540,656,677,631,429,555,337,415,375,446,400,437,438,467,389,478,476,427,350,313,356,448,335,260,300,272,394,281,232,398,314,283,235,295,268,294,230,312,262,498,244,219,97,266,237,223,164,169,202,216,168,201,319,181,151,196,221,234,246,135,162,143,239,231,164,172,4,158,123,101,115,139,33,139,122,170,118,149,132,131,112,97,127,169,110,193,157,108,147,117,126,105,89,140,81,108,107,94,107,79,115,120,83,96
20220721,9646,8904,6792,8586,20175,15198,3091,5258,2842,2890,2134,2375,1215,3491,2311,2230,6741,5391,953,1784,916,1143,1006,1086,772,2396,818,1224,724,647,762,628,1169,1058,785,651,757,760,742,528,592,1007,554,532,527,509,555,666,786,650,418,435,373,411,388,457,506,475,396,489,388,592,453,386,365,350,400,453,268,306,319,249,306,267,254,470,312,259,281,280,253,292,265,202,240,517,226,183,89,239,236,283,204,192,212,202,149,191,193,179,187,203,201,267,220,163,185,108,211,205,118,176,7,168,127,129,154,169,62,151,115,158,104,102,132,145,114,111,100,185,120,177,161,109,132,77,124,107,98,121,112,100,90,78,96,82,101,97,43,119
20220722,9299,7047,6607,9157,20039,15291,3117,4844,2551,2500,1999,2137,1083,3670,2178,2284,6130,1876,906,1933,899,1047,951,970,761,2229,871,1110,630,613,1528,543,1077,1064,753,583,720,717,595,484,587,832,538,482,557,495,504,527,674,563,454,394,364,475,568,420,483,425,364,366,351,402,308,434,377,356,381,382,279,330,273,204,318,305,232,351,307,260,237,231,233,310,201,263,219,436,238,183,72,238,190,259,148,194,163,192,155,151,171,168,165,163,194,169,196,135,150,143,187,133,151,210,5,154,124,106,119,167,56,113,123,141,132,119,109,114,117,120,115,181,94,248,96,101,138,129,117,116,84,123,85,88,105,106,101,53,125,112,57,82
20220723,8730,6100,5451,8186,18050,13630,2483,4155,2568,1790,1638,1828,891,2959,1748,1862,4714,1622,816,1608,694,871,821,676,753,1881,777,1061,595,452,643,412,678,877,443,489,576,639,412,410,450,619,510,390,462,355,352,331,437,468,338,255,309,409,347,279,372,397,243,325,329,417,373,239,241,303,371,289,234,251,191,221,206,213,185,257,259,148,226,159,166,199,208,258,211,335,138,168,85,127,157,141,152,141,118,113,136,141,168,146,159,149,150,128,164,93,128,136,124,84,157,166,5,124,98,87,119,105,38,137,91,104,107,62,88,99,101,89,96,141,73,242,106,56,140,81,74,86,60,121,61,69,79,70,101,59,122,137,66,29
20220724,8793,6160,5116,6868,16036,13174,2495,4550,3371,1970,1900,1833,881,3124,1827,2428,4539,3471,1164,1447,925,839,835,751,696,1900,732,1105,636,469,576,434,697,678,491,416,565,591,391,468,412,743,497,372,429,396,399,276,474,530,381,320,294,332,333,301,434,338,221,335,290,449,349,223,233,302,359,325,231,277,221,236,176,306,161,306,257,183,165,136,148,173,199,199,227,409,138,169,69,162,197,119,157,143,124,128,131,152,176,131,160,163,127,114,226,70,125,118,138,72,134,185,7,111,96,101,106,126,46,112,93,77,110,55,108,86,99,79,83,123,86,232,123,68,146,70,95,100,61,118,103,75,74,71,121,57,97,66,46,44
20220725,10170,7454,6447,12195,23479,19684,3187,6123,4302,2936,2162,2207,1092,3409,2506,3409,6451,3819,1014,1932,1117,1010,1193,1053,907,2500,862,1251,695,615,718,585,1165,852,834,630,950,846,703,552,714,952,608,493,564,470,516,549,655,744,387,480,360,512,429,414,534,508,411,468,421,477,368,347,340,306,381,460,313,357,259,318,284,296,243,364,326,280,244,246,285,304,190,202,281,395,253,217,95,226,240,232,205,208,205,230,177,168,195,165,204,232,211,223,267,136,163,149,211,147,131,207,6,178,120,142,111,163,39,151,136,162,127,115,135,107,126,101,110,167,108,213,116,99,148,123,123,108,89,143,96,120,80,74,133,80,104,105,82,93
20220726,10267,7663,6294,14155,25622,21068,3188,6090,4081,3063,2651,2321,1072,3762,2443,2671,6405,2938,1178,1928,1022,1112,1281,1118,878,2520,853,1175,803,693,893,580,1218,751,814,758,880,742,679,606,732,931,595,557,589,516,598,616,692,681,329,449,365,505,423,389,414,560,454,459,411,657,400,435,366,361,425,486,349,322,312,270,319,264,277,326,327,313,271,245,316,338,233,225,260,534,266,187,63,253,233,244,196,165,193,241,191,232,181,157,170,245,248,229,236,169,207,155,221,179,168,174,8,172,106,156,127,136,76,182,108,157,113,130,127,116,114,144,101,190,87,289,121,107,157,116,112,100,76,145,96,110,76,114,110,70,121,108,61,94
20220727,9860,7526,6187,14516,25632,20921,3332,5675,3824,3022,2176,2243,1073,3626,2379,2587,6011,2405,1138,1974,894,1117,1206,995,805,2481,932,1179,678,695,700,577,1226,959,762,651,785,805,769,545,612,867,635,548,593,554,551,624,759,648,304,441,332,493,421,430,416,478,475,463,440,561,379,412,377,380,395,323,295,298,302,269,351,262,271,638,685,289,228,219,275,296,264,479,236,497,219,198,102,243,192,295,183,188,213,221,257,265,162,141,164,236,1363,226,234,224,189,152,264,183,167,190,8,140,136,133,118,149,67,195,121,166,116,116,129,108,101,115,122,162,113,272,132,119,159,95,118,124,81,140,89,89,112,95,143,83,110,101,73,71
20220728,9615,7661,6439,14650,25094,20337,3414,5734,3700,2887,2068,2240,1180,3648,2432,2483,5578,2162,1019,2162,851,1114,1138,1063,841,2432,799,1167,705,637,681,561,1135,1029,775,625,835,754,722,582,662,962,607,598,514,478,555,619,717,661,385,460,350,463,415,390,436,433,424,450,355,452,352,368,395,289,376,495,273,271,288,278,372,294,284,505,605,274,234,252,277,320,201,421,230,484,202,253,94,217,238,275,168,193,217,225,250,178,161,194,168,189,1344,201,246,194,185,159,255,185,153,151,2,163,127,143,97,148,59,141,134,152,144,109,113,142,125,106,109,256,109,240,135,100,126,111,95,110,95,119,106,116,125,95,99,73,137,97,84,81
20220729,9437,6858,6209,12865,22767,17845,3255,4816,11045,2637,2168,2679,896,3449,2211,2295,4776,2198,1001,1886,955,1103,1055,940,814,2192,775,1131,943,646,634,641,1015,949,768,654,717,666,596,644,595,860,601,534,520,480,538,665,647,584,321,374,350,456,409,366,475,431,424,409,410,440,416,312,360,277,407,422,330,295,272,278,332,251,270,575,701,299,190,246,267,284,167,377,232,423,202,185,79,240,223,232,205,145,186,196,199,186,167,164,193,176,785,188,232,133,178,123,200,235,148,185,6,171,97,152,128,170,59,160,118,123,171,132,103,98,132,84,104,152,122,233,123,101,140,102,77,105,117,133,96,102,88,92,115,52,97,99,63,68
20220730,8461,5533,5381,10955,20968,15949,2830,3978,2750,1772,1875,2007,828,3127,1784,2156,4320,1750,851,1270,745,909,707,725,713,1959,696,829,552,453,558,410,710,581,548,439,516,462,337,435,470,835,497,379,405,341,399,383,473,488,224,274,252,352,340,309,427,369,244,314,295,360,296,228,293,284,353,309,219,213,192,233,218,199,196,301,413,165,121,152,127,189,180,231,223,339,140,125,66,173,174,129,135,112,120,141,99,133,143,122,195,125,403,137,252,184,152,125,144,90,134,160,8,98,117,123,84,124,37,114,97,68,122,52,82,88,68,76,51,116,87,235,104,37,156,94,86,84,53,123,87,77,71,62,80,50,61,96,62,38
20220731,8169,5706,5197,9485,20854,14294,2819,4090,2457,1813,1833,2015,775,3186,1755,2141,4330,1664,800,1184,683,865,781,654,793,1838,1016,815,594,474,491,480,760,522,447,418,457,533,322,471,421,654,513,356,367,415,327,331,468,444,228,254,287,337,302,332,317,360,245,295,335,355,298,256,253,292,343,412,196,226,195,215,231,193,304,400,394,171,143,138,132,151,203,267,222,373,157,158,65,164,163,143,163,132,69,126,154,185,172,135,166,132,318,124,201,72,516,126,142,73,150,151,4,121,90,107,114,130,36,110,85,85,143,61,78,85,93,83,60,121,106,258,91,56,133,73,69,99,63,112,69,100,57,73,57,90,94,83,54,35
20220801,9703,7792,6500,12916,24390,18584,3339,5441,2923,2736,2166,2184,1052,3686,2411,2426,5696,1571,986,1734,813,1048,1102,993,821,2269,1268,1110,693,651,608,665,1241,749,795,807,749,680,588,556,649,929,551,500,533,500,585,567,699,547,333,506,467,454,386,431,460,482,371,467,417,388,395,397,380,330,400,484,247,292,287,341,304,252,332,445,452,248,209,267,256,271,254,311,267,461,230,186,68,257,222,241,209,184,193,203,212,231,156,130,159,200,405,241,238,133,250,155,204,182,183,223,4,161,137,135,136,153,54,166,117,154,108,127,142,84,111,147,118,155,84,271,99,104,154,119,130,99,91,105,99,73,132,81,106,129,119,107,47,78
20220802,9721,7673,6523,14547,25641,20344,3485,5289,2849,2811,2426,2220,1033,3806,2348,2379,5986,1714,1074,1732,999,1075,1207,2754,809,2271,789,1104,949,626,958,544,1138,812,926,637,689,666,705,483,560,904,736,652,503,505,672,563,737,634,361,492,887,451,393,433,397,491,413,485,416,420,370,467,403,411,392,477,290,254,277,279,421,265,280,360,465,331,261,286,337,351,214,280,206,543,280,200,91,214,266,262,179,155,188,216,213,234,173,122,160,206,314,245,223,153,177,166,200,171,182,159,5,157,148,139,99,166,48,154,111,160,123,120,134,111,86,116,102,165,108,252,173,120,128,127,135,99,94,128,75,87,123,90,98,121,106,115,50,68
20220803,9773,7958,6304,13845,24384,19241,3214,5386,2837,3071,2373,2086,1132,3189,2273,2444,6124,1457,1116,1904,931,1036,1088,3234,877,2402,677,1031,715,605,686,556,1133,1074,875,598,668,731,660,515,521,906,730,597,544,492,626,600,739,583,306,471,494,433,385,409,425,574,437,414,476,441,406,376,459,337,394,444,384,329,292,290,394,271,259,359,388,300,288,238,303,332,240,279,214,437,274,192,90,252,207,273,192,196,183,214,189,323,152,170,167,219,291,293,245,139,174,178,209,170,182,174,4,128,113,93,116,142,49,151,136,151,133,123,117,100,106,117,112,154,86,279,233,89,143,135,103,81,90,152,111,102,91,69,94,71,105,113,59,102
20220804,9679,7622,5830,13171,23035,18313,3396,4974,2770,2802,2179,2158,1081,2969,2249,2213,5720,2060,1034,1946,896,1072,1073,1093,768,2250,714,1044,823,674,723,639,1166,1060,687,614,700,696,731,524,591,879,534,506,507,471,654,648,611,544,302,457,441,428,501,396,471,541,446,414,408,371,408,381,378,287,388,352,289,268,267,271,425,284,283,337,373,297,247,273,322,247,235,280,199,485,229,181,70,262,264,264,215,179,206,200,179,212,188,134,194,222,226,237,205,173,199,140,193,141,173,190,5,131,140,98,126,153,54,135,125,161,154,128,144,104,130,108,107,125,118,243,125,136,143,128,102,114,81,125,113,121,110,94,97,83,85,109,73,89
20220805,9986,7331,5551,8558,19129,14566,3205,4693,2665,2568,2215,2274,1054,3258,2214,2141,5835,4567,992,1936,872,1212,1029,859,892,2100,938,1063,721,799,603,601,1079,921,804,660,633,619,602,532,574,934,571,519,472,403,536,506,660,610,231,434,385,438,422,368,416,395,383,368,350,504,424,378,404,259,375,368,282,281,262,268,317,260,254,364,403,288,298,215,246,266,211,294,232,437,216,208,85,261,251,245,198,147,194,213,183,189,169,146,200,192,226,201,200,134,129,158,198,158,176,153,6,152,140,98,136,126,53,123,117,136,139,108,120,108,167,151,109,171,128,275,120,108,141,88,122,102,95,116,107,114,112,80,105,77,80,88,63,79
20220806,9020,5974,4676,7431,16579,12474,2624,4015,2067,1879,1918,1927,828,2552,1660,1855,4513,1491,819,1514,574,831,736,668,701,1697,874,824,570,560,543,491,699,752,483,444,528,494,374,500,488,633,415,335,405,379,409,346,499,470,202,265,331,342,307,292,317,364,275,288,324,302,295,238,249,266,294,311,261,267,242,212,205,170,194,278,335,156,173,128,132,173,202,234,211,398,168,213,84,145,190,142,130,118,137,111,151,155,137,164,143,146,151,125,199,186,148,95,132,84,140,151,3,113,153,103,99,111,41,113,72,87,118,48,89,84,105,82,72,141,89,278,83,67,208,90,57,99,97,91,79,85,56,54,86,62,100,82,56,43
20220807,8908,6378,4569,9304,18794,14332,2890,4167,1965,1754,1843,1968,911,2525,1771,1987,4898,1278,822,1504,635,848,849,697,753,1736,753,933,685,547,615,469,702,739,545,471,495,574,409,392,446,655,480,340,405,362,455,365,541,532,231,269,312,422,305,241,294,347,227,320,279,428,310,256,229,221,338,389,204,248,234,185,285,183,154,280,334,190,154,126,148,174,209,288,178,394,185,170,80,164,180,132,131,129,90,135,139,160,120,126,172,176,183,153,200,92,93,127,148,91,144,142,6,125,123,99,106,105,39,81,81,85,130,65,110,63,69,84,76,110,123,281,108,53,414,87,65,63,78,132,88,80,74,68,108,66,77,92,41,32
20220808,9963,8013,5547,12781,23940,19272,3272,5544,2566,2969,2159,2213,908,3175,2350,2587,6710,1339,1005,1722,945,1071,1161,1126,720,2306,770,1081,741,728,713,622,1281,789,774,684,656,720,692,465,681,861,526,530,463,581,672,594,629,577,279,456,455,452,381,365,389,462,433,359,404,477,414,282,320,347,377,501,313,500,294,259,360,284,258,415,422,279,265,216,286,268,262,269,232,406,226,187,75,239,219,235,154,196,178,219,225,222,180,134,156,274,206,268,214,181,128,159,196,189,174,181,2,120,140,101,110,126,45,138,105,167,109,136,158,158,121,101,137,142,93,237,130,101,198,103,113,106,91,111,90,148,120,75,100,61,108,118,60,98
20220809,10224,7588,5407,12887,23784,19347,3614,5654,2424,3186,2473,2236,984,2954,2378,2446,6774,1603,1002,1914,1173,1174,1121,1043,788,2248,870,1114,683,763,704,585,1327,894,887,644,720,765,698,543,613,905,613,546,525,506,690,535,651,638,262,532,422,468,383,420,343,461,419,426,409,412,360,349,323,336,439,476,340,297,271,1404,320,251,218,367,383,293,251,282,292,286,238,238,209,416,232,183,290,245,194,232,149,175,185,192,197,248,153,176,187,205,205,174,240,245,146,181,165,205,175,201,4,143,153,139,142,174,86,139,184,171,113,132,125,113,124,122,107,207,98,276,101,110,153,100,106,106,112,115,89,101,96,81,120,55,103,107,67,60
20220810,9903,7762,5495,12510,23222,18466,3445,4796,2259,3018,2324,2165,920,3010,2322,2379,6890,1145,1074,2081,1234,1120,1119,1007,817,2365,980,1036,704,726,656,601,1145,988,823,697,754,669,723,563,587,939,591,619,520,466,607,654,732,600,233,491,367,502,417,420,406,394,374,435,414,368,406,330,335,320,502,491,434,284,308,387,389,305,263,281,442,348,252,268,330,299,208,269,206,480,275,205,378,253,226,260,182,198,202,204,196,201,170,202,190,195,200,188,224,193,149,133,203,217,192,164,3,116,117,130,128,140,65,168,129,165,85,120,113,110,143,130,116,162,93,262,156,125,167,125,145,126,86,124,97,102,96,85,112,92,120,88,70,87
20220811,9470,7224,4959,11314,21446,17341,3246,5542,2466,2619,2069,2038,879,2961,2288,2719,6701,1595,1024,1667,1208,1152,1043,983,750,2073,750,1028,705,753,692,613,1176,861,831,642,632,724,749,525,638,927,654,593,488,547,535,585,680,659,307,430,371,521,408,455,504,425,412,403,412,412,443,369,296,358,465,382,452,298,324,323,351,282,262,332,398,283,257,259,322,288,210,251,265,392,222,200,200,230,250,252,172,157,279,219,202,206,148,200,160,186,210,154,245,186,231,157,199,180,114,194,5,145,151,148,124,150,56,141,140,135,185,143,120,103,121,133,107,185,94,246,137,125,166,114,96,97,87,118,84,116,94,102,122,68,99,84,96,98
20220812,9483,6706,5257,12204,22892,18247,3101,5388,2294,2494,2079,2086,805,3264,2163,2293,6296,2062,1024,1530,1001,1056,1027,892,706,2101,759,1053,782,700,700,491,1097,709,673,647,598,608,606,589,560,851,591,473,508,432,458,603,653,589,335,446,363,523,380,407,426,379,376,406,347,465,414,292,281,331,431,405,316,289,293,290,279,261,253,321,318,253,180,289,258,241,203,212,259,371,222,184,119,219,217,211,175,173,199,157,168,238,140,145,148,183,190,172,227,151,115,163,145,146,124,194,7,141,159,132,102,117,51,192,153,153,167,155,105,114,134,130,87,171,90,271,139,77,123,118,104,107,100,126,94,107,83,80,83,61,112,78,65,86
20220813,8737,5671,4911,10424,19899,15666,2752,4535,1761,1559,2053,1757,723,2793,1609,2306,4839,1480,716,1149,593,841,660,646,639,1710,689,838,653,488,503,346,636,501,450,443,488,411,382,547,421,705,466,343,357,335,343,317,491,443,299,285,314,383,351,271,312,354,297,444,276,276,323,267,211,287,335,361,215,213,234,220,186,164,134,212,246,195,169,148,154,141,157,185,207,355,155,194,140,183,194,128,154,117,106,144,104,597,155,135,178,122,153,102,201,159,122,121,118,79,136,134,4,90,141,99,87,110,41,86,116,79,98,62,81,93,92,74,75,135,91,277,129,51,159,69,79,81,81,136,60,82,73,75,92,45,92,88,68,56
20220814,8624,5568,5014,9409,18733,15157,2821,3793,1884,1769,3086,1731,718,2866,1712,2315,4998,1264,869,1263,824,954,745,652,675,1623,650,854,605,506,491,380,689,710,533,446,532,512,394,662,413,712,472,343,397,324,360,372,541,533,271,277,343,311,307,295,343,385,267,384,263,308,346,259,196,304,356,380,241,257,231,207,232,186,192,283,249,203,170,147,150,153,213,192,236,332,174,183,118,165,201,149,188,113,98,127,158,345,130,97,158,115,144,114,189,108,97,118,99,92,129,204,4,100,97,136,127,113,44,94,90,68,78,81,84,89,106,94,81,106,404,277,125,44,152,74,90,85,89,131,89,66,56,76,89,84,111,86,45,45
20220815,9544,6901,5622,12022,23225,18418,3193,4871,2371,2602,2270,2032,997,3439,2306,2505,6417,1275,1011,1608,992,1135,1044,868,841,2236,720,994,644,677,649,595,1047,881,855,629,647,715,597,631,581,971,575,527,525,426,479,519,631,673,289,418,406,424,427,358,616,460,796,492,348,386,393,295,299,296,393,423,308,246,300,226,307,269,233,337,356,295,238,244,328,257,277,280,224,404,210,216,132,231,255,203,179,186,159,165,172,236,129,184,177,262,189,191,242,177,187,114,167,141,170,222,5,151,142,160,124,157,62,124,91,149,146,135,139,91,131,101,109,159,142,270,164,99,122,127,107,118,99,106,89,97,77,86,99,78,119,118,111,81
20220816,10512,7957,6160,14560,25834,21328,3703,5570,2513,2985,2603,2319,1049,3627,2520,2437,7091,1051,1302,1911,1124,1148,1165,1134,826,2386,747,1167,735,809,853,609,1256,895,789,702,622,672,763,687,643,1068,671,510,538,506,619,561,795,660,253,448,392,509,477,439,651,413,460,360,403,413,395,345,389,379,409,464,283,276,281,153,315,311,262,510,360,1014,225,270,337,288,348,272,277,427,310,221,109,240,219,217,268,186,171,193,193,317,151,191,185,195,161,290,209,195,144,150,226,220,187,220,0,152,143,197,152,151,110,172,155,130,154,163,112,129,125,151,132,171,100,311,169,116,121,129,136,107,114,114,103,126,108,76,96,79,145,103,71,90
20220817,10678,8106,6683,14452,25826,21751,3509,5976,2495,3060,2545,2298,949,3561,2726,2386,7060,1079,1090,2018,1056,1232,1209,1217,874,2569,825,1245,687,768,661,607,1159,1028,855,764,731,769,708,671,616,998,580,551,501,606,576,602,767,665,263,525,370,547,436,497,444,497,382,409,408,440,420,373,371,362,408,408,389,333,297,261,332,294,316,309,368,1161,203,322,321,329,284,230,176,390,312,227,178,308,266,261,193,173,249,228,199,239,134,166,198,192,209,201,201,166,162,177,221,198,198,227,2,135,147,172,150,130,105,196,135,161,158,135,118,127,158,157,103,189,110,307,114,96,131,123,131,129,124,125,102,133,120,87,86,55,123,121,69,144
20220818,10394,8136,6444,14182,24816,21286,3691,5590,2307,2893,2486,2280,1008,3354,2546,2373,6979,1103,1052,1957,964,1214,1162,1072,930,2442,637,1078,666,787,664,634,1199,1109,825,673,786,748,729,592,624,976,644,577,486,567,595,741,695,620,273,694,407,557,449,394,389,418,460,337,401,365,434,334,342,394,417,526,333,388,264,232,322,287,254,277,374,648,264,313,282,275,226,379,194,448,230,192,105,244,229,245,180,218,205,217,194,227,154,168,212,180,173,235,203,169,170,163,202,185,254,220,4,115,127,166,131,136,78,150,137,175,139,204,102,112,140,187,124,163,98,295,147,162,144,120,119,91,108,109,97,131,116,98,101,102,115,100,69,122
20220819,9908,7107,5699,13193,23735,19974,3650,4527,2127,2606,2444,2143,1087,3333,2369,2466,6563,1123,1036,1508,895,1094,1103,1014,958,2103,676,1078,627,701,567,588,1120,739,730,655,696,661,638,628,623,814,610,487,434,509,512,854,680,616,220,528,358,495,425,423,382,417,378,341,375,450,398,332,311,335,304,563,317,298,272,248,276,297,254,277,351,451,224,313,255,293,225,240,225,454,195,197,96,229,231,209,170,181,205,236,155,302,166,164,177,176,186,221,204,159,138,118,154,165,278,196,3,144,161,137,124,116,65,120,131,133,117,100,123,126,139,113,223,159,92,302,139,109,135,100,84,114,89,99,94,119,103,90,94,62,120,91,55,100
20220820,9164,5692,5281,10579,20134,16752,2968,3961,1768,1815,2077,1707,874,3088,1921,1926,5261,927,883,1120,609,946,853,704,919,1599,624,883,522,534,448,430,710,540,466,446,523,522,424,514,412,756,511,437,390,337,365,303,519,468,297,320,326,395,291,336,419,365,251,258,426,265,314,275,237,279,287,396,247,320,213,334,232,262,185,264,309,558,143,145,179,192,215,197,185,405,159,177,84,184,202,122,145,107,104,171,110,268,130,133,174,154,141,207,201,96,118,114,112,104,166,192,5,114,97,127,113,108,70,125,98,54,83,77,109,107,110,99,103,112,81,306,94,63,135,94,84,92,80,79,78,100,66,70,83,70,83,79,37,47
20220821,8781,5972,5349,10157,19827,16253,2896,3975,1583,1985,1998,1829,744,3232,1834,2171,5186,842,874,1283,669,939,860,765,911,1697,699,851,510,512,556,397,659,603,512,468,542,544,504,533,422,739,526,371,394,439,426,312,509,463,236,311,264,328,297,349,441,365,350,398,299,247,374,250,240,263,304,410,316,243,287,543,181,232,161,186,268,644,130,128,163,180,223,162,158,374,157,141,92,181,219,114,176,134,121,159,133,267,167,143,144,134,157,135,218,93,115,107,105,75,193,203,6,118,118,152,120,92,50,123,90,86,137,66,85,99,120,94,56,100,96,301,138,68,109,84,81,121,115,98,98,66,84,91,78,86,187,81,44,50
20220822,10730,8281,7108,16883,26771,22533,3679,4792,2207,2910,2692,2261,948,4033,2485,2446,7338,928,1137,1876,934,1258,1324,1057,878,2353,797,1119,702,811,672,574,1236,1071,847,703,693,724,774,745,563,1082,659,473,544,617,609,572,718,707,249,493,362,491,444,436,449,384,488,391,361,428,489,295,338,380,419,551,308,257,237,413,328,300,236,260,353,484,244,308,287,324,280,229,199,476,258,218,167,232,278,227,226,214,176,275,244,281,155,171,192,248,173,209,217,158,141,161,232,199,205,309,6,130,133,223,127,163,72,127,131,154,119,178,143,141,119,144,157,182,102,292,142,110,128,118,105,118,104,115,112,99,104,87,84,79,222,122,59,98
20220823,11115,8187,7486,13082,24865,20529,3846,5100,2420,3371,2610,2397,958,4163,2588,2263,7605,1068,1254,1953,1000,1358,1299,1082,955,2503,731,1192,719,675,843,602,1189,1063,842,686,766,718,902,768,595,1028,714,535,496,592,729,684,745,768,295,532,425,509,433,374,400,477,410,401,427,487,453,353,377,348,352,530,327,305,281,357,385,316,288,355,381,2039,291,261,330,339,282,246,250,450,286,225,122,263,264,282,224,177,210,225,214,194,176,218,212,235,168,259,220,179,178,142,228,215,184,343,4,154,166,176,144,151,77,151,158,155,137,129,166,162,127,138,145,173,99,291,141,118,136,98,119,144,91,127,106,120,116,97,100,129,240,95,114,128
20220824,11159,8566,6718,13833,24939,21837,3875,5474,2430,3379,2444,2527,961,3780,2694,2213,7633,1229,1256,2067,1186,1173,1223,1105,1052,2438,784,1219,790,770,687,699,1308,1067,869,731,738,667,810,868,564,1090,633,537,494,645,676,696,854,727,539,566,447,558,445,435,724,497,412,435,470,733,460,314,417,366,368,522,362,367,296,1058,345,267,296,322,381,4367,261,285,300,336,289,231,259,448,375,217,111,264,236,251,491,195,201,261,302,246,159,187,218,220,241,187,228,170,180,179,240,213,191,353,9,186,150,233,184,167,113,164,126,172,113,140,142,158,162,123,147,165,105,237,114,121,168,132,145,121,80,110,100,152,122,87,96,112,123,104,82,92
20220825,11116,8534,6750,14056,24092,21629,3918,5831,2530,3226,2592,2505,1218,3766,2454,2325,7460,1368,1272,2064,1296,1283,1359,1141,1132,2439,657,1114,807,782,663,713,1221,1083,872,748,737,771,764,917,585,1164,637,683,588,571,680,611,748,696,756,498,407,529,440,412,528,563,453,477,483,628,548,337,410,365,422,438,343,324,367,1083,328,345,288,295,332,1783,249,252,367,329,358,293,329,420,287,199,84,222,252,265,355,194,218,254,322,209,141,251,218,242,268,227,206,140,135,147,280,193,179,351,10,152,120,194,186,208,81,139,130,140,133,159,124,123,122,122,119,167,117,240,138,144,145,122,119,122,91,144,126,101,126,83,113,108,88,81,81,94
20220826,10378,7339,6376,12178,21745,19356,3701,4857,2225,2818,2563,2370,991,3651,2633,2119,6708,1312,1103,1818,1244,1302,1134,1034,1031,2060,680,1038,876,734,590,694,1157,990,798,609,702,693,743,858,577,1037,612,572,498,624,565,528,673,694,389,464,381,472,385,377,429,450,428,543,454,474,545,280,379,338,403,441,350,306,308,688,291,272,380,254,371,894,218,245,246,263,278,239,310,396,223,238,98,227,277,236,212,170,215,192,250,192,139,163,213,196,219,205,217,131,142,170,218,181,189,310,6,161,134,204,152,192,69,119,123,118,154,193,120,116,130,157,122,144,91,226,154,104,178,104,114,162,77,117,112,102,107,74,106,93,102,91,51,81
20220827,9256,5973,4701,10274,18297,16131,3103,4742,1763,1912,2140,1751,902,2455,1819,1962,5151,964,878,1521,814,879,861,786,787,1745,553,863,650,581,524,512,636,709,463,529,530,510,408,594,391,777,420,351,387,383,404,336,503,511,241,257,311,320,344,276,359,410,273,355,308,405,354,210,251,342,288,366,266,243,257,521,275,220,203,246,295,534,162,162,183,217,204,171,251,336,155,177,106,164,219,89,177,156,128,167,150,195,110,117,102,126,182,131,179,125,132,142,147,108,133,267,2,120,95,159,131,132,62,91,102,69,128,54,82,77,140,101,79,125,94,254,99,62,124,63,76,107,82,94,63,55,74,49,86,65,121,80,59,40
20220828,9427,6431,4261,9761,17177,15700,2982,4234,1799,1796,2159,1797,835,2017,1843,2035,5047,937,828,1166,759,950,766,842,805,1712,596,886,632,524,627,459,657,540,524,500,610,577,417,538,379,709,509,388,439,395,451,336,455,529,241,329,300,417,326,291,438,468,252,367,321,306,340,228,238,342,260,455,271,248,229,589,235,250,209,301,256,450,156,110,160,200,200,192,226,348,187,170,84,191,183,144,313,133,92,136,143,131,172,125,161,127,151,95,181,128,116,145,151,95,126,227,8,120,125,171,135,137,62,157,88,62,111,65,85,81,107,70,69,108,91,298,92,55,140,70,59,94,73,162,90,81,108,55,89,74,97,61,57,45
20220829,10673,8288,5574,14852,24349,21578,3618,5627,2428,3013,2734,2584,1036,2770,2255,2482,6748,1070,1116,1789,1077,1206,1254,1014,1052,2293,643,1103,929,672,903,706,1126,900,851,773,666,818,708,690,580,1030,639,565,497,669,703,539,729,625,265,485,400,538,458,400,556,487,354,402,407,439,470,297,335,399,381,464,337,326,295,508,298,319,283,423,350,713,276,278,335,284,248,252,217,403,282,252,73,223,270,258,199,184,162,227,197,210,150,151,191,188,189,205,218,185,159,180,261,179,203,240,11,143,140,160,162,156,56,179,137,147,148,131,123,128,127,99,107,113,155,226,130,112,120,114,107,144,125,117,95,128,160,98,75,96,106,104,96,99
20220830,10412,8184,6193,14477,24501,21234,3887,5579,2523,3148,2665,2708,1070,2746,2387,2799,7168,1089,1318,1908,1116,1221,1284,1091,1032,2425,654,1117,801,742,1004,673,1205,1019,834,674,722,762,802,720,562,997,679,550,514,606,663,598,775,639,282,497,408,731,443,394,536,507,407,486,458,468,427,334,374,402,410,460,320,280,375,470,300,316,321,335,406,548,290,302,300,331,325,320,217,365,267,193,111,230,274,265,202,223,186,284,209,204,153,191,164,225,184,228,261,213,140,134,224,198,204,232,7,156,148,213,257,123,72,166,166,160,147,150,129,125,158,112,119,170,132,256,153,135,95,120,127,115,93,141,125,104,104,129,93,90,143,86,65,131
20220831,10138,7924,5275,13776,22744,19534,3669,5466,2394,2970,2691,2478,1061,2851,2360,2797,7094,997,1334,1635,1168,1289,1237,1110,1235,2220,596,1127,758,739,874,719,1227,749,819,725,691,812,743,817,587,1011,705,543,558,536,607,590,721,649,212,494,379,670,421,405,525,580,427,486,387,478,474,291,364,355,401,479,362,318,614,412,412,342,287,299,338,452,261,287,289,330,357,512,176,414,238,265,94,270,219,242,189,173,233,244,206,175,133,195,212,214,191,222,233,171,176,168,202,194,190,293,5,142,107,180,161,165,87,173,148,151,155,129,124,126,128,139,120,172,155,238,102,145,126,111,138,127,92,136,114,112,120,82,170,83,117,87,62,84
20220901,11529,7763,5551,11822,22150,18597,3975,5557,2317,3084,4595,2394,961,2826,2432,2240,7352,1125,1150,1456,1175,1159,1356,1119,1031,2307,566,1142,812,850,862,694,1220,717,803,655,691,820,745,1015,695,936,620,594,550,595,634,553,738,672,202,552,419,646,469,389,661,527,493,409,541,445,472,352,370,406,392,504,351,347,363,683,364,318,276,253,348,488,282,334,342,352,275,323,198,370,240,199,80,263,245,265,205,179,198,218,185,236,153,199,209,276,213,247,185,136,143,176,234,184,167,265,9,114,141,175,133,139,59,193,235,137,158,136,131,126,119,135,110,143,186,263,145,130,140,117,112,100,119,94,105,130,107,76,106,106,110,76,74,86
20220902,10365,7429,4989,9399,19896,16198,3691,5482,2153,2815,2385,2319,1070,2911,2274,2030,6990,1027,1078,1373,976,1122,1107,1280,987,2063,646,1058,731,684,678,748,1131,704,769,651,654,676,618,781,652,894,552,533,504,582,628,505,569,633,229,508,379,636,446,358,538,610,432,399,814,404,422,349,346,316,318,403,325,302,291,362,272,282,236,297,370,449,280,260,259,288,280,280,215,374,230,163,94,270,243,209,192,179,215,232,180,199,129,249,177,185,154,195,180,125,133,144,155,174,195,247,6,137,153,165,119,123,58,161,107,152,124,127,125,147,99,134,105,104,150,248,134,105,130,124,100,98,80,92,96,103,125,77,171,73,76,67,83,101
20220903,9515,6272,4280,7826,16559,13754,3275,4647,1806,1823,2046,2056,823,2268,1844,1749,5496,750,874,1029,717,922,879,688,828,1789,529,895,531,526,574,463,650,606,454,458,497,441,351,550,410,685,534,345,361,395,392,354,504,519,178,334,288,444,337,269,405,485,240,315,401,317,402,238,286,293,289,380,244,229,252,307,200,244,167,228,292,285,178,163,158,187,181,214,171,340,156,190,68,176,208,115,153,164,167,184,123,138,139,641,171,136,153,129,210,106,126,116,130,56,108,226,3,88,125,135,141,95,44,96,99,73,141,67,89,83,132,59,70,116,127,256,102,54,116,91,74,77,76,101,81,21445,114,51,82,61,82,62,49,55
20220904,9458,5936,4274,7898,16423,13089,3135,4668,1840,1955,2181,1992,791,2450,1853,1979,5082,923,895,1015,745,845,865,658,803,1771,496,809,619,556,578,471,798,585,485,474,480,579,396,793,417,721,602,393,409,380,419,324,492,522,163,320,307,366,295,289,389,398,237,276,404,321,367,238,270,293,275,406,245,218,229,260,207,222,160,242,268,318,136,177,178,204,235,223,161,327,152,181,161,177,226,109,127,158,196,183,119,157,137,506,138,140,161,122,186,89,126,117,144,72,160,208,5,100,88,152,141,109,43,135,85,95,102,50,76,73,250,83,96,102,196,256,108,64,120,99,82,102,77,103,103,86,79,96,103,89,94,63,58,41
20220905,10626,7955,5358,11092,22202,18546,3718,5574,2097,2954,2460,2468,1082,2876,2457,2625,7755,1357,968,1369,973,1066,1216,986,1043,2133,582,1108,760,783,729,598,1169,773,844,599,744,754,678,838,563,912,680,539,538,536,589,589,619,636,229,501,362,535,401,326,434,431,478,314,1063,385,480,335,327,311,366,454,301,281,300,343,309,247,239,267,439,367,219,280,271,272,279,262,180,428,261,242,113,262,296,194,181,200,226,218,159,234,173,166,154,231,175,220,226,151,179,147,227,242,174,257,12,145,129,158,133,99,44,176,105,155,113,120,109,131,130,134,116,133,157,296,112,106,94,93,119,99,105,91,121,120,110,91,87,57,85,77,87,75
20220906,12011,8917,6077,12391,23927,19560,4062,5163,2380,3447,2773,2896,1233,3093,2559,2821,8268,1217,1190,1872,1129,1182,1316,1246,1104,2553,656,1144,922,773,759,634,1351,1031,978,708,751,789,775,1045,648,935,745,784,534,692,709,666,720,709,278,535,494,540,466,423,675,615,539,399,1521,452,475,415,366,422,397,467,376,336,339,400,330,347,258,256,372,392,264,331,333,313,276,263,231,440,301,251,92,294,304,438,206,216,205,259,202,213,154,173,216,277,179,242,230,181,188,167,224,184,175,291,5,130,160,156,126,143,64,218,116,167,112,159,155,151,138,148,109,143,161,297,179,135,133,135,98,126,115,92,132,136,139,91,69,94,99,110,75,93
20220907,11448,8786,6494,13616,23770,18946,4165,5262,2319,3480,2951,2908,1185,2938,2839,2912,7863,1048,1314,1883,1226,1284,1438,1164,1055,2396,658,1308,1128,863,802,698,1350,1256,955,776,938,795,670,957,708,1059,758,677,640,623,705,610,775,757,271,589,414,564,480,408,660,496,486,453,785,475,476,369,415,385,353,515,358,310,335,376,403,317,283,348,388,428,278,301,393,324,245,332,239,381,268,283,99,292,295,244,234,216,218,271,204,218,128,211,186,245,215,227,202,161,200,133,217,203,201,281,10,184,171,159,151,176,50,198,161,193,121,162,151,119,172,172,101,160,149,266,156,123,165,102,135,111,99,101,137,136,140,111,103,69,121,96,71,113
20220908,11657,8362,5938,10971,21400,18018,4142,5727,2339,3481,3021,3215,1377,2921,2544,2668,7613,1006,1266,1793,1149,1212,1279,1061,1033,2112,642,1186,905,810,788,1772,1222,1068,813,733,694,741,656,1071,592,1046,816,551,510,669,713,681,729,733,280,583,383,497,494,435,615,565,502,431,653,614,404,346,453,418,408,357,351,267,243,434,326,246,301,259,342,407,313,317,319,378,265,336,247,387,283,259,96,261,374,236,202,263,250,259,204,215,168,188,176,234,188,207,221,176,253,184,179,198,182,271,12,233,166,156,137,142,42,207,157,165,103,145,122,165,143,127,126,148,126,260,101,125,131,108,115,95,122,104,143,132,101,84,91,74,100,84,62,67
20220909,10937,8607,5246,9596,19873,15715,3949,5761,2277,2952,2646,2674,1354,2757,2394,2566,7216,852,1089,1408,1114,1229,1208,1003,1014,1970,544,1063,1431,765,754,907,1234,993,748,763,716,704,684,982,561,865,671,595,478,579,659,623,637,627,412,523,403,452,436,365,557,451,445,440,589,496,478,319,388,364,344,387,325,232,277,359,300,270,251,276,287,348,210,1680,230,287,251,352,157,388,228,178,75,217,285,214,187,229,239,227,153,155,139,168,209,198,146,171,212,115,282,144,170,174,173,259,5,255,112,129,138,156,36,188,168,121,104,144,111,139,146,125,137,130,118,242,193,98,177,123,119,113,98,88,122,103,98,97,92,77,107,83,49,121
20220910,10136,6564,4474,5679,16062,11843,3311,5128,1660,1998,2151,2314,956,2210,1981,2111,6004,699,850,1011,649,946,855,696,829,1700,558,908,855,557,566,484,724,781,452,521,507,467,346,608,397,659,605,409,422,409,395,305,531,635,371,394,403,344,403,267,379,337,287,256,438,312,337,190,268,335,294,303,250,268,243,329,193,164,213,239,232,291,156,1093,167,179,255,196,198,306,138,157,72,235,233,105,161,144,115,151,101,124,170,139,152,122,116,114,189,80,133,144,87,87,140,217,6,188,109,142,99,118,36,159,104,81,122,63,73,96,119,112,66,80,101,237,76,67,135,89,51,80,87,246,90,84,86,67,56,80,100,66,65,50
20220911,10717,6827,4178,6313,16361,12322,3320,5176,1779,2189,2208,2368,937,7818,1916,2406,6091,736,881,940,697,935,983,827,817,1603,520,899,734,527,605,524,716,602,529,519,525,562,352,780,364,738,634,382,410,419,394,344,501,570,357,361,247,394,487,252,677,433,278,274,426,340,355,267,217,307,234,404,284,213,223,316,215,180,226,1628,274,241,173,295,150,207,237,238,228,339,159,154,71,215,213,124,196,179,102,167,132,144,137,145,174,195,137,109,227,104,161,151,140,89,211,226,4,178,101,115,124,121,44,122,83,82,106,61,87,123,98,143,75,93,144,275,107,54,153,72,70,111,95,92,83,117,95,79,76,68,111,85,76,52
20220912,13029,8971,5866,8278,19807,15874,4156,6063,2349,3571,3024,2655,1271,3172,2805,2876,8184,1277,1197,1314,1142,1192,1651,1134,1085,2280,525,1198,879,774,725,667,1401,884,828,718,824,860,713,1020,570,1106,814,590,529,1059,753,628,710,721,326,573,408,515,510,442,783,519,482,437,572,422,470,344,377,350,378,503,330,313,300,441,429,294,273,1394,322,536,289,388,365,324,1151,320,242,442,239,216,101,295,310,246,212,197,234,267,183,178,131,196,210,255,214,202,205,248,139,167,182,162,211,265,12,243,152,144,227,133,60,165,149,166,129,120,131,167,139,145,154,110,163,272,124,124,136,106,133,113,107,149,158,113,114,106,99,130,111,113,68,124
20220913,13460,9689,6069,8083,19543,16008,4315,5790,2587,3834,3115,2820,1222,3196,2786,3083,8158,1444,1286,1518,1400,1266,1697,1193,1090,2344,757,1300,866,828,1032,843,1471,1007,866,772,752,757,750,1123,609,1186,823,661,619,826,779,638,872,813,277,571,476,518,498,448,720,479,513,542,631,408,491,338,395,392,376,508,409,322,276,390,317,302,322,290,373,479,415,407,371,358,1072,362,230,451,265,229,100,357,395,258,214,233,249,252,194,223,131,157,243,268,181,240,213,201,180,170,208,194,174,338,5,164,165,156,182,154,71,141,155,144,121,142,138,159,111,151,159,120,141,245,115,116,134,127,137,135,101,129,126,138,126,71,79,135,124,84,72,125
20220914,13430,9993,5999,9999,20228,15258,4567,4926,2510,3775,2832,2847,1713,3306,2894,4484,8066,1252,1388,1814,1235,1381,1610,1200,1058,2231,866,1204,973,930,949,751,1451,982,1065,764,823,811,777,1002,681,1155,766,632,548,650,756,624,833,944,256,565,468,537,530,450,660,575,455,515,557,415,494,365,436,363,396,493,428,324,259,411,350,313,305,320,354,363,303,386,335,341,292,342,239,434,270,256,113,277,347,253,224,211,250,255,198,214,135,213,219,236,209,247,243,228,150,200,230,202,184,303,10,204,170,194,133,129,51,130,153,171,113,158,137,199,152,159,112,130,148,274,116,128,141,119,115,140,108,125,121,136,165,89,110,91,90,142,62,107
20220915,13621,9658,5786,9338,20306,15087,4463,5566,2654,3595,3548,2724,1625,3370,2878,12338,8000,1124,1330,1350,1297,1245,1665,1203,1071,2287,1008,1158,963,845,763,853,1347,877,907,707,731,791,750,1063,661,1169,801,585,614,654,695,657,809,786,243,594,418,493,496,416,622,534,465,468,466,412,469,342,392,303,444,452,402,305,274,467,406,315,374,313,397,334,274,359,332,363,296,316,292,565,218,218,102,336,351,240,200,183,278,255,217,172,165,188,281,200,210,231,207,166,194,169,177,172,163,323,46,158,145,145,151,127,56,157,130,161,123,162,139,203,132,174,114,135,138,293,129,140,152,121,110,126,114,102,106,120,88,77,122,92,118,74,91,133
20220916,12408,8266,5723,7304,18442,13804,4117,5766,2812,3342,2806,2450,1441,3066,2422,7415,7311,1560,1234,1496,1076,1214,1310,1106,1046,2236,888,1036,927,814,716,618,1103,957,899,700,695,702,625,767,654,1018,647,513,512,692,653,525,776,683,247,554,454,500,447,452,588,495,485,406,421,370,447,380,353,321,438,422,375,292,249,388,317,270,350,237,328,367,254,335,365,301,282,286,245,428,223,198,112,316,293,249,209,216,193,203,174,176,162,225,237,199,199,268,183,179,153,186,175,187,175,244,78,167,147,115,150,128,66,124,106,202,107,128,109,180,136,168,109,128,120,244,148,133,160,99,102,130,115,116,115,109,97,72,104,100,97,88,67,73
20220917,11518,6633,4568,6348,16281,12109,3632,4817,2233,2276,2198,2051,1121,2459,2051,4440,5809,906,959,2029,816,835,915,683,865,1972,570,915,713,594,586,517,662,759,591,485,520,569,357,691,443,803,600,444,395,374,470,347,558,627,226,346,408,385,386,268,489,414,281,308,387,343,315,281,266,345,313,359,276,248,213,367,239,209,216,226,255,308,138,175,200,177,209,276,209,324,166,177,97,232,230,106,187,175,133,118,132,178,152,186,168,174,145,137,145,88,165,114,123,59,138,259,160,92,130,131,127,106,57,99,84,87,138,66,96,110,91,136,69,86,119,280,87,68,144,72,57,86,110,122,87,81,97,79,82,73,99,85,42,56
20220918,11102,6888,4571,6831,16129,11922,3674,4677,2055,2220,2285,2255,1092,2527,2176,3813,5798,1097,863,1996,842,881,984,841,876,1839,668,939,967,596,632,546,755,604,524,539,565,607,444,619,436,812,651,402,419,385,484,350,524,695,183,330,323,372,374,309,421,396,246,993,382,336,325,316,224,297,304,353,299,276,212,519,181,194,217,264,269,256,144,203,231,192,247,229,198,328,158,189,80,241,212,108,191,171,121,154,102,186,196,205,146,166,152,121,196,129,128,140,131,87,175,241,110,121,109,116,95,104,46,101,75,98,96,93,134,127,109,133,100,105,153,259,113,65,148,85,71,103,94,126,83,90,94,65,97,85,121,77,53,44
20220919,12872,9398,5986,8969,20483,14939,4464,5761,2946,3507,2783,2691,1530,3102,2534,4134,8106,1139,1227,1759,1068,1205,1478,1159,1004,2373,658,1092,965,750,784,677,1334,853,883,716,632,804,666,775,612,1137,665,532,559,646,772,692,782,896,228,526,406,483,489,480,476,470,453,480,544,400,453,325,337,369,367,493,353,266,234,413,280,248,251,289,385,360,247,329,317,307,395,228,222,327,224,211,91,317,257,241,228,213,194,290,200,165,440,191,251,195,171,213,189,139,154,192,191,175,173,257,232,141,139,141,123,149,73,120,138,183,145,141,169,167,137,140,188,125,138,246,91,132,175,100,134,123,103,121,106,112,138,81,90,103,110,85,72,104
20220920,13473,9581,6072,8754,19791,15483,4284,6141,6236,3994,3175,2898,1556,3256,2636,3904,8210,1020,1312,1676,1307,1307,1522,1169,999,2487,630,1200,948,827,797,702,1328,899,879,762,724,885,699,854,760,1109,804,606,527,644,750,855,854,898,271,552,445,553,487,432,583,566,556,448,530,430,433,408,358,364,362,393,329,289,263,450,336,350,274,287,438,353,271,329,370,305,373,355,243,486,214,225,100,387,294,264,242,250,255,230,204,215,207,219,253,239,196,240,252,282,210,205,183,201,204,303,212,132,162,198,194,138,65,150,137,121,130,139,149,170,151,129,138,137,150,259,112,146,138,105,105,120,120,132,93,160,150,75,108,116,133,90,74,101
20220921,13233,9516,5865,9648,19983,15240,4504,6277,5052,3794,2933,2828,1464,3294,2764,3419,7720,966,1344,1703,1328,1231,1588,1189,1028,2523,636,1106,884,869,861,745,1238,865,898,715,725,763,746,980,884,1071,733,567,552,649,698,804,825,904,242,546,436,540,468,458,484,520,481,507,520,503,420,451,447,385,374,481,397,287,249,390,369,282,285,288,428,312,284,316,377,408,271,252,207,367,238,260,116,283,326,198,247,227,240,239,187,200,188,235,223,295,181,264,241,192,183,216,165,193,202,263,265,137,213,149,154,152,84,152,152,169,122,139,138,186,154,146,148,127,162,263,88,106,131,118,130,119,109,119,114,121,140,84,109,83,112,95,74,99
20220922,13171,8970,6269,8290,19119,14770,4885,6125,4238,3775,2939,2864,1486,3313,2765,3141,7670,1029,1401,1685,1317,1172,1496,1146,1078,2389,577,1133,832,781,745,734,1146,1093,897,759,766,880,714,932,783,1096,750,571,504,598,706,700,787,863,215,574,443,535,583,445,504,483,553,462,540,445,431,408,395,336,328,432,384,286,243,500,358,287,282,306,401,373,333,370,369,347,302,282,219,415,243,235,82,289,298,235,211,215,292,247,201,193,170,213,180,235,197,264,247,157,157,165,160,201,163,278,282,156,134,155,114,138,39,135,142,135,98,143,179,155,151,158,143,121,163,221,132,121,121,93,100,88,100,683,115,121,119,110,112,82,93,100,69,107
20220923,12306,8432,5608,7650,18453,14185,4482,5479,4450,3118,2636,2593,1488,3035,2753,2407,7350,1063,1229,1513,1186,1129,1339,1050,1025,2242,550,1032,735,769,685,704,1249,915,829,656,719,670,630,710,623,972,636,583,448,634,649,583,662,816,221,498,379,505,429,638,400,519,456,370,484,488,394,385,361,377,322,413,374,281,268,408,306,267,248,290,363,304,269,276,332,328,263,249,221,409,208,220,87,285,278,267,139,233,269,235,168,152,199,188,348,219,195,238,225,145,156,159,171,194,151,242,211,138,176,158,121,140,49,154,112,106,120,143,128,147,127,138,107,143,108,253,127,110,165,97,81,131,85,117,112,122,91,90,84,64,114,102,74,81
20220924,11350,7025,4488,6080,16364,12564,3823,5042,3521,2084,2252,2154,1122,2399,2017,1882,5620,725,904,1086,747,836,893,722,993,2023,497,879,663,552,577,541,694,627,517,479,504,589,382,638,395,760,593,394,399,465,450,375,560,701,184,345,335,369,341,513,461,454,304,294,365,808,329,273,264,313,286,388,327,226,214,325,237,181,174,244,296,186,170,171,195,241,188,213,202,307,133,173,72,198,250,123,201,150,142,152,118,148,388,130,294,154,150,143,177,137,144,125,121,85,129,194,146,126,115,133,89,109,35,86,116,83,86,73,121,104,91,111,94,92,118,256,73,59,134,68,57,84,94,111,63,72,85,61,93,58,77,104,52,29
20220925,10901,6677,4337,6442,16979,12483,3568,4533,3222,2059,2266,2142,962,2589,1905,1944,6024,661,1002,1167,702,826,999,828,890,1821,547,898,597,525,570,406,663,520,532,449,532,576,378,619,530,847,582,406,358,456,404,358,494,614,228,328,334,325,369,297,738,355,317,251,434,694,338,275,264,372,233,327,262,243,201,355,237,233,227,253,281,211,198,181,210,252,201,240,193,283,151,170,79,182,244,115,226,150,122,179,116,147,203,127,277,179,181,133,192,93,167,125,122,75,154,228,182,92,106,119,118,133,36,102,90,61,113,59,102,113,146,111,64,96,112,211,79,77,140,75,70,69,75,100,94,126,71,77,75,54,74,67,50,43
20220926,13115,9211,5835,8597,20425,15715,4337,5152,4296,3514,2816,2804,1568,3405,2631,2093,8051,1301,1187,1512,1082,1135,1591,1175,1005,2415,618,1087,829,757,711,637,1154,857,827,721,634,1130,692,845,666,1117,717,584,549,608,630,542,897,863,241,583,470,536,439,508,814,415,582,391,601,643,422,462,356,356,321,487,343,314,294,374,335,319,277,252,387,342,281,300,300,314,290,302,235,364,262,217,84,311,244,239,228,258,264,288,164,187,229,180,370,268,150,268,236,132,173,153,184,167,206,323,269,119,129,132,140,138,57,153,166,206,86,153,131,182,144,144,131,135,136,211,107,112,129,87,106,129,188,110,108,116,116,64,96,63,87,100,64,98
20220927,13463,9265,5688,8166,20049,15675,4362,4918,4223,3481,2834,2825,1504,3321,2823,2199,7854,1097,1199,1375,1254,1152,1582,1217,1066,2397,643,1132,804,807,760,692,1195,842,895,743,755,1211,812,776,663,1158,741,601,639,778,650,676,835,896,229,564,478,564,480,632,640,503,563,508,580,606,449,387,409,337,355,509,343,287,268,395,309,381,320,303,399,378,282,316,320,325,304,368,248,403,220,212,90,337,255,280,256,270,193,264,278,201,172,158,353,260,222,258,241,137,154,188,188,233,240,265,260,148,164,152,165,133,46,174,132,197,118,132,164,170,123,158,139,138,150,222,136,127,132,105,124,104,110,111,124,96,113,83,92,64,96,100,85,80
20220928,12408,9070,5446,9042,19530,15770,3907,4435,3617,3348,2847,2758,1525,3319,2695,2218,8042,929,1241,1346,1134,1181,1425,1276,975,2347,624,1094,793,787,747,681,1087,836,952,766,745,966,749,804,711,1163,690,598,626,656,704,594,809,876,188,520,484,482,473,450,520,476,526,384,456,458,485,369,397,380,395,453,334,319,281,359,316,303,343,300,357,400,303,291,331,336,259,231,187,388,254,204,77,333,285,230,198,216,254,294,178,232,202,199,332,293,200,263,254,155,190,177,222,201,228,310,219,156,159,148,155,137,62,148,151,158,81,158,134,149,145,164,138,137,120,236,88,101,138,102,113,118,102,99,123,131,116,80,71,89,116,89,80,89
20220929,11909,8825,5639,8468,19456,15194,4067,4521,3534,3548,2682,2692,1456,3303,2816,2257,7734,1092,1244,1609,1217,1100,1585,1180,964,2284,688,1159,839,872,722,697,1152,1162,914,734,676,890,828,846,709,1155,731,566,513,650,633,638,729,841,228,556,439,539,453,504,508,436,518,417,546,491,479,374,385,366,393,491,402,264,283,365,388,293,289,303,390,367,273,321,295,348,271,286,192,445,258,221,83,304,332,239,165,221,272,256,182,236,182,189,315,274,214,254,219,177,161,162,197,206,200,249,218,162,163,190,159,159,61,179,151,195,122,130,125,136,117,128,140,149,109,239,110,131,127,94,124,108,122,86,100,106,95,94,113,88,110,90,92,107
20220930,11129,7926,5125,7550,17201,13741,3821,4200,3197,3100,2533,2380,1375,2866,2606,2024,6898,986,1161,1592,2327,1076,1110,1041,923,2056,599,1067,691,720,755,686,967,1067,923,762,730,782,654,616,685,992,624,562,514,649,482,627,717,781,218,436,432,452,447,463,443,459,474,508,508,413,421,378,313,319,312,360,334,278,307,369,273,253,286,263,316,312,252,265,293,272,211,257,213,364,219,232,73,304,261,226,190,178,225,222,163,194,201,177,272,227,183,225,172,188,165,127,171,156,196,239,198,178,163,159,123,125,44,115,111,145,103,156,131,114,120,134,96,137,138,235,126,117,124,107,100,167,75,107,112,116,113,108,119,71,62,98,66,80
20221001,9813,6378,4350,5669,14317,11957,3066,3643,2439,1982,2020,1966,1095,2149,1937,1709,5728,653,722,1171,937,861,867,988,709,1611,549,852,557,572,598,448,640,857,535,488,472,596,353,518,557,724,442,424,378,404,380,340,518,616,161,245,290,334,345,277,389,359,293,283,379,309,337,276,230,255,252,266,262,236,194,320,256,231,203,262,278,187,130,171,170,213,211,182,186,294,133,170,45,215,196,99,141,158,93,134,131,142,169,109,274,139,160,113,164,128,165,129,92,96,144,201,172,81,100,144,118,137,42,86,90,77,84,98,77,74,171,111,80,101,109,245,86,67,131,64,77,86,84,103,97,111,92,141,74,69,101,113,120,63
20221002,9673,6601,4188,6208,15500,12279,3265,4265,2760,2003,2088,2117,959,2164,1942,1718,5730,984,808,1127,772,803,886,717,804,1782,644,903,623,594,633,413,728,780,551,496,523,590,351,530,488,803,535,411,401,378,383,341,446,617,200,267,311,367,355,336,342,335,354,339,384,337,350,314,201,312,276,297,255,176,187,324,230,177,191,261,302,218,174,165,204,190,183,189,206,321,139,170,67,224,245,140,165,157,112,148,126,120,167,143,280,175,161,122,152,77,97,133,138,82,171,227,210,143,134,109,107,171,44,80,79,74,85,74,101,97,243,100,87,103,106,220,71,56,114,68,72,75,101,91,95,106,71,94,93,55,63,64,84,45
20221003,11463,8342,4980,8169,19175,15463,3924,5336,3473,3244,2493,2504,1356,3111,2494,2229,8000,850,1100,1418,1216,1073,1227,1092,895,2211,728,1159,737,787,776,594,1185,819,826,675,685,780,589,699,824,1207,737,556,486,549,591,641,703,841,288,404,359,451,466,485,471,464,459,468,559,423,430,371,294,402,336,379,322,240,220,380,309,271,265,309,375,267,278,250,314,247,250,225,263,388,205,204,98,274,290,248,185,193,198,241,206,183,211,205,307,216,175,223,218,131,160,159,184,178,165,246,245,135,117,160,137,221,58,137,146,148,112,130,131,135,122,146,150,153,127,245,117,108,119,111,114,123,91,103,103,140,102,115,104,66,125,74,64,94
20221004,11587,8628,5071,8098,18896,15082,4005,5288,3782,3302,2636,2565,1397,3002,2703,1962,7613,974,1483,1308,1174,1107,1414,1276,924,2273,679,1057,845,781,750,727,1151,781,892,717,650,823,688,748,755,1028,681,606,503,660,564,657,710,900,253,468,425,458,494,551,482,490,490,461,526,471,418,358,382,376,458,390,317,235,271,402,371,278,296,303,299,317,303,275,245,297,235,323,212,398,229,213,66,300,287,239,205,202,214,279,316,222,168,263,292,265,204,219,228,155,145,166,192,183,178,310,193,167,167,162,140,213,67,131,156,169,135,158,117,195,126,127,134,121,124,270,145,138,99,85,106,142,121,124,108,123,103,85,88,97,113,126,82,78
20221005,11497,8201,4992,8112,19381,15003,3922,5203,3930,3260,2621,2494,1467,2804,2511,3487,7924,844,1231,1318,1114,1129,1436,1126,956,2231,736,1065,800,696,758,642,1187,887,824,679,779,813,640,662,697,1074,706,535,600,591,548,635,694,789,229,459,457,481,501,545,728,535,488,441,421,709,450,394,371,366,416,341,371,247,284,253,402,303,267,270,367,334,237,270,278,342,261,277,223,408,247,178,94,291,250,227,174,254,264,266,207,230,179,233,318,270,166,220,240,164,174,157,202,181,245,287,192,136,161,159,138,152,54,135,154,198,107,155,130,189,131,144,122,156,148,244,133,155,112,112,92,129,79,113,145,125,112,101,91,79,112,110,71,102
20221006,12756,8570,5332,7646,18652,15157,3728,4559,3548,3435,2746,2568,1614,2885,2660,1916,8031,971,1220,1427,1220,1210,1522,1206,950,2356,613,1078,812,794,795,727,1194,861,861,739,743,760,713,818,652,1178,709,609,651,657,650,639,696,855,349,493,488,527,497,644,726,447,526,527,474,555,430,416,349,433,394,443,344,240,248,404,382,289,323,307,324,334,252,313,343,371,233,281,236,405,221,213,96,322,235,214,168,219,177,258,233,222,158,210,310,300,211,224,198,221,252,180,184,198,221,277,211,170,165,168,159,207,74,163,153,194,87,162,165,149,130,144,119,163,136,235,149,128,117,112,106,129,209,99,135,151,101,84,97,81,77,106,93,95
20221007,11592,8008,4776,6605,17233,14070,3822,5218,3187,3000,2420,2448,1546,2690,2346,1575,7428,1064,1129,1377,1102,1091,1273,1097,890,2196,604,983,773,786,663,578,954,841,824,694,747,768,637,694,652,967,651,527,557,536,562,606,650,728,292,505,434,467,468,627,615,470,465,455,401,492,410,369,328,353,362,364,338,285,235,268,314,219,259,248,341,290,237,268,333,305,227,213,211,371,208,211,98,270,303,220,172,192,234,229,193,241,168,197,280,243,172,197,202,155,272,133,166,159,159,245,171,146,164,95,130,161,59,138,133,123,103,134,127,130,138,131,106,139,145,236,123,134,96,103,110,90,163,84,127,91,90,93,109,78,91,134,63,77
20221008,10742,6339,3894,5745,15019,12172,3459,4341,2706,1987,2056,1982,1206,2204,1827,1479,5985,919,830,908,742,843,951,737,729,1869,563,834,607,576,565,452,666,543,495,467,478,580,536,536,503,924,563,344,413,412,387,352,468,640,251,265,315,344,384,249,463,320,278,356,312,359,333,261,221,279,265,259,293,212,219,188,235,174,181,252,271,199,136,148,177,201,170,170,157,306,140,193,62,204,209,171,154,167,106,138,112,349,150,141,220,142,161,99,195,89,133,129,115,75,151,190,186,117,130,104,124,105,39,105,99,71,108,72,93,67,96,120,63,106,117,198,99,75,108,62,68,76,80,86,93,112,74,71,89,57,92,75,57,41
20221009,10383,6573,4266,6185,15271,12270,3143,3622,2643,2119,2084,2164,1088,2289,1930,1658,5928,686,837,1060,706,843,948,735,771,1926,649,883,718,549,511,512,658,669,491,482,601,588,475,815,413,901,566,348,375,419,443,456,465,597,252,236,350,379,383,313,446,414,256,432,280,360,331,228,241,253,270,300,245,207,199,360,199,204,190,210,245,199,148,158,216,188,206,224,159,304,113,195,93,216,212,124,169,163,88,167,145,252,132,165,207,134,138,152,190,87,138,139,144,87,158,348,180,89,140,131,103,91,43,353,90,77,90,68,86,125,69,140,81,113,101,188,135,77,113,73,92,77,139,103,75,78,76,74,88,45,104,62,52,50
20221010,12430,9086,5562,8913,19957,15982,3842,4363,3198,3418,2844,2835,1479,3135,2443,2095,8045,976,1095,1291,968,1161,1537,1066,955,2445,679,1115,830,732,642,641,1149,902,726,633,699,797,639,829,577,1049,695,525,555,647,642,594,757,871,259,427,443,524,527,637,660,434,486,587,373,481,405,331,294,349,372,415,332,237,283,452,368,308,284,292,319,262,226,328,306,318,242,289,179,347,192,207,87,289,239,246,190,223,144,203,201,263,169,177,260,240,158,236,212,170,196,170,182,185,169,458,204,130,177,175,157,133,69,191,111,200,124,125,142,162,91,161,134,154,141,254,127,139,88,99,111,97,127,90,104,127,150,99,82,87,139,99,87,94
20221011,13353,9369,6020,9307,20742,16776,3850,4671,3228,3758,2900,2989,1581,3249,2593,1968,8512,1133,1439,1514,1302,1203,1620,1184,961,2529,719,1092,816,846,747,990,1229,907,951,765,692,783,757,806,610,1198,741,580,537,714,733,618,794,861,250,515,409,503,556,847,764,583,586,596,377,529,421,427,433,395,384,471,350,317,276,547,432,272,284,358,324,346,248,340,357,388,310,253,192,402,293,220,95,335,234,269,227,228,197,265,224,210,153,226,359,263,184,214,219,224,329,188,179,188,217,326,205,153,215,165,133,196,71,163,149,220,109,143,137,171,141,194,156,145,142,261,143,135,106,109,90,130,143,102,117,132,144,101,87,107,90,138,81,136
20221012,13554,9672,5937,9766,20289,16584,3928,4706,3477,3676,2906,2819,1449,3131,2638,1922,8331,1045,1392,1579,1152,1204,1580,1277,1071,2476,655,1129,798,872,796,718,1174,960,974,726,748,821,764,955,600,1178,763,624,528,655,699,685,806,857,210,522,454,533,465,762,726,418,583,605,408,523,434,389,414,388,426,497,424,404,270,507,372,339,278,348,402,326,296,306,345,388,265,235,208,414,240,214,111,294,255,245,232,195,232,230,216,211,145,196,334,238,192,262,202,203,202,194,216,193,202,278,201,167,169,231,172,176,89,157,139,201,113,134,170,173,122,189,138,130,132,242,144,110,132,106,116,117,127,125,113,139,151,118,83,97,103,105,79,108
20221013,13109,8986,5867,8535,19037,15311,3824,4786,3470,3607,2815,2750,1625,3410,2819,1821,7916,966,1570,1424,1141,1285,1553,1116,1067,2485,793,1137,896,822,748,788,1148,963,899,668,715,708,721,951,657,1180,675,665,542,667,650,760,763,859,301,571,424,546,562,645,549,511,571,622,415,489,471,412,399,357,416,417,434,356,265,445,409,291,243,327,332,351,339,331,353,383,275,261,189,429,232,218,105,326,231,311,183,228,187,264,204,227,123,255,366,238,270,197,262,185,145,184,207,177,193,288,244,152,182,181,146,160,71,173,143,174,121,126,129,153,153,131,140,119,124,271,113,118,135,102,111,123,148,98,108,111,157,115,86,80,101,132,68,119
20221014,12169,8464,5410,7816,18282,15035,3550,5259,3015,3108,2674,2762,1397,2997,2578,1713,7555,1114,1240,1442,1156,1329,1348,1125,1029,2203,700,983,791,977,878,712,1050,950,821,706,726,697,665,816,584,1010,656,550,580,636,563,572,710,762,297,514,394,475,502,534,563,448,507,537,356,520,465,319,398,380,398,429,442,327,243,448,356,241,275,322,387,235,298,300,347,354,250,275,202,361,204,248,96,291,238,263,184,203,173,236,187,519,141,186,360,231,223,202,230,167,148,177,184,193,193,290,218,160,138,157,143,163,70,142,157,132,113,109,137,143,150,143,145,128,130,256,133,125,136,101,100,119,105,92,109,137,119,97,93,75,108,97,66,94
20221015,11350,7311,4414,6762,15558,12982,3156,4241,2140,2078,2177,2006,1130,2362,1907,1433,5809,741,1155,1133,890,1083,1091,742,896,1931,612,823,632,639,584,527,653,813,498,494,497,576,419,693,440,927,567,529,402,465,406,329,564,612,207,256,351,391,357,407,492,359,365,370,300,375,395,317,200,331,313,274,323,246,218,339,250,171,178,265,267,185,160,166,184,194,178,159,177,274,181,280,75,244,284,93,192,161,115,141,167,309,109,184,225,179,202,144,201,104,135,93,125,95,155,243,155,124,143,139,136,86,47,142,73,109,112,64,112,98,88,103,76,134,119,276,97,68,116,70,71,122,74,113,94,95,146,87,84,109,81,83,57,42
20221016,10820,7127,4492,6483,15436,12965,3257,4466,2298,2242,2237,2239,1023,2556,2004,3103,5699,996,1025,1206,839,911,1226,742,932,1773,615,839,696,609,631,524,681,956,523,519,555,547,450,688,410,979,586,474,516,509,441,394,566,564,258,280,322,438,368,292,447,432,392,357,321,425,365,312,228,297,329,322,318,235,217,824,296,197,184,314,278,197,149,153,218,206,208,231,263,301,168,189,90,234,198,150,139,149,101,160,157,320,157,177,263,168,206,218,228,111,160,134,134,88,188,298,181,104,138,137,128,129,41,108,99,74,123,54,97,128,79,88,65,82,119,257,98,78,132,78,67,147,66,95,83,99,91,73,109,177,71,48,60,60
20221017,12857,9035,5743,9735,20093,16642,3955,5524,3939,3607,2946,2756,1431,3410,2674,2414,8001,953,1316,1716,1150,1201,1544,1125,1014,2469,708,1145,831,844,784,728,1167,1144,899,693,766,785,826,863,622,1107,711,611,576,675,698,585,795,770,285,497,401,541,537,667,530,563,566,493,386,474,530,380,365,381,386,404,450,306,280,811,427,275,286,302,408,338,253,333,390,341,263,209,253,391,264,218,108,340,263,216,171,237,197,327,236,259,141,226,325,249,200,287,232,143,176,144,195,185,211,344,195,136,138,215,172,171,80,173,139,157,150,150,151,168,99,142,116,105,144,231,126,139,109,112,126,127,115,136,113,121,133,104,122,207,110,59,70,89
20221018,12956,8983,5962,8864,19289,16057,3919,5446,3617,3561,2968,2776,1498,3353,2697,2318,7852,1143,1473,1707,1391,1318,1622,1204,1084,2581,775,1150,793,882,822,647,1196,1203,997,736,702,695,731,847,694,1127,809,693,585,673,759,654,830,801,313,538,443,543,543,656,537,562,556,509,466,528,472,358,379,448,416,471,455,270,272,490,408,287,278,277,407,333,279,338,311,303,289,255,198,415,243,257,115,282,307,280,214,199,222,262,207,263,132,285,378,244,194,259,211,164,169,183,192,199,219,288,253,129,162,184,184,160,57,161,147,239,102,172,147,154,149,180,124,133,132,248,133,121,125,124,134,141,109,89,120,149,134,102,101,95,89,79,82,118
20221019,12727,9199,7141,8967,20255,15286,3954,5517,3683,3587,3065,2684,1395,4586,2588,1932,7813,1254,1868,1687,1120,1268,1517,1240,1012,2410,691,1179,752,865,804,690,1303,1184,985,870,815,741,777,813,659,1178,677,624,578,708,662,604,805,828,270,538,427,558,523,547,588,482,673,478,435,575,480,396,348,432,415,402,457,318,304,46195,500,277,304,268,449,335,277,340,288,311,251,212,199,375,286,225,121,331,251,292,403,258,240,226,214,288,165,267,320,250,200,228,217,188,163,190,190,209,183,298,223,169,179,168,165,161,48,148,123,184,104,156,119,173,154,181,169,155,106,210,137,144,121,121,86,136,107,90,100,157,135,99,110,101,119,104,79,104
20221020,13316,9479,7258,8281,19826,14980,4244,5959,3191,3349,3477,2620,1410,4554,2514,2056,7511,1089,1294,1736,1223,1269,1403,1285,1058,2427,657,1192,725,896,779,671,1118,1116,925,764,718,779,783,860,593,1143,755,677,584,715,624,582,824,797,275,521,445,513,512,472,759,567,779,481,435,643,506,381,386,367,392,413,375,332,296,2634,405,374,291,346,364,329,302,344,299,366,261,232,217,445,248,216,121,322,268,235,230,205,223,247,228,318,200,195,361,263,206,254,264,156,183,190,160,182,177,322,249,162,156,166,164,159,66,178,117,155,127,131,140,164,131,135,129,162,128,251,167,129,142,154,116,111,139,104,117,132,119,78,76,95,98,93,79,107
20221021,12572,8583,6832,7202,18911,14116,4248,5751,2982,2845,2997,2389,1268,6117,2347,1961,7025,1050,1158,1542,1074,1194,1432,1138,972,2108,607,987,828,741,679,602,1066,1052,852,668,752,692,684,771,617,998,683,663,591,611,603,632,695,822,218,485,428,512,583,455,781,455,507,468,423,627,483,388,325,351,442,422,408,418,275,1040,357,286,367,272,369,342,253,274,236,308,241,203,223,419,237,217,111,340,262,203,203,209,222,191,191,236,169,236,316,212,190,248,218,147,169,152,182,175,203,257,212,131,150,121,124,154,53,141,114,197,100,159,100,154,126,117,150,116,132,254,118,90,151,98,110,113,103,85,96,136,129,107,79,84,96,75,73,105
20221022,12286,6560,6303,5438,16778,11651,3575,4828,2319,2128,2257,2144,1076,4834,1987,1550,5133,987,898,1063,716,916,1105,833,829,1778,546,824,736,631,589,525,642,743,541,519,582,528,312,581,360,1031,515,486,431,402,433,354,486,631,243,293,313,359,543,323,819,409,279,353,333,400,372,295,265,314,361,355,336,289,199,953,321,258,195,234,316,231,156,223,187,216,174,205,180,329,165,201,83,214,152,127,165,168,113,146,107,385,176,174,267,164,148,135,185,118,142,129,95,103,146,233,156,112,154,133,138,124,52,96,90,60,92,57,83,82,87,113,75,109,114,277,92,60,152,82,60,107,107,104,85,95,85,85,95,71,97,67,74,58
20221023,11443,6498,6239,5981,16939,11832,3334,4754,2258,2055,2163,2150,1106,4658,1991,1642,5163,822,945,1128,852,938,1059,804,786,1747,625,882,736,634,675,528,721,701,547,615,647,547,357,632,456,966,519,432,482,493,489,364,420,604,226,296,320,355,467,359,677,378,303,315,349,446,401,285,272,338,313,326,371,295,212,863,315,216,225,256,313,226,167,212,188,202,235,178,187,301,169,249,93,202,170,134,159,301,167,137,167,299,149,175,260,163,143,121,197,97,140,155,113,71,150,285,187,111,223,166,172,167,72,114,94,93,91,62,108,127,87,115,79,105,128,263,152,68,121,83,56,101,91,77,100,110,97,92,82,85,100,92,124,43
20221024,12076,8108,6624,6498,18556,13828,3788,5380,2847,2920,2738,2640,1391,4910,2563,1933,7167,927,1414,1498,1077,1180,1380,1180,993,2083,1002,976,975,795,820,645,1044,969,842,742,739,707,656,627,744,1076,645,597,666,608,555,629,662,820,273,471,390,494,473,563,782,406,519,407,441,746,493,407,331,354,423,438,378,332,280,497,469,278,251,270,396,310,279,262,285,222,249,243,202,353,266,208,91,319,226,206,170,451,188,209,196,221,135,266,302,248,170,213,230,150,131,143,156,172,150,328,219,156,170,166,157,167,56,160,99,155,104,155,175,152,95,152,126,139,151,228,152,93,154,115,144,135,118,95,116,130,96,103,77,97,93,87,76,73
20221025,13430,9282,6952,7505,19500,14185,3849,4905,3212,3343,2862,2728,1295,5005,2579,2059,6615,1083,1222,1570,1237,1249,1480,1176,1067,2441,927,1118,1126,784,718,725,1220,1074,976,810,775,677,690,732,858,1057,669,918,785,687,658,645,717,812,405,495,385,519,566,569,866,544,548,433,445,534,449,455,348,368,474,392,339,296,278,560,487,341,310,256,360,324,274,402,289,323,263,254,210,345,267,227,115,328,292,260,192,495,212,238,226,189,144,258,400,244,216,224,246,199,159,198,197,198,204,362,205,177,184,163,133,141,71,108,135,161,111,159,135,111,128,184,147,185,171,240,162,102,122,113,91,115,124,99,135,142,122,132,61,101,108,117,102,94
20221026,13455,9869,7066,8569,19974,14035,3753,4278,3600,3396,2757,2594,1220,4663,2705,2285,6523,1028,1219,1527,1332,1290,1466,1371,983,2194,840,1103,930,827,752,729,1193,1075,792,742,717,713,794,703,853,1168,682,676,705,697,705,591,810,903,553,456,419,563,546,492,723,473,558,457,464,562,477,402,351,791,456,413,451,276,271,441,385,346,442,312,379,281,312,371,331,337,210,297,264,459,265,225,103,287,233,247,197,637,225,226,219,185,126,182,359,231,220,239,198,167,139,194,208,204,197,337,229,170,163,164,143,175,59,163,118,146,110,144,126,141,148,199,135,142,148,267,131,130,135,123,105,142,147,97,144,118,114,119,83,89,103,110,95,104
20221027,13838,9470,8002,7977,19432,14024,3922,5250,3097,3382,2804,2880,1251,4467,2619,2080,6848,1079,1222,1657,1367,1371,1420,1183,1029,2290,698,1063,897,826,810,705,1189,1138,824,689,795,717,677,749,779,1075,741,645,631,667,616,720,795,815,348,504,431,483,560,522,822,525,632,511,419,563,499,376,399,403,445,366,424,345,272,302,428,296,412,266,388,396,286,406,387,322,230,241,223,456,263,228,104,322,289,249,197,727,238,221,215,230,112,218,284,245,223,199,235,165,211,164,203,161,184,304,204,155,188,146,132,155,56,147,108,142,104,144,147,128,128,195,155,155,139,234,94,112,136,136,103,123,152,132,131,169,117,147,95,84,126,100,85,91
20221028,13533,8274,6969,7683,18877,13364,3847,5286,2734,3074,2747,2558,1216,4575,2601,2069,6287,1292,1280,1541,1389,1180,1376,1237,1123,2442,646,1078,815,818,784,685,1061,1398,835,737,716,667,549,735,733,953,693,679,640,592,578,604,799,832,311,455,409,509,710,466,644,487,520,483,397,491,448,374,337,376,397,379,344,426,220,287,388,247,392,281,341,307,243,339,271,309,236,237,224,401,231,226,79,264,267,204,179,379,184,193,164,267,168,228,294,244,259,202,226,168,162,140,423,172,221,305,182,133,131,146,139,174,48,176,97,119,95,126,80,150,146,169,114,132,101,239,115,103,107,125,86,95,103,110,137,132,95,95,70,74,102,100,81,100
20221029,12194,6855,5991,6124,16176,11461,3227,3240,2212,1951,3003,2071,952,3911,2039,1713,4887,899,913,1275,872,993,1047,735,837,1875,528,1049,589,634,723,500,634,1082,506,534,478,534,364,653,480,926,569,410,405,418,421,358,453,690,304,319,291,389,514,269,596,347,322,350,306,399,435,307,273,317,273,356,279,323,202,202,216,178,359,319,297,198,167,241,173,192,215,184,212,318,137,191,68,218,213,122,165,147,129,143,127,317,125,129,258,177,207,106,201,97,178,124,264,77,168,260,146,145,104,124,129,104,40,108,79,81,85,83,74,99,83,113,86,78,115,258,112,56,112,96,41,85,97,92,81,126,67,101,90,73,113,97,74,68
20221030,12217,6681,5895,6332,15995,11573,3442,3807,2176,2019,3763,2136,893,4015,1917,1773,4968,730,896,1285,893,1011,1045,798,900,1699,601,850,650,617,668,443,652,1106,587,525,520,481,416,594,524,1176,614,389,395,484,493,428,483,616,302,283,306,387,389,323,614,360,378,302,284,615,388,311,264,275,300,281,301,282,236,217,268,241,186,263,295,239,160,200,166,156,223,190,195,294,209,188,82,260,199,101,153,168,129,113,115,175,128,149,258,167,169,133,208,91,165,121,133,87,169,265,170,121,108,139,144,132,42,99,84,82,77,97,78,87,89,129,59,92,116,213,85,85,130,72,61,86,75,84,81,73,98,77,134,77,140,98,53,38
20221031,13487,8831,6914,8470,19680,14530,3985,6022,2632,3308,3774,2597,1244,4587,2553,2123,6833,931,1202,1645,1095,1239,1353,1036,1020,2204,609,1055,798,787,788,595,1120,1420,698,775,726,741,767,786,674,1174,688,557,606,564,609,573,754,831,249,501,358,473,460,415,447,470,572,398,388,500,481,376,337,362,346,388,445,295,285,232,405,318,299,291,362,312,280,304,293,255,282,251,205,401,244,196,100,332,254,202,199,177,212,207,162,228,165,266,297,196,218,235,238,143,189,177,205,180,180,242,194,527,120,140,132,132,70,162,111,152,110,136,120,102,131,162,100,123,126,187,89,113,108,133,93,121,112,101,147,134,128,112,229,83,117,115,43,101
20221101,14071,9244,7572,8282,20381,15081,3959,5633,2693,3420,3362,2546,1270,4575,2658,2090,6621,1120,1392,1709,1130,1195,1558,1056,1063,2242,670,1080,842,836,828,613,1118,1834,799,703,1199,665,725,720,659,1047,664,782,545,722,654,625,753,832,344,455,389,532,507,437,490,567,524,401,460,470,580,626,349,401,362,461,389,293,272,266,341,288,288,269,375,280,318,243,305,262,278,240,200,389,227,199,105,342,275,222,187,224,195,226,208,221,164,228,363,211,197,266,229,140,138,206,190,155,185,287,168,184,173,157,152,126,80,135,120,149,114,153,178,172,116,189,113,128,138,224,134,114,118,109,104,120,107,103,111,145,160,72,85,109,101,102,61,99
20221102,15100,9582,7206,9348,21178,15645,3929,4783,2945,3702,3384,2809,2006,4700,2733,2105,7227,2226,1274,1734,1196,1279,1651,1173,1020,2316,874,1109,780,826,775,754,1231,1907,895,745,1196,765,834,825,843,1088,718,1096,654,697,737,644,819,815,281,517,452,528,489,572,664,578,525,453,517,446,502,759,326,407,400,463,428,314,307,237,362,397,293,324,371,305,287,312,347,315,293,252,226,439,261,182,122,299,255,270,220,232,204,260,199,223,153,193,382,274,215,234,240,152,137,194,197,203,218,360,255,202,198,168,162,170,69,154,159,150,108,146,183,156,132,190,147,169,143,220,100,123,156,108,138,151,189,110,115,147,170,120,70,93,110,106,63,102
20221103,16029,9592,7327,8747,20514,15397,3896,6152,3685,3696,3363,2896,1613,4482,2948,1998,7496,1154,1298,1821,1283,1311,1548,1043,1146,2400,1099,1119,901,862,727,676,1238,1610,916,737,1235,732,764,870,918,1177,731,675,653,773,738,696,719,821,301,486,409,502,642,726,745,546,587,439,439,491,511,460,406,414,461,444,456,263,297,248,359,257,367,552,369,324,290,289,295,355,274,307,844,428,239,246,118,380,265,255,225,216,228,255,183,163,128,167,269,245,195,221,210,167,139,163,215,224,174,349,196,180,178,163,153,208,91,156,129,162,133,141,137,118,119,202,131,136,114,213,96,129,163,139,86,125,150,89,113,111,142,123,114,118,124,125,69,128
20221104,14278,8521,8050,8075,20950,14612,3790,6021,3294,2983,2991,2722,1496,5532,2679,1933,7083,1111,1445,1607,1363,1339,1423,969,1006,2272,686,980,688,890,680,617,1066,1543,727,747,1079,739,706,827,741,1020,635,664,524,686,609,607,682,791,489,491,384,924,465,558,677,483,593,496,448,455,520,464,383,401,454,385,413,303,290,280,282,286,274,266,353,292,285,295,286,283,284,241,655,383,207,233,96,314,338,243,189,221,221,206,209,189,125,224,216,211,231,223,231,162,172,175,170,183,209,281,157,170,172,183,129,163,68,129,135,128,108,130,136,112,131,145,124,126,113,227,110,110,149,95,93,109,122,101,119,129,182,96,113,62,92,92,70,102
20221105,12990,6940,6746,7104,18881,13752,3509,5493,2436,2078,2440,2302,1105,4767,2112,1742,5742,811,900,1217,875,1047,1116,719,987,1928,590,891,576,657,589,435,646,1213,575,467,811,586,421,632,501,788,575,452,475,493,475,336,513,558,339,288,284,462,327,377,643,388,346,294,301,399,345,347,283,325,325,365,356,215,280,209,276,188,190,247,313,183,160,182,164,169,209,192,380,322,164,214,84,251,225,103,170,150,145,196,106,148,144,139,184,171,165,158,213,181,294,138,121,101,149,252,160,149,114,113,132,114,74,93,109,46,134,64,85,95,71,138,70,116,113,188,110,50,119,81,69,98,80,107,96,85,103,88,95,80,68,99,87,57
20221106,12674,7382,6235,6231,17237,12313,3338,5473,2695,2104,2582,2226,1100,4025,2143,1749,5395,777,858,1229,719,1012,1029,784,929,1881,576,845,640,656,639,521,704,1102,593,478,752,572,405,627,587,822,613,457,511,558,492,340,535,600,255,292,324,570,364,356,862,382,324,265,338,429,416,355,262,311,348,262,322,267,244,186,295,213,193,264,272,211,153,160,271,201,203,181,319,326,222,237,93,271,197,109,170,173,106,170,133,156,151,163,208,159,205,160,199,100,96,127,121,99,168,297,172,113,142,124,124,128,53,117,77,69,109,52,98,94,94,173,76,124,106,212,95,56,133,83,83,105,77,99,77,87,130,82,84,87,146,110,65,68
20221107,14393,9629,7336,8796,21535,16014,3944,6630,3487,3446,3021,2858,1296,4656,2953,2194,7627,965,1382,1573,1377,1285,1512,1090,1103,2470,645,1105,833,899,717,1496,1262,1162,870,676,981,781,719,763,729,1022,615,695,600,703,699,650,744,753,266,474,347,525,568,687,705,483,533,411,438,504,542,492,313,381,475,374,390,381,271,287,378,296,405,271,371,297,268,290,311,301,302,252,310,447,259,228,104,379,240,240,199,231,192,255,210,149,171,205,272,242,227,266,226,287,158,180,207,196,191,268,211,165,161,154,160,176,46,130,148,183,110,140,174,168,127,185,3101,144,118,207,117,97,162,103,122,162,136,92,112,137,159,113,66,101,132,115,67,95
20221108,14407,9693,7582,9008,21842,15627,4234,6824,3018,3478,3202,2832,1380,4503,2895,2287,7866,1247,1254,1660,1230,1333,1555,1205,1107,2585,622,1142,897,995,782,1291,1141,1246,876,852,1057,740,674,778,778,1080,719,738,567,762,742,613,867,925,237,580,483,535,547,645,606,512,590,485,437,501,457,456,363,380,547,365,427,328,243,219,373,316,281,283,361,379,344,315,340,391,319,234,314,368,287,265,106,326,241,249,213,218,223,233,1710,176,129,213,244,231,231,238,203,179,147,212,215,202,197,284,213,169,172,184,170,164,79,184,146,154,120,125,117,169,148,198,1947,151,154,236,117,123,165,115,104,111,122,97,127,185,134,110,64,86,120,127,77,111
20221109,14958,9089,7066,8787,20844,15423,4230,6370,3018,3375,3386,2622,1432,4528,2873,2771,7884,1304,1271,1693,1340,1371,1543,1119,1101,2366,668,1099,848,1226,747,826,1147,1193,971,704,901,754,809,726,710,1099,684,738,601,700,674,642,776,1039,255,589,558,538,515,761,521,464,532,461,483,502,576,436,322,370,441,557,421,319,259,259,370,264,311,252,350,290,328,328,285,312,277,195,304,412,274,221,115,367,288,219,231,240,233,261,1530,203,148,256,256,277,277,274,263,245,139,191,152,184,163,289,224,142,162,172,176,165,59,162,138,157,129,140,154,137,134,186,960,146,165,242,263,123,110,116,103,129,131,110,115,242,139,109,77,75,112,122,90,82
20221110,15153,8807,7175,8230,20665,15588,4068,6551,2764,3389,3142,2507,1454,4462,2903,2836,8024,1168,1204,1696,1289,1354,1481,1068,1079,2494,643,1038,893,1008,726,714,1182,1253,896,747,837,749,661,800,747,957,734,711,619,686,678,625,778,897,241,501,726,549,499,531,672,476,519,476,367,511,515,409,311,384,448,411,411,325,272,219,338,277,301,281,326,272,294,318,268,346,284,216,328,446,249,193,100,377,263,201,237,266,260,255,618,176,134,220,235,257,278,222,202,193,165,180,174,215,176,298,190,187,179,164,156,183,65,178,111,190,134,139,142,136,138,152,365,138,134,178,158,116,121,127,89,103,135,93,121,197,148,121,90,75,102,98,118,86
20221111,14064,7985,6997,7544,19336,14187,4150,6058,3199,2931,2979,2314,1353,4659,2581,2596,7066,1389,1103,1568,1213,1206,1334,1251,1041,2423,553,1054,821,967,620,838,988,1079,783,692,894,658,537,693,687,929,606,618,596,645,603,469,729,966,276,493,897,488,411,525,628,386,429,977,387,477,508,356,295,353,416,457,353,286,277,207,321,260,276,275,363,329,394,276,306,305,237,250,339,343,203,278,97,316,287,174,253,195,177,192,319,178,130,221,245,198,250,213,272,162,165,155,168,183,158,261,195,176,138,218,153,154,46,192,120,124,145,125,114,134,131,164,353,136,131,206,139,100,152,120,85,97,106,80,98,154,139,163,101,94,95,127,87,71
20221112,13322,6824,6911,5789,17338,12394,3861,3883,2643,2019,2671,2145,1140,4833,2239,2733,5509,991,881,1123,1083,987,1048,711,933,2059,569,854,690,674,546,540,658,840,518,448,565,520,394,701,436,834,527,470,476,415,422,378,595,787,247,300,1021,424,411,302,1125,379,340,1973,308,316,410,309,228,425,320,417,316,224,230,208,190,214,202,258,291,195,204,162,197,209,239,192,252,340,140,207,88,244,229,92,286,159,119,150,200,146,132,324,213,182,182,133,195,97,158,139,132,105,189,269,154,106,114,116,131,140,56,88,117,75,138,68,123,101,98,105,407,109,93,237,87,70,300,66,72,96,104,89,98,106,130,84,77,74,121,100,66,52
20221113,12801,6977,5964,6396,16708,12314,3917,3738,2566,2108,2485,2298,1100,4358,2314,3049,5434,1605,820,1180,698,1079,1113,753,990,1963,607,955,716,668,569,671,725,880,548,2751,639,556,390,644,489,806,586,496,454,482,480,314,563,836,240,367,1016,393,375,402,491,417,344,352,345,395,378,302,229,374,336,312,324,248,230,287,243,286,206,260,311,190,213,159,140,196,207,208,238,342,153,184,70,218,291,108,184,158,137,160,208,144,120,356,191,166,190,153,192,92,159,140,110,114,170,241,186,135,127,141,127,156,41,90,70,97,100,55,86,142,73,130,1902,118,104,229,128,60,146,128,72,80,92,101,67,95,108,87,71,67,103,90,69,40
20221114,14349,9308,7224,8403,20218,15515,4027,4264,3283,3193,3142,2751,1316,4601,2952,3311,7726,1343,1160,1597,1266,1390,1646,1053,1193,2433,706,1233,771,905,758,913,1136,1234,920,4908,812,698,717,726,698,1021,689,798,604,745,626,656,942,987,267,504,953,539,536,515,532,532,547,391,433,518,539,456,294,387,400,449,399,318,231,406,379,289,306,270,372,297,325,323,328,392,303,232,305,336,275,244,104,329,247,226,195,239,196,246,855,182,151,219,264,242,257,322,229,172,153,220,176,201,188,281,221,158,172,294,173,196,51,220,116,174,151,123,130,140,139,200,1920,151,119,237,133,116,159,123,92,111,110,133,109,175,137,93,93,87,108,96,106,76
20221115,14105,9300,7323,8825,20155,15168,4372,4343,3178,3227,3208,2586,1488,4762,2868,2930,7492,1194,1288,1683,1197,1439,1539,1062,1214,2610,679,1198,882,904,959,732,1176,1226,876,1507,767,743,765,813,770,1024,703,651,608,767,674,667,950,1053,203,556,910,479,528,503,534,489,507,457,415,437,493,445,325,446,436,504,440,280,302,388,369,276,257,292,359,381,297,334,350,348,270,239,319,471,239,258,120,355,312,210,249,223,242,278,332,162,129,218,293,254,223,282,230,183,163,166,239,242,206,322,222,157,182,196,188,151,51,184,134,143,108,109,153,129,141,138,987,162,108,249,119,78,166,113,101,112,102,103,120,151,133,102,199,106,99,71,90,92
20221116,14708,9134,7092,8572,20153,15458,4190,4803,3400,3357,3211,3006,1314,4617,2903,2962,7742,1113,1209,1556,1244,1413,1490,1111,1081,2417,667,1237,818,915,951,699,1067,1225,923,1436,791,775,749,925,806,1031,788,692,602,680,727,626,806,1029,208,601,819,552,512,464,577,441,673,443,436,473,474,430,353,445,448,401,512,346,263,340,373,361,338,261,386,361,314,305,406,308,256,244,333,421,267,236,97,318,295,206,246,210,473,262,267,160,171,216,256,235,231,245,236,178,163,208,193,206,171,307,217,151,160,166,160,165,44,151,140,169,122,134,156,215,136,181,753,124,140,253,126,122,129,130,110,102,123,89,114,158,128,108,112,94,96,79,70,111
20221117,14506,9222,7283,8469,19883,15118,4227,4528,3436,3207,3054,2823,1423,4730,2816,2988,7462,1066,1428,1643,1368,1478,1416,1199,1161,2430,612,1034,984,901,895,925,1053,1295,813,1108,828,685,666,770,743,1073,706,792,625,759,717,609,839,1024,399,509,902,555,507,530,533,464,513,543,424,691,483,385,327,430,510,399,520,310,269,307,294,315,293,446,367,286,324,312,301,326,277,287,286,411,261,251,118,388,278,230,224,313,218,238,266,197,137,192,290,259,238,242,228,177,135,205,196,203,221,284,232,123,183,198,153,219,70,170,110,169,170,142,145,193,155,208,431,163,169,210,135,126,143,152,99,150,110,125,128,137,140,131,99,78,132,91,85,108
20221118,13756,8096,6970,7924,18700,13512,3976,4532,2834,2798,2889,2510,1488,4955,2739,2622,6348,993,1110,1465,1254,1280,1384,1080,1152,2456,574,1015,784,806,809,644,960,1412,798,970,825,713,703,738,677,923,625,625,572,637,616,572,797,1058,304,546,763,476,455,542,461,428,516,553,381,668,491,451,265,379,391,370,475,304,272,298,349,283,261,294,391,290,266,311,259,266,304,253,262,450,239,210,98,305,237,202,146,225,185,227,252,186,110,223,275,257,232,200,227,178,139,179,187,200,172,299,240,159,164,168,175,151,59,163,122,161,165,114,125,153,138,134,286,148,200,210,121,105,145,104,100,119,118,102,112,137,105,83,110,61,125,81,96,99
20221119,12569,6814,6669,6037,16628,12108,3360,3355,2290,1849,2538,2272,1280,4917,2175,2152,4871,954,868,1134,748,1065,1050,716,1058,1942,532,853,572,643,598,492,615,1115,554,769,611,528,363,558,465,767,581,457,504,447,437,390,640,806,175,358,653,386,393,328,415,349,360,331,290,451,422,283,244,313,291,316,353,235,223,265,225,191,186,264,283,180,214,182,164,240,230,140,193,301,164,140,89,215,239,107,191,156,126,162,181,140,141,169,209,163,194,100,209,83,142,119,133,105,148,266,173,171,123,143,118,107,55,132,105,97,116,64,106,101,117,118,187,124,113,238,66,58,149,54,81,77,101,108,99,101,87,57,107,64,109,70,69,44
20221120,12454,6662,6481,6175,16165,11821,3273,3847,2225,2260,2525,2304,1191,4420,2116,2269,4798,773,938,1084,761,1093,1068,789,882,1892,590,872,553,682,546,505,701,992,504,674,595,569,448,612,524,759,498,424,489,492,412,426,528,828,166,376,672,505,391,293,382,348,450,327,315,389,369,305,253,361,363,334,322,381,245,280,212,210,194,269,282,216,196,168,175,184,252,183,208,314,160,187,69,250,241,105,153,177,110,265,137,126,155,153,250,198,171,121,338,73,107,165,101,130,182,275,190,98,179,167,113,118,39,110,82,90,133,89,113,139,82,126,148,108,118,226,109,76,163,85,82,77,88,107,90,107,82,58,86,60,99,107,92,58
20221121,13667,8857,7229,7554,18452,14603,3736,4787,2592,3280,3089,2680,1354,4347,2687,2638,7054,3519,1090,1379,1168,1447,1492,1113,1076,2423,640,1050,719,726,732,685,1042,1055,754,951,730,930,699,718,706,1032,620,716,549,660,642,584,772,912,229,536,691,454,528,558,603,399,540,487,408,484,465,392,323,393,432,435,421,326,287,329,347,280,276,282,316,350,268,357,278,284,289,239,223,410,306,252,97,346,260,169,216,204,197,286,232,183,162,167,245,267,192,268,226,190,138,204,216,200,167,296,181,145,199,168,135,139,56,233,110,197,129,105,141,136,136,183,209,148,124,185,147,113,107,150,85,124,110,139,119,131,141,106,94,75,117,100,117,106
20221122,14089,9087,6762,7066,17895,13991,3792,4637,2730,3471,3317,2856,1422,4458,2718,2588,6891,1543,1198,1448,1148,1363,1426,1083,1057,2316,620,1123,867,852,655,677,1110,1028,830,825,710,727,705,720,873,1131,680,647,639,948,629,634,897,984,226,526,618,655,460,597,580,417,698,442,422,503,499,421,342,366,424,370,431,294,319,337,337,253,310,280,331,317,306,301,291,357,241,202,223,391,238,207,104,327,264,189,178,232,223,368,280,178,137,169,288,277,172,280,338,276,134,181,234,193,196,289,186,141,135,177,158,159,46,180,136,216,149,111,149,178,140,144,168,165,169,231,126,121,144,121,123,113,115,111,108,146,139,107,95,82,120,119,72,95
20221123,13623,8777,6715,7552,21166,14411,3852,4488,2701,3210,3206,2860,1486,4693,2726,2363,6987,1028,1148,1427,1215,1323,1607,1065,1062,2270,606,1053,835,804,654,753,1100,1016,794,810,813,693,710,785,777,976,714,722,629,628,661,626,820,975,192,546,672,543,500,490,606,423,534,436,422,504,507,367,295,395,404,532,452,322,280,357,340,260,313,294,356,345,272,336,240,290,266,201,254,357,250,205,95,322,255,261,193,201,206,219,232,147,144,175,311,249,161,305,222,202,159,217,186,218,207,280,212,162,165,181,162,135,50,183,124,159,140,166,123,132,125,172,213,158,122,237,118,93,139,114,106,86,121,123,152,136,150,98,108,105,112,85,95,87
20221124,13126,8231,6488,6967,18778,13673,3665,4279,2689,2865,2935,2647,1479,4026,2575,2104,6729,932,1048,1345,1108,1177,1414,991,1009,2156,607,1024,736,807,600,593,971,952,735,679,660,626,646,705,735,945,571,572,534,693,551,630,770,778,230,459,587,457,542,452,555,447,440,397,357,547,454,340,316,415,355,417,394,273,219,279,387,243,293,292,346,307,245,240,241,274,239,185,211,380,218,198,105,258,235,190,173,212,187,249,191,153,128,181,262,215,144,219,178,146,167,138,147,171,182,255,210,142,149,143,135,164,47,167,145,134,147,171,152,133,110,195,150,123,135,208,111,84,120,125,110,103,113,102,98,122,155,77,89,83,116,78,53,108
20221125,12900,7845,6252,6047,23105,12751,3775,4118,2879,2480,2627,2437,1427,4132,2317,1904,6368,1192,980,1272,979,1192,1191,875,942,1990,556,837,665,764,610,550,953,837,689,678,757,667,526,704,699,856,531,594,565,639,525,480,600,671,248,420,434,421,424,348,504,404,434,389,326,458,461,324,268,321,320,419,338,245,267,319,299,223,251,228,308,274,270,266,268,200,251,211,240,308,232,217,69,268,234,176,176,164,181,257,209,159,139,187,328,196,149,190,196,123,118,166,151,147,150,279,183,130,119,141,130,107,63,134,113,121,109,110,118,121,140,118,189,164,122,202,92,77,120,93,100,99,100,108,100,143,112,74,96,56,85,80,45,63
20221126,12166,7231,5329,5101,17211,11785,3192,3590,2487,1875,2265,2101,1188,3797,2120,1879,5164,1178,1010,1109,866,961,1020,721,889,1751,577,771,604,605,617,459,674,692,489,554,652,578,345,532,570,766,479,403,488,463,398,345,624,630,197,322,404,364,360,353,623,334,302,272,266,387,394,316,229,297,322,357,341,275,228,297,209,218,180,225,279,187,168,136,142,206,245,165,412,257,140,211,80,226,223,107,157,151,125,124,157,108,126,152,222,195,146,121,176,85,137,138,99,75,163,261,142,121,127,127,114,124,47,77,108,116,129,73,99,128,95,97,92,119,117,250,97,54,127,85,69,74,94,81,149,104,90,87,114,85,103,69,88,40
20221127,12706,8054,5506,5948,15924,12365,3382,3657,2393,1946,2554,2057,1233,3896,2158,1755,5099,835,858,1212,723,1137,1151,771,803,1778,617,901,669,593,635,511,653,760,563,603,643,621,387,565,485,823,540,492,536,600,395,385,585,666,211,305,448,415,391,315,576,380,311,288,313,354,366,308,262,335,326,451,323,250,220,265,203,192,203,232,286,169,199,155,199,186,240,159,257,253,170,184,77,274,229,103,150,159,130,180,364,126,151,157,346,243,182,120,199,87,140,132,83,104,161,251,181,127,116,164,115,124,46,87,90,109,145,73,127,118,108,119,119,99,105,209,83,61,125,97,89,86,98,99,206,92,91,93,108,79,93,89,71,39
20221128,13804,9699,6848,7343,18804,14342,4211,4612,3025,3183,3055,2533,1536,4588,2706,2043,7065,976,1115,1576,1061,1311,1518,1190,1080,2209,660,1008,814,759,727,661,1189,1068,770,837,714,732,728,678,741,970,713,652,531,805,695,613,743,844,230,491,588,491,439,536,643,446,579,454,390,536,477,427,315,383,416,547,367,338,251,323,332,262,300,273,416,354,276,283,373,327,252,176,236,316,254,238,94,339,282,220,200,163,175,272,345,184,148,213,378,252,188,243,247,166,141,207,176,190,216,316,190,169,144,187,144,145,48,151,121,199,141,126,131,144,114,163,185,151,105,219,127,95,136,140,103,111,99,122,193,139,168,92,102,101,103,95,77,89
20221129,13953,10075,7448,7104,19173,14023,3981,4617,2863,3407,2991,2740,1872,4717,2952,2124,7217,956,1134,1642,1109,1291,1629,1154,1079,2204,690,1034,901,866,730,665,1195,1124,900,863,782,777,745,826,770,1037,711,661,591,828,677,709,849,848,233,498,551,510,476,525,886,413,554,452,364,759,459,382,363,424,381,450,494,369,255,369,339,279,304,273,369,339,316,313,329,319,272,257,219,321,254,231,123,358,226,239,215,180,202,245,326,157,117,221,291,247,213,273,201,211,140,218,182,209,193,301,195,168,145,233,177,138,43,171,145,194,165,115,150,170,153,156,205,155,144,242,120,147,152,155,120,114,96,123,215,138,130,96,157,96,110,88,98,77
20221130,13903,9724,7003,6263,18655,13630,4079,4503,2870,3556,2901,2874,1642,4757,2784,1982,7179,1081,1251,1558,1211,1298,1592,1181,1049,2229,708,1092,919,842,685,655,1073,967,851,753,837,674,763,699,850,987,656,749,606,736,593,657,805,811,230,560,557,522,487,590,952,465,593,577,391,632,517,373,344,360,414,412,417,315,279,364,464,316,310,289,385,297,301,301,326,321,242,227,303,340,293,212,125,312,231,219,189,203,210,258,216,177,132,236,317,303,201,254,229,167,132,165,160,232,181,338,229,164,156,216,171,143,60,162,143,205,217,131,139,151,119,160,178,166,104,200,122,118,174,91,91,101,115,107,148,121,136,94,122,81,127,105,67,92
20221201,13295,9528,7656,6772,19981,14463,3919,4264,2858,3372,3033,2721,1470,5501,2711,1918,7214,1344,1207,1561,1212,1436,1532,1108,1123,2185,663,1009,842,869,685,670,1149,970,768,825,792,721,668,694,835,983,601,696,625,849,617,633,761,803,253,503,693,517,502,503,932,447,487,674,385,793,535,469,345,361,420,403,496,330,284,586,300,265,314,286,384,396,308,289,269,256,330,243,270,347,266,206,122,325,248,298,165,188,226,257,304,180,147,261,320,255,235,231,206,197,143,172,199,209,180,347,194,190,142,184,149,160,57,173,142,205,284,144,129,150,120,176,203,127,137,209,131,97,115,138,114,100,119,120,181,136,158,111,122,115,123,112,54,83
20221202,9790,8214,7358,5675,18291,13204,2978,3387,3327,2731,2469,2405,1430,5380,2554,1877,6552,1281,1076,1305,1027,1230,1308,990,876,1823,599,987,817,828,624,647,984,922,707,715,722,653,553,623,743,978,655,640,699,745,628,572,704,708,285,436,1014,533,427,543,471,440,478,692,367,855,402,407,303,406,401,383,391,279,308,612,276,259,405,308,371,401,241,275,286,232,241,262,269,302,228,224,88,264,244,235,192,181,170,232,199,154,135,244,310,215,183,200,189,201,124,147,146,168,202,267,159,159,136,159,141,181,63,157,109,143,196,117,147,117,120,139,224,149,159,232,107,103,171,100,77,108,138,137,133,143,106,106,107,180,91,81,58,85
20221203,8702,6757,6989,5065,16473,11013,2396,2866,2624,1842,2236,1886,1158,5013,2175,1597,5108,1056,953,1084,778,990,989,608,777,1675,550,858,661,717,602,524,696,712,497,581,561,593,335,518,498,732,461,456,508,485,400,296,521,561,224,314,892,417,354,366,380,353,321,479,316,662,369,306,256,359,363,441,310,232,225,1078,208,197,225,262,252,265,138,160,153,201,269,181,274,256,166,190,63,281,197,107,134,138,112,117,145,141,134,196,302,175,138,138,180,101,92,138,91,106,152,367,113,127,115,127,140,119,43,122,102,70,163,44,97,59,78,82,150,127,126,234,79,57,126,76,79,108,98,118,108,128,79,90,88,155,92,79,55,45
20221204,8762,6714,7097,4773,16882,11212,2375,2747,2773,1800,2246,1983,993,5204,2068,1610,5113,1381,820,1178,817,963,978,667,738,1784,549,803,771,607,585,482,581,729,485,580,588,542,359,575,536,863,539,462,499,547,435,331,541,574,289,313,570,396,363,331,320,382,307,393,309,518,395,315,214,313,361,304,311,236,222,496,280,158,203,248,363,235,168,159,193,193,192,177,226,234,137,209,93,269,179,131,149,158,68,161,141,147,188,190,202,210,139,127,195,130,126,151,92,83,141,261,150,100,147,119,115,126,53,109,102,86,164,54,98,108,94,95,148,104,118,217,109,63,178,70,94,86,89,105,124,86,84,73,97,64,82,82,61,43
20221205,10336,8816,7774,6142,19362,13927,3095,3788,3015,2914,2732,2493,1279,5437,2777,1796,7260,1090,1147,1550,1180,1165,1518,1098,923,2158,640,1005,911,1128,677,648,1116,1023,727,791,787,649,730,686,715,1074,644,534,561,757,750,695,808,768,217,529,572,440,459,482,394,497,530,574,416,701,506,416,315,374,441,440,435,291,274,804,396,264,352,277,355,311,271,311,298,259,247,236,261,268,240,213,124,324,243,213,173,197,175,194,219,172,264,224,313,258,188,198,199,171,139,165,158,183,163,294,187,192,133,204,160,191,65,177,135,174,135,114,158,151,110,151,180,119,133,262,137,122,116,94,106,322,118,88,130,136,167,93,118,97,89,106,97,92
20221206,10287,8656,7710,6395,18370,13718,3039,4028,3013,2995,2642,2420,1168,5301,2793,1839,6962,959,1152,1437,1043,1251,1470,1089,942,2234,657,1087,847,965,641,691,1086,1034,832,732,750,747,642,649,747,961,631,642,574,747,640,625,843,737,223,497,520,462,408,527,435,514,488,679,457,742,519,991,327,396,504,381,395,344,287,469,397,293,378,280,367,346,297,297,278,294,276,186,239,277,192,203,125,336,287,206,169,204,182,211,213,184,201,262,314,254,216,240,253,317,187,165,190,185,195,302,159,152,150,189,137,213,61,160,119,164,202,125,137,137,122,142,185,130,126,223,121,140,132,112,91,183,123,112,123,163,128,108,91,88,103,103,79,118
20221207,10512,8675,7573,6348,18173,13480,3045,3883,3040,3041,2776,2442,1226,5163,2799,2141,7044,2871,1139,1613,1097,1264,1376,1031,924,2166,568,1139,932,896,655,654,1108,1000,819,705,760,702,640,719,711,987,615,663,557,779,655,584,909,772,279,498,539,476,483,530,480,534,470,606,438,546,535,459,372,371,438,411,359,301,264,427,360,285,311,291,354,297,310,283,350,304,258,217,215,318,247,395,109,332,222,221,199,172,172,203,298,175,163,183,311,205,177,254,240,200,224,165,178,183,184,310,215,162,155,230,164,142,70,190,96,138,114,163,144,159,123,133,189,131,118,234,81,126,120,90,127,120,132,103,109,140,140,99,116,86,87,90,72,108
20221208,10348,8442,7559,6336,17798,12937,3148,3642,2852,2883,2540,2431,1244,5395,2701,2022,6615,1223,1287,1502,1144,1299,1518,1005,993,2211,652,1095,873,944,643,650,1019,1044,700,755,856,725,609,676,638,903,597,638,488,754,630,579,767,788,361,545,537,514,471,510,463,423,469,628,394,639,432,407,316,398,428,379,440,305,287,408,334,291,339,287,357,324,305,265,298,307,240,221,219,322,221,244,88,310,230,291,206,233,212,192,212,209,122,211,251,223,178,222,207,167,193,157,166,171,180,296,133,184,161,142,120,171,68,154,149,118,151,161,122,88,114,169,177,155,130,238,111,104,121,105,105,145,105,90,134,159,145,110,104,84,140,118,66,80
20221209,9581,7549,7151,5687,16527,12113,2785,3439,3019,2535,2249,2101,1124,5004,2313,1526,6060,1810,1075,1417,1223,1276,1133,901,870,1960,593,949,694,785,587,554,1000,1008,631,641,749,737,547,598,761,851,591,497,540,594,570,550,638,693,472,483,536,467,399,428,377,436,464,582,413,554,476,386,365,331,423,407,378,273,279,480,278,201,354,279,337,321,274,258,224,271,273,211,235,283,208,237,109,286,241,214,158,175,177,160,178,168,160,200,289,208,160,207,212,151,156,149,157,172,164,274,125,146,144,134,140,130,60,110,136,121,144,130,112,118,129,107,123,127,106,227,118,79,185,80,99,154,102,78,136,136,117,91,105,67,119,76,56,86
20221210,10993,6300,6524,4594,16033,10512,2905,3151,2178,1808,2249,2005,1062,4656,2027,1398,4853,1442,805,1030,810,1001,854,572,812,1938,505,818,606,631,514,509,610,1098,451,471,618,565,339,506,474,715,448,400,392,474,536,375,563,557,301,277,657,309,350,273,637,305,292,395,294,347,399,260,266,306,323,264,296,245,228,382,203,165,279,226,308,233,159,144,198,230,202,185,228,247,175,181,89,243,312,91,195,149,115,169,153,115,134,168,237,132,161,133,166,92,158,104,100,81,120,255,141,103,114,124,128,133,70,94,144,88,119,87,121,69,103,99,106,112,86,245,86,45,140,57,83,97,94,94,82,93,74,67,78,61,111,63,51,55
20221211,10244,6526,6738,4668,15491,10955,2643,3143,2183,1938,2352,2190,1081,5098,2281,1487,4903,820,1028,1024,766,1149,981,671,762,2022,627,821,740,664,520,436,594,1180,477,542,580,628,386,581,509,802,494,498,428,577,459,337,589,566,230,281,423,371,394,290,620,328,372,517,332,361,391,281,272,321,380,327,312,342,255,369,204,193,425,245,299,233,188,120,150,234,255,178,203,258,198,192,92,212,230,136,196,161,100,162,167,146,122,150,255,201,156,163,157,99,192,149,89,127,197,304,171,152,140,159,112,134,54,130,97,88,111,73,109,114,102,115,106,87,99,236,79,67,154,60,93,88,88,98,106,113,86,80,82,72,111,55,79,46
20221212,12131,8392,7826,6033,17611,13265,3313,3755,3119,3014,2602,2371,1250,5501,2835,1638,6620,940,1191,1262,1250,1240,1347,1018,1024,2398,694,1032,832,761,657,701,1006,1192,779,755,741,724,708,672,663,988,658,617,635,816,763,556,789,786,372,467,447,504,459,533,734,425,471,437,358,480,455,429,393,411,341,378,396,305,280,418,331,261,407,283,337,299,257,238,327,332,293,233,219,301,236,269,98,290,290,209,226,199,162,209,193,181,136,173,340,298,169,232,221,207,177,168,147,202,480,315,118,149,186,192,158,184,68,143,125,170,136,101,132,154,142,119,163,128,166,262,124,121,136,106,110,115,113,116,110,128,146,107,90,83,96,107,67,75
20221213,11659,8285,7703,6642,17632,13476,3248,3963,2867,3091,2486,2504,1327,5314,2651,2040,6363,1035,1126,1354,1178,1269,1260,968,957,2409,544,1007,737,770,618,610,1043,1203,861,679,835,703,623,699,591,1041,675,660,535,705,803,559,1005,814,325,456,806,490,443,495,497,388,560,482,363,549,458,415,343,507,482,387,403,292,287,408,319,270,349,234,326,341,288,282,241,290,270,395,247,323,236,253,106,283,260,188,200,224,180,214,188,188,171,167,323,205,148,194,186,183,149,153,134,184,568,268,172,167,143,188,155,171,62,144,115,163,131,124,128,138,102,142,204,140,171,218,104,128,137,96,97,112,123,101,105,171,117,92,87,95,123,109,60,78
20221214,11397,8557,7582,6646,16865,13351,3101,3871,2683,2985,2591,2479,1332,5279,2749,1850,6329,1040,1139,1434,1222,1171,1244,1046,928,2515,634,1020,701,866,571,625,866,1223,808,716,636,681,660,636,656,972,684,567,535,624,669,549,826,733,245,482,659,538,508,443,522,388,486,474,316,496,423,390,353,380,360,427,373,339,344,418,327,275,415,231,401,333,271,272,290,394,266,225,223,345,244,214,104,304,184,194,164,196,224,228,199,160,141,169,310,240,175,245,192,231,185,149,196,152,199,241,185,138,152,168,162,179,90,248,112,187,191,252,129,99,166,182,141,128,123,217,108,95,190,130,95,109,84,99,121,109,99,114,98,74,117,92,67,83
20221215,11558,8362,8340,6465,16844,13780,3163,3612,2705,2875,2475,2511,1440,5695,2596,2102,6578,1090,1090,1248,1175,1215,1234,931,973,2268,653,1046,7550,783,639,638,943,1268,807,802,704,725,679,623,743,956,682,666,566,660,642,524,863,806,227,484,534,488,451,442,456,363,561,550,374,606,460,401,325,322,393,368,388,289,326,505,319,296,293,248,347,308,278,245,225,254,258,235,253,282,243,248,124,354,261,235,191,162,198,219,202,233,159,184,271,209,211,215,177,366,202,164,148,195,172,280,160,184,167,157,122,151,50,127,123,144,131,173,119,134,143,139,153,156,145,251,109,94,244,105,125,106,101,104,93,110,127,78,98,74,114,85,61,90
20221216,10796,7695,7770,5666,15969,12607,3176,3417,2497,2434,2315,2290,1258,5580,2294,1938,6053,1372,1067,1211,1306,1135,1162,868,912,2091,593,916,3046,766,590,576,859,1113,689,586,672,696,590,579,674,857,533,639,491,592,632,501,685,648,225,413,702,511,515,467,423,375,427,556,366,439,479,390,292,373,433,447,355,278,256,366,294,203,294,220,271,431,243,241,210,285,233,239,185,309,226,256,115,315,226,186,186,212,156,186,203,166,154,165,315,172,165,218,197,158,168,151,166,176,191,246,128,129,129,178,121,144,59,133,116,113,158,186,156,123,127,98,171,361,134,265,115,91,146,103,98,102,90,127,87,119,113,88,76,87,98,86,82,93
20221217,9800,6345,7205,4337,13227,10478,2644,2824,1991,1617,1803,2015,1009,5393,1733,1506,4467,852,787,819,746,931,876,575,779,1777,522,784,907,635,442,429,541,911,428,438,518,577,416,450,420,617,448,432,419,458,404,313,510,566,179,276,624,362,323,318,330,315,301,396,281,659,372,259,216,376,264,304,270,220,237,310,231,160,234,228,313,201,148,123,165,149,223,193,218,220,133,200,95,198,166,85,151,132,106,142,117,124,161,108,285,133,145,97,158,101,122,138,110,93,158,218,164,121,123,132,183,142,43,91,81,64,182,63,86,128,79,85,102,101,89,277,91,55,152,60,91,82,88,97,81,82,80,86,92,72,90,77,81,45
20221218,9110,6028,6944,3999,12503,9823,2627,2647,2062,1571,1724,1933,1050,4978,1732,1469,4263,720,782,866,777,948,776,606,743,1702,575,734,866,542,410,479,417,727,436,420,501,495,348,485,399,692,473,399,447,414,403,308,581,546,154,250,437,379,332,303,442,275,245,573,250,338,357,285,183,290,317,311,333,240,202,289,213,176,259,207,269,222,175,98,119,159,248,158,205,263,162,314,88,203,161,107,141,130,116,114,148,136,123,104,254,111,163,91,141,70,136,144,85,97,157,227,134,105,129,141,113,123,50,95,88,67,145,49,108,87,90,104,81,109,82,239,93,58,144,48,86,63,83,81,82,79,116,90,98,80,105,68,70,38
20221219,10924,7878,8068,5601,16042,13114,3006,3493,2669,2390,2147,2096,1094,5692,2384,1541,6330,891,1080,1323,1044,1325,1229,826,860,2189,584,1043,778,802,603,674,902,1015,763,584,647,688,612,576,604,1354,604,514,507,728,549,468,690,1146,201,418,508,489,458,435,656,378,473,375,345,459,568,353,334,384,372,330,398,269,262,350,324,264,281,335,315,284,250,259,216,258,296,640,201,295,233,241,75,270,205,173,216,168,154,176,201,165,167,160,311,192,235,238,149,128,145,170,195,160,171,250,118,110,172,167,136,162,61,173,119,131,252,107,123,109,126,151,120,149,136,277,104,87,143,87,83,133,95,109,111,97,158,81,103,106,83,94,54,78
20221220,10961,8009,8140,5545,15975,12831,3368,3894,2534,2696,2211,2377,988,5736,2303,1917,6081,923,1072,1486,1072,1171,1196,861,885,2299,569,994,806,900,622,754,952,1256,886,661,633,679,666,611,572,1561,600,541,490,759,573,570,649,914,303,464,558,482,428,524,524,389,398,375,356,635,455,315,277,376,390,342,352,315,333,200,292,222,276,327,320,315,248,282,238,275,308,281,229,306,247,236,91,290,222,171,220,174,178,203,255,199,177,165,328,210,189,194,215,194,166,131,236,186,166,258,211,178,140,145,158,150,47,195,79,154,212,121,146,127,147,135,119,138,104,217,146,94,164,128,128,124,91,100,126,128,135,94,96,127,102,104,63,94
20221221,10659,7686,7996,6129,15495,12819,3059,3789,2565,2786,2265,2309,943,5769,2315,1586,6057,866,962,1448,1044,1093,1161,839,849,2371,568,960,773,771,649,710,844,1568,800,649,629,643,602,562,713,888,558,538,482,559,472,448,727,688,245,482,513,471,479,472,551,328,402,382,373,501,389,359,297,380,361,433,355,302,305,208,317,230,271,305,307,287,253,270,195,265,251,233,235,260,238,208,68,273,166,151,192,155,191,180,191,186,193,137,359,184,177,190,218,155,156,179,144,151,174,274,212,150,116,169,130,134,50,113,102,114,150,106,142,126,121,143,119,161,108,229,126,108,163,106,96,128,101,82,113,117,121,93,88,65,64,107,89,66
20221222,10750,7613,7906,5110,14653,12556,2940,3463,2401,2558,2094,1987,1076,5350,2260,1775,5807,848,1040,1501,893,1015,1213,815,787,2139,523,836,703,670,563,690,895,1911,710,553,628,675,566,502,669,737,527,566,407,473,497,464,595,719,219,452,619,315,463,431,458,349,432,374,348,569,390,302,334,331,323,399,307,260,312,227,260,220,244,216,291,276,198,254,246,272,219,151,229,224,202,188,106,269,188,164,133,176,209,174,159,188,265,139,312,188,167,202,181,124,150,142,151,154,144,252,191,124,128,145,130,140,62,122,92,128,168,109,105,148,120,196,180,133,91,271,117,84,142,88,112,103,85,93,112,121,117,63,75,81,81,73,56,73
20221223,10078,6791,7371,4691,13317,11276,2856,3133,2489,1971,1837,1938,1126,5044,2070,1590,4988,714,845,1463,731,921,1050,805,800,2024,510,869,662,629,519,563,695,1198,576,483,649,517,407,518,602,755,492,414,389,391,427,353,552,676,228,345,536,391,394,336,331,373,327,349,324,394,352,287,261,327,319,310,281,222,261,230,260,238,209,244,365,241,203,188,188,192,235,206,211,199,204,244,65,196,180,135,168,124,144,142,159,144,287,122,250,151,150,170,201,129,116,135,140,120,150,241,127,126,125,132,120,96,57,90,86,115,164,93,135,81,85,101,112,112,78,310,104,62,150,72,68,79,84,84,119,114,87,99,70,62,61,69,42,62
20221224,8845,5722,6459,3920,11494,9814,2509,2605,1932,1362,1417,1648,897,4783,1665,1393,3563,560,689,1102,619,716,679,546,661,1642,449,657,487,495,374,432,510,1070,397,428,482,510,247,468,431,579,401,369,354,299,307,241,434,708,164,209,429,327,250,294,296,268,230,208,240,340,268,262,190,304,268,239,259,232,213,164,161,137,174,217,221,167,111,128,134,170,193,160,180,185,147,169,64,192,124,80,141,89,78,103,109,92,126,123,198,84,147,93,169,123,89,117,94,56,139,153,148,132,104,116,95,103,51,73,48,67,120,54,82,61,82,91,104,100,69,257,136,52,142,64,55,89,75,73,89,93,86,60,96,50,73,69,55,34
20221225,8355,5504,6456,3990,11046,9204,2248,2517,1694,1219,1388,1557,852,4794,1509,1392,3313,530,732,1096,638,789,669,500,628,1655,469,683,502,489,410,401,420,980,347,404,446,475,249,410,363,544,463,301,354,344,344,232,416,675,182,244,337,312,363,261,304,264,209,249,211,366,292,278,184,285,234,229,267,210,208,128,169,151,197,196,270,181,114,161,106,165,189,177,174,195,151,157,111,179,145,77,151,150,62,100,100,132,147,130,169,117,143,106,141,95,112,100,83,57,150,189,143,121,85,84,86,83,39,72,40,78,154,56,88,86,67,100,75,102,79,192,74,52,171,63,52,54,74,67,76,116,63,55,91,41,77,61,33,45
20221226,9952,6787,7698,5277,14049,11531,2574,3036,1963,1730,1684,1854,946,5181,1982,1337,4500,647,999,1367,797,915,839,617,778,2021,589,810,657,525,450,467,625,1122,489,487,482,587,383,510,474,686,462,402,386,337,429,352,600,794,218,305,381,361,375,261,313,323,297,277,277,434,327,305,232,241,263,319,269,305,258,161,209,166,173,194,255,210,167,192,151,168,208,208,195,240,156,158,96,218,140,121,143,130,112,90,120,168,124,113,237,154,150,149,155,107,136,122,128,99,133,174,159,112,113,120,104,118,50,83,72,87,144,62,117,96,73,107,99,132,83,280,103,53,146,68,85,67,93,76,118,108,93,71,83,76,81,76,69,40
20221227,10168,7243,7573,5517,14780,12138,2900,3241,2132,2150,1745,2148,979,5182,2149,1718,5141,731,1080,1516,842,937,891,689,825,2172,624,865,640,580,521,520,771,1165,607,473,588,693,457,532,520,699,495,461,461,476,506,426,610,844,229,324,429,364,344,368,327,332,399,249,319,330,398,425,253,309,336,313,283,264,268,179,253,220,196,269,258,213,170,216,171,200,211,222,223,260,157,194,97,295,175,126,138,141,139,163,133,159,135,110,271,153,150,200,186,128,136,177,359,135,148,190,216,110,202,168,124,114,49,95,62,100,163,82,123,98,93,120,366,129,85,283,125,75,142,81,95,93,75,71,96,151,89,79,80,65,141,64,74,59
20221228,10294,7434,7552,5195,14582,12229,2735,3183,2205,2165,1764,1986,889,5250,2130,1735,5082,713,885,1457,944,866,968,760,814,2096,592,925,657,728,627,475,784,1266,610,587,582,627,424,547,617,694,518,490,405,394,533,398,651,811,256,395,394,380,382,393,351,342,349,285,289,431,363,398,250,305,320,289,296,319,299,143,286,222,226,220,305,225,175,222,162,172,219,182,200,235,194,187,102,262,196,157,158,142,138,155,203,160,141,121,276,125,202,156,178,145,126,142,147,108,204,203,183,123,454,99,98,136,66,125,333,141,149,93,121,100,111,110,157,154,96,265,102,59,127,89,81,89,84,109,108,117,89,80,84,65,98,83,69,45
20221229,10376,7552,8027,4860,14273,12385,2663,2952,2277,2014,1841,1812,823,5714,2103,1742,5315,651,886,1360,826,903,900,860,774,1985,615,868,641,598,512,484,725,1171,612,532,517,589,348,494,572,681,493,509,406,463,466,311,569,818,293,382,341,389,361,325,328,295,318,258,258,347,392,354,268,279,359,308,330,300,301,174,235,213,201,203,307,251,198,170,174,228,203,188,208,214,188,183,73,250,178,175,162,133,136,118,162,162,165,184,279,150,156,154,196,129,132,136,134,133,163,201,151,113,113,115,125,127,54,147,744,108,113,67,152,91,108,106,105,155,85,258,85,53,181,95,96,88,85,85,109,98,96,89,85,85,88,61,47,67
20221230,9359,6728,7326,4710,14037,11207,2594,2952,2107,1729,1553,1855,728,5584,1912,1704,4801,685,770,1209,762,825,838,666,819,1851,546,723,606,569,493,456,698,1003,538,478,452,532,340,469,478,655,431,403,408,390,418,327,477,740,256,343,354,359,393,275,407,315,305,264,263,378,364,284,248,282,330,307,269,359,270,155,237,216,249,199,251,184,153,171,146,184,185,203,207,239,171,173,81,251,160,130,187,125,125,169,138,173,167,126,231,115,125,128,166,115,112,120,182,141,160,203,143,150,91,125,126,109,37,84,266,103,159,76,120,83,103,84,85,139,106,260,83,63,195,79,85,85,78,84,80,85,83,89,133,72,81,66,64,47
20221231,8546,5404,5706,3502,10646,8961,2219,2144,1866,1227,1360,1476,818,4077,1544,1428,3344,948,749,1095,608,756,575,519,698,1603,654,702,553,456,352,393,472,925,355,357,380,411,258,351,408,571,426,300,328,749,309,241,398,645,170,257,271,292,315,259,353,250,265,243,281,318,342,264,175,279,299,279,378,269,230,156,189,142,165,183,223,140,110,114,115,155,172,156,215,176,160,151,57,167,122,70,150,101,67,68,312,119,119,74,183,114,103,85,125,88,122,138,69,51,121,152,101,105,82,101,96,94,47,66,132,73,116,45,101,52,113,83,64,104,89,202,85,44,131,76,77,66,58,68,75,79,64,54,97,53,70,60,77,43
20230101,8484,5867,6477,3736,11279,9170,2270,2113,1898,1218,1431,1569,709,4671,1353,1344,3485,623,732,1070,677,730,621,575,711,1521,604,700,526,438,376,356,428,911,356,377,372,451,251,369,392,559,427,372,340,417,333,278,510,707,175,248,294,504,285,237,306,250,201,234,221,303,297,285,197,275,273,330,301,269,246,143,167,168,184,207,219,157,121,104,101,152,184,169,184,204,113,167,101,149,143,69,165,126,105,92,127,134,139,89,192,127,141,74,163,91,114,103,65,80,160,165,107,79,100,97,105,86,43,85,150,104,126,54,91,79,120,71,112,109,76,264,71,52,154,53,70,82,76,105,89,83,47,72,57,67,87,80,43,41
20230102,10533,8088,7731,5223,15121,12579,2654,3043,2186,2095,1758,2040,927,5636,1903,1904,5332,691,916,1716,825,870,943,788,865,2175,664,897,656,565,566,435,711,1144,582,512,521,596,502,516,504,746,513,461,437,509,500,408,639,841,198,339,332,539,422,501,498,346,348,306,292,378,395,327,276,297,355,368,327,279,365,199,252,164,231,242,316,215,203,213,184,243,218,228,218,272,192,179,138,232,193,101,179,142,150,156,178,155,158,130,312,161,154,149,167,87,169,193,125,126,155,229,128,114,128,134,112,133,47,151,370,127,125,77,117,120,111,92,101,182,166,204,90,53,151,68,94,89,79,112,97,117,97,79,92,118,68,98,67,60
20230103,11171,8717,7973,5936,16259,13871,3175,3371,2506,2521,2003,2349,1292,5547,2173,1817,6163,778,902,1604,943,1030,1093,970,894,2227,856,943,710,720,543,618,927,1206,784,572,575,745,602,699,743,837,557,521,461,722,633,513,649,902,293,460,351,465,497,495,560,402,418,387,378,468,368,384,366,387,346,411,346,301,310,174,296,238,300,251,328,249,261,232,316,298,259,220,260,344,205,153,120,303,348,205,189,160,215,226,219,160,171,164,296,159,147,187,217,141,148,160,163,164,214,348,146,166,133,142,163,159,69,170,276,178,139,113,178,126,119,112,171,152,164,249,135,84,174,123,96,112,104,131,129,138,100,83,112,94,128,95,82,87
20230104,11226,8827,8094,6072,16180,13889,2981,3353,2611,2616,2153,2212,1462,5525,2272,1843,6426,783,1029,1617,2152,1073,1090,875,964,2271,737,994,760,730,593,594,978,1130,788,641,697,678,631,666,763,859,575,566,479,578,630,601,679,945,180,441,404,460,391,471,529,356,500,420,404,474,393,459,336,374,375,498,389,255,381,328,335,256,267,267,325,248,248,287,232,286,230,252,227,270,217,191,116,310,233,184,229,161,208,185,199,177,174,148,307,180,212,226,220,134,150,170,216,174,188,318,126,154,181,148,168,180,44,111,190,171,125,138,177,134,122,127,136,148,131,264,114,96,203,118,156,100,97,125,116,151,116,116,105,134,144,127,79,78
20230105,11839,8896,8007,5991,16200,14376,3302,3649,2678,2715,2123,2129,1570,5404,2342,1775,6253,887,1055,1567,1485,1131,1173,1005,996,2357,696,941,706,771,625,611,1029,1126,755,631,691,694,632,589,694,967,600,552,519,594,581,520,727,954,198,500,408,446,449,587,532,471,459,386,355,416,374,374,372,313,350,457,396,317,370,277,313,238,260,297,376,287,247,302,232,344,226,232,195,271,193,223,84,253,209,200,192,189,228,201,194,195,173,166,297,212,145,201,199,154,128,171,191,173,169,323,158,150,169,153,129,152,64,125,206,134,110,117,131,112,98,136,151,144,111,235,127,118,144,89,86,135,86,94,137,167,92,90,94,74,88,110,88,76
20230106,10842,7680,7253,5727,15051,12904,3281,3413,2489,2355,2044,1938,1114,5231,2050,1758,5885,903,966,1427,1070,1003,1026,920,915,2194,699,901,660,660,712,510,774,1001,741,536,605,748,615,533,616,768,555,548,514,536,563,432,673,841,255,423,442,438,368,483,365,371,400,393,333,432,418,316,333,288,326,403,396,291,328,216,283,238,250,293,302,268,212,224,198,286,239,245,248,277,184,238,96,268,170,147,155,164,181,167,170,177,172,177,286,186,182,180,176,145,146,130,147,149,220,264,163,140,182,140,111,168,59,107,238,114,130,94,141,103,112,130,121,134,138,266,136,111,160,112,96,87,124,131,114,145,81,104,93,66,100,109,75,71
20230107,9992,6244,7309,4894,13738,11776,2657,2779,2138,1740,1773,1806,1087,5351,1814,1482,4678,714,731,1109,658,892,816,681,832,1888,547,773,618,542,546,428,537,856,459,431,455,498,342,474,400,707,513,370,445,440,410,303,509,781,185,234,289,333,355,279,301,313,269,276,250,332,311,255,258,297,280,313,307,276,356,191,162,155,188,220,219,185,140,124,163,216,154,165,229,216,134,170,81,203,179,98,165,136,162,139,155,143,144,319,236,127,119,119,138,96,151,142,99,101,137,199,141,128,127,109,96,102,42,83,155,67,122,50,164,85,100,102,99,95,128,225,106,54,166,81,79,106,77,104,85,86,69,99,86,58,83,88,51,38
20230108,9478,6294,6718,4904,13395,11426,2703,2546,2201,1835,1682,1768,976,4819,1773,1317,4659,880,830,1154,624,853,812,694,803,1758,550,744,651,501,501,385,548,823,449,398,462,520,349,507,393,625,506,387,377,526,516,287,568,772,183,285,347,409,324,352,356,271,291,253,319,298,351,321,267,300,243,271,299,384,363,194,218,175,162,225,260,200,172,139,151,176,158,186,178,248,121,158,89,221,169,128,143,119,195,136,129,136,139,121,251,154,207,110,156,83,124,156,98,99,117,256,128,76,132,124,95,125,51,90,192,100,107,65,127,103,83,103,105,136,112,237,73,46,149,59,109,105,95,90,87,114,76,92,93,71,85,113,60,31
20230109,11931,8931,7835,6649,16447,14850,3715,3898,2689,3019,2231,2380,1430,5698,2510,1609,6705,1066,1159,1616,1075,1118,1317,1094,995,2335,759,1042,803,804,701,657,931,1196,754,681,585,663,760,593,684,941,637,530,493,688,674,591,847,1007,232,571,361,468,469,664,397,392,490,375,406,419,399,366,341,370,353,778,464,392,339,212,337,321,429,260,315,314,292,319,295,313,214,237,228,300,213,225,113,327,240,241,164,207,243,242,213,165,131,179,326,265,229,269,213,146,141,181,184,205,173,290,202,148,157,126,129,128,51,150,225,199,131,142,178,118,97,141,142,180,130,198,126,141,153,129,129,112,78,120,140,140,135,72,91,70,100,93,48,88
20230110,12451,9334,8299,6850,17204,15173,3591,3855,2674,3180,2563,2327,1577,6037,2620,1602,6945,966,1297,1539,1222,1283,1367,1182,1096,2404,814,978,794,818,734,607,1058,1193,869,662,691,707,815,649,646,969,721,576,559,703,764,646,867,1036,269,543,427,499,489,521,490,409,600,443,359,487,449,379,415,365,390,387,395,331,351,236,334,267,405,276,364,279,330,331,338,351,254,259,206,331,206,264,108,315,264,253,189,242,227,263,219,173,195,257,301,280,195,270,217,180,169,177,171,187,160,387,184,163,193,164,144,154,60,145,225,199,190,144,176,115,135,163,141,176,124,239,167,152,158,116,137,113,84,85,129,139,124,99,96,92,95,104,80,117
20230111,11738,9295,8527,6628,16753,14252,3641,3862,2733,3052,2483,2435,1404,5873,2436,1732,6770,1026,1391,1748,1747,1161,1309,1241,1073,2369,650,1103,773,845,742,666,1089,1240,940,723,805,733,833,776,653,1048,718,572,598,823,730,672,826,922,200,557,416,485,501,474,576,382,559,397,358,492,414,429,333,372,345,403,446,324,328,243,389,285,340,326,394,312,330,340,395,299,247,308,217,314,233,265,117,335,233,224,197,206,257,217,212,208,194,216,352,220,541,239,224,244,141,195,193,210,167,344,144,180,169,147,152,174,65,136,149,170,195,127,186,155,128,137,144,235,134,235,141,126,173,108,115,114,116,88,134,128,130,118,181,102,114,98,89,94
20230112,12056,9299,8388,6372,16611,14152,3602,3648,2706,2782,2469,2369,1577,5731,2479,1717,6785,976,1234,1643,1452,1188,1387,1038,1047,2401,747,1082,775,837,765,687,1037,1133,844,702,719,760,755,688,701,858,747,701,620,723,730,638,881,1011,238,561,371,506,457,500,613,369,549,497,349,642,396,435,350,333,395,387,401,271,304,262,346,293,302,298,355,330,297,328,293,247,303,281,227,311,251,225,81,312,236,236,224,170,220,230,238,226,168,180,306,223,318,211,226,215,164,149,173,252,173,321,183,157,178,142,166,163,53,134,135,152,174,166,127,154,151,136,131,192,127,255,117,130,204,113,146,94,112,113,118,137,90,125,111,89,108,98,77,92
20230113,11753,8307,7609,5696,224077,13175,3434,3441,2857,2742,2186,2296,1511,5533,2143,1723,6326,900,1251,1451,1316,1202,1140,970,1002,2229,599,927,718,693,673,951,929,1028,834,664,700,823,661,606,668,845,701,583,500,577,689,576,730,912,217,514,336,468,421,642,429,357,488,404,385,476,443,323,334,315,345,440,449,433,313,268,318,249,374,267,315,356,302,336,292,252,265,223,169,259,233,221,99,293,235,222,192,177,242,180,219,170,186,174,274,246,184,223,183,177,186,174,130,170,162,296,130,117,154,170,145,182,53,144,143,128,117,131,162,139,154,121,128,142,163,241,149,138,164,132,142,109,94,125,123,106,108,93,109,88,110,148,66,91
20230114,10559,6690,7649,4495,14773,11713,3099,2761,1981,1779,1762,1773,1246,5995,1792,1511,5107,872,821,892,803,948,833,706,852,1921,563,710,540,662,471,1625,520,936,563,467,435,546,327,497,499,677,477,378,380,443,418,308,513,741,173,293,281,338,365,239,390,284,359,274,232,470,320,296,270,294,263,298,361,577,267,292,210,204,206,234,273,214,182,178,167,187,207,195,157,199,150,206,67,220,204,89,148,116,126,132,116,130,169,118,290,138,135,102,157,126,173,148,118,93,141,212,146,116,130,123,99,118,69,90,104,96,137,74,97,93,72,97,160,100,120,239,101,66,150,71,59,92,109,94,94,105,57,92,81,67,101,52,104,41
20230115,10272,6647,8127,4944,15195,11708,3170,2733,1902,1788,1821,1893,1061,6336,1753,1494,5335,763,850,964,684,772,815,787,826,1810,574,751,594,549,466,524,590,754,522,471,453,542,362,513,461,633,514,346,407,465,471,338,641,733,187,356,288,340,397,264,405,336,356,297,226,438,268,275,258,258,245,305,423,567,295,306,221,214,187,229,301,220,197,149,175,154,175,197,185,214,143,164,71,235,221,125,140,165,140,141,129,112,162,114,277,138,117,108,159,78,184,160,80,98,118,225,169,124,133,85,105,90,58,110,85,102,168,52,102,116,116,89,92,91,95,218,83,79,167,85,75,90,98,111,92,107,77,62,91,60,108,69,66,47
20230116,12195,8792,9101,6453,17383,13913,3601,3506,2536,2712,2253,2227,1339,6487,2254,1787,6786,1171,1179,1421,2255,1000,1155,1046,1039,2201,657,905,741,852,636,761,1003,1028,764,613,630,820,692,625,583,916,672,516,532,617,699,523,759,965,200,475,385,467,485,452,991,348,532,395,341,518,378,380,314,294,358,429,414,358,351,367,339,273,254,266,331,327,279,345,253,268,252,209,249,253,209,192,98,313,182,186,186,205,216,272,191,165,557,154,330,222,135,228,200,152,192,201,141,174,202,329,203,138,146,149,124,148,62,128,136,150,155,115,143,168,99,134,128,176,117,248,132,104,129,135,106,111,81,112,120,128,88,110,118,91,99,87,79,80
20230117,12651,9231,8334,6701,17265,14707,3917,3732,2873,3124,2527,2333,1562,5568,2403,1750,7051,1071,1696,1508,2326,1197,1328,1121,1074,2325,684,1006,782,893,656,810,1156,1085,927,668,750,761,740,663,604,960,664,569,606,649,635,610,861,948,186,520,363,484,468,409,637,381,581,430,319,590,462,424,367,367,348,471,431,313,355,339,401,312,237,263,343,332,330,358,391,311,239,253,243,292,237,201,95,354,255,227,200,222,221,250,225,203,464,174,340,217,167,206,184,157,201,180,161,189,176,285,232,137,182,136,121,110,50,151,147,185,113,134,156,135,150,140,150,167,118,230,100,126,168,172,117,110,100,104,119,133,133,118,225,86,105,86,103,108
20230118,13022,9581,8884,6755,17524,14562,4287,4025,2915,3069,2548,2487,1394,5773,2251,1775,7082,1049,1457,1558,1456,1304,1321,1219,1090,2419,645,1101,716,892,693,771,1069,1069,903,644,784,707,730,657,727,896,681,575,576,856,641,668,798,953,393,584,370,484,520,422,769,384,643,465,403,467,427,387,422,372,366,406,450,305,390,374,369,290,284,302,375,343,302,324,324,357,256,288,224,279,251,184,95,325,245,219,260,201,212,234,317,197,565,207,314,237,197,203,178,181,194,181,193,217,201,283,247,153,165,174,120,161,50,180,134,214,118,138,136,165,127,159,147,160,114,275,115,148,215,117,136,103,123,100,115,141,116,106,136,100,87,115,57,103
20230119,13392,9548,8282,6745,16904,14106,4133,3918,3222,3245,2523,2609,1378,5476,2404,1708,6751,1011,1259,1416,1344,1357,1397,1102,1048,2396,604,1097,744,941,719,696,901,1134,786,736,774,745,779,746,613,853,758,613,604,770,701,654,722,927,345,568,372,494,480,472,547,437,553,400,373,513,443,447,424,360,359,477,478,431,320,335,384,307,326,306,369,451,303,275,407,294,239,263,244,291,287,256,127,317,219,199,164,270,286,256,269,217,497,189,359,228,172,267,196,165,183,201,164,209,193,323,218,151,177,170,121,149,66,139,138,175,110,172,139,155,140,199,168,182,141,281,115,167,238,128,105,140,121,123,128,111,128,91,113,80,86,82,75,109
20230120,12874,8801,9161,5874,15863,13318,3864,3526,2880,2811,2362,2325,1485,5799,2186,1606,6075,955,1308,1459,1302,1218,1181,1015,1108,3307,529,874,770,1136,610,677,844,1080,748,637,741,671,767,711,680,845,652,515,639,683,692,605,703,856,297,502,385,639,506,383,595,428,529,448,383,574,477,385,341,377,364,408,377,279,337,237,296,246,273,275,336,458,276,317,341,319,241,278,232,271,216,224,200,304,312,219,158,234,228,195,287,171,546,186,300,209,185,228,160,176,550,173,156,187,187,286,232,146,145,148,127,142,69,144,142,143,138,130,132,148,145,123,120,127,104,287,102,110,211,126,118,107,123,100,114,111,125,91,141,127,90,107,63,87
20230121,12083,6961,7830,4689,13450,11029,3084,2852,2084,1856,1839,1950,1198,5621,1761,1491,4145,936,977,1063,833,897,913,803,838,2036,542,756,597,646,509,582,489,845,519,474,545,462,448,598,476,669,529,401,375,461,455,399,652,760,264,270,274,396,332,261,541,300,342,281,223,347,352,291,234,328,228,368,312,259,249,206,233,215,223,211,254,206,196,154,181,181,168,229,217,221,203,178,106,213,172,132,132,194,108,174,143,120,324,234,267,169,131,118,139,111,194,150,137,102,116,336,161,133,108,122,113,93,37,127,104,72,93,55,116,144,96,97,82,114,124,281,98,83,175,91,103,90,104,105,84,102,82,67,94,68,95,88,56,46
20230122,11563,7080,7834,5123,14417,11459,3224,2780,2031,2000,1951,2058,1131,5597,1948,1407,4565,789,905,1180,798,1003,888,750,938,2038,580,814,559,670,518,479,576,858,446,460,515,417,425,625,428,701,590,415,417,478,410,366,544,767,319,323,269,382,367,295,558,299,309,281,249,375,357,301,304,301,274,291,321,257,275,168,278,220,209,218,264,217,179,141,217,203,179,225,183,184,151,183,83,209,172,97,181,172,108,167,171,161,392,206,287,143,143,136,191,95,202,150,131,109,116,252,188,142,141,126,118,115,44,112,108,93,97,76,86,97,84,129,99,127,114,278,97,88,131,84,73,70,65,82,82,97,92,83,88,90,81,72,54,51
20230123,13493,9356,8712,6520,17360,13870,4060,3728,2687,3142,2462,2584,1394,6116,2443,1765,6601,1104,1271,1476,1177,1267,1347,1133,1115,2414,596,1024,748,911,715,664,960,1075,756,640,676,699,768,795,694,857,674,566,513,664,632,615,708,963,320,1111,379,551,527,495,515,359,509,357,351,473,381,400,296,360,345,428,386,241,318,261,381,313,298,293,287,305,296,280,377,315,251,273,212,329,232,204,85,297,191,236,203,234,162,212,181,215,175,181,348,197,167,249,153,191,212,177,159,202,171,243,184,129,167,123,124,160,44,161,179,175,104,132,120,156,138,151,176,146,150,267,128,134,155,107,121,108,114,120,134,136,149,95,103,63,119,78,93,102
20230124,14103,9650,8476,7011,17645,14513,4066,4174,2820,3197,2671,2656,1466,5908,2712,2023,7064,1381,1417,1630,1321,1201,1400,1307,1116,2664,700,969,901,889,1244,710,959,1236,826,697,720,789,767,856,650,945,737,589,543,744,668,619,774,897,330,571,466,506,541,405,591,454,535,411,396,496,414,392,382,363,380,443,383,303,369,246,339,297,315,267,395,313,360,269,298,325,298,306,239,331,246,198,88,351,233,250,210,215,275,224,189,179,122,280,300,277,150,222,193,263,207,189,166,205,179,291,192,108,180,139,134,147,73,152,150,143,141,206,159,141,163,163,134,203,161,261,122,160,188,114,145,125,131,100,126,172,123,116,108,90,110,77,81,125
20230125,13404,8718,7907,7041,17231,14109,4028,3744,2558,3234,2570,2487,1380,5557,2539,1629,6553,1077,1436,1489,1294,1256,1342,1158,1110,2304,597,984,700,852,788,729,944,1133,825,731,684,893,783,707,751,903,744,577,517,627,725,692,734,924,371,506,350,564,628,422,707,420,562,437,358,498,432,419,364,369,354,344,426,324,356,229,371,310,307,280,274,337,321,322,323,337,251,278,235,274,248,199,106,284,189,211,182,200,213,260,235,187,151,208,318,251,141,223,207,264,201,189,181,201,185,316,174,155,194,149,142,167,99,155,153,194,131,146,141,130,151,145,139,142,134,264,123,139,143,135,152,109,100,131,144,120,117,104,94,89,84,103,60,106
20230126,12757,8930,7669,6284,17740,13658,3860,3344,2708,2732,2470,2369,1333,5639,2399,1467,6513,1089,1249,1471,1263,1356,1222,1161,1030,2379,622,1133,725,817,633,634,1000,1178,840,694,672,969,696,656,755,918,671,561,594,587,630,628,678,969,454,530,386,684,450,406,489,416,444,423,489,618,467,353,340,427,376,344,400,352,370,252,361,329,273,277,337,296,387,353,318,293,289,294,242,292,214,186,105,269,237,226,195,168,266,231,193,183,136,213,308,275,184,174,192,223,148,194,181,212,153,288,188,167,210,153,167,128,78,171,125,119,124,156,135,134,125,134,145,178,144,228,153,162,147,134,143,141,102,131,105,137,126,94,92,106,95,117,79,107
20230127,12966,8556,7906,5920,16056,12647,3919,3627,2565,2539,2263,2362,1391,5729,2271,1386,6134,1318,1139,1453,1398,1157,1153,1053,997,2382,657,968,656,787,574,648,893,1059,791,605,612,819,620,733,610,851,661,928,624,640,646,586,700,846,412,509,393,596,464,456,582,417,455,452,555,506,450,372,314,411,384,461,444,303,338,231,339,267,242,301,302,311,256,267,290,282,250,257,216,264,195,208,77,274,251,211,168,164,266,203,163,176,116,178,281,203,143,205,188,160,170,161,175,152,162,234,164,203,151,143,164,151,58,205,122,130,146,132,119,125,152,134,124,135,140,241,145,139,141,99,104,122,93,103,136,126,108,73,102,103,109,91,68,80
20230128,12412,7426,7771,4954,14737,11907,3460,2903,2219,1817,2341,2196,1149,5629,1848,1173,5071,1497,1058,1255,2211,1177,906,815,996,2025,567,783,727,681,609,494,592,1144,483,558,503,625,420,544,476,714,554,567,506,459,439,348,688,747,415,365,304,379,429,344,494,343,284,550,344,411,346,327,253,301,323,349,388,267,283,189,229,224,216,256,299,221,189,182,135,280,246,227,204,203,155,231,70,211,187,100,176,156,123,132,150,151,139,156,257,112,136,146,172,120,181,124,106,100,149,214,175,153,194,134,176,178,48,78,106,66,129,84,112,116,152,118,109,131,91,229,93,70,126,88,100,84,86,84,89,87,78,69,89,73,69,87,65,59
20230129,12234,7471,7899,5352,15182,11944,3454,2930,2100,1867,2019,2053,1157,5530,1710,1324,5340,1248,1095,1380,906,1004,994,761,978,2040,665,787,694,607,619,483,659,1236,530,503,537,566,482,580,493,777,604,639,444,418,476,390,634,805,396,318,275,401,379,801,555,326,324,598,322,392,361,320,210,323,319,355,390,250,455,201,230,186,198,324,331,219,166,212,182,231,230,283,232,214,157,149,69,237,200,112,152,157,134,153,145,126,128,278,267,148,146,99,168,421,172,110,93,81,140,225,199,118,139,127,105,117,53,98,82,98,109,67,102,91,128,93,94,116,121,230,117,86,176,85,121,101,80,110,109,112,100,84,96,76,92,74,82,51
20230130,13638,9361,9089,6803,18628,14521,4089,4224,2744,3156,2516,2580,1595,6038,2462,1652,7098,1290,1247,1965,1250,1237,1429,1100,1086,2480,674,1057,728,847,744,625,1006,1422,767,674,806,767,884,708,740,968,638,693,584,645,685,681,797,908,381,509,356,554,540,459,902,468,555,508,474,506,434,445,338,325,440,376,453,304,407,275,349,298,273,310,370,400,309,355,315,417,290,334,203,299,214,211,100,316,255,213,202,235,226,235,257,191,142,199,306,232,162,230,182,699,173,170,159,194,174,303,257,156,175,178,137,131,56,161,144,150,132,136,139,150,121,134,152,145,123,231,136,147,147,114,120,131,98,136,147,148,110,113,123,87,120,85,81,129
20230131,13582,9611,9063,6971,18258,14596,4221,4001,2856,3026,2531,2507,1786,5667,2553,1639,7386,1545,1302,2036,1443,1237,1378,1252,1031,2501,605,1149,819,850,664,756,1045,1495,807,705,751,818,782,636,766,1029,641,663,713,774,793,696,812,869,401,565,398,611,493,481,975,389,527,460,424,464,405,391,344,407,392,415,480,302,398,240,430,315,326,327,362,329,336,364,291,381,279,309,264,302,245,213,79,311,241,213,222,215,271,265,219,170,152,195,333,218,190,176,196,240,199,184,202,175,180,291,258,196,145,162,136,138,75,131,183,161,110,125,153,190,137,169,147,181,123,244,114,154,156,125,111,139,138,161,154,125,195,106,106,76,93,89,49,144
20230201,13445,9165,8538,7122,17685,14473,4097,4132,2515,3270,2461,2342,1640,5445,2361,1596,7430,1201,1372,2033,1474,1218,1368,1211,1131,2479,681,970,736,815,714,764,1017,1433,836,641,711,727,741,685,623,1009,760,564,585,733,791,719,820,959,315,564,344,582,542,433,682,365,462,475,408,501,484,426,335,333,343,458,438,312,396,213,396,300,322,298,318,333,312,409,347,369,315,328,203,252,249,200,103,289,260,215,191,215,266,339,220,183,146,193,337,230,178,204,192,223,189,190,198,193,159,336,217,171,184,168,190,135,64,169,151,199,141,218,128,138,135,169,151,143,164,249,117,157,142,124,150,140,114,180,119,141,133,115,84,97,92,105,85,104
20230202,13515,9467,8822,6720,17054,13830,3955,4218,2733,3191,2439,2213,1671,5894,2372,1668,6875,1293,1690,1848,1811,1238,1408,1105,1130,2525,592,961,781,910,646,791,984,1450,807,687,690,756,743,649,653,950,694,696,618,766,717,636,795,875,286,495,392,499,488,443,515,386,513,457,506,517,463,382,364,358,386,492,475,311,357,286,405,298,277,283,363,292,282,317,301,312,278,257,195,290,263,184,94,343,269,296,228,191,221,282,201,195,168,201,374,235,170,218,169,217,191,198,168,190,171,387,203,182,207,145,142,153,36,166,162,169,156,173,129,116,132,155,135,151,122,257,116,150,140,121,99,89,88,128,131,141,130,95,93,93,98,85,72,108
20230203,13090,8721,8284,6278,16090,13119,3703,3753,2578,2636,2469,1961,1943,5777,2251,1498,6246,1198,1235,1714,1880,1168,1204,1005,1046,2325,551,954,688,822,578,847,831,1255,730,646,620,654,724,692,684,847,619,628,531,622,557,709,733,902,229,513,342,512,454,473,627,323,473,432,397,899,399,345,333,360,363,488,399,287,369,177,337,298,256,298,347,278,323,292,296,267,242,276,202,287,228,166,107,260,246,225,192,250,235,230,214,191,135,195,328,238,178,224,192,155,165,150,189,165,199,348,167,140,141,174,127,165,56,122,146,178,117,186,143,161,129,153,135,152,121,213,99,129,197,108,111,119,117,126,102,125,124,85,97,118,95,90,59,90
20230204,12292,7100,7572,4995,14798,12031,3142,3053,1912,1811,2122,1699,1624,5520,1779,1391,5074,1198,942,1147,837,967,854,867,879,2015,461,761,549,654,534,652,556,881,475,442,492,561,423,514,485,636,531,435,420,435,454,359,554,749,242,335,243,337,394,291,476,354,333,280,268,420,430,279,224,235,300,323,354,312,297,177,212,214,157,204,277,188,199,134,195,186,246,300,172,227,172,186,81,258,217,106,163,218,151,157,138,126,168,163,316,119,153,143,174,115,189,116,114,77,116,270,154,124,123,117,121,109,56,84,103,110,123,87,118,139,130,83,90,101,85,250,95,83,187,73,76,92,97,118,76,99,95,95,105,68,97,73,63,51
20230205,12267,7043,7317,5040,14905,12068,3109,2924,2060,1843,2320,1797,1502,5530,1815,1217,5103,922,1029,1108,792,926,870,769,917,1907,585,863,572,628,435,603,573,909,596,502,486,580,418,527,432,716,584,366,411,427,437,379,521,762,235,304,276,364,360,241,582,289,289,304,277,494,367,310,259,274,299,323,341,263,254,169,199,208,327,267,276,219,197,154,154,286,242,226,269,206,175,179,70,246,190,109,169,181,164,169,141,166,177,124,270,151,136,114,139,108,169,123,115,84,161,253,145,146,107,109,133,119,39,101,75,79,99,72,108,96,131,86,209,113,97,206,107,80,197,84,90,99,63,104,119,101,109,67,107,84,65,50,70,50
20230206,13837,9145,8281,6395,17743,14823,3965,3990,2741,3025,2957,2155,1963,5746,2407,1421,7209,1168,1455,1701,1200,1285,1350,1096,1043,2437,645,1033,754,844,623,845,994,1137,832,685,667,734,715,820,670,1002,777,520,620,841,717,639,727,917,356,561,393,679,461,467,580,371,657,538,370,494,487,390,384,346,361,430,428,276,353,242,344,307,314,334,317,288,334,290,312,348,349,258,222,294,240,244,116,290,243,228,237,214,228,237,222,191,156,212,340,224,179,209,304,151,199,178,176,178,173,309,255,172,154,189,149,637,56,131,126,167,99,142,131,138,149,145,168,154,138,244,125,147,150,135,113,136,95,137,116,123,113,96,91,100,110,64,56,102
20230207,14271,9740,8499,7295,18483,15276,3825,4266,2661,3257,3023,2367,2189,5558,2622,1542,7573,1252,1371,1806,1279,1388,1416,1192,1107,2467,630,1085,781,961,969,866,936,1201,838,688,662,814,877,899,641,1112,784,614,686,764,691,683,790,935,270,633,406,534,548,563,536,365,608,451,398,438,445,382,379,473,365,508,541,290,322,443,345,314,315,324,351,318,364,317,361,314,281,288,281,289,264,208,125,324,305,224,221,213,473,246,243,211,153,206,331,307,184,201,185,197,197,186,164,215,212,354,214,168,162,162,143,266,75,140,111,198,134,141,93,184,137,192,139,176,138,221,127,140,180,144,139,112,115,113,115,143,129,114,111,77,83,84,140,90
20230208,14083,9751,7863,7143,17563,14452,3735,4151,2664,3063,2853,2382,2133,5264,2460,1484,6929,1071,1300,1729,1349,1302,1394,1153,1270,2626,810,1007,777,834,860,805,961,1112,870,714,705,718,1053,781,669,1019,748,582,689,660,761,748,750,883,299,562,397,585,535,579,697,381,734,443,422,548,449,387,497,448,407,461,427,334,314,455,387,329,315,300,304,324,323,322,357,371,284,292,234,305,246,202,127,326,266,248,204,180,230,232,232,189,155,236,377,234,160,216,179,187,227,196,167,182,204,259,203,156,211,132,131,207,73,138,107,185,146,154,103,173,155,168,163,160,130,258,126,128,122,118,155,137,126,142,120,136,136,108,91,83,103,69,51,121
20230209,14569,9593,7989,6487,15633,13166,3726,4144,2815,3022,2831,2440,2137,5199,2590,1545,5564,1258,1672,1578,1506,1320,1371,1140,1193,2607,696,962,791,934,718,976,1002,1096,893,707,761,735,767,849,703,1019,694,601,876,792,756,658,798,816,283,597,347,600,544,553,662,428,624,443,448,1001,420,344,502,428,438,380,450,331,356,489,431,301,285,259,338,298,322,305,333,388,309,268,260,309,279,239,105,329,277,263,183,196,276,241,216,188,144,201,320,250,254,258,172,200,185,187,181,185,197,277,182,144,189,177,128,218,58,142,127,158,156,152,121,130,149,181,186,158,121,234,141,124,153,146,115,121,131,132,142,129,142,96,148,107,83,74,66,106
20230210,13988,8941,8047,5830,15142,12651,3520,3670,2763,2748,2700,2198,1947,5499,2102,1555,5716,1156,1512,1274,1234,1268,1136,1048,1121,2344,646,901,728,874,660,797,826,1133,744,755,709,757,688,703,610,967,670,570,723,579,573,618,776,851,323,542,420,472,481,428,564,337,473,483,374,481,398,379,412,442,418,374,414,298,363,460,359,272,265,252,310,309,310,290,297,328,298,271,215,256,220,190,95,334,261,222,201,178,225,197,202,202,131,180,275,195,197,204,145,160,232,128,146,208,178,261,248,196,154,140,140,253,42,121,123,140,126,137,147,128,169,147,162,148,133,255,147,130,160,111,117,124,115,134,106,120,130,93,173,79,101,76,67,109
20230211,12949,7448,7415,4910,13951,11465,3139,3538,2252,1902,2164,1934,1540,5297,1735,1225,4792,900,1216,1124,964,1040,880,916,1074,2200,587,768,563,651,492,577,622,946,522,574,611,496,421,558,439,884,611,354,508,458,557,354,586,743,235,311,376,405,400,411,473,376,369,315,302,416,376,269,319,488,319,362,351,243,300,405,294,193,210,256,243,185,172,153,175,247,291,214,227,183,190,221,99,237,282,149,191,173,136,161,145,160,121,113,264,114,202,92,125,92,162,150,131,118,166,234,176,138,160,128,151,314,64,94,88,89,114,72,97,91,112,120,101,134,126,254,101,51,157,95,85,123,104,115,109,135,97,102,143,77,87,61,63,77
20230212,12383,7102,7314,4951,13828,11519,2919,3410,2123,1795,2042,1901,1372,5153,1691,1333,4816,1025,993,1603,762,950,856,763,1053,1904,620,702,569,619,547,636,526,1085,525,498,563,484,419,616,436,765,542,397,449,417,488,360,535,651,233,429,302,375,401,284,456,342,315,282,279,333,335,294,280,310,291,373,325,236,268,233,225,219,187,208,222,185,179,178,203,222,289,220,290,224,202,171,99,218,225,98,167,179,134,186,132,125,178,129,242,153,169,115,134,88,188,127,145,91,152,249,200,123,131,118,132,146,54,105,65,66,91,81,85,92,113,97,91,134,111,250,83,67,152,88,69,99,72,102,114,104,97,64,94,61,114,66,70,68
20230213,13872,9067,7881,6030,16309,13925,3914,4255,2573,2802,2646,2317,1754,5202,2344,1600,6465,1483,1365,1858,1137,1289,1329,1179,1239,2299,645,939,734,937,628,1676,931,1245,700,694,599,714,695,729,644,954,676,573,581,607,648,660,730,864,256,545,338,567,477,487,461,382,494,403,335,452,449,394,353,401,441,581,384,253,304,259,324,263,299,241,309,330,334,338,279,329,441,265,211,258,222,194,121,286,208,210,172,192,203,240,227,147,242,223,315,238,180,203,180,177,206,159,200,198,168,276,248,168,172,188,184,199,60,167,84,214,102,134,142,156,127,149,113,181,121,228,114,123,153,83,269,128,105,113,113,115,132,92,102,70,104,73,104,107
20230214,13433,8847,7786,6009,15899,13147,3726,3893,3289,2960,2540,2031,1996,5301,2249,1505,6104,1321,1410,1927,1281,1254,1217,1190,1312,2154,665,1007,730,838,708,742,1018,983,706,697,715,676,771,670,704,800,744,596,629,778,671,581,737,827,244,502,444,473,516,517,541,419,473,423,326,458,438,419,379,1008,394,457,452,351,284,197,336,271,273,261,297,304,330,275,284,351,365,250,246,255,266,201,111,291,274,204,169,224,216,251,241,199,149,195,349,235,198,292,209,169,201,167,176,191,213,275,198,151,190,187,200,174,37,131,85,154,125,191,122,141,183,134,154,155,118,207,105,111,135,111,285,154,102,173,120,142,125,104,104,109,112,61,62,125
20230215,14228,8713,7948,6280,17173,14401,3744,4329,4059,3003,2640,2325,1959,5185,2403,1577,7093,1392,1297,2422,1309,1330,1318,1138,1379,2495,625,1003,765,884,628,781,943,1264,823,732,704,686,634,749,696,965,774,620,587,704,700,648,741,881,227,525,464,508,559,523,581,471,546,491,378,432,439,404,407,592,383,551,476,307,290,185,357,278,285,285,465,322,319,273,283,393,347,253,230,245,231,224,125,299,235,238,192,203,281,259,638,223,158,211,363,285,173,230,176,158,273,189,241,219,211,399,244,207,174,174,171,191,55,175,123,175,102,139,132,144,153,161,195,147,122,203,133,126,144,97,190,134,109,94,125,152,105,104,101,97,90,77,69,114
20230216,14130,8583,7823,6172,16664,13790,3493,4404,3659,3142,2741,2166,1747,5167,2441,1568,6519,1239,1396,1933,1179,1338,1375,1221,1387,2457,660,1042,729,827,688,729,916,1326,793,778,796,660,636,713,666,874,722,626,585,626,664,588,773,833,242,568,403,534,538,577,680,425,504,489,367,491,483,421,398,514,378,406,479,270,316,160,315,276,284,329,373,339,375,325,308,315,389,284,216,296,269,203,104,283,247,276,215,188,245,233,323,187,154,195,383,222,157,221,143,221,208,170,190,214,224,393,213,159,173,177,196,208,56,161,121,158,138,185,133,154,146,142,114,148,148,237,103,139,168,130,128,138,98,124,107,154,164,114,124,92,109,76,71,131
20230217,13681,7822,7626,5448,16576,13033,3562,4045,3272,2865,2469,1976,1831,5045,2223,1473,6274,1077,1326,1749,1076,1228,1233,1044,1264,2258,610,969,727,820,796,662,823,1188,765,718,716,643,584,666,608,832,620,595,548,611,576,544,663,847,236,540,387,465,455,447,766,437,421,453,362,471,418,437,373,374,365,461,383,302,360,178,322,324,256,285,370,283,259,244,299,271,313,220,206,227,228,216,143,270,229,214,194,215,206,213,240,205,146,186,343,218,154,179,190,204,169,157,179,189,170,356,194,161,163,147,161,177,66,147,106,183,190,134,134,143,141,147,110,145,137,242,82,103,173,135,153,127,108,93,130,126,144,109,94,104,97,66,58,93
20230218,12291,6328,7803,4248,15947,11184,2970,3121,2486,1748,1982,1701,1392,5627,2046,1312,4542,845,991,1478,785,1071,840,713,1168,1908,599,768,587,605,515,526,515,970,499,523,595,462,351,464,476,803,545,416,454,463,409,348,529,501,208,322,273,336,415,330,452,327,328,308,263,331,360,377,272,308,392,348,256,246,299,152,206,232,209,271,272,193,247,136,186,240,271,191,330,240,135,158,87,256,210,113,175,160,167,153,166,129,156,158,236,143,132,166,131,108,154,90,125,83,119,259,164,121,125,134,153,147,38,98,71,70,261,66,92,86,96,113,92,150,98,221,106,68,173,71,118,104,102,112,99,80,70,127,101,102,85,74,73,62
20230219,12440,6627,7321,4388,15411,11237,3004,3198,2656,1793,2104,1830,1319,5080,2164,1715,4536,934,1187,1465,843,2159,908,783,1160,1965,676,798,583,682,551,554,566,944,471,501,600,479,364,618,511,733,574,371,496,488,479,352,459,552,226,318,307,373,378,324,486,347,314,307,239,366,390,354,251,311,357,498,336,250,283,169,219,211,226,280,316,207,214,175,166,238,267,214,260,205,151,207,98,211,189,132,144,159,140,161,119,127,148,139,271,126,133,118,119,129,167,114,129,97,122,301,158,164,132,157,151,150,43,83,96,70,177,77,102,114,110,146,96,134,140,219,117,69,162,95,122,110,96,93,102,94,107,108,78,107,93,88,64,49
20230220,14016,8688,8534,6158,17886,13892,3773,4212,3239,2813,2717,2161,1589,5125,2769,2706,6148,995,1460,1953,1058,1863,1451,1140,1261,2292,715,1004,769,846,688,748,974,1134,815,674,793,609,650,691,601,916,748,611,584,610,743,586,645,702,297,506,420,573,520,470,451,499,538,421,351,481,439,384,338,445,448,426,424,337,327,177,354,291,301,279,351,277,311,248,329,312,334,314,268,270,190,245,108,322,301,228,196,212,195,195,231,154,173,143,334,246,172,234,182,248,223,135,184,192,174,398,227,152,167,136,138,173,59,169,128,146,173,135,121,139,161,143,110,154,130,228,94,131,175,118,172,122,92,113,148,143,120,110,108,82,92,100,66,116
20230221,14652,8930,8106,6325,18025,14068,3820,4214,3468,2939,2713,2187,1837,5036,2733,2550,6357,1210,1446,2024,1183,1429,1302,1181,1225,2267,657,999,754,831,766,706,943,1233,810,734,766,740,768,785,694,962,718,591,561,740,725,609,764,662,243,567,480,516,540,490,496,389,553,405,356,498,473,362,405,506,437,482,524,314,333,176,357,300,287,290,382,310,313,312,367,362,233,235,259,318,207,253,166,396,254,234,197,215,225,271,283,175,165,213,319,251,203,243,179,257,170,177,197,187,168,361,216,156,150,176,127,193,88,153,92,164,189,151,134,145,158,155,132,173,116,225,155,144,190,111,170,128,104,123,153,126,136,101,100,77,125,93,91,123
20230222,14045,8867,8012,6068,17480,13805,3728,4415,4099,2907,2865,2142,1549,5034,2817,2136,6236,1655,1355,1933,1401,1522,1420,1216,1215,2378,690,950,853,889,680,691,874,1220,836,721,878,748,718,679,710,942,737,558,662,678,730,639,784,718,255,521,412,556,533,627,505,459,477,447,376,431,466,390,377,431,383,478,422,264,370,212,355,309,269,294,339,295,374,286,335,300,283,296,228,283,252,263,141,308,310,230,177,201,282,266,294,206,182,214,329,224,174,247,164,184,185,208,200,202,189,364,233,160,172,172,164,199,52,154,129,157,188,227,152,130,155,149,151,181,98,208,134,141,187,119,129,111,122,129,137,98,143,113,112,82,110,99,67,93
20230223,14175,8483,7672,5488,17141,13826,3920,4048,3542,2956,2904,2079,1614,4933,2788,1979,6133,1709,1446,1720,1330,1579,1372,1193,1220,2355,633,1006,807,826,725,727,849,1224,813,711,1096,698,770,681,630,944,711,607,578,546,684,587,800,672,315,486,425,532,590,482,457,425,506,471,383,507,481,435,347,468,425,461,477,287,324,231,373,240,308,309,363,327,346,302,299,313,278,292,266,353,267,247,115,320,264,245,192,201,266,274,221,189,149,194,323,256,191,208,168,200,199,209,211,196,184,321,224,149,161,127,161,199,64,181,129,157,146,158,125,161,142,159,133,133,176,240,182,125,209,100,154,116,118,103,103,155,110,95,119,79,101,91,71,107
20230224,13639,7709,8163,5501,17228,13116,3893,3723,3095,2582,2514,2064,1549,5420,2629,1965,5730,1641,1413,1728,1438,1281,1280,973,1170,2370,654,921,763,830,628,653,831,1182,805,718,831,643,694,620,616,912,630,647,578,559,625,592,721,656,265,476,423,476,678,534,519,415,473,419,364,457,400,313,356,453,333,360,507,299,362,373,275,283,301,294,311,323,268,234,270,301,283,192,240,301,224,244,115,298,235,205,173,234,209,211,175,177,145,198,327,270,155,183,160,214,195,148,190,168,178,301,188,150,185,127,144,198,51,109,115,133,166,176,132,135,157,123,124,132,115,261,146,129,169,103,128,95,115,75,114,113,106,98,101,69,101,68,86,107
20230225,12816,6239,7764,4299,15289,11436,3427,3109,2350,1704,2246,1645,1370,4970,2105,1613,4622,923,1010,1245,1052,1176,926,768,1145,2015,594,717,597,623,532,560,567,1036,498,573,564,502,406,619,503,796,504,474,446,430,390,335,514,550,270,317,331,345,464,319,450,354,265,303,372,396,345,316,308,522,335,405,330,499,269,354,257,190,227,219,255,222,209,141,223,263,227,202,209,258,151,198,99,245,183,156,151,169,118,143,139,116,171,162,255,169,119,128,142,103,150,121,113,70,165,252,165,133,131,133,114,138,58,107,82,69,135,96,76,93,98,119,118,102,109,209,74,73,180,78,86,93,90,108,98,99,92,118,95,70,105,35,69,72
20230226,12702,6346,7140,4562,15448,11376,3189,3164,2417,1834,2102,1891,1913,4906,2142,1489,4758,940,1065,1080,892,1034,947,921,1060,1955,726,806,605,758,482,574,557,972,473,581,569,545,404,655,475,740,547,501,480,424,457,360,533,522,276,515,334,386,439,345,402,360,305,291,329,300,338,330,250,351,344,402,393,860,270,373,249,230,229,302,306,234,181,139,190,175,236,206,217,222,152,197,102,222,204,118,161,161,165,143,157,142,152,150,293,141,147,146,160,270,156,144,137,120,184,307,170,109,157,176,125,142,50,79,96,76,139,88,70,106,114,133,103,153,124,279,96,91,221,84,92,94,80,103,93,87,97,71,81,67,107,54,73,63
20230227,14310,8352,8076,6157,18248,13746,4124,3980,3083,2955,2665,2205,2104,5106,2855,1519,6307,1098,1403,1556,1260,1313,1408,1297,1270,2389,765,1037,805,941,692,743,949,1231,768,740,767,777,782,712,615,998,683,848,627,659,640,600,766,700,327,705,430,471,539,506,429,375,546,438,524,504,436,414,327,412,417,514,420,437,334,438,337,304,292,428,300,349,308,275,291,343,299,225,254,279,260,251,117,314,295,245,155,242,268,216,205,234,146,213,324,269,174,244,164,159,176,180,179,191,163,320,216,165,164,171,148,169,86,151,153,195,167,146,154,125,164,151,114,211,101,256,116,160,176,127,116,131,120,134,136,150,124,105,94,97,100,66,71,108
20230228,14766,9064,8120,6582,18254,14429,4170,4055,2952,2869,2805,2457,2484,5064,2888,1553,6558,1224,1483,1647,1374,1391,1493,2842,1262,2517,863,970,734,847,886,734,901,1227,770,702,771,671,773,834,650,1010,744,658,538,709,788,538,753,681,310,554,414,495,541,484,481,470,493,480,462,464,443,401,401,387,442,485,414,426,382,446,378,370,312,341,328,322,335,311,308,408,260,249,248,265,263,250,89,329,316,211,212,277,270,244,206,186,138,222,382,263,224,239,146,174,194,203,199,211,156,286,234,167,186,181,161,141,70,170,143,207,140,168,127,142,169,210,105,189,127,234,124,137,208,147,110,127,119,127,128,134,153,119,89,83,108,82,84,100
20230301,15394,8465,8066,6456,19033,14919,4155,4305,2771,3099,2963,2774,1788,5242,2946,1473,6614,1176,1235,1614,1286,1349,1399,1494,1293,2534,1609,1007,817,891,752,751,945,1261,816,684,798,784,711,799,657,947,701,680,533,831,708,633,765,750,241,594,379,479,578,441,460,350,518,436,377,429,406,394,429,470,413,517,404,314,339,340,487,373,347,284,348,327,305,353,315,344,278,265,316,352,242,209,87,341,276,260,220,238,254,218,238,174,121,195,392,190,237,235,161,155,216,162,212,214,189,241,215,148,154,156,127,164,86,138,163,189,123,157,114,88,138,185,154,152,118,213,115,155,171,112,138,126,105,116,119,147,165,100,107,101,94,68,61,118
20230302,15076,8649,8590,6191,19536,15776,3982,4430,2867,2780,2960,2401,1804,5472,3101,1471,6987,1958,1463,1550,1306,1242,1331,1266,1184,2570,1983,1032,738,907,725,671,912,1151,734,747,791,685,653,832,601,909,618,615,582,629,711,565,739,709,218,577,334,574,530,490,698,403,455,465,319,483,407,379,425,378,384,488,399,300,347,441,414,263,277,565,346,395,331,263,334,345,347,253,301,259,296,189,118,326,282,239,214,232,313,287,226,218,132,208,383,214,167,253,178,181,176,155,202,182,186,288,231,169,151,195,161,165,66,119,151,158,165,183,147,160,163,133,145,151,158,199,143,123,154,123,129,124,109,95,124,126,132,113,105,190,94,100,72,130
20230303,14568,7938,8160,5522,18680,14458,3705,4426,2737,2518,2639,2162,1894,5279,2613,1402,6768,2544,1188,1693,1265,1215,1136,1062,1146,2432,1438,1031,731,873,664,620,790,1253,777,711,716,695,708,682,575,828,643,580,534,584,596,539,701,587,256,557,372,553,527,523,534,467,462,494,365,461,377,368,398,391,341,469,406,345,364,345,292,269,269,381,281,275,269,286,262,287,242,213,196,289,262,205,111,287,289,207,174,251,239,212,310,163,141,189,323,233,182,215,169,188,126,138,139,237,189,268,185,147,153,218,133,148,63,153,132,126,125,131,175,150,151,136,155,154,98,238,129,121,163,109,133,121,112,109,133,97,143,112,90,95,119,95,109,104
20230304,12941,6328,7708,4565,17211,12384,3352,3361,2293,1773,2106,1939,1665,5355,2211,1146,5281,2020,978,1433,986,934,941,862,1002,1976,1100,776,604,659,497,546,507,937,436,453,582,497,390,536,412,696,514,403,389,388,451,305,564,483,201,334,304,408,381,343,397,302,274,312,289,307,336,304,248,319,252,367,319,239,264,469,207,238,177,226,267,191,208,190,184,200,239,203,187,211,190,206,75,206,190,116,166,157,154,156,173,169,122,157,285,150,152,127,168,107,152,128,98,145,148,225,180,112,132,131,115,103,70,96,96,68,97,72,100,69,107,106,81,126,95,222,90,58,178,81,81,104,75,104,98,111,98,79,74,79,93,120,59,73
20230305,12964,6426,7542,5342,17601,12884,3312,3107,2347,1847,2673,1818,1372,5137,2225,1330,5449,2331,939,1525,917,909,822,772,1028,1828,1071,782,574,675,512,595,519,932,445,519,517,494,385,575,505,793,580,451,375,456,387,328,516,503,193,322,308,422,383,421,393,371,277,312,278,397,267,319,273,340,290,385,278,280,262,371,229,221,204,238,253,216,205,225,201,188,251,177,199,247,180,174,78,237,187,140,157,179,108,169,196,143,176,167,251,160,125,105,183,109,158,124,104,134,156,273,155,179,116,133,132,119,59,137,91,89,132,74,115,109,124,110,115,165,104,212,100,60,154,121,54,83,86,85,100,95,82,78,68,72,97,132,81,59
20230306,14131,8673,8141,7020,20656,15670,3853,4212,3464,2926,2818,2186,2081,5118,2914,1467,7011,1823,1321,1780,1367,1173,1370,1013,1137,2326,1230,973,841,855,611,733,841,1164,783,691,692,727,619,704,680,887,641,639,550,606,608,562,689,659,254,533,429,529,560,467,432,383,495,469,420,492,389,387,348,353,334,518,393,289,315,516,348,319,292,291,364,277,302,281,318,286,253,231,232,295,230,218,115,339,279,198,182,232,217,243,249,280,149,220,329,245,199,224,212,190,143,206,187,175,172,321,205,165,165,158,148,189,67,138,119,173,114,155,198,133,180,165,151,336,95,248,117,131,190,111,106,123,113,104,117,118,102,101,106,84,113,134,126,115
20230307,14699,8766,7204,6302,19366,15548,3768,4476,3316,2992,2661,2198,2063,5110,2863,1552,6975,1574,1219,1483,1263,1315,1339,1187,1148,2440,1257,999,753,896,892,710,794,945,834,714,715,604,848,687,711,904,607,580,572,665,616,612,739,670,418,544,384,513,473,489,428,426,557,431,418,414,389,361,344,319,418,443,336,344,329,394,349,323,280,288,304,335,327,316,358,295,277,220,244,276,276,189,93,278,319,235,167,230,245,217,239,193,153,220,328,233,192,229,188,194,172,141,193,224,190,316,211,184,158,177,157,149,55,158,139,155,101,175,152,142,138,154,159,494,285,268,148,120,261,95,123,103,106,115,88,132,109,93,100,84,101,115,72,90
20230308,14150,8280,7060,6438,19047,15083,3638,4415,3309,2901,2688,2204,2001,4912,2783,1317,6913,1487,1299,1550,1259,1159,1297,1072,1143,2317,1058,977,876,882,797,858,803,919,732,706,716,636,746,845,654,824,729,523,528,567,639,644,735,588,585,597,423,418,522,510,471,404,477,451,443,411,391,435,380,346,434,484,361,296,366,440,349,294,293,327,319,300,298,287,291,301,292,340,265,251,273,217,103,308,305,208,220,232,256,242,241,219,175,172,314,223,202,215,168,264,189,176,171,232,166,279,173,164,202,172,184,187,68,177,149,181,115,128,174,158,116,153,166,495,37085,214,138,139,200,135,103,94,108,92,115,137,108,103,122,120,80,107,87,109
20230309,15297,8738,7575,6244,18570,15453,4009,4593,3461,2837,2754,2191,2082,4893,2776,1456,7033,1462,1347,1470,1299,1302,1481,1127,1118,2451,1037,936,730,881,760,804,729,982,877,675,843,638,720,783,788,1033,573,523,582,589,680,619,753,619,391,597,392,575,525,503,473,419,511,438,402,433,424,402,358,373,395,572,375,389,305,377,368,340,317,291,343,271,333,244,327,285,311,294,237,240,249,196,116,290,375,214,204,236,262,244,216,234,165,235,273,217,142,221,234,253,177,190,182,224,172,306,242,159,220,145,154,127,74,168,108,159,115,138,145,154,171,153,130,533,14278,189,135,155,156,98,142,151,134,120,112,136,140,119,90,99,112,105,88,114
20230310,14724,8181,7599,5593,18028,14138,3840,4377,3249,2581,2490,2171,1954,5294,2713,1454,6214,1239,1179,1216,1054,1330,1280,1016,1067,2318,836,895,740,791,720,626,677,889,776,739,648,662,696,684,597,1029,572,529,478,478,586,533,655,621,577,555,360,483,499,375,653,428,415,470,369,389,377,365,342,305,395,392,407,292,303,305,327,298,281,345,274,301,289,212,248,256,249,279,296,196,214,186,75,305,319,247,149,225,193,237,164,189,170,213,304,234,154,204,171,222,172,175,174,175,138,266,167,176,146,149,115,162,67,175,129,158,119,133,93,112,530,126,107,507,2478,254,154,122,197,124,110,115,88,104,100,134,150,89,95,83,93,67,61,125
20230311,13889,6751,6965,4516,16752,12365,3475,3519,2499,2159,2298,1809,1503,5027,2083,1364,5020,1000,1136,904,859,929,1053,730,932,2050,716,735,560,674,603,516,550,716,524,530,564,478,407,513,487,778,514,387,379,517,398,364,543,499,438,371,281,434,416,320,465,324,390,334,293,328,302,322,294,263,270,363,351,257,281,235,262,275,190,232,205,201,238,165,220,190,206,183,199,192,230,191,78,256,193,118,164,275,115,243,147,134,137,143,265,232,133,122,261,122,151,112,105,100,137,206,156,152,106,117,128,121,51,83,112,103,92,85,121,111,117,114,79,393,482,218,138,71,148,107,71,70,73,73,88,124,93,92,94,67,81,66,63,38
20230312,13631,6856,6786,4777,16642,12533,3266,4090,2526,1830,2309,1966,1492,4792,2114,1300,5324,1057,1331,1018,972,959,956,809,932,1936,842,815,544,682,493,658,460,734,499,561,510,451,436,545,499,874,602,381,425,379,448,348,573,535,705,395,304,392,408,256,419,390,294,338,280,345,318,328,280,319,252,365,300,334,259,435,230,258,226,242,273,220,230,178,204,204,202,197,260,182,153,202,79,240,197,121,137,180,137,178,116,256,180,137,265,145,132,127,192,100,160,116,93,120,143,235,172,135,182,120,94,139,40,108,86,74,83,67,111,109,143,103,73,391,345,226,138,69,188,66,63,82,73,86,101,101,111,88,84,73,89,110,97,53
20230313,13852,8819,8795,6164,19908,15385,4093,4398,3215,2921,2760,2451,1884,5681,2772,1667,7024,1435,1429,1411,1243,1165,1351,1095,1092,2361,835,1003,716,859,696,774,707,929,813,727,618,752,823,691,632,919,661,577,566,617,591,642,712,596,467,525,442,429,554,450,530,508,512,419,333,401,390,389,356,380,333,514,340,270,307,454,384,233,317,325,297,346,418,265,270,304,255,244,228,260,286,215,98,262,277,240,202,239,284,194,180,195,179,164,312,265,180,194,205,200,189,187,191,165,156,282,213,180,155,169,153,170,63,164,140,176,83,150,174,150,145,120,126,565,263,242,175,156,170,142,115,146,92,100,109,195,157,93,121,89,88,76,76,67
20230314,15268,9788,8125,6311,19295,15445,4114,4547,3279,3078,2828,2460,1935,5104,2800,1600,6953,1280,1257,1575,1130,1215,1537,1241,1016,2481,835,986,744,816,772,750,831,1023,822,736,716,739,774,689,698,935,730,553,508,583,631,595,813,666,368,565,395,472,591,540,464,368,458,466,381,426,407,416,445,383,337,564,382,306,281,430,368,347,282,276,348,319,348,281,333,300,250,233,268,300,266,245,109,316,287,213,183,230,221,219,220,206,165,176,338,276,180,226,168,188,166,175,216,222,177,230,257,185,160,177,122,161,74,150,142,160,127,127,173,125,134,186,143,529,155,208,144,129,155,144,97,121,119,104,111,146,137,133,104,74,115,111,71,93
20230315,15567,17526,7789,7692,20572,16983,4187,4523,3007,2902,2651,2346,2097,5070,2800,1506,7001,1281,1411,1480,1070,1109,1444,1197,1085,2347,845,912,780,909,737,699,831,950,800,688,762,719,883,768,597,939,620,599,508,662,627,620,842,612,381,639,357,577,541,560,401,410,496,464,338,392,428,408,412,321,372,507,380,254,354,438,377,341,473,263,288,283,333,283,316,325,261,270,235,289,250,246,110,320,217,249,161,242,291,198,182,220,147,179,314,238,178,260,191,216,197,202,211,217,150,258,196,158,174,164,118,160,61,153,142,189,114,166,180,130,146,166,128,517,165,228,153,129,169,117,89,116,90,110,120,143,153,91,103,85,114,103,94,59
20230316,15210,23080,7865,8715,21313,17381,4198,4416,3102,3041,2603,2457,1969,4799,2700,1471,6815,1248,1211,1521,1090,1146,1490,1067,1046,2447,807,904,775,855,717,732,892,990,785,713,725,702,695,757,601,911,675,577,533,550,649,553,768,584,377,571,374,497,542,489,552,352,484,400,415,444,355,423,381,331,335,410,431,264,282,435,372,270,319,251,281,332,321,249,295,280,203,243,214,255,304,191,100,291,229,223,222,209,230,194,208,196,152,290,348,290,145,250,175,196,199,203,183,210,128,222,205,161,143,170,125,136,73,158,143,138,96,124,148,139,156,157,151,504,130,247,166,141,141,123,102,125,101,110,107,167,149,110,109,88,112,113,97,81
20230317,14699,9226,8446,8158,20989,16386,4059,4348,2681,2561,2544,2186,1858,5883,2352,1377,6302,1264,1119,1431,1019,1013,1202,1047,969,2362,773,888,708,752,626,629,701,794,723,650,668,619,694,635,622,902,675,475,517,495,531,529,759,595,289,561,349,444,488,409,454,407,447,391,416,334,358,382,429,351,282,366,290,311,387,416,292,270,239,238,308,284,266,250,281,356,211,204,215,238,217,189,99,273,221,201,217,218,234,167,151,156,127,231,261,169,154,201,174,192,197,164,176,187,167,227,211,140,145,133,125,148,61,170,104,169,92,124,107,178,161,121,99,482,130,259,169,122,149,124,71,98,109,90,110,101,136,101,73,68,103,54,78,84
20230318,13616,6842,7302,8966,20899,16464,3558,3428,2174,1780,2041,2067,1364,5232,1945,1452,4917,1139,980,981,796,899,930,722,934,1938,942,708,575,620,499,437,483,659,465,472,502,491,389,508,406,712,516,367,363,366,408,318,490,481,328,409,337,308,397,255,375,287,284,486,251,282,304,267,312,282,284,377,283,271,274,383,188,198,167,227,210,162,175,129,212,242,190,187,192,183,162,193,81,223,203,124,182,176,149,123,109,139,133,156,159,187,152,95,128,115,154,96,103,91,122,201,178,128,96,114,134,131,49,111,77,77,88,66,128,71,109,98,81,338,114,221,134,84,184,90,58,74,97,82,91,67,106,72,98,85,105,95,78,60
20230319,13353,6825,6783,9022,20434,16335,3441,3321,2246,1738,2070,1898,1256,4628,1970,1523,5077,1395,913,897,721,964,916,757,939,1946,734,766,655,596,394,512,449,714,532,502,540,522,364,694,458,752,464,342,354,445,423,301,580,429,335,454,362,315,375,276,412,346,302,379,237,329,333,300,382,307,258,365,270,292,270,365,204,224,174,228,223,182,216,176,211,263,234,208,220,212,157,186,69,251,197,96,180,144,141,134,128,135,138,142,141,170,124,114,159,98,160,139,134,111,126,257,132,108,117,131,133,91,52,128,88,76,111,71,158,111,107,97,79,374,126,254,105,83,143,100,50,70,88,99,81,78,107,80,73,68,112,89,74,51
20230320,15386,9202,7564,11216,22660,19206,3927,4273,2895,2889,2611,2301,1593,4812,2625,1578,6401,1765,1273,1354,1071,1196,1451,1068,1122,2382,809,947,789,793,593,586,841,942,777,690,620,706,713,593,696,1021,608,562,522,565,615,632,733,582,335,567,383,497,654,543,485,396,513,432,372,404,426,405,467,314,357,478,329,293,373,450,338,319,373,253,259,293,340,271,289,333,281,217,197,290,262,179,108,295,275,212,185,220,237,232,198,210,141,175,212,248,164,248,243,160,210,196,187,197,142,269,209,144,151,122,137,161,54,148,98,139,88,177,167,151,134,145,148,517,142,232,150,119,160,146,105,95,89,87,103,138,165,103,76,78,100,145,83,109
20230321,14420,8761,7755,10354,21897,18080,4053,4297,2994,2803,2475,2297,1775,4622,2627,1523,6342,2170,1328,1393,1196,1203,1415,1068,1195,2382,823,940,759,842,714,624,847,1044,746,741,710,718,720,689,796,960,680,526,480,565,655,633,728,696,345,623,371,546,580,541,425,408,530,449,339,462,423,372,487,320,406,456,348,241,345,458,322,264,309,292,264,319,329,327,278,364,294,226,206,273,241,204,99,343,227,242,195,200,245,240,186,195,177,217,221,245,147,203,186,146,164,180,192,199,159,272,203,160,170,186,148,137,57,178,109,179,113,143,160,129,148,157,147,485,147,233,188,137,175,136,102,122,87,97,116,151,162,117,106,119,110,121,81,93
20230322,14638,11682,7074,9241,20396,17755,4007,4129,3011,2849,2606,2188,1758,4314,2719,1619,6074,2102,1229,1380,1174,1207,1428,1072,1091,2382,739,914,876,904,655,672,798,1011,782,730,792,716,694,657,664,957,646,527,508,658,642,635,842,665,432,678,403,508,628,579,450,451,570,511,391,472,426,389,393,385,333,530,359,279,309,484,323,274,306,284,264,376,322,309,305,293,270,224,223,288,307,220,129,355,218,231,194,201,272,257,162,155,135,175,217,240,164,202,203,212,196,163,182,195,160,200,204,173,177,154,128,147,59,176,153,179,114,180,151,143,122,114,124,488,134,265,136,151,170,112,92,98,119,117,108,117,125,128,94,97,130,84,84,95
20230323,16415,11327,7385,10399,22140,18692,4210,6327,2887,2610,2712,2227,1937,4422,2608,1615,6116,2193,1231,1373,1239,1190,1411,1144,1016,2470,840,937,748,848,674,646,738,980,773,764,772,686,769,732,751,900,700,506,513,550,647,508,803,629,398,656,374,504,525,519,1660,419,467,436,363,531,415,433,350,338,398,399,392,262,280,443,288,286,291,266,296,387,320,260,278,287,278,234,218,240,241,195,99,276,209,208,304,191,248,226,153,176,149,403,192,284,134,198,165,270,222,135,200,188,168,347,219,155,137,169,171,148,60,131,141,133,139,189,152,134,264,144,111,419,149,235,115,152,175,180,93,114,103,112,119,158,147,124,104,70,116,103,87,97
20230324,14182,7982,6840,8689,20257,16634,3740,4325,2630,2519,2516,2167,1882,4418,2451,1371,5913,1640,1173,1309,1060,1100,1166,928,1125,2204,763,858,631,769,680,582,691,866,661,665,670,552,641,601,650,924,600,508,513,527,575,534,631,510,334,540,332,401,766,422,514,342,462,402,308,431,368,386,393,324,267,423,353,253,324,351,271,230,272,236,249,371,280,269,245,254,254,243,179,251,255,192,109,267,197,203,185,202,219,196,192,176,179,357,207,207,108,181,191,207,162,132,189,198,127,478,209,160,158,149,143,127,63,177,82,133,97,144,146,126,148,140,118,381,113,199,116,152,158,153,111,122,99,99,91,105,118,107,64,105,129,83,63,70
20230325,13046,6578,6599,7016,17984,14601,3376,3248,2150,1738,2216,1787,1332,4509,2049,1219,4713,1126,874,917,782,850,832,817,815,1859,637,647,622,576,494,405,417,660,424,510,540,434,411,601,465,761,512,307,370,381,419,322,503,484,289,384,301,325,548,325,412,366,280,268,223,341,295,298,293,256,207,348,316,218,265,328,222,188,191,229,203,254,226,110,174,198,213,173,173,217,221,155,82,197,149,126,170,161,127,120,120,126,135,155,152,154,113,127,133,121,146,117,93,91,126,503,163,91,124,123,121,113,68,99,92,71,94,76,131,105,113,95,98,332,102,263,106,76,181,67,91,81,77,99,70,77,91,110,66,62,80,60,71,39
20230326,12865,6493,7600,7621,19547,14690,3218,3429,2085,1626,2121,1755,1517,5628,2011,1297,4830,1090,952,875,690,861,868,817,851,1988,705,741,894,555,472,496,428,719,426,542,519,470,390,553,418,695,567,358,380,476,413,337,508,467,273,358,259,317,456,303,397,322,287,256,256,333,288,280,251,252,256,420,302,255,263,327,214,206,212,234,221,216,212,152,174,241,189,194,197,193,192,174,97,227,176,117,163,158,83,134,123,120,156,133,195,187,118,144,117,120,147,124,86,88,136,430,169,125,162,137,89,117,61,117,90,92,92,86,96,108,101,105,101,349,119,218,152,98,161,113,79,98,112,91,86,114,101,82,86,67,108,69,82,46
20230327,15078,9012,7576,11801,24726,20693,3796,4450,2711,2629,2604,2228,1948,4668,2658,1536,6871,1175,1169,1368,1030,1100,1346,1192,1082,2633,820,923,914,844,659,616,723,949,669,717,721,655,771,734,597,1000,670,558,549,613,627,546,711,546,626,587,330,447,596,429,483,348,474,371,326,435,361,401,325,356,325,424,324,354,353,420,338,250,289,295,268,336,319,251,292,303,234,205,248,233,261,234,123,307,244,220,152,204,193,233,173,221,174,181,210,281,147,234,240,156,159,155,152,202,163,478,192,162,172,127,157,136,57,154,143,170,117,117,130,158,126,134,113,512,135,244,145,172,179,100,121,107,111,101,82,133,160,125,99,110,131,98,83,88
20230328,14595,9440,7603,10510,23290,18657,3897,4132,2933,2796,2614,2370,1871,4717,2797,1518,6793,1278,1227,1373,1032,1132,1288,1004,1006,2439,700,883,759,807,704,712,770,983,680,695,671,603,765,728,630,955,647,491,539,581,575,555,730,670,493,601,328,538,578,477,812,366,525,397,349,402,418,381,341,323,340,443,337,383,331,368,327,293,313,281,313,326,284,294,319,352,238,252,240,210,251,198,93,309,204,297,157,208,204,210,191,151,164,220,271,211,172,194,216,173,170,150,223,204,145,620,201,102,181,149,146,195,80,158,120,130,108,152,184,145,137,131,169,450,125,235,189,163,177,103,137,114,113,101,112,138,141,121,91,89,114,79,93,83
20230329,14608,9792,7551,11832,24341,19977,3926,4108,2874,2776,2618,2281,1742,4980,2709,1498,7186,1615,1177,1304,1057,1141,1277,982,1137,2565,767,1049,733,807,646,794,792,987,725,728,798,693,754,690,625,905,610,574,698,692,583,594,843,657,405,629,329,453,598,516,710,367,492,420,362,541,397,370,411,330,326,572,380,373,373,414,355,296,307,282,271,353,282,251,277,313,255,202,350,220,295,212,132,296,217,256,163,216,239,245,222,186,208,210,189,243,164,223,208,153,156,162,215,170,197,459,211,172,148,212,156,147,84,183,134,155,118,148,144,124,160,140,227,475,116,262,144,164,144,138,116,114,119,106,112,129,110,106,101,94,120,115,89,104
20230330,14724,8312,7125,11022,22700,18752,3874,4112,2957,2762,2520,2352,1712,4937,2715,1509,6483,1662,1315,1342,1138,1086,1152,1136,1020,2459,731,1055,738,879,548,747,757,950,692,819,708,654,746,723,644,838,588,599,624,562,546,576,758,578,436,602,369,454,532,475,600,358,464,436,380,591,385,388,349,409,391,518,415,271,367,409,337,276,319,234,338,394,294,279,287,285,267,273,325,214,305,198,122,302,242,206,160,229,208,214,191,197,132,194,220,251,151,247,189,167,195,159,173,191,190,373,284,188,154,186,149,142,62,131,129,152,136,143,208,188,145,165,152,517,132,187,128,161,132,126,131,105,83,114,101,112,113,119,132,74,120,112,71,79
20230331,14792,7800,6818,10906,22295,19019,3729,4297,2829,2169,2353,2041,1531,5507,2616,1398,5909,1549,1229,1624,3883,1106,1173,1010,1070,2327,690,843,684,872,653,545,687,2553,642,691,608,675,648,639,530,914,613,533,539,540,518,490,676,608,329,474,324,437,551,421,979,354,432,454,355,485,378,322,337,331,309,508,341,253,315,231,272,236,256,282,322,312,276,292,309,275,387,249,293,243,236,207,90,310,175,180,142,245,223,183,169,199,122,200,198,244,139,187,196,155,165,120,203,198,182,306,282,147,140,206,119,145,49,130,112,135,155,117,137,128,155,123,108,514,126,250,114,136,122,131,115,130,85,88,96,114,151,95,88,80,90,65,59,74
20230401,13437,6583,6516,8817,19887,16252,3341,3526,2217,1469,2077,1620,1247,5347,1932,1244,4763,1512,791,919,819,965,917,703,949,1933,616,768,552,729,449,455,411,3128,389,480,497,466,384,557,430,713,489,346,425,376,351,340,464,443,405,372,249,317,413,383,526,347,295,405,253,459,313,276,216,252,284,346,287,300,281,253,203,198,211,225,256,175,198,115,139,173,179,161,234,180,170,206,72,203,178,121,168,181,168,140,95,157,153,157,152,146,143,104,176,116,245,110,115,92,176,263,170,112,116,111,115,93,42,74,64,58,161,79,101,95,67,87,82,383,101,252,88,100,115,86,60,92,84,82,107,106,97,74,89,61,87,93,64,42
20230402,12912,6129,6332,7639,18259,14393,3046,3371,2143,1419,2033,1666,1116,4680,1990,1250,4929,1214,935,865,683,944,794,612,936,1900,645,775,636,703,482,409,399,1682,416,483,495,439,321,495,424,672,412,373,382,474,371,310,506,436,304,382,320,353,426,317,447,326,280,260,273,357,335,273,236,342,273,461,261,230,297,286,216,262,197,214,248,250,163,157,177,209,183,145,213,179,201,189,108,220,170,146,156,186,135,117,124,130,169,102,179,155,124,113,150,93,145,125,113,101,131,298,166,137,136,92,125,116,37,89,80,71,105,84,115,125,98,118,76,353,102,237,82,95,144,86,60,85,88,124,81,84,81,73,88,62,71,84,86,41
20230403,14478,8123,6749,12496,23933,19600,3847,4299,2735,2383,2390,2212,1456,4776,2349,1328,6193,1494,1129,1273,961,982,1142,1031,1338,2424,721,909,737,846,524,636,766,1905,579,626,695,613,651,592,664,826,515,485,541,597,677,481,727,540,334,528,354,461,848,515,883,410,479,393,347,417,360,367,317,320,303,435,353,241,266,210,326,292,304,289,312,314,307,273,265,234,258,253,263,222,255,181,121,318,183,227,157,210,249,224,173,200,160,187,197,252,176,206,195,140,172,180,191,174,193,327,228,139,132,157,115,139,66,143,115,147,123,169,167,173,150,132,126,510,119,245,133,158,147,97,114,120,92,115,100,131,118,77,114,79,121,266,91,98
20230404,14634,8373,6824,12164,23394,19748,3595,4295,2789,2558,2460,2154,1545,4417,2535,1364,5964,1318,1188,1298,934,1145,1221,994,1366,2622,678,887,786,833,663,647,696,1532,591,749,747,605,721,710,591,826,640,520,508,648,569,585,719,620,327,595,396,454,456,418,1196,395,454,406,392,433,413,325,376,356,350,603,312,312,294,416,299,304,295,277,279,301,291,275,318,279,240,218,240,226,249,236,122,283,210,230,307,195,261,229,197,179,131,189,197,227,170,200,166,194,141,192,203,201,180,382,219,149,141,162,150,136,63,178,116,186,136,148,156,139,128,147,135,487,117,245,113,160,165,102,80,128,100,109,121,140,133,93,86,101,93,207,90,73
20230405,10467,7510,6935,11127,22432,18487,2880,3761,2675,2351,2231,1968,1373,4453,2272,1346,5537,1258,1060,1300,1029,1054,1180,955,943,2484,654,890,833,788,656,586,709,1243,714,707,662,565,754,605,776,761,549,502,563,845,561,479,674,569,321,514,351,448,427,458,456,353,381,436,337,432,408,411,338,364,347,535,305,291,375,518,250,239,292,276,285,276,301,274,300,247,229,238,205,176,200,184,117,264,202,195,172,188,188,226,219,188,147,164,218,218,157,196,180,171,149,156,169,188,154,299,151,166,149,133,119,123,71,150,102,166,121,142,182,107,126,160,138,487,118,230,117,188,165,91,76,105,77,102,95,114,140,100,91,70,98,131,74,73
20230406,9628,7220,6320,10591,21327,17527,2756,3509,2677,2091,2192,1765,1429,4221,2173,1373,5575,1240,994,1328,908,1020,1011,814,847,2274,693,780,684,672,625,583,597,1122,588,682,639,769,608,577,673,710,531,497,526,790,561,491,591,566,354,516,361,456,432,605,549,325,401,560,326,397,371,349,307,302,318,585,290,268,294,509,286,271,331,303,303,282,331,225,233,214,212,240,223,188,223,191,107,295,196,200,154,170,187,196,223,154,140,186,179,212,150,183,183,149,126,150,164,267,117,276,144,194,143,109,121,152,70,143,101,116,117,137,185,151,155,126,123,391,116,224,104,151,146,103,81,124,91,110,107,133,133,102,104,81,61,117,71,76
20230407,9031,6587,6298,8704,19629,15933,2471,3103,2380,1665,1853,1708,1257,4452,1994,1130,4920,1053,873,1114,818,881,913,663,722,2066,648,753,638,625,492,496,543,1058,523,560,697,539,461,465,721,613,519,403,405,437,452,400,504,471,356,450,304,413,346,379,465,362,362,366,310,289,362,318,231,316,281,461,271,265,343,426,246,213,267,256,266,233,234,178,162,161,193,249,181,150,154,178,94,270,164,130,157,164,181,215,132,154,189,129,171,174,124,127,156,143,157,115,151,138,127,252,116,149,114,86,118,110,42,108,91,103,125,97,131,95,97,94,111,344,91,228,94,115,163,78,74,87,79,115,102,93,92,96,82,77,114,97,64,52
20230408,8144,5540,5963,7862,16763,13747,2379,2558,2101,1208,1620,1613,1182,4584,1753,1053,4121,964,771,860,978,937,700,524,702,1694,549,679,453,555,470,381,441,743,380,439,537,468,314,438,375,608,426,543,363,378,370,284,435,393,981,268,259,412,299,258,404,255,229,251,228,319,278,321,215,232,267,416,205,257,295,413,193,169,146,247,265,217,132,141,121,121,177,152,179,237,127,180,81,167,176,105,155,155,152,119,124,111,153,146,149,135,103,95,136,162,79,124,110,78,112,235,133,112,135,112,101,184,52,80,72,60,112,45,109,70,82,110,74,264,95,219,93,89,123,67,63,86,69,85,79,80,97,78,61,70,85,99,65,37
20230409,8720,5717,5605,7745,17769,13402,2261,2514,2055,1226,1896,1589,1054,4592,1680,1097,4161,904,936,912,786,945,760,545,734,1447,496,693,531,702,468,521,428,533,380,444,540,438,331,594,445,665,451,395,379,406,407,289,374,426,1307,319,243,344,369,306,398,296,199,289,243,301,275,273,237,212,247,366,205,298,236,219,165,181,180,251,218,209,147,128,158,157,195,207,224,202,145,153,73,209,161,103,145,119,107,131,153,258,146,331,172,157,121,123,161,317,115,106,82,63,122,248,97,116,94,104,132,160,49,97,54,51,108,90,139,92,92,101,80,247,100,192,70,79,219,61,52,102,75,91,77,75,82,102,89,73,92,79,74,44
20230410,9875,7269,6593,9864,20656,16663,2715,3351,2781,1993,2218,2167,1447,4776,2045,1378,5808,1031,909,1143,959,1103,1067,824,840,1932,703,743,631,791,568,502,585,631,583,659,739,551,551,602,515,702,509,455,443,522,512,447,537,527,962,356,304,380,414,363,374,346,324,371,307,321,345,379,261,303,312,507,286,250,276,225,255,264,351,240,240,310,249,195,250,195,213,243,234,232,256,138,94,256,203,173,181,178,142,195,169,179,179,416,201,163,136,164,166,201,139,131,183,162,131,316,145,138,104,108,101,175,32,135,66,99,86,136,144,105,115,142,113,370,171,244,112,135,217,74,83,79,103,99,86,94,110,75,104,51,90,72,66,60
20230411,10590,7861,6388,10474,20377,17338,2997,3817,3439,2452,2431,2036,1514,4506,2203,1489,6102,1318,1160,1344,1144,1141,1167,956,845,2099,603,893,754,804,583,553,681,792,730,689,710,634,672,665,633,741,576,584,509,569,624,580,652,507,958,498,313,429,493,421,446,353,446,422,396,395,396,404,405,292,350,501,294,252,316,241,315,271,243,257,265,289,305,267,345,226,218,228,233,249,196,180,111,269,258,214,154,198,189,178,197,246,158,251,240,218,123,232,203,177,164,159,199,223,159,302,148,162,102,119,107,156,59,135,83,133,128,134,130,118,126,133,111,431,116,242,110,139,150,95,90,122,103,105,91,102,131,119,94,83,112,96,96,94
20230412,10324,8335,6169,9343,19045,15335,3168,3730,3520,2534,2269,2123,1680,4263,2354,1556,5393,1387,1090,1309,997,1069,1166,1017,839,2002,569,888,695,824,615,632,705,784,727,674,699,573,589,582,696,787,522,556,484,512,550,499,644,603,749,525,356,437,444,620,437,395,458,407,365,398,439,390,296,307,286,384,311,333,300,183,340,301,308,270,295,329,246,255,351,238,225,217,214,262,238,169,118,307,233,208,170,165,243,206,190,166,156,250,161,203,159,169,150,177,135,158,198,226,167,318,175,170,155,119,143,155,69,130,103,131,127,165,135,168,136,132,122,427,122,239,113,145,131,102,93,120,103,108,100,94,167,90,100,68,101,79,83,70
20230413,9627,7516,6159,8258,17871,14166,2915,3519,3331,2310,2080,1986,1506,4413,2165,1743,5159,1335,1064,1458,1033,1130,1037,935,782,1952,623,859,679,837,638,648,761,938,635,664,697,653,640,637,653,755,531,541,521,526,522,529,635,641,763,514,505,425,581,560,427,357,431,400,477,419,360,382,338,301,352,507,289,266,313,207,262,291,273,258,271,274,268,247,353,200,278,209,288,220,201,187,104,271,206,267,165,188,230,245,201,159,133,255,168,182,141,194,129,193,178,145,199,174,138,286,137,166,157,141,93,331,76,177,128,125,114,179,117,126,137,130,116,432,128,234,100,158,145,116,107,128,114,113,86,119,113,127,81,67,88,63,107,101
20230414,9189,6828,6016,7192,16773,12933,2854,3444,3096,2013,1990,1778,1468,4306,2173,1479,4563,1335,992,1354,899,987,894,773,802,1905,581,809,576,762,593,611,608,1013,579,628,609,602,538,563,714,676,462,508,482,454,555,517,704,512,763,435,528,415,509,495,367,325,406,337,476,393,300,384,290,342,334,390,294,250,317,249,250,278,278,236,300,279,203,194,201,212,212,202,205,213,212,179,111,240,219,226,147,167,198,209,251,160,114,183,183,190,146,148,177,155,175,152,184,163,148,234,136,149,124,127,96,126,56,118,100,121,104,136,120,116,130,109,103,435,104,214,108,148,131,93,104,112,108,93,109,87,89,111,105,71,90,82,66,70
20230415,7981,5579,5711,7389,16223,12631,2303,2502,2226,1362,1698,1419,1235,4044,1692,1444,3713,1245,798,997,613,767,707,762,668,1429,467,649,503,532,485,413,400,738,402,451,536,443,334,426,450,530,443,365,344,366,403,329,428,411,535,247,257,316,343,265,366,284,216,271,358,307,283,322,265,265,251,343,194,240,242,303,194,209,226,269,243,202,132,107,140,163,208,142,210,145,109,161,93,177,174,102,125,127,117,122,121,156,175,157,147,144,106,103,126,107,148,106,109,71,120,204,116,128,133,109,107,95,46,85,97,52,96,58,96,62,84,92,72,265,133,188,88,97,114,89,31,101,87,96,84,58,91,78,93,75,64,68,91,42
20230416,7476,5515,5894,6926,16099,12051,2277,2752,2085,1392,1740,1366,1066,4329,1676,1309,3764,1215,749,1067,633,835,773,678,699,1596,580,667,634,549,447,395,448,743,394,482,479,479,356,470,449,513,461,360,378,378,447,331,463,446,481,280,269,308,381,235,357,288,192,278,342,316,282,292,281,244,283,373,215,258,259,291,199,221,212,241,200,183,148,109,131,140,138,156,217,204,162,182,74,201,183,109,88,170,114,126,152,132,146,138,131,176,111,111,123,83,136,98,107,104,95,238,105,121,115,119,78,113,52,111,104,56,110,67,90,83,86,83,80,275,113,191,100,61,143,72,80,66,81,97,80,72,88,79,84,37,74,57,93,32
20230417,9836,7500,7184,6520,15633,12407,2831,3774,2814,2282,1975,1975,1365,4608,2151,1468,5069,1436,1171,1464,1062,1055,1138,928,862,1970,837,884,704,777,575,587,799,1002,674,682,658,661,730,645,677,791,502,467,528,567,622,571,656,577,511,538,393,384,506,404,498,384,401,367,371,336,407,422,325,385,322,471,296,264,384,213,306,255,337,300,271,261,1996,221,243,196,224,200,227,209,218,170,90,236,208,194,171,162,228,200,219,160,180,186,217,218,146,184,165,182,169,177,187,151,126,319,190,153,159,138,112,128,72,156,130,117,108,125,152,120,132,120,101,474,116,206,139,176,159,97,95,106,97,96,107,99,93,110,94,89,79,102,100,71
20230418,9562,7577,6981,6670,16059,12651,2761,3698,2796,2229,2255,1771,1581,4371,2223,1535,5272,1243,983,1494,1003,1222,1240,1021,887,2091,861,861,677,772,636,605,753,1101,724,607,709,615,708,605,687,727,501,547,518,515,751,590,679,574,449,534,330,430,476,468,494,383,461,394,439,404,409,444,332,296,347,477,281,293,336,182,333,306,291,279,263,303,444,263,296,200,247,257,223,214,217,183,96,250,210,192,177,192,212,234,273,139,183,184,179,202,148,188,194,167,140,130,170,257,144,297,201,139,153,131,139,150,54,146,138,132,126,163,137,132,128,126,115,475,129,241,172,168,141,88,123,111,81,132,89,133,136,111,107,94,106,93,86,94
20230419,10965,7466,7063,5897,14754,11955,3400,4215,2890,2400,2316,1994,1452,4183,2284,1398,5314,1208,1183,1585,1020,1101,1153,1012,806,1943,830,933,625,740,701,599,771,1032,699,694,716,606,736,614,644,738,536,601,453,840,610,593,669,515,453,552,415,422,492,465,539,372,472,444,398,399,358,397,319,305,320,437,312,279,269,263,261,236,271,269,285,320,301,271,318,231,217,300,217,215,225,181,92,303,212,189,174,201,201,234,296,277,173,175,199,215,169,168,174,206,198,139,192,215,132,248,276,167,123,119,121,141,60,149,152,110,156,166,153,123,132,120,106,382,127,222,109,159,251,117,105,81,88,137,111,121,132,82,86,75,116,86,74,70
20230420,13713,7169,7013,6694,14631,12040,3830,3982,2817,2379,2189,2224,1527,4277,2254,1432,4767,1168,1182,1502,900,1050,1149,932,943,1963,721,949,665,736,755,616,675,1110,653,691,639,558,704,643,603,740,593,548,524,750,620,564,668,565,481,525,347,418,484,465,722,386,411,408,406,393,333,353,323,689,359,451,357,290,324,253,276,257,290,289,270,261,286,331,342,258,230,207,219,254,226,156,110,281,188,202,189,205,243,213,256,160,155,188,198,252,177,224,164,165,142,154,199,226,144,423,267,168,131,138,126,113,66,137,118,112,148,155,140,126,123,166,95,369,149,231,129,152,166,116,86,99,103,105,96,124,120,97,97,71,113,89,71,81
20230421,12745,6366,6470,5952,14190,11240,3824,4018,2604,2076,2063,1859,1718,4214,1888,1195,4684,1014,1027,1273,836,1030,907,854,872,1745,718,828,634,719,540,582,595,904,603,670,564,527,615,551,613,617,511,439,475,487,543,546,566,516,348,515,338,363,457,432,646,314,445,376,282,358,325,351,295,417,373,355,315,308,336,304,222,260,399,227,280,286,224,267,194,226,219,217,197,208,214,160,90,199,194,162,151,158,226,160,218,170,147,178,195,166,140,161,148,175,171,147,165,161,126,253,248,173,125,111,115,142,70,135,146,95,191,136,134,135,84,100,92,377,99,207,80,140,142,103,90,85,110,111,94,85,108,98,78,153,66,73,75,62
20230422,12309,5062,5950,4227,12230,9102,3110,3106,2955,1312,1735,1685,1039,4038,1675,1038,3863,855,830,1088,590,735,721,580,743,1395,649,659,517,549,448,453,471,823,326,559,443,462,332,474,427,491,422,269,424,393,424,315,478,360,340,394,286,299,392,292,878,365,214,273,261,284,249,296,195,301,183,390,270,248,264,384,152,159,165,237,183,294,197,161,148,130,224,155,172,153,138,139,75,212,136,100,109,134,102,130,103,91,132,195,139,125,127,110,127,107,141,105,86,46,124,186,148,110,123,113,93,87,198,79,90,59,203,86,91,76,63,92,84,248,82,186,93,63,166,83,70,82,72,104,83,75,104,61,69,50,78,62,64,35
20230423,11553,5722,5645,5041,12223,9460,3341,3351,2210,1405,1893,1738,967,3802,1664,1126,3253,955,817,1124,584,801,755,587,807,1690,669,709,562,568,521,397,474,844,410,447,503,428,374,419,406,531,467,323,484,430,459,348,476,391,306,430,268,291,367,282,516,283,218,235,267,307,299,287,234,291,222,300,224,254,267,372,168,205,330,230,232,173,228,163,137,154,246,151,215,186,153,156,63,183,164,95,172,147,81,157,148,121,151,123,150,119,113,124,148,98,121,127,119,102,101,339,214,124,115,107,103,94,51,74,110,59,183,80,114,87,86,92,75,273,88,180,89,45,113,73,156,71,88,109,61,94,70,88,87,82,83,63,81,42
20230424,13235,7833,6396,8238,16344,13168,4474,4756,2721,2409,2196,2090,1757,4003,2211,1364,4570,1124,1020,1593,1025,1109,1125,844,916,2068,773,797,683,720,608,647,699,999,594,596,719,636,668,659,554,734,564,480,552,616,638,492,708,492,433,501,354,416,475,375,490,377,442,429,360,347,363,363,322,357,379,402,297,299,309,393,285,258,359,217,292,296,261,247,280,208,344,196,214,258,231,169,114,282,180,226,170,194,204,226,193,130,139,170,210,170,134,195,182,129,195,141,156,165,146,371,259,138,139,115,116,145,65,142,128,120,191,168,177,135,130,102,107,443,118,191,123,141,163,121,121,104,116,105,131,103,144,94,73,81,91,101,71,127
20230425,13998,7437,6483,8717,16611,13560,4535,5189,3901,2530,2182,2431,1880,4149,2192,1324,4593,2302,1097,1608,947,1021,1152,945,949,2139,686,826,817,758,658,560,704,1099,688,620,699,602,746,688,601,760,577,556,639,603,625,565,701,609,531,544,380,516,458,444,517,426,391,474,339,384,394,472,317,407,329,402,357,302,375,1503,232,261,272,281,268,264,267,292,267,253,205,236,219,233,278,167,102,224,174,219,212,196,237,320,160,172,143,246,207,200,137,196,169,174,192,142,170,213,155,279,281,141,170,101,129,131,69,179,119,188,184,149,156,162,117,138,107,450,100,226,120,151,148,109,117,134,126,141,100,102,143,123,88,90,79,92,108,84
20230426,13832,7678,6394,6328,14173,11744,4896,5675,4041,2543,2153,2256,1718,3961,2266,1245,4798,1895,1155,1577,997,1033,1203,1044,912,2201,736,871,711,744,700,608,727,1119,660,766,703,653,731,645,657,679,522,560,616,541,557,600,761,781,398,544,384,485,510,403,648,358,397,378,309,489,332,370,327,338,339,445,353,304,331,2086,268,263,290,298,289,275,245,286,331,202,261,208,213,221,272,151,123,224,199,277,197,185,296,294,203,172,151,228,240,204,155,235,195,175,188,153,172,207,141,253,288,149,142,163,160,156,58,152,140,153,219,118,159,124,118,134,137,457,137,248,114,161,139,125,88,101,109,103,101,115,116,131,89,105,84,83,90,76
20230427,12832,7224,6587,4852,12651,9764,4613,5628,3953,2382,2232,2260,1523,4042,2151,1373,4446,1304,1026,1493,994,1049,1180,980,992,2109,718,917,783,828,710,589,795,999,665,682,661,600,650,632,618,651,501,488,510,578,541,594,643,569,490,623,316,413,493,438,529,371,389,422,361,444,339,360,285,344,381,434,312,282,331,716,245,257,245,291,351,264,276,246,269,241,217,175,224,233,246,159,104,231,161,215,164,223,215,222,439,170,120,177,231,170,150,265,170,217,195,141,158,188,153,264,216,158,158,123,146,136,67,137,105,123,242,168,174,133,143,114,115,396,111,246,115,158,116,116,136,104,104,118,92,141,131,93,107,92,113,69,93,84
20230428,12700,6637,6422,4406,11813,8994,4485,5232,4915,1991,2041,2354,1719,3855,1886,1246,3977,1108,1094,1360,986,1064,967,1030,901,1966,674,851,664,744,641,628,683,920,587,619,640,586,668,542,642,610,478,452,498,506,575,535,640,579,378,572,269,481,473,382,539,419,358,346,313,408,354,310,296,289,383,377,315,250,285,391,264,290,287,276,278,248,228,232,225,334,235,214,202,248,230,186,116,235,174,234,155,184,194,235,450,185,131,183,227,159,143,143,143,148,158,121,138,182,175,210,201,152,118,135,142,101,56,121,136,102,270,149,143,129,102,112,112,346,71,225,91,125,140,117,115,121,75,100,80,114,122,93,91,83,81,81,78,73
20230429,12112,5561,5891,3609,10415,7794,4000,4655,4813,1293,1757,1809,1026,3730,1491,1036,3110,798,759,1144,755,830,732,691,778,1647,568,700,579,583,448,403,483,797,352,400,512,381,301,493,463,431,435,319,407,374,344,369,442,409,346,373,257,303,368,319,486,263,251,249,217,268,269,286,222,231,321,295,212,245,295,338,197,230,193,224,270,167,129,157,147,123,180,136,174,203,131,139,89,180,146,110,139,158,115,141,146,132,107,91,147,142,95,90,106,102,187,116,72,86,118,168,176,95,127,102,91,107,41,88,92,39,212,62,112,83,104,92,173,284,87,201,100,71,106,76,54,82,72,90,79,79,94,71,64,85,57,81,62,41
20230430,11320,5216,5416,3611,10340,7539,3709,4301,4269,1270,1715,1875,955,3583,1654,1053,2967,841,865,1144,804,813,756,626,762,1517,635,675,596,573,494,397,424,762,376,374,489,378,320,540,471,512,436,270,374,388,352,329,452,478,364,333,254,317,372,237,546,281,257,246,225,309,270,301,210,273,249,298,213,226,264,237,183,214,151,241,235,208,113,101,158,131,160,179,146,152,164,126,81,160,128,97,107,127,87,163,134,118,124,112,172,123,124,119,100,88,151,101,93,77,110,193,157,95,107,95,83,71,43,105,65,52,183,55,140,112,91,88,132,287,84,219,91,62,137,87,63,76,57,95,85,69,78,68,53,66,81,63,82,48
20230501,12299,6884,6201,4497,14348,11015,3982,4972,4876,2035,2023,2046,1320,3844,1845,1262,5246,929,1065,1478,882,960,979,855,987,1928,662,781,636,699,559,558,551,1037,516,589,560,540,543,780,537,609,473,378,472,528,429,412,608,493,332,427,306,332,386,348,579,354,304,329,268,328,313,330,254,340,278,395,272,243,284,264,185,223,224,230,296,226,198,165,210,176,213,185,166,218,191,169,106,184,172,189,157,198,216,191,176,141,143,138,241,171,151,164,151,141,196,141,143,141,122,213,220,131,125,117,114,103,47,149,97,100,200,95,139,124,111,104,109,372,82,198,90,115,153,111,82,82,81,114,91,98,99,109,70,68,96,87,60,64
20230502,13199,7791,6827,5102,15622,12377,4932,6009,5177,2239,2327,2572,1438,4017,2081,1197,6147,1077,1104,1528,1041,1124,1142,1063,1196,2243,726,922,776,805,663,618,719,1193,618,628,697,643,724,599,562,686,518,494,444,567,622,561,664,581,544,453,401,468,442,456,434,333,404,335,277,378,330,406,287,596,303,396,364,271,277,378,242,263,321,267,270,242,291,236,312,204,252,293,214,233,232,195,108,228,225,198,129,221,250,241,195,178,117,164,302,188,136,171,171,178,223,147,159,189,202,235,267,126,150,133,125,126,40,130,160,152,208,158,143,411,138,129,120,387,85,209,109,133,145,151,71,124,75,120,104,110,95,75,98,114,100,115,81,81
20230503,13707,7734,6908,5099,14916,12068,5182,5933,4651,2332,2266,2685,1521,3952,2167,1160,5815,1153,1205,1529,1112,1108,1122,1132,1035,2215,700,969,673,792,646,609,669,1108,658,703,666,609,747,758,567,677,595,506,512,649,606,522,784,562,431,533,359,457,469,382,606,371,353,384,375,407,338,406,318,478,310,473,367,251,341,271,275,257,262,301,279,326,260,310,302,227,215,189,219,225,243,176,94,243,187,233,169,215,312,273,193,184,127,175,273,178,152,165,160,174,238,149,137,195,160,225,233,141,112,123,124,168,15149,142,145,175,161,312,142,139,145,103,121,391,114,156,110,127,119,111,110,114,101,104,107,89,127,90,79,86,137,116,97,103
20230504,12607,7276,5966,4445,10957,8191,5074,5689,4485,2201,2185,2502,1550,3014,2165,1436,3463,964,1380,1432,1061,1121,1189,1082,1059,2061,769,967,722,797,658,599,716,879,675,674,781,679,671,679,522,658,564,539,527,593,559,548,657,558,459,528,304,504,479,488,652,406,473,380,440,473,391,458,292,380,330,446,359,580,362,289,308,335,345,252,355,283,262,269,288,245,356,215,229,280,208,182,93,295,217,225,162,192,233,221,198,173,186,200,176,203,143,166,190,169,238,164,161,180,153,197,244,121,161,143,157,128,3629,170,126,142,237,225,157,132,149,125,137,253,120,145,95,166,102,139,80,96,89,80,99,97,124,94,71,88,94,122,86,97
20230505,12435,6340,5348,3682,6802,4636,5128,5171,3785,2018,2454,2235,1619,2418,1907,1207,1682,1140,1076,1374,951,1037,988,1096,1000,1903,786,852,680,723,586,547,604,844,533,709,735,623,662,562,477,622,526,502,569,618,627,510,647,464,461,465,314,448,571,442,492,421,387,360,335,397,349,391,280,375,311,301,357,368,267,316,281,261,318,313,279,274,235,258,285,219,227,169,262,209,197,222,106,242,195,196,154,201,229,198,208,164,175,189,199,162,155,168,153,172,299,157,153,190,137,138,234,164,169,135,139,138,1042,134,126,131,172,136,122,139,129,134,125,133,98,93,129,124,118,115,120,92,91,87,89,86,125,102,184,60,68,112,122,80
20230506,11154,5002,3872,2682,5574,4005,4664,4500,3019,1196,1853,1968,1011,1681,1399,1017,1221,1702,801,801,678,786,791,632,934,1571,661,604,528,625,503,434,411,440,389,408,500,510,320,476,343,504,405,308,351,366,350,340,455,353,321,333,231,347,383,253,453,307,232,241,266,574,299,295,206,287,246,309,252,225,232,270,181,191,175,203,236,169,158,133,156,171,222,157,166,183,152,179,78,187,149,119,134,123,111,159,168,126,152,103,115,124,117,97,137,107,247,113,94,107,116,134,209,113,127,110,103,105,377,98,91,54,177,97,93,112,94,108,78,103,94,81,120,76,105,75,64,82,180,81,88,59,84,73,85,46,86,76,60,61
20230507,10993,4937,3497,2756,5573,4237,4077,4915,2824,1316,1867,1838,924,1790,1522,1037,1255,1986,802,832,629,816,734,645,771,1582,637,675,564,512,444,388,405,439,423,420,589,535,370,514,365,484,455,316,374,424,411,312,454,382,336,341,254,319,347,291,475,303,228,244,269,285,275,284,181,324,252,406,266,234,238,231,162,201,191,223,253,182,166,129,117,158,209,158,182,175,146,214,82,183,183,112,128,126,154,172,146,95,138,117,189,126,105,98,130,91,203,137,196,91,113,242,179,94,111,113,117,109,163,87,102,87,212,79,99,120,99,98,92,116,159,69,78,81,92,75,83,84,96,91,105,75,71,78,78,60,77,86,50,63
20230508,11942,6318,4849,3727,6925,5359,5292,6190,3689,2283,2260,2546,1450,2275,2045,1298,1862,1607,1113,1250,1003,1107,1121,1010,1004,2024,775,888,645,808,599,571,685,697,575,539,908,664,687,615,528,666,559,515,479,614,600,466,678,520,422,503,304,428,454,359,518,371,421,294,407,417,390,404,363,356,348,456,325,290,262,287,240,284,281,288,286,251,273,262,296,334,343,219,206,207,215,200,74,255,218,215,158,207,206,263,199,198,141,167,145,180,127,177,177,148,281,176,150,144,147,161,277,135,138,140,137,140,1246,165,115,112,175,156,127,146,115,143,174,132,179,91,123,125,137,111,102,108,98,116,106,94,120,93,110,94,110,96,72,70
20230509,12204,6404,4871,4531,7576,5324,5829,5870,3723,2560,2421,2323,1446,2360,2112,1345,1942,1311,1190,1328,1054,1072,1173,1030,1065,2090,811,835,688,835,580,602,646,690,713,591,757,709,760,565,580,658,588,580,466,591,571,504,821,513,406,571,306,510,501,430,507,341,472,510,371,431,382,396,342,334,323,461,315,264,294,315,273,264,252,240,277,271,278,256,308,210,219,216,219,194,208,170,101,235,210,194,154,216,307,249,176,205,146,167,190,206,137,247,160,155,268,158,165,176,151,316,292,150,132,120,116,151,826,123,144,134,237,154,150,118,156,119,210,123,204,99,111,157,95,126,82,88,95,96,103,106,106,100,74,76,90,113,84,98
20230510,12262,6137,5020,5207,8129,5236,5860,5413,3749,2297,2300,2324,1535,2425,2083,1238,1910,1127,1172,1263,1051,1256,1257,1008,985,1994,814,828,708,783,597,694,706,660,638,605,908,812,724,656,689,615,546,558,522,589,579,570,709,518,351,542,371,431,489,408,543,389,439,510,578,438,365,370,388,391,325,491,1519,253,305,318,286,272,322,295,314,293,308,281,304,245,279,221,164,170,245,173,128,214,219,225,165,238,270,245,200,199,167,183,175,213,144,230,147,166,281,168,143,160,188,623,245,152,136,136,124,139,663,132,132,135,166,192,150,161,110,118,162,146,124,76,159,152,108,101,87,128,97,85,80,101,110,100,94,92,88,88,68,110
20230511,12501,6246,5411,5425,8057,5050,5925,6060,4000,2486,2293,2325,1514,2325,2069,1171,1857,1067,1077,1116,1092,1081,1079,1018,920,1952,633,738,726,846,675,620,711,655,630,641,742,986,755,590,679,742,544,545,552,527,572,538,728,473,390,597,420,541,482,423,465,436,469,456,465,728,383,389,329,344,292,414,349,286,268,287,336,279,276,255,295,302,316,259,257,218,209,179,195,223,211,193,111,238,226,234,190,219,224,246,192,158,166,175,171,186,140,192,151,216,276,176,146,233,160,479,255,141,126,103,126,159,753,170,142,137,172,144,144,134,161,145,127,134,132,109,124,138,126,106,125,111,104,99,103,92,110,85,98,60,90,116,71,115
20230512,12395,5617,4205,4879,7403,4562,5805,5668,3926,2015,2112,2150,1682,2077,2021,1110,1685,1730,1059,1157,960,1022,945,981,875,1796,885,664,693,654,572,562,589,586,593,596,789,820,683,566,651,588,468,442,478,575,544,435,669,482,341,467,343,465,408,392,615,335,406,366,349,427,347,396,284,323,295,383,296,302,264,266,259,240,255,269,218,262,253,240,282,189,209,189,174,194,206,173,124,217,160,204,159,170,256,188,169,132,136,150,169,216,141,172,161,165,220,147,127,174,113,387,254,131,111,142,114,95,681,133,139,123,201,148,131,126,163,110,130,121,172,68,120,130,85,109,117,104,75,98,96,86,122,81,72,96,69,93,66,77
20230513,11538,4596,3508,3962,6230,3847,5261,4954,3160,1263,1709,1664,1138,1679,1510,961,1232,1215,902,675,679,818,671,721,772,1508,565,542,581,542,390,440,407,360,429,443,618,546,329,486,397,508,405,324,380,357,381,318,442,421,308,285,222,288,346,276,409,310,228,235,287,333,296,303,227,259,242,454,225,200,230,269,171,183,170,221,183,157,158,134,141,152,163,158,165,145,137,145,99,132,170,128,139,112,129,136,103,108,134,128,136,91,119,100,122,105,214,139,92,76,126,340,294,109,101,110,95,95,102,82,103,39,208,78,106,93,90,91,69,79,112,87,112,61,122,71,48,89,70,92,75,52,80,60,77,42,77,94,62,34
20230514,10713,4668,3438,4028,6406,3698,4989,4737,2830,1314,1638,1633,1015,1701,1415,969,1042,1002,760,769,640,829,757,686,780,1468,545,593,484,564,409,443,401,394,415,385,536,540,396,435,398,450,410,338,438,340,346,289,432,396,320,301,252,308,287,245,450,268,208,247,257,288,343,303,218,220,224,343,232,214,252,240,172,154,198,220,199,181,158,142,153,122,172,164,186,162,128,167,49,142,174,120,139,131,112,141,127,103,122,111,147,117,117,96,121,95,176,113,98,91,105,301,262,104,119,110,114,99,46,91,110,67,153,62,89,85,81,82,82,73,81,70,85,82,124,66,47,81,74,99,91,51,63,82,70,56,102,72,57,47
20230515,12166,6320,4826,5377,8127,5050,5905,5504,3626,2407,2324,2472,1522,2312,1904,1207,1901,1556,1103,1167,945,1053,1078,1014,919,1957,657,748,633,789,705,646,647,672,639,544,833,755,690,544,554,603,598,499,493,468,651,465,737,446,364,569,293,436,513,364,536,389,468,419,303,358,316,397,314,285,302,449,353,235,330,262,264,260,265,247,294,237,255,281,265,229,214,207,192,185,229,208,113,245,180,267,138,204,221,257,192,192,141,165,171,196,135,202,142,171,258,138,160,214,117,315,360,114,127,130,111,125,593,155,121,120,178,149,176,128,130,122,132,125,110,85,110,135,106,99,72,107,108,115,90,93,114,77,111,70,106,126,61,83
20230516,12729,6594,5035,5017,8005,5377,5718,5570,3785,2392,2254,2301,1747,2292,2090,1231,1998,1517,1164,1247,1048,1149,1145,1096,1049,2021,641,695,665,871,701,811,754,687,652,686,820,788,729,633,672,639,564,644,527,544,616,579,713,455,327,616,298,448,486,423,529,533,396,364,413,400,376,395,355,310,354,506,326,303,279,245,301,292,286,257,325,303,317,321,316,237,249,213,193,181,210,186,110,257,183,246,204,184,255,241,212,169,104,198,201,225,138,243,148,166,234,206,173,201,148,325,299,189,143,139,121,155,767,114,151,185,196,142,150,153,156,146,4636,164,113,109,146,109,115,133,92,148,129,99,146,95,114,87,134,69,95,130,92,106
20230517,12405,6479,5135,5200,8185,5237,5362,5852,3766,2609,2281,2192,1534,2360,1951,1200,2031,1265,1201,1190,1011,1173,1146,1063,1023,2107,599,755,709,918,642,770,727,694,667,677,768,759,737,614,596,699,498,543,488,562,600,572,718,530,401,602,385,410,434,478,537,420,517,395,374,414,369,440,353,309,311,458,328,307,343,367,283,324,330,300,300,305,304,286,268,261,227,219,169,216,194,225,127,262,203,231,182,184,298,232,183,187,128,197,208,243,166,179,167,171,258,141,171,198,132,307,290,156,145,124,124,127,813,143,124,125,185,149,186,132,144,157,657,133,110,116,106,125,138,123,88,133,98,93,138,114,111,85,104,82,101,107,91,104
20230518,12041,6503,5105,5375,7806,5132,5438,5687,3448,2475,2297,2425,1582,2229,1818,1206,1653,1079,1129,1237,905,1065,1119,1004,1023,1850,578,637,652,804,709,705,630,925,592,616,691,742,686,642,563,574,508,463,584,515,576,553,611,490,490,561,348,415,497,460,592,478,348,442,421,363,369,373,319,346,312,470,350,281,293,240,276,261,378,256,256,271,265,240,260,242,238,221,184,187,196,164,100,229,200,202,183,165,300,216,190,174,151,202,231,193,158,189,165,168,259,145,158,228,151,275,281,150,165,133,137,138,909,125,135,136,159,140,177,136,138,123,335,115,103,121,143,121,151,109,105,118,118,112,98,116,114,80,123,101,78,91,83,79
20230519,11567,5707,4733,4935,7867,4874,5566,5035,3476,2113,2042,2030,1563,2001,1744,1195,1658,1007,1001,1257,845,1020,999,1061,855,1733,596,686,595,817,673,569,609,788,587,541,613,663,587,552,527,567,489,423,551,448,518,486,720,476,431,499,355,386,392,458,512,370,320,358,355,377,328,368,272,264,327,413,298,237,346,220,260,272,362,250,256,280,232,242,224,239,196,229,184,186,208,158,104,235,206,218,143,175,296,187,173,170,114,143,231,183,131,134,135,119,236,129,133,139,139,194,260,126,115,129,144,99,902,125,109,133,132,145,125,108,143,118,243,96,90,84,148,130,119,130,97,94,116,89,96,87,104,92,83,70,72,90,76,79
20230520,11113,4530,3794,4074,6464,4297,5296,4577,2599,1471,1706,1878,1061,1709,1323,951,1264,915,839,820,637,836,824,670,789,1496,542,593,514,564,518,414,407,593,313,433,480,532,355,512,395,423,389,300,430,374,436,346,447,379,479,383,284,293,369,259,412,326,210,251,231,236,272,330,206,196,244,434,252,248,196,225,158,160,250,235,245,172,191,134,180,138,165,234,181,138,118,145,94,172,141,91,136,150,135,131,102,136,150,153,151,137,114,93,156,99,174,114,110,103,120,231,213,99,125,90,104,94,136,82,84,61,128,64,133,104,76,115,120,91,69,92,106,57,137,63,43,71,71,89,86,56,65,91,84,53,86,83,89,37
20230521,10618,4643,3643,4258,6492,4121,4833,4457,2578,1508,1685,1707,986,1704,1317,999,1140,858,718,845,550,823,753,689,733,1456,565,566,521,585,495,375,423,531,376,402,450,572,415,505,379,494,401,387,430,382,379,495,438,389,438,318,267,288,379,257,372,316,246,427,238,282,279,263,238,230,259,347,272,208,215,204,153,169,204,221,193,161,144,132,146,154,173,180,177,176,139,164,93,133,169,113,119,147,106,129,123,163,143,154,154,111,131,103,105,80,175,89,100,121,106,248,216,107,95,117,115,100,56,106,105,70,119,76,154,81,83,79,139,112,88,82,101,78,151,71,45,60,57,95,75,88,106,54,69,48,87,73,78,49
20230522,10903,6540,4985,5144,7769,4875,5577,5056,3959,2420,2053,2244,1389,2386,1774,1340,1678,1174,1079,1284,889,972,997,1078,860,1936,717,848,634,788,749,585,679,705,612,575,624,779,750,592,507,650,467,479,446,495,662,587,709,520,423,505,365,440,483,398,689,454,417,486,359,372,317,367,304,299,281,427,332,281,262,192,275,272,307,273,261,297,264,266,269,243,201,179,181,197,255,178,129,222,194,225,184,171,231,215,171,186,120,279,263,229,162,185,150,146,199,147,136,202,139,298,237,118,136,132,150,139,985,152,139,137,140,150,171,114,158,134,175,119,280,95,158,121,147,123,94,125,85,98,102,104,225,77,106,79,99,96,81,82
20230523,11599,6399,5084,6163,8232,5229,5614,5046,4117,2515,2217,2170,1487,2459,1788,1426,1770,1137,1053,1267,1371,1036,1138,980,954,2049,642,831,658,767,699,655,750,810,639,766,735,639,737,594,686,674,534,587,589,493,711,554,714,476,481,539,429,406,457,462,919,423,437,371,393,380,340,421,313,360,302,372,346,244,291,207,277,229,321,238,312,294,293,219,273,218,235,235,225,175,224,154,129,253,177,258,167,176,210,222,169,157,158,182,257,221,150,180,160,141,195,165,146,180,167,241,259,174,154,194,136,282,929,140,128,140,129,144,166,159,143,138,158,133,134,91,147,139,135,107,96,151,78,89,75,78,97,93,94,63,113,100,85,87
20230524,11442,6793,5216,5306,8005,5126,5443,5145,4157,2366,2196,2155,1480,2225,1974,1202,1846,1164,1056,1324,1085,1054,1147,974,970,1939,621,738,752,769,635,633,687,818,737,622,708,649,668,646,682,672,537,541,610,480,777,503,737,526,419,511,426,365,486,445,492,420,412,482,391,361,353,385,355,375,322,458,351,282,321,340,264,280,283,243,345,321,277,235,261,216,233,204,168,188,189,202,106,218,187,221,185,175,251,246,174,182,160,185,195,221,171,199,173,148,211,141,171,188,160,242,283,134,163,145,149,192,1124,133,163,157,145,189,175,150,154,137,155,133,109,91,134,147,124,103,93,112,117,115,115,103,118,104,93,77,78,101,71,95
20230525,11170,7030,4928,4986,7704,5164,5482,5226,3522,2354,2150,2088,1374,2162,1848,1109,1829,1310,993,1134,1096,1035,1085,1005,857,1874,621,744,1313,804,887,560,690,747,615,673,709,707,825,657,610,622,537,489,503,484,644,546,776,577,377,589,416,391,454,443,515,440,377,403,421,354,401,410,338,302,278,461,339,355,289,243,307,277,409,250,303,304,296,263,229,200,170,211,177,185,212,187,101,258,188,206,191,199,197,184,155,138,147,173,213,207,157,195,159,144,215,167,158,182,121,206,267,119,149,112,134,172,972,140,105,112,132,150,163,116,135,119,125,144,113,93,110,132,130,116,114,111,74,78,108,97,87,93,67,68,114,101,74,89
20230526,11249,6641,4752,4591,8172,5102,5302,5119,3248,2122,1884,1911,1501,2070,1980,967,1626,1106,894,965,954,981,991,791,770,1701,673,630,740,643,753,575,646,570,600,581,640,662,644,571,523,524,478,489,584,514,563,444,620,429,331,516,589,353,419,383,428,379,358,401,330,432,334,398,303,403,308,357,312,306,288,178,294,199,254,228,256,243,264,244,254,223,194,185,150,186,162,181,101,220,183,177,164,166,190,208,140,153,115,182,285,151,123,173,156,135,265,133,157,177,133,182,232,124,111,132,128,172,343,126,96,121,129,131,123,122,107,132,117,96,117,73,137,120,113,118,94,111,89,107,96,84,122,90,88,77,82,92,53,63
20230527,10346,5193,3659,3875,7454,4677,4957,4432,2658,1296,1777,1759,1200,1721,1400,947,1126,815,664,774,691,828,692,553,696,1398,578,500,552,605,548,394,355,389,408,377,421,469,357,498,364,480,466,305,422,326,389,317,468,340,392,304,468,339,316,239,386,235,239,225,235,253,293,309,270,335,298,323,293,248,262,198,175,165,195,204,236,161,131,146,117,158,182,157,145,148,116,155,79,163,139,93,116,129,95,130,100,110,130,153,233,147,126,116,131,93,221,97,94,77,160,187,212,109,113,92,91,77,36,98,65,63,115,65,100,68,99,83,70,67,103,85,88,47,105,70,59,79,80,109,85,83,78,73,102,64,57,56,62,32
20230528,10047,5170,3521,3783,7137,4342,4957,4078,2824,1321,1657,1763,1239,1704,1379,925,974,842,734,781,683,781,679,614,742,1454,581,488,526,579,558,681,360,412,381,438,458,495,339,436,429,549,356,306,343,346,389,332,478,322,443,305,373,266,379,237,651,296,208,228,241,275,279,305,224,320,244,321,257,298,241,192,179,172,214,210,235,198,149,127,104,137,185,128,161,151,134,188,82,131,122,115,135,113,97,114,99,117,155,216,230,118,135,58,147,97,183,99,94,86,106,148,208,99,116,84,94,104,45,105,68,49,147,81,129,66,79,75,87,120,80,76,90,73,96,80,48,64,76,71,92,77,65,48,92,51,71,75,61,39
20230529,10851,6101,5200,4709,8991,4849,5426,4883,3678,1671,1915,2032,1378,2833,1579,1097,1283,825,912,1041,836,1147,813,777,825,1786,663,601,732,728,606,521,527,552,487,518,517,642,574,520,538,567,417,417,371,433,545,504,615,373,504,472,469,349,379,317,425,423,338,302,319,297,317,367,283,343,295,374,255,252,266,196,224,261,231,229,261,239,207,197,173,183,184,190,185,180,154,194,205,182,177,177,142,186,178,180,157,116,168,185,270,156,133,135,149,121,220,148,112,135,130,217,302,177,126,111,118,102,120,111,93,93,227,108,144,88,120,113,117,102,92,90,115,94,119,105,82,93,70,86,81,91,116,70,91,60,76,84,57,66
20230530,10645,7050,5967,5315,9615,5489,5443,4883,4655,2391,2315,2348,1621,3229,1885,1127,1632,962,971,1129,1204,1260,1020,963,833,1897,733,693,795,756,744,700,716,623,569,618,586,666,714,590,624,652,494,432,483,496,641,557,669,398,750,487,437,409,445,341,418,418,350,387,386,459,363,427,336,353,387,411,307,319,291,245,303,280,311,261,348,312,312,313,259,198,210,180,188,187,172,202,113,213,190,237,185,205,233,191,168,168,163,181,301,237,132,190,194,162,254,154,172,183,181,229,298,254,145,145,134,163,395,120,106,137,161,190,180,154,116,127,137,112,101,98,137,129,141,120,108,140,76,109,109,108,111,86,113,84,80,66,66,89
20230531,10873,6613,5753,5411,9328,5408,5794,5292,3779,2181,2215,2397,1633,3034,1882,1144,1631,979,1035,1189,1215,1189,1146,961,851,1886,650,803,718,848,645,647,785,660,608,584,693,739,757,612,604,557,499,466,467,549,638,533,697,473,528,547,421,404,437,683,387,365,452,350,387,425,397,443,334,409,320,388,310,290,282,193,297,268,315,284,322,272,242,257,257,243,238,188,261,198,192,187,94,222,203,256,156,186,218,214,154,162,138,184,298,235,152,171,134,145,280,148,218,187,167,190,245,159,137,133,128,142,479,163,125,136,142,161,183,121,122,98,140,167,83,108,140,142,122,107,111,124,81,108,187,129,97,99,99,60,81,96,70,95
20230601,10492,6257,5765,4815,8838,4862,5608,5072,3554,2433,2038,2280,1391,3172,1681,1159,1651,1059,1005,1193,1076,1086,1015,797,854,1740,605,646,760,767,665,609,668,724,592,645,676,634,724,573,585,554,521,506,545,535,727,529,710,443,633,594,509,406,397,523,394,428,389,353,346,356,357,432,320,395,311,353,334,314,311,189,294,245,277,265,263,269,279,273,265,227,213,198,238,203,205,199,83,219,192,204,163,174,230,202,198,143,145,196,257,178,131,146,180,163,280,161,149,175,146,175,266,177,122,143,142,121,310,148,116,148,135,147,184,123,119,119,111,114,127,80,111,148,116,106,115,115,107,81,95,90,87,98,113,48,70,94,60,115
20230602,10736,6046,5327,4538,8899,4648,5334,5121,3320,2060,1932,2043,1315,3095,1672,1089,1447,879,1148,1024,1815,1107,874,774,795,1586,599,703,671,665,591,632,616,594,630,542,597,554,603,540,521,560,487,430,448,529,582,477,650,411,492,482,523,359,388,475,371,330,359,332,360,415,336,377,313,389,347,390,328,281,268,198,294,217,252,289,263,240,276,203,251,223,218,197,213,219,194,218,124,197,181,191,148,159,251,157,162,179,181,190,248,174,159,140,155,142,268,135,109,164,154,181,287,153,120,153,129,166,363,136,106,92,118,130,140,92,133,130,120,123,85,113,80,111,87,78,108,120,76,99,106,81,91,91,104,63,75,85,68,92
20230603,10489,5358,4765,3645,7672,4034,5217,4516,2724,1470,1651,1706,1002,2531,1253,934,1068,830,839,727,820,862,724,557,663,1377,567,715,560,605,488,484,430,464,303,438,592,431,373,530,376,428,394,328,412,377,370,292,479,339,400,335,367,298,328,269,328,294,233,251,282,241,255,343,211,285,242,346,248,239,230,141,182,158,233,393,232,169,148,172,138,159,190,192,182,134,113,138,97,126,145,107,134,112,139,145,127,107,122,148,216,122,123,64,150,82,212,94,118,75,118,150,251,103,94,106,104,98,50,121,94,60,209,75,114,62,88,79,102,87,110,143,106,71,94,86,54,82,91,121,93,90,60,64,120,70,82,83,48,39
20230604,10334,5962,4544,4277,8061,4396,5230,4341,2589,1455,1697,1754,975,2755,1302,882,1030,753,855,794,894,863,635,563,735,1361,565,723,537,571,515,579,478,485,372,430,510,478,388,446,405,473,439,344,360,399,379,333,446,365,342,427,307,292,318,271,404,277,233,208,246,298,229,350,191,302,253,420,296,241,204,150,158,203,179,381,219,175,143,164,167,166,216,176,167,155,123,160,74,141,161,106,134,122,113,124,107,118,122,125,239,107,135,62,171,100,215,103,88,82,149,163,261,112,123,132,108,83,41,77,99,52,120,54,133,57,79,71,108,98,97,146,82,60,96,75,67,89,69,107,83,64,54,64,86,60,63,69,57,38
20230605,11563,7893,5411,5621,9481,5210,5599,5117,4013,2283,1963,2293,1380,3151,1782,1210,1600,953,1185,1130,1325,1152,941,891,865,1861,631,1209,669,687,563,701,685,722,582,621,752,696,734,606,549,550,509,468,507,533,593,550,722,547,427,533,475,430,397,443,380,400,420,371,348,355,362,417,263,598,323,348,283,362,284,179,267,267,315,355,312,263,274,234,286,195,271,171,233,217,245,195,123,215,194,223,179,170,198,190,151,151,137,137,237,205,164,174,250,154,234,138,161,163,263,189,270,193,133,154,131,146,419,152,152,122,151,140,179,90,134,125,150,105,144,112,99,103,87,138,103,118,94,105,134,112,79,95,82,83,91,70,76,97
20230606,11761,9003,5689,5417,9522,5322,5733,5506,3578,2322,2190,2229,1405,2777,1948,1491,1812,925,1058,1221,1126,1091,1032,961,797,2011,622,1298,662,816,692,682,697,833,615,599,728,669,710,694,627,617,487,512,474,537,576,530,761,608,439,682,433,404,422,523,391,410,387,383,381,415,342,453,325,394,263,386,274,291,276,189,294,269,306,307,350,264,289,266,270,245,238,238,209,195,290,166,127,225,191,196,172,179,232,206,178,134,158,149,313,224,184,161,232,187,252,170,169,196,163,181,249,174,135,126,126,183,504,159,159,136,134,145,167,120,108,111,138,128,110,116,117,143,131,138,91,140,113,110,105,92,101,108,81,64,80,69,89,104
20230607,11394,8062,5372,5422,9285,5091,5667,5591,3488,2461,2115,2370,1516,2799,1824,1365,1719,955,1053,1164,1047,1020,998,926,915,1925,568,1085,761,732,602,600,759,732,575,650,660,703,658,708,579,578,479,528,476,529,558,533,712,511,407,683,432,446,415,415,353,384,438,367,357,422,338,415,354,338,318,459,314,317,247,184,352,247,317,275,280,314,312,313,264,208,223,232,214,197,203,163,134,240,177,230,171,171,222,227,198,190,153,182,268,216,168,177,217,182,304,141,153,170,180,170,288,154,117,124,115,142,472,145,172,124,145,192,143,122,117,142,151,138,100,114,114,128,100,149,72,117,117,83,98,94,95,111,90,75,88,101,62,109
20230608,11216,8290,5475,4892,8708,4927,5613,5357,3339,2433,2207,2222,1540,2766,1846,1188,1508,1024,992,1130,926,1361,1009,913,858,1729,534,1028,631,688,642,586,573,660,570,570,704,612,692,617,590,603,504,515,465,467,624,500,620,514,325,551,402,443,432,466,358,340,345,322,330,411,376,407,289,319,347,404,355,329,266,187,278,279,270,311,267,249,241,235,277,221,210,195,176,185,197,215,103,230,181,199,184,174,214,197,162,175,137,168,286,178,181,157,192,180,283,143,160,172,146,193,271,202,173,125,104,158,332,137,155,111,170,114,150,119,109,111,142,143,86,107,97,114,119,119,86,117,97,115,98,126,93,85,77,64,98,60,58,102
20230609,11130,6920,5352,5173,8314,5315,5366,5230,3186,1971,2026,2099,1557,3057,1604,1132,1478,900,920,1139,868,1332,893,745,830,1710,620,894,556,713,542,601,568,610,571,685,584,664,632,584,614,563,470,465,492,454,656,463,608,483,323,570,361,404,488,426,362,312,394,336,320,472,342,377,331,357,356,418,274,247,320,166,270,249,250,271,269,213,204,252,235,209,234,190,163,165,194,197,93,172,163,191,159,156,215,177,172,163,140,190,225,165,151,164,161,154,237,127,139,166,135,179,305,175,222,141,107,122,328,119,98,112,146,140,115,119,123,113,101,112,104,106,81,120,114,103,87,99,90,119,107,71,101,72,146,89,93,83,55,103
20230610,10479,5601,4598,3931,7514,4405,5038,4424,2653,1304,1600,1702,1443,2768,1341,1104,1047,783,738,744,674,1244,634,640,799,1319,467,767,510,598,467,429,372,456,372,482,483,563,342,442,363,509,428,316,466,353,365,345,403,396,335,345,268,348,416,269,321,264,230,250,294,439,261,269,233,273,299,293,220,240,225,131,193,163,169,212,226,144,140,165,137,125,213,249,184,139,169,244,101,123,170,95,140,94,129,139,135,135,135,122,222,129,125,98,159,365,208,105,75,89,104,141,209,108,212,112,110,212,55,89,79,51,167,53,108,71,94,93,88,81,70,62,98,51,103,75,57,85,73,118,61,76,58,58,127,100,47,67,60,47
20230611,9864,5790,4877,4199,7809,4445,4763,4286,2853,1173,1648,1782,1504,2866,1235,1011,1281,939,771,785,628,1013,666,778,677,1415,492,670,542,560,478,420,430,439,305,427,424,504,374,525,414,417,426,363,389,327,409,338,474,403,299,284,294,346,319,262,599,270,218,230,312,308,309,274,203,287,268,334,256,201,196,187,200,159,200,246,247,232,149,117,138,132,206,158,158,155,192,204,83,165,164,107,249,128,117,129,127,123,109,183,211,109,115,77,159,190,188,100,89,85,133,137,245,118,187,150,135,188,58,85,90,67,154,85,90,79,95,102,89,110,92,63,111,59,134,69,62,79,58,111,99,88,74,59,97,141,78,66,37,37
20230612,11101,7703,6188,4853,9126,4932,5616,5250,3553,2138,2076,2182,1692,3170,1808,1157,1623,972,1006,1335,1516,1361,993,1050,887,1751,566,929,643,663,749,550,722,839,469,672,642,663,736,631,598,493,516,537,464,423,560,525,677,511,334,536,356,435,453,439,417,446,433,431,373,371,311,377,292,285,381,384,330,234,309,165,283,243,273,246,286,267,251,220,233,238,229,312,187,211,209,221,138,221,207,235,169,172,228,223,175,145,125,189,244,204,115,166,162,214,270,130,171,161,129,160,263,207,109,138,108,203,361,142,114,150,246,118,132,126,135,124,120,121,108,78,94,131,132,108,94,127,68,105,98,100,104,90,131,123,97,73,92,117
20230613,11171,7958,6154,4976,9241,5387,5450,5388,3258,2230,2157,2193,1229,3195,1774,1292,1604,995,1018,1236,1252,1187,1034,1042,946,1883,562,866,672,739,748,619,708,771,655,661,697,709,683,730,707,655,560,557,483,470,586,587,652,499,484,577,432,430,420,500,456,422,447,393,419,417,299,460,328,338,349,327,312,310,267,166,291,262,316,278,294,305,272,375,288,211,217,244,165,187,221,289,109,255,206,245,174,182,206,213,176,154,453,178,308,179,168,148,215,239,289,156,161,207,140,135,233,216,151,156,135,158,452,156,119,144,247,143,119,115,110,151,96,121,103,132,125,161,115,139,92,125,92,98,97,102,142,116,121,159,85,78,84,123
20230614,11409,16669,6365,5001,9563,5340,5298,5260,3482,2241,2105,2360,1335,3418,1819,1189,1572,1411,1084,1279,1206,1080,941,940,1041,1842,601,999,628,724,704,563,660,694,589,666,720,645,708,933,610,630,533,640,475,451,579,537,664,593,1001,506,381,459,438,582,408,448,457,416,560,373,335,425,366,331,310,377,293,222,280,184,267,245,254,247,331,256,312,387,282,221,258,382,183,198,235,232,124,203,225,222,173,187,244,201,187,329,150,159,186,164,148,145,165,200,268,151,158,213,156,152,235,221,131,132,105,141,412,190,91,132,251,132,170,110,163,112,111,125,129,120,125,196,111,109,83,94,93,112,105,80,103,91,123,165,67,86,90,111
20230615,11203,16102,5933,4659,9147,5115,5426,5434,3594,2205,2075,2234,1519,3314,1666,1147,1574,1514,1223,1308,1068,1163,933,898,910,1825,592,872,693,759,693,620,628,731,608,682,640,648,736,591,511,607,521,604,422,489,467,500,626,475,1094,474,455,424,446,465,467,340,394,395,452,374,333,432,328,354,346,423,380,282,268,210,307,234,359,258,285,271,285,292,272,231,216,209,274,175,262,194,99,266,174,236,183,193,212,178,166,144,139,148,170,194,150,168,179,215,280,121,215,164,110,167,251,208,156,136,116,155,682,148,107,110,230,158,177,123,127,93,130,139,92,113,158,143,118,122,81,128,83,103,122,101,111,86,92,117,102,114,71,101
20230616,11472,14015,5905,5208,8937,5609,5565,5375,3356,2017,1895,2061,1097,3367,1588,1088,1489,1167,968,1185,930,1199,893,866,927,1611,565,868,796,671,618,538,541,738,488,563,629,571,658,656,536,541,469,538,449,436,475,455,594,495,842,441,485,440,511,449,483,340,360,383,405,342,289,405,273,338,350,366,362,299,233,183,279,238,270,258,254,270,234,214,258,149,230,211,196,135,213,196,77,207,184,193,175,155,187,153,185,129,124,161,163,174,137,120,153,196,227,134,197,155,114,223,235,145,101,137,117,108,395,137,86,108,288,156,132,77,108,101,165,100,92,110,135,143,134,101,88,113,84,117,86,86,131,93,138,154,87,109,93,70
20230617,9217,12115,4948,3636,7717,4417,4956,4695,2305,1370,1617,1687,1114,2872,1295,879,1066,928,863,836,710,1193,681,605,689,1268,507,682,614,568,488,418,426,495,331,446,469,446,380,541,422,429,450,343,396,323,386,297,436,351,576,323,387,340,436,275,358,311,237,234,281,292,260,298,183,320,314,294,241,231,206,178,170,170,212,213,209,198,163,180,201,122,190,208,177,127,178,205,81,156,168,127,119,153,130,136,124,112,132,125,159,117,123,88,133,136,237,137,102,80,125,145,221,130,99,146,97,92,178,91,53,63,246,62,98,68,100,97,100,99,84,99,129,86,130,98,72,90,84,109,87,69,66,81,101,112,55,77,58,43
20230618,9413,12087,4751,4403,7854,5110,4736,4571,2351,1237,1601,1835,977,2884,1238,877,1007,901,760,796,660,936,694,604,721,1313,530,605,678,723,483,432,389,570,325,457,497,428,390,513,394,433,464,368,409,329,383,319,455,385,579,353,365,306,359,285,358,327,198,248,275,257,268,264,207,297,249,322,244,256,207,172,168,174,181,201,232,186,143,153,128,131,221,221,241,188,142,184,65,157,145,130,130,118,87,131,126,102,96,144,151,142,129,97,148,114,222,110,90,93,139,119,188,128,97,106,133,87,46,98,61,62,289,67,131,73,120,104,61,93,83,94,119,81,131,91,55,83,77,101,85,57,58,71,90,108,68,60,63,46
20230619,10828,10629,5447,5203,9294,5372,5730,5059,3256,2249,2123,2480,1198,3133,1505,1022,1650,1330,1085,1196,976,1138,984,963,884,1722,640,758,998,856,639,572,617,761,525,602,606,615,643,713,581,534,524,538,458,415,708,635,644,438,714,502,448,386,445,493,422,465,418,355,373,363,283,403,296,308,336,413,347,211,243,266,299,282,249,269,381,359,256,247,280,212,252,347,242,165,194,197,127,239,169,218,156,163,189,200,142,156,138,158,164,158,158,143,160,135,270,152,141,157,166,136,209,178,145,136,142,122,93,116,88,122,397,144,154,120,114,105,123,132,99,96,167,150,144,114,91,89,92,108,101,103,112,91,95,159,67,130,79,92
20230620,10815,6739,6004,5022,9290,4822,5666,5349,3364,2325,2197,2362,1166,3239,1666,1035,1406,1091,1095,1317,1154,1071,1033,869,873,1764,690,737,1113,891,1144,613,656,770,559,623,634,633,751,683,640,630,500,519,477,518,602,539,684,460,679,583,508,444,553,524,463,436,374,350,416,419,337,386,295,331,367,403,353,329,281,186,267,258,299,277,369,289,273,293,268,210,210,228,196,152,227,200,121,218,198,255,159,182,199,195,196,174,132,219,157,170,120,163,161,392,273,141,179,246,131,161,385,222,136,141,122,160,454,178,117,132,537,188,158,121,117,98,144,130,134,94,158,165,92,94,92,98,112,92,112,127,110,85,76,147,85,114,94,94
20230621,11321,6765,6470,5497,9680,5654,5740,5602,3486,2348,2300,2447,1475,3301,1783,1068,1439,1049,1913,1256,1039,1109,1095,928,908,1942,570,818,913,858,807,665,622,765,593,716,756,758,837,738,580,682,513,643,483,509,580,635,754,516,1014,635,478,446,399,599,456,437,467,392,478,476,308,453,313,394,390,368,326,314,302,215,273,260,291,290,290,265,391,256,248,216,225,320,229,180,251,192,125,219,188,240,159,140,356,209,202,176,167,199,168,209,167,170,170,254,255,133,181,242,146,163,339,299,131,147,133,161,606,151,96,155,957,170,129,124,146,127,147,147,101,91,158,155,155,115,86,108,96,99,97,111,93,82,105,126,96,719,73,120
20230622,10965,6119,5772,5176,8938,5192,4957,4686,3144,2258,2125,2226,1098,3035,1728,977,1360,931,1583,1318,926,965,987,852,931,1715,552,755,730,729,687,627,595,671,600,640,612,805,651,671,680,681,520,607,510,478,520,496,638,448,1276,559,425,406,361,568,457,402,396,387,441,369,342,355,307,371,377,483,343,283,303,310,265,222,251,267,271,259,343,239,227,198,230,240,224,212,210,192,115,215,161,249,195,153,250,183,180,149,144,192,185,186,131,175,149,160,263,167,208,202,122,116,295,194,102,147,133,122,374,140,123,137,1159,154,130,104,119,100,139,109,105,97,156,137,106,83,93,112,83,86,95,84,94,94,112,89,101,306,76,107
20230623,10846,5570,5192,4527,8303,4504,4720,4033,3049,1816,1987,2225,1137,2966,1530,891,1146,965,931,1115,829,924,843,875,870,1510,505,691,662,713,604,532,602,696,536,638,530,637,595,557,585,553,513,488,407,432,471,476,573,410,796,492,592,406,358,421,415,390,345,334,382,401,339,371,289,414,349,406,280,254,233,216,241,259,228,234,254,220,294,261,211,191,231,204,188,189,210,186,119,182,202,222,193,163,207,178,164,165,131,173,167,151,160,127,156,156,227,161,132,170,142,145,256,186,158,148,131,138,371,157,88,74,1278,163,108,74,118,103,100,119,100,89,142,114,140,101,92,94,98,118,89,95,103,103,88,70,81,175,102,107
20230624,9892,4469,4926,3348,7346,3706,4681,3732,2543,1440,1648,1773,819,2646,1166,1318,798,778,770,819,946,701,599,559,726,1320,448,533,509,510,442,413,417,435,358,381,381,476,350,458,403,420,355,357,296,436,346,304,446,296,490,330,648,417,428,227,350,361,315,245,258,254,289,293,196,389,238,349,220,213,175,169,182,150,195,175,205,158,171,136,122,143,191,150,130,138,130,144,89,146,139,98,149,127,116,219,84,120,101,128,142,98,136,94,199,103,250,131,102,116,82,116,232,117,121,94,123,112,91,88,68,69,1203,76,88,59,64,84,63,75,64,73,117,67,115,74,59,65,56,91,78,79,71,60,83,82,54,113,66,40
20230625,9608,4442,4870,3739,7807,3946,4577,3639,2729,1320,1609,1692,861,2779,1229,1387,889,1091,694,743,747,797,674,825,663,1255,501,526,496,513,476,411,479,445,347,374,412,467,367,504,427,459,522,369,331,343,435,348,312,294,450,350,406,265,357,248,304,324,349,245,268,291,269,298,196,322,237,307,239,197,207,215,207,189,174,208,207,167,148,158,142,131,160,163,152,121,96,147,78,152,180,124,114,112,113,123,115,119,131,125,146,92,148,99,124,110,240,119,90,128,126,130,246,179,109,121,99,112,61,87,65,53,1175,73,86,92,73,89,69,95,77,61,113,86,122,74,57,63,57,90,71,68,86,69,87,55,61,86,63,48
20230626,11058,6118,5604,4698,8419,5411,5101,4640,3344,2310,1984,2216,1026,2799,1751,971,1560,1192,956,1105,1007,1020,1028,1055,773,1645,555,679,660,743,588,583,926,673,559,612,562,600,633,605,596,668,464,522,462,429,596,551,594,461,558,833,412,408,410,401,432,409,366,354,323,345,366,399,286,300,331,431,280,243,255,195,288,227,284,251,276,236,293,195,309,191,190,178,221,135,187,181,101,181,202,252,167,162,191,161,185,135,115,154,166,190,147,181,143,137,281,147,165,395,169,168,291,227,138,151,158,155,264,124,92,117,1130,352,140,102,119,109,120,111,95,95,132,128,146,121,88,112,80,95,101,91,143,82,77,73,92,92,74,108
20230627,11045,6262,5775,4810,8627,5187,5196,4552,3273,2496,2092,2304,1063,2909,1636,1028,1659,1094,985,1174,1096,994,1003,1287,826,1701,632,788,654,763,657,558,754,709,600,674,625,632,760,664,585,646,568,543,503,492,572,536,670,483,527,622,504,406,436,573,385,428,446,353,358,358,358,419,333,369,316,435,318,306,254,215,315,288,312,244,322,279,337,243,243,258,222,224,327,155,220,193,124,242,181,210,166,175,221,203,177,169,114,150,219,180,149,202,195,178,256,191,176,227,191,145,246,207,158,151,163,165,437,172,121,132,881,155,169,111,128,138,105,140,77,108,141,143,141,105,93,121,121,100,106,105,90,122,72,87,97,152,81,85
20230628,10197,5807,5662,4197,8180,4302,5092,4648,3190,2416,1934,2073,997,2962,1534,937,1351,1265,1047,1128,1023,953,990,1098,860,1511,703,681,641,697,648,565,642,719,612,578,626,589,674,519,621,627,493,554,467,501,558,628,613,433,430,608,940,483,427,534,381,374,382,367,373,396,333,385,312,462,335,360,282,312,312,225,275,263,306,237,246,263,254,267,255,219,205,201,265,176,204,184,140,236,173,241,164,161,206,188,182,185,130,173,203,180,137,165,146,153,254,149,156,218,149,145,234,149,125,133,135,134,585,125,107,153,932,151,129,99,129,115,106,126,99,102,151,99,124,120,107,112,97,96,97,132,108,109,87,88,106,99,87,99
20230629,10167,5541,4905,3928,7730,4278,4900,4768,3256,1886,1921,1880,1074,2692,1602,904,1391,1236,974,1199,1079,1006,862,975,763,1575,638,708,741,739,671,599,652,774,564,599,586,572,613,529,498,579,479,556,510,442,503,484,575,451,509,559,809,390,402,465,398,395,360,326,356,357,346,378,286,387,345,321,276,281,216,221,234,239,276,279,253,532,277,256,241,191,252,195,241,133,264,213,144,186,225,251,152,162,188,189,186,159,193,155,231,155,107,172,127,169,243,134,155,184,143,156,231,176,121,112,149,142,381,150,108,112,527,162,137,119,109,119,127,115,104,106,100,108,119,101,72,92,122,118,112,87,99,94,94,72,80,101,55,74
20230630,10143,4995,4908,3842,7490,4063,4705,4756,2977,1834,1869,1729,868,2516,1421,963,1219,1063,863,1111,1038,1029,824,809,768,1413,610,619,844,689,549,472,569,762,517,510,574,531,560,831,515,501,443,497,399,394,495,430,576,397,779,519,566,399,408,355,360,357,330,352,330,335,303,422,266,345,305,362,254,231,228,220,195,213,276,279,249,341,251,227,205,173,177,169,277,164,219,212,136,167,201,187,139,157,184,142,164,138,104,265,166,138,119,131,104,151,235,140,166,130,133,158,256,137,102,124,150,140,246,108,94,109,560,131,113,117,101,95,113,111,94,85,139,111,128,102,109,88,98,99,99,91,83,75,110,94,73,80,69,87
20230701,9329,4208,4170,3198,7091,3366,4282,4269,2679,1178,1577,1631,797,2309,1043,862,836,862,718,853,743,817,582,522,681,1195,719,468,616,461,438,469,423,590,366,393,377,426,331,506,377,390,391,366,414,289,366,277,391,277,561,287,524,298,412,240,314,326,199,243,234,299,294,290,180,260,231,370,222,220,175,164,142,182,222,188,204,191,143,122,134,108,204,127,197,131,163,214,104,132,209,108,128,101,140,93,103,115,142,147,105,87,105,67,92,83,180,116,100,97,91,120,215,103,87,118,108,116,142,77,62,75,645,56,110,63,77,74,91,86,84,56,92,67,145,82,56,78,64,99,62,61,56,74,70,69,75,78,81,44
20230702,9144,4469,4710,3314,6934,3668,4341,3963,2684,1210,1573,1616,826,2652,1155,889,924,1035,942,862,1024,783,562,683,749,1289,853,491,751,754,425,528,406,623,329,439,443,417,312,860,547,462,412,429,421,331,444,294,388,309,548,298,484,391,372,223,267,346,192,231,262,244,258,294,193,294,309,238,205,211,178,189,148,166,228,201,215,167,132,101,129,108,319,130,339,118,128,209,166,133,275,129,109,92,101,123,103,114,165,95,153,121,106,55,124,137,297,81,106,118,102,114,209,141,100,101,120,95,48,107,58,61,833,58,85,79,77,63,116,179,83,59,107,57,95,84,65,90,69,78,60,68,52,67,81,91,57,94,64,32
20230703,10804,5810,6055,4354,8549,4260,4743,4944,3348,2183,1951,2207,965,2806,1528,990,1380,1029,1073,1110,1116,920,781,945,895,1706,859,652,997,829,560,605,711,649,574,761,619,638,612,711,520,624,544,799,479,418,557,453,584,378,662,513,581,442,415,453,394,381,312,310,520,376,296,452,369,331,417,372,300,247,219,249,252,221,239,247,291,264,246,228,206,162,317,234,475,165,189,222,257,193,207,169,183,272,168,196,153,180,121,142,155,167,117,127,171,121,270,156,130,151,128,135,215,263,104,364,174,132,324,149,75,119,956,149,139,105,119,97,94,186,105,91,166,106,122,146,85,105,87,100,105,97,89,75,87,74,89,88,91,63
20230704,10595,6076,5447,4418,8256,4409,4842,4855,3272,2065,2047,2388,1037,2612,1474,1014,1371,1108,1017,1092,959,1004,770,823,886,1707,763,710,917,781,585,817,620,689,715,716,548,647,607,681,492,589,518,566,476,412,611,500,523,439,636,461,797,426,430,395,383,394,393,331,429,354,334,393,299,365,300,399,294,321,278,192,275,223,295,242,325,233,262,262,257,182,256,186,319,147,220,194,214,175,194,170,290,202,194,139,154,147,159,124,176,148,123,125,176,99,312,156,174,158,134,129,261,198,121,175,185,139,152,138,81,83,866,120,153,104,103,104,131,153,95,90,153,103,139,105,95,98,104,109,72,89,70,81,82,79,48,98,89,82
20230705,11190,6344,5302,4523,8380,4517,4934,4849,3409,2298,2165,2113,939,2697,1627,1179,1456,1179,956,1125,933,961,909,943,912,1780,816,1022,917,741,661,824,795,644,571,644,706,659,661,743,555,648,535,576,552,462,615,466,617,485,552,542,688,466,411,391,410,405,392,356,385,393,383,353,305,328,358,381,320,298,290,175,278,255,322,265,319,272,309,281,240,201,265,240,510,187,170,207,160,205,181,224,190,164,207,206,192,164,148,189,163,153,133,142,144,218,244,164,159,193,142,123,296,145,108,169,147,159,233,127,90,121,1039,90,133,154,127,122,98,199,93,114,170,109,161,110,94,105,67,110,126,121,142,73,96,95,85,136,88,86
20230706,10979,6130,5508,4565,8313,4791,4918,4497,3426,2247,2079,2158,1048,3010,1563,1153,1464,1265,1035,1127,1057,927,906,1102,924,1671,1026,683,816,689,591,627,773,745,600,598,685,670,644,720,606,599,528,562,549,449,625,490,663,440,500,465,992,393,417,362,409,416,411,375,341,354,320,368,275,700,317,372,299,288,246,213,224,243,259,269,293,282,248,254,282,199,234,208,383,169,182,169,172,208,145,184,195,216,211,141,176,176,139,165,185,140,298,137,138,194,270,164,217,205,150,142,236,183,130,132,154,136,267,134,99,126,939,158,145,99,138,111,126,137,86,120,157,112,134,137,94,95,100,118,100,157,101,88,113,83,75,140,108,93
20230707,10548,5652,4381,3967,7144,4227,4614,4482,3122,1994,1871,1924,870,1679,1477,1073,1295,1633,942,1249,956,983,788,1028,904,1673,829,633,764,624,549,528,631,879,530,580,590,589,555,501,549,576,465,526,540,375,503,454,552,410,446,408,660,428,436,319,412,422,517,320,352,378,312,377,264,494,277,363,293,260,231,215,251,242,231,259,247,262,231,233,206,189,228,189,231,160,213,187,187,186,148,180,180,163,192,179,172,153,147,155,163,117,334,130,150,162,220,127,129,188,136,108,260,159,108,120,160,142,278,103,99,104,1186,108,134,121,114,110,122,136,78,93,135,97,131,107,70,100,74,116,98,109,87,96,87,104,70,171,69,71
20230708,10018,4828,3480,3286,6093,3739,4281,3982,2420,1290,1578,1751,873,1377,1169,955,736,1491,847,976,628,828,625,730,772,1310,871,582,542,609,440,442,472,622,340,493,480,520,376,492,370,437,421,393,368,432,376,290,402,371,408,257,415,466,457,217,314,355,271,241,253,312,267,262,198,324,230,323,213,203,197,223,171,153,144,186,218,158,145,132,138,123,217,133,201,122,131,198,122,120,178,71,156,116,111,245,98,143,122,136,158,85,179,60,195,98,275,97,92,85,112,92,215,143,105,90,152,96,93,91,94,56,1317,57,112,74,60,110,73,99,112,165,104,81,102,65,90,87,78,95,78,106,56,83,67,67,71,299,53,55
20230709,9962,4610,3359,3363,5825,3558,4200,4055,2508,1439,1652,1848,872,1368,1166,856,816,1770,835,956,621,799,591,800,766,1301,747,538,805,660,468,467,472,595,341,700,441,449,339,519,386,448,387,392,458,418,411,318,409,347,430,315,449,459,368,253,395,316,252,273,269,277,262,268,193,328,242,344,239,183,189,188,138,161,186,209,231,196,152,157,127,119,235,178,230,171,137,188,120,167,129,134,188,131,97,216,94,203,156,129,139,84,133,81,158,102,220,126,85,82,95,101,207,289,125,123,148,107,71,100,62,67,1380,62,104,95,108,75,80,98,92,178,96,68,113,79,43,67,86,115,91,58,63,96,96,73,66,158,57,34
20230710,11320,6620,4218,4480,7188,4378,4774,4957,3261,2184,1999,2126,1075,1863,1678,1404,1336,1535,1097,1206,914,1068,931,1036,938,1880,884,691,1020,727,608,605,731,669,571,593,531,626,720,607,511,618,523,490,532,550,541,522,645,432,421,446,473,531,483,431,429,367,482,349,300,375,339,345,288,397,331,402,325,333,251,161,227,236,278,244,302,246,250,307,253,237,239,361,342,152,220,192,140,228,168,196,171,172,217,313,162,905,122,172,184,193,176,157,279,158,216,156,150,181,141,138,235,145,110,133,137,119,252,141,110,97,1350,118,159,129,123,100,108,143,124,151,121,112,150,116,106,104,99,114,93,132,96,93,88,87,80,110,95,90
20230711,9737,8297,4711,4814,7347,4560,4914,4809,3238,2291,2208,2065,830,1817,1654,1145,1442,1434,1194,1213,1159,1136,931,989,967,2048,713,721,788,750,660,648,836,775,590,652,597,635,778,710,563,619,519,582,597,462,629,544,659,437,404,485,467,434,484,472,450,406,400,352,346,385,373,411,282,357,330,546,279,406,289,193,313,274,269,262,270,248,291,248,250,178,343,228,329,152,213,194,122,194,168,194,185,158,241,177,175,313,137,174,159,195,187,158,149,160,267,152,176,204,161,122,235,194,101,139,147,129,288,130,101,143,1295,156,133,131,155,92,108,114,106,130,137,159,99,100,104,99,82,121,95,139,105,82,96,104,117,100,94,94
20230712,10105,7445,4812,4646,7401,4359,4898,4737,3190,2276,2178,2129,1012,1838,1740,1221,1417,1332,1025,1175,1051,1030,903,947,951,1776,730,742,762,794,612,622,751,742,559,621,582,636,665,658,601,541,509,466,570,461,638,511,656,465,387,495,409,429,567,443,468,378,393,342,331,364,313,355,313,330,308,389,294,361,237,195,251,255,268,265,292,277,312,275,314,219,220,243,317,182,208,199,116,187,175,217,171,179,258,194,193,200,138,161,170,163,153,196,178,155,237,147,162,212,120,98,285,149,124,143,119,145,310,152,100,162,1306,153,166,131,130,108,132,135,135,118,135,145,115,118,123,91,105,158,112,110,103,89,101,80,97,146,96,126
20230713,10787,7481,4972,4382,7215,4501,4755,4857,3412,2230,2213,2187,957,1908,1696,1169,1292,1257,1083,1291,1083,1067,855,1182,904,1723,733,660,779,796,573,669,704,741,638,637,595,640,697,546,580,574,490,485,574,482,552,476,625,458,419,486,422,375,692,435,475,465,441,397,311,418,375,414,324,352,336,385,309,299,302,245,248,240,342,262,296,268,247,303,232,208,254,243,336,163,210,233,121,218,178,212,191,165,224,185,179,181,148,190,193,190,147,161,139,175,244,177,178,212,138,123,269,161,133,161,153,111,179,138,101,133,1346,142,102,140,129,98,144,148,127,142,140,129,131,119,84,112,94,87,121,126,106,85,95,84,90,159,87,121
20230714,10515,6816,4165,4202,6750,4071,4753,4370,3138,1974,2035,1952,983,1668,1528,1216,1213,1183,1057,1171,895,914,853,937,872,1561,655,601,751,651,605,549,590,710,523,519,526,582,533,516,570,511,450,453,555,379,564,440,511,395,413,457,404,394,623,427,409,396,327,358,255,358,331,385,266,313,310,311,309,337,278,220,249,208,301,218,257,265,258,182,214,165,221,182,212,165,200,173,139,164,167,181,167,134,193,158,167,181,109,179,188,108,136,143,140,147,240,140,171,156,111,123,216,144,103,110,136,135,257,125,98,87,1247,105,150,102,131,75,102,134,89,110,189,100,145,101,113,103,80,103,107,101,85,77,104,104,86,176,93,90
20230715,9633,5245,3296,3386,5853,3645,4333,3791,2523,1154,1687,1711,850,1275,1195,928,735,906,735,798,585,765,533,753,732,1210,549,469,644,491,505,373,443,500,327,452,487,471,340,542,389,366,490,356,436,417,414,257,394,291,352,259,299,290,315,198,334,364,206,251,240,249,280,263,205,257,281,285,237,232,181,180,168,161,171,222,234,151,133,160,126,126,208,142,182,153,126,172,74,140,156,82,138,95,82,120,93,127,114,123,148,100,127,115,129,87,233,105,83,72,112,96,190,117,122,104,101,103,88,81,75,81,1197,87,74,87,59,86,74,69,74,71,97,63,124,61,50,79,66,75,75,69,58,62,92,44,60,121,53,36
20230716,8463,5352,3153,3263,5793,3633,4499,4064,2288,1348,1608,1703,762,1363,1260,852,768,949,774,801,655,783,564,859,677,1173,662,526,622,442,472,742,392,448,332,410,437,381,359,572,371,379,371,324,480,380,369,310,452,315,370,227,315,277,269,231,372,314,213,253,213,316,267,262,202,260,216,292,177,514,230,133,162,167,152,263,216,175,165,206,162,117,192,159,230,110,156,144,99,132,134,95,130,122,99,109,115,103,176,110,152,102,120,75,106,99,229,105,103,115,124,77,210,129,441,93,122,102,81,87,85,51,1062,68,97,81,84,94,117,92,83,64,142,66,124,86,53,71,75,100,74,50,61,71,63,126,68,97,78,49
20230717,9713,7093,4734,4394,7519,4648,4787,4953,3135,2116,1992,2272,1118,1777,1625,1128,1412,1097,985,1153,871,1052,896,946,807,1773,724,707,721,611,618,577,616,722,492,587,552,620,681,612,508,533,564,487,571,464,569,594,644,422,422,443,488,397,436,466,410,404,376,331,286,394,312,384,292,296,295,313,349,588,287,200,279,260,322,299,260,250,268,335,226,193,226,172,220,125,218,196,125,231,146,186,163,166,234,191,146,193,166,170,155,189,158,143,160,126,277,174,163,189,120,140,249,172,213,168,109,132,351,135,119,111,929,159,167,129,135,107,108,102,85,98,132,126,108,101,67,107,95,110,100,82,107,86,94,111,64,102,73,102
20230718,11853,10552,4490,5748,7117,5649,4817,4766,2979,2297,2016,2243,1232,1862,1665,1207,1292,1155,1113,1154,935,1031,950,959,826,1644,693,766,705,678,612,578,697,744,486,609,681,688,686,628,617,566,535,515,544,432,598,473,662,489,997,482,408,467,462,438,374,382,410,357,334,391,354,352,268,298,312,358,309,389,249,156,272,247,306,285,291,260,313,247,263,218,222,174,382,168,200,166,112,428,149,167,154,193,224,187,238,154,174,168,176,168,136,171,181,265,269,147,184,160,150,135,236,166,142,139,112,126,254,128,140,158,468,116,156,117,132,131,128,132,92,83,123,119,99,165,105,124,82,130,126,136,104,73,111,96,76,112,91,95
20230719,13268,12631,4443,6259,7232,5798,4998,4175,3094,2200,1917,2145,1401,1874,1747,1266,1351,1178,1071,1277,946,1057,995,882,850,1621,703,702,673,590,621,506,619,717,558,652,652,519,693,539,575,586,522,570,497,431,590,527,616,516,1437,523,354,412,442,550,391,391,451,320,333,561,360,336,299,322,327,354,298,301,244,304,263,277,296,267,315,259,292,319,221,223,201,308,350,192,210,179,104,443,191,210,158,184,212,186,196,187,190,195,157,158,162,180,168,202,357,153,147,172,131,111,266,169,149,119,106,197,274,153,133,142,451,124,162,116,141,105,120,137,87,91,118,154,103,119,74,115,77,128,120,132,93,85,94,57,80,106,58,122
20230720,13210,12577,4505,6253,7039,6034,5244,3974,2939,2240,2041,2024,1423,2386,1568,1036,1179,982,1109,1159,857,1032,956,883,857,1539,682,674,664,611,580,571,653,654,544,600,581,558,758,523,549,549,530,517,520,419,558,457,645,512,523,478,357,458,431,511,400,401,437,317,296,419,330,385,288,300,297,383,245,303,274,327,319,267,269,301,269,232,564,275,261,196,245,242,286,142,207,181,93,297,171,194,151,125,198,131,187,150,146,226,166,186,172,173,136,179,308,154,168,148,165,122,257,133,133,118,101,134,349,143,114,112,1037,129,155,97,153,124,109,127,128,93,115,132,104,143,93,89,94,88,122,99,93,93,86,93,99,113,75,101
20230721,12698,11044,3848,5668,6398,5722,4850,4319,2745,1906,1871,2142,1341,1713,1505,912,1138,1016,1003,1167,904,993,821,825,775,1402,585,635,671,606,583,490,513,655,499,561,557,511,584,581,471,536,473,492,483,392,603,467,614,456,436,393,338,379,362,457,344,423,417,323,336,442,336,291,244,308,286,367,274,282,249,304,256,288,251,264,249,264,320,223,318,170,189,175,202,167,175,189,119,242,162,191,115,156,192,159,145,138,178,171,173,117,127,132,145,128,253,121,135,132,107,102,212,155,91,123,106,122,189,135,113,103,663,100,146,94,105,103,114,129,114,81,134,96,96,125,92,92,78,78,109,113,103,76,72,67,92,113,59,84
20230722,11532,9239,3666,5190,5537,5212,4271,3656,2340,1284,1655,1765,1119,1338,1191,970,771,892,740,845,668,794,593,708,848,1173,614,526,561,508,473,384,372,469,393,431,486,429,318,490,368,462,388,361,385,388,339,278,501,378,346,257,301,309,302,247,304,516,228,206,229,338,260,238,213,237,208,359,186,224,372,255,182,158,186,219,204,138,190,152,197,120,205,165,165,127,147,153,89,183,128,119,154,121,141,136,116,132,160,135,117,70,103,92,115,65,236,121,101,67,99,114,215,104,93,121,101,81,79,102,73,64,983,81,108,102,103,78,76,118,100,62,129,70,94,85,71,86,74,112,85,80,77,88,55,51,80,93,59,39
20230723,11126,9665,3005,4624,5646,5008,4349,3481,2192,1333,1639,1644,1027,1616,1222,1022,797,842,714,915,569,729,520,756,766,1139,566,537,606,502,453,369,373,532,340,368,464,326,375,415,376,440,410,336,353,323,411,280,523,382,353,221,264,347,371,240,296,394,274,196,257,260,248,267,179,241,222,283,202,251,202,371,191,165,181,214,219,219,163,175,155,114,186,143,182,177,156,144,68,191,112,146,147,98,83,103,116,102,158,146,116,87,139,67,118,103,191,109,121,91,127,103,205,78,79,95,100,110,44,106,83,65,472,52,98,108,82,75,85,88,81,55,94,54,103,86,55,96,72,104,92,91,77,76,66,75,75,100,49,33
20230724,12324,12243,4267,6314,7322,6000,4874,4493,3072,2292,1952,2217,1262,1838,1654,1127,1383,1167,939,1165,916,876,949,830,791,1654,690,649,635,623,572,619,686,780,592,551,527,536,624,604,581,550,540,478,458,378,544,465,652,471,408,403,473,395,465,390,366,413,399,297,365,380,335,351,276,331,302,433,266,234,291,311,258,239,298,246,282,253,279,269,207,173,194,169,313,213,208,172,81,226,171,223,231,173,189,173,161,183,144,164,150,150,179,169,176,132,227,142,195,149,131,112,241,139,103,94,94,133,331,139,99,116,577,141,131,129,122,111,121,142,83,62,125,113,121,113,97,82,100,116,111,126,122,83,70,102,81,99,66,91
20230725,12630,6820,4360,5998,7148,6035,5204,4554,3081,2287,2053,2123,1243,1978,1599,1152,1253,1011,1000,1263,960,1030,953,913,964,1787,701,729,693,628,887,585,688,712,643,630,596,660,657,591,575,542,543,535,544,445,566,527,722,541,387,466,455,451,425,414,438,467,450,334,462,372,331,371,315,350,271,387,276,262,305,345,260,291,271,302,276,254,304,289,253,209,222,167,299,176,222,149,82,200,189,232,233,155,280,175,162,191,134,158,210,175,136,160,152,184,201,142,170,181,157,146,279,145,120,160,139,131,385,156,88,111,363,165,148,126,110,116,119,174,107,85,150,127,124,143,87,94,95,104,105,114,120,76,76,102,107,82,76,109
20230726,12710,6792,4863,6244,7524,6301,5148,4313,3010,2353,2057,2210,1205,2371,1619,1144,1376,1002,1014,1173,946,1035,921,906,870,1755,641,768,698,672,653,575,629,726,592,637,657,635,689,585,560,518,530,530,490,553,538,496,719,525,400,518,359,448,503,437,434,348,488,344,397,380,370,386,290,297,337,408,281,263,331,326,288,277,279,247,276,316,286,221,296,207,244,180,266,171,247,241,95,215,165,252,219,182,223,231,209,151,135,165,189,189,158,148,180,252,219,153,161,166,107,149,325,125,120,304,156,132,393,163,85,144,417,117,144,92,201,110,107,108,98,105,137,127,120,110,101,88,86,118,93,123,132,88,86,102,100,119,63,94
20230727,12155,6421,4918,5597,7801,5636,5274,4588,2990,2074,2056,2221,1394,2789,1669,1213,1208,1043,1050,1108,919,1099,955,1063,867,1674,665,732,623,631,589,572,639,728,592,588,613,656,675,677,593,518,446,553,509,449,518,473,709,547,487,510,362,430,387,449,445,397,460,365,371,438,371,348,343,323,336,300,292,291,317,361,262,266,331,270,288,278,301,265,267,201,247,196,258,165,213,323,116,224,166,216,182,174,264,204,179,196,134,190,168,169,167,167,134,184,224,143,170,168,128,131,262,161,103,152,159,177,287,153,89,123,416,164,154,152,121,106,127,121,122,86,141,134,132,135,81,95,70,125,111,115,120,95,92,82,75,108,66,137
20230728,11998,5746,4680,5469,7657,6155,4995,4488,2693,1910,1788,1960,1258,2657,1513,1150,1108,846,894,1067,1053,942,731,958,763,1493,566,635,580,542,573,564,608,662,539,535,641,534,563,567,488,524,478,464,469,427,481,461,559,452,412,446,357,364,511,400,739,383,383,322,300,311,348,321,257,327,282,363,266,247,274,366,287,255,269,241,256,241,239,257,222,165,216,184,234,158,195,164,109,195,172,173,131,133,176,201,151,158,129,179,173,119,159,134,153,133,299,146,146,135,146,102,260,128,121,147,108,120,241,156,94,96,366,125,111,116,117,102,112,144,81,102,125,102,126,105,70,99,62,118,82,87,92,92,108,80,97,138,58,105
20230729,10542,4980,4066,4515,7798,4846,4576,3929,2119,1242,1537,1626,1174,2317,1131,965,715,811,839,781,663,795,547,856,810,1167,514,511,505,587,492,472,466,514,348,408,437,465,335,500,357,396,374,350,416,346,408,313,397,405,329,265,311,277,337,390,345,300,211,241,214,270,246,290,179,275,187,250,193,201,194,355,171,206,154,197,202,147,172,148,135,93,168,137,178,153,160,170,66,136,120,115,132,131,110,108,99,115,188,141,139,104,179,76,115,117,237,90,111,77,156,110,228,129,78,110,93,112,84,92,73,47,573,85,93,83,106,86,95,126,84,80,96,55,130,96,58,81,61,106,95,65,69,66,73,62,63,94,55,33
20230730,11147,5005,3922,4970,6808,5395,4389,3887,3518,1174,1494,1613,1000,2191,1151,1153,708,775,720,817,655,741,617,816,707,1210,569,551,486,499,505,414,466,495,370,379,455,437,378,441,365,382,421,322,369,363,372,273,419,391,346,269,283,308,403,246,328,296,253,237,221,238,238,326,177,226,203,297,217,221,278,506,158,191,171,308,192,191,145,133,111,123,162,130,151,152,169,147,84,136,132,127,113,117,72,117,114,123,123,125,111,109,145,80,117,79,223,109,94,69,96,108,177,117,107,123,83,83,55,75,75,59,544,67,108,89,69,91,78,106,76,52,128,63,106,88,46,77,83,149,66,95,66,83,76,45,76,108,69,61
20230731,12733,6673,5214,6534,8464,6129,4949,4846,3894,2117,1862,2134,1298,2610,1514,1248,1309,960,1178,1129,907,1012,862,1185,987,1635,736,729,582,605,578,607,673,686,604,582,583,581,648,611,600,500,502,478,487,509,555,476,639,551,361,469,570,378,444,417,407,370,398,323,315,333,294,322,318,368,288,399,243,277,339,590,265,267,269,270,241,257,288,237,298,204,194,188,298,199,232,190,102,219,149,221,156,176,187,257,164,180,167,169,166,134,153,147,158,181,254,159,166,165,165,111,264,175,104,138,116,134,313,143,110,112,575,139,166,131,127,95,115,134,96,80,146,116,140,118,84,96,106,106,97,105,93,168,87,69,81,115,58,88
20230801,13090,6798,5136,6912,8363,6672,5168,4585,3212,2232,2001,2092,1374,2512,1545,1309,1187,1407,1083,1140,863,964,923,1112,872,1538,598,683,659,642,644,605,691,682,606,594,560,619,709,566,636,563,473,509,487,444,628,535,657,503,384,466,670,444,491,483,423,385,400,359,270,347,385,379,370,384,305,411,247,318,330,582,278,293,380,250,311,304,310,220,264,232,265,193,472,172,239,191,121,220,158,198,182,170,181,240,150,181,140,150,150,147,138,167,166,160,259,143,168,211,102,125,267,139,139,166,170,118,244,157,93,121,406,150,140,134,144,96,125,146,97,78,154,148,125,94,83,130,82,96,104,113,119,98,82,99,105,128,90,94
20230802,13070,6504,6059,6981,8687,6728,4870,4725,3108,2284,1940,2344,1308,2673,1690,1345,1304,1186,1009,1177,858,987,945,1041,852,1604,634,746,618,705,632,608,688,731,641,597,650,554,715,641,603,542,522,525,461,407,665,548,636,492,368,477,657,515,487,500,725,420,367,394,344,329,303,353,325,493,261,378,313,291,273,545,317,273,300,231,286,282,295,274,283,190,234,242,525,181,221,199,95,189,198,224,175,157,196,228,157,154,159,138,171,146,150,163,139,157,269,136,168,173,128,124,258,149,132,116,135,126,255,127,110,150,533,116,137,132,125,127,108,126,117,82,122,145,114,103,113,127,74,90,96,93,145,91,96,84,78,148,100,89
20230803,12773,6256,5260,6467,8371,6423,4888,4513,3041,2348,2047,2189,1361,2647,1811,1217,1230,1285,1057,1156,846,1026,950,942,1005,1617,835,685,653,615,724,614,645,802,645,578,665,649,711,633,535,497,526,514,501,455,546,521,535,494,846,507,665,421,424,459,636,370,443,436,360,394,331,361,340,397,322,390,274,269,259,570,269,295,287,279,276,302,267,223,234,217,195,238,508,189,229,200,101,236,188,235,175,151,199,185,165,161,150,138,160,153,195,160,167,200,222,163,174,178,139,118,224,118,114,132,137,154,315,132,106,139,513,159,145,130,114,98,114,144,102,100,150,119,109,124,96,98,89,124,103,112,131,97,86,73,84,129,64,118
20230804,12289,5736,5204,6371,8035,6254,4760,4155,2879,2126,1802,2053,1139,2649,1535,1017,1159,1063,958,1089,864,985,832,924,891,1547,605,691,591,664,654,549,640,658,619,549,549,575,516,600,515,469,493,475,442,475,518,481,480,684,878,409,586,437,411,412,586,329,423,352,308,329,378,315,245,390,601,372,345,245,294,492,231,279,262,242,338,267,262,248,195,210,213,253,341,177,196,190,100,229,160,185,173,141,164,158,233,134,205,172,159,145,172,148,144,172,226,137,147,133,125,114,231,201,92,134,130,129,402,124,107,101,361,131,127,118,132,123,118,173,124,107,209,112,134,85,106,112,91,110,102,75,90,81,90,75,86,104,84,99
20230805,11506,4447,4071,4996,6533,5067,4281,3539,2269,1359,1538,1548,1185,2196,1144,861,711,801,715,761,652,1088,591,641,740,1253,550,480,518,439,7053,422,414,484,326,409,415,401,317,508,344,409,396,331,380,337,382,271,354,532,582,242,426,374,358,329,482,294,208,274,231,277,311,259,190,300,393,287,205,249,195,542,145,173,183,259,199,148,146,140,142,113,153,139,414,130,175,187,79,148,142,118,135,98,124,127,147,151,124,102,106,75,158,70,101,74,189,108,127,69,106,108,215,126,84,98,103,125,61,77,79,55,376,71,98,95,140,75,83,111,86,83,108,57,125,88,67,88,76,131,78,78,65,66,103,54,53,80,68,44
20230806,11353,4425,3947,4935,15637,4949,4256,3544,2204,1248,1590,1723,1070,2271,1092,931,892,956,756,803,644,771,609,697,749,1177,584,598,500,492,6360,413,382,484,348,421,415,469,306,491,416,366,448,374,364,359,354,255,400,408,557,258,393,464,489,300,410,288,235,231,251,287,307,249,211,282,305,264,233,248,216,534,190,207,182,209,248,158,138,154,108,130,195,139,262,117,133,177,81,172,136,97,135,149,84,109,166,126,144,93,133,91,93,87,117,67,212,129,124,72,113,99,189,134,113,100,114,137,81,98,96,72,424,58,120,96,73,75,84,80,96,62,97,67,158,84,69,75,97,92,82,72,70,62,80,52,64,106,46,40
20230807,12146,6245,5084,6193,8161,5665,4650,4236,2794,2179,2046,2208,1372,2551,1635,1114,1144,1071,1031,1110,1263,949,845,1074,887,1545,594,699,653,685,3982,530,650,685,559,667,647,596,674,672,486,609,496,450,451,474,527,491,527,522,519,417,781,473,415,425,527,362,402,339,331,321,293,332,302,517,326,369,259,337,256,681,307,292,273,248,283,254,262,205,245,207,234,186,300,206,472,182,82,390,167,202,189,162,191,183,182,151,159,134,167,131,169,162,136,173,249,149,153,135,146,126,255,347,140,100,148,147,428,160,134,117,759,114,174,132,109,87,144,103,104,77,126,135,253,102,102,105,71,106,101,87,116,90,87,84,74,136,68,99
20230808,11781,6557,5200,6337,8396,5660,4784,4247,2736,2229,2154,2371,1336,2697,1700,1160,1246,1125,1086,1212,975,1187,915,1111,854,1424,619,688,650,669,3383,626,685,702,585,692,580,559,706,721,513,603,561,541,519,476,620,482,570,492,462,487,677,420,448,539,588,382,415,382,349,393,310,322,319,517,356,388,288,285,296,534,265,281,265,282,334,314,241,288,263,217,210,175,291,224,341,188,100,332,173,261,199,146,196,190,189,177,140,136,151,170,175,145,156,194,302,121,169,157,156,110,305,612,128,124,124,151,426,129,121,104,960,139,122,146,109,84,99,113,111,112,140,122,150,146,86,82,117,93,111,90,112,98,88,71,73,113,74,91
20230809,11453,6511,5299,6365,8058,5213,4812,4055,2733,2417,2112,2305,1363,2644,1674,1039,1145,1067,999,1122,1014,1112,947,1110,873,1474,635,696,706,661,2219,589,700,771,707,643,610,613,607,612,536,560,596,506,480,580,609,496,544,524,459,484,542,428,446,437,566,423,441,356,298,383,348,417,286,426,313,349,265,294,253,559,262,262,307,230,282,324,260,290,223,244,253,176,335,186,300,178,110,221,174,213,186,159,176,203,168,162,132,173,165,176,147,178,117,165,293,131,156,146,156,103,233,219,128,108,118,158,280,134,108,153,990,157,155,153,117,114,110,112,113,85,133,153,165,110,99,101,97,114,86,102,80,86,84,68,62,114,80,107
20230810,12211,6226,5035,6029,7925,5094,4989,4721,2806,2308,2244,2304,1396,2753,1487,1518,1210,1007,1151,1066,1048,1096,960,964,840,1564,578,743,664,580,2402,589,642,664,659,585,558,585,650,550,503,507,661,503,501,526,623,436,543,514,469,499,490,486,450,351,584,466,425,364,320,376,359,395,262,375,445,401,306,289,277,552,249,314,440,249,269,278,257,262,334,207,225,228,310,197,265,216,109,219,157,253,153,165,223,175,156,169,122,189,169,168,124,129,129,172,280,127,168,163,129,114,243,208,152,123,121,143,235,154,138,146,1029,98,128,135,136,111,139,109,99,74,126,133,129,84,95,106,85,124,98,92,102,91,86,81,71,95,63,112
20230811,11418,6071,3904,5231,6696,4794,4599,4387,2647,2091,1991,1999,1280,1789,1446,928,1110,1379,956,1040,825,976,818,1015,898,1341,553,650,605,573,1548,498,601,626,515,496,537,624,490,610,471,493,565,449,511,376,477,486,455,435,437,393,427,397,419,408,800,374,406,370,347,375,329,295,315,348,344,354,269,291,276,607,212,227,260,239,221,273,264,223,215,240,208,178,249,201,245,195,109,180,180,151,145,180,233,165,149,147,178,158,152,157,138,94,149,208,217,110,141,118,150,107,253,157,120,121,109,174,119,109,121,99,989,138,122,145,115,104,96,123,115,82,114,97,118,118,94,95,97,105,92,91,70,102,71,61,76,118,69,94
20230812,10898,5319,3270,4111,5861,4187,4107,3457,2236,1363,1601,1771,1163,1417,1141,883,664,1491,749,789,587,760,617,713,776,1239,495,512,509,459,2233,437,402,450,390,418,429,498,300,496,390,412,449,385,353,343,349,273,320,437,340,277,361,319,470,267,1094,312,240,247,270,320,280,256,244,285,256,343,224,235,225,633,178,166,194,191,184,172,174,134,131,158,191,108,197,138,129,150,68,143,129,91,145,108,124,122,104,140,133,131,111,88,104,56,139,81,226,100,102,61,122,148,191,140,86,117,87,96,44,72,123,47,479,65,90,124,94,80,74,71,82,87,87,68,106,73,46,74,76,111,89,76,71,55,61,48,59,99,58,69
20230813,10340,6201,3098,4463,5415,4092,3860,3339,2076,1279,1610,1710,1077,1577,1125,957,776,1104,778,777,643,743,586,641,780,1210,572,475,543,472,1710,415,392,463,354,432,439,420,329,543,351,373,451,337,376,297,348,275,365,409,387,252,284,374,381,230,687,319,253,268,201,260,284,252,219,256,227,277,184,233,223,509,170,198,218,186,224,200,152,139,108,148,188,128,158,171,163,177,71,152,112,129,145,124,115,81,118,145,152,85,121,87,109,68,156,88,229,135,73,74,120,136,196,111,117,119,111,99,37,74,111,45,452,60,92,100,72,78,74,76,81,56,90,60,98,68,51,73,80,90,77,54,81,66,61,63,73,110,60,39
20230814,11279,11233,3837,5230,6544,4949,4389,4072,2890,2010,1879,2187,1200,1707,1506,1073,1252,1173,935,1031,906,930,942,1095,840,1514,617,637,671,518,1143,500,594,602,587,567,574,697,639,517,505,529,558,510,450,430,485,459,492,527,400,402,385,366,425,437,1006,404,393,421,334,340,274,339,291,350,303,362,273,273,272,549,250,247,254,209,238,274,250,229,210,211,221,169,199,197,224,192,81,201,152,174,187,142,155,156,140,139,118,122,130,141,121,130,131,117,219,151,160,114,151,138,207,152,120,145,165,165,256,161,122,140,436,127,136,134,107,147,117,97,88,78,138,123,154,110,69,93,97,86,104,84,104,89,74,66,87,111,50,103
20230815,11014,11332,3699,5040,6472,4819,4241,4361,2855,1853,1850,2221,1173,1696,1627,1202,1158,946,1075,1108,999,1012,914,921,872,1534,526,611,686,647,981,559,553,686,543,614,579,564,610,617,534,542,543,506,479,432,491,439,466,501,374,386,470,423,387,467,1456,427,399,425,311,402,373,343,328,336,431,304,304,287,239,598,208,263,274,217,274,257,257,172,245,228,218,222,281,165,209,206,86,217,173,203,184,137,192,164,180,144,177,142,177,159,145,111,142,147,228,136,169,146,121,164,230,145,133,141,113,129,348,148,127,156,367,113,130,108,126,147,122,113,116,84,165,124,135,110,84,128,87,100,90,90,77,94,91,65,80,127,72,115
20230816,11775,12576,4467,5781,6895,5132,4486,4722,2831,2151,1960,2191,1303,1830,1671,1170,1278,1001,1076,1143,1054,1104,1014,979,871,1411,550,668,579,646,911,536,621,707,621,602,598,639,628,640,559,585,492,458,487,462,572,512,493,511,365,466,558,528,414,438,1518,419,367,354,328,440,379,296,294,385,401,357,336,264,237,628,257,205,314,258,245,263,276,404,242,248,208,206,242,177,230,208,120,217,224,182,146,148,218,183,156,130,131,178,158,137,148,147,128,187,245,126,200,155,139,178,267,170,122,143,122,108,277,159,126,112,450,134,150,103,121,139,112,160,113,69,115,171,117,103,76,124,96,94,89,119,79,75,86,72,46,113,54,75
20230817,11050,11945,4478,5796,7223,5184,4784,4519,2736,2363,2121,2427,1481,1766,1683,1235,1247,1001,1020,1159,1019,1083,938,1040,890,1379,510,724,615,656,869,593,654,625,640,625,675,681,684,637,625,520,496,516,481,501,627,533,529,512,369,482,592,444,419,378,1717,401,379,425,301,486,1070,302,322,369,346,294,339,272,237,627,281,241,305,267,302,282,258,414,236,215,252,217,265,175,206,230,95,226,218,206,170,153,234,184,196,174,116,135,162,174,142,170,157,248,255,153,195,175,150,204,229,156,101,137,123,129,215,144,135,147,645,138,143,133,136,125,185,98,108,80,147,148,129,109,94,96,109,110,112,99,104,90,67,104,80,167,62,87
20230818,12852,8265,4122,4749,6289,4848,4672,4344,2614,2153,1969,2179,1421,1718,1561,1138,1141,982,1008,1073,913,960,835,939,884,1432,544,597,667,587,841,533,630,664,517,524,640,570,557,624,523,591,522,536,466,415,497,447,409,474,297,401,709,375,399,420,1147,386,392,359,337,344,843,317,294,648,355,308,337,313,266,650,258,275,305,237,299,280,238,262,215,212,234,170,198,166,200,236,88,181,168,198,176,147,177,141,154,166,131,181,152,141,112,125,123,199,292,132,142,150,166,178,242,115,120,124,130,114,138,131,134,121,1041,126,138,133,110,118,124,81,82,62,132,107,96,105,68,102,70,105,103,74,90,89,90,78,76,161,64,82
20230819,11673,6075,3265,4070,5678,4263,4113,3379,2184,1530,1601,1796,1033,1366,1239,939,732,809,765,783,596,921,594,653,760,1211,481,514,536,477,667,399,470,456,402,437,460,451,294,524,459,430,440,397,403,386,421,300,378,328,321,263,606,452,346,260,506,344,248,250,219,443,353,253,250,468,376,273,263,256,201,540,205,175,179,187,249,190,158,158,117,179,185,135,169,142,163,253,69,144,171,113,163,128,109,126,116,129,140,152,124,84,132,86,103,86,194,102,121,74,102,172,209,114,98,95,106,105,39,123,109,61,804,63,116,88,77,82,75,112,85,59,81,85,128,68,63,77,79,94,77,71,84,77,70,51,78,102,68,35
20230820,11837,5381,3171,4268,5534,4414,4442,3237,2201,1483,1564,1934,977,1196,1193,936,749,750,797,778,639,886,625,581,777,1178,504,454,548,494,660,433,477,489,352,533,475,449,307,444,410,395,447,349,391,368,409,308,306,356,289,267,640,443,300,293,488,367,232,258,233,463,319,281,224,398,321,266,306,244,220,531,252,177,966,182,193,217,173,149,133,135,192,161,218,144,125,202,90,135,175,108,169,113,102,110,132,114,103,380,125,91,123,89,115,94,280,90,87,97,242,193,201,398,91,105,95,136,38,91,100,88,794,70,104,108,72,90,91,87,75,73,89,79,99,95,69,78,68,107,75,82,64,51,64,66,64,89,69,56
20230821,13241,7994,5310,5493,6862,5136,5023,4563,2779,2382,1994,2366,1221,1750,1634,1227,1265,1039,1144,1116,950,1144,989,997,914,1430,612,657,614,660,785,577,668,707,543,647,670,631,619,689,591,563,561,471,523,527,602,444,507,535,375,568,630,486,481,419,583,430,429,336,294,416,367,367,325,379,309,324,327,280,296,581,311,277,1472,232,337,288,296,243,231,232,256,225,276,166,225,216,95,168,232,233,220,172,196,163,192,174,127,519,147,162,138,170,175,137,269,160,170,145,138,195,239,316,125,124,136,121,221,124,99,155,876,108,141,169,107,126,137,123,107,129,122,161,131,124,102,99,93,123,85,91,128,88,95,90,96,98,56,120
20230822,13639,10047,4700,5800,7059,5138,5261,4795,2901,2476,2365,2520,1331,1748,1629,1221,1447,955,1154,1121,1056,1034,1088,998,1005,1514,636,675,594,720,829,657,687,773,609,692,653,562,740,784,593,538,607,556,572,599,566,537,504,487,378,557,619,528,478,427,766,479,435,356,301,441,386,332,369,379,388,331,378,298,344,573,350,268,846,260,286,288,292,239,215,249,275,271,228,182,238,194,105,225,187,231,192,210,208,220,206,167,170,884,161,162,173,213,129,174,249,141,174,180,168,219,288,226,124,144,166,133,278,140,133,178,754,148,136,158,140,145,152,117,104,104,119,140,126,117,101,98,109,118,136,121,100,102,90,96,92,99,66,115
20230823,12839,10402,4464,5744,6987,4967,5249,4488,2935,2340,2282,2473,1476,1938,1713,1130,1405,977,1160,1132,1865,1093,1041,1035,924,1598,585,650,679,663,753,694,653,690,661,711,643,596,663,778,561,544,567,541,540,495,587,525,596,529,406,530,575,467,489,426,654,425,380,382,362,479,378,401,348,341,373,339,326,311,283,585,365,250,509,242,284,448,340,288,239,237,240,291,241,167,259,164,109,178,220,240,188,190,239,226,222,183,131,242,169,163,175,190,129,141,216,177,165,168,139,208,208,211,145,146,131,129,391,147,334,143,888,158,140,138,135,123,86,129,123,103,161,133,90,107,128,89,97,106,153,121,94,113,97,80,73,93,90,123
20230824,12369,8066,4460,5483,6494,4682,5167,4137,2858,2423,2210,2455,1466,1822,1722,1188,1386,972,1227,1117,1678,1151,1042,972,944,1476,575,676,658,748,770,666,688,794,647,706,684,590,697,839,555,581,605,490,603,484,577,484,526,462,484,493,537,427,464,424,626,418,443,421,351,425,423,346,342,377,298,302,335,252,300,574,315,284,407,182,317,291,293,279,305,235,267,334,227,193,266,200,113,225,236,265,149,158,253,220,161,270,135,193,193,169,145,167,144,163,257,165,167,162,127,184,260,168,120,166,154,119,358,138,123,159,775,131,129,161,117,99,136,119,106,91,110,164,100,130,101,107,108,106,127,102,94,84,92,89,70,93,57,140
20230825,11393,7802,3915,4589,5530,4174,5027,4159,2552,2030,1992,2257,1392,1586,1504,984,1204,840,1031,1030,1124,1127,970,1065,843,1220,582,674,610,600,787,578,604,632,518,603,604,551,581,691,512,574,547,545,598,548,505,428,510,496,418,404,522,426,459,454,741,410,378,462,590,466,354,314,293,356,326,360,332,360,253,658,293,247,598,251,292,301,265,225,222,222,228,192,198,163,211,170,105,199,168,216,205,191,219,178,139,169,164,176,158,131,189,128,127,167,258,136,117,146,157,159,239,146,133,143,136,120,316,132,121,137,642,130,120,99,118,120,109,134,111,89,130,154,122,108,112,80,101,117,117,105,113,83,88,74,70,102,94,86
20230826,10735,6231,3297,3757,4678,3467,4526,3489,2001,1420,2033,1901,1165,9219,1079,838,753,807,801,762,717,931,705,604,812,949,521,514,447,513,562,486,440,450,371,421,400,463,341,500,379,384,453,320,429,354,359,253,341,314,330,245,443,333,332,239,380,298,197,264,333,353,296,236,238,318,218,277,235,257,196,647,173,225,347,194,201,202,206,126,116,182,197,184,189,113,143,177,76,125,161,115,148,119,122,125,106,118,164,153,141,92,137,104,113,98,228,104,93,69,116,106,259,114,102,104,106,86,54,119,71,80,714,49,94,84,102,87,76,88,76,65,107,76,95,80,75,51,83,99,92,92,73,63,81,53,58,91,59,39
20230827,10608,5983,3206,3889,5475,3679,4309,3158,2127,1352,1862,1956,1090,1242,1223,885,802,715,774,710,695,889,777,640,828,1012,599,517,473,499,616,571,465,456,402,457,432,456,332,547,382,391,495,580,437,336,365,279,381,358,301,277,407,505,328,248,647,329,210,224,435,316,281,289,216,338,239,217,251,275,229,599,198,176,303,179,217,171,157,152,115,159,206,171,171,124,130,174,75,124,195,143,142,123,127,113,126,133,170,176,142,89,137,82,131,70,257,123,82,62,133,144,250,128,119,122,106,110,37,88,87,63,681,84,109,88,80,102,77,84,113,63,111,110,100,114,52,72,73,116,85,81,72,80,75,56,83,93,61,44
20230828,11808,7782,4233,4927,5806,4409,4966,3895,2999,2043,2399,2386,1460,1672,1691,1075,1309,917,1486,1113,1103,1260,1047,944,1022,1337,594,732,680,637,766,868,655,673,610,675,611,630,712,741,662,582,603,589,680,494,574,509,486,480,397,449,492,647,464,465,563,407,319,376,435,491,363,333,300,412,291,298,287,295,300,689,245,253,334,266,315,385,239,244,240,236,280,259,195,167,236,302,102,195,262,195,179,202,321,193,179,171,146,229,169,165,174,158,127,188,272,122,155,148,220,159,265,164,137,193,159,117,226,147,135,155,609,139,119,129,112,127,144,112,133,87,122,144,99,119,82,101,111,137,132,100,108,77,87,97,76,83,75,114
20230829,12255,10622,4615,5151,6404,4621,5079,4004,2849,2500,2530,2386,1441,1707,1641,1216,1378,1358,1461,1101,1177,1137,1077,1581,987,1543,565,744,625,785,960,708,686,749,615,676,651,605,698,720,600,606,634,673,672,547,617,491,486,505,356,541,499,472,483,408,525,476,402,455,895,504,415,364,346,398,360,504,332,286,253,664,255,256,350,372,331,300,328,267,279,280,299,334,187,180,268,231,127,214,215,211,211,264,261,251,195,217,150,400,179,163,156,184,122,180,221,164,160,166,141,219,270,192,161,160,278,129,382,176,141,156,615,157,120,168,140,122,139,98,125,105,132,137,122,126,89,116,112,111,162,123,122,88,110,90,70,122,87,111
20230830,12309,8108,4081,4739,5730,4435,5030,4244,2903,2342,2398,2443,1430,1660,1702,1068,1672,1869,1222,1011,1126,1116,1109,1025,956,1520,602,760,625,593,764,678,614,721,673,684,601,615,634,683,814,579,617,572,597,493,505,476,598,505,378,510,491,514,524,404,1021,434,390,451,555,444,370,348,280,376,483,328,325,295,291,578,337,282,387,296,313,323,450,260,242,259,302,249,210,171,195,262,125,193,208,218,248,184,244,200,208,187,154,227,175,155,165,195,143,176,235,176,155,183,153,196,253,215,132,153,203,137,111,171,154,165,594,195,160,160,127,128,145,135,132,101,164,153,137,100,100,116,102,148,128,119,109,98,87,79,74,91,89,120
20230831,12410,8518,4299,5270,6159,4916,5105,3766,2970,2177,2400,2302,1521,1713,1756,1066,1705,1412,1156,1088,1141,1139,1021,1043,955,1481,539,703,642,662,705,715,654,726,656,672,642,558,665,770,595,591,555,591,579,493,564,474,430,490,318,475,529,465,494,403,1022,403,382,435,383,387,377,323,314,434,340,355,301,283,346,645,259,275,335,278,285,302,375,222,244,255,274,226,215,163,231,206,219,174,183,268,185,180,263,209,207,163,121,218,156,162,169,160,168,172,217,148,147,133,165,192,250,156,133,173,193,107,253,159,134,168,425,155,133,130,152,126,124,103,112,113,135,166,93,130,98,101,94,102,111,96,90,85,94,89,85,83,66,87
20230901,12325,7530,3982,5015,5717,4754,4638,3553,2649,2042,2129,2104,1388,1662,1674,955,1273,1725,1096,1009,975,1036,886,1020,825,1485,617,692,588,688,763,689,506,674,536,609,587,567,629,614,541,527,463,485,580,477,505,463,391,432,358,426,424,395,490,427,504,379,370,391,350,364,325,270,303,355,285,282,289,279,276,641,235,303,302,290,240,308,295,218,192,213,234,236,202,179,192,166,607,189,156,228,187,154,206,167,158,154,143,166,146,138,144,148,148,190,206,115,137,150,151,178,227,160,115,147,168,110,122,117,124,120,299,111,135,103,126,116,107,117,81,77,130,119,102,99,115,96,116,101,125,79,112,82,86,51,95,82,64,104
20230902,12167,6637,3219,3735,4622,4048,4074,3170,2081,1277,1628,1809,1196,1304,1214,1038,1088,1411,793,731,807,750,789,656,718,1094,472,494,501,521,571,475,397,437,389,447,446,393,339,458,466,338,422,332,420,296,429,258,315,378,250,244,303,334,313,271,457,253,224,260,244,260,293,229,204,256,224,230,251,286,212,516,213,187,186,186,200,226,188,218,106,157,222,167,145,145,166,143,334,138,139,107,131,99,146,113,92,135,129,129,101,95,97,96,122,77,211,105,72,89,110,128,166,135,91,111,146,88,47,72,115,64,496,74,85,79,90,78,61,95,94,78,98,74,93,69,63,84,84,101,95,59,75,66,61,74,61,75,61,46
20230903,12008,6902,3490,3784,4689,4101,3804,2882,2087,1442,1702,1874,1272,1317,1256,936,1140,1330,820,758,649,755,724,650,712,1129,480,504,528,489,539,429,369,479,373,456,449,425,317,445,431,392,466,370,401,316,376,259,309,413,312,287,406,358,506,281,783,308,203,232,257,264,261,250,228,339,231,260,251,231,240,608,198,220,199,200,212,213,174,154,133,195,190,210,132,150,122,151,346,136,206,135,166,94,125,133,101,118,178,92,121,80,100,111,142,76,245,118,71,82,90,153,201,110,117,100,146,71,39,212,105,68,447,57,83,104,70,74,73,111,84,70,97,83,99,86,54,73,91,89,74,55,84,52,75,50,53,58,70,31
20230904,12776,8947,4582,5062,5968,4939,4273,3451,2813,2116,2262,2360,1581,1716,1687,1159,1677,1306,998,1043,931,1040,1097,880,936,1543,539,630,601,800,696,586,621,645,751,533,535,580,661,749,584,493,526,488,553,477,557,493,407,484,518,470,451,445,398,386,930,361,402,345,353,359,307,297,296,366,296,347,250,338,254,664,308,288,280,279,283,284,302,270,197,208,250,295,209,174,273,152,314,201,220,203,199,180,212,179,157,159,154,137,162,149,136,137,121,130,254,144,125,124,159,155,239,120,125,137,145,122,113,155,151,115,641,114,101,137,120,109,128,118,97,99,130,137,129,125,102,107,120,132,104,87,93,100,84,75,90,68,85,94
20230905,13469,8324,4625,5925,6991,5375,4632,3876,3106,2566,2541,2702,1923,1813,1845,990,1361,1375,1167,1115,1264,1176,1227,1072,993,1665,633,697,638,883,741,695,674,799,682,646,674,602,862,893,785,630,683,552,610,582,672,559,533,554,518,497,497,565,580,510,646,413,423,394,358,427,415,348,319,409,321,364,365,321,283,366,418,327,346,253,330,333,350,275,309,263,267,230,209,206,247,205,342,224,226,226,278,177,225,212,172,198,175,166,165,170,131,160,212,154,257,172,139,150,182,204,308,160,153,186,198,135,232,151,175,127,636,153,144,117,123,147,158,142,136,92,133,175,112,122,106,119,106,110,113,114,115,99,95,72,74,68,66,101
20230906,13400,8126,4680,6237,7358,5781,4597,3895,2949,2480,2437,2489,1702,1873,1985,1113,1437,1329,1224,1262,1224,1276,1134,1096,924,1665,651,925,706,861,780,922,666,743,596,660,645,600,749,844,778,603,590,938,647,592,616,626,509,536,404,565,444,553,540,428,538,378,366,449,475,451,645,320,302,425,293,360,349,273,267,403,392,308,296,296,282,307,346,262,262,240,245,279,184,203,187,198,304,205,229,259,226,165,245,235,195,175,155,235,200,186,187,174,124,156,235,142,185,188,202,176,327,166,145,193,152,130,192,137,181,155,682,155,165,148,109,173,164,122,124,111,117,146,129,115,103,104,107,130,98,106,79,120,91,67,82,101,86,108
20230907,12659,8608,4535,6293,7110,5607,4644,4036,3052,2314,2625,2725,1873,1921,1928,1156,1318,1607,1239,1623,1228,1238,1123,1077,964,1716,635,822,656,868,762,861,804,706,708,722,651,626,873,862,665,632,610,937,640,611,543,561,483,567,472,535,535,540,506,489,615,385,422,430,412,442,442,356,322,447,291,364,374,264,288,555,395,275,329,301,244,374,283,276,306,257,260,295,207,164,224,186,288,202,338,280,209,187,257,217,195,186,141,182,209,193,156,246,158,188,244,161,161,307,208,186,311,158,166,170,159,145,247,202,175,181,554,160,126,174,121,146,117,158,122,100,123,162,130,124,92,120,141,93,135,95,140,94,93,93,109,92,92,105
20230908,12062,7740,4171,5771,7084,5295,4583,4129,3081,2301,2505,2400,2022,1712,1684,1057,1231,1609,1144,1724,1039,1248,1372,1159,883,1608,612,705,566,727,721,729,710,651,620,641,643,636,678,768,671,597,561,605,568,519,540,460,475,529,636,493,521,461,503,449,994,389,388,500,353,421,401,315,374,431,297,342,310,293,269,759,307,241,330,268,310,301,263,214,470,207,236,267,199,116,214,197,295,185,283,211,202,228,205,165,172,196,147,198,203,158,152,275,160,185,288,148,146,166,160,164,259,128,130,155,138,126,243,152,156,181,667,151,132,160,143,118,145,146,135,96,105,116,120,126,69,110,112,126,103,133,129,92,96,93,148,69,77,101
20230909,10552,7004,3325,4489,5765,4267,4235,3203,2408,1441,1839,1863,1212,1356,1232,839,885,1411,897,1226,768,963,876,652,734,1327,628,601,505,600,567,515,521,487,367,522,552,410,357,701,433,447,477,456,474,361,373,295,345,442,815,282,431,418,420,335,954,317,243,263,268,302,339,248,236,319,288,282,265,263,205,687,250,218,195,248,252,233,166,176,105,161,216,220,211,123,169,248,212,151,181,107,240,140,137,121,108,137,135,121,152,110,140,108,111,120,222,131,104,101,130,150,222,135,118,154,134,141,64,75,118,80,733,57,81,89,89,92,88,147,102,86,96,84,116,67,50,90,110,110,103,94,96,86,89,68,93,56,46,43
20230910,12497,7195,3186,4659,5730,4442,4127,3308,3156,1483,1856,2028,1011,1306,1372,940,761,1410,909,1054,653,899,815,714,790,1353,621,573,481,545,584,549,475,501,419,426,469,499,322,797,559,446,501,426,483,351,388,286,333,447,1218,310,391,323,344,307,593,348,290,266,271,287,273,219,243,286,238,343,283,229,179,783,241,215,219,236,242,190,185,178,152,133,198,278,189,134,136,175,214,152,184,127,181,130,105,130,92,125,115,146,144,96,105,90,131,70,242,128,102,101,108,167,190,114,131,111,110,110,44,81,91,76,731,55,107,103,90,107,90,127,119,75,96,68,108,88,59,71,97,117,92,82,75,103,84,62,66,59,79,42
20230911,13332,8497,4837,6311,7652,5489,4807,4163,3005,2354,2549,2490,1459,1868,1960,1098,1405,1838,1129,1319,1152,1248,1141,1051,962,1598,627,847,629,838,690,842,709,741,559,652,580,579,762,826,748,697,625,604,636,632,610,531,569,610,2007,500,551,544,494,400,690,376,466,380,396,431,396,323,439,373,323,306,348,314,245,696,404,277,272,266,314,441,464,285,278,294,271,283,280,132,248,202,251,223,234,221,214,192,222,226,215,208,153,177,185,174,121,191,145,179,246,135,152,170,142,198,284,158,168,196,148,147,310,154,151,131,701,151,131,148,128,127,129,132,131,93,135,170,119,95,116,96,100,110,139,114,96,94,78,67,85,73,90,118
20230912,12390,8435,5208,6575,8527,5605,4620,4162,2956,2307,2576,2626,1593,1906,1987,1083,1451,1726,1194,1297,1243,1264,1321,1083,1025,1622,3951,822,671,847,967,759,693,638,596,604,607,647,835,980,644,704,593,693,658,749,758,553,520,577,1469,577,543,513,485,462,1138,373,444,395,362,476,379,334,486,441,334,318,360,264,267,594,366,284,335,283,299,335,312,254,302,307,293,343,218,159,243,234,195,230,224,244,215,252,254,282,369,167,145,205,193,236,151,186,160,180,303,157,156,205,179,160,282,154,148,161,160,117,357,145,161,129,689,169,175,145,134,158,164,123,132,110,129,162,162,107,119,89,118,110,120,125,110,111,78,80,91,81,86,120
20230913,9149,7102,4810,4095,3852,3684,4598,3361,2477,2614,2524,2770,1834,1624,2021,1139,1377,1709,1229,1009,1277,1232,1276,1046,1017,928,14285,765,572,908,857,711,718,605,681,671,668,656,847,940,608,715,647,615,631,570,671,559,499,555,1171,572,601,564,533,515,1015,439,463,441,360,511,373,408,383,395,324,374,388,306,257,692,406,302,339,292,309,345,315,274,258,262,286,239,260,202,249,178,174,193,220,201,214,217,264,238,244,174,130,248,183,176,137,208,156,219,242,170,175,200,128,115,299,146,142,188,156,139,215,183,163,136,583,140,149,168,160,148,140,124,128,132,132,163,190,135,121,103,113,100,181,226,124,110,92,98,79,72,95,105
20230914,9124,6854,4374,3813,3672,3421,4602,3200,2570,2390,2471,2669,1848,1586,2084,1004,1402,1663,1183,1016,1114,1232,1288,1014,1000,1045,13604,860,787,916,753,781,733,597,582,627,651,590,875,887,669,744,624,547,614,573,656,565,513,502,949,563,467,492,466,477,987,415,404,487,333,458,405,328,338,379,319,359,420,288,242,683,364,288,295,273,345,344,254,248,284,276,304,286,238,147,225,176,159,153,243,232,189,214,240,267,219,149,152,217,184,181,180,181,167,187,247,157,184,171,145,148,231,120,135,185,143,117,263,166,156,157,572,168,152,128,118,144,131,124,106,99,150,158,255,113,104,155,111,84,110,158,95,138,83,94,111,104,80,107
20230915,8806,6393,4165,3683,3337,3100,4474,3222,2332,2127,2289,2233,1784,1480,1799,1150,1282,2574,1135,848,1165,1040,1099,933,864,870,9643,711,612,855,752,633,606,536,537,589,536,587,842,940,558,765,559,526,543,546,589,528,463,472,900,568,492,463,472,405,1111,482,377,520,351,410,392,322,319,341,325,418,381,309,272,760,300,228,294,271,233,363,259,206,205,239,262,260,205,169,217,188,183,162,216,214,190,194,264,185,168,175,168,229,164,150,140,158,162,248,226,154,166,168,141,104,264,142,125,141,145,130,223,173,141,160,557,162,126,111,125,139,125,116,135,126,111,170,163,92,98,129,102,112,138,102,127,91,86,75,74,82,72,113
20230916,8467,4787,3008,2728,2743,2560,4086,2620,1867,1428,1805,1807,1340,1024,1255,930,792,2142,846,561,681,796,724,578,655,724,7416,494,606,604,589,520,398,380,370,433,487,426,494,607,364,627,457,368,450,396,396,313,332,341,625,296,410,297,379,305,699,324,233,275,259,356,290,223,282,305,240,234,324,215,193,565,164,191,220,214,207,196,184,132,115,153,185,170,174,161,132,183,131,111,184,164,160,141,178,119,128,217,133,213,152,95,113,104,118,140,183,126,102,77,123,120,193,110,96,111,104,84,60,98,106,51,642,71,102,81,86,85,72,78,102,88,91,68,111,73,60,79,99,57,97,72,94,99,79,53,90,42,73,56
20230917,7913,4323,2788,2556,2333,2354,4147,2625,1619,1392,1777,1798,1176,1144,1164,998,714,1475,778,538,645,730,730,790,760,566,6815,524,578,575,527,479,406,419,319,441,492,413,730,612,421,597,501,380,449,336,417,303,275,447,535,268,422,336,384,286,741,366,194,256,230,342,276,232,303,345,230,235,258,260,200,345,186,177,211,206,215,182,167,147,144,162,248,193,202,161,161,149,133,109,221,112,149,139,110,113,111,152,126,151,144,92,87,74,106,156,197,143,104,75,145,124,206,114,102,135,118,79,37,115,104,109,692,77,89,82,86,83,81,78,98,69,119,97,127,83,63,80,87,93,103,53,93,107,77,73,72,81,55,40
20230918,8745,6165,4054,3767,3598,3067,4650,3202,2191,2128,2355,2641,1735,1518,1771,1122,1265,1761,1139,1308,1095,1158,1083,1077,945,874,7291,751,706,822,830,730,716,601,595,697,711,585,690,749,678,784,613,578,661,620,656,526,484,505,866,503,564,496,486,519,937,529,442,370,367,417,377,317,350,415,336,474,374,299,321,444,285,270,305,279,309,347,268,267,240,235,296,201,228,193,249,227,157,137,252,230,186,194,237,202,164,189,164,207,184,187,137,167,171,260,265,170,121,177,163,146,236,128,133,170,165,129,115,167,138,169,560,167,144,145,122,120,106,135,119,122,138,168,126,117,85,116,102,121,92,111,77,155,96,77,102,106,88,92
20230919,8652,6599,4194,4128,3589,3172,5270,3599,2273,2056,2459,2578,1940,1537,1800,1280,1334,1763,1250,920,1091,1125,1198,1114,846,866,6092,865,746,826,902,800,738,675,579,729,843,606,784,840,657,662,690,558,689,606,668,496,524,521,781,499,569,517,521,483,621,507,499,444,359,397,377,351,375,472,303,385,341,314,265,503,338,309,331,311,317,309,448,271,251,274,314,238,237,194,189,187,134,166,257,199,218,167,260,215,176,220,150,235,175,196,130,173,180,201,244,175,170,171,175,144,238,176,139,154,184,126,286,162,148,171,570,151,137,147,112,103,152,124,136,103,163,125,131,119,87,144,111,88,118,97,84,115,83,81,81,97,71,85
20230920,8949,6986,4403,4421,3585,3148,5242,3538,2336,2322,2509,2547,2176,1662,1763,1207,1682,1787,1364,901,1134,1125,1189,1194,911,944,7003,791,676,834,831,728,758,655,646,680,775,721,767,857,548,738,683,568,619,618,669,546,548,496,759,566,549,477,524,537,501,469,475,475,348,432,365,340,338,378,295,358,394,319,300,434,347,270,350,244,295,366,320,290,233,241,306,282,202,185,221,213,157,173,250,206,239,156,254,252,170,229,153,227,192,195,129,186,159,180,252,179,173,181,170,135,249,144,110,161,176,134,249,144,118,178,168,146,149,176,147,120,122,181,116,111,136,165,133,114,104,125,126,95,129,113,98,130,82,88,110,97,82,126
20230921,9132,6669,4440,11226,3872,11856,5324,4002,2461,2173,2890,2943,2464,1590,1814,1214,1449,1824,1485,965,1171,1228,1306,1366,1110,972,4478,888,766,973,783,852,799,624,670,727,710,617,644,980,616,760,784,660,664,678,616,615,479,591,648,563,547,591,555,419,513,584,472,467,390,537,376,380,307,487,382,356,374,395,240,518,436,257,336,307,363,321,302,246,273,232,409,325,244,193,252,198,160,157,264,223,298,200,254,240,169,240,256,270,172,151,184,200,133,243,300,239,169,212,167,210,266,135,127,224,215,137,237,179,137,153,161,154,117,151,107,157,118,132,116,169,134,137,158,118,113,159,90,137,120,117,114,134,131,112,92,94,78,110
20230922,8884,5854,3835,10194,3346,10343,5267,3949,2243,2090,2629,2651,2327,1409,1617,1189,1306,1629,1229,954,1080,1133,1216,1052,975,790,4099,862,596,879,741,823,715,606,634,746,713,613,648,807,604,674,692,557,614,607,589,565,391,628,715,459,518,513,491,477,506,534,417,414,325,452,342,309,314,445,379,276,384,331,257,431,416,292,285,268,330,382,260,248,275,202,353,300,262,145,220,165,186,165,212,200,249,193,212,203,216,198,135,226,160,126,132,196,156,170,283,192,159,157,162,130,284,107,113,212,183,140,191,109,115,149,178,173,119,131,108,154,125,162,121,164,144,130,166,125,66,138,76,112,105,94,102,95,145,141,82,126,67,120
20230923,7948,4598,2980,5557,2896,6030,4768,3136,1802,1349,1730,2083,1649,1158,1134,994,848,1235,1093,690,670,826,844,653,789,675,3488,550,467,695,570,703,490,385,400,462,452,463,336,612,450,491,542,415,487,420,387,347,357,432,552,299,377,349,394,340,400,407,261,263,248,304,289,243,244,372,276,222,272,257,195,397,228,189,222,334,259,247,142,143,2222,182,234,247,188,154,146,167,134,230,197,125,192,139,154,157,165,385,134,174,138,87,142,119,150,120,196,91,103,81,139,106,238,103,92,175,108,101,87,93,87,70,197,65,108,104,81,117,99,107,86,95,124,72,125,74,75,70,93,90,89,104,78,73,85,78,85,99,55,58
20230924,8032,4638,3037,6026,2473,6247,4775,3024,1679,1249,1748,1844,1490,1114,1199,1013,949,1117,923,616,740,853,801,741,784,605,2681,616,491,685,633,525,493,398,362,474,478,501,319,655,501,554,538,389,451,373,421,328,347,426,634,250,536,337,400,339,394,376,214,236,266,326,248,264,175,354,285,246,277,227,207,379,278,213,196,255,249,228,203,113,361,135,265,203,186,142,155,145,117,121,207,154,223,130,121,132,134,349,151,182,103,90,110,110,151,106,203,135,102,113,119,102,209,96,95,144,124,119,60,123,107,101,200,92,105,120,80,117,101,84,107,85,83,81,153,74,55,76,111,114,84,82,84,106,94,82,76,96,71,47
20230925,8662,6552,4597,9339,3371,9509,5418,3578,2580,2228,2489,2689,2033,1480,1757,1264,1415,1248,1213,911,1117,1130,1231,1052,894,822,2775,1228,664,881,785,677,726,603,603,674,651,584,739,919,593,772,658,645,643,570,572,572,740,565,735,454,673,525,507,471,488,458,453,404,426,475,376,352,298,462,365,347,375,306,303,385,331,300,447,292,319,252,336,239,244,225,315,300,239,153,251,214,176,178,299,264,271,212,270,200,170,234,163,229,166,208,170,205,191,195,202,194,145,149,185,141,246,150,118,222,158,124,319,158,128,153,210,132,131,141,126,166,115,122,131,140,145,138,152,135,73,130,158,141,116,98,131,91,86,97,73,130,74,92
20230926,8855,6578,4662,4694,3489,3614,5396,3469,2259,2244,2540,2563,2311,1804,1645,1298,1468,1423,1183,934,1078,1197,1223,1100,889,791,2206,1586,632,812,761,667,715,605,679,635,673,659,722,838,670,677,652,597,569,603,593,580,550,541,621,488,508,456,533,510,501,438,452,486,415,453,368,345,352,402,360,287,389,372,255,485,328,303,473,287,273,336,330,250,243,221,291,266,246,172,246,201,165,180,288,196,235,222,237,252,163,219,199,235,179,179,152,237,198,200,250,167,177,168,178,142,255,140,156,192,168,149,339,141,129,159,244,163,133,188,119,135,107,135,133,105,135,144,131,126,93,124,102,112,113,92,112,126,102,96,68,96,92,100
20230927,10748,6114,4671,9130,3324,9415,5497,3274,2212,2251,2515,2375,2299,1541,1624,1245,1452,1475,1261,908,1201,1213,1162,1182,1006,887,1882,1167,559,936,753,703,727,689,716,696,682,696,683,759,651,681,676,592,719,571,624,568,500,583,598,513,566,571,550,406,507,546,426,447,359,569,351,332,327,454,338,332,370,351,284,452,334,293,366,279,395,314,274,284,214,220,358,349,230,164,209,198,166,158,231,233,262,229,222,241,164,184,162,258,175,221,187,217,179,195,321,193,150,170,160,146,305,164,141,218,193,121,307,149,152,113,542,158,119,184,164,136,133,121,103,142,159,166,164,127,78,133,95,131,109,109,98,82,88,112,74,65,77,150
20230928,10335,6280,4213,11119,3306,11820,5169,3295,2116,2151,2291,2691,2239,1513,1666,1034,1400,2046,1311,808,1291,1171,1169,1060,1086,813,2026,1145,780,884,716,718,667,615,673,724,708,550,699,794,581,653,659,601,649,521,571,621,510,570,597,498,647,547,570,395,618,503,444,402,358,773,314,352,327,479,400,323,338,382,269,380,365,281,339,297,356,303,318,228,281,254,383,283,260,146,224,174,196,158,251,191,332,178,203,222,172,182,161,277,181,159,184,198,186,186,220,199,166,172,134,124,279,148,134,260,214,128,242,123,106,152,306,119,141,169,121,126,142,119,104,152,124,133,166,125,89,164,124,148,100,115,95,98,101,119,79,67,86,90
20230929,10545,5486,3812,11248,3177,12035,4544,2820,2018,1866,2177,2255,2146,1374,1579,996,1234,1310,1128,822,1156,1209,1092,986,983,795,1697,840,712,837,609,615,636,564,591,596,673,488,565,730,520,598,632,997,575,532,526,524,435,544,505,451,552,544,965,377,464,497,463,374,451,662,359,348,299,456,381,315,369,368,248,465,371,244,334,324,371,315,242,188,276,220,343,288,219,147,229,178,173,122,211,171,253,179,220,180,135,204,159,267,162,164,196,167,123,135,231,233,156,134,149,111,284,129,115,206,165,136,279,150,121,109,290,126,103,157,118,107,169,112,99,147,124,118,129,104,84,146,99,144,120,98,101,99,80,105,86,59,108,126
20230930,9560,4287,3173,6569,2876,6893,3205,1882,2130,1169,1581,1929,1524,1148,1038,848,773,1057,864,560,711,793,800,667,911,627,1893,587,521,638,545,424,408,387,425,489,501,421,343,521,370,473,482,417,496,358,336,356,333,412,413,277,437,397,540,282,584,529,287,300,309,459,278,233,239,326,286,245,299,278,192,380,186,182,197,224,245,178,176,110,114,147,226,183,208,126,158,136,110,84,165,102,231,114,141,132,125,269,142,175,142,299,129,101,107,120,225,151,78,84,114,109,202,141,97,180,134,112,108,77,71,54,269,85,96,77,83,94,129,92,84,97,103,73,103,62,54,77,81,109,80,66,69,84,70,62,56,68,82,65
20231001,9103,4173,2865,4922,9966,5256,3180,1816,2003,1250,1678,1955,1377,1095,1052,823,807,872,840,576,939,815,744,801,847,688,1655,564,569,608,463,478,449,413,407,492,494,457,372,523,437,438,478,365,455,323,407,315,368,374,404,308,466,347,435,327,354,482,283,275,278,448,261,227,224,329,257,260,263,265,189,408,227,221,205,209,242,219,171,141,108,158,220,285,234,140,180,151,158,110,185,85,182,137,135,130,130,113,142,184,143,142,124,92,156,114,221,128,81,74,128,109,277,128,112,152,136,106,89,111,72,49,351,74,95,129,91,81,96,68,86,93,94,73,132,68,47,114,77,96,90,68,67,73,99,77,65,57,67,63
20231002,10101,5823,3641,3315,3156,2845,3792,2488,2272,1937,2134,2145,1905,1416,1492,1151,1321,1272,1090,772,975,1070,1092,1009,915,753,1669,805,650,740,567,597,640,522,605,592,629,544,634,639,571,661,606,455,568,490,550,511,468,436,467,478,516,438,460,364,488,502,437,416,294,531,350,299,349,357,320,335,350,295,240,359,283,278,299,271,281,330,272,214,226,215,252,255,220,139,237,194,189,141,205,181,181,209,239,229,160,226,192,223,186,176,145,166,180,187,208,160,151,138,138,131,240,130,108,176,124,126,289,145,135,174,254,138,126,154,101,151,89,106,112,98,119,132,104,111,85,96,90,90,92,85,90,103,87,89,81,79,107,115
20231003,10193,6431,4293,3940,3542,3367,4060,2554,2064,2047,2375,2395,2145,1647,1568,1026,1429,1186,1132,853,1106,1099,1273,1254,1027,781,1557,789,713,747,645,634,672,557,625,624,712,614,702,742,623,624,586,531,652,654,616,509,492,470,451,581,662,483,553,415,495,470,469,346,320,571,357,369,354,367,323,295,379,299,268,520,300,272,296,266,271,289,313,259,293,274,292,269,178,159,241,159,178,142,206,210,229,178,275,253,203,265,233,187,194,194,153,167,149,230,236,144,126,140,157,137,255,141,137,138,163,133,326,134,145,167,258,168,148,187,138,139,142,84,98,92,115,156,119,120,74,126,135,109,115,126,111,102,82,79,87,97,73,117
20231004,10214,6447,4358,3837,3389,3173,4089,2514,2054,2368,2430,2576,2225,1668,1614,1202,1488,1192,1128,829,1028,1077,1397,1075,952,818,1608,774,701,792,610,654,612,638,678,641,640,573,758,743,643,573,600,598,572,600,607,506,486,505,499,550,697,467,632,465,487,498,516,454,448,543,422,325,377,366,310,325,382,328,260,503,346,295,439,277,280,299,323,325,257,264,255,230,196,161,256,212,173,183,199,198,186,191,277,232,194,196,184,267,171,150,147,160,133,185,196,187,165,163,166,139,331,217,175,141,120,146,302,180,139,195,322,136,136,199,114,112,128,97,126,102,168,184,108,128,107,98,91,92,127,86,148,104,98,80,66,82,100,113
20231005,10765,6071,4306,3919,3279,3067,4200,2778,2222,2285,2434,2359,2248,1537,1559,1257,1387,1151,1260,899,1174,1184,1193,1113,948,830,1419,799,680,775,663,689,590,575,643,723,641,592,722,703,647,676,633,553,609,628,607,520,497,524,493,569,623,444,501,467,598,496,506,458,378,456,397,315,365,408,322,341,357,378,319,565,291,250,331,244,269,318,303,256,262,220,242,236,196,145,267,211,200,170,209,213,214,203,248,217,189,205,171,231,165,181,171,197,170,193,216,176,157,167,164,136,244,365,164,141,142,150,357,162,122,187,279,146,104,204,150,139,118,95,139,95,131,152,106,112,94,114,106,101,108,97,135,111,97,80,82,79,120,102
20231006,10345,5604,3806,3453,3085,3070,4096,2749,2092,2015,2163,2200,1921,1365,1424,1023,1251,1227,1086,777,1088,1092,1048,970,933,725,1370,706,624,707,644,645,605,558,561,529,601,599,621,618,590,544,553,510,528,574,514,595,462,458,530,426,630,485,515,403,556,355,457,429,346,470,383,337,337,390,314,278,365,331,265,487,316,258,323,253,236,319,326,219,255,217,259,179,174,138,273,186,206,153,217,217,155,198,237,183,213,196,202,231,157,172,166,153,175,156,178,165,147,144,138,123,237,207,121,166,145,285,319,138,145,141,261,140,121,180,117,107,171,113,85,106,100,175,124,98,76,110,102,124,110,101,100,93,83,86,91,80,72,123
20231007,10014,4513,3126,2963,2510,2755,3365,2088,1510,1459,1725,1816,1536,984,1004,791,771,992,811,547,645,780,816,641,750,537,1193,519,563,505,466,436,318,331,358,445,457,385,323,532,487,413,407,345,520,335,342,296,339,351,476,246,554,324,391,301,562,328,255,297,222,406,298,233,266,321,226,256,299,267,217,514,186,168,222,236,223,221,175,159,135,181,186,199,276,115,193,152,130,162,176,106,160,152,162,120,141,444,160,126,141,105,88,76,133,81,158,116,100,66,110,92,201,164,104,101,102,208,76,86,93,67,278,64,74,158,102,72,106,91,84,64,103,79,92,95,59,70,85,102,97,63,96,81,97,49,76,93,88,61
20231008,10175,4094,2944,2832,2384,2698,3439,2088,1538,1436,1865,1760,1524,1005,991,813,796,950,717,479,583,805,804,720,804,501,1226,641,529,566,394,420,374,384,345,424,431,381,337,516,438,402,481,345,497,398,412,350,327,406,423,290,441,305,378,292,991,423,260,245,257,310,252,269,240,329,221,229,238,260,232,558,219,161,177,215,186,183,152,113,154,164,205,183,211,87,137,162,147,107,156,136,155,119,164,148,131,392,293,130,107,101,125,112,168,81,237,135,88,89,117,115,203,130,110,110,119,334,56,100,75,74,216,100,94,128,87,99,85,74,121,80,106,72,74,99,63,92,85,81,77,54,81,66,89,63,80,59,78,63
20231009,10818,5972,4285,10547,3232,11509,4101,2661,2079,2198,2232,2458,1876,1443,1490,1120,1371,1070,1040,729,1012,1202,1222,999,943,791,1286,817,871,1563,623,696,665,601,569,690,660,590,667,712,559,557,662,555,700,631,578,593,440,534,446,463,493,528,541,528,634,475,453,433,327,483,361,285,305,411,399,310,318,435,233,552,370,283,282,275,320,263,235,252,213,208,349,301,219,136,267,187,264,182,218,201,254,221,222,226,204,202,134,244,167,185,139,219,163,133,231,220,132,158,137,123,273,195,141,223,171,296,174,153,128,165,263,125,147,196,108,106,132,74,141,159,106,145,121,107,79,132,111,134,99,94,146,154,89,94,82,81,89,94
20231010,10030,6152,4192,4514,3415,4121,4133,2777,1957,2281,2446,2386,2097,1646,1615,1166,1465,1092,1322,775,1176,1206,1193,1023,964,758,1566,782,855,1166,641,1077,665,609,774,670,637,562,706,742,598,645,607,564,667,661,611,581,521,480,450,478,680,513,531,486,1154,513,593,489,322,481,376,377,365,420,329,303,361,335,250,479,378,287,337,270,265,271,282,285,246,269,283,256,215,165,275,236,248,151,242,244,287,184,248,208,209,206,156,180,206,180,157,192,178,164,251,187,132,165,139,119,264,169,148,173,146,225,529,166,127,163,237,168,125,238,120,136,115,94,113,104,157,149,96,115,94,110,118,93,114,150,146,136,87,120,95,91,89,106
20231011,10006,5965,4333,4460,3435,4080,4175,2671,2030,2306,2366,2479,2143,1602,1590,1199,1562,1213,1175,820,1218,1107,1298,1041,1008,816,1459,863,766,1031,683,775,652,586,774,602,669,624,772,663,595,601,618,517,645,602,618,534,533,439,442,570,758,519,528,384,539,484,576,597,347,473,428,308,503,486,338,324,369,363,217,446,389,304,309,285,247,320,281,333,306,291,275,240,206,166,293,283,215,189,224,239,213,170,261,197,226,220,169,214,200,195,159,182,162,151,208,190,163,140,193,139,224,213,124,192,157,210,328,192,122,189,273,172,147,198,130,131,139,99,119,127,156,155,119,109,101,126,162,113,104,193,128,111,90,79,95,95,108,122
20231012,10721,6002,4206,5867,3265,5531,3947,2942,2210,2311,2669,2401,2106,1627,1650,1303,1388,1165,1350,824,1202,1421,1163,1010,1050,845,1176,868,1336,900,676,684,642,625,724,640,704,626,738,766,604,645,708,519,645,645,582,569,473,805,478,522,754,530,514,448,558,542,529,3004,315,732,382,334,364,447,402,384,366,400,260,452,334,260,329,286,336,294,288,310,278,253,339,295,209,152,249,261,256,175,212,226,258,187,275,230,217,186,160,215,187,183,161,208,152,198,234,183,129,135,161,122,243,171,157,174,141,182,175,178,139,176,315,156,168,209,120,141,133,97,110,121,137,159,139,115,88,136,175,104,116,131,153,102,94,96,84,66,105,94
20231013,10017,5467,3578,3737,2903,2761,3858,2671,2136,2055,2676,2043,1943,1390,1427,1304,1261,1440,1089,744,1025,1162,1019,986,903,742,1086,715,720,768,661,631,593,581,635,589,609,676,624,685,525,502,580,508,624,513,505,458,490,782,428,504,564,486,505,407,445,365,475,687,306,509,404,307,354,384,317,259,391,333,237,468,267,278,283,240,254,261,265,272,328,259,237,180,197,174,235,215,482,163,223,216,171,160,220,202,184,189,162,176,156,176,123,202,166,148,186,152,137,156,139,100,222,155,129,142,144,154,124,147,111,147,273,131,121,169,152,116,111,113,98,91,126,137,112,131,75,129,128,79,109,116,115,86,91,79,75,105,90,101
20231014,8425,4380,2721,3154,2513,2782,3505,1895,1533,1432,1697,1685,1348,1012,1035,930,831,1036,851,502,819,855,735,691,673,580,1026,596,564,576,514,444,381,370,425,381,498,477,315,537,358,415,496,368,523,408,354,319,316,392,368,343,449,334,357,289,444,265,319,449,243,440,291,276,239,334,229,299,265,320,212,370,192,166,209,186,208,201,202,168,174,178,182,171,158,108,155,178,255,104,244,123,168,157,118,98,122,192,143,130,140,96,98,82,191,116,201,128,80,88,153,98,178,103,107,92,121,128,50,126,75,79,255,78,113,96,80,69,52,75,92,72,87,81,96,48,39,92,98,90,98,63,71,66,67,78,72,54,50,61
20231015,9734,4304,2626,2848,2429,2563,3411,2009,1652,1355,1804,1704,1252,1090,1152,864,826,926,1260,503,741,906,845,701,795,524,1096,577,536,623,516,441,337,348,376,407,449,445,412,515,385,405,510,360,458,399,404,310,355,359,374,352,428,359,506,256,384,389,286,386,248,373,310,245,204,309,240,266,280,270,215,334,235,197,233,205,230,163,188,145,201,165,201,207,170,158,157,174,271,110,282,119,161,162,125,130,110,143,159,133,113,115,104,120,141,97,203,135,106,108,123,118,194,126,119,116,102,146,68,84,106,82,254,59,97,109,110,92,81,94,85,79,102,90,104,85,80,97,99,92,75,81,85,83,68,57,71,86,69,43
20231016,10742,5965,4324,4761,3274,4159,4224,2781,2075,2322,2201,2410,1804,1463,1544,1176,1550,1135,1456,941,2768,1119,1239,986,917,726,1236,870,677,821,654,689,663,592,680,647,549,704,678,680,609,584,584,532,616,591,623,546,539,509,414,527,511,465,505,425,493,449,517,495,342,483,385,338,354,386,314,306,359,401,251,443,327,277,282,277,307,291,291,268,374,265,254,249,207,156,290,178,330,162,250,222,241,178,257,243,194,226,149,156,162,194,129,203,177,188,186,170,135,178,132,134,238,167,145,168,144,169,222,175,148,165,256,151,120,194,139,112,113,143,123,96,146,160,135,107,95,123,132,109,119,106,110,101,133,76,74,73,81,125
20231017,11036,6183,4215,3917,3572,3585,4265,2707,2126,2239,2214,2372,2133,1523,1591,1131,1445,1354,1263,884,1598,1137,1229,931,977,798,1229,773,803,828,653,677,623,566,673,626,637,660,669,691,547,556,625,598,682,667,602,567,523,547,427,465,521,491,534,429,505,431,553,518,362,539,351,374,316,389,303,320,371,371,248,490,314,320,347,260,297,339,329,302,315,288,262,238,176,174,314,159,316,162,207,233,192,205,212,197,194,186,185,194,169,178,155,217,214,210,232,186,182,169,173,143,232,175,132,176,162,185,347,146,127,185,239,120,128,235,141,104,111,116,127,108,135,141,106,112,87,122,125,106,110,124,139,87,167,81,84,98,86,136
20231018,11141,5954,4081,3497,3273,3223,4039,2655,2206,2407,2177,2279,1991,1670,1554,1149,1592,1247,1213,847,1284,1103,1308,961,973,813,1379,729,725,766,756,657,616,576,607,624,649,637,672,732,560,564,608,631,638,591,634,537,523,434,514,543,527,468,494,346,480,463,539,447,334,445,351,385,359,418,330,330,315,367,272,437,329,315,347,289,302,312,288,246,287,289,262,257,189,197,294,181,291,194,253,252,173,171,333,230,206,216,193,172,196,192,736,212,170,203,212,163,186,212,192,129,243,167,164,160,149,203,471,160,116,204,222,153,156,221,119,104,138,112,117,111,153,139,86,122,76,109,128,93,111,121,139,107,109,73,89,116,96,103
20231019,9905,5911,4026,3552,3128,3120,4155,2688,2169,2266,2256,2380,2060,1554,1629,971,1446,1212,1229,911,1618,1521,1233,1013,1028,730,1210,739,1085,815,728,702,635,610,647,630,632,693,571,645,779,560,626,528,616,510,622,565,498,510,495,511,538,484,614,447,451,413,550,479,326,501,390,378,323,395,341,305,386,383,279,446,323,268,309,245,334,308,292,231,253,314,274,356,218,153,277,213,320,189,286,234,175,188,300,219,209,205,184,236,158,210,867,211,138,224,211,157,138,162,185,159,208,139,128,137,152,165,384,144,151,167,231,141,109,234,125,158,159,99,129,114,133,169,111,113,71,113,129,103,106,108,159,101,128,81,82,84,76,87
20231020,8512,5039,3888,3462,2882,2969,3811,2339,2019,1958,1926,2116,1853,3756,1554,1051,1330,1218,1153,834,1132,1077,993,944,856,743,1019,736,826,761,619,567,596,506,558,566,615,643,586,575,605,493,524,539,565,496,527,518,499,559,508,472,506,422,518,366,404,372,477,513,315,560,382,317,306,388,260,276,386,517,230,473,309,263,299,262,244,285,307,250,210,249,227,239,222,223,244,178,205,153,220,203,158,187,214,231,154,234,186,218,167,166,634,154,159,168,161,162,150,158,171,126,193,161,112,129,136,190,393,138,132,149,277,141,138,198,113,127,133,102,109,126,123,127,102,123,89,89,135,78,89,105,103,119,108,75,68,107,78,107
20231021,8351,4114,2906,2984,2343,2639,3730,1894,1530,1237,1797,1737,1349,1132,1152,971,828,1017,872,580,755,821,728,724,699,586,996,572,666,583,678,422,370,342,342,433,445,472,312,567,493,378,440,370,505,380,413,295,371,352,390,219,384,332,375,261,344,274,276,325,248,336,290,271,221,308,226,259,487,408,186,381,336,203,204,202,231,198,191,149,161,181,206,194,180,133,205,142,184,144,180,95,145,146,121,138,127,457,142,129,142,126,231,113,123,112,175,110,91,70,160,96,173,114,91,105,889,154,48,79,107,80,247,60,91,115,73,87,82,82,95,65,145,85,101,78,91,85,80,95,64,65,89,89,82,71,91,78,47,52
20231022,8152,3994,2896,2833,2419,2504,3474,1904,1479,1194,1729,1771,1217,1291,1029,947,817,930,843,547,758,890,757,699,748,575,1031,581,524,618,520,458,391,318,377,435,397,467,319,457,420,401,484,378,428,394,385,353,337,322,396,335,345,343,361,254,367,336,290,395,245,312,261,227,221,275,223,223,403,382,193,391,198,186,218,221,211,196,168,148,160,154,286,162,173,106,146,157,170,109,189,119,144,137,130,169,233,237,175,158,163,120,185,75,122,74,162,106,100,63,141,110,150,103,111,136,137,201,87,92,85,104,229,81,96,129,82,99,82,89,95,103,133,80,103,70,44,99,69,78,95,78,84,102,99,51,67,86,109,50
20231023,10365,5168,3756,3595,3004,3494,3830,2333,2139,2034,2045,2408,1832,1517,1493,1232,1494,1218,1227,777,1107,949,1139,1029,997,697,1116,709,704,797,588,637,568,540,552,616,619,681,559,700,644,515,553,511,593,543,530,569,528,401,379,477,523,460,475,539,438,378,486,572,368,501,362,347,336,405,294,283,354,399,234,505,353,258,295,267,294,347,284,250,279,271,300,292,195,156,260,166,246,156,216,199,194,206,176,192,239,314,193,182,252,190,207,184,164,179,179,139,138,139,172,114,250,136,146,160,174,171,347,137,96,162,237,143,127,220,97,124,135,90,121,113,161,140,125,128,102,117,109,106,106,104,123,107,100,81,101,116,93,89
20231024,10603,5454,3671,3225,2993,3167,3686,2310,2117,2020,2188,2246,1779,1547,1580,1417,1362,1214,1394,809,1139,1190,1129,1060,873,878,995,781,669,879,968,701,616,554,663,574,572,683,694,741,714,555,590,543,618,590,520,696,576,450,442,499,475,474,490,486,414,483,538,591,372,496,353,338,320,439,353,327,405,356,259,591,313,296,311,292,254,334,308,222,253,274,273,205,242,172,268,219,255,179,237,229,183,186,234,221,211,248,204,199,168,163,169,178,169,191,180,176,174,197,160,155,510,179,131,155,164,185,255,166,150,215,239,226,154,208,143,122,116,103,133,95,161,155,109,125,97,102,121,82,102,102,107,113,136,86,110,106,116,78
20231025,11168,5680,4381,3464,3360,3186,4232,2565,2173,1953,2289,2498,1850,1641,1604,1276,1494,1260,1269,970,1118,1046,1132,1036,942,821,988,790,657,819,711,725,657,636,627,641,676,644,686,687,703,537,599,615,644,611,555,528,515,478,432,509,508,471,549,493,485,453,524,550,383,414,387,347,315,392,327,367,375,380,251,403,303,275,315,271,310,366,310,284,277,303,223,209,216,177,327,221,597,201,210,224,198,186,252,241,179,225,339,204,182,164,152,194,169,202,170,157,156,156,192,116,219,150,145,153,182,167,316,164,132,189,294,159,146,173,124,154,117,100,107,105,149,182,98,134,91,116,144,118,121,122,109,110,120,73,111,82,92,127
20231026,11149,5701,3983,3521,3391,3344,4068,2582,2261,2038,2333,2318,1990,1590,1548,1202,1376,1339,1270,899,3192,1097,1107,1023,979,744,899,711,674,843,710,677,626,625,590,645,705,574,692,624,694,565,533,516,593,580,521,589,539,478,632,500,526,488,464,440,471,526,538,596,321,399,439,341,336,400,312,351,377,357,283,304,329,250,302,286,305,384,262,320,239,365,266,216,246,136,256,199,500,188,249,223,170,187,292,228,192,206,249,228,169,169,141,179,177,279,206,146,170,161,155,132,213,146,148,172,159,162,387,164,116,156,230,166,119,171,130,167,111,101,122,88,108,176,92,114,127,120,90,84,110,109,120,122,98,105,92,77,95,92
20231027,10910,5463,3704,3299,3267,2944,4160,2412,2058,1787,2116,2169,1630,1684,1471,973,1168,1417,1099,880,1691,994,1039,860,811,738,862,646,691,749,546,630,551,502,675,574,644,629,534,654,636,529,582,502,554,592,510,487,472,439,492,507,543,421,505,345,381,453,432,539,334,440,389,360,319,333,277,373,297,324,258,351,334,231,279,287,286,321,272,333,268,266,243,215,265,173,278,196,468,167,205,213,146,171,198,202,219,196,188,193,172,186,136,215,188,184,182,162,150,166,159,146,228,170,111,138,132,148,293,125,117,132,221,131,134,153,123,119,118,106,94,102,124,132,95,118,92,108,128,92,114,104,102,106,95,83,88,86,80,78
20231028,9991,3914,2852,2382,2372,2178,3294,1759,1586,1213,1576,1862,1176,1151,1002,903,803,1082,828,472,933,806,744,591,725,568,825,532,482,632,494,562,334,354,375,424,559,454,353,503,502,436,437,394,486,454,324,309,374,320,339,298,417,362,380,318,378,344,261,354,268,363,283,236,207,257,226,344,248,324,170,298,235,178,180,192,247,180,145,175,127,191,212,155,168,136,140,170,314,117,149,100,137,140,117,113,142,198,153,132,130,92,108,104,159,120,134,127,73,72,123,140,149,132,104,153,116,156,83,104,82,75,199,65,95,95,108,103,113,59,104,86,107,86,70,72,39,93,83,99,91,58,94,75,70,65,69,74,71,47
20231029,8607,4067,2878,2460,2314,2471,3372,1806,1460,1295,1601,1838,1195,1335,975,835,805,1047,789,548,863,823,796,680,757,526,835,538,619,563,514,427,398,411,346,451,469,438,352,507,455,389,459,395,402,413,407,288,335,325,363,245,408,337,411,284,435,355,252,338,268,350,314,258,177,262,231,346,269,258,168,269,189,180,188,202,172,161,151,147,131,157,229,178,191,133,162,160,239,124,148,80,179,128,142,128,118,336,183,159,145,140,129,95,152,70,120,126,83,81,124,148,143,119,118,133,123,137,58,95,88,74,214,81,100,143,81,114,77,92,102,85,93,81,111,68,46,84,82,84,90,92,90,79,88,68,81,63,68,45
20231030,8560,6034,3876,3714,3172,3299,3891,2407,2017,1857,2093,2201,1620,1607,1432,992,1237,1710,1098,891,1098,1388,2499,949,950,752,974,732,689,771,586,597,658,521,672,558,636,531,595,589,588,528,615,480,573,578,518,544,479,467,381,502,448,443,529,429,481,405,458,536,327,433,500,353,328,341,279,463,353,323,273,538,269,271,270,288,305,289,244,282,221,261,267,186,205,141,262,192,242,170,239,227,158,164,185,181,198,209,189,203,209,174,130,191,166,168,160,147,131,176,140,176,276,171,133,180,160,171,390,196,110,185,184,133,127,197,117,109,111,115,142,117,140,145,85,110,84,88,112,104,128,102,128,116,89,81,84,70,93,94
20231031,8746,5529,3975,3795,3416,3291,3910,2518,2231,1843,2096,2235,1530,1690,1466,1052,1209,1354,1073,808,1086,1207,1592,951,925,743,882,692,727,744,733,693,618,576,642,611,602,555,625,613,672,500,591,613,558,618,509,575,503,451,410,472,472,516,496,440,450,408,517,559,348,524,422,342,310,364,316,486,379,364,253,407,278,274,279,254,268,291,297,275,206,263,251,228,204,173,256,189,184,161,199,203,187,262,199,176,210,213,185,200,176,162,134,210,176,137,175,132,162,150,144,174,230,147,114,168,139,166,378,153,147,167,220,140,155,189,123,126,160,111,102,78,123,150,94,104,99,100,135,89,98,105,120,123,81,93,82,80,84,92
20231101,8375,5248,3882,4036,3238,3914,3750,2410,2064,1883,2173,2236,1578,1580,1468,1178,1196,1314,1090,856,975,1073,1334,874,931,741,864,766,772,746,707,592,549,520,601,586,591,528,641,629,599,567,544,534,580,645,560,531,483,467,393,447,463,491,514,427,432,412,485,507,313,465,384,329,289,334,325,393,384,336,296,367,328,246,312,266,301,305,292,275,243,257,294,236,189,160,267,219,214,186,173,186,188,200,260,189,253,233,206,235,173,183,142,185,181,160,171,163,152,158,133,235,208,190,118,172,128,146,271,150,119,163,207,126,172,164,110,137,131,114,266,111,114,159,116,123,99,116,94,102,84,87,113,102,91,94,82,70,64,91
20231102,8769,5284,3913,4675,3533,4063,4128,2464,2232,1849,2166,2389,1730,1512,1478,1115,1395,1888,1258,789,1099,1193,1423,948,974,795,856,758,771,728,689,684,668,640,565,669,658,585,680,616,700,569,647,554,641,585,584,601,471,482,368,543,520,498,539,432,433,464,477,539,366,406,402,324,279,331,355,408,361,403,239,324,364,271,306,238,258,338,414,334,215,268,296,235,200,153,248,220,228,186,230,174,210,217,225,164,190,258,199,193,172,218,191,201,173,199,242,155,152,191,154,169,251,298,126,163,149,173,483,176,112,147,214,122,166,125,117,164,117,103,231,102,126,163,105,126,64,124,130,99,82,122,121,123,95,103,77,67,80,113
20231103,9044,5170,3467,3729,2856,3258,3752,2121,2036,1606,2091,2082,1829,1510,1370,1358,1126,1489,1021,793,989,1187,1132,818,926,772,868,648,666,719,678,900,573,520,608,593,675,560,511,610,706,463,674,503,560,548,507,504,437,452,410,398,792,473,531,491,462,423,417,533,329,394,359,293,274,419,302,373,366,398,236,259,326,235,239,278,302,372,288,273,223,231,255,184,196,148,227,184,223,186,216,179,176,149,297,165,176,200,189,211,176,151,131,157,144,180,163,142,149,127,142,173,188,164,113,186,125,166,281,113,79,122,210,153,120,173,117,106,138,125,143,100,121,122,83,116,82,118,109,90,126,92,119,106,81,79,71,48,72,81
20231104,8171,4004,2767,3077,2245,4513,3573,1875,1676,1187,1618,1736,1354,1058,1065,977,778,3266,800,620,762,871,738,564,866,560,873,465,581,595,465,561,403,375,377,391,408,485,357,499,537,360,463,369,424,395,352,307,337,367,321,241,496,310,376,286,403,268,288,286,297,337,280,252,178,265,218,261,270,547,216,247,204,158,238,202,207,200,174,137,157,198,202,151,192,107,180,141,166,125,169,113,151,117,157,119,109,293,147,136,116,107,94,102,126,79,144,105,102,70,98,129,156,103,145,132,116,113,71,82,87,76,229,81,104,112,79,83,79,76,99,68,125,110,94,72,37,78,108,86,101,56,65,61,89,77,65,46,55,44
20231105,8433,4120,2638,2514,2196,2676,3375,1706,2256,1179,1680,1893,1246,1082,1098,1041,866,2370,833,541,700,816,775,588,760,542,892,550,508,553,482,439,411,404,377,461,418,423,318,474,512,344,511,410,390,439,364,286,352,316,362,253,477,358,424,343,409,295,312,313,270,302,264,275,205,312,221,258,263,382,187,280,210,215,180,220,239,218,150,138,133,202,238,125,215,105,142,149,136,124,205,103,150,136,132,145,119,138,155,135,129,100,99,80,145,99,148,140,92,94,134,167,156,107,102,109,110,106,51,122,86,69,176,71,111,142,63,99,86,72,107,96,102,72,82,99,40,72,70,82,73,67,72,73,82,75,89,53,43,54
20231106,9298,5557,3941,3848,3146,3168,3886,2304,2854,1956,1976,2328,1779,1497,1508,1347,1460,1712,1091,848,1011,1192,1144,964,1339,720,968,771,669,816,686,653,672,532,611,610,578,607,630,598,658,523,549,516,538,544,580,481,460,450,351,456,571,487,543,491,497,442,483,507,327,392,452,375,343,375,320,391,337,682,245,342,323,274,403,258,252,320,301,293,175,276,245,196,169,172,203,210,204,162,326,195,191,196,219,214,204,221,203,186,187,183,134,188,185,144,202,155,199,157,150,206,220,133,122,180,143,155,622,152,122,150,190,112,172,132,122,132,138,114,136,122,127,154,102,142,77,97,109,100,110,128,113,90,99,90,56,78,65,94
20231107,9912,5718,4113,4267,3168,3710,3950,2427,2487,2159,2162,2459,1874,1631,1593,1277,1614,1401,1233,1282,1260,1205,1184,944,1047,848,1020,971,732,849,630,772,640,660,610,548,602,660,758,681,623,512,632,546,670,631,607,505,509,450,435,519,545,459,534,366,501,449,532,560,402,477,429,399,356,320,272,366,389,616,239,522,316,300,331,275,284,314,327,321,244,280,222,201,191,193,229,220,209,165,236,230,160,195,251,206,198,196,155,179,159,219,160,203,192,173,231,175,162,167,185,242,214,147,157,175,133,146,719,179,117,163,156,166,143,200,120,138,148,139,125,108,102,161,92,143,86,128,123,97,93,110,126,169,91,90,70,78,94,95
20231108,9589,5500,3916,3585,3166,3153,3943,2288,2456,2055,2072,2344,1845,1522,1696,1208,1410,1648,1185,813,1274,1135,1155,1066,1012,821,931,910,754,833,702,719,616,648,680,607,626,558,661,732,587,551,560,617,614,587,582,552,503,510,520,467,517,480,492,444,483,474,505,499,459,439,419,359,289,395,337,356,386,520,290,513,374,281,323,280,308,299,325,327,225,236,262,250,207,181,254,200,251,175,225,244,203,181,227,251,212,202,166,166,157,203,145,183,201,171,193,126,179,169,173,185,228,134,124,156,122,178,549,147,124,164,175,152,134,211,115,131,164,107,148,158,128,136,110,140,73,97,126,111,102,102,92,107,104,90,67,97,83,132
20231109,9626,5263,3627,3805,2904,3306,3846,2294,2348,2044,2172,2326,1776,1462,1525,1413,1474,1815,1387,925,1185,1171,1075,978,1004,765,865,872,691,836,591,686,639,586,686,636,608,560,643,595,616,630,576,597,645,620,539,556,514,452,432,511,534,487,483,376,485,425,474,474,439,430,453,332,303,360,286,320,386,457,231,422,338,271,319,266,342,336,297,299,232,239,241,236,207,155,230,211,192,188,235,237,204,169,224,207,187,225,176,189,143,200,172,174,184,191,218,183,200,179,176,212,224,159,102,134,144,163,586,135,111,150,186,159,120,211,136,118,157,175,162,99,118,155,101,125,87,150,124,433,109,96,114,99,69,74,93,108,66,137
20231110,9086,4765,3561,3056,2897,2928,3645,2214,2092,1803,1860,1987,1759,1333,1353,1477,1271,1557,1108,886,961,1043,958,833,879,837,1000,711,689,687,613,652,589,534,576,506,559,541,548,562,527,534,539,568,608,543,463,453,441,408,368,460,468,460,458,441,442,361,454,464,469,711,336,330,299,344,316,313,372,357,262,342,290,238,285,224,316,278,245,303,182,271,231,221,172,160,208,222,189,170,208,168,190,181,197,169,170,193,129,175,148,133,121,157,164,135,181,122,135,134,152,159,191,116,140,156,112,148,490,124,80,118,184,150,129,188,128,121,142,99,103,88,127,124,100,113,70,93,118,106,95,86,101,106,69,78,86,90,66,82
20231111,8170,3928,2792,2616,2693,2457,3197,1959,1859,1153,1653,1516,1297,1020,1062,1170,916,1272,831,607,673,781,659,719,672,736,1160,561,504,563,471,532,344,427,344,438,473,428,297,461,490,447,419,431,471,361,315,316,363,350,366,269,391,346,347,362,342,341,267,293,266,390,263,233,219,290,242,281,235,298,245,309,172,212,181,204,273,195,135,289,130,153,206,157,186,125,144,167,152,135,220,97,169,123,114,155,122,300,146,125,132,80,102,66,144,78,161,113,101,84,139,143,146,107,102,120,130,126,104,105,69,70,141,97,100,100,83,86,100,84,92,95,60,69,78,91,36,82,97,92,65,72,88,99,101,91,60,46,57,56
20231112,7931,3993,2523,2763,2643,2886,3023,1897,1757,1146,1693,1501,1033,945,1089,1073,900,1518,755,722,694,771,672,677,705,709,1051,592,548,555,437,422,390,405,443,369,420,398,288,405,475,467,479,357,543,376,344,290,315,388,302,242,480,336,361,309,350,325,285,293,219,377,278,235,210,425,238,376,210,313,200,364,190,204,216,210,197,209,143,157,121,166,250,159,178,117,172,141,145,109,176,105,152,139,95,125,138,289,123,135,120,93,95,80,135,108,127,108,73,98,136,186,152,106,112,118,128,126,151,87,71,80,169,84,98,124,101,89,74,79,89,85,95,66,72,63,60,85,115,98,88,56,63,81,77,79,72,57,55,36
20231113,8600,6133,3700,3682,3779,3542,3596,2399,2424,1901,2162,2097,1563,1396,1669,1288,1422,2648,993,1055,1048,987,990,946,842,995,1205,684,650,723,666,640,598,598,645,566,628,544,646,693,566,611,495,520,654,562,511,520,517,440,448,450,458,438,479,472,376,409,502,443,331,480,403,321,301,374,336,363,332,303,239,404,326,311,333,250,279,327,232,378,229,249,266,218,203,483,192,170,152,210,189,200,165,164,185,196,183,191,150,225,149,163,116,182,195,143,202,152,165,159,129,177,195,107,142,147,138,126,439,135,113,154,197,139,157,216,115,130,128,107,124,110,141,143,115,102,79,118,97,114,110,104,95,99,87,102,82,84,117,132
20231114,8720,6659,4256,3693,3860,3613,3862,2526,2409,1852,2219,2311,1676,1661,1731,1298,1252,2158,1086,1053,1058,1194,1030,1173,987,1034,1314,660,678,723,660,703,688,594,634,669,601,587,596,728,600,616,648,561,732,587,584,549,512,444,357,557,492,500,468,501,420,434,466,479,433,447,448,342,290,447,333,298,428,363,259,357,294,289,326,235,269,314,301,370,237,271,233,272,209,283,267,220,255,188,240,254,186,216,217,212,223,189,211,258,169,179,184,164,174,181,181,143,193,160,186,184,224,167,160,141,141,145,693,156,127,177,183,159,162,201,117,152,127,122,136,89,168,129,106,117,72,121,108,91,109,134,115,104,88,59,104,65,94,94
20231115,8778,6182,3657,3747,3819,3540,4013,2569,2459,2242,2243,2235,1772,1583,1739,1194,1409,2423,1133,1003,1231,1215,1062,1114,933,986,1277,689,679,744,652,684,645,606,684,603,654,590,689,663,643,600,577,644,714,535,555,500,467,444,400,578,485,440,488,530,482,418,512,536,371,475,631,325,359,447,388,338,359,343,240,437,308,245,305,237,304,321,307,365,210,283,292,214,198,226,238,427,208,207,257,205,193,202,211,209,221,190,233,198,181,162,151,171,196,156,177,151,195,253,172,162,231,135,161,156,164,148,792,135,96,224,215,153,166,199,123,123,113,95,134,110,128,141,86,139,74,126,103,77,114,158,98,89,111,105,111,87,90,96
20231116,8692,6090,3971,3689,3578,3588,3870,2647,2463,2168,2370,1932,1899,1585,1738,1203,1344,1927,1220,1000,1206,1193,1072,1012,887,921,1083,705,759,738,668,626,638,647,654,667,681,545,676,674,686,609,578,558,688,606,625,492,516,460,482,483,467,484,508,488,425,519,487,511,407,401,399,392,320,399,361,336,334,322,251,390,350,278,301,293,271,318,338,373,225,242,247,230,225,204,198,207,197,208,241,212,197,165,233,215,181,168,171,190,190,166,216,192,185,181,200,172,147,189,137,172,217,144,174,137,127,153,884,167,110,216,202,148,152,212,118,126,137,105,121,94,139,187,98,131,89,137,112,91,104,123,107,113,88,70,108,74,105,105
20231117,8360,5682,3520,3377,3512,3241,3452,2452,2253,1913,2003,1947,1717,1439,1553,1083,1264,1778,1038,880,1147,1072,979,1122,873,817,1084,672,702,643,617,606,594,550,585,554,525,594,531,635,545,544,506,558,599,575,512,479,469,388,483,414,420,410,533,466,355,426,405,436,332,438,407,362,277,438,281,327,361,276,206,391,312,234,271,244,244,281,262,283,220,228,206,221,235,200,246,237,166,178,206,184,165,161,186,162,158,157,152,198,159,171,169,143,159,165,198,143,138,175,224,155,188,124,129,144,124,144,614,130,124,164,204,165,134,160,133,118,83,132,123,104,110,141,105,122,66,114,110,94,88,111,99,96,90,79,69,68,79,79
20231118,8030,4765,2746,2754,2565,2665,2857,1874,1908,1207,1595,1603,1291,1022,1174,881,818,1030,734,642,761,935,723,635,783,642,877,513,441,554,477,413,372,388,394,415,406,415,317,479,434,476,426,381,490,447,337,299,340,292,401,246,381,311,392,306,314,352,272,298,220,334,296,266,235,346,211,257,279,243,226,263,222,212,202,211,177,255,173,156,142,183,171,151,174,164,159,170,145,115,175,91,160,145,120,122,118,142,151,169,112,109,127,79,115,102,201,108,94,124,98,112,161,85,98,102,95,99,94,144,92,74,159,60,65,111,80,82,83,75,99,80,108,57,92,93,51,90,72,85,87,58,76,95,78,64,74,54,77,54
20231119,7993,5126,2602,2781,2622,2629,2934,1862,1925,1306,1615,1462,1298,1003,1153,1025,857,1220,870,650,702,927,799,636,813,626,906,581,506,607,477,456,400,410,397,474,491,408,329,466,462,463,446,390,486,419,412,309,339,322,413,313,387,392,381,356,308,339,319,293,272,317,287,309,217,328,231,286,282,278,201,367,235,238,199,213,196,178,197,401,118,189,178,153,192,128,171,217,365,140,150,95,146,151,122,126,148,157,181,134,140,113,120,91,112,80,170,105,73,81,110,160,166,117,134,134,102,126,34,98,85,80,158,65,71,106,83,95,78,103,105,73,96,70,94,63,52,85,78,90,93,70,60,73,75,50,87,48,56,82
20231120,9068,7083,4280,3798,3788,3664,3726,2459,2436,2118,3308,2023,1889,1642,1667,1138,1442,1393,1166,938,1532,1222,1116,1080,946,1014,1100,711,698,801,647,679,706,693,624,598,640,683,735,654,614,601,635,618,632,606,605,529,536,459,446,500,507,508,544,515,420,417,505,410,373,454,390,380,343,483,354,347,367,280,243,433,322,315,325,247,284,346,293,316,262,305,296,237,183,168,256,241,312,173,215,198,177,214,234,236,234,234,160,328,181,178,126,164,200,175,291,149,135,193,362,140,204,110,129,160,194,153,413,158,104,159,154,144,126,187,126,124,127,110,118,119,119,139,109,141,81,147,113,110,99,98,124,94,86,86,89,79,88,85
20231121,8585,7020,4278,4118,3757,3731,3567,2503,2382,2064,3411,2058,1818,1691,1728,1160,1527,1267,1113,928,1031,1217,1111,1069,947,978,907,724,672,734,645,620,751,631,697,679,657,624,736,665,741,566,599,561,673,681,568,522,479,453,480,471,451,963,463,543,384,416,579,446,352,455,420,402,277,447,350,405,408,296,269,399,354,269,325,233,296,320,266,326,241,334,238,235,175,158,280,235,230,188,220,207,151,184,251,174,323,227,161,227,211,208,178,215,184,148,241,165,130,221,363,153,252,158,157,154,181,123,360,156,110,174,146,179,152,187,145,128,118,138,134,113,132,148,103,113,86,152,100,141,117,110,129,99,100,78,51,81,108,82
20231122,9091,6773,4611,3909,3966,3657,3593,2558,2447,1974,2865,2202,1980,1606,1604,1336,1460,1501,1357,958,1035,1208,1154,999,923,931,1012,777,694,817,664,777,716,659,680,682,595,745,647,689,652,614,665,594,607,653,591,553,493,448,488,596,434,662,496,486,420,435,525,505,372,504,387,381,385,507,359,385,319,294,259,410,324,250,320,263,328,307,293,294,248,288,249,265,197,242,212,237,255,222,215,237,187,177,253,213,277,202,156,209,155,183,140,249,142,177,263,157,162,183,185,144,189,129,139,175,197,167,342,204,108,201,169,152,160,207,119,150,121,138,121,116,150,130,112,128,76,148,127,112,99,136,114,95,88,104,63,96,83,51
20231123,8238,6383,4180,3770,3551,3438,3351,2291,2043,1901,2665,2179,1646,1605,1408,1522,1359,1210,1250,893,1464,1128,978,1030,970,848,824,607,634,752,597,612,588,553,596,679,530,768,519,633,635,517,656,541,575,581,514,582,504,437,409,458,429,525,453,415,379,437,418,518,324,457,349,317,285,400,303,314,373,305,225,394,299,253,275,239,276,264,204,245,224,243,286,187,161,246,263,211,221,168,196,181,185,186,256,167,177,180,145,160,145,155,146,222,154,114,242,138,118,156,180,136,229,138,135,261,172,155,202,120,87,177,151,139,128,164,120,101,112,106,116,85,95,102,103,141,90,163,100,99,95,79,113,85,90,77,96,105,84,62
20231124,7958,5779,3476,3146,3108,3087,3223,2203,2094,1658,2147,1911,1531,1492,1346,1276,1154,1027,1151,819,1394,1108,935,939,855,778,810,585,607,705,516,548,569,510,528,456,463,630,549,553,531,469,580,539,602,542,431,398,467,391,363,430,455,408,422,421,373,368,377,364,330,373,341,326,238,429,307,358,340,294,230,367,302,235,209,238,215,251,204,235,210,249,255,212,171,220,224,219,217,151,187,146,152,181,183,159,218,180,174,178,154,127,120,184,155,134,261,116,130,166,171,133,218,111,141,126,161,122,189,117,122,138,157,147,133,164,96,125,133,96,124,96,113,102,112,102,77,127,103,97,73,77,112,80,82,65,88,88,99,53
20231125,7543,4383,2794,2671,2864,2388,2912,2005,1668,1224,1869,1715,1419,1107,1060,987,808,1086,899,681,812,844,757,692,755,601,765,479,537,581,487,518,426,351,382,484,451,415,359,482,460,385,582,393,469,376,374,307,373,334,385,260,364,360,389,284,352,273,290,288,300,318,273,327,227,354,235,213,319,301,196,312,194,224,247,221,221,206,146,176,114,212,226,191,141,160,139,173,158,127,162,118,138,129,145,107,105,147,130,132,137,98,89,82,112,139,191,102,93,79,150,129,179,109,115,139,119,122,52,126,76,84,136,71,94,97,86,82,84,71,89,79,100,75,78,81,51,114,76,88,74,69,68,63,63,53,72,65,67,45
20231126,7769,4191,2985,2997,2773,2950,2963,2030,1739,1293,2059,1798,1320,1186,1016,1042,872,1417,1035,685,753,1198,810,767,883,647,820,549,564,526,497,544,385,375,375,473,441,464,321,575,465,395,506,404,506,425,382,291,416,387,388,275,325,464,418,243,369,344,390,293,340,336,265,335,195,337,246,256,271,248,187,295,235,230,213,210,223,188,150,162,129,215,179,162,163,143,181,191,196,125,163,108,157,150,102,134,195,245,169,141,143,115,98,101,131,80,259,111,104,106,172,135,170,114,87,124,125,82,46,99,89,124,130,68,75,113,66,95,86,60,111,76,118,60,94,92,57,76,169,98,73,59,87,87,86,62,68,45,78,39
20231127,8486,6224,4093,3374,3479,3218,3408,2732,2496,2075,2284,2178,1625,1579,1485,1181,1422,1582,1176,999,1042,1139,1025,1059,840,899,997,679,868,712,605,651,689,665,651,664,605,611,642,624,567,521,580,493,605,591,588,500,552,435,450,485,487,718,480,494,380,368,461,478,345,385,356,374,277,415,332,344,362,332,246,647,334,270,326,249,281,303,258,273,223,281,226,199,207,205,273,223,258,176,199,184,191,192,213,196,194,235,157,177,191,207,124,154,156,143,235,142,228,173,160,169,231,154,142,171,135,147,295,172,107,168,165,107,163,161,107,133,115,100,117,89,110,137,113,124,67,146,152,77,119,88,132,102,84,64,83,89,88,79
20231128,9070,5906,4410,3541,3828,3415,3696,2728,2503,2353,2449,2200,1853,1610,1582,1220,1407,1564,1421,999,1185,1213,1204,1105,962,901,863,811,790,793,585,709,704,695,681,699,563,657,676,677,579,568,633,579,626,655,556,543,550,476,491,485,482,638,495,438,476,341,541,534,365,457,409,382,295,463,354,321,353,320,324,925,283,266,306,252,301,332,287,250,266,307,256,202,194,204,243,218,251,161,234,204,199,185,238,203,211,218,136,218,169,183,143,187,183,165,239,158,260,195,201,160,253,177,173,188,147,133,304,179,113,185,176,174,121,212,107,128,125,123,144,105,140,159,121,123,114,121,140,114,108,105,120,107,116,85,83,110,108,90
20231129,9078,5912,4133,3429,3488,3285,3726,2851,2479,2226,2430,2162,1944,1607,1647,1219,1539,1499,1310,1062,1198,1145,1220,984,1006,841,987,786,755,744,695,616,681,649,671,657,597,650,738,635,574,510,604,568,589,641,595,604,584,400,445,491,491,483,624,457,427,419,561,509,403,461,346,384,286,468,350,336,377,317,288,762,326,268,327,252,271,318,306,256,264,259,289,201,197,159,260,216,232,160,212,178,216,223,237,174,202,237,178,240,175,212,152,182,205,204,239,146,242,206,181,160,296,141,153,161,160,165,427,163,98,200,171,171,168,197,126,128,125,104,136,115,124,131,107,109,90,126,119,93,108,114,134,128,92,98,91,85,103,121
20231130,9259,6436,4206,3557,3511,3182,3623,2739,2554,2081,2251,2060,2100,1556,1606,1203,1451,2946,1248,959,1034,1158,1123,1069,1015,868,1094,728,691,733,660,648,655,654,647,657,644,575,701,646,573,524,597,589,685,628,579,531,563,467,467,484,486,511,530,505,422,364,533,599,331,457,390,353,284,405,307,325,420,307,244,1054,377,252,327,251,263,311,302,297,233,283,242,217,209,179,276,227,210,194,239,206,201,184,256,172,208,224,147,228,166,175,113,235,196,194,265,177,182,185,140,167,230,146,125,167,135,155,349,183,82,202,147,134,139,208,150,114,91,106,126,122,103,149,91,130,91,107,85,86,120,105,94,92,80,78,92,94,103,113
20231201,8575,5608,3716,3100,3152,2978,3586,2620,2386,1832,2066,1901,2019,1389,1340,1109,1416,1633,1124,975,983,1208,1128,1019,939,830,966,718,712,980,594,642,581,608,550,598,655,570,616,689,588,495,535,502,705,580,532,479,499,488,568,663,890,481,439,484,366,404,439,620,421,585,442,355,292,521,361,269,428,317,278,509,298,257,286,214,264,329,246,240,218,282,235,197,212,204,240,217,210,189,233,210,182,154,246,181,197,177,143,198,175,174,136,164,136,190,206,155,165,155,186,151,277,159,131,147,140,137,252,179,131,132,174,144,128,191,120,115,118,125,142,142,131,101,88,108,74,102,112,94,88,114,98,103,104,93,78,69,79,77
20231202,8048,4613,3050,2675,2808,2430,3391,2239,1902,1279,1806,1617,1457,1217,1124,964,897,1013,896,785,990,956,934,724,779,626,824,587,560,669,504,799,447,442,372,489,537,514,386,532,419,448,463,394,535,452,353,304,367,438,437,353,634,336,400,332,288,319,316,500,321,458,366,306,226,461,254,253,350,298,215,495,199,166,196,219,255,261,147,175,179,200,218,171,241,117,192,211,181,121,189,114,149,151,156,114,162,277,131,184,135,97,109,110,129,87,213,126,115,103,143,124,212,131,106,109,137,91,85,135,83,94,156,84,92,107,71,111,122,71,110,96,78,63,71,86,66,129,121,83,69,71,101,106,88,71,85,56,60,47
20231203,8494,5145,2991,2781,2647,2556,3338,2348,2002,1303,1898,1599,1368,1170,1056,1161,962,1176,887,711,930,847,862,671,815,661,880,632,550,619,517,578,425,405,381,497,481,442,361,423,399,455,493,368,550,512,409,310,365,380,481,279,574,407,398,327,333,305,311,359,298,642,373,332,208,464,279,293,273,288,188,597,214,196,193,255,239,240,209,162,150,192,220,190,198,121,193,219,302,129,205,105,128,113,174,145,163,374,119,380,136,101,88,106,120,109,178,117,128,84,157,162,208,144,98,167,127,121,71,97,107,89,149,89,105,102,82,103,110,91,87,92,78,82,88,84,57,122,119,75,78,85,90,73,76,57,43,63,81,69
20231204,9276,6018,4311,3448,3767,3133,3756,2902,2917,1797,2213,2044,2085,1606,1558,1618,1369,1323,1200,1061,2173,1127,956,1172,925,884,892,794,1169,789,591,680,616,606,621,659,657,542,661,583,545,556,520,557,757,605,524,528,528,489,512,541,588,487,537,548,447,465,456,485,383,692,468,416,303,446,314,305,284,384,249,555,336,256,309,440,308,437,312,242,266,328,256,238,232,226,247,219,389,170,229,234,181,171,224,165,210,230,125,216,179,185,130,188,163,144,242,127,155,179,168,150,253,190,111,159,126,142,190,188,148,163,202,139,135,177,175,118,111,113,117,127,218,129,96,107,72,114,153,105,107,112,112,91,104,81,79,112,86,92
20231205,9066,6528,4556,3468,3670,3117,4192,3234,2313,2247,2359,2048,2453,1605,1591,2068,1470,1184,1184,1089,2330,1136,1172,1177,902,896,920,747,1440,799,619,730,679,668,577,706,683,616,732,655,567,604,621,601,678,757,632,570,459,443,516,559,643,503,501,517,421,407,481,605,415,552,465,390,357,461,352,356,363,378,262,658,374,254,494,295,278,338,305,298,224,317,257,196,247,232,273,203,509,162,195,202,210,203,229,185,250,218,164,217,174,228,124,174,200,127,232,166,165,165,162,148,258,169,151,155,153,171,434,166,142,161,139,151,136,223,141,128,112,99,132,131,232,123,101,106,81,126,110,109,112,106,114,92,103,76,78,99,87,103
20231206,9191,6741,4359,3500,3417,3262,4118,3364,2508,2100,2428,2023,2994,1763,1535,1792,1467,1150,1198,1174,1481,1181,1118,1268,926,861,1048,723,864,848,659,609,631,608,652,692,600,637,751,759,542,590,566,571,697,641,495,591,546,434,537,562,496,477,550,419,382,416,471,528,410,532,364,375,307,422,481,288,422,358,290,585,357,282,338,303,248,319,326,274,218,320,310,223,287,241,255,193,640,174,218,254,175,197,253,188,245,298,173,208,172,176,140,180,141,166,274,169,180,172,158,142,288,179,113,162,132,125,275,148,136,214,140,157,136,192,152,127,147,106,111,97,213,151,70,132,76,144,113,117,94,93,108,98,103,76,91,91,61,118
20231207,9722,6396,4383,3324,3797,3085,4126,3280,2710,2256,2132,1921,3079,1591,1534,1493,1525,1066,1195,1070,1419,1270,1057,1170,975,850,1028,741,739,739,642,605,610,653,638,663,555,602,689,628,522,529,600,476,656,698,601,512,502,436,601,475,568,441,577,512,358,343,536,494,395,516,343,426,293,480,323,286,425,271,242,628,325,253,315,285,301,299,300,278,231,434,266,252,251,235,282,204,905,186,220,224,194,176,221,201,233,255,156,176,166,174,138,207,194,173,337,181,171,177,183,154,278,168,113,158,155,116,339,160,145,221,146,140,192,184,123,127,153,126,107,109,171,144,74,110,84,121,112,82,99,104,121,111,88,71,81,75,71,112
20231208,9172,6189,3922,3050,3162,2973,4141,3407,2632,1895,2001,1819,3370,1553,1447,1508,1344,1078,1047,1032,1267,1146,991,945,867,756,896,717,675,722,643,613,577,547,560,593,547,596,605,575,565,501,523,501,671,675,447,475,464,391,512,440,536,430,539,432,338,396,447,485,352,467,348,379,290,401,330,284,352,323,285,578,271,240,299,269,259,262,246,209,197,328,243,190,224,162,230,203,563,184,205,187,178,162,208,175,197,177,141,164,158,161,102,157,148,145,325,134,123,135,171,158,280,155,132,123,128,118,354,150,161,143,127,141,136,142,135,121,119,92,100,78,136,107,106,115,96,128,73,95,89,78,100,100,97,64,76,82,68,84
20231209,8749,4943,3538,2572,2619,2589,3864,3212,2021,1218,1642,1415,2020,1059,1063,1308,836,905,842,1196,850,895,700,928,754,562,1004,553,627,567,486,454,373,368,404,418,452,496,321,442,375,407,436,343,485,423,365,299,326,326,472,266,411,352,392,278,328,329,309,343,257,376,301,250,247,362,225,222,282,306,229,547,191,175,189,202,213,153,169,175,117,210,317,172,185,140,194,136,516,141,147,122,153,123,116,135,124,157,148,124,122,136,87,93,133,73,220,109,69,88,127,128,232,111,99,109,98,106,122,122,114,76,114,72,85,123,93,72,70,94,109,99,109,79,100,96,64,96,126,106,69,60,80,61,90,71,59,68,86,48
20231210,8522,5347,3226,2655,2644,2749,3978,2951,2031,1354,1830,1586,1890,1213,1135,1273,894,888,925,818,963,959,685,884,704,634,973,597,612,591,447,459,444,429,395,423,449,487,414,495,361,408,516,452,662,493,359,321,377,340,502,339,418,353,513,331,343,310,271,310,282,366,327,322,309,347,266,304,279,244,228,491,211,199,263,203,205,197,200,185,138,176,237,164,183,163,168,141,313,110,184,100,169,143,125,132,133,128,146,124,128,149,100,141,147,96,210,125,81,93,133,121,207,94,103,124,112,117,71,109,108,92,104,72,101,88,59,101,64,74,115,82,125,85,75,89,45,103,86,121,71,78,97,78,76,64,63,63,72,59
20231211,9097,7112,4429,3811,3604,3262,4549,3797,2688,1935,2183,1839,3455,1541,1614,1193,1336,1064,1088,1026,1431,1235,1005,1160,835,785,976,766,743,839,604,619,649,602,667,630,573,657,659,614,549,529,519,554,726,599,547,594,518,437,565,532,547,451,471,423,385,394,516,482,333,563,414,352,354,410,298,333,371,322,298,524,297,291,333,405,239,327,297,286,252,300,266,199,215,195,300,198,393,186,177,197,245,196,197,193,285,198,170,302,207,158,114,192,167,183,273,133,204,173,176,143,323,140,138,148,156,138,316,153,135,208,185,144,153,138,117,103,113,111,144,121,138,128,106,128,76,120,130,112,120,99,106,110,87,79,69,81,71,131
20231212,9453,7482,4575,4455,3680,3958,4368,3466,2843,2082,2511,2042,3979,1609,1786,1226,1451,997,1081,1095,1195,1139,1033,1420,901,842,1051,833,783,839,675,734,573,721,681,616,581,630,681,628,670,589,643,560,644,627,585,488,508,506,501,454,519,386,501,431,408,326,549,470,356,439,420,369,326,383,346,345,454,278,322,480,362,272,310,856,265,288,282,242,227,294,257,189,204,188,290,200,333,166,223,236,234,205,233,179,300,189,139,294,198,214,124,171,135,197,231,153,163,172,148,160,353,139,109,168,120,127,425,147,149,151,131,179,139,165,127,100,142,119,129,110,168,132,84,134,100,117,109,74,160,125,140,87,86,82,90,75,61,101
20231213,9256,7443,4512,3773,3564,3427,4304,2977,2804,2072,2420,2093,3773,1619,1657,1343,1632,1091,1167,1231,1282,1085,1027,1421,987,864,1080,731,744,774,616,668,656,708,709,670,558,624,669,655,560,493,594,581,643,652,500,512,466,428,524,550,490,447,502,453,391,380,557,787,397,451,371,393,337,430,307,446,353,301,295,620,283,259,295,483,271,322,316,258,226,303,211,179,209,220,252,181,351,161,165,213,183,163,276,207,188,186,125,226,194,212,169,200,151,172,233,171,177,173,151,160,295,182,164,133,127,135,499,164,138,202,131,153,141,186,133,117,149,103,102,113,121,150,90,133,77,106,103,100,122,112,117,98,94,89,103,86,85,103
20231214,9214,7403,4469,3669,3562,3271,4303,3117,2510,2059,2242,2040,3581,1573,1537,1275,1447,1123,1309,1197,1140,1077,1057,1515,846,784,950,647,846,758,598,583,569,667,655,651,609,642,667,598,662,549,540,545,610,572,553,535,501,439,489,509,483,399,495,530,383,402,498,597,365,471,391,395,338,419,311,333,339,303,290,660,320,267,357,325,260,247,355,231,198,280,198,250,211,194,250,202,336,201,187,182,165,173,271,197,309,213,131,241,164,168,121,182,158,183,255,160,148,167,168,150,286,171,127,139,131,129,489,173,155,174,142,144,132,164,121,119,126,118,121,121,137,152,97,125,93,116,114,90,94,93,99,105,79,79,76,70,109,103
20231215,8704,6293,3941,3220,3202,3034,4258,2810,2363,1981,2049,1745,2669,1534,1431,1187,1316,1292,1162,1112,1066,1124,898,905,806,697,888,613,1827,675,577,612,532,595,605,625,537,567,548,581,554,475,539,532,551,477,491,465,416,396,564,441,429,397,448,387,343,392,442,423,306,457,368,367,270,367,360,299,343,368,288,566,290,255,291,284,224,263,400,263,174,284,220,193,193,123,258,251,318,159,296,182,169,138,234,163,164,182,164,187,170,148,109,178,155,149,222,145,146,151,135,131,265,174,133,114,151,140,347,150,140,143,143,126,116,142,101,109,81,135,109,104,142,108,147,93,72,105,98,105,102,100,86,107,67,63,98,71,84,94
20231216,8080,4635,3119,2644,2748,2542,3825,2323,1889,1358,1670,1403,1744,965,1077,971,844,1125,882,728,813,763,650,684,681,570,731,576,658,526,451,439,405,375,417,386,427,446,423,432,402,406,466,499,443,378,311,245,364,282,479,280,325,308,403,277,264,371,287,285,221,347,265,360,258,335,245,262,248,226,201,411,190,162,214,306,209,195,200,157,133,224,172,135,170,108,192,160,458,115,203,124,155,157,172,126,146,180,180,90,153,108,102,97,136,86,207,120,90,98,127,133,213,111,114,116,107,81,61,167,99,82,127,56,93,111,74,71,88,71,80,88,110,75,111,98,60,78,81,98,82,68,66,68,95,75,54,60,86,63
20231217,8243,4401,3168,2503,2536,2339,3769,2302,1949,1124,1743,1501,1639,980,1093,926,871,936,852,706,666,868,765,610,801,575,810,470,537,522,455,401,403,446,405,384,443,449,363,449,395,343,443,452,459,343,338,294,302,324,494,268,382,323,385,255,288,337,243,286,283,311,275,336,238,357,203,264,233,232,257,341,164,175,204,246,226,188,137,135,126,190,186,164,175,131,170,198,309,120,164,110,185,205,150,191,120,140,117,131,145,116,131,96,141,77,228,99,89,79,143,109,272,102,113,104,108,96,40,117,75,70,127,76,117,121,64,90,65,62,108,73,109,69,211,86,59,74,88,81,66,69,78,90,74,71,85,55,83,61
20231218,9515,6321,4318,3499,3431,3219,4232,3330,2716,1878,2317,1982,3050,1665,1492,1269,1436,1055,1058,1088,1000,1007,1017,960,915,844,1099,625,702,646,594,584,687,636,669,703,595,655,692,581,612,549,599,542,560,483,525,488,488,442,601,489,499,411,593,506,376,443,502,380,374,440,339,503,325,491,323,359,336,291,312,598,276,269,310,305,255,314,304,285,275,299,205,209,171,186,212,204,290,168,160,215,208,230,287,190,209,210,161,166,163,187,174,164,169,195,321,135,128,168,161,119,330,192,136,121,126,121,423,151,142,218,128,151,148,127,123,106,88,99,107,91,154,130,112,87,100,100,92,74,101,107,106,104,115,58,63,90,74,88
20231219,8745,6238,4220,3494,3572,3183,4196,3075,2449,2083,1969,1764,2783,1464,1503,1166,1353,1000,1053,999,983,1136,1007,939,884,787,1014,611,677,673,600,581,628,560,630,599,518,666,624,563,647,523,536,517,564,603,544,507,481,390,524,445,440,389,475,371,368,409,472,386,358,630,330,388,342,403,347,313,340,308,284,477,267,271,324,283,275,262,281,261,205,290,248,180,205,148,230,196,251,185,170,193,216,144,250,171,213,188,141,166,153,155,121,187,150,185,198,157,155,149,117,120,291,162,107,143,105,136,452,138,124,157,108,159,164,132,107,96,102,100,106,94,119,105,103,102,97,122,83,113,97,83,143,117,90,84,66,94,79,88
20231220,8518,6101,4025,3473,3191,3016,4135,3063,2622,1977,2063,1786,2571,1467,1463,1168,1294,969,1108,962,909,1031,1006,871,848,713,925,609,650,612,586,598,631,588,673,582,540,644,585,605,578,510,486,571,539,493,468,474,453,426,575,478,422,409,418,375,316,397,459,433,311,555,304,365,289,398,262,293,325,287,281,403,315,252,284,293,232,299,266,298,195,271,244,173,215,163,201,214,188,140,163,214,196,160,210,183,203,172,141,164,138,171,143,181,164,151,204,128,163,189,137,211,251,301,118,118,122,145,365,130,107,144,115,156,161,125,115,110,127,93,97,74,124,130,100,111,68,109,107,100,120,108,135,131,69,68,70,114,77,90
20231221,8493,5966,3920,3141,3320,2721,3885,2813,2579,1757,2016,1755,2495,1414,1477,1118,1211,952,1011,927,878,988,944,817,833,742,813,639,715,661,545,533,557,531,538,582,469,600,576,514,608,489,466,464,541,494,492,421,443,362,539,467,454,372,417,359,288,346,447,358,284,423,362,322,287,380,280,321,277,319,275,413,276,212,276,299,231,259,281,210,195,239,200,161,175,148,201,172,186,155,147,243,207,162,233,159,151,217,130,135,180,151,130,155,155,157,235,115,137,134,136,138,247,137,96,148,110,120,364,159,121,146,105,152,152,110,121,113,110,120,118,117,143,103,74,121,61,88,95,101,89,98,115,89,64,58,72,80,82,80
20231222,9469,5516,3228,2794,2795,2713,3844,2684,2074,1593,1708,1511,2351,1177,1253,1127,1151,1416,854,817,760,882,806,756,738,725,775,574,571,556,558,489,439,474,494,479,488,580,470,467,486,399,452,430,487,430,422,345,421,360,522,381,424,359,468,336,327,349,380,343,277,426,261,291,257,375,285,266,250,272,346,532,253,234,331,267,178,212,223,191,111,238,203,176,180,127,178,151,184,153,170,215,164,139,215,124,152,157,93,121,159,159,109,136,124,101,185,135,107,102,128,107,234,111,88,136,127,112,318,103,92,84,93,155,109,110,102,65,91,77,109,90,128,84,109,89,59,91,90,115,105,113,108,95,70,62,80,92,62,71
20231223,9152,4617,2781,2581,2428,2339,3662,2163,1952,1155,1410,1249,1662,897,1000,974,840,1174,754,688,612,670,625,572,775,606,703,486,539,495,451,410,348,343,305,606,384,437,283,489,441,408,439,329,424,296,362,231,336,304,436,235,323,392,347,257,305,282,288,326,269,328,253,236,199,283,210,217,218,219,231,464,170,209,167,216,170,178,126,134,117,169,208,164,184,116,170,142,164,111,121,115,136,100,166,97,91,143,129,130,108,110,112,88,118,72,204,95,76,68,143,147,233,92,98,114,120,101,78,97,68,67,103,130,96,97,56,79,62,70,96,67,96,53,87,81,83,66,70,80,57,69,64,80,66,61,52,186,57,58
20231224,8937,4132,2486,2355,2255,2118,4336,2183,1998,944,1369,1272,1449,894,892,865,828,893,725,611,644,691,517,519,697,636,716,531,496,481,456,421,362,339,315,354,345,433,266,402,385,417,468,354,424,302,281,198,267,335,431,254,305,319,371,252,278,290,256,251,225,296,255,274,249,248,200,197,191,197,212,450,144,180,168,197,195,154,123,126,94,170,201,134,202,110,197,168,171,95,102,105,127,117,143,86,98,157,137,119,96,94,92,45,108,90,177,110,86,51,105,104,198,106,77,89,94,110,47,65,84,47,105,74,86,74,64,67,58,72,77,88,107,66,87,76,56,59,95,100,65,46,75,95,69,57,102,98,58,56
20231225,9075,4324,2713,2262,2353,2244,4640,2367,1796,1089,1457,1356,1218,928,887,955,775,952,727,662,662,792,531,536,691,675,651,451,476,543,431,379,360,363,316,349,399,473,292,385,358,358,368,320,384,328,286,276,382,314,467,285,390,334,400,275,310,238,275,236,289,312,256,265,181,324,226,193,240,268,196,1068,152,190,157,185,174,173,182,163,102,175,178,165,176,123,167,152,158,92,129,118,127,109,91,109,104,156,118,115,101,104,89,82,109,74,162,121,70,46,116,101,190,86,81,101,116,93,35,102,77,63,93,68,95,73,55,68,60,62,85,75,92,70,74,86,32,71,55,82,89,73,109,97,68,51,43,99,59,50
20231226,9906,5039,3404,2737,2892,2444,4650,2574,2177,1241,1735,1503,1557,1154,1006,1001,894,936,831,918,773,892,772,617,807,754,752,547,524,541,522,441,440,472,374,400,492,527,424,393,446,400,502,405,385,345,323,337,423,365,605,310,396,388,376,292,355,246,345,265,261,351,304,308,190,339,248,251,248,247,259,1560,256,189,219,241,227,195,170,177,158,191,195,164,212,150,188,167,192,127,165,123,149,119,157,129,149,147,174,104,114,121,118,106,154,102,184,139,95,92,135,120,225,129,94,119,134,98,232,129,93,100,109,93,122,88,81,71,81,87,82,86,97,74,110,106,50,67,82,108,99,86,96,115,88,71,80,93,84,55
20231227,10068,5322,3554,2865,2987,2539,3776,2883,2317,1306,1762,1669,1339,1331,1062,1394,1209,881,897,883,765,941,718,767,790,750,819,535,682,554,587,471,525,430,414,690,528,537,427,432,471,431,457,418,472,427,435,361,410,413,705,304,407,505,440,356,335,339,416,279,282,316,311,339,226,343,264,314,270,259,253,1539,224,240,212,241,215,229,147,186,143,221,208,140,203,115,196,209,175,120,169,165,167,128,158,133,140,167,170,149,142,115,117,125,151,119,271,167,134,100,143,111,238,185,132,91,125,105,222,147,99,81,111,101,124,76,97,86,86,132,82,95,96,75,91,111,61,86,95,106,78,92,96,86,84,66,59,79,76,76
20231228,10122,5345,3338,2905,3147,2481,4280,2715,2238,1298,1971,1595,1366,1296,1226,1338,1143,973,954,887,688,880,767,863,836,744,828,602,595,573,523,484,517,509,429,555,476,658,422,428,461,427,420,388,493,451,374,366,464,411,536,331,429,442,793,311,391,285,362,254,304,308,273,299,230,341,298,292,259,282,245,1530,209,242,244,229,253,222,188,198,117,203,191,179,201,131,223,172,159,152,149,132,140,122,158,126,117,154,175,127,137,125,109,123,168,110,191,138,148,86,122,144,253,121,103,138,117,119,316,138,92,93,91,97,136,96,74,115,64,115,81,85,98,80,116,104,101,104,106,84,104,83,99,90,76,76,80,66,83,80
20231229,9565,4995,3353,2666,2910,2381,3742,2680,2438,1367,1554,1598,1365,1209,1124,1064,956,899,1024,929,873,960,746,672,774,700,848,551,555,551,531,494,481,472,387,470,442,564,395,476,418,455,460,442,480,389,378,315,348,364,559,367,403,385,506,291,326,264,334,292,331,281,273,306,229,324,306,260,256,286,246,1600,211,211,231,226,209,237,156,147,132,212,175,173,179,155,193,186,167,109,166,132,139,111,132,123,126,164,151,121,146,115,117,93,136,142,215,112,116,106,134,208,268,142,101,81,112,117,293,133,93,95,107,110,133,74,75,80,82,81,81,95,132,69,94,80,68,88,132,89,80,84,71,97,67,52,94,80,78,56
20231230,8753,4515,2860,2329,2919,2270,3680,2147,2103,1075,1475,1436,1172,983,989,1010,759,890,972,808,720,795,566,604,756,582,923,464,544,493,517,478,371,358,350,369,425,508,306,393,362,354,458,388,426,323,388,227,345,385,492,268,403,352,426,284,303,277,260,238,274,298,305,255,201,308,292,207,216,273,216,1432,180,203,217,199,198,190,132,155,102,215,186,154,201,139,187,178,152,97,135,91,112,119,115,78,137,146,197,129,123,101,76,67,120,124,143,114,103,79,115,131,202,84,89,125,86,113,92,108,104,55,108,64,93,97,84,82,69,91,87,81,71,78,101,82,39,78,79,86,99,102,75,81,73,53,62,83,74,61
20231231,8574,3809,2624,2214,2319,1960,3265,1899,1977,971,1297,1290,1190,782,840,1014,675,792,832,685,732,778,481,600,816,532,835,396,479,510,406,460,344,343,296,427,379,447,268,400,380,365,399,332,395,266,306,256,305,325,400,256,352,455,387,233,304,286,250,215,214,263,247,251,190,248,213,178,246,303,212,1523,157,194,195,192,155,178,159,118,87,176,160,140,131,106,253,155,148,87,136,75,140,103,96,110,94,128,143,120,128,66,82,68,104,100,210,104,81,79,91,104,235,81,110,96,118,91,140,102,70,63,86,58,91,88,73,98,88,114,77,71,105,43,87,70,44,72,79,85,64,66,51,78,66,57,67,64,58,46
20240101,8937,4455,3218,2361,2400,2116,3322,2225,1984,1026,1461,1435,1212,1071,963,986,793,833,862,722,756,810,539,564,741,575,1027,481,518,494,579,434,352,344,298,439,449,442,329,416,444,391,449,308,471,276,302,246,334,356,437,290,396,356,360,226,340,257,231,236,208,283,264,273,196,264,208,191,291,257,203,1594,138,182,172,195,166,178,299,127,92,184,183,151,158,133,203,147,130,98,136,110,156,119,89,87,113,198,141,100,122,81,97,63,114,83,141,112,91,68,121,96,198,101,98,86,96,68,56,77,92,52,99,65,86,118,73,88,71,103,104,85,84,65,107,79,45,91,54,90,75,52,74,69,61,61,58,58,81,46
20240102,10168,6334,3889,3347,3101,2956,4162,3092,2688,1577,1877,1962,1643,1449,1435,1403,1169,1014,1136,965,1174,1032,929,876,902,715,1101,703,654,670,729,705,700,476,468,575,614,658,494,515,561,529,491,466,559,393,479,423,471,442,633,391,474,416,460,361,438,370,394,366,331,375,351,341,274,344,285,328,324,315,282,1851,254,295,275,250,241,283,188,227,188,251,226,212,181,155,296,195,189,143,159,190,210,183,149,132,164,245,173,225,171,148,122,137,160,158,239,147,156,110,149,139,273,121,106,118,146,124,315,151,119,155,116,138,121,137,127,87,121,99,107,98,155,95,97,119,70,97,89,96,90,106,106,110,103,92,71,69,86,71
20240103,9235,6790,4334,3351,3360,2935,4243,3075,2586,1962,1975,2065,2415,1562,1516,1546,1237,1070,1102,1013,1069,1094,966,1051,915,792,999,658,692,1979,748,684,604,593,480,557,635,775,660,589,644,542,623,465,526,454,544,474,560,448,623,502,475,476,578,434,463,340,466,352,357,398,456,367,340,391,356,333,346,323,298,1709,262,249,271,312,309,303,271,249,202,299,256,200,267,189,241,190,189,184,182,184,198,271,202,171,161,204,179,175,168,167,116,153,142,141,248,127,165,111,168,137,260,139,123,139,219,139,462,142,102,126,112,130,153,134,134,113,119,121,102,153,117,117,103,118,70,142,93,120,87,124,117,123,71,96,75,62,103,80
20240104,10085,6795,4228,3443,3366,3098,4367,3323,2444,2135,2200,2179,2319,1657,1588,1382,1398,1017,1137,1085,1073,1023,901,1151,938,837,995,718,693,4537,736,843,673,670,541,604,585,670,608,672,611,599,629,543,626,474,513,458,498,473,527,970,437,824,516,393,449,329,534,351,360,489,400,325,315,351,308,249,400,324,321,1422,300,303,310,268,272,269,267,302,247,282,485,289,256,209,236,210,157,158,162,233,229,190,219,148,173,250,207,187,194,153,106,192,163,174,200,128,161,154,147,138,275,143,171,186,403,139,610,161,105,182,229,166,153,173,126,101,147,121,146,284,120,127,101,121,108,182,94,83,116,104,121,110,100,212,95,83,90,109
20240105,9925,6322,3912,3578,2998,3081,4108,3147,2550,1801,2137,2055,2293,1619,1506,1317,1359,1080,1075,983,1345,1055,786,1009,908,817,1075,726,717,3635,625,694,562,597,563,617,577,588,556,638,525,562,620,508,708,463,511,389,510,488,510,1092,425,479,452,405,454,330,568,313,340,465,324,352,270,458,328,316,400,292,280,1752,279,313,270,260,243,277,235,268,175,306,469,243,239,194,224,216,159,151,144,217,214,169,234,172,148,221,222,266,166,129,119,184,131,109,200,153,175,142,174,126,259,112,133,190,406,130,283,128,118,132,175,131,122,171,136,96,117,83,106,284,122,110,100,151,73,103,97,106,103,113,101,101,89,246,84,99,85,71
20240106,9357,5308,3216,2679,2552,3315,4363,2421,2219,1345,1752,1581,1708,1111,1117,1084,957,1117,869,829,1079,889,675,706,791,640,908,510,681,1771,558,504,458,414,313,449,550,563,357,505,459,505,585,389,403,322,382,275,340,353,471,479,350,369,421,321,372,317,328,249,251,324,292,269,200,328,258,296,299,299,240,850,213,205,196,232,217,219,135,156,129,243,298,184,190,146,173,171,178,108,135,122,217,134,122,111,125,195,223,210,111,115,114,106,143,94,201,106,122,99,127,144,242,124,131,143,260,107,74,75,105,106,134,85,88,110,87,74,80,109,93,148,119,67,100,87,43,84,124,96,69,83,65,64,92,168,69,54,74,43
20240107,9625,4980,3078,2661,2383,3097,4043,2438,1975,1400,1788,1769,1569,1123,1158,1099,1086,1220,862,853,835,846,679,742,801,656,955,560,609,1868,607,508,431,403,356,428,532,523,372,528,367,431,500,394,436,394,335,273,364,365,480,478,378,417,432,309,393,299,282,269,293,301,259,295,205,342,256,239,333,321,239,524,202,218,219,246,248,184,125,171,118,177,276,175,219,171,160,178,141,147,165,124,208,146,146,132,119,202,155,133,139,124,123,119,111,103,151,125,107,91,114,108,280,132,110,142,209,111,55,120,80,78,92,92,120,121,72,114,97,92,110,163,97,77,97,104,37,88,79,99,102,76,69,77,86,155,78,63,74,31
20240108,10475,6769,4378,3493,3370,3222,4817,3030,3798,2209,2334,2220,3306,1667,1598,1302,1602,1329,1121,1014,1122,1040,1086,1138,1007,858,991,767,813,2056,717,726,652,562,577,767,622,784,618,670,636,672,613,561,629,546,634,506,509,450,527,642,469,494,502,353,845,371,439,374,439,587,378,327,321,397,311,334,361,435,295,672,470,307,306,310,293,441,249,296,257,294,435,264,226,182,243,191,209,169,223,244,208,197,223,189,197,247,188,173,146,186,159,199,153,150,214,175,163,164,240,134,333,169,135,204,282,116,356,173,115,144,139,146,159,185,111,128,108,111,121,153,133,117,99,131,77,122,108,98,154,89,93,121,89,136,88,77,95,68
20240109,10439,11237,5971,4033,3280,3662,8872,5637,3209,2904,2895,2497,9778,1744,1752,1269,1878,1356,1168,1986,1179,1204,1277,1575,1322,838,1271,734,858,1511,850,729,713,770,701,654,720,864,812,728,803,629,670,646,704,573,645,565,539,506,555,628,522,502,580,479,702,484,556,455,577,588,422,368,293,445,349,363,471,399,402,753,440,311,359,311,296,378,302,334,308,444,302,212,265,156,293,205,191,198,271,315,247,220,285,328,239,240,212,174,168,253,167,207,176,221,205,254,216,186,193,142,417,168,149,212,219,143,412,237,172,220,154,152,161,198,133,136,145,139,144,140,139,167,115,158,77,120,96,118,141,137,111,102,101,128,98,115,101,114
20240110,10678,10515,6107,4014,3630,3377,7219,5178,3287,2900,2737,2296,8835,1697,1751,1713,1744,1332,1108,2572,1236,1134,1276,1406,1031,829,1325,736,750,1104,815,726,742,677,831,818,792,890,925,723,766,602,677,619,675,662,635,550,583,520,605,636,592,534,555,458,585,459,609,445,486,460,388,437,348,421,426,349,500,330,408,769,355,315,339,323,260,331,296,319,308,382,227,228,243,186,344,214,204,193,229,291,232,242,279,273,199,234,177,213,193,217,170,216,214,206,228,188,242,188,172,134,410,157,132,187,165,151,399,220,145,234,135,154,170,165,133,132,151,132,135,114,122,186,123,114,75,138,92,119,113,131,137,105,89,97,90,74,103,116
20240111,10424,10377,5848,4018,3310,3395,7201,4789,3183,3064,2695,2387,8999,1692,1802,2040,1893,1195,1695,3455,1256,1312,1347,1377,1114,950,1687,853,693,1131,733,855,668,737,912,653,732,837,791,715,620,710,709,622,686,602,659,588,497,490,601,615,557,574,598,479,690,489,538,413,451,461,476,387,300,410,394,309,484,281,385,782,339,303,355,289,278,314,322,356,291,363,334,306,238,195,273,216,220,163,254,306,256,209,308,308,168,255,203,200,309,240,123,240,182,189,238,189,206,157,177,153,381,161,140,168,246,174,364,273,144,217,142,172,138,243,149,135,124,136,157,139,125,163,101,163,82,112,118,102,143,72,125,121,99,138,76,93,77,107
20240112,10131,8994,4920,3423,3198,3184,8350,4668,3076,2421,2458,2078,8379,1601,1665,1668,1834,1152,1646,3369,1592,1133,1230,1293,940,758,1238,676,611,1078,669,701,643,566,901,562,693,754,695,741,607,532,584,540,601,530,604,479,479,430,526,544,461,447,553,551,577,466,511,409,489,432,388,353,334,367,306,323,368,335,420,742,307,286,311,280,274,314,259,301,270,349,307,210,219,191,283,218,184,156,192,275,243,206,249,262,233,212,192,196,230,169,163,191,216,173,223,165,169,166,133,185,333,164,115,137,176,166,346,220,124,173,124,168,145,173,142,119,108,121,142,136,127,151,99,97,101,116,93,127,112,111,131,98,79,99,81,91,93,87
20240113,8742,7111,3808,2675,2395,2537,7874,3640,2344,1461,1968,1791,4318,1033,1127,1297,1075,913,941,3110,855,876,740,1021,854,565,1022,540,491,815,533,541,405,445,598,454,516,667,417,618,412,414,506,365,517,396,438,313,379,370,443,350,347,383,384,307,417,372,325,423,329,406,320,308,221,278,222,249,288,320,377,777,229,184,253,265,206,234,170,309,159,309,222,173,218,137,224,201,240,125,163,119,181,161,146,192,125,164,163,643,151,121,137,88,137,111,187,125,99,93,137,121,299,133,129,141,151,155,92,163,122,80,138,120,100,129,96,114,72,97,120,105,90,76,99,76,56,90,94,79,104,82,104,91,100,94,68,65,68,48
20240114,8223,7358,3733,2661,2351,2372,7033,3514,2314,1505,1947,1710,4404,1079,1216,1299,1268,831,934,2692,766,809,847,1036,801,563,1210,550,580,705,490,564,425,439,468,447,446,575,462,592,435,462,535,373,468,348,430,343,325,334,444,310,350,435,396,268,415,382,305,407,324,417,318,321,227,302,218,201,352,311,369,736,202,278,194,449,221,246,200,182,141,354,247,153,254,135,193,136,171,100,151,132,161,164,164,214,148,111,221,245,136,146,127,118,157,73,150,130,119,89,121,135,315,161,115,114,116,106,62,184,117,114,207,93,110,117,82,102,106,95,96,80,88,81,94,115,37,73,86,105,81,128,92,86,98,70,72,63,80,32
20240115,9897,10099,5125,3312,2966,3327,6909,4918,2614,2459,2301,2263,9512,1493,1608,1425,1697,1098,1042,3042,1388,1114,1203,1336,979,752,1276,580,654,942,718,645,638,576,744,564,585,755,664,706,537,568,613,593,652,528,652,552,455,488,507,540,469,478,550,454,452,481,555,389,430,431,385,399,299,360,299,293,336,351,451,801,321,258,298,337,259,329,261,300,227,417,297,186,212,160,324,192,181,136,203,234,196,190,252,314,191,232,261,308,171,185,112,215,198,140,232,171,171,186,170,114,352,127,133,178,149,144,314,209,116,201,171,141,143,177,138,134,101,113,121,131,117,130,108,110,86,134,138,86,109,120,126,115,100,112,72,81,106,85
20240116,9883,10392,5630,3743,3354,3459,11269,4963,3007,2908,2650,2306,10068,1700,1772,1420,1727,1335,1253,3488,1542,1155,1322,1349,1104,878,1259,687,722,1039,737,695,715,707,844,677,677,859,793,698,623,642,597,600,640,561,625,547,470,485,515,620,457,504,597,505,486,482,502,470,504,474,388,419,323,372,369,375,428,308,655,605,394,372,299,400,326,311,282,327,261,396,315,193,197,169,318,194,189,159,201,299,200,242,300,325,201,193,174,207,201,243,143,228,183,127,239,204,190,226,209,152,392,142,145,197,200,162,445,228,139,213,125,164,131,211,148,96,114,144,120,123,126,184,126,145,76,162,113,103,112,124,134,104,104,103,83,80,89,105
20240117,9306,10515,5929,3851,3616,3340,6528,4777,2924,2882,2675,2255,10326,1760,1769,1347,1828,1497,1168,3878,1768,1218,1255,1397,1186,848,1254,783,734,914,702,656,753,710,936,651,702,849,833,739,604,634,709,567,594,625,613,587,496,551,549,585,431,535,579,498,502,404,555,447,495,489,387,413,298,376,317,358,402,312,522,619,420,302,363,303,248,295,306,357,234,429,290,220,244,183,301,181,197,162,234,275,211,176,256,296,246,204,205,180,204,247,182,226,189,180,248,196,180,201,190,149,327,150,134,156,175,140,461,229,159,206,150,218,169,215,129,118,111,132,129,94,134,155,99,141,89,132,137,116,125,119,111,125,111,105,85,97,97,104
20240118,9666,10829,6226,4014,3744,3502,6995,4796,3202,3130,2596,2447,11521,1787,1694,1431,1797,1246,1212,2740,1591,1328,1294,1386,1130,833,1165,700,687,987,845,765,731,636,965,698,660,839,902,764,654,622,672,591,675,664,635,534,527,498,548,632,441,482,551,458,493,411,534,529,489,489,436,438,325,346,342,351,379,335,425,724,418,302,384,294,332,312,291,296,262,459,280,251,214,202,343,184,251,185,236,309,257,178,309,335,200,232,220,241,232,274,144,235,169,153,236,191,221,206,176,139,401,121,154,174,204,144,498,222,169,272,157,183,149,227,118,131,156,137,132,124,123,149,127,170,116,129,94,101,107,111,131,91,90,118,85,81,98,103
20240119,9470,9664,5301,3578,3330,3239,6545,4604,3050,2803,2372,2165,10192,1688,1543,1222,1590,1166,1152,3717,1526,1191,1164,1150,1017,701,1129,654,698,869,809,710,608,643,964,610,598,777,806,704,541,566,638,504,569,509,537,511,467,434,518,511,460,454,514,489,446,341,552,461,426,436,387,429,331,415,308,302,332,318,425,646,341,278,333,248,266,247,246,268,246,399,227,217,264,167,274,197,277,136,223,271,223,231,334,351,157,193,206,169,172,192,148,178,177,153,230,155,149,190,170,160,364,111,159,155,154,142,411,194,139,176,131,153,134,164,129,121,160,127,177,115,108,189,138,129,111,120,88,91,100,124,115,95,82,78,84,89,86,114
20240120,8205,7560,4043,2730,2636,2638,5872,3439,2713,1877,1832,1806,5330,1007,1254,1079,1003,1015,834,5039,1345,863,830,880,844,553,1054,548,699,619,621,564,429,410,601,469,463,609,418,561,427,478,474,376,448,400,398,275,360,334,461,319,382,504,410,358,375,323,315,339,345,355,273,290,247,358,242,258,275,261,410,540,202,206,260,186,230,195,150,216,140,305,213,202,216,156,203,160,182,139,174,121,166,144,146,182,111,177,187,140,159,135,106,95,127,101,202,133,104,97,152,97,298,131,128,115,128,113,111,169,132,85,387,107,115,107,107,104,126,80,132,77,94,100,76,93,48,82,89,90,83,70,83,92,83,86,106,75,74,48
20240121,8414,7869,3714,2888,2493,2705,5503,3317,2260,1696,2042,1894,4634,1119,1178,1037,995,1038,892,2854,1183,877,798,923,895,647,1054,542,585,652,618,721,399,426,513,450,447,678,395,567,385,478,529,338,454,424,396,305,397,345,435,338,415,421,423,351,423,433,338,283,325,360,276,314,224,362,268,302,294,277,354,570,245,274,276,277,233,161,178,162,142,287,230,195,216,137,160,180,209,116,153,167,185,140,133,227,667,149,212,149,131,160,132,106,140,79,198,122,105,101,134,130,312,116,111,150,144,124,84,154,101,93,210,73,100,127,101,87,112,77,142,81,114,88,99,92,49,92,97,112,104,75,78,113,92,91,58,60,86,54
20240122,10007,10390,5638,3621,3381,3478,6700,4575,2837,2823,2559,2143,11166,1628,1823,1279,1752,1213,1204,3530,2079,1107,1189,1553,1010,816,1195,687,719,960,728,766,734,692,984,687,696,908,824,654,567,668,636,506,650,763,646,534,481,479,557,591,452,565,550,529,470,409,598,490,492,421,352,393,311,463,324,431,362,332,441,592,404,317,341,270,290,333,350,303,288,417,275,231,218,215,264,189,268,195,217,243,201,198,240,362,726,209,185,189,171,250,148,234,167,147,239,185,217,180,148,131,423,176,132,179,172,141,315,221,153,243,202,269,137,211,145,113,157,136,172,135,94,172,95,156,79,102,103,119,124,106,106,109,91,89,105,62,90,112
20240123,10260,11145,6061,3767,3593,3647,6958,4782,2976,3250,2752,2459,10543,1725,1949,1347,1847,1311,1354,4844,1788,1259,1395,1370,1165,842,1297,716,816,870,1302,781,760,703,978,679,647,963,875,684,605,576,646,616,727,655,653,781,588,506,558,562,527,539,588,564,467,377,660,590,506,462,419,445,340,424,341,377,353,297,510,562,349,383,339,269,308,349,378,367,299,412,239,242,310,195,253,201,213,176,169,324,201,199,309,349,248,211,196,195,175,197,156,220,187,175,231,182,209,191,171,127,397,254,152,183,169,147,639,249,155,249,122,250,169,225,192,134,151,219,167,118,128,151,136,153,75,138,120,118,103,127,170,108,84,100,87,76,95,146
20240124,9894,11215,6139,4157,3697,3744,6885,5141,3062,3207,2692,2355,12371,1831,1893,1287,1731,1528,1255,4331,1644,1312,1352,1685,1091,837,1226,648,768,915,894,814,690,697,1020,698,634,952,818,822,657,586,666,554,693,598,701,801,563,556,537,651,477,572,584,546,445,426,566,567,493,480,419,420,335,447,370,341,409,361,501,822,381,353,360,279,334,361,285,343,290,441,293,260,316,186,254,236,194,148,212,289,234,219,284,337,216,233,235,193,168,236,126,259,183,194,277,166,193,226,168,141,381,182,230,193,190,175,280,241,130,223,168,192,169,214,118,123,166,140,152,120,124,186,124,150,71,145,107,110,128,132,132,129,103,93,110,82,99,142
20240125,10094,10693,5337,4055,3683,3485,7816,4993,2859,2896,2529,2282,19293,1687,1827,1358,1892,1324,1369,5006,1461,1192,1272,1661,1101,869,1178,701,703,921,828,762,703,695,806,679,633,902,764,724,649,726,667,612,707,638,698,588,522,496,527,624,531,561,547,543,498,392,553,553,493,452,436,425,356,482,347,302,449,363,523,1003,317,323,355,268,292,318,348,334,289,474,278,297,220,167,330,221,225,161,217,297,241,218,248,337,219,246,199,213,172,225,153,237,173,250,225,173,210,193,182,147,456,160,164,120,138,146,406,211,129,245,115,217,158,261,166,116,130,127,153,95,105,159,87,146,87,102,122,80,132,130,107,127,93,91,75,86,93,155
20240126,9776,10013,4714,3496,3051,3147,7066,4583,2816,2442,2369,2036,12602,1544,1640,1310,1595,1256,1241,3493,1351,1203,1114,1499,934,849,1091,618,664,800,745,665,573,649,697,618,640,800,677,661,651,538,630,566,608,485,600,582,444,429,511,536,474,447,558,459,435,391,475,460,454,440,329,388,316,410,308,333,343,299,479,1011,290,302,336,271,251,324,293,320,255,389,264,326,235,135,243,194,204,173,213,254,195,195,233,315,197,219,176,183,145,201,128,189,191,182,184,180,120,190,157,139,320,122,158,170,164,139,294,215,137,191,144,166,160,203,108,131,116,109,116,115,110,159,82,148,94,137,111,119,119,104,93,128,98,120,96,95,85,117
20240127,8921,7966,4204,2926,2693,2665,6521,3442,2021,1920,1950,1833,6881,1207,1191,1162,1107,1095,942,2646,900,1035,805,872,972,665,1086,538,528,602,635,566,404,425,446,446,509,632,367,547,467,444,542,360,469,349,426,455,361,387,455,307,354,329,399,320,367,347,324,304,337,366,277,291,240,393,233,285,307,237,569,846,213,262,265,255,233,215,169,208,152,321,188,205,177,134,189,177,160,128,218,143,194,116,160,194,143,146,180,127,160,125,106,121,157,167,211,124,110,110,143,145,357,121,113,116,149,102,52,179,107,93,120,109,109,148,131,90,104,89,117,70,69,68,101,116,67,105,93,106,74,89,74,109,89,69,66,55,75,54
20240128,8695,8205,3975,2806,2531,2804,6071,3572,2037,1830,2101,1862,7160,1231,1220,1137,1138,1056,924,4140,874,899,815,1295,939,599,1010,559,571,690,615,575,420,437,491,559,478,631,411,641,473,462,613,355,450,438,402,344,371,381,615,298,366,424,421,315,357,313,284,312,435,365,314,272,314,353,210,276,316,269,677,836,218,249,253,211,189,182,180,189,141,316,235,227,233,143,193,186,158,152,179,138,208,136,135,241,128,159,198,554,158,142,137,113,140,120,170,129,125,108,123,131,370,134,112,120,162,122,61,222,87,101,101,97,113,141,116,99,89,88,147,92,84,104,80,103,57,100,110,102,72,82,92,91,56,81,75,57,89,42
20240129,10398,11847,5956,4165,3796,3735,7425,5243,2796,3046,2765,2529,22242,1885,1803,1295,1909,1362,1358,3547,1511,1243,1254,1369,1077,901,1402,728,790,871,795,712,775,686,802,738,619,892,756,737,668,661,724,551,688,723,695,574,585,536,594,564,471,544,575,620,501,408,630,551,615,464,413,405,363,368,373,357,438,401,699,927,361,333,413,278,354,361,265,369,316,596,274,270,247,167,342,239,213,200,203,295,224,228,313,358,223,246,195,1950,228,254,143,268,198,174,249,195,161,239,174,140,473,156,158,185,188,148,289,226,153,252,120,249,166,191,149,122,148,135,186,116,110,161,89,208,90,143,120,118,116,128,132,116,97,141,81,69,136,120
20240130,10801,11970,6950,4319,3925,3872,7769,5161,3286,4212,2903,2513,23165,1741,1847,1405,1885,1257,1289,2665,1889,1315,1400,1558,1111,893,1254,763,857,910,1182,810,746,782,769,743,645,897,841,745,678,643,696,552,673,628,654,647,513,537,504,583,550,515,588,625,508,438,598,473,527,478,427,405,426,470,418,372,367,462,598,1102,365,342,426,300,290,336,333,374,344,464,314,227,234,182,313,238,203,175,224,337,230,245,287,366,221,244,185,1477,186,255,166,270,181,561,165,182,184,200,185,178,459,172,180,148,184,136,262,227,144,248,123,223,176,213,152,123,127,136,170,100,110,169,122,166,89,158,121,86,139,120,146,106,81,129,84,66,108,124
20240131,10933,11798,6489,4505,3865,3857,7767,5813,3703,3585,2896,2455,17591,1726,1790,1408,1892,1252,1352,2187,1512,1272,1298,1767,1158,934,1253,845,813,901,1297,793,666,737,809,743,660,883,944,765,647,762,713,590,696,769,755,581,496,539,488,571,467,559,537,595,477,446,602,572,516,473,405,398,318,548,368,362,466,335,563,978,463,327,356,304,321,369,336,330,264,400,369,278,250,153,334,222,233,192,234,345,209,197,311,359,204,195,225,635,192,238,171,212,184,342,281,194,175,217,187,170,435,158,178,163,146,149,327,241,122,275,91,164,187,236,161,153,155,125,176,116,108,191,115,158,69,136,142,118,121,118,128,112,82,99,100,81,97,103
20240201,8967,8090,5173,3686,3570,3089,6831,4713,3907,2530,2472,2368,10014,1565,1764,1462,1608,1207,1377,1857,1337,1249,1202,1593,1100,728,1171,754,701,846,904,686,625,707,697,638,667,685,789,733,574,671,712,605,705,765,672,522,513,491,498,593,611,523,490,512,482,398,483,510,486,398,388,380,333,484,333,360,402,316,454,998,316,289,380,270,295,277,288,333,317,324,234,254,219,153,273,197,220,184,200,262,237,239,306,272,230,206,199,237,184,191,145,236,147,225,195,146,141,186,198,160,352,138,162,156,149,147,343,241,149,206,105,189,168,196,163,152,138,145,134,131,130,189,104,135,72,121,131,107,127,116,114,129,77,94,55,78,85,102
20240202,8805,6738,4934,3399,3399,2662,4739,3273,3359,2228,2191,1950,7328,1548,1614,1224,1430,1189,1261,1245,1217,1329,1053,1206,984,751,1027,650,666,763,837,684,541,614,664,630,601,669,648,659,600,588,579,546,654,691,548,513,436,433,521,505,526,429,532,432,468,425,459,447,458,407,383,360,313,439,617,292,353,312,471,925,331,322,310,238,248,287,304,287,354,335,259,176,208,153,245,187,253,175,169,239,198,176,293,216,238,214,186,227,233,170,160,172,164,168,236,166,171,184,176,156,319,115,140,151,160,130,377,188,122,182,134,161,162,165,148,116,100,123,119,97,121,143,108,145,96,130,103,92,103,104,120,253,80,100,71,86,73,82
20240203,8669,5303,3590,2797,2449,2257,5572,2360,2528,1555,1709,1788,2878,1425,1124,1025,1002,1003,940,1004,879,893,700,676,840,580,957,585,552,602,614,464,401,401,409,459,443,542,363,508,429,420,496,384,442,543,369,394,340,355,444,302,353,330,411,269,397,326,269,279,350,340,288,261,223,331,235,310,261,237,383,647,192,253,254,222,216,194,195,195,152,231,212,202,202,120,180,150,178,119,147,120,222,149,132,155,161,189,207,258,194,131,112,99,128,127,202,128,106,105,115,146,286,192,104,101,130,100,74,140,107,95,102,109,91,103,92,74,82,83,128,72,98,76,92,81,64,63,102,87,64,59,93,135,87,56,78,58,89,41
20240204,8210,5289,3681,2848,2449,2500,4034,2529,2352,1623,2080,1605,2355,1138,1103,1027,923,838,874,1051,852,851,715,726,896,606,993,576,524,545,565,530,445,427,401,446,430,574,397,551,477,426,490,333,504,570,456,477,379,371,428,277,339,347,403,286,451,339,291,365,327,328,278,279,229,307,230,266,281,260,351,655,203,224,268,257,245,193,172,206,160,243,208,172,206,134,192,167,180,120,185,108,217,119,124,122,154,159,195,207,166,124,161,121,142,132,197,120,107,92,120,153,304,115,102,128,91,102,114,153,98,107,110,71,100,124,87,109,69,96,111,94,92,79,85,80,66,90,93,97,100,76,81,114,82,86,50,73,79,48
20240205,10175,7711,5196,3780,3429,3106,5257,3466,3527,2493,2469,2245,5216,1532,1670,1195,1514,1099,1169,1622,1401,1084,1121,1114,1096,835,1117,873,662,783,703,704,683,591,745,620,609,705,795,700,913,632,647,617,612,790,635,643,495,507,484,480,485,504,494,434,501,431,475,463,417,419,410,423,320,477,307,358,389,293,421,858,340,319,340,284,288,301,302,334,266,334,252,263,231,157,287,220,211,165,230,239,199,215,221,198,200,221,190,231,210,188,195,192,186,169,227,150,163,194,161,177,318,199,169,151,149,149,344,188,140,217,109,160,165,172,153,135,131,110,119,101,95,157,103,136,79,111,127,96,125,118,145,131,80,76,71,57,95,104
20240206,10430,7461,5051,3681,3671,3347,4708,3486,3734,2612,2517,2186,5589,1600,1805,1196,1572,1082,1387,1334,1236,1186,1117,1143,1118,934,1061,980,650,808,743,717,681,660,830,633,670,740,733,768,707,600,732,591,635,681,600,679,713,520,508,554,479,507,522,536,524,471,517,455,441,390,404,351,390,494,306,291,323,289,371,762,360,332,354,299,325,303,282,330,269,450,255,269,248,170,266,215,206,181,228,229,228,169,261,225,198,229,186,226,222,189,165,249,167,188,224,156,168,176,185,174,365,149,154,147,150,157,411,223,102,197,122,182,139,215,134,161,124,112,125,100,115,141,99,151,92,99,102,98,113,125,163,98,95,79,87,74,98,90
20240207,10321,7334,5052,3829,3687,3288,5437,3388,3400,2565,2496,2179,5412,1594,1808,1319,1601,1257,1354,1104,1261,1082,1188,1363,1087,858,985,857,684,878,716,672,686,656,714,1004,655,794,769,694,674,665,602,595,731,638,617,605,571,505,551,562,438,541,540,544,529,454,506,523,455,455,414,344,363,424,290,291,371,321,351,866,346,361,342,377,318,329,349,371,299,447,301,259,222,154,270,206,182,148,236,269,200,209,305,215,200,220,163,415,199,189,164,171,170,169,270,150,176,264,168,141,345,164,150,170,131,150,373,270,140,273,109,139,150,202,141,138,103,107,126,107,116,172,101,134,82,144,107,89,124,130,135,119,94,93,78,77,106,131
20240208,10230,7114,4892,3697,3459,2998,4620,3100,3395,2340,2408,2194,5583,1628,1649,1312,1457,1254,1220,1126,1224,1191,1124,1219,1097,809,968,802,641,819,660,788,696,640,648,668,614,721,798,613,688,593,580,637,727,668,625,525,559,519,468,531,469,514,526,573,478,424,448,537,422,409,407,296,381,396,277,348,320,496,431,711,337,284,313,282,259,353,337,352,282,462,267,241,224,154,259,178,197,175,225,267,230,202,251,241,194,214,211,508,200,187,152,196,181,137,247,142,201,205,201,155,389,146,137,128,173,149,441,184,126,184,128,147,147,188,133,161,150,132,129,104,104,137,99,109,87,109,127,93,127,105,121,91,94,79,74,88,101,95
20240209,10818,6335,4638,3309,3088,2884,4928,2952,2944,2162,2119,2049,4441,1466,1511,1240,1424,1043,1273,972,1821,1002,1035,886,939,703,918,688,598,681,628,629,605,603,651,579,581,610,704,679,580,579,488,572,582,544,494,483,457,423,456,479,453,455,489,543,488,400,441,451,440,410,384,310,315,347,285,288,340,362,359,712,313,276,286,279,281,271,284,280,258,408,225,336,298,164,250,195,204,174,192,234,201,145,209,182,195,187,184,344,163,137,134,200,146,169,193,158,152,160,175,143,280,161,127,143,135,145,404,170,129,169,111,279,118,170,142,112,110,112,135,99,110,150,90,101,93,122,97,86,107,95,99,104,93,92,93,70,76,114
20240210,9734,5238,3299,3280,2644,3042,3683,2293,2299,1470,1858,1505,2855,1126,1095,1177,941,1088,950,1132,1088,843,752,797,893,562,749,595,526,499,495,431,457,369,351,428,502,513,322,488,402,444,424,371,483,381,375,315,339,354,442,310,427,367,415,350,373,361,293,299,333,263,308,222,268,303,229,251,299,271,304,584,207,200,205,228,237,295,171,159,188,318,193,166,232,141,182,158,187,134,149,119,194,130,166,128,146,137,140,176,132,114,101,105,147,85,191,146,113,135,147,93,309,97,116,103,114,102,62,128,83,90,92,92,110,114,94,70,88,82,108,64,69,81,89,69,56,89,84,96,92,74,89,98,82,64,62,64,83,55
20240211,10318,5174,3576,3304,2602,3354,3707,2303,2308,1484,1850,1601,2815,1047,1151,1210,1013,1057,937,1388,1036,821,775,867,909,549,824,698,569,541,490,463,408,408,480,473,524,544,353,480,418,422,510,391,464,410,408,428,346,425,339,348,347,382,388,301,356,346,259,324,332,272,283,273,314,327,248,235,292,364,327,687,229,219,214,271,227,335,151,182,163,451,195,260,202,150,186,156,182,138,163,129,164,152,128,154,144,160,163,199,129,103,129,108,136,66,185,131,103,107,168,138,269,111,108,134,165,135,67,148,81,82,82,82,123,112,65,71,69,74,102,94,71,68,88,87,65,83,111,102,92,71,92,88,74,79,72,58,74,56
20240212,11036,7251,4836,4812,3425,4841,4623,3011,2948,2143,2205,2316,8182,1495,1601,1450,1611,1081,1151,1658,1322,1066,1179,1026,1021,1946,1036,799,689,752,622,674,783,586,691,1231,632,671,656,653,600,597,600,470,555,650,512,583,475,432,427,524,441,496,509,502,473,415,526,413,377,347,367,354,303,372,313,301,351,393,356,723,395,342,328,303,285,290,255,312,268,409,237,289,221,170,268,160,206,146,213,232,225,192,380,206,181,222,188,206,187,219,172,207,153,144,184,156,169,162,168,146,368,142,141,171,162,154,259,203,134,210,119,127,134,166,144,137,97,101,119,90,119,150,93,130,76,128,136,116,110,126,145,117,83,103,81,85,94,117
20240213,11151,7182,4763,4165,3478,3514,4750,3127,2791,2142,2291,2213,7270,1650,1619,1543,1610,1153,1250,1568,1158,1119,1069,1221,1031,1186,1107,841,677,788,637,698,757,657,711,859,616,693,713,594,586,537,525,554,594,573,618,518,462,480,448,524,449,487,509,600,454,379,512,450,456,394,358,434,368,379,430,316,339,336,410,807,318,357,335,279,297,373,275,271,270,445,289,241,225,181,279,241,239,218,218,238,266,185,262,197,176,195,163,266,164,207,159,194,207,162,244,182,171,168,148,132,395,139,152,161,175,127,296,223,114,211,110,135,152,164,129,119,130,103,136,100,118,151,109,138,100,119,105,99,109,137,145,111,85,147,78,79,110,172
20240214,10648,6611,4860,3719,3403,3397,4408,2943,2805,2171,2140,1980,5609,1405,1608,1327,1501,1324,1181,1549,1230,1073,1082,1252,958,803,1022,769,684,731,592,637,732,630,757,641,672,708,772,608,537,567,537,591,563,570,548,537,465,418,419,569,548,486,459,554,439,389,515,458,428,418,380,354,404,413,312,278,315,386,405,688,311,394,347,291,274,298,294,331,301,491,232,213,175,163,254,250,238,196,184,238,202,203,256,212,154,165,150,209,175,188,142,221,178,160,204,141,185,184,177,134,318,157,155,121,149,146,254,199,146,196,112,145,132,154,179,151,108,118,125,121,137,155,124,129,124,138,135,107,99,118,112,116,87,106,85,58,91,130
20240215,11162,7258,4614,4005,3527,2997,4683,3131,2750,2270,2193,2929,8455,1612,1625,1448,1594,1204,1195,1439,1203,1153,1063,1241,1218,1124,977,794,679,869,628,663,724,645,789,629,638,679,751,612,571,626,615,1016,624,541,618,552,595,517,470,511,545,478,503,455,473,831,483,564,408,421,346,386,349,416,302,310,360,323,395,824,339,301,324,274,317,282,281,309,261,453,282,232,241,150,250,260,325,156,202,264,228,197,318,240,197,191,186,404,205,197,143,214,167,180,237,170,179,171,187,165,316,148,143,143,148,166,382,187,155,185,120,192,150,148,188,135,100,130,122,116,107,141,91,155,113,113,359,71,131,111,124,116,93,93,83,71,114,110
20240216,11053,9233,4426,9901,4463,3411,4638,3007,2703,2141,2073,12884,5747,1491,1532,1411,1456,1079,1189,1080,1203,1054,1010,1135,7121,8813,979,789,679,743,592,620,608,541,625,697,652,701,661,1161,642,634,635,818,524,573,698,594,437,453,431,443,509,461,479,555,501,10272,453,764,399,439,342,372,379,386,296,361,361,340,449,783,293,328,316,300,836,265,283,315,243,453,233,381,231,176,219,256,284,168,179,266,185,189,271,216,170,221,187,616,155,166,146,165,134,210,358,174,169,148,156,149,305,163,140,151,150,121,234,221,135,145,145,162,148,174,147,125,109,141,114,105,94,117,97,125,93,129,205,99,116,104,104,95,97,94,71,74,107,75
20240217,9931,6127,3397,4878,3159,3641,4370,2397,2283,1635,1871,2990,3010,991,1218,1183,969,1895,1095,1271,1224,882,821,691,2259,2432,854,590,609,680,498,510,450,422,469,515,517,579,376,613,441,435,461,454,525,399,429,339,355,394,439,367,342,376,392,315,413,1746,281,416,271,362,314,319,297,328,261,265,273,327,353,696,215,240,213,259,355,260,139,206,141,340,204,241,174,107,180,213,199,150,161,142,185,162,136,161,148,137,229,269,142,129,109,122,121,158,210,131,86,91,152,167,283,103,100,160,130,116,90,167,108,83,112,111,132,143,113,97,80,93,101,81,89,89,80,76,90,82,346,93,108,92,83,93,84,87,55,63,66,50
20240218,9819,5416,3802,3077,2923,2957,4020,2510,2451,1666,1863,1710,2687,1031,1253,1300,1018,1103,1122,1030,1004,814,777,699,1095,710,994,562,595,617,452,576,474,375,469,488,534,478,452,515,453,436,483,419,500,409,414,353,448,380,433,285,380,356,401,319,380,470,275,285,338,308,266,340,258,317,212,309,335,243,341,620,226,256,213,242,298,280,180,185,165,336,192,193,192,117,180,188,213,115,158,148,182,171,131,156,113,142,201,172,155,124,128,125,141,147,185,114,111,109,136,131,268,111,137,129,150,123,67,159,85,81,84,95,112,117,128,113,88,113,109,72,103,66,86,104,73,80,137,91,102,68,85,112,96,82,84,55,76,59
20240219,11020,7332,4772,3824,3493,2986,5469,3171,2927,2304,2248,2067,6260,1507,1608,1531,1556,1173,1352,1101,1194,1051,1091,1156,1239,822,1066,754,708,965,674,592,705,623,613,621,636,732,689,661,616,531,580,640,720,588,559,564,476,458,514,567,487,492,555,489,487,480,439,445,467,458,376,357,376,377,268,311,396,317,365,811,284,334,259,279,331,360,276,288,261,448,233,232,234,169,306,211,229,181,190,203,179,187,256,200,192,166,194,188,159,191,123,192,200,180,273,165,172,163,163,179,357,157,138,161,153,146,306,203,114,197,159,140,122,186,160,127,124,109,130,162,100,130,104,119,99,111,150,101,143,104,129,102,73,84,78,96,117,105
20240220,11455,7672,5700,4621,3932,4264,4965,3282,3008,2376,2307,2264,6365,1822,1744,1839,1579,1081,1352,1485,1268,1200,1152,1228,1052,835,1044,795,677,801,739,720,755,660,669,657,637,812,767,906,607,586,632,837,736,582,581,571,541,570,493,524,507,530,536,502,479,482,516,445,499,445,405,407,364,381,378,360,439,310,412,682,337,358,357,259,298,407,364,323,336,460,250,250,253,174,347,244,245,209,192,230,223,199,268,261,198,194,193,197,177,206,155,221,203,189,176,163,166,192,183,185,421,159,141,162,143,199,344,195,144,223,114,140,160,191,144,133,124,124,131,127,118,140,108,135,93,116,114,99,105,103,128,99,90,81,82,73,92,107
20240221,11609,7144,4985,3963,3768,3578,4816,3330,2889,2499,2391,2093,5801,1649,1687,1816,1619,1016,1340,1284,1284,1304,1204,1195,1080,850,1098,783,755,830,779,637,819,648,665,723,619,756,745,634,618,581,650,847,632,769,577,542,512,583,582,529,440,479,479,529,482,528,477,621,565,454,448,414,392,375,347,354,465,315,395,676,361,355,360,259,277,349,311,308,306,463,245,246,216,164,322,262,254,182,225,273,195,186,287,268,199,236,196,260,205,215,149,205,211,213,255,196,213,213,179,210,314,224,153,159,163,184,194,187,133,239,106,154,162,199,138,137,121,123,129,103,106,149,94,132,122,114,161,107,133,144,113,114,92,99,64,76,96,113
20240222,11497,7411,5285,3596,3618,3203,4780,3294,2971,2452,2309,1956,6826,1680,1715,1690,1611,1176,1419,1184,1361,1272,1116,1073,1052,761,975,702,745,826,749,668,745,690,779,677,637,686,745,839,695,601,642,1546,661,694,545,581,491,537,725,673,460,509,550,660,468,424,425,878,527,794,393,428,456,399,346,344,442,295,442,714,359,355,338,311,294,372,317,370,293,518,326,227,249,203,282,231,251,195,237,208,196,199,275,247,182,209,185,197,267,181,107,212,185,258,213,186,169,154,150,154,353,180,138,187,154,152,198,202,112,186,130,188,140,166,170,142,96,125,149,131,128,161,105,149,110,122,112,88,151,87,115,101,95,118,82,72,84,117
20240223,10776,6544,4407,3289,3598,2932,4461,2811,2869,2143,2086,1894,5315,1456,1539,1527,1411,1050,1221,1085,1333,1227,961,1031,990,822,949,750,684,888,692,702,589,545,661,630,623,654,709,699,636,580,542,608,597,614,546,493,521,458,837,503,428,487,465,531,424,416,460,553,524,718,371,438,331,427,269,313,335,291,497,708,266,362,278,249,269,351,309,306,320,418,248,254,239,175,308,217,228,166,209,251,212,172,203,188,162,189,151,214,230,167,150,194,162,238,229,156,156,190,178,137,357,175,113,186,154,195,236,179,140,170,152,147,147,139,141,128,109,95,131,102,130,124,86,136,94,110,119,85,114,96,102,82,89,71,77,99,97,95
20240224,9894,4896,3470,2577,2989,2270,3951,2529,2211,1409,1574,1632,3049,1127,1178,1295,883,919,856,1528,904,1010,783,1022,830,588,830,514,556,796,514,560,515,421,459,412,485,529,444,500,440,409,500,531,505,385,439,334,336,377,606,328,345,345,415,346,334,350,313,364,349,405,316,319,270,272,236,293,303,273,382,652,177,259,194,217,244,277,190,178,152,346,187,166,200,149,196,190,216,125,167,118,154,178,184,101,112,157,184,168,146,122,131,81,115,117,231,129,113,108,157,151,395,131,121,134,111,133,45,143,105,77,117,70,97,124,207,103,80,88,126,94,85,87,78,91,92,119,89,118,87,73,82,87,80,64,60,54,75,51
20240225,9697,5029,3365,2502,2793,2264,4453,2410,2216,1544,1692,1662,3103,1014,1089,1461,967,909,1004,1358,855,941,827,944,832,640,945,587,596,704,544,475,487,408,444,440,475,516,361,561,484,443,496,407,509,710,458,334,345,379,533,301,372,368,370,287,349,448,240,329,316,485,291,346,262,333,219,323,355,398,352,686,239,266,229,182,224,216,177,175,153,409,207,169,171,180,177,193,251,115,127,127,184,164,139,157,135,131,148,160,133,128,137,118,180,161,220,146,128,84,156,168,230,107,116,115,118,96,49,161,90,82,135,92,100,121,109,93,90,103,127,91,114,79,92,97,93,82,84,77,85,72,80,107,90,59,103,70,113,79
20240226,11131,7473,5249,3524,3867,3031,4884,3450,3133,2463,2194,2079,7768,1636,1594,1808,1523,1280,1420,1656,1227,1168,1145,1056,977,955,1031,762,757,868,761,940,636,1310,727,706,832,688,739,683,591,567,623,695,658,673,629,561,503,468,685,538,436,589,464,591,434,523,502,462,463,390,363,408,370,344,339,345,339,343,508,817,415,346,311,306,316,309,275,298,320,502,284,229,215,195,298,209,262,183,205,247,215,254,266,207,211,199,188,290,175,201,179,255,204,208,247,181,189,204,208,181,350,195,152,163,161,137,204,192,129,204,122,175,133,146,146,141,128,104,133,93,129,153,113,133,209,110,126,105,89,87,125,97,85,87,77,104,87,131
20240227,11534,7894,5359,3722,4102,3371,5307,3311,4198,2734,2425,2026,8714,1630,1744,1923,1669,1357,1336,1406,1272,1269,1207,1267,1100,876,954,811,822,766,803,1143,687,1077,778,717,770,747,788,682,623,581,718,719,644,667,660,561,619,541,796,574,479,631,544,620,465,490,498,547,773,430,342,436,381,420,332,379,420,327,467,792,412,319,310,269,361,326,345,393,397,486,282,265,255,162,301,217,266,205,233,303,262,219,266,222,206,219,169,340,157,198,206,238,171,208,250,190,177,158,198,167,313,167,140,180,162,138,373,179,130,192,113,154,138,164,126,123,188,151,139,112,103,151,97,119,162,130,115,129,136,111,132,113,86,108,87,86,72,139
20240228,12044,8024,5277,3928,4063,4063,5429,3575,7279,2704,2559,2165,9537,1775,2075,2477,1711,1326,1554,1505,1671,1218,1200,1421,1129,942,924,888,826,996,786,1449,750,720,757,752,760,681,754,675,717,688,704,729,720,634,632,597,519,582,846,587,520,563,535,641,553,531,535,594,631,419,386,428,480,443,297,380,369,349,443,782,383,367,374,337,422,356,328,359,374,406,246,318,245,153,325,228,226,205,199,232,258,213,297,267,207,233,192,488,191,201,157,213,217,237,216,172,203,212,192,199,341,156,148,167,160,143,224,205,141,244,119,158,162,192,131,168,225,118,132,101,119,138,116,150,178,133,108,116,134,149,96,105,90,109,95,75,105,101
20240229,11870,7801,5275,4130,3823,4287,6928,3513,7211,2586,2334,2065,6613,1769,1889,2452,1702,1216,1425,1359,1570,1233,1180,1377,1143,990,966,817,740,882,790,1388,705,785,745,714,750,733,787,696,639,593,622,682,671,672,671,570,467,522,787,579,495,546,546,496,567,597,528,547,447,432,423,364,453,458,289,400,478,352,486,677,450,343,354,337,397,350,305,344,329,401,302,286,245,193,338,180,246,222,235,284,259,223,330,205,203,209,181,255,180,237,164,225,185,212,223,167,168,191,179,172,298,159,142,133,184,192,249,164,147,249,116,167,147,167,128,155,233,138,127,120,121,168,111,108,181,148,108,116,136,113,142,121,117,105,78,70,84,140
20240301,11381,7149,4451,3257,3973,3471,6522,3360,5545,2343,2244,2226,7111,1555,1648,2047,1566,1189,1275,1664,1353,1104,1081,985,1019,851,817,784,664,851,727,1631,676,614,711,631,688,661,702,618,569,556,640,620,584,613,568,523,474,490,641,519,465,478,513,781,431,513,403,632,462,393,359,382,407,391,311,343,419,360,323,683,400,300,318,287,316,331,274,314,277,382,255,209,235,215,310,227,262,192,164,226,196,204,243,208,160,224,180,195,143,184,177,192,163,187,266,155,172,175,147,155,296,135,122,127,126,117,513,176,104,151,120,133,140,127,160,154,214,101,144,90,112,134,95,117,206,111,127,106,99,103,115,91,102,80,76,77,80,132
20240302,9845,5266,3995,2707,2912,2584,5179,2714,3498,1554,1597,1579,2653,1144,1248,1724,969,809,914,970,1098,879,846,872,874,600,828,607,560,685,457,1142,468,541,485,540,477,514,410,467,440,443,500,513,530,378,425,349,364,376,614,378,422,519,391,351,329,386,292,342,375,355,294,319,269,292,241,309,324,398,247,589,208,249,243,234,224,217,161,197,152,270,202,207,228,140,176,191,173,176,161,160,145,137,149,118,117,146,192,180,137,98,146,111,152,122,225,117,138,104,132,149,273,117,104,97,108,112,94,136,105,100,110,83,113,84,95,97,152,71,104,132,95,90,85,69,172,96,120,107,82,75,87,91,73,49,102,57,96,86
20240303,9485,5155,3295,2846,2633,2599,5294,2658,3352,1499,1642,1640,2188,1109,1130,1769,913,816,865,754,945,917,808,947,790,695,780,592,547,612,744,958,440,416,454,448,534,545,423,483,471,432,477,450,523,432,419,332,298,367,644,396,428,400,425,315,330,370,253,321,371,330,267,350,270,301,226,250,346,304,298,697,229,239,242,213,256,257,167,177,155,360,223,167,222,155,198,195,197,146,149,129,192,164,126,147,135,145,207,165,114,138,154,106,162,103,209,133,121,94,131,140,283,139,114,117,119,108,60,133,101,98,104,82,128,84,84,103,124,82,123,142,68,82,94,83,162,87,103,116,88,76,75,97,111,68,68,73,92,61
20240304,10827,7932,4978,3999,3707,3773,6803,3527,3886,2443,2190,2024,5976,1609,1738,2239,1573,1007,1200,1142,1366,1084,1255,1227,928,828,908,716,710,746,803,1330,745,619,704,675,672,707,740,652,608,609,561,680,665,704,627,531,505,489,601,555,576,506,506,751,477,489,455,573,485,400,299,444,341,434,305,381,352,398,345,680,342,332,326,278,296,328,316,360,365,456,286,227,243,215,303,246,208,189,199,248,208,237,233,249,219,190,188,206,172,235,176,203,189,237,273,174,188,200,182,138,387,119,167,162,116,155,511,170,131,228,135,171,154,135,98,135,206,96,133,137,146,146,106,122,183,104,110,96,119,116,140,101,93,84,63,71,114,115
20240305,11544,8168,5411,3960,3903,3869,7212,3449,4203,2561,2600,2127,6365,1684,1852,2577,1559,1109,1269,1284,1438,1218,1355,1156,1117,820,947,780,714,845,894,1271,763,633,799,702,699,744,807,848,695,530,738,691,673,718,664,559,496,572,559,574,549,527,560,751,515,494,655,573,468,447,386,505,412,476,345,378,409,407,289,777,365,330,377,274,505,333,370,373,314,368,225,265,281,215,335,190,273,181,198,273,229,239,281,252,620,218,363,283,173,214,336,231,201,207,431,201,156,210,178,166,375,142,154,153,152,118,362,194,139,200,111,171,183,161,122,151,180,133,146,146,154,153,91,137,183,107,160,122,115,144,131,134,102,87,93,97,116,117
20240306,11394,7916,5246,3685,3782,3304,6786,3421,4395,2684,2532,2869,7931,1745,1750,2556,1571,1107,1322,1276,1289,1133,1223,1287,1101,853,933,864,861,803,804,1035,789,714,823,762,701,800,903,964,635,623,750,682,709,704,614,603,549,499,630,550,543,509,620,823,394,470,723,533,453,501,375,452,386,442,310,362,411,342,361,789,417,337,359,323,526,443,349,371,335,382,226,257,236,259,385,245,299,241,250,317,172,203,276,267,613,203,208,351,191,207,222,264,238,206,433,212,217,255,174,188,457,152,160,160,141,166,68,182,142,234,138,147,135,142,128,143,175,132,195,117,139,167,123,121,368,116,129,101,95,104,114,175,97,80,105,80,91,87
20240307,10941,7167,5339,4185,3463,3743,5768,3379,3981,2437,2304,2477,6352,1693,1743,2358,1698,1025,1336,1758,1266,1094,1144,1084,993,779,861,804,881,837,695,1029,688,738,821,720,768,772,837,790,677,547,633,662,695,701,648,585,504,446,617,593,464,473,556,779,411,449,622,540,501,408,406,560,380,452,314,386,385,328,327,624,367,318,352,290,451,331,342,420,445,406,221,212,231,258,339,208,215,192,187,269,223,235,304,238,325,207,213,266,226,304,211,220,189,206,338,171,177,226,180,193,426,160,163,157,140,143,60,126,138,236,132,176,140,159,140,145,147,110,139,124,142,152,134,150,259,111,128,100,101,140,113,142,102,86,77,82,153,104
20240308,10174,5986,4201,5573,3130,2675,5994,3124,3337,2050,2070,2366,4283,1318,1578,2467,1438,1337,1106,1106,1203,940,1027,991,878,712,863,639,711,766,585,960,571,568,650,613,630,840,648,770,555,525,616,549,624,574,528,481,472,414,494,540,432,422,492,636,493,763,450,540,420,362,334,534,313,356,310,274,327,322,314,596,376,316,289,278,399,327,296,332,330,318,203,195,239,247,286,201,225,228,200,242,193,222,230,205,262,201,236,229,146,243,192,176,174,159,396,186,146,244,153,136,320,143,149,144,147,238,105,135,134,159,122,167,169,145,178,151,155,120,173,96,128,132,88,137,216,100,121,120,94,82,125,140,88,79,80,86,117,134
20240309,9544,5125,3637,3008,2945,2554,5445,2341,2626,1447,1751,2035,2006,1080,1127,2291,948,1654,1002,1347,777,848,873,841,791,621,751,582,641,564,556,671,488,407,443,470,563,529,355,649,424,446,530,441,506,475,354,354,348,379,518,328,371,344,397,264,420,536,315,383,337,284,257,352,259,321,244,229,256,263,258,554,250,250,202,313,228,249,207,225,243,259,184,220,177,170,197,147,189,149,132,117,176,151,140,141,203,148,185,143,124,127,137,126,156,79,314,125,105,136,141,168,309,109,131,107,120,160,68,108,113,107,86,79,95,103,98,91,99,64,116,73,156,93,103,96,185,77,103,85,85,83,79,120,83,64,72,73,95,62
20240310,9022,5013,3282,3115,2701,2753,4020,2392,2489,1493,1707,2112,1947,1099,1277,4240,939,1016,918,1174,794,833,758,904,868,570,746,522,631,621,475,595,458,436,457,439,572,492,408,600,490,435,515,544,491,405,390,294,339,338,432,284,361,338,416,365,356,515,306,393,350,274,300,401,265,306,262,256,269,230,265,619,303,275,237,267,233,258,202,214,197,274,210,160,195,192,167,193,178,133,145,120,202,159,165,157,145,156,185,132,137,117,167,143,151,95,359,150,129,111,144,167,356,104,133,128,135,142,58,121,104,90,96,81,129,101,80,93,94,85,117,74,100,69,89,68,121,80,98,89,74,68,83,102,121,93,62,53,92,57
20240311,10106,7183,4801,3958,3601,3416,4695,3123,3262,2261,2333,2053,3855,1779,1630,3214,1539,1115,1085,1526,1134,1097,1205,1220,932,790,836,726,801,678,588,835,765,640,796,710,621,743,775,685,720,566,750,1169,595,487,635,557,440,431,545,533,458,422,537,724,365,898,518,596,685,358,374,526,361,397,348,347,363,301,310,673,397,323,327,246,335,345,320,347,320,317,211,246,256,270,290,198,180,191,227,283,175,214,234,267,213,226,200,317,173,211,161,220,173,180,402,208,145,204,186,208,376,145,187,134,135,220,248,155,137,186,97,164,137,139,122,125,153,105,125,115,225,160,84,112,210,121,119,89,119,136,97,110,98,71,80,90,106,80
20240312,10263,7391,5024,4092,3907,3585,5350,3223,3380,2614,2361,3043,3864,1724,1702,2795,1687,1236,1140,1679,1211,1159,1156,1193,1031,794,881,804,791,798,1021,897,714,690,865,642,680,712,810,747,779,717,742,822,619,663,703,614,514,548,543,542,499,507,539,686,411,690,628,617,630,381,367,442,354,421,350,315,370,325,336,594,410,325,331,283,356,341,296,349,305,325,215,250,213,301,351,241,192,210,194,262,183,213,303,227,212,204,177,474,180,227,163,236,163,267,463,187,215,213,190,214,407,165,182,130,138,159,250,170,159,225,121,179,161,179,128,182,143,158,137,127,163,159,95,139,170,128,125,122,97,127,173,126,100,85,99,75,93,109
20240313,10381,7011,6247,3895,3695,2995,4671,3359,3436,2537,2465,3508,3900,1678,1686,2719,1695,1236,1233,1604,1281,1294,1208,1356,1035,782,966,750,783,791,755,780,692,700,901,791,653,736,874,741,820,585,743,918,697,671,572,593,497,530,505,685,475,462,554,592,434,443,623,524,550,343,349,457,329,460,341,336,350,321,362,561,422,370,370,265,349,345,304,400,386,341,213,204,201,315,319,208,178,278,201,254,218,243,269,289,244,237,230,523,177,197,145,289,197,212,594,194,149,276,177,189,355,183,173,149,134,155,224,175,142,199,102,196,165,156,145,129,125,104,232,115,127,147,91,130,166,97,119,84,113,103,167,129,94,95,63,80,113,113
20240314,9985,6855,6981,3914,3528,3516,4543,3340,3342,2289,2285,3143,5018,1658,1668,2541,1659,1022,1220,1494,1225,1153,1325,1219,1156,857,888,713,769,786,708,766,595,647,835,742,615,667,891,845,888,558,734,691,676,718,513,550,470,515,494,830,486,513,618,457,417,514,613,584,502,426,375,449,339,383,384,353,374,305,326,428,431,341,347,278,331,349,320,355,324,340,205,210,209,257,357,204,161,202,196,264,190,235,316,241,186,202,184,582,241,199,153,212,162,236,1306,180,199,247,168,166,389,162,121,163,141,133,223,151,143,156,97,217,132,145,160,156,165,115,160,139,116,141,80,152,151,95,96,117,117,95,164,115,69,95,102,106,115,107
20240315,9367,6728,6706,3860,3420,3605,5017,3028,3022,1940,2250,1815,7478,1591,1524,2043,1526,909,1195,1734,1092,1051,1151,1185,996,792,811,719,642,742,715,737,595,598,627,728,580,649,601,703,721,522,664,640,632,574,528,519,462,457,514,894,448,399,594,439,362,731,505,459,446,389,346,408,334,378,334,301,388,302,306,428,339,327,290,260,359,297,259,322,281,290,218,205,244,226,311,202,195,212,176,224,178,220,284,193,166,167,183,363,172,177,184,192,153,218,493,167,149,221,160,144,337,153,135,157,128,242,400,148,171,195,123,174,150,132,118,138,135,88,119,105,117,118,89,107,182,123,96,182,86,124,156,142,82,93,82,90,87,98
20240316,8623,4881,4987,2656,2910,2323,3704,2424,2336,1407,1709,1500,2630,1263,1082,1877,1031,859,950,1240,930,761,836,671,765,549,802,444,521,480,450,542,435,406,363,462,490,472,389,507,510,388,466,433,483,388,316,292,348,307,625,345,350,307,417,240,308,352,227,339,335,267,275,309,211,324,290,236,249,330,246,347,181,196,192,225,199,225,159,211,193,204,159,218,213,183,174,207,175,143,149,108,186,168,148,156,142,172,163,175,135,136,149,125,115,134,243,105,107,107,155,130,256,98,97,111,102,132,43,94,101,78,101,91,106,100,95,108,106,85,93,73,78,83,96,79,109,73,115,86,92,84,88,78,72,79,69,45,81,37
20240317,8941,4902,4811,2854,2889,2570,3722,2414,2290,1469,1595,1578,2059,1284,1127,1786,924,734,911,1275,976,793,760,734,770,562,813,521,588,504,549,562,399,382,372,617,410,520,444,489,445,409,484,408,478,400,322,305,472,315,619,356,424,331,414,295,281,413,243,295,317,293,278,265,235,327,374,215,255,270,284,476,181,202,199,231,206,206,177,217,165,214,159,196,197,150,211,187,153,123,137,108,156,159,119,170,201,146,168,126,112,145,153,128,127,94,224,99,131,96,125,112,291,170,122,103,109,123,68,119,163,74,105,87,102,109,121,95,81,76,98,84,80,93,95,65,120,91,94,82,99,82,81,70,77,67,63,78,67,55
20240318,9899,6969,5764,3147,3617,2868,4483,3327,3008,2370,2159,1808,5838,1622,1525,1859,1465,1396,1178,1600,1244,1026,1181,1003,972,770,917,701,635,729,630,680,597,619,608,715,584,642,734,626,632,569,569,1134,660,640,519,481,487,461,835,516,458,473,552,769,428,489,504,513,523,355,290,419,304,349,281,287,352,312,271,646,320,290,306,244,321,329,303,328,327,278,225,192,194,187,284,222,176,186,182,240,196,183,232,240,189,212,187,155,171,200,242,207,130,254,293,134,166,160,166,130,318,163,161,141,130,183,449,182,202,176,106,158,146,112,127,133,148,98,96,102,115,155,76,105,148,89,111,102,137,141,107,103,91,83,73,83,72,90
20240319,9935,7196,5926,4673,3695,4823,4630,3173,2986,2484,2200,2111,6762,1738,1801,1800,1545,2310,1205,1365,1324,1104,1219,1060,920,812,918,769,733,731,794,727,726,639,796,695,607,637,842,613,637,562,615,932,658,721,586,542,499,495,628,639,504,536,590,659,460,484,443,471,562,391,332,440,323,365,300,276,531,317,321,611,331,307,343,327,483,355,289,397,347,337,255,239,241,219,282,174,207,220,196,250,242,228,294,199,212,197,223,183,193,195,403,235,168,208,280,182,171,202,157,130,315,131,190,184,134,131,638,167,221,184,121,139,149,138,153,166,157,90,104,99,140,180,98,131,172,133,111,92,124,126,136,102,90,84,63,103,105,106
20240320,10019,6881,5421,3776,3852,3739,4477,2986,3003,2404,2269,1879,8007,1904,1607,2167,1471,1212,1228,1408,1316,1087,1169,1156,960,827,904,634,727,729,791,698,745,651,760,712,615,603,741,644,602,589,590,718,634,636,526,473,480,421,648,516,447,454,593,536,358,513,539,498,476,413,354,431,317,352,290,287,365,312,315,578,359,309,338,274,1000,341,281,371,329,361,208,267,258,194,292,167,286,193,174,235,204,225,251,240,205,209,175,192,173,225,282,261,185,195,256,158,176,157,187,121,318,167,134,150,122,148,495,159,194,205,116,168,154,134,140,141,137,126,119,108,110,155,96,105,152,124,115,99,116,133,137,86,97,93,68,82,93,83
20240321,9952,6637,6091,3374,3657,3785,4448,3001,2825,2472,2062,1853,5777,1676,1518,2061,1490,1078,1209,1672,1301,1293,1149,1090,924,771,890,685,726,714,749,628,661,949,695,650,622,660,805,688,631,529,565,665,654,634,529,442,476,429,579,566,430,441,563,584,357,479,448,474,492,531,334,364,313,335,340,309,350,277,280,487,305,336,323,352,231,270,294,304,312,311,241,233,251,174,284,254,211,205,163,256,186,226,298,250,243,181,164,203,174,194,228,222,200,225,215,156,157,209,144,102,317,153,168,143,142,131,519,147,186,176,150,183,147,135,140,118,150,120,107,109,105,162,106,123,169,127,126,108,105,129,111,100,88,84,83,83,104,87
20240322,10257,6143,5470,3562,3231,3064,4281,3432,2662,2180,1956,1757,5099,1676,1512,1860,1399,969,1105,1674,1116,1159,1043,1072,987,648,883,677,641,657,675,639,628,694,631,614,611,563,655,538,554,520,523,606,525,583,443,581,438,436,437,487,403,439,495,696,339,480,379,451,455,460,281,389,310,312,342,315,290,344,335,560,305,274,325,260,293,328,272,365,258,312,179,240,213,188,249,217,189,177,136,183,174,188,197,225,160,163,193,162,158,169,206,184,139,166,240,127,141,156,149,123,370,127,116,147,124,130,338,124,159,129,102,135,134,125,142,109,134,87,138,98,125,113,113,105,305,98,95,84,129,115,109,104,72,91,85,92,100,82
20240323,9248,4611,5089,3038,2459,2761,3836,2336,2057,1684,1593,1384,2571,1172,1107,1658,1022,735,834,1141,734,837,877,657,805,553,781,536,552,540,445,459,393,466,401,394,475,425,360,454,445,650,424,426,401,361,344,373,353,329,423,324,353,308,376,329,299,370,273,276,379,257,240,322,194,291,260,241,240,231,320,436,149,241,219,230,227,240,148,176,150,219,167,194,183,176,168,168,140,129,149,130,160,135,144,142,161,132,147,109,133,156,246,126,134,135,229,119,87,96,125,107,257,98,108,118,98,91,103,92,156,88,95,82,96,96,94,115,84,70,91,87,82,86,236,83,231,63,95,77,111,97,89,69,61,77,68,65,57,52
20240324,9280,4508,4291,2964,2674,2854,3822,2116,2042,1407,1744,1369,2514,1089,1164,1625,975,5616,857,1107,670,799,743,699,821,505,740,491,592,542,481,636,370,378,419,486,480,428,373,462,398,457,474,397,398,410,391,545,327,343,399,231,328,308,394,288,297,397,273,235,326,297,259,316,211,311,195,256,238,269,256,403,216,232,467,230,245,223,142,167,149,203,174,150,205,167,218,139,180,137,121,121,152,169,118,139,157,147,157,106,146,138,151,146,145,135,227,124,99,89,109,105,250,147,120,126,95,96,101,95,137,98,71,79,96,99,95,99,80,64,103,87,94,79,227,77,229,84,80,99,75,88,103,91,70,70,66,64,67,49
20240325,10205,6212,4679,3311,3141,3190,4363,2662,2801,2119,1947,1783,6638,1499,1439,1813,1425,1218,1114,1084,1160,1085,1051,1018,787,709,899,667,661,707,599,558,596,608,636,614,555,562,671,535,604,531,566,569,576,601,473,736,442,412,432,495,374,451,499,546,380,408,491,382,405,379,376,447,268,330,257,311,318,281,281,630,316,257,500,282,282,282,299,326,277,291,227,218,200,239,252,208,250,168,188,208,176,243,265,225,178,168,169,186,156,192,146,151,166,140,243,172,141,151,138,121,337,128,139,127,129,142,352,161,176,158,113,143,151,121,114,142,109,96,147,86,90,100,135,101,245,100,94,96,113,132,122,89,76,63,92,71,95,114
20240326,10332,6336,4823,3458,3174,3388,4460,2920,2650,2312,1892,1771,6839,1582,1531,2204,1521,1004,1001,1160,1231,1027,1055,1131,910,832,920,691,699,675,612,670,654,629,696,589,671,623,678,551,620,544,572,552,576,537,566,627,454,447,701,506,445,471,566,563,389,363,430,420,430,388,302,418,295,336,270,272,318,303,308,462,366,323,349,265,310,295,275,348,281,293,237,308,205,216,300,201,201,179,190,239,205,218,284,221,215,164,238,399,168,199,137,174,165,167,220,166,176,144,140,151,344,130,149,116,121,110,542,148,159,186,102,131,147,128,115,128,140,88,131,97,94,133,151,108,175,103,92,120,120,101,120,104,83,82,97,89,93,97
20240327,9980,6101,4682,3156,3579,2707,4531,2983,2644,2550,1918,1671,7059,1492,1693,2272,1533,950,1162,1438,1099,1116,1161,1076,867,790,947,690,725,719,605,666,657,605,703,610,578,661,734,601,557,544,501,590,602,562,501,514,523,435,601,486,437,478,492,460,389,362,434,454,487,327,281,413,305,330,284,302,308,304,265,460,263,274,328,240,268,340,309,279,237,321,189,229,220,185,274,192,214,182,178,236,208,172,323,225,239,186,193,188,148,205,183,204,157,173,162,158,162,159,140,126,321,128,139,125,136,144,676,160,156,149,101,142,136,135,168,123,126,91,119,102,112,146,86,117,190,107,97,107,102,102,105,112,81,64,62,76,95,99
20240328,10398,5927,5319,3032,3477,2671,4890,3077,3455,2195,1856,1671,5791,1533,1556,2062,1377,880,1189,1053,1015,1054,1074,1128,901,658,740,733,601,717,613,750,578,632,657,580,508,618,587,533,581,464,468,545,527,491,464,478,391,493,557,451,491,532,550,520,396,344,404,413,399,834,252,681,261,354,276,290,268,307,326,472,275,236,289,268,254,301,265,240,253,317,213,268,167,179,255,172,286,193,174,271,151,202,243,193,217,167,194,182,149,178,164,183,143,174,172,162,154,173,144,107,295,138,122,169,125,148,743,162,144,156,107,151,131,127,121,114,97,103,123,102,97,119,92,128,201,87,104,136,103,106,92,93,84,61,125,78,78,111
20240329,9629,4973,5594,4816,2775,5267,5456,2761,2491,1723,1782,1542,2833,1216,1214,1805,1121,1375,990,1469,928,984,787,918,937,580,772,645,584,628,565,546,449,508,501,502,498,549,473,454,512,473,515,440,506,452,365,451,390,461,484,392,431,402,425,370,367,357,284,362,371,318,242,669,250,297,249,256,312,333,308,398,248,220,257,303,238,213,220,226,206,236,212,209,249,183,225,154,246,151,163,190,206,166,153,152,137,166,194,158,119,137,136,131,137,145,197,165,134,104,137,112,336,114,133,135,132,140,625,107,163,98,93,122,113,97,132,100,79,90,107,101,98,78,97,100,225,85,103,105,82,89,79,89,89,82,65,57,69,102
20240330,9155,4394,5167,5607,2599,6200,6232,2896,2081,1476,1549,1409,2149,1025,953,1696,879,1144,865,1321,724,765,598,769,790,524,659,566,460,624,525,695,402,490,346,424,431,472,259,388,429,350,472,419,450,461,300,320,297,348,439,320,334,294,389,284,350,272,252,283,319,298,266,567,236,311,218,235,244,296,240,378,204,195,219,234,224,276,141,148,125,209,233,195,173,116,180,237,166,127,139,96,175,139,123,120,148,134,171,150,148,142,116,103,114,95,145,136,100,85,146,127,269,159,104,119,124,98,138,102,181,57,67,62,85,83,85,106,71,76,92,100,87,61,102,77,199,102,77,102,78,63,57,85,89,76,63,69,73,59
20240331,8743,4224,5201,2635,2477,2459,5154,3213,2486,1326,1460,1271,1860,932,982,1662,889,958,868,1050,722,813,766,759,678,517,802,540,586,538,442,408,396,312,330,373,410,458,290,378,401,346,450,341,399,390,349,239,267,297,407,273,301,305,357,259,364,288,228,230,270,237,271,256,182,278,205,218,213,252,217,390,183,212,254,220,214,194,120,163,178,206,191,179,194,215,162,165,161,138,139,106,149,129,112,143,217,141,200,112,117,113,117,99,107,101,163,113,126,77,132,90,264,113,120,105,118,113,92,88,154,78,77,74,94,95,99,77,71,73,87,83,78,58,85,81,164,70,78,111,69,78,80,74,127,56,65,62,63,55
20240401,10087,5577,6670,3195,2960,2744,5796,3821,3729,2142,1788,1766,2976,1383,1212,1833,1267,2702,1025,1007,904,934,932,851,770,654,827,640,624,636,542,508,538,523,566,547,478,555,528,474,458,475,518,446,516,541,456,423,371,403,501,393,403,336,482,424,476,363,376,340,345,299,356,342,270,309,226,248,289,281,253,399,304,226,346,275,261,283,236,247,252,277,188,153,180,177,218,160,211,149,117,400,277,152,152,158,281,177,185,161,155,159,141,166,118,155,208,127,200,119,140,116,331,117,123,115,116,125,693,118,136,118,94,108,134,116,135,97,101,90,114,103,86,104,78,79,224,71,103,97,90,88,95,88,143,62,83,90,87,61
20240402,10390,6142,7351,3501,3606,3121,5896,3768,3721,2337,2031,1969,4026,2164,1562,1657,1573,3443,1077,1707,1044,985,1065,1105,849,820,812,628,658,703,680,647,653,591,611,550,601,655,703,586,594,548,529,590,529,538,516,445,419,432,611,503,381,418,495,612,421,387,423,435,456,441,359,392,528,348,281,316,294,253,311,512,306,293,295,266,303,308,293,301,281,485,205,230,232,162,260,227,206,181,210,959,228,206,264,190,243,168,207,164,160,175,151,208,143,135,191,164,197,139,124,112,382,116,130,120,130,150,674,176,215,206,106,176,154,138,133,102,121,106,345,110,97,118,107,125,206,89,131,115,87,101,114,92,192,78,94,68,92,108
20240403,10571,6340,6348,3901,3538,3362,6227,3552,3154,2483,2185,1886,3781,2156,1514,1950,1489,2766,1157,1708,1057,1114,1000,1242,861,796,846,718,688,685,649,619,590,605,689,659,568,634,742,559,613,524,506,572,569,500,514,496,422,396,798,577,447,457,509,484,455,422,479,441,448,357,307,418,593,376,292,273,304,279,293,513,308,299,380,288,288,332,452,327,308,515,230,192,210,175,303,212,203,206,200,326,189,194,267,266,187,197,194,240,148,209,171,238,154,196,192,149,156,181,170,130,345,149,150,134,148,163,521,149,177,225,92,267,176,116,144,96,105,123,265,112,97,139,98,111,222,92,109,97,99,126,117,117,103,77,94,91,84,116
20240404,10437,6371,5260,3243,3517,2722,6262,3510,3140,2272,2044,1982,4057,1974,1508,1756,1569,2219,1175,1797,1088,1110,1066,1081,943,663,894,651,641,695,605,581,614,541,601,618,666,689,717,515,568,485,689,541,577,534,527,448,448,433,658,515,450,441,556,457,426,384,485,450,421,358,332,345,379,326,242,344,307,295,318,505,319,262,322,278,259,347,316,350,283,356,221,224,205,211,333,190,176,176,169,253,178,211,243,174,190,198,196,218,170,205,136,251,143,204,167,122,138,194,141,138,367,150,134,132,165,140,482,141,215,194,101,163,145,123,177,125,128,127,117,83,92,171,85,129,215,111,95,102,104,114,142,126,106,80,89,81,82,85
20240405,10317,5749,4589,3080,3180,2578,6253,3983,3413,1876,1950,1739,3751,1666,2486,1519,1462,1738,1164,1620,1059,943,949,968,833,634,938,620,641,639,686,607,539,552,612,529,560,584,577,470,597,447,570,467,556,556,480,412,473,374,710,459,417,447,446,572,418,349,454,450,391,384,330,339,352,332,259,273,284,288,281,452,294,255,327,300,274,319,265,325,244,303,203,217,194,181,292,187,180,167,175,272,158,159,236,186,173,183,234,179,154,188,127,187,115,176,161,144,155,152,150,117,398,121,95,111,127,130,433,128,166,148,99,152,141,152,105,144,110,98,151,82,94,136,83,115,187,105,89,130,70,99,94,92,109,87,90,93,69,107
20240406,9178,12936,3892,2921,2501,2469,6093,3264,2346,1346,1427,1531,2417,1252,1108,1324,1013,1338,902,1387,637,815,764,821,1243,566,825,504,529,516,541,601,421,345,359,423,483,479,316,388,384,360,441,393,422,458,339,284,282,309,580,259,352,292,393,361,293,319,274,301,339,288,329,267,243,268,257,245,192,265,264,365,191,332,216,200,207,184,176,182,119,234,188,164,191,153,169,174,145,145,167,145,137,98,99,102,124,144,193,127,108,127,136,129,109,109,160,101,96,91,105,103,262,102,112,120,104,161,215,112,161,83,67,76,105,86,83,86,76,93,100,81,111,75,86,137,131,77,85,98,94,68,92,65,80,50,87,74,65,68
20240407,9221,6437,3487,2571,2436,2187,6164,3059,2195,1254,1471,1448,2386,1056,1025,1266,1024,1195,797,1297,619,801,779,832,671,533,868,462,525,555,461,415,360,386,369,458,480,438,339,365,386,370,446,337,415,351,365,287,282,314,490,297,316,303,419,323,307,315,261,248,306,274,283,266,209,262,215,227,204,293,270,391,210,409,254,189,217,189,176,173,113,186,179,156,174,167,163,167,140,121,149,143,136,152,121,159,141,145,193,140,122,125,118,100,125,113,111,113,113,85,113,118,299,87,99,113,81,96,67,98,151,82,79,70,102,111,86,102,85,60,93,94,86,81,97,96,158,90,116,92,85,65,66,107,52,47,90,82,77,45
20240408,10008,6478,4265,3463,3285,2922,7079,3623,2716,2048,1825,1742,4202,1495,1458,1666,1517,1580,1128,1604,1657,951,1079,1134,799,708,932,605,684,606,596,589,572,544,594,569,577,560,651,500,594,497,583,495,499,473,468,554,427,402,610,468,400,359,529,632,372,345,415,437,375,295,303,336,314,316,313,292,320,258,283,435,287,408,327,276,254,285,300,340,238,279,188,223,208,237,245,181,194,165,154,225,148,181,219,213,185,184,216,124,170,210,131,198,151,161,148,133,147,192,143,123,363,125,130,123,110,128,353,137,190,180,81,179,130,130,116,112,109,92,119,116,137,121,107,104,187,104,167,399,104,121,98,98,97,108,86,88,84,67
20240409,10272,6164,4183,3943,3260,3759,7034,3258,2769,2123,1841,1756,5425,1679,1402,1527,1460,2740,1137,1552,1224,1024,1089,1159,1122,697,963,645,716,672,813,628,621,568,606,628,641,584,595,530,608,471,555,541,573,518,527,523,426,454,566,510,392,424,519,435,434,457,435,497,424,332,319,337,346,379,265,296,263,259,292,460,313,342,359,286,277,264,248,339,253,292,257,203,179,211,289,186,187,197,144,249,244,220,224,202,173,180,194,175,129,210,122,190,200,141,211,139,150,194,140,135,325,141,169,120,162,131,486,166,190,223,64,186,132,135,125,122,125,135,122,99,98,135,89,105,213,93,116,148,87,96,104,105,120,79,77,73,85,90
20240410,9966,6067,4058,3149,3272,2582,6935,2774,2860,2316,1837,1619,3951,1633,1430,1395,1692,2112,1131,1480,1093,983,1025,1120,848,744,1007,620,704,686,639,613,641,605,643,605,640,534,624,502,607,521,535,510,559,561,588,518,465,441,551,511,402,468,496,550,408,385,573,443,411,350,303,334,353,376,265,248,292,311,341,397,329,299,299,288,274,308,544,322,286,293,215,250,197,194,281,174,152,177,150,285,194,196,243,192,189,190,168,176,179,209,162,190,143,160,155,140,182,185,158,144,353,131,122,120,151,135,548,146,188,191,84,160,123,142,128,114,123,129,122,104,89,155,83,121,249,105,123,105,116,130,85,91,114,74,76,79,82,98
20240411,10204,6242,4362,3019,3347,2671,7158,2975,2626,2043,1937,1706,4594,1687,1576,1903,1535,1566,1142,1679,1061,1045,996,1027,849,687,1278,592,709,714,633,569,636,602,678,619,633,597,643,479,695,543,551,545,552,581,559,538,480,409,523,518,423,412,524,669,404,379,502,424,437,359,317,387,328,367,298,277,325,290,331,418,320,292,301,217,244,339,1206,334,257,295,212,250,186,186,261,218,163,164,163,208,195,214,236,211,170,171,179,203,164,156,141,205,180,199,142,152,173,180,175,154,314,129,124,144,143,153,565,166,161,186,100,150,122,119,154,102,163,107,100,106,105,145,127,127,310,163,102,84,99,108,93,96,274,78,65,97,82,113
20240412,10141,5608,4257,2929,3144,2475,6890,3381,2583,2065,1783,1576,3765,1583,1388,1868,1480,1780,1230,1594,1133,936,942,902,875,654,1272,584,661,568,605,551,534,545,646,571,628,656,567,424,539,429,518,530,541,485,430,503,386,404,481,448,384,386,495,519,346,383,458,396,395,394,291,343,327,328,275,303,316,260,327,407,313,271,342,254,235,414,244,279,255,289,173,226,174,155,287,199,221,155,157,228,157,195,236,191,200,190,198,135,158,162,190,192,140,176,144,171,155,160,150,143,300,149,148,124,112,136,474,135,154,134,84,129,123,162,135,111,82,95,121,113,106,114,82,106,249,132,88,94,112,95,94,94,113,62,72,92,101,104
20240413,9420,4618,3355,2317,2718,2208,6483,3308,1808,1289,1439,1502,3394,1143,1050,1413,1011,1425,902,1381,677,783,676,963,766,506,1349,471,537,486,482,915,409,377,426,452,437,528,327,394,440,408,432,350,417,374,333,307,305,312,421,317,323,303,349,250,312,328,229,260,268,277,263,257,241,278,188,244,221,239,229,409,203,175,211,214,179,192,147,212,133,226,198,160,169,152,169,162,222,133,126,101,146,162,119,146,129,181,186,164,125,111,142,112,108,104,129,134,94,144,135,134,313,94,110,104,91,77,205,109,153,84,82,83,95,100,68,85,99,81,107,81,69,60,102,84,234,63,103,104,70,100,74,76,68,59,67,56,75,36
20240414,9518,4251,3213,2523,2411,2764,6593,3218,1806,1239,1519,1425,2884,1129,1135,1731,1104,2698,779,1392,717,811,787,600,1195,513,1274,457,543,501,494,871,356,354,345,393,511,464,370,353,419,432,441,368,563,342,269,336,295,332,367,373,329,305,354,242,286,313,280,267,337,280,270,273,203,258,227,229,223,215,279,430,182,187,231,213,260,201,190,187,120,214,167,161,158,149,181,178,145,119,148,110,125,141,123,141,105,207,205,105,110,137,112,122,129,65,115,115,91,114,141,128,275,98,109,114,99,96,76,90,122,80,99,59,73,100,81,92,111,74,116,105,75,75,79,72,211,97,58,97,67,74,84,72,71,51,77,91,84,37
20240415,10708,6381,4716,3210,3251,2757,7195,3907,2595,2332,2069,1812,7410,1795,1597,1887,1635,1553,1064,1692,1263,1040,1091,1030,1262,722,1223,1094,621,638,697,889,643,676,727,612,641,659,632,502,585,585,552,520,779,548,552,547,461,398,551,462,436,506,510,561,400,390,439,392,391,382,336,385,402,349,274,301,337,236,339,544,308,561,308,259,300,299,276,298,242,314,234,233,212,190,270,189,172,179,199,222,191,183,251,212,176,258,177,161,160,179,152,271,139,137,154,195,149,190,172,156,342,153,118,129,139,119,404,154,173,185,84,133,138,157,131,124,138,90,159,99,116,113,126,106,271,85,111,115,114,120,107,87,99,59,59,80,90,85
20240416,10579,6535,4522,3341,3290,3239,7107,3844,2720,2322,2013,1875,6088,2678,1566,1675,1622,1537,1127,1705,1404,1242,1121,1255,1055,799,1133,621,720,776,637,1075,682,653,701,603,681,671,659,438,546,561,610,500,544,528,542,507,436,426,521,532,395,501,510,687,373,433,500,428,384,347,305,365,346,312,245,325,307,299,326,597,290,392,316,667,292,332,279,302,273,285,202,207,177,234,298,190,188,190,169,241,183,191,245,271,194,195,218,185,180,181,153,206,143,168,141,167,166,164,161,154,368,166,136,115,129,110,385,152,167,203,95,164,104,160,130,110,184,125,107,144,124,120,110,120,219,172,99,84,95,93,105,121,74,63,78,95,111,79
20240417,10660,6525,4636,3588,3120,3105,7294,4037,2461,2252,2087,1752,5012,1697,1570,1673,1585,2256,1166,1663,1322,1190,1140,1085,836,721,1083,705,1823,686,759,1135,615,607,772,642,660,646,769,528,625,545,566,547,561,542,565,566,423,404,503,521,557,438,520,522,632,446,500,426,426,318,283,332,419,344,268,325,339,265,290,803,333,404,353,289,299,335,968,335,268,266,213,207,210,190,305,190,225,172,171,242,234,221,260,220,229,221,193,161,146,217,130,234,168,161,146,145,153,177,156,114,392,156,179,123,169,149,691,134,174,197,79,197,127,180,128,116,145,104,121,133,100,134,104,145,203,114,121,123,111,107,81,109,96,83,82,88,104,92
20240418,10722,6413,5349,3300,3375,2709,7356,3918,2489,2202,2065,1903,5161,1728,1523,1568,1626,1740,1149,1585,1173,1178,1173,1049,1607,710,1253,679,1070,650,636,943,612,721,719,592,657,623,745,551,563,493,588,505,565,589,558,553,433,406,548,532,651,418,520,524,431,439,487,432,449,354,294,335,378,354,274,334,295,307,312,474,325,293,355,322,252,298,279,309,279,312,214,235,178,195,321,188,208,192,158,199,191,227,266,261,192,175,170,154,159,205,125,247,135,173,125,154,176,153,143,132,307,116,132,118,125,129,576,134,163,227,88,186,98,146,137,105,151,135,128,110,90,150,86,183,244,106,101,101,85,107,77,93,80,74,68,71,83,84
20240419,11068,5946,4162,3221,3504,2805,7070,3508,2500,2120,1834,1708,5637,1675,1408,1565,1425,1286,1115,1115,1136,1013,967,878,857,660,1128,624,796,706,636,925,591,580,679,559,582,639,616,507,672,489,541,537,579,497,508,418,427,437,472,476,614,415,468,576,380,393,438,437,418,373,383,317,370,329,264,316,283,280,301,508,287,312,271,256,287,261,251,242,235,332,210,241,197,171,278,188,167,224,170,203,194,198,222,196,194,213,254,191,163,157,154,160,131,177,149,170,158,185,156,144,388,141,120,157,137,166,528,129,149,197,91,164,112,145,122,128,115,104,116,97,80,110,103,133,311,94,105,99,99,93,99,95,81,78,82,80,70,78
20240420,10519,4541,3365,2482,2362,2585,6604,3072,1853,1501,1638,1436,3152,1226,1087,1488,1009,1163,774,1198,788,726,815,856,824,514,896,559,548,482,469,613,372,373,436,402,448,461,384,399,525,424,463,348,489,387,340,305,333,339,429,338,456,310,367,269,284,319,267,301,469,255,274,728,248,298,217,245,179,258,320,409,184,253,242,238,200,204,176,162,133,215,145,187,154,159,243,172,153,151,145,113,175,129,135,147,171,147,160,114,102,82,124,128,111,120,121,136,100,149,135,96,342,96,103,133,114,97,171,91,134,81,75,93,96,88,113,106,75,86,109,89,73,76,85,115,225,92,98,88,91,92,73,73,73,68,70,75,113,42
20240421,10197,4581,3352,2468,2459,2220,6873,3153,2018,1463,1608,1465,2731,1140,1016,1525,1041,914,754,880,769,825,754,776,1250,596,1172,559,595,508,568,558,385,406,462,444,476,464,396,340,463,376,488,343,392,395,337,333,308,333,474,299,492,343,416,223,306,285,241,299,619,262,314,271,230,330,224,222,225,264,317,374,203,269,191,274,209,189,161,168,162,213,179,189,172,159,220,173,162,125,255,112,133,135,149,139,175,157,198,135,115,111,142,93,141,71,118,140,107,107,127,126,356,111,123,108,102,88,70,105,132,82,75,74,87,96,87,90,86,68,126,86,56,71,112,114,218,67,85,87,70,53,72,51,77,64,75,84,86,37
20240422,11011,6482,5473,3733,3475,3332,7350,3919,2458,2266,2220,2173,6225,1669,1636,1712,1628,1288,1098,1108,979,1078,1186,1225,967,744,1931,637,772,667,613,715,643,597,718,588,624,647,657,697,720,546,641,459,570,534,537,451,442,461,601,464,692,438,466,382,375,408,488,403,760,385,368,399,373,374,331,296,296,293,354,610,371,326,302,278,272,372,334,388,317,344,222,433,166,190,381,164,224,179,183,246,193,230,263,233,371,212,195,205,158,223,139,238,167,143,148,181,174,164,159,119,331,128,124,130,116,132,479,161,208,202,126,187,130,166,124,115,126,86,144,95,95,135,106,163,198,115,99,109,111,112,131,100,69,87,81,68,108,94
20240423,11322,6692,4879,6171,3545,6449,7355,3574,2530,2091,2360,2087,7031,1784,1554,1687,1647,1368,1286,1188,1402,1139,1133,1437,1072,793,1599,729,768,747,668,1057,707,587,746,674,677,696,725,654,644,583,679,612,540,620,572,530,466,501,504,526,574,519,502,463,434,506,665,436,754,409,342,395,402,393,328,306,336,361,391,569,379,342,388,289,339,342,333,395,289,371,254,322,189,186,392,174,294,164,163,243,251,210,274,230,263,233,197,208,151,199,161,208,154,170,149,209,180,158,182,125,434,150,126,166,142,114,498,157,184,215,128,170,178,171,131,120,202,109,381,130,99,150,117,146,127,115,119,133,122,108,113,122,190,85,73,101,84,68
20240424,11487,6574,4662,5705,3617,6060,7877,3940,2488,2272,2245,2092,7387,1779,1598,1699,1634,1404,1390,1540,1601,1819,1201,1192,1005,827,1393,730,715,756,671,933,645,639,829,621,704,673,762,755,614,571,598,565,609,951,524,495,494,480,506,483,526,428,500,429,425,426,551,465,836,449,339,401,387,356,331,308,324,371,367,503,384,319,403,299,301,326,303,436,274,344,272,262,229,158,406,213,408,191,186,211,229,212,239,238,302,210,297,334,208,228,146,255,167,241,157,223,199,169,168,144,352,153,130,148,153,119,474,158,207,194,107,194,133,144,162,112,163,114,207,130,94,124,83,160,196,135,122,99,115,98,122,108,196,89,73,105,85,77
20240425,11463,6386,4456,6111,3259,6435,7375,4127,2493,2291,2255,2081,8000,1677,1749,1467,1633,1315,1331,1853,1236,1193,1044,963,940,752,1230,712,691,782,617,736,661,554,726,655,619,662,670,594,651,589,664,582,648,570,557,533,482,500,437,496,519,498,512,597,441,486,480,515,964,456,362,353,417,377,324,281,387,300,531,590,417,329,340,310,306,308,295,365,302,325,257,266,185,203,275,184,231,215,185,256,193,207,248,259,214,189,175,324,190,167,179,206,152,250,148,231,189,193,168,136,400,138,103,149,166,122,443,182,226,180,112,153,167,172,145,100,141,93,119,106,85,138,125,153,207,138,101,114,125,94,112,116,144,74,72,93,84,110
20240426,11387,5980,4230,4530,2972,5648,7209,3952,2345,2023,2189,1834,6251,1447,1456,1537,1431,1453,1170,1605,1331,1150,1054,822,907,779,1285,672,585,746,593,609,625,651,646,606,625,603,570,486,552,563,533,604,582,553,569,468,427,413,554,423,425,559,444,623,613,381,421,492,1119,446,318,323,308,331,358,252,328,304,578,659,376,289,290,274,288,248,256,294,281,301,239,256,202,193,280,193,229,161,174,227,184,172,220,200,216,173,182,340,153,181,151,210,170,168,143,189,144,162,162,125,397,125,111,142,160,127,612,138,223,155,88,136,135,159,150,111,125,76,135,125,82,112,112,136,171,104,93,106,114,95,88,124,168,101,77,91,88,81
20240427,10150,4727,3765,3442,2550,3507,6652,3351,2039,1337,1620,1522,3648,1152,1091,1492,1031,1210,854,1169,962,910,750,715,776,620,1178,505,560,570,461,1786,389,533,486,459,443,524,381,439,430,388,438,369,432,405,347,323,307,339,432,249,341,372,354,287,411,298,242,296,859,284,278,244,241,328,243,205,182,233,330,473,240,243,271,222,225,187,160,200,148,250,190,184,173,149,172,166,160,125,125,107,184,118,118,154,104,124,183,184,113,113,102,126,122,109,122,122,107,95,128,97,336,93,89,113,106,110,107,108,183,73,72,75,118,92,79,71,100,80,116,96,73,71,93,98,170,91,89,100,105,83,64,88,106,52,61,73,69,42
20240428,10095,4900,3295,3124,2606,3473,6798,3042,1992,1376,1707,1644,3171,1169,1124,1373,968,1010,959,1396,734,867,789,652,849,571,1176,554,590,546,451,706,390,399,453,488,454,549,342,410,444,395,468,378,474,343,326,303,359,368,429,334,369,340,402,284,383,350,224,276,605,278,261,245,234,242,263,194,250,280,249,477,299,226,204,251,237,162,194,171,159,226,230,157,172,138,164,161,145,153,150,133,170,150,116,168,105,153,173,144,133,110,142,132,144,80,131,149,89,76,143,109,379,92,114,136,133,113,73,104,212,87,77,88,93,115,85,94,109,75,103,92,112,83,72,102,187,73,100,100,88,58,74,67,100,72,78,69,107,62
20240429,11221,7465,4372,3118,3046,2717,7471,4316,2497,2403,2253,1934,5803,1535,1583,1350,1553,1438,1109,1464,1010,1159,1003,941,835,890,1608,657,694,647,572,760,607,571,712,793,632,847,726,548,644,510,550,507,547,482,542,462,477,481,520,950,632,477,477,565,456,444,478,385,816,363,296,327,302,320,439,317,299,309,320,450,328,317,345,262,284,280,290,287,285,338,254,199,190,162,329,222,150,180,154,224,187,197,189,254,198,174,174,193,156,208,143,209,132,116,144,145,167,157,129,112,471,158,124,125,141,127,506,140,198,182,104,275,136,160,161,108,103,114,153,107,103,132,101,133,186,89,88,100,108,86,113,100,124,77,102,84,81,99
20240430,11397,7215,4538,2991,3606,2786,7636,4377,2497,2277,2069,1934,6416,1541,1675,1428,1556,1576,1054,1119,1118,1757,1075,946,982,777,1311,761,740,640,616,625,575,569,685,796,632,1234,681,577,762,560,596,556,619,500,552,428,521,376,776,687,560,565,476,494,436,426,447,410,1166,385,382,339,330,313,1473,280,291,527,278,570,350,298,327,305,269,305,310,315,288,311,202,248,245,190,328,239,193,193,168,252,195,200,225,245,188,192,241,180,130,219,168,174,139,173,191,149,206,195,130,131,433,133,125,114,151,137,654,150,191,174,108,196,109,147,136,141,133,101,175,94,120,128,97,112,169,130,78,108,122,124,108,86,110,100,78,76,81,102
20240501,10838,6436,4314,2861,2995,3075,7296,3780,2234,1954,1853,1729,5518,1448,1439,1337,1346,1310,1176,1440,1160,1218,934,796,1691,690,1236,908,654,661,559,638,543,530,552,715,613,923,640,489,591,528,534,469,521,506,436,384,401,416,799,430,487,479,460,379,400,399,410,427,1019,354,337,313,366,304,569,235,302,325,250,440,264,303,312,271,275,243,247,242,249,323,258,187,193,185,236,220,182,155,168,219,216,186,163,217,184,147,178,143,171,216,119,169,147,217,158,172,178,144,133,124,398,120,107,128,161,119,191,112,202,132,77,150,120,126,103,114,127,130,135,88,99,154,144,117,227,98,108,114,105,82,81,92,141,96,81,79,75,79
20240502,11454,6716,4425,3123,3285,2888,7538,4200,2607,2087,1955,1907,7616,1526,1506,1305,1464,1254,1149,1611,1754,1292,1057,948,1940,785,1311,796,698,770,570,706,613,601,698,667,637,835,687,560,592,559,501,587,620,546,529,464,551,496,743,477,1110,507,466,609,407,383,478,421,962,380,367,318,381,402,581,298,334,364,308,454,327,344,269,299,269,302,305,286,264,341,296,234,171,202,298,204,273,180,200,233,207,195,245,236,234,184,209,176,167,260,178,193,167,149,142,138,181,165,138,121,371,144,146,128,159,124,453,172,192,156,123,168,131,140,119,116,149,108,168,81,90,119,124,151,255,112,78,101,112,92,112,109,125,87,88,75,89,77
20240503,11424,6518,4381,4558,3301,4281,7167,4255,2397,2294,1938,1975,6521,1503,1399,1230,1426,1333,1317,1557,1424,1162,846,974,2006,747,1074,736,662,655,544,578,764,546,694,694,643,819,693,517,519,546,567,531,591,517,517,431,423,429,732,435,554,450,490,427,366,479,432,477,1018,366,310,325,595,420,570,239,300,269,356,580,325,289,247,274,322,244,251,313,254,348,274,265,202,194,278,217,238,180,155,210,207,168,215,227,204,187,199,196,180,208,148,189,191,135,166,194,173,164,178,153,431,134,134,132,139,127,180,141,205,155,91,169,90,163,111,105,149,103,241,113,104,127,127,132,235,101,89,109,134,89,107,105,110,77,87,64,73,76
20240504,10535,4977,4523,5610,2426,6402,7011,3593,1926,1558,1687,1689,3363,1151,1114,1242,1012,1019,975,1141,959,901,715,740,1253,627,988,608,538,562,624,470,508,424,395,556,473,521,371,526,406,411,528,389,521,432,352,341,321,375,465,289,434,417,373,337,306,400,247,323,873,378,292,260,360,308,336,210,229,352,264,1112,270,208,234,223,232,176,235,161,163,257,257,223,181,173,196,192,165,124,149,104,205,149,129,181,130,183,184,153,149,128,146,141,150,98,182,155,115,100,145,121,401,103,127,140,133,120,40,122,174,79,93,90,98,83,116,77,95,88,140,99,74,79,92,86,217,103,125,103,85,90,64,81,107,67,76,79,70,48
20240505,10053,4978,3503,3754,2492,3747,6704,3362,1790,1405,1596,1558,3024,1097,1154,1177,928,939,946,1339,831,872,777,579,1091,499,1023,594,997,502,515,441,419,388,468,588,464,511,397,411,411,455,455,394,504,379,356,352,330,377,545,296,381,330,394,287,315,427,310,265,863,288,255,274,285,262,299,250,256,270,188,1016,235,215,207,247,216,183,176,193,171,192,231,195,210,177,202,186,184,125,162,126,173,147,124,155,101,117,149,114,134,115,114,124,137,80,202,139,102,74,161,122,341,81,111,112,115,141,53,98,139,77,90,97,120,93,87,95,118,89,217,80,83,105,92,87,145,82,95,85,102,67,69,98,76,70,58,88,86,45
20240506,10966,6470,4647,3433,3119,3639,7390,4242,2244,2376,2021,2121,5482,1515,1605,1357,1569,1235,1238,1738,1071,1041,1129,966,1065,744,1154,700,880,663,616,642,553,580,741,772,587,674,752,559,585,528,547,540,703,520,563,538,498,430,550,480,510,466,519,420,365,567,445,376,1012,363,364,390,382,354,407,342,275,331,307,1138,349,296,316,269,286,362,283,312,289,329,249,252,176,390,317,219,189,182,191,177,198,235,217,217,189,196,160,140,152,219,151,207,170,152,149,187,191,165,164,136,405,132,135,166,142,111,637,162,209,177,126,133,148,121,107,128,124,100,181,104,99,130,96,151,203,91,119,88,123,76,92,128,101,69,90,79,82,80
20240507,10694,6717,5224,3617,3474,3042,7125,4318,2301,2573,2121,2014,5896,1570,1734,1310,1604,1398,1489,1643,1995,1175,1092,909,1009,875,1080,698,642,725,529,706,606,570,766,656,642,740,765,602,615,593,534,563,730,617,540,523,463,480,860,579,576,422,504,528,412,491,448,395,1184,355,332,377,350,328,383,343,305,312,397,1073,369,304,306,337,302,379,372,310,272,358,245,233,234,295,301,218,169,188,213,240,197,220,243,265,227,190,199,148,130,184,136,270,169,146,261,161,224,165,146,139,471,121,137,125,135,120,646,157,245,196,118,139,169,142,148,126,137,126,139,110,96,143,128,166,192,72,98,92,369,100,136,120,106,90,90,68,111,153
20240508,9609,6436,4770,3865,3245,3852,6680,3896,2379,2426,2118,2079,5802,1631,1665,1288,1491,1281,1287,1626,1065,1103,1125,901,1037,829,1074,709,688,699,574,753,651,599,751,632,580,782,734,558,688,566,603,572,704,579,520,501,463,428,872,491,453,450,567,406,424,576,508,417,1267,411,347,340,359,314,351,297,298,294,381,1091,356,356,289,274,321,332,327,303,266,328,239,248,201,290,335,235,160,153,179,211,228,189,234,251,197,195,218,186,164,221,157,238,151,289,219,168,188,167,146,127,358,136,114,153,103,134,576,171,236,173,110,180,141,153,146,118,122,123,121,105,87,164,132,114,179,105,118,82,159,127,119,104,111,74,95,74,80,115
20240509,8223,5957,4350,3672,3113,3426,5967,3291,2277,2218,1949,1887,5407,1506,1606,1272,1282,1384,1190,1088,918,990,971,749,955,733,1042,814,722,683,560,1390,586,641,725,569,661,631,727,544,565,560,556,571,579,487,533,443,424,483,676,409,472,397,469,527,358,448,532,386,1165,414,316,390,358,333,363,289,292,268,321,721,331,294,255,259,275,283,308,292,266,300,244,266,246,414,260,232,228,146,227,168,176,191,192,202,230,186,179,131,152,203,138,209,156,224,212,182,204,133,183,119,312,115,130,134,171,150,486,146,227,147,110,169,106,162,123,107,126,103,139,80,88,150,112,124,161,107,113,103,155,109,87,98,102,95,80,96,79,112
20240510,5285,4952,3653,3143,2788,2932,3148,2050,2235,1686,1902,1630,3103,1353,1378,1185,1130,2954,1245,769,884,940,872,763,787,698,1050,746,583,536,527,772,572,476,624,505,489,554,584,550,564,490,555,470,546,490,485,465,339,449,536,423,525,418,414,398,371,441,389,380,1000,320,311,305,327,334,301,271,280,250,233,480,310,302,267,258,259,245,276,231,243,215,214,235,220,494,180,214,210,160,196,174,181,190,222,186,187,152,186,191,142,190,167,201,147,142,158,164,140,136,150,124,162,119,150,130,133,130,354,127,183,131,113,132,115,124,120,90,123,95,114,86,70,81,109,137,138,90,111,86,118,102,108,94,102,86,84,76,72,80
20240511,4757,4148,2836,2753,2519,2766,2790,1465,1633,1178,1407,1498,2156,1132,1127,950,829,4075,812,556,609,655,712,672,667,563,872,579,554,459,428,461,385,339,406,402,372,487,335,357,452,403,458,339,410,331,364,306,275,314,414,253,371,296,371,246,294,348,243,273,890,292,220,286,241,237,235,254,212,286,187,446,227,217,202,261,175,191,193,194,118,175,170,164,183,426,134,172,144,133,172,76,189,125,119,115,125,186,177,118,125,113,120,120,151,115,171,155,91,69,126,117,104,81,112,106,98,110,42,84,147,76,85,62,81,113,123,91,69,67,89,83,67,80,80,89,132,122,92,96,96,64,61,95,95,50,85,70,60,60
20240512,4967,4245,3279,2629,2467,3239,2702,1517,1817,1317,1473,1665,1941,1136,1207,1052,897,2074,851,541,1587,838,706,591,771,557,893,613,625,469,400,474,390,312,418,362,397,433,367,472,497,389,423,345,445,339,350,292,245,318,446,267,469,339,386,253,306,368,252,263,890,286,233,298,218,273,323,236,196,208,174,436,192,184,164,242,240,166,153,202,114,175,169,216,183,222,147,242,130,125,159,81,270,144,106,137,139,243,310,150,136,146,116,132,165,95,166,142,99,82,135,96,99,118,112,105,92,133,66,91,162,51,104,73,77,79,70,90,89,68,120,100,59,81,74,61,204,95,100,94,87,59,72,101,88,53,73,72,68,56
20240513,5878,5759,4411,3274,3231,3141,3183,2104,2299,1979,1986,1972,3054,1551,1756,1355,1333,2105,1259,859,1246,1038,1087,897,955,792,1088,669,913,612,514,620,610,515,659,598,575,601,713,591,670,537,670,528,695,484,518,426,430,371,578,462,457,411,463,460,391,428,406,393,1168,379,333,485,313,317,362,340,270,281,278,491,339,331,282,299,272,342,307,303,269,244,224,274,216,286,216,305,154,158,177,186,166,176,200,169,207,193,235,189,134,217,221,202,174,169,216,149,181,163,157,143,150,149,133,109,99,137,467,131,159,163,108,153,103,129,117,114,95,106,212,119,105,123,104,132,263,124,149,100,139,108,106,128,121,108,68,102,82,77
20240514,5672,5965,4292,2889,3307,2979,3390,2202,2300,2542,2108,1998,3165,1597,1650,1242,1261,1778,1275,899,1245,1075,1028,902,877,744,1004,703,992,615,663,621,656,632,642,597,581,641,760,581,613,539,694,495,770,492,511,527,454,419,497,507,510,374,469,438,411,413,534,425,1120,402,301,441,358,362,388,292,285,238,273,667,339,306,288,278,287,294,329,305,272,264,225,231,206,297,238,256,174,178,179,175,191,228,210,179,253,232,192,170,166,193,170,215,177,167,135,158,209,191,161,120,167,147,151,146,129,119,381,144,227,225,116,160,118,141,118,127,131,124,194,105,117,134,102,125,181,110,118,110,141,106,107,123,99,73,86,80,84,83
20240515,5323,5922,4458,3253,3332,3007,3529,2243,2443,2328,1904,1893,3398,1642,1602,1365,1260,2749,1102,905,1129,1095,1076,923,803,813,1032,713,862,703,579,716,633,625,653,565,595,670,673,473,686,533,617,535,730,527,535,503,422,405,434,520,468,464,455,585,383,429,494,451,943,357,358,375,310,293,551,290,267,286,309,546,364,286,285,233,342,301,301,297,278,274,241,267,205,296,211,205,182,198,220,177,185,223,233,191,325,208,195,166,161,260,177,190,160,205,158,200,197,196,165,122,147,164,154,96,130,203,313,134,190,170,82,189,151,178,89,125,154,125,147,93,105,151,100,113,103,122,103,96,125,99,118,104,113,90,85,87,90,88
20240516,5971,5923,4300,3544,3248,3075,3636,2196,2305,2119,1729,1955,3516,1837,1634,1678,1257,2867,1169,904,1085,1004,1075,884,740,774,979,783,873,730,567,670,630,607,760,567,575,768,698,465,654,541,621,503,789,571,525,468,409,471,461,476,454,486,497,680,385,475,422,447,826,399,314,386,297,331,421,302,346,282,273,566,385,310,315,254,276,292,271,339,229,279,387,247,222,304,202,190,199,200,157,199,214,229,301,185,232,208,200,312,171,220,165,226,166,181,192,148,178,178,155,113,161,135,135,131,130,132,389,127,223,169,117,146,173,139,108,109,154,98,159,111,111,117,96,141,120,124,135,99,115,98,106,101,96,252,77,85,79,106
20240517,5750,5185,3730,2785,2890,2466,3247,2062,2252,1848,1633,1584,2950,1513,1451,1442,1229,2384,1089,827,894,980,932,807,717,730,990,713,783,672,568,604,541,570,646,587,589,576,690,452,619,469,546,506,751,486,463,389,396,388,434,469,438,399,429,592,414,386,383,471,351,397,326,387,312,306,310,278,295,242,265,348,305,318,257,234,223,236,279,313,241,254,181,214,219,283,192,202,206,196,173,191,180,170,196,172,188,180,186,140,144,142,141,164,122,163,135,137,184,142,173,103,160,148,138,106,95,165,581,154,194,108,112,146,137,118,100,110,120,101,105,122,96,111,98,123,124,99,116,81,104,93,94,109,113,76,72,64,93,90
20240518,4899,4218,2778,2196,2539,1893,2862,1564,1675,1174,1422,1585,1931,1169,1022,1168,801,1361,844,657,758,799,684,621,670,503,768,469,630,467,421,455,383,384,439,421,463,473,321,357,405,358,414,479,526,377,310,260,233,286,380,264,359,273,395,392,355,348,266,312,436,266,276,289,241,272,337,240,202,219,193,346,149,188,233,206,183,160,152,195,123,172,192,152,169,264,131,150,156,136,120,106,151,127,104,115,124,127,189,119,138,106,105,102,124,120,170,118,121,75,131,98,106,110,113,81,89,125,58,86,173,73,99,52,117,85,68,119,67,71,109,76,84,65,73,54,81,61,109,77,75,66,76,90,88,66,62,72,69,31
20240519,4917,4122,3636,2423,2460,2322,2946,1549,1601,1233,1326,1595,1710,1042,1110,1173,734,1183,803,595,670,781,678,619,811,531,851,538,600,454,416,474,398,427,492,429,487,444,346,425,428,414,459,364,534,373,311,268,318,301,406,269,360,292,375,250,349,353,226,270,306,305,251,336,257,280,312,228,207,209,174,343,181,218,162,221,224,165,127,184,163,166,199,172,188,283,107,154,129,111,141,91,150,153,87,107,132,154,307,139,126,122,107,111,154,156,148,150,97,72,124,133,109,101,117,130,99,147,95,125,207,67,72,83,101,97,73,96,84,89,99,82,96,76,85,63,80,77,96,82,103,86,77,131,91,64,59,59,75,39
20240520,5625,5613,4271,3103,2913,2796,3225,2099,2003,1804,1644,1924,2752,1543,1515,1529,1074,1196,1204,879,1044,890,984,979,818,678,920,672,841,545,517,795,563,560,600,517,554,537,629,517,491,509,524,491,527,414,431,428,430,396,529,419,435,413,443,667,413,420,395,343,381,378,316,451,354,291,340,262,242,229,257,433,296,290,261,291,301,263,249,315,257,290,273,187,234,262,238,209,192,174,180,166,138,174,195,169,170,161,231,156,141,201,166,172,176,144,154,159,151,149,152,99,131,139,142,116,122,135,286,150,223,140,133,114,122,126,101,93,105,89,204,87,123,142,106,98,115,99,98,94,126,90,106,124,102,64,60,77,57,78
20240521,6041,6159,4370,3272,3432,2667,3809,2272,2261,2716,1924,1953,3059,2319,1609,2287,1385,1387,1226,905,1046,1084,1024,1011,812,746,1042,682,720,633,744,750,719,547,726,619,589,681,712,533,658,495,553,588,631,630,629,481,470,452,514,477,459,453,454,665,417,456,453,428,417,397,329,424,339,333,334,314,316,239,276,484,327,341,318,322,257,285,315,287,258,306,206,237,194,268,242,242,172,188,178,204,173,166,210,170,198,149,235,141,156,182,154,175,175,346,180,173,217,194,181,112,149,143,129,123,153,142,549,149,225,187,129,163,149,121,110,101,99,98,115,96,111,141,110,112,118,127,117,91,107,107,124,110,82,86,104,82,88,100
20240522,5695,5597,4243,3117,3174,2582,3638,2223,2188,2647,1704,1992,3009,1498,1495,2099,1280,1612,1118,918,908,1239,1022,937,816,671,920,620,675,626,577,651,636,547,680,615,529,575,704,508,535,518,569,535,585,441,583,517,426,465,468,460,459,451,419,568,443,366,454,496,467,377,356,386,399,275,469,287,303,262,281,407,327,315,286,313,224,309,314,389,280,284,201,244,170,278,244,285,191,175,193,201,161,224,213,199,183,178,206,183,194,160,134,201,171,207,181,164,178,170,141,136,130,158,146,121,116,167,358,145,263,177,158,167,118,139,122,94,145,119,109,88,98,149,122,123,122,99,104,88,121,104,119,75,97,62,50,105,83,89
20240523,5244,5504,3865,3403,2854,2521,3288,2106,2243,2250,1708,1906,2885,1456,1529,2374,1540,5192,1397,793,980,1061,926,945,695,768,873,637,668,568,513,700,592,546,634,599,496,605,657,492,617,540,557,534,495,453,568,473,408,411,467,445,471,436,453,496,419,348,478,479,395,372,358,363,332,355,586,230,273,272,254,295,310,313,285,273,252,228,293,327,298,264,191,231,150,274,216,224,195,175,200,189,171,175,244,201,196,153,163,123,151,191,150,217,205,143,172,153,200,159,149,114,128,158,118,117,109,128,602,150,223,186,105,153,113,122,101,116,105,108,139,101,91,137,82,97,102,96,123,92,113,107,115,81,118,65,57,66,77,68
20240524,5117,5062,3595,2881,2556,3172,3192,2009,2112,2106,1757,1647,2722,1300,1393,2405,1339,1670,1121,827,898,906,851,855,665,713,838,592,649,609,543,562,576,495,699,535,533,561,545,488,580,476,532,510,469,455,454,408,426,354,425,367,471,466,458,673,353,441,433,438,380,360,324,371,324,362,319,273,292,251,286,417,252,323,275,253,280,290,236,249,233,272,196,207,172,280,200,168,196,162,149,189,145,153,197,183,265,192,199,158,144,150,128,164,139,175,298,176,160,169,354,141,105,136,120,122,102,125,788,126,221,139,112,120,138,130,79,114,105,93,125,78,120,142,112,100,200,103,89,93,118,124,82,87,110,62,79,77,94,87
20240525,4456,4113,3212,2221,2012,2168,2709,1527,1663,1467,1329,1475,1767,1075,1070,1543,807,1087,815,670,658,759,599,587,591,538,869,477,560,456,419,464,379,324,385,422,395,400,337,414,422,367,443,414,443,340,378,330,289,334,385,210,374,297,330,352,303,304,258,271,248,203,283,283,251,240,279,237,212,198,207,350,185,301,203,215,216,136,186,194,137,191,182,184,164,249,133,186,136,124,114,116,128,120,100,141,129,148,170,122,124,106,116,88,124,66,209,98,166,100,141,131,105,104,103,90,82,97,317,106,188,66,81,69,71,93,89,98,109,62,113,56,86,95,85,83,200,78,96,89,77,92,62,72,105,39,65,54,63,37
20240526,4482,3945,3265,2271,2057,1812,2619,1526,1697,1307,1295,1547,1725,961,964,1703,924,1037,911,545,840,780,640,696,599,499,897,499,471,470,408,474,341,334,412,406,420,448,296,436,410,379,429,355,335,328,374,237,264,289,383,220,375,281,312,320,289,324,248,214,275,216,265,248,325,226,278,220,204,191,207,334,223,244,182,205,226,201,166,170,120,196,181,191,164,259,180,165,153,86,142,91,109,172,134,115,180,140,195,101,89,106,100,95,106,78,176,93,103,83,114,111,104,111,101,102,94,84,130,97,170,76,97,71,90,94,67,102,108,68,98,60,89,60,92,81,177,85,84,84,69,94,86,80,98,66,61,56,59,50
20240527,5235,5559,3859,3064,2751,2410,3279,1948,2186,2121,1780,1941,2144,1426,1397,1862,1464,1121,1047,813,1136,978,814,845,778,642,1022,647,629,606,521,578,600,461,615,510,486,585,511,584,564,450,488,487,542,451,491,471,334,436,519,316,430,385,397,424,403,551,463,330,371,326,349,377,321,420,327,267,275,262,306,403,327,287,233,307,272,265,232,313,189,261,210,286,186,287,170,244,195,210,161,177,188,166,183,173,226,134,214,133,176,164,127,179,145,120,151,151,147,162,167,116,162,147,160,118,98,128,324,164,261,131,133,106,116,117,128,101,158,88,129,83,84,106,133,109,278,87,112,72,92,104,101,109,117,88,85,78,104,58
20240528,5026,5980,4036,3178,2892,2577,3403,2092,2262,2320,1762,1829,2458,1539,1487,1747,1459,1236,1159,859,1423,962,930,901,767,746,1102,668,746,610,542,609,616,548,653,599,553,573,636,565,576,506,548,560,557,519,568,456,423,414,556,442,480,479,480,483,404,469,464,371,483,302,317,384,345,391,329,284,267,310,291,405,318,275,272,278,265,280,284,279,244,296,187,263,203,340,190,205,172,191,165,210,159,170,241,167,274,222,204,109,177,175,145,167,160,179,199,123,202,156,155,146,154,139,136,119,106,145,557,163,262,147,125,154,115,149,105,116,140,120,116,72,108,116,126,101,278,88,136,107,119,117,90,93,112,76,81,90,102,100
20240529,4857,5682,3896,3134,3127,2495,3318,1985,2416,2340,1759,2050,2263,1501,1581,1653,1440,1568,1091,904,1246,894,946,1032,820,711,918,735,693,619,646,604,672,470,679,602,518,613,731,438,583,523,550,509,555,455,561,491,400,425,552,464,391,388,520,437,394,398,466,412,440,333,326,383,343,334,304,304,340,282,346,398,374,311,298,250,276,293,278,317,272,269,209,243,198,335,213,183,150,169,152,189,177,162,194,211,401,169,203,135,169,194,187,188,173,167,199,134,198,157,165,131,164,129,133,121,110,153,510,160,249,161,106,189,134,123,130,138,136,94,77,120,82,161,114,123,252,85,99,85,138,127,94,111,92,91,62,85,83,85
20240530,4771,5671,3939,2927,2800,2364,3236,1957,2220,2156,1730,1847,2329,1576,1526,1510,1416,1124,1072,911,1006,965,892,863,706,686,963,593,655,576,524,883,612,487,621,572,566,561,692,445,564,515,544,483,504,426,558,503,420,431,554,404,417,419,447,464,376,497,431,353,409,336,366,423,356,286,328,283,250,395,281,350,308,298,233,261,265,292,278,286,264,268,213,211,207,324,209,154,143,196,173,186,157,184,203,195,380,181,212,140,157,189,164,188,149,169,228,157,159,154,151,131,160,137,110,131,139,148,549,162,269,151,119,179,100,135,130,103,160,110,97,65,90,133,95,94,274,115,111,102,122,108,111,101,90,72,69,77,94,79
20240531,4540,5096,3743,2638,2720,2346,2971,1838,2138,2143,1527,1557,2147,1497,1324,1393,1217,1103,1048,733,1352,911,862,837,683,674,954,597,585,577,524,633,524,488,569,536,463,512,516,408,528,442,493,445,465,402,504,451,337,390,468,387,352,434,412,416,364,471,376,385,503,312,313,338,281,255,294,243,253,262,291,312,308,266,234,234,232,249,239,289,230,224,193,184,172,240,151,187,197,180,164,161,164,174,227,148,362,150,202,158,141,140,134,167,137,184,140,119,130,124,127,129,121,105,133,129,124,123,612,154,222,114,126,122,124,92,92,90,127,96,104,83,87,117,85,110,259,78,75,86,102,78,81,119,92,110,68,83,75,73
20240601,4267,3908,2903,2187,2110,1825,2606,1491,1449,1420,1294,1364,1445,1034,936,1170,704,946,705,532,786,642,578,553,611,508,793,494,471,427,402,438,353,312,354,344,349,356,270,310,420,347,424,363,397,279,348,261,268,310,397,230,306,288,312,239,302,321,241,233,502,342,218,212,287,235,238,197,233,217,250,284,165,224,165,176,180,136,151,159,140,167,146,133,136,227,120,147,149,118,125,74,134,111,94,102,265,127,171,116,163,115,89,87,97,83,144,105,89,74,112,116,94,90,97,89,84,143,104,100,200,65,167,79,70,79,83,72,76,69,99,66,73,89,79,73,222,87,69,70,74,59,63,79,80,56,66,58,84,26
20240602,4111,4056,3125,2228,2124,1908,2704,1469,1641,1330,1368,1428,1306,993,980,1132,751,1299,714,589,639,737,588,774,612,593,779,581,509,439,441,492,370,331,323,386,396,385,339,335,452,369,418,400,452,323,343,260,247,339,367,260,361,320,300,300,255,332,218,243,379,267,296,286,229,254,236,194,201,274,253,280,206,197,172,240,202,167,181,145,126,170,163,166,221,242,134,174,165,119,114,125,130,146,81,108,128,126,163,96,137,99,102,121,125,111,158,105,75,82,97,119,131,139,89,93,85,167,64,111,235,67,132,91,89,96,82,103,92,74,116,87,80,86,118,74,197,104,77,66,88,70,71,60,83,58,64,66,63,29
20240603,4867,5704,3724,3093,2622,2300,3444,1926,2062,1971,1648,1902,2126,1506,1484,1302,1400,1247,1034,805,1004,930,913,844,810,741,943,585,623,664,587,708,581,544,610,520,470,540,605,504,558,525,480,526,549,378,501,461,392,390,491,433,427,415,440,366,353,441,381,337,427,395,342,364,316,282,329,241,254,300,286,373,269,252,285,232,220,222,265,278,246,260,191,233,208,271,211,175,214,193,160,205,155,161,183,154,205,188,190,134,158,189,96,177,136,147,157,164,151,158,121,134,134,138,102,95,111,135,460,200,213,170,153,145,120,115,119,121,133,78,110,92,93,117,108,108,212,80,112,78,113,110,90,90,88,64,66,83,83,98
20240604,5135,5413,4300,19775,2808,2448,3436,2109,2321,2039,1708,1711,2199,1482,1413,1302,1252,1184,991,800,952,932,955,953,749,713,874,630,653,619,932,689,631,498,606,468,513,588,608,457,547,511,510,595,525,460,543,493,410,441,563,405,384,427,429,464,346,388,496,389,528,359,307,423,338,304,312,277,310,253,299,368,293,294,327,216,269,266,295,343,241,214,187,250,222,310,211,173,184,240,148,152,144,176,200,217,255,245,193,147,147,160,115,159,143,190,206,139,133,177,139,130,189,170,116,126,125,129,545,153,215,162,135,179,137,122,119,119,121,76,109,92,79,143,63,122,290,118,93,78,98,86,94,92,93,81,68,74,65,83
20240605,5503,5549,3984,10918,2702,2339,3327,1952,2092,1899,1736,1703,2288,1651,1528,1409,1299,1284,1069,851,1029,977,982,917,746,665,893,603,631,618,658,642,567,491,647,550,538,526,708,433,549,531,552,560,498,463,556,506,404,372,423,417,443,418,519,493,313,404,427,382,488,342,314,449,290,331,312,272,292,265,302,420,256,265,276,242,243,262,284,325,274,260,208,187,232,342,234,190,196,165,132,153,144,176,201,165,232,175,162,169,169,180,112,192,167,158,169,157,184,191,142,138,126,133,116,120,107,149,409,161,218,157,98,137,111,153,151,106,131,97,121,85,102,147,90,103,217,90,102,82,94,118,111,113,82,66,65,88,96,97
20240606,5128,5433,4070,3794,2800,2168,3462,1962,2051,1886,1617,1751,2542,1467,1406,1423,1167,1326,973,848,947,957,969,897,720,744,953,611,646,583,598,599,597,516,658,578,527,560,582,570,518,461,512,525,615,433,554,470,392,399,457,468,453,383,431,439,378,494,514,392,416,363,271,407,269,313,262,252,260,270,331,302,289,306,253,214,233,289,277,330,270,238,210,212,175,334,198,165,191,168,166,176,153,191,220,190,185,163,153,197,154,146,262,195,183,179,229,147,169,136,175,102,150,117,115,125,116,119,603,128,220,140,137,147,139,109,108,116,93,91,100,75,86,133,100,113,111,84,91,92,112,115,99,107,101,75,92,63,65,85
20240607,5016,4830,3623,2680,2625,2140,3919,1789,1973,1825,1661,1573,2148,1392,1296,1641,1048,1153,1003,762,902,807,854,751,728,593,849,640,532,817,527,614,556,468,552,502,476,437,577,407,477,477,492,432,521,403,512,391,334,408,412,426,395,444,788,392,317,414,482,357,408,298,276,327,316,320,279,272,256,222,245,276,238,294,241,213,213,246,203,240,210,266,200,204,187,305,212,194,170,184,155,163,117,187,195,138,148,129,147,146,156,184,385,159,153,155,145,116,181,146,154,137,160,120,116,109,109,134,729,122,246,122,108,113,108,136,86,107,113,73,112,83,89,127,93,80,91,96,77,75,82,85,106,144,78,60,71,64,77,74
20240608,4756,3854,2842,2289,2392,1777,2774,1414,1874,1369,1359,1507,1495,1205,970,1241,741,998,779,508,727,699,500,646,625,524,972,494,437,511,406,436,340,316,377,420,368,399,281,372,340,405,457,319,434,770,357,293,229,324,409,264,319,321,471,234,311,391,227,301,313,258,253,263,226,200,222,178,163,248,216,383,168,196,195,232,194,130,155,164,141,189,140,183,163,210,128,185,170,108,119,110,112,126,112,114,158,97,160,323,116,89,322,107,111,101,171,188,109,83,122,109,109,118,86,97,87,91,125,108,186,89,89,57,75,101,55,70,83,65,93,70,68,61,76,72,81,59,95,78,71,62,50,93,71,59,63,48,68,32
20240609,4642,4061,2679,2124,2325,1762,2581,1409,1723,1304,1271,1307,1436,1079,948,1133,744,933,659,543,685,687,508,621,544,490,767,424,462,480,410,437,373,332,335,383,341,338,299,326,377,322,406,349,401,311,365,256,255,312,354,222,294,329,436,250,248,364,230,228,298,223,223,206,231,237,213,174,225,203,177,326,192,208,170,228,217,155,183,166,139,153,127,163,148,219,137,151,252,151,125,91,114,127,114,115,114,120,173,107,117,88,192,94,126,92,123,129,87,77,123,88,117,113,109,96,72,114,35,90,156,59,71,49,84,90,58,67,77,75,113,70,81,75,78,50,201,66,58,75,60,72,53,78,87,53,72,58,58,40
20240610,5415,5863,3624,2893,2835,2587,3158,1910,2087,2131,1664,2414,2469,1649,1550,1375,1171,1043,975,835,1004,866,845,821,756,733,826,1137,592,642,581,623,624,500,563,650,476,515,570,832,517,559,524,553,533,483,524,430,429,542,493,406,384,370,477,418,332,763,410,412,660,304,285,332,365,269,285,264,300,283,257,441,274,286,297,256,280,233,317,260,257,305,228,374,172,273,209,201,204,185,168,160,151,177,184,173,159,163,178,161,143,148,247,192,137,145,213,159,182,137,152,118,120,231,104,109,95,120,373,140,206,147,109,131,113,127,115,107,111,106,107,92,79,142,89,86,252,106,104,106,130,101,83,118,68,69,83,78,79,88
20240611,5346,5848,3897,2966,2775,2359,3218,1970,2216,2445,1683,1719,2350,1438,1362,1285,1242,1252,982,858,891,933,870,861,715,704,862,1267,638,539,557,592,582,528,639,552,511,538,579,508,594,480,539,573,542,442,543,539,355,508,469,447,408,404,464,468,355,462,454,403,698,334,286,338,325,285,318,304,264,336,243,386,307,271,309,236,262,253,281,285,236,254,151,268,138,243,232,195,249,185,146,189,134,217,242,195,144,188,174,194,174,173,309,155,163,150,205,163,202,150,150,122,127,166,112,118,113,131,372,162,213,156,106,155,123,165,89,87,121,102,130,77,98,128,83,96,167,99,99,73,115,103,90,125,68,90,75,72,98,80
20240612,5519,5445,3746,2888,2594,2422,3477,2046,2195,2414,1603,1680,2249,1461,1439,1208,1271,1173,996,890,960,988,767,804,867,781,811,1404,639,617,560,575,603,542,584,592,490,531,654,487,587,545,543,541,541,455,514,502,401,506,581,473,424,446,429,598,365,465,423,343,579,334,343,316,359,350,312,245,270,283,266,433,262,277,261,270,252,240,283,355,254,244,226,226,178,266,221,178,429,169,133,239,192,197,251,167,174,149,176,163,148,159,293,160,156,147,142,172,181,162,145,108,151,154,110,118,120,119,658,153,228,171,97,148,120,127,109,99,102,103,133,96,94,119,97,112,137,81,95,115,117,97,85,119,90,72,54,70,90,70
20240613,5146,5229,3520,2829,2722,2277,3157,1884,2067,2086,1544,1618,2212,1506,1309,1177,1216,1262,912,840,915,1013,809,827,729,784,841,1164,721,574,543,561,573,567,599,614,498,505,640,453,476,464,521,491,516,394,581,483,362,468,473,458,440,470,478,479,395,424,388,375,494,333,323,352,344,329,268,245,305,249,302,248,294,269,267,245,237,367,248,274,209,281,229,203,169,236,212,162,519,136,144,238,156,193,169,156,207,195,171,130,166,167,239,181,106,142,164,152,195,131,141,116,141,142,134,180,106,118,554,128,217,169,107,154,111,124,117,121,96,108,145,97,66,134,73,117,112,106,77,73,129,95,86,98,87,84,109,79,78,77
20240614,4922,4897,3102,2566,2453,2097,2968,1781,2050,1883,1419,1497,2098,1320,1226,1151,1187,1740,846,742,868,909,708,814,685,691,823,895,538,528,581,510,486,438,544,511,467,477,470,398,552,482,475,421,487,368,465,423,293,396,497,395,395,406,370,412,396,397,425,327,402,297,333,313,290,306,334,217,237,291,278,137,219,240,254,244,225,262,231,281,217,192,168,164,186,223,193,147,279,139,133,164,141,122,151,130,172,133,165,131,154,121,216,149,123,163,135,105,177,130,136,90,126,148,98,106,107,119,466,121,182,139,66,132,62,114,94,79,100,90,88,66,66,127,61,84,88,90,117,89,90,64,73,111,71,59,55,58,62,62
20240615,4591,3768,2330,2064,1986,1689,2598,1407,1455,1203,1153,1332,1450,953,987,14820,810,1024,678,563,738,666,545,506,560,499,712,719,575,409,395,421,346,350,300,344,367,355,238,334,321,306,397,339,412,290,365,277,222,330,456,214,332,285,287,259,291,332,203,254,339,234,209,232,185,245,221,213,194,222,180,234,194,176,171,229,177,183,138,176,112,166,142,145,148,190,102,143,250,107,115,91,116,128,113,101,136,161,174,96,128,93,265,88,117,238,126,92,133,90,110,105,115,95,94,93,83,89,61,71,91,71,77,89,66,68,66,90,58,71,77,52,66,62,65,73,48,67,115,100,76,61,48,86,86,60,56,55,80,26
20240616,4400,3372,2312,2115,1927,1738,2451,1439,1529,1206,1176,1273,1130,856,884,8149,790,967,705,553,568,717,510,594,520,539,765,622,587,398,353,413,339,344,357,372,389,378,286,340,421,371,383,331,372,303,377,257,227,341,477,243,286,271,383,235,263,351,242,944,315,290,254,274,193,221,182,187,246,325,221,402,168,216,138,259,174,187,138,179,104,136,167,195,131,208,98,174,203,97,106,79,115,123,99,100,113,128,165,101,91,113,300,83,115,84,150,102,106,93,110,78,95,87,98,87,93,106,62,79,138,61,92,86,98,66,87,75,95,62,80,75,55,67,82,75,106,73,90,81,95,71,50,78,73,51,62,55,75,27
20240617,4961,4709,3125,2680,2379,2239,3085,1798,1819,2105,1574,1537,1675,1311,1286,2232,1141,1009,821,791,897,926,737,857,638,647,891,664,665,548,529,584,574,436,600,506,509,521,497,469,599,441,531,509,671,465,454,493,393,393,475,423,353,445,455,603,359,445,435,869,436,297,354,335,297,302,306,253,246,244,233,474,272,230,265,347,267,279,244,305,214,208,198,208,184,257,168,196,225,173,189,168,160,196,169,129,170,160,160,130,144,177,397,157,158,148,167,132,201,129,153,125,127,118,97,100,106,179,541,125,236,130,104,135,115,81,89,94,132,94,111,83,79,112,90,98,290,88,117,98,102,102,82,139,72,54,65,83,93,69
20240618,5070,5672,3422,2881,2591,2205,3376,1944,1903,2185,1548,1560,1858,1334,1371,1241,1234,1012,889,806,1060,992,858,886,691,717,859,718,683,538,497,574,500,537,598,609,495,516,642,473,506,502,526,502,548,431,446,529,408,413,504,404,401,462,429,496,368,476,494,535,428,361,315,390,278,297,276,250,277,245,246,467,211,227,262,298,249,352,249,293,255,204,214,245,183,233,205,195,222,164,175,189,132,165,182,173,169,151,166,167,147,153,337,192,165,190,127,134,190,171,159,162,118,136,113,220,112,127,490,163,220,154,108,157,125,115,100,105,127,103,128,89,81,144,91,122,383,99,99,83,124,68,103,106,90,78,72,61,76,83
20240619,5228,5874,3564,3132,2492,2281,3171,1912,2119,2184,1951,1556,1809,1421,1402,1410,1229,1158,933,812,1230,861,793,920,680,718,857,708,633,627,554,559,644,483,636,617,541,543,585,419,501,513,518,487,542,443,480,421,353,389,698,425,377,552,428,409,389,502,417,463,386,320,289,427,350,303,296,215,297,223,291,459,265,261,286,254,273,247,277,321,221,289,196,255,184,250,188,159,219,200,146,166,182,187,218,132,175,195,150,156,182,177,286,172,151,153,217,121,187,140,160,123,146,162,143,154,104,142,559,173,234,155,137,183,134,125,127,92,136,83,122,83,87,143,83,120,225,87,83,101,119,117,99,94,84,69,65,78,94,86
20240620,4869,5520,3501,3186,2648,2230,3404,1860,2022,2179,1540,1590,2113,1417,1459,1195,1291,1045,959,873,1104,905,905,886,670,708,805,688,669,575,592,621,617,544,616,505,470,552,593,430,571,476,498,636,553,400,522,482,357,418,740,447,376,517,422,423,363,483,442,457,585,317,322,426,326,333,303,217,256,249,250,505,249,243,296,259,223,249,291,276,202,234,159,256,182,262,199,174,228,188,174,222,136,175,184,159,157,179,180,158,134,181,239,157,120,197,179,118,194,163,155,124,134,130,89,156,121,127,320,145,312,148,112,167,102,138,97,117,98,113,149,108,84,140,84,132,161,98,93,69,100,96,92,128,76,61,53,91,74,102
20240621,5000,4965,3436,2804,2633,2206,3256,1927,1981,1829,1513,1551,2131,1303,1292,1163,1431,1100,994,801,991,852,818,793,728,658,797,624,621,527,497,510,514,442,587,491,484,495,490,472,509,467,521,442,547,401,420,446,331,381,554,417,393,496,392,522,345,461,386,435,426,334,335,359,273,245,430,390,250,248,264,238,327,247,275,276,249,323,248,301,184,241,210,257,186,245,264,168,180,141,150,181,138,157,195,130,155,178,151,973,124,142,229,158,144,201,174,112,207,115,110,90,128,111,121,259,125,110,896,137,266,90,116,150,96,102,113,100,143,69,173,72,76,141,81,89,128,74,89,97,204,93,59,102,73,65,55,87,91,71
20240622,4792,5688,2845,4475,2285,2091,3029,1566,1584,1798,1163,1397,1344,1099,969,1087,824,805,726,614,658,792,875,647,549,591,703,535,494,427,370,380,387,298,508,359,352,451,351,439,416,337,447,336,426,389,328,296,242,351,526,265,282,370,457,276,326,382,268,260,344,293,431,307,253,207,250,196,215,461,214,238,203,165,206,243,245,159,191,235,137,182,177,248,183,252,116,140,144,109,137,93,160,161,132,96,104,116,162,515,115,101,200,252,120,94,201,93,105,68,100,111,119,92,75,176,99,72,43,86,132,52,96,59,58,79,75,85,85,67,101,57,72,81,88,68,127,59,73,91,111,66,80,91,74,49,61,59,67,27
20240623,4805,4646,2720,2507,2197,2123,2531,1492,1434,1692,1409,1567,1244,923,879,1066,773,794,716,560,630,730,566,674,585,627,740,509,552,398,450,419,500,340,573,423,370,355,311,351,394,372,446,374,689,318,335,284,233,293,505,236,297,316,335,252,261,393,228,270,346,255,233,238,266,215,177,215,168,364,178,388,333,199,193,223,189,161,148,196,144,157,161,170,147,194,109,154,161,104,138,99,115,162,94,100,111,134,187,112,124,104,196,110,112,100,144,279,92,80,135,89,112,129,86,143,80,164,30,88,260,62,83,66,65,73,73,64,72,63,121,66,70,69,71,73,153,64,88,104,103,56,56,90,79,69,58,51,76,40
20240624,5258,8277,3745,4411,2536,2314,3556,1868,1986,2318,1717,1702,1776,1284,1336,1245,1174,877,950,803,884,1005,1142,950,699,787,833,637,590,488,625,524,654,466,911,498,538,487,649,581,614,503,519,620,776,499,439,481,339,449,506,381,378,479,403,553,339,567,485,342,425,335,325,444,358,249,318,248,217,320,256,448,432,306,315,270,298,249,277,351,224,253,162,284,204,247,319,218,201,163,139,191,137,219,194,220,150,181,178,197,150,202,193,164,124,149,297,132,156,175,125,152,143,131,107,150,108,199,772,159,490,135,110,129,111,121,105,89,163,95,150,99,103,118,82,98,261,106,94,84,141,74,88,275,84,48,78,80,73,79
20240625,5329,9828,3482,3564,2551,2835,3610,2056,1821,2902,1732,1701,1810,1505,1327,1294,1183,1056,902,881,884,930,1327,946,893,850,853,704,672,536,617,571,609,534,951,643,537,592,721,472,517,446,480,496,621,422,509,507,348,435,792,422,393,381,492,648,405,511,407,368,432,364,276,398,345,264,294,273,226,244,279,397,374,292,257,254,240,284,302,366,243,273,193,236,242,255,197,155,191,181,144,191,178,195,217,167,150,178,224,183,139,186,251,211,125,161,205,133,183,167,129,128,142,171,119,126,117,146,649,123,470,159,111,121,226,150,100,106,144,76,147,94,91,143,63,131,296,92,83,95,147,89,79,118,81,81,75,88,99,92
20240626,5198,6219,3572,2802,2651,2348,3645,2084,2045,2899,1639,1531,2008,1500,1323,1135,1287,1275,859,991,879,927,1061,991,720,739,788,689,666,515,642,607,654,529,698,569,495,572,692,486,675,445,521,539,568,481,483,533,350,366,1310,418,409,436,404,580,379,482,409,384,495,387,337,440,301,267,319,291,279,402,303,374,360,320,278,257,217,270,265,346,246,256,188,248,203,291,204,172,191,186,233,197,171,171,214,205,184,234,204,154,158,171,233,185,132,162,163,135,209,136,143,120,156,132,126,100,104,154,556,137,377,150,107,139,147,145,109,82,160,112,116,78,89,172,78,132,293,100,88,79,111,97,77,106,94,61,56,80,84,88
20240627,5300,5015,3399,3198,2496,2342,3615,1922,2059,2043,1704,1612,1958,1482,1353,1148,1172,1148,1583,960,1015,976,1104,1123,927,873,738,678,556,534,590,586,592,515,877,547,548,571,581,458,842,482,511,543,586,380,472,495,326,404,1031,431,761,442,488,512,346,453,435,401,444,348,283,350,318,324,291,251,224,399,305,347,394,245,270,252,241,283,263,317,228,227,195,219,198,264,190,192,189,165,230,224,160,194,203,190,134,159,175,150,122,195,217,187,144,180,133,138,157,133,125,87,147,120,107,110,94,109,439,115,217,139,100,148,107,141,120,92,154,107,125,88,220,141,64,99,218,91,97,78,104,94,76,106,93,60,57,74,92,81
20240628,5212,4490,3597,2479,2658,2217,3328,1836,1842,2305,1502,1550,1869,1249,1264,1100,1050,946,1831,851,977,834,944,833,718,726,820,559,574,520,562,504,531,524,691,474,487,534,474,504,729,433,482,481,750,340,400,392,338,431,783,385,491,373,458,515,335,490,326,392,401,327,245,344,327,274,250,213,221,276,267,394,276,288,243,284,193,204,227,258,183,204,185,233,306,239,181,164,161,152,144,163,150,142,158,153,129,172,186,145,162,133,331,109,140,149,183,117,128,101,114,90,139,148,91,83,104,168,617,141,357,118,116,110,102,98,97,106,137,110,111,66,63,95,77,106,407,107,95,92,92,110,65,96,66,56,74,94,63,85
20240629,4835,3374,2892,2517,2305,1821,2591,1415,1434,1596,1268,1310,1276,964,936,906,762,1981,1047,540,586,664,651,524,585,524,739,413,499,392,421,366,345,302,381,564,382,402,301,383,431,326,381,307,410,267,311,252,211,306,510,211,330,280,387,310,293,340,232,294,300,231,228,225,213,195,178,190,195,239,224,301,144,212,193,204,175,150,136,159,123,234,147,182,162,192,114,153,128,141,106,70,123,134,97,121,109,146,174,140,102,98,327,95,114,89,142,102,89,88,108,101,105,101,64,90,61,91,84,75,216,46,66,59,70,78,62,64,107,72,95,70,71,65,72,77,317,82,79,82,84,63,35,53,67,49,39,45,62,30
20240630,4452,4642,2678,2370,2320,1746,2773,1382,1381,1625,1490,1362,1243,878,861,972,777,4256,778,566,1043,683,597,550,647,677,721,429,547,394,423,370,347,323,349,346,588,344,274,362,387,312,401,309,381,237,346,293,257,276,448,200,288,262,331,294,269,327,232,285,315,248,226,289,199,263,184,187,175,317,194,277,162,229,309,194,178,130,126,172,109,146,123,164,148,213,126,155,184,128,124,77,134,118,72,116,90,122,177,133,91,93,305,90,117,95,126,85,101,70,130,111,128,99,84,88,73,87,37,84,269,59,73,60,57,92,76,63,113,70,97,59,65,84,72,72,302,70,62,94,76,67,52,67,90,49,53,51,72,28
20240701,5340,5452,3467,3414,2470,2326,3222,1867,1810,3026,1441,1657,1777,1361,1285,1034,1223,1460,909,871,925,857,921,950,580,653,892,607,613,504,542,498,583,468,575,595,695,560,538,449,472,401,456,484,505,437,471,428,365,374,570,374,372,331,461,396,343,429,368,378,427,361,230,347,378,286,246,247,235,311,233,351,290,286,242,230,263,209,240,305,217,253,165,173,135,232,193,176,177,188,174,206,161,126,183,162,170,179,162,136,151,142,427,158,146,137,191,132,153,134,133,105,129,108,139,123,116,134,729,114,171,128,85,104,133,100,95,78,138,96,106,92,104,105,63,124,356,90,86,84,89,90,74,78,85,83,79,86,93,75
20240702,5533,4884,3438,4379,2902,2380,3460,1847,2080,2939,1521,1642,1776,1523,1238,1095,1162,1329,1011,981,931,845,1099,982,684,720,754,656,663,537,594,527,586,493,567,584,579,540,666,482,525,460,531,501,487,372,451,440,368,402,730,460,382,378,532,371,361,487,403,426,386,325,255,386,461,269,257,259,250,258,299,368,308,303,267,248,252,232,256,307,252,219,202,246,214,284,187,171,186,242,139,185,163,180,204,156,205,176,166,116,176,186,345,158,176,153,149,145,192,156,125,135,169,142,130,113,101,115,672,150,328,142,99,130,153,109,120,94,177,92,101,115,82,136,69,172,273,78,93,73,119,113,108,74,95,75,57,80,62,87
20240703,5323,5506,3729,4465,3231,2579,3485,2131,2041,2875,1671,1687,2222,1451,1470,1228,1265,1434,900,971,1036,864,1057,913,752,672,831,710,680,544,650,527,544,499,820,614,593,617,631,519,578,434,505,455,662,381,456,486,351,431,760,425,454,389,403,540,382,502,427,456,371,374,283,398,307,274,241,252,212,296,285,324,326,269,311,302,257,252,281,310,251,257,182,209,222,280,215,161,234,189,127,195,153,165,220,160,169,179,161,160,153,180,380,155,175,165,147,133,172,133,150,112,185,145,97,102,110,128,1053,139,346,144,100,128,127,111,137,110,157,97,103,119,82,154,89,103,226,95,83,81,117,111,75,129,86,55,88,95,84,83
20240704,5311,4755,3469,4306,3107,2193,3171,1909,1852,2422,1568,1575,1825,1392,1224,1076,1110,1372,816,828,1411,837,852,772,625,713,719,594,579,509,560,525,504,529,822,508,471,614,483,356,509,403,433,438,571,353,368,469,338,384,541,383,415,382,445,451,354,448,458,406,369,286,243,360,247,256,279,261,244,313,237,368,276,273,287,214,189,220,188,311,200,225,192,157,171,268,193,161,195,127,200,195,139,170,170,157,138,172,164,154,137,137,381,129,143,121,119,143,142,130,116,117,138,124,85,97,89,104,248,116,330,154,94,129,99,135,116,81,172,86,83,72,81,88,102,108,193,104,119,72,130,96,103,98,104,63,68,71,57,97
20240705,5085,4057,2839,2592,2299,2033,3082,1857,1677,2167,1488,1561,1660,1224,1129,1035,1694,1117,827,709,1364,794,716,777,601,603,742,482,558,519,550,568,522,398,593,399,488,582,466,394,513,392,475,425,441,318,389,409,276,366,555,345,355,369,336,394,316,410,402,347,345,294,253,313,286,271,234,248,242,272,228,355,241,262,251,284,267,236,203,216,235,180,185,208,169,242,191,177,167,139,142,155,131,159,142,147,150,175,140,208,144,154,351,133,145,109,101,129,116,128,128,99,140,132,89,79,86,146,709,133,254,130,79,111,125,93,119,82,179,91,108,115,86,118,80,88,164,80,133,76,136,97,74,79,75,81,67,64,50,55
20240706,4635,4117,2361,2210,2247,1688,2607,1450,1453,1418,1148,1234,1257,896,866,1003,785,911,677,489,1026,687,427,583,487,466,660,433,448,413,427,462,361,323,355,472,416,460,265,340,362,333,373,275,397,260,327,268,245,282,473,226,299,267,358,345,370,346,269,277,286,240,263,283,208,216,206,192,217,240,205,209,159,217,177,227,169,158,141,156,101,151,159,160,208,208,125,163,160,115,118,63,136,111,95,99,91,154,163,162,135,78,284,73,136,112,109,83,97,82,117,89,95,289,60,78,108,88,261,88,241,61,89,47,108,85,90,87,86,84,104,73,66,63,83,89,190,63,68,70,78,73,53,76,217,89,70,69,68,21
20240707,4436,3698,2400,2101,2053,1738,2856,1520,1508,1336,1165,1286,1291,900,947,1028,824,888,638,531,1160,623,643,665,574,548,722,492,501,446,418,399,388,340,403,380,353,397,239,392,360,369,382,345,399,323,277,249,243,286,464,242,333,233,311,301,290,410,257,256,274,257,221,268,200,202,160,218,184,220,187,272,192,211,234,216,153,160,148,170,112,153,159,157,195,239,142,145,110,85,105,98,121,101,85,101,139,160,150,118,114,130,331,80,127,92,142,112,78,82,96,103,119,115,97,84,97,85,38,123,228,61,84,78,83,73,87,64,54,70,97,82,68,68,66,156,424,74,86,72,101,68,61,69,86,52,62,54,66,48
20240708,5456,5091,3307,3418,2522,2535,3127,1899,1868,1921,1545,1662,1941,1292,1354,1154,1332,1049,922,814,1079,925,760,936,652,682,836,562,571,552,549,598,576,432,707,549,529,490,526,504,550,455,485,440,441,365,488,448,340,433,588,440,372,383,408,637,360,419,455,320,409,315,283,328,330,238,237,281,297,229,264,359,271,277,285,283,218,265,267,304,183,224,216,195,192,255,222,167,164,183,118,159,169,177,154,124,147,205,190,116,144,183,436,158,148,151,139,146,181,597,109,89,129,112,113,84,92,111,894,145,310,173,103,122,106,131,112,74,136,97,98,106,90,91,85,121,465,82,116,83,144,84,66,134,73,62,74,73,97,75
20240709,5546,6029,3469,3002,2583,3137,3141,1916,2075,2101,1527,1724,2162,1401,1324,1128,1209,1018,1481,831,1138,932,771,816,649,1244,887,724,558,591,692,633,621,468,632,553,560,525,668,467,517,496,521,507,524,462,484,474,343,441,552,467,393,509,464,482,327,505,430,361,435,281,310,382,343,259,305,223,255,290,263,394,261,284,337,274,222,296,290,254,217,224,215,187,204,290,200,151,146,148,158,176,141,197,177,138,207,214,153,98,144,155,231,150,171,140,175,135,185,401,114,126,126,108,128,113,82,126,1070,128,227,149,88,139,105,111,117,91,83,84,118,102,72,125,54,139,241,86,98,75,135,93,82,104,90,60,64,72,72,79
20240710,6101,5693,3900,2871,2902,2239,3258,3154,2119,1880,1523,1574,2014,1194,1300,1302,1222,1201,2219,821,1078,988,916,823,689,692,730,820,652,588,556,662,566,517,910,569,619,491,683,494,554,481,485,467,540,425,502,423,290,414,634,462,423,582,577,439,369,564,429,368,440,307,264,350,301,254,256,295,258,285,293,329,308,281,405,278,238,303,307,302,262,222,207,290,209,293,209,192,195,159,114,162,166,172,183,183,161,272,195,150,159,162,213,180,158,195,133,148,164,186,147,129,112,126,100,97,86,111,952,180,256,140,100,163,110,119,138,99,134,103,88,88,93,145,91,104,127,77,84,192,100,122,89,112,92,86,62,82,78,72
20240711,5650,6356,3559,3721,2531,2243,4524,2248,2093,2092,1441,1626,1927,1345,1326,1272,1162,1095,1193,815,1112,885,970,892,702,715,742,643,623,516,593,575,623,515,758,524,585,581,608,481,542,501,534,491,544,400,462,441,375,408,780,470,442,378,401,582,345,454,442,462,435,294,288,359,291,294,362,255,296,303,265,382,312,297,257,743,254,285,254,282,282,208,222,309,188,268,195,193,230,191,142,225,167,171,176,155,131,243,175,138,147,169,179,177,148,197,129,141,178,175,152,124,160,152,132,102,90,116,903,132,314,143,100,130,128,109,127,81,163,100,98,84,81,130,79,147,108,97,77,78,99,99,106,106,84,64,68,80,65,78
20240712,5565,4982,3123,2920,2340,2116,3115,2007,2208,1700,1342,1373,2239,1201,1205,1095,1159,984,1034,836,1035,837,756,820,671,653,759,867,599,537,476,532,559,520,489,514,545,523,503,406,531,419,474,481,527,339,434,436,363,626,746,410,422,370,381,349,340,375,388,557,470,370,278,299,459,237,303,205,271,322,253,300,265,250,268,536,217,241,237,234,215,374,168,220,187,286,166,192,178,159,139,177,166,150,153,141,123,184,162,135,152,120,208,169,166,123,155,152,184,133,114,124,142,138,111,100,125,126,969,130,224,115,108,166,98,95,141,77,161,99,135,76,91,147,91,129,94,83,106,74,110,85,104,100,74,101,74,73,71,49
20240713,4684,3643,2281,2123,1953,1676,2589,1444,1792,1226,1136,1228,1537,885,887,995,763,873,740,498,738,658,560,507,647,516,720,614,469,425,420,460,358,320,339,396,426,378,283,327,413,357,408,315,368,315,342,231,190,384,541,258,387,307,329,285,267,239,233,277,377,261,248,185,253,216,186,174,208,254,190,522,181,195,210,228,182,175,193,145,111,155,177,168,151,209,130,152,112,138,129,88,151,120,119,110,96,124,169,89,110,75,170,79,107,69,108,126,85,93,101,85,118,103,73,86,103,103,369,80,214,75,108,70,80,56,80,65,127,64,81,75,50,61,95,77,48,108,81,82,60,49,60,66,80,52,47,64,44,25
20240714,4481,3200,2136,2102,1957,1637,2687,1397,1445,1015,1050,1270,1497,775,825,827,797,789,642,433,760,591,505,552,484,468,675,507,394,366,337,381,323,302,345,330,366,310,259,325,292,344,400,289,352,296,289,255,215,360,439,197,283,257,279,293,274,332,203,219,439,214,199,210,210,213,199,183,159,265,198,303,135,220,223,179,169,139,134,134,104,165,223,129,157,215,108,145,136,94,117,67,124,120,97,99,104,130,135,135,123,70,104,77,111,89,150,96,77,53,101,96,122,81,66,91,79,65,189,82,165,51,72,79,61,45,82,57,92,54,72,55,70,55,92,73,120,75,99,65,68,64,64,60,58,47,53,56,81,28
20240715,5212,4666,3164,2794,2399,1943,2948,1699,1894,1843,1346,1550,3483,1115,1230,1234,1099,879,1002,693,952,808,710,775,585,665,764,752,546,528,526,483,570,462,659,511,578,472,590,411,465,426,445,391,451,403,489,434,326,429,510,354,388,355,402,349,326,434,400,323,601,296,229,339,315,253,353,262,215,228,279,279,224,290,266,235,226,188,294,339,285,238,210,210,416,270,160,207,169,173,122,163,131,140,166,124,145,199,164,126,156,196,161,170,142,109,185,136,139,130,134,110,153,87,176,100,93,92,964,142,232,133,82,120,112,108,70,95,147,94,97,84,73,111,85,133,335,73,106,95,115,96,73,88,77,50,69,65,84,65
20240716,5436,4994,3200,2730,2483,2029,3206,1859,2075,2010,1409,1393,3866,1151,1302,1237,1159,964,941,715,1112,849,774,798,622,590,846,666,549,552,729,508,549,485,692,616,624,507,658,403,500,410,454,454,454,429,475,467,359,397,695,382,487,324,370,445,284,457,465,298,929,305,270,386,315,275,320,303,225,339,289,304,258,266,357,275,190,219,338,299,250,252,214,215,254,241,183,203,166,177,127,212,151,172,183,165,142,220,167,125,146,155,226,167,164,149,153,122,174,170,131,115,125,167,116,95,104,112,773,127,253,153,91,139,120,111,95,84,120,107,76,79,83,130,102,106,324,87,81,100,114,92,87,91,64,50,68,100,68,45
20240717,5182,5055,3140,2571,2426,2069,3100,1930,2675,1872,1327,1568,2669,1235,1343,1252,1165,1027,909,722,1056,842,848,848,676,599,773,732,629,534,531,574,563,516,681,609,580,1097,586,396,459,414,406,420,515,425,520,452,358,472,751,418,414,365,427,383,346,423,476,382,687,314,306,436,331,243,326,287,265,306,311,316,247,312,236,252,232,259,260,271,228,246,173,235,212,238,190,206,236,171,126,195,155,189,189,137,152,179,138,157,163,183,206,180,157,166,138,133,203,163,123,108,103,111,111,100,96,126,757,131,209,136,103,123,106,110,87,73,176,89,128,77,85,147,97,107,195,105,91,86,158,96,99,82,99,70,57,80,71,76
20240718,5593,5983,3604,3053,2837,2127,3237,2110,3127,1971,1675,1589,3349,1545,1327,1270,1126,1126,927,779,1118,849,874,902,734,630,792,842,599,518,526,587,531,502,706,548,1704,473,635,449,514,441,514,437,485,908,496,545,358,499,727,427,453,419,413,384,344,458,514,373,684,412,305,386,343,275,262,262,247,262,256,321,264,295,265,263,242,364,261,273,280,263,200,206,229,243,187,165,226,190,131,176,179,203,161,169,406,227,142,181,131,208,203,183,134,211,131,166,200,154,138,103,110,125,93,115,103,97,593,102,206,137,73,143,132,110,105,90,155,84,104,91,75,128,60,128,105,87,81,80,170,99,92,91,94,71,46,136,69,64
20240719,5218,4546,2917,2773,2477,1985,3112,1984,2371,1660,1620,1641,3320,1215,1179,1174,1050,2319,1230,807,1808,826,748,867,671,627,701,685,568,540,470,635,466,476,615,483,505,481,528,487,420,405,520,444,453,556,424,446,308,350,595,382,404,381,326,331,315,416,426,561,495,380,284,361,295,260,237,205,250,246,298,262,314,288,242,191,215,269,245,245,199,220,206,212,161,238,177,174,145,152,132,181,119,165,212,109,172,203,161,120,140,152,182,145,129,196,175,138,167,118,119,101,101,93,110,125,119,103,821,122,175,123,94,150,100,91,126,99,180,89,93,70,81,138,69,111,66,92,75,77,103,65,70,148,84,73,55,64,70,52
20240720,5057,3639,2233,2210,2067,1927,2762,1635,3878,988,1298,1429,2127,869,950,2056,747,1470,855,491,1130,584,478,543,628,490,735,581,452,414,453,455,373,347,354,364,457,422,303,382,340,339,454,345,397,366,299,279,207,262,600,212,336,268,265,274,288,335,263,385,468,284,236,292,252,209,221,243,201,262,204,196,201,180,167,243,196,163,157,128,127,182,165,202,169,196,130,149,150,123,101,108,152,115,108,101,114,158,193,140,131,77,147,102,106,116,105,115,149,86,94,106,100,78,92,105,116,96,82,86,166,45,85,74,65,78,94,62,147,73,87,53,61,71,73,78,168,92,81,80,99,76,46,88,77,52,67,50,59,36
20240721,4686,3396,2541,2084,2021,1815,2674,1367,2369,965,1230,1418,1717,1427,902,1125,689,1109,745,591,907,648,454,527,556,412,673,505,474,420,403,463,371,306,375,648,462,412,320,336,365,368,418,307,415,292,340,287,226,263,595,245,332,244,279,238,244,389,204,274,453,294,211,270,221,232,255,205,233,202,204,223,163,195,182,261,184,150,153,148,102,153,161,158,251,200,106,147,141,112,148,84,127,99,103,85,93,153,165,92,108,80,104,115,120,95,166,96,104,47,119,112,90,102,93,96,85,91,87,86,174,67,65,73,82,64,100,71,111,59,96,67,60,59,75,99,288,89,71,60,82,64,56,80,86,62,50,49,94,30
20240722,5474,5079,3828,3101,2558,2313,3221,1963,2310,1763,1541,1523,2709,1988,1306,1317,1143,1061,891,798,1173,848,758,817,659,585,748,648,601,588,475,572,616,542,687,529,555,527,593,448,507,491,494,393,507,393,528,423,349,376,614,410,366,384,393,425,389,423,422,266,466,341,295,396,310,242,246,268,327,244,241,323,286,301,248,264,190,252,294,286,246,235,187,216,225,247,169,156,163,171,204,192,199,178,173,158,143,145,150,119,144,155,133,169,150,185,140,140,208,177,130,103,132,134,95,106,108,114,611,126,213,130,90,121,118,93,99,116,172,69,115,93,82,140,80,98,165,114,81,85,107,109,69,141,83,73,63,58,72,61
20240723,5255,5132,3348,2999,3125,2256,3336,2009,2623,1752,1501,1540,2592,1363,1271,1716,1162,1107,1007,765,1254,944,928,789,750,664,787,601,581,567,622,557,615,460,729,542,821,515,625,452,498,440,496,447,544,427,462,658,352,355,791,436,407,368,401,532,343,418,426,319,464,351,273,399,343,270,224,311,236,243,245,242,229,270,265,270,233,250,247,318,242,303,214,183,188,233,203,193,169,179,163,188,133,186,195,128,164,179,171,126,181,159,181,206,136,195,110,134,200,157,150,84,98,101,84,128,122,119,802,161,181,122,92,170,90,89,143,81,144,109,83,88,69,146,78,117,99,111,118,112,100,95,89,114,86,69,70,67,63,69
20240724,5334,5069,4082,2997,3126,2239,3201,2036,2420,1861,1675,1591,2400,1534,1250,1525,1183,1308,937,846,1070,880,820,912,698,648,702,658,575,551,531,498,515,516,767,534,1202,469,635,475,496,484,498,590,524,425,522,452,300,406,744,445,420,395,363,540,377,451,402,400,570,336,272,334,382,275,312,282,276,247,285,252,233,274,250,272,225,247,276,338,240,239,205,196,234,231,169,172,169,136,131,176,179,161,197,145,156,217,150,143,150,164,210,179,137,164,108,160,203,138,130,127,107,130,110,124,130,131,579,159,163,130,93,116,122,102,158,107,112,82,93,78,59,145,65,109,99,83,112,91,68,99,125,93,94,71,58,66,82,86
20240725,5457,5025,3398,2816,2952,2229,3200,1929,2384,1905,1719,1567,2328,1390,1355,1580,1072,2233,993,1101,1017,923,783,913,689,683,788,718,651,564,526,583,599,499,658,532,752,566,595,455,536,500,524,1003,496,462,492,522,288,399,748,421,460,388,370,435,366,368,480,350,835,336,343,394,781,240,344,248,261,259,281,334,291,306,259,268,196,221,394,280,245,283,187,238,315,236,183,196,973,175,158,219,194,187,192,151,168,162,156,158,145,158,165,186,152,140,100,140,172,148,147,105,153,144,101,100,99,118,588,160,220,147,85,129,100,100,138,95,164,97,114,83,105,142,85,125,91,84,88,84,98,127,66,114,90,62,77,75,66,63
20240726,5205,4564,3187,2753,2964,2085,3363,1796,2181,1727,1488,1471,2218,1094,1271,1510,1171,1118,865,918,933,889,822,791,690,664,789,627,613,519,442,508,509,503,531,517,623,535,539,416,532,496,503,928,506,471,425,395,311,386,821,394,447,371,388,524,348,432,360,346,748,287,305,348,343,305,384,251,236,279,245,326,297,257,215,262,206,249,282,256,244,224,224,214,253,232,257,238,2690,161,154,154,191,150,197,130,167,176,135,145,153,169,150,142,146,149,143,136,193,134,156,120,132,122,116,97,120,132,532,169,256,122,87,138,121,87,124,109,139,75,101,80,76,128,84,103,91,98,93,101,65,102,79,114,94,75,73,69,82,78
20240727,4815,3618,2471,2339,2563,1809,2777,1474,1652,1110,1255,1291,1760,791,944,1168,771,863,652,558,617,687,602,516,556,649,673,425,479,383,331,453,383,331,419,551,395,371,299,371,336,321,405,460,384,337,308,242,208,391,579,208,333,263,283,341,291,410,212,234,469,218,248,286,230,223,260,194,208,170,196,254,151,173,199,246,171,140,178,140,103,178,156,140,212,203,117,178,991,102,121,97,146,108,104,102,113,152,152,116,132,77,167,95,101,93,109,109,115,69,101,119,95,105,73,72,83,95,59,70,185,50,106,56,86,65,97,60,121,46,84,60,72,75,66,72,242,75,76,70,53,80,82,76,75,70,49,66,67,38
20240728,4732,3589,2365,2071,2012,1659,2487,1402,1604,1076,1255,1221,1615,861,864,1287,739,890,657,475,628,599,540,594,554,517,669,477,428,415,337,442,389,314,382,373,387,350,285,308,313,335,405,417,368,312,335,256,220,302,477,231,276,307,265,251,431,318,244,274,487,436,230,295,202,227,255,175,217,207,184,246,162,222,186,218,222,146,117,129,109,192,142,149,196,199,109,162,720,119,116,98,198,104,105,100,107,142,167,102,147,76,154,99,125,108,127,96,103,71,107,93,109,83,72,99,101,80,56,95,159,56,130,59,68,78,88,73,87,54,75,64,77,69,77,76,358,78,69,77,45,82,64,91,74,52,48,40,65,31
20240729,5550,5156,3285,2703,2640,2137,3200,2007,2430,1902,1555,1618,2097,1243,1310,1489,1092,1056,844,740,836,911,825,891,693,673,754,571,593,605,476,635,558,485,677,553,545,480,581,450,504,489,439,1210,487,386,457,446,307,376,585,380,432,325,372,587,376,447,375,375,711,256,260,485,320,297,302,282,223,216,262,237,267,251,230,289,203,223,246,254,250,336,175,233,288,239,223,157,840,223,157,181,157,180,156,238,157,138,154,111,160,146,152,167,136,104,161,128,152,172,106,107,135,101,87,114,121,121,476,131,204,139,110,113,110,98,122,109,114,90,111,75,114,149,85,108,217,103,77,74,70,106,86,92,88,41,66,80,79,67
20240730,5691,5224,3757,2975,2511,2368,3346,2186,2558,2349,1518,1618,2385,1280,1514,1751,1111,1154,978,829,986,881,1025,992,695,698,744,686,636,572,537,822,576,726,668,572,588,577,628,482,596,483,519,1387,527,414,445,504,308,412,719,447,465,398,380,703,385,480,469,370,778,382,263,486,334,288,443,279,256,258,293,336,286,277,272,343,244,236,240,316,256,255,189,205,304,273,175,168,472,189,129,226,184,178,157,255,179,175,140,133,160,148,259,165,210,155,159,130,169,133,145,114,121,155,115,154,143,117,808,118,170,128,84,145,93,105,142,110,146,108,116,88,96,126,74,116,109,81,108,84,80,131,86,97,103,79,78,86,70,56
20240731,5755,5086,3459,2745,2688,2307,3086,2088,2326,2326,1656,1597,2299,1234,1282,1443,1100,1078,940,807,1903,926,761,884,720,793,690,694,2244,557,551,706,582,791,669,602,494,574,656,528,522,550,505,906,598,433,477,529,320,414,757,455,459,412,373,629,322,497,466,312,648,398,287,435,335,326,314,274,259,238,266,277,261,290,243,255,249,232,300,307,263,251,163,200,252,218,164,178,383,137,153,187,164,159,190,211,150,190,150,155,174,157,202,183,149,154,164,156,154,175,161,127,159,127,104,166,117,125,648,154,214,133,89,122,89,97,131,92,119,89,118,122,77,159,122,115,137,96,58,79,74,101,86,113,83,60,79,56,63,52
20240801,5525,5203,3563,2609,2576,2247,3396,2050,2322,1898,1506,1619,2341,1592,1342,1909,1059,1176,937,756,988,892,784,915,710,705,751,628,944,583,582,591,552,626,696,590,486,464,536,484,483,444,488,762,473,392,675,428,297,420,533,426,410,397,364,564,329,435,380,337,609,283,319,451,320,280,269,265,289,294,254,223,267,312,240,274,235,244,213,236,224,287,210,196,188,188,170,143,474,155,159,175,140,157,176,135,169,154,161,148,169,130,184,162,130,195,119,138,155,151,129,105,119,129,131,156,116,94,581,113,191,128,86,106,103,119,108,83,103,86,104,101,86,119,169,103,101,93,88,76,62,121,76,107,95,64,50,70,82,64
20240802,5204,4637,3177,2458,2519,2049,3020,2131,2354,1734,1345,1512,2215,1384,1236,1145,1015,1085,818,647,934,819,663,951,618,584,723,592,590,549,574,636,503,523,486,494,434,455,445,476,576,411,423,915,451,382,446,401,311,357,468,376,421,382,343,384,351,357,381,345,433,292,268,317,307,267,322,250,225,293,237,200,221,263,239,238,204,204,207,239,197,194,151,179,283,285,152,178,454,153,145,153,155,148,175,159,161,183,141,101,148,98,175,169,129,147,94,143,156,121,109,129,116,128,88,107,107,117,377,103,157,92,75,102,68,101,100,84,101,96,101,78,71,106,98,112,138,122,69,92,53,112,102,80,72,57,39,63,68,52
20240803,4697,3716,2546,2097,2138,1661,2566,1450,2004,1208,1193,1333,1642,1288,916,976,709,963,692,488,701,744,496,558,502,475,653,448,475,428,443,480,358,370,337,386,328,308,316,349,366,318,445,550,377,281,351,258,224,338,435,230,357,335,296,238,283,323,217,292,372,256,257,204,214,214,236,201,176,238,196,157,183,190,179,226,155,164,126,153,105,178,153,154,168,196,110,200,269,105,119,87,145,114,101,94,122,130,165,96,104,99,158,117,98,77,103,104,98,59,123,89,121,85,86,89,105,82,86,93,188,49,87,65,54,81,69,73,72,54,97,85,53,73,81,87,173,62,91,98,43,75,53,66,61,56,49,52,62,28
20240804,4411,3575,2352,1959,2027,1743,2474,1418,1937,1117,1208,1384,1501,787,935,1060,780,1167,686,452,728,675,490,568,536,477,737,489,531,440,438,469,382,336,321,355,329,335,272,326,373,333,426,490,351,264,342,274,214,290,464,240,349,287,295,256,263,331,234,263,503,240,218,261,226,245,202,185,168,256,222,186,156,205,170,190,183,179,111,149,104,150,165,155,188,154,103,137,232,109,178,81,152,118,80,107,115,154,175,88,135,68,174,98,119,83,95,103,94,78,109,67,77,86,278,106,98,67,68,95,170,58,58,59,73,69,73,79,71,71,107,74,43,61,102,100,56,72,63,105,46,64,53,80,83,70,51,43,112,43
20240805,5527,4972,3455,2656,2513,2140,3162,1981,2694,1761,1520,1538,2310,1193,1398,1866,1060,982,883,659,916,811,741,762,638,580,814,589,563,506,474,655,546,509,519,492,420,493,582,483,549,457,486,686,449,376,444,415,327,395,477,402,414,361,363,533,927,390,336,305,548,349,287,293,257,322,252,227,218,261,240,217,234,250,222,282,205,216,191,243,189,225,200,163,196,196,159,167,268,168,131,143,196,135,196,169,172,174,170,139,164,106,184,173,122,122,114,142,174,147,128,95,131,116,262,111,100,102,830,134,203,151,73,111,116,104,102,56,117,78,91,86,63,124,77,110,63,85,90,108,86,84,62,76,80,53,61,59,82,55
20240806,5624,5245,3456,2772,2659,2253,3164,2054,2380,1988,1581,1758,2570,1285,1412,1605,1170,1157,863,776,998,848,784,783,662,588,802,624,568,565,598,563,505,499,549,526,448,480,634,501,630,440,552,810,477,395,448,442,339,382,441,454,398,373,387,427,381,378,422,295,537,356,253,346,323,264,234,258,229,268,279,220,268,253,264,256,174,200,256,257,203,255,197,163,150,176,188,165,240,175,128,189,177,180,186,147,214,194,161,129,131,134,152,169,119,143,123,153,199,133,138,101,131,106,229,127,122,117,840,110,174,134,85,119,100,86,102,93,119,64,94,83,65,120,80,122,102,82,96,95,60,113,103,85,66,83,44,55,93,71
20240807,5598,5234,4051,2956,2893,2239,3975,2047,2309,1858,1593,1720,2621,1294,1329,3850,1103,1415,892,779,1005,940,817,840,674,599,843,604,599,516,535,546,548,511,558,578,448,498,588,515,482,439,497,711,498,402,528,430,307,387,466,479,415,373,425,620,339,416,409,287,594,260,279,321,331,288,325,242,274,475,241,216,228,251,252,276,212,278,223,274,193,252,200,193,182,200,212,191,294,151,152,198,154,174,185,160,156,229,138,98,145,130,175,164,158,146,121,152,176,125,118,96,129,116,147,95,106,99,968,147,179,158,65,123,120,113,100,81,96,104,115,99,70,124,86,100,87,87,84,92,58,123,90,101,86,72,75,86,82,81
20240808,5607,5097,3906,2676,2740,2187,3079,1868,2453,1940,1528,1583,2632,1294,1312,1451,1061,1338,907,808,948,918,759,911,630,620,731,608,560,562,543,653,489,496,600,563,493,617,562,530,535,462,499,587,476,457,481,430,310,390,474,426,448,380,351,508,357,393,476,360,608,287,266,275,306,304,262,264,224,312,261,228,284,256,271,238,241,281,282,245,241,260,194,208,191,196,161,155,336,185,126,193,191,151,183,134,155,175,119,114,122,128,165,153,155,178,132,139,205,156,121,112,98,166,139,141,99,86,593,152,181,120,71,161,115,114,114,95,142,127,94,81,75,110,95,120,81,97,82,103,65,104,69,111,82,65,60,43,72,62
20240809,5212,4503,2942,2419,2485,2004,2928,2005,2139,1602,1338,1347,1893,1165,1241,1170,933,1618,793,692,915,823,697,786,624,563,714,632,547,506,486,599,495,437,551,495,480,428,533,454,402,388,430,573,422,402,429,353,294,371,440,354,460,372,304,414,307,379,389,324,510,261,220,277,261,270,238,231,228,243,240,176,246,262,220,263,220,218,176,210,204,222,196,197,203,173,154,135,288,159,147,177,175,153,182,130,168,180,148,132,115,83,244,177,113,146,103,120,162,95,122,102,83,113,226,86,111,102,414,106,153,137,71,101,125,79,121,90,105,82,94,63,68,115,89,99,68,72,81,82,60,93,73,106,86,52,73,63,92,55
20240810,4743,3583,2442,2046,2097,1648,2438,1384,1695,1060,1166,1385,1390,878,876,1101,664,1146,633,482,831,649,491,522,548,510,620,658,457,365,395,421,325,317,386,422,331,349,246,313,300,307,411,358,372,279,283,244,220,273,423,237,378,254,268,235,260,280,177,204,445,201,191,198,190,204,207,209,202,229,190,177,146,189,170,224,163,159,145,119,97,178,148,176,154,162,113,185,231,107,117,95,141,90,91,100,115,116,167,78,97,81,139,91,110,76,79,88,104,63,89,81,104,155,166,82,83,61,120,79,150,46,59,47,74,55,83,59,59,66,91,67,116,78,91,69,198,64,69,84,55,61,61,79,64,56,46,52,70,23
20240811,4770,3727,2185,2096,1961,1750,2407,1403,1576,1073,1228,1317,1253,847,810,1132,760,1780,753,440,653,645,484,553,560,513,649,662,413,435,378,405,350,332,323,400,298,376,308,385,339,317,435,358,349,319,321,229,193,379,375,239,373,264,282,362,240,317,194,230,437,303,220,207,207,207,234,223,274,222,198,170,145,174,182,205,159,151,85,158,121,136,148,155,143,178,117,135,254,89,106,75,126,87,86,91,122,149,154,111,107,61,124,109,108,114,78,83,87,81,112,64,92,87,128,89,83,83,119,83,125,57,53,58,88,59,82,64,95,51,103,56,68,84,80,84,315,50,76,69,40,80,55,65,70,57,40,48,72,26
20240812,5655,5067,3360,2805,2521,2256,2962,1967,2167,1715,1538,1605,1762,1453,1349,1299,1119,1740,885,685,893,815,723,833,561,670,752,749,547,467,559,526,516,505,535,522,426,490,603,457,435,460,514,460,424,375,494,429,320,423,613,388,421,337,361,550,324,387,375,283,546,354,225,308,320,275,290,270,226,285,273,192,228,293,269,243,189,219,274,612,211,271,183,193,180,187,151,174,244,196,114,152,144,153,168,139,161,159,175,126,180,105,126,188,133,151,79,126,142,125,136,94,116,108,137,109,106,89,841,110,199,129,63,137,93,88,86,78,124,76,94,87,63,120,107,108,190,92,67,88,84,103,85,112,80,70,68,51,78,46
20240813,5675,5193,3463,2973,2635,2421,3219,2216,2282,1841,1807,1660,2283,1287,1430,1248,1081,2749,933,761,951,1500,862,837,825,770,688,808,553,585,643,544,534,541,537,626,486,494,586,532,514,452,577,577,474,421,540,453,346,407,854,453,467,396,381,483,343,396,435,315,588,308,278,314,369,242,549,260,224,304,274,226,230,252,280,252,223,248,279,808,233,256,218,242,198,192,168,222,276,162,145,180,167,139,197,182,238,173,176,155,163,144,176,179,161,167,110,134,152,152,133,111,143,108,174,117,104,128,972,135,148,129,81,109,100,115,98,118,108,86,94,77,75,129,108,155,88,99,83,99,63,90,81,76,99,86,52,65,86,60
20240814,5617,4813,3244,2870,2726,2209,2986,2008,2498,1877,1712,1553,2148,1265,1388,1261,1122,1701,1003,731,893,1117,791,871,623,743,818,696,572,564,558,592,637,480,608,582,450,484,545,459,518,440,539,548,435,401,456,417,363,403,843,411,441,433,419,506,346,385,399,314,523,329,309,274,324,239,456,286,237,244,284,188,258,270,309,267,211,236,261,534,241,234,185,192,190,220,199,189,241,195,133,182,144,169,193,135,190,158,178,164,148,146,145,178,120,153,108,142,151,136,113,95,128,108,125,124,107,104,1195,105,172,129,127,149,94,85,101,115,67,89,104,128,74,131,88,152,110,82,76,86,62,104,78,88,94,70,62,48,64,51
20240815,4879,4019,2734,2442,2491,2150,3417,2126,2453,1528,1612,1335,1902,1293,1285,1175,1046,1434,1006,645,931,935,624,820,629,631,891,648,550,509,501,564,491,491,621,520,484,442,406,465,507,448,507,490,638,397,461,396,311,392,678,404,501,419,343,410,360,394,403,294,481,285,245,247,344,287,256,280,222,244,255,147,205,273,289,248,198,250,292,267,177,229,178,185,204,193,154,172,228,158,140,141,166,128,176,183,147,170,167,134,144,105,173,141,132,152,84,145,195,159,145,81,136,109,114,150,107,138,636,129,86,103,88,113,110,94,111,95,107,97,108,102,78,116,108,104,82,103,83,73,105,80,62,77,74,53,63,52,86,60
20240816,5559,4475,2637,2350,2403,2150,2625,1803,2156,1645,1446,1299,2217,1082,1214,1027,1043,1266,928,721,895,901,669,755,670,600,862,649,498,551,491,570,442,510,518,517,439,403,465,523,538,358,505,529,573,376,430,381,329,331,532,460,439,381,353,501,348,356,395,471,429,324,251,269,320,260,272,225,268,297,277,168,213,265,234,226,204,233,247,230,189,198,178,194,185,186,161,167,249,147,124,136,162,138,170,133,189,171,161,119,155,102,152,118,129,151,102,148,183,121,121,103,114,101,123,112,115,92,933,106,128,112,82,114,104,111,110,78,106,92,107,90,88,119,101,127,194,116,59,62,75,98,74,77,67,60,47,61,86,46
20240817,5183,3952,2379,2052,2009,1745,2322,1416,1594,1078,1214,1322,2083,811,882,991,814,1161,747,470,613,664,548,567,592,482,828,482,431,409,372,468,343,353,343,392,317,376,362,371,407,325,429,327,380,275,315,292,225,292,381,265,345,297,284,265,216,335,230,256,389,280,194,203,200,185,441,197,218,237,182,200,175,200,234,202,169,155,127,153,103,138,152,167,165,169,110,165,194,114,89,84,235,96,93,97,131,140,147,95,159,74,206,81,98,165,120,89,95,74,121,67,98,90,81,85,97,83,83,77,136,61,46,61,64,79,74,86,75,62,86,63,42,84,75,68,201,68,67,145,33,90,53,80,55,64,70,51,50,29
20240818,4888,3543,2271,2028,1982,1771,2221,1517,1644,1153,1239,1213,1621,832,1036,986,825,1092,626,466,583,657,476,621,515,437,764,526,494,412,407,451,343,339,336,337,365,364,334,335,405,306,417,414,412,261,566,267,236,307,481,237,372,288,290,350,273,271,223,236,406,239,238,243,248,234,219,209,207,231,201,175,187,209,223,203,164,155,155,120,114,157,140,163,145,231,116,138,196,134,90,77,158,126,66,103,147,151,174,97,116,67,146,114,136,106,96,104,117,58,110,85,88,92,85,110,84,80,76,85,124,44,85,58,77,74,76,74,54,51,96,73,61,80,93,95,124,64,58,144,49,61,97,68,68,60,54,45,62,35
20240819,5415,4794,2841,2656,2473,2242,3023,1953,2344,1836,1637,1516,2305,1064,1410,1092,1253,1641,880,691,924,876,711,941,632,687,905,691,559,589,567,539,559,517,599,539,416,396,597,580,512,465,491,634,548,434,757,496,360,402,551,398,500,382,320,696,361,421,387,337,454,300,286,275,316,277,268,231,251,238,282,215,244,312,280,261,202,250,204,281,254,197,193,227,168,227,204,178,290,180,138,154,156,141,175,180,204,165,142,151,169,111,217,145,139,151,112,121,173,147,146,103,126,88,112,129,111,105,460,124,200,148,116,135,98,115,111,115,93,91,114,88,69,159,87,102,137,79,76,105,84,98,56,85,80,60,65,60,72,59
20240820,6051,5250,3252,3380,2621,2865,2977,2133,2129,2045,1853,1784,1891,1241,1420,1172,1277,1453,928,746,970,1002,822,880,779,699,836,690,699,645,696,630,520,530,591,655,484,551,655,627,525,504,552,912,680,440,587,478,317,448,693,425,458,404,403,681,328,489,413,416,506,354,289,304,355,257,409,254,258,300,290,227,269,290,273,237,187,269,249,277,232,256,227,219,189,259,165,197,288,206,153,160,166,145,214,174,153,165,157,160,158,158,236,186,126,139,137,157,205,148,139,103,137,154,121,137,135,105,577,120,166,129,89,155,112,101,135,126,109,75,121,80,76,159,77,114,144,92,114,90,67,98,95,67,79,73,65,60,85,72
20240821,5826,5803,3339,3952,3045,3564,3048,2024,2231,2120,1934,1917,1775,1407,1440,1260,1164,1663,992,759,1047,989,886,892,827,725,968,717,1276,589,587,758,601,551,597,637,521,587,637,614,566,455,640,792,624,426,595,464,384,443,613,419,452,426,392,603,377,461,456,364,470,337,297,297,443,276,316,273,315,279,302,228,280,281,272,275,216,248,240,283,236,248,186,231,195,208,173,199,246,190,143,220,209,173,185,158,179,189,192,176,180,133,209,201,183,153,117,155,181,135,139,108,119,131,112,142,125,125,764,119,155,129,74,157,114,97,118,102,106,100,99,93,62,159,105,136,149,115,125,84,70,120,86,88,109,75,52,61,67,50
20240822,6246,5360,3402,3246,3032,2438,3710,2223,2153,2193,1765,1842,1924,1349,1463,1175,1189,1423,982,770,1000,987,870,874,714,635,1055,710,667,602,588,688,609,597,561,547,539,547,658,628,557,466,577,822,599,482,532,485,389,501,500,413,446,424,422,694,329,473,392,425,440,366,361,280,336,297,366,285,248,254,284,218,222,248,247,223,207,262,268,269,230,206,240,216,202,174,165,206,256,164,166,183,162,160,207,158,226,184,216,159,183,141,348,178,151,177,151,124,201,120,148,102,138,133,89,160,128,112,751,112,186,133,69,143,108,94,162,124,93,123,133,98,57,151,107,114,139,89,85,74,65,114,95,111,80,63,68,57,79,59
20240823,5751,5005,3371,2754,2717,2337,2904,1941,2131,1843,1659,1528,2438,1205,1304,1159,1057,1179,858,723,875,872,906,938,681,604,856,621,586,650,528,645,476,576,586,435,434,479,537,516,541,492,484,735,457,385,506,444,365,393,511,385,451,399,365,570,319,368,444,383,423,352,295,266,344,276,315,221,231,260,258,227,253,268,230,231,219,189,275,236,191,171,163,214,165,194,137,158,201,161,157,158,170,153,173,159,235,173,159,122,161,164,309,164,165,159,123,143,172,126,111,121,141,113,111,135,120,94,463,126,174,136,80,111,85,85,100,110,99,99,97,81,71,155,64,121,155,125,84,63,53,78,73,134,97,80,58,67,68,68
20240824,5320,3978,2331,2533,2068,1816,2326,1449,1880,1299,1343,1302,1311,912,919,1032,816,1060,734,535,739,700,631,686,580,527,758,521,441,466,410,442,340,378,370,387,355,398,311,398,350,360,470,629,364,327,377,264,215,370,437,304,346,349,301,360,282,340,220,228,338,798,241,253,290,205,211,192,217,232,184,175,170,193,182,192,176,171,135,149,117,149,135,167,170,183,98,150,191,103,99,94,136,109,112,62,192,145,126,88,141,124,249,96,105,112,137,101,110,57,128,75,90,87,83,98,122,69,52,85,127,58,48,81,64,73,78,85,62,71,86,76,65,136,78,87,212,71,111,81,41,68,52,87,64,42,72,48,74,34
20240825,4860,3633,2439,2272,1890,1796,2287,1433,1787,1192,1343,1270,1179,904,865,1117,727,905,733,526,770,725,545,656,585,526,719,670,483,462,409,483,331,337,336,382,368,308,293,370,336,385,460,583,413,339,325,931,246,312,378,272,471,328,253,260,285,338,258,241,296,455,235,250,235,273,276,222,239,208,189,146,186,214,169,328,168,153,101,132,111,138,183,213,152,165,137,150,287,113,115,75,126,101,100,97,174,146,150,109,142,117,175,93,123,79,107,89,87,77,103,110,92,75,89,107,93,70,65,81,141,49,57,62,62,51,95,83,74,67,106,83,53,130,75,93,270,93,77,84,58,53,72,76,91,81,54,47,67,28
20240826,5306,5066,3516,2833,2403,2378,3083,2048,2255,1906,1763,1672,1714,1227,1291,1424,1159,1260,925,756,1138,949,851,935,711,659,875,780,594,586,574,527,510,518,565,529,450,496,577,550,546,483,577,667,453,462,514,932,351,382,556,446,956,364,385,551,380,402,383,341,432,303,282,273,326,322,233,258,270,316,264,229,277,282,281,265,236,263,215,237,176,214,208,342,169,192,156,198,314,141,163,152,168,144,154,183,188,181,138,132,152,127,267,613,155,139,100,139,195,122,126,140,132,109,116,122,110,103,687,131,178,122,45,104,101,105,126,96,69,86,157,82,73,170,82,124,245,97,93,87,72,85,89,87,89,79,63,49,65,57
20240827,6062,5736,3486,3125,2590,2530,3107,2041,2278,2081,1860,1790,2821,1607,1447,1404,1148,1187,1042,864,1365,1012,973,979,735,686,869,990,647,640,995,648,506,510,593,572,523,498,585,625,480,468,630,702,592,509,583,657,372,454,616,489,585,437,426,538,405,398,435,358,443,341,330,299,337,319,281,285,307,317,252,199,314,291,265,257,245,249,237,290,226,229,218,269,172,233,203,170,303,161,164,179,173,208,174,194,187,152,157,164,161,151,348,375,152,167,118,141,193,148,154,156,161,127,126,155,138,100,535,118,193,163,59,161,100,109,99,108,101,76,134,114,97,200,55,127,225,91,87,92,78,94,84,113,90,64,74,70,82,82
20240828,6361,5880,3759,3324,2833,2728,3123,2157,2312,2222,1959,1829,3044,1670,1556,1489,1231,1210,1149,834,1300,944,985,1017,778,750,785,812,658,733,611,800,557,607,639,567,512,508,597,719,498,490,710,618,568,511,561,603,392,430,522,492,517,455,420,577,418,520,444,378,492,335,325,302,381,316,351,251,367,374,259,233,309,281,238,257,292,238,194,280,256,270,246,299,201,207,197,199,294,170,196,204,187,190,197,193,173,183,146,218,177,160,271,182,156,770,142,128,216,144,128,129,193,105,119,136,126,127,490,145,180,133,87,149,106,108,106,115,132,104,151,108,91,157,84,116,222,106,107,109,63,85,100,95,72,77,66,48,87,71
20240829,6149,5743,3355,3096,2801,2778,3144,2012,2374,2068,1834,1788,3230,1335,1545,1468,1147,1365,1098,808,1246,1034,914,900,727,674,813,769,557,675,579,659,535,577,562,625,554,533,609,674,496,511,555,1155,536,557,586,541,374,409,624,482,554,434,425,513,427,507,377,394,893,296,287,305,344,323,382,259,296,311,249,243,289,298,241,246,236,242,220,261,294,225,194,275,187,185,179,163,289,167,148,195,195,161,201,181,180,152,119,148,145,148,307,163,143,295,141,148,171,159,145,105,115,119,123,153,144,131,603,131,178,143,70,139,106,83,105,114,153,88,161,100,77,177,79,99,176,87,94,80,73,72,78,95,70,90,72,52,64,60
20240830,5577,5100,3095,2912,2770,2419,3068,2012,2368,1805,1717,1691,3221,1339,1296,1183,973,1233,1024,764,2081,958,810,889,705,569,753,670,515,605,510,643,492,477,524,594,518,452,523,582,450,462,551,868,540,464,569,428,311,379,592,410,532,424,415,564,373,444,345,324,871,306,277,277,342,292,328,244,305,303,238,202,242,275,276,272,207,199,191,217,202,221,219,264,197,190,147,222,291,131,150,193,207,164,205,146,156,165,151,122,142,118,289,178,132,160,87,99,149,111,116,158,130,82,114,120,135,113,440,119,156,92,70,97,92,112,101,117,114,89,135,93,61,139,98,100,207,89,164,71,68,86,99,90,84,82,61,56,54,70
20240831,5571,4116,2493,2236,2653,2017,2466,1601,1939,1203,1342,1403,2465,987,927,1083,784,920,846,548,987,777,625,602,599,566,724,511,476,463,399,455,372,330,376,493,392,372,339,696,368,354,386,551,394,351,368,292,223,280,514,260,412,323,303,285,269,343,264,229,1265,272,261,208,220,255,303,213,197,224,199,102,168,206,189,220,178,130,119,151,100,128,184,237,193,174,96,192,224,114,139,90,150,102,91,98,96,128,140,79,131,86,238,100,122,102,105,88,65,85,115,221,111,116,79,83,97,113,61,70,143,59,71,82,64,93,108,74,80,82,97,71,65,81,87,77,243,70,91,101,68,64,69,69,56,38,40,53,66,24
20240901,5297,4142,2456,2101,2031,1895,2432,1455,1788,1214,1349,1448,1985,934,955,1367,778,981,735,471,941,691,537,699,668,514,729,509,464,487,440,498,322,324,406,465,413,349,303,518,356,328,461,516,359,318,332,325,293,282,659,251,385,345,320,258,290,295,217,205,1087,738,242,191,203,218,254,198,248,357,213,87,176,269,191,181,181,167,143,145,106,150,147,260,146,172,116,133,191,132,125,80,119,119,75,95,111,127,173,87,109,63,207,80,119,85,105,93,117,66,103,131,105,91,92,90,93,96,32,93,166,57,90,55,90,75,64,79,64,75,103,44,44,87,87,107,215,60,102,90,54,74,60,84,70,50,52,55,71,48
20240902,5805,5347,3204,2831,2710,2380,2946,1908,2369,1819,1626,1653,2787,1405,1343,1142,1028,1033,926,697,1004,860,799,914,666,668,806,634,576,590,551,579,485,492,463,523,467,505,544,594,493,515,558,593,486,445,481,427,305,369,693,407,503,351,397,441,353,390,316,269,949,540,275,314,231,264,285,251,251,346,258,139,267,282,239,196,215,349,280,230,177,212,219,232,169,231,144,191,238,149,163,145,154,164,125,147,144,161,154,140,167,119,280,144,147,121,95,150,125,99,121,115,153,111,115,126,133,124,316,117,178,148,84,106,84,111,83,117,86,105,104,105,87,143,69,114,172,89,102,77,49,87,96,90,68,60,64,51,79,61
20240903,6172,5947,3957,3114,2791,2751,3244,2133,3296,2248,1960,1915,3319,1404,1543,1284,1079,1213,1094,788,1285,970,1010,1076,808,777,804,710,587,685,576,679,545,489,649,566,495,575,641,715,544,529,585,636,586,557,567,491,330,437,679,404,615,472,401,524,392,469,481,376,1180,407,319,279,325,306,278,311,423,358,344,132,313,294,293,265,289,369,233,264,242,226,220,294,182,240,193,193,249,194,204,157,180,169,182,214,162,162,173,164,158,192,317,156,143,153,102,125,181,150,156,108,161,104,152,156,132,122,441,122,184,157,83,207,128,111,123,101,102,110,152,93,62,155,97,136,154,134,163,78,68,102,87,111,79,95,52,44,79,83
20240904,5937,5678,3644,3037,2929,2659,3003,2173,3921,2273,1891,1962,3656,1279,1500,1520,1090,1200,1049,802,1224,1053,932,1050,767,771,753,791,593,698,570,658,559,510,599,593,502,523,551,704,512,547,629,652,543,539,562,512,343,392,615,427,633,467,470,547,399,541,402,372,1077,337,333,302,328,316,291,278,293,423,273,133,322,286,277,261,296,281,225,270,243,229,223,282,205,229,145,206,229,166,220,256,196,156,206,191,184,157,169,133,168,150,291,155,147,357,72,152,152,132,136,115,122,106,110,143,129,121,400,129,170,135,75,116,101,132,106,123,116,99,132,95,73,141,62,117,147,102,219,75,82,100,67,84,92,66,66,62,81,102
20240905,6066,5442,3518,3035,2678,2678,3228,2203,2975,2294,1959,1737,3656,1472,1588,1272,1040,1283,1090,743,1300,1071,1010,1097,732,757,921,724,622,675,703,692,494,527,564,575,509,493,642,624,500,523,611,646,531,533,507,513,359,398,626,477,591,417,415,475,388,432,433,396,1108,354,319,283,316,308,346,239,353,307,245,134,294,303,279,252,240,263,302,266,223,250,201,257,193,213,176,186,204,165,235,202,192,179,193,228,167,165,160,169,186,162,319,150,138,153,116,152,159,128,152,117,153,133,128,123,154,113,618,129,179,161,53,147,120,137,118,113,105,89,136,99,79,172,92,137,166,113,112,109,84,89,81,106,90,71,59,66,91,73
20240906,5968,5323,3342,2864,2736,2448,2999,1875,2679,2053,1842,1755,3798,1492,1387,1352,1052,1635,1003,713,1136,979,836,884,691,664,939,736,648,538,625,719,571,615,593,550,444,436,535,537,477,484,569,685,523,484,506,403,286,381,719,401,787,434,391,592,388,454,365,398,1196,323,298,277,267,1855,330,232,285,300,271,122,298,251,277,229,194,266,234,245,220,253,211,332,255,199,193,178,210,168,197,190,165,156,167,205,182,172,177,140,156,140,356,128,118,176,115,127,146,132,166,125,132,114,96,128,137,95,517,124,139,116,85,127,103,119,101,109,108,86,122,78,68,130,90,105,178,104,94,79,68,89,92,89,77,74,53,66,68,76
20240907,4999,3771,2311,2053,2153,2005,2455,1567,2410,1246,1320,1353,2078,988,902,1073,756,1447,742,517,743,723,640,650,559,534,863,591,502,467,481,500,366,375,357,401,382,362,300,395,367,360,482,480,423,366,291,259,234,286,447,240,504,343,338,335,296,337,220,239,1178,231,241,190,250,498,238,219,200,287,192,102,195,200,206,210,159,173,114,138,115,141,167,138,161,184,109,137,182,122,144,77,139,121,107,373,118,146,180,106,143,94,268,107,105,86,88,109,93,72,117,118,123,110,98,97,116,106,67,104,145,83,63,48,74,66,73,97,91,45,74,55,47,81,70,83,93,66,103,77,42,89,54,71,65,50,60,35,44,47
20240908,5217,3948,2372,2232,2141,2044,2393,1528,2564,1520,1412,1416,1930,1566,1160,1069,694,1016,823,562,687,770,594,641,618,534,814,556,472,498,561,537,369,349,327,354,359,345,308,524,364,376,476,528,403,336,344,314,223,344,464,253,485,276,347,332,351,372,234,269,998,233,234,232,180,365,270,206,222,309,206,117,187,221,184,210,181,178,119,150,104,166,165,188,159,173,104,147,184,104,157,82,165,128,107,153,111,114,144,118,128,102,262,94,128,88,109,108,106,65,154,100,110,96,119,125,98,101,71,81,133,62,47,61,75,67,100,70,79,62,97,65,78,86,77,72,124,73,80,87,64,61,80,89,83,57,65,54,88,53
20240909,6481,5777,3769,3122,2830,2688,3295,2101,2803,2039,1904,1803,3316,1892,1444,1138,1174,1376,1096,835,1159,1196,1017,997,722,664,963,945,760,665,697,658,571,570,647,685,537,453,591,655,521,540,679,613,613,610,542,516,301,435,517,515,548,464,470,607,385,499,466,391,1080,370,303,300,292,364,314,242,312,366,270,144,283,261,284,227,213,252,236,250,219,221,221,281,172,227,181,193,229,174,187,175,179,169,167,221,162,194,197,189,138,142,285,188,166,123,392,165,159,150,151,128,172,206,145,154,146,103,765,150,177,134,74,132,111,92,88,121,130,86,133,103,80,144,85,128,180,109,84,89,68,100,97,107,76,86,64,63,74,83
20240910,6344,5900,4052,3223,2768,2605,3404,2003,2511,2357,1979,1838,4059,1832,1563,1145,1185,1276,1111,770,1105,1007,1077,967,725,728,953,859,730,792,676,671,630,553,701,572,562,472,616,625,491,504,689,591,540,491,577,451,313,434,480,525,509,475,408,618,405,469,490,420,1087,366,316,284,293,312,323,277,316,310,289,157,270,304,268,233,243,283,217,252,254,252,206,260,194,224,169,185,251,153,195,225,189,163,179,234,134,187,212,161,158,180,293,184,157,172,136,133,181,137,172,101,167,133,127,166,160,120,497,123,159,116,83,142,124,106,144,134,105,96,104,100,82,146,74,143,176,95,122,98,91,95,96,101,80,81,53,92,86,124
20240911,6107,5787,3840,2997,2889,2753,3262,2125,2413,2202,2014,1863,4324,1391,1559,1171,1166,1243,1283,801,1223,992,977,1061,731,681,927,742,770,685,605,658,629,474,657,593,505,542,635,641,525,507,653,594,537,447,629,487,363,426,566,429,558,454,420,714,394,467,472,414,1044,336,308,302,315,313,295,272,344,324,240,227,282,292,271,260,275,305,214,291,227,240,193,310,182,169,173,207,220,182,204,267,202,176,207,216,179,185,176,170,152,152,202,201,136,179,115,155,189,144,149,103,159,121,145,137,144,97,607,126,172,164,75,126,113,118,116,114,104,74,134,101,78,151,81,129,197,118,88,83,69,100,98,99,84,106,63,72,69,84
20240912,5937,5626,3947,3155,2741,2611,3411,2135,2391,2231,2050,1639,3695,1355,1543,1464,1226,1428,1178,758,1066,1058,990,971,757,714,1314,709,670,738,622,673,570,528,586,627,527,531,688,742,539,517,548,666,713,550,533,472,347,436,480,482,596,505,417,668,368,388,434,419,1044,377,300,292,351,349,302,254,289,352,263,279,235,265,305,238,207,257,240,253,213,268,205,252,145,215,162,188,250,166,184,214,191,171,181,206,170,182,173,172,156,169,178,194,143,183,114,130,177,135,159,100,152,118,137,120,131,138,534,140,176,167,70,117,127,127,117,101,101,97,105,83,95,164,94,107,186,100,120,101,67,99,79,97,79,87,77,58,78,57
20240913,5745,5210,3541,2868,2706,2500,3019,2033,2249,1964,1861,1553,2821,1324,1424,1206,1074,1274,1128,665,1113,1041,830,866,674,593,1405,739,623,729,635,663,551,488,549,502,495,485,472,608,493,480,555,609,617,526,501,451,285,423,495,395,539,401,450,604,347,419,398,374,962,346,315,277,306,312,287,246,274,320,240,242,260,262,255,228,239,225,223,291,225,253,196,256,171,231,172,271,285,170,199,166,181,129,170,185,162,161,164,150,192,129,192,194,133,175,110,132,134,132,181,114,124,132,106,171,143,104,700,135,211,120,81,139,104,146,132,89,101,89,117,79,84,121,91,114,202,100,128,106,67,77,79,99,89,75,78,56,89,102
20240914,5180,3888,2670,2163,2052,1996,2266,1531,1723,1290,1346,1230,1785,893,1004,1034,773,1115,800,464,719,798,623,600,646,461,811,828,425,524,465,469,365,334,364,409,405,348,303,422,384,346,504,439,457,341,368,284,219,349,456,251,399,313,351,292,307,313,244,286,882,263,253,217,256,268,276,180,214,275,187,195,169,225,197,187,167,175,155,158,134,161,164,180,143,226,115,374,262,95,151,95,133,102,71,113,96,144,139,109,139,102,129,89,139,98,75,111,104,61,126,104,102,85,92,92,105,97,168,84,140,66,62,68,69,89,74,78,95,56,72,54,82,64,75,76,155,90,69,98,41,60,50,71,72,94,66,49,58,48
20240915,5038,3805,2482,2103,1988,1942,2428,1579,1654,1271,1423,1327,1598,893,972,957,756,972,768,429,652,718,692,683,677,495,849,501,465,497,462,484,309,331,421,434,403,335,315,445,346,352,513,421,450,313,373,284,212,290,394,222,428,317,373,351,298,307,203,238,846,281,241,239,214,244,253,197,237,232,202,209,160,237,188,196,162,171,177,136,144,162,169,168,173,160,118,175,305,121,139,118,159,142,82,132,101,156,149,121,140,88,130,103,110,95,91,90,94,75,108,79,112,98,83,97,106,102,35,88,153,72,63,63,79,55,86,98,83,48,93,69,74,106,81,82,182,68,73,64,65,59,68,76,75,63,57,44,60,43
20240916,5986,5365,3551,3031,3661,2666,3155,2127,2400,2159,1910,1620,2960,1227,1533,1183,1181,2074,1113,778,1018,936,922,941,766,731,916,717,607,616,591,625,839,500,608,559,515,429,549,557,524,548,562,570,575,502,565,505,344,414,557,439,544,463,457,728,355,341,391,367,1001,329,329,280,284,375,404,227,324,268,255,363,262,302,232,257,213,266,243,234,201,228,217,221,179,223,240,151,296,144,174,179,177,177,167,171,155,162,171,148,169,151,233,229,115,134,98,141,159,138,184,93,207,96,133,117,152,106,621,137,195,149,204,142,112,130,119,141,124,85,110,105,60,128,94,108,159,101,105,94,67,105,53,85,85,74,73,49,95,78
20240917,6131,5828,3358,3257,3350,2678,3580,2261,2643,2262,2061,1579,3524,1267,1503,1382,1190,2852,1180,813,1052,966,948,896,808,707,872,804,676,634,625,664,885,577,624,553,585,503,614,687,511,532,608,551,557,557,587,509,337,440,634,451,545,440,480,543,387,404,423,397,975,360,303,283,352,342,280,257,290,263,276,415,240,309,274,280,224,263,265,326,249,214,225,229,210,236,186,187,258,165,190,183,169,156,207,194,158,177,164,168,190,150,163,189,119,151,115,132,217,123,156,122,162,110,108,154,146,104,568,160,222,126,64,155,111,126,115,122,89,102,125,102,81,142,85,109,124,93,123,98,77,137,78,109,76,61,73,64,94,82
20240918,6514,5879,3543,3175,2961,2739,3258,2257,2616,2311,2153,1757,4295,1447,1623,2696,1184,1725,1102,874,1149,1064,1060,1018,793,1084,886,881,636,785,701,657,688,600,584,580,524,528,721,644,559,499,728,642,594,530,640,475,366,488,617,435,562,469,483,636,408,483,412,419,675,369,340,261,368,327,289,269,308,291,286,383,268,351,267,265,241,313,268,302,259,259,217,225,202,209,156,182,270,166,195,194,187,170,189,177,148,184,204,168,174,139,178,215,137,188,120,155,171,118,182,124,164,102,117,149,127,122,833,125,211,155,68,130,113,133,119,116,116,114,123,91,90,155,139,157,99,118,106,95,79,133,97,96,79,90,65,51,67,99
20240919,6542,6041,3925,3183,3347,2739,3678,2143,2809,2292,1993,1813,4217,1424,1574,1346,1200,1719,1183,719,1035,1003,1016,963,776,980,856,804,601,740,587,711,659,609,549,580,518,487,655,642,512,512,667,552,608,498,659,454,402,454,667,382,529,464,439,510,375,420,439,386,925,387,323,289,267,316,306,250,381,285,244,335,305,316,273,280,200,257,243,249,238,256,245,269,194,224,189,184,217,187,210,185,188,162,220,210,169,208,191,174,177,166,1170,189,167,169,101,122,151,141,144,127,134,103,124,129,144,120,783,117,187,164,98,148,113,118,123,135,115,80,134,89,119,163,119,121,114,111,110,101,67,104,89,108,65,90,64,73,99,86
20240920,6349,5561,3378,2936,3188,2481,3322,2171,2687,2001,1915,1666,3988,1289,1432,1273,1090,1378,1161,750,929,960,860,820,684,829,735,710,551,654,520,584,571,480,534,520,487,520,588,595,455,458,600,526,559,516,528,443,297,419,509,428,598,532,439,517,387,420,425,366,896,334,260,292,292,321,291,219,268,303,298,275,274,257,271,265,222,237,257,226,221,206,227,209,146,199,211,172,232,191,221,185,218,157,178,174,177,162,172,210,186,124,584,178,145,164,80,131,128,110,170,107,130,147,107,103,146,126,688,132,156,123,82,164,125,118,91,106,115,89,95,91,92,162,90,113,104,84,88,82,71,112,83,133,68,77,58,46,84,69
20240921,5605,4356,2425,2281,2197,2011,2691,1613,2011,1244,1427,1496,2409,861,982,1026,681,1269,884,572,614,711,668,631,617,599,761,568,467,458,419,469,391,322,371,356,382,363,340,429,377,322,605,462,424,382,314,286,206,358,457,234,435,309,403,307,358,357,237,258,881,273,231,226,216,226,236,206,228,260,218,258,158,207,194,210,235,180,155,145,122,127,176,210,165,171,122,136,249,145,161,88,157,98,88,128,134,123,167,135,132,93,213,107,110,106,84,115,74,66,117,110,135,95,125,101,99,99,63,93,182,62,67,69,95,81,72,73,81,57,101,83,73,101,62,88,81,133,105,82,64,59,68,79,79,65,54,64,56,36
20240922,5623,3991,2322,2259,2103,2055,2805,1615,1999,1312,1482,1490,2204,976,952,1134,788,4534,776,506,634,927,652,674,638,520,804,1095,505,464,501,503,534,360,389,346,382,364,297,429,343,338,536,427,474,381,408,269,230,334,447,238,425,278,363,408,398,410,247,261,945,247,262,199,188,227,202,192,228,284,229,350,175,196,207,224,235,157,120,226,143,119,150,224,179,175,101,162,210,89,163,114,192,134,80,117,110,122,172,114,146,102,163,114,127,77,73,114,81,83,110,108,117,96,117,96,121,82,53,97,136,59,55,73,85,72,79,74,71,75,117,61,74,102,89,82,76,54,203,83,45,93,61,78,95,56,55,45,76,42
20240923,6640,5834,3619,3178,2787,2636,3787,2580,2575,2138,2057,1717,3078,1473,1513,1309,1114,3668,1147,834,1038,1081,986,939,755,686,903,697,683,612,556,690,635,595,550,542,516,470,591,731,465,538,713,577,575,508,563,445,386,390,654,466,620,423,447,597,558,463,518,468,475,331,320,300,328,334,323,308,248,315,253,518,268,275,262,224,212,252,239,321,236,191,219,210,166,233,205,205,246,185,163,219,200,159,183,224,139,185,244,168,170,150,169,194,160,185,205,203,160,149,185,124,150,105,115,132,135,92,631,151,160,129,83,143,114,138,91,97,128,102,140,93,71,164,106,120,94,108,407,95,66,126,70,118,80,74,66,53,80,78
20240924,6786,5936,3424,3377,2907,2753,3513,2649,2643,2346,2097,1755,3114,1442,1545,1343,1238,2286,1126,865,1079,1062,1069,968,801,781,852,739,675,664,619,700,643,561,638,539,574,498,611,584,478,521,660,583,599,666,592,466,391,366,647,432,681,466,515,561,375,434,480,547,402,350,331,319,329,336,323,284,306,318,256,481,252,307,294,283,212,286,235,325,265,237,236,225,181,208,201,225,284,200,192,201,222,190,186,208,170,176,200,165,194,165,252,177,166,163,102,188,172,169,188,139,189,130,114,110,149,117,863,125,156,149,64,143,102,147,126,114,116,84,137,86,97,161,110,158,118,115,178,128,82,133,89,120,77,68,69,57,91,75
20240925,6586,5906,3778,3075,3030,2698,3440,2937,2507,2184,2023,1834,2914,1338,1447,1456,1199,1741,1039,787,1028,977,1008,1033,798,781,891,747,667,702,607,665,616,591,616,609,599,553,662,589,536,521,777,545,620,689,569,491,406,463,543,423,584,433,570,544,429,409,444,511,583,349,317,335,305,284,392,282,354,346,297,419,260,278,294,290,272,307,243,260,268,224,209,231,190,198,206,196,306,191,187,205,193,167,200,172,261,186,212,190,182,185,276,166,156,153,113,146,145,149,220,101,174,146,129,141,127,138,569,142,190,148,77,139,131,127,107,107,117,109,134,84,70,144,93,148,107,110,140,114,78,118,119,112,83,95,68,53,101,80
20240926,6722,5874,3634,3143,2709,2711,3308,2684,2840,2213,1957,1807,3103,1877,1485,1411,1233,1736,1063,747,1090,976,968,951,750,751,856,678,623,670,647,740,559,579,605,743,554,527,607,615,495,506,673,629,626,545,627,487,360,471,538,433,595,424,468,789,393,436,430,471,368,423,292,285,310,328,319,290,332,354,303,329,264,306,318,334,238,251,221,248,252,202,210,230,205,213,180,184,340,148,194,212,199,182,200,194,162,164,222,150,168,174,193,195,129,144,117,172,150,133,185,103,166,135,125,141,122,103,971,131,193,166,90,145,140,128,125,133,119,94,118,101,104,126,91,123,142,100,112,86,74,99,97,110,70,86,75,47,74,95
20240927,6133,5391,3330,2693,2540,2368,3116,2579,2640,1909,1779,1607,3833,1295,1287,1348,1112,1424,968,662,953,940,853,830,706,770,908,642,545,623,606,645,560,428,554,623,509,454,625,552,472,446,558,510,538,480,615,404,294,423,467,461,499,398,454,625,355,330,383,380,359,397,280,286,305,297,274,265,250,288,268,230,232,247,288,268,241,258,202,222,195,187,178,197,165,181,218,175,460,161,162,186,154,183,187,164,154,158,188,165,191,127,178,131,125,261,130,154,187,115,144,114,130,135,109,103,135,161,1134,118,183,136,73,110,110,103,90,100,130,81,99,92,107,154,80,91,108,100,134,86,74,92,75,115,88,85,65,68,95,92
20240928,5524,3776,2523,2195,2009,1976,2538,1679,2057,1285,1386,1337,2485,966,937,1182,712,1157,749,435,747,661,693,592,591,565,1051,513,496,481,421,525,360,366,351,415,368,384,352,428,349,350,482,390,442,287,374,311,252,320,386,255,353,369,290,368,285,296,221,250,284,261,262,201,232,215,194,216,251,302,236,258,189,203,209,219,162,157,135,124,102,123,164,147,143,162,142,165,250,124,143,100,142,122,110,106,146,152,186,207,123,91,182,88,114,97,100,112,80,75,129,115,117,110,87,99,110,103,183,71,149,51,66,78,71,67,79,82,229,49,91,69,83,57,73,73,64,78,87,81,58,53,55,68,89,68,57,38,56,42
20240929,5483,4040,2489,2159,2117,1986,2512,1784,1824,1322,1428,1374,2417,947,963,1129,734,1149,717,541,1124,763,687,590,569,576,2838,558,460,505,431,544,360,376,372,428,401,451,292,424,417,400,641,416,600,371,375,270,212,364,402,261,398,335,337,285,341,285,263,276,270,249,253,230,227,251,228,206,234,278,217,291,164,198,193,243,192,153,164,164,137,135,176,182,192,172,137,199,206,110,165,104,143,158,96,142,119,165,205,137,147,93,148,84,112,84,86,125,98,69,99,66,106,89,95,116,91,118,126,81,174,71,62,65,79,76,85,87,135,83,107,69,83,76,73,79,75,85,90,76,47,70,76,82,108,69,45,44,77,40
20240930,6659,5904,3530,2820,2627,2492,3292,2309,2288,2021,1920,1741,4481,1328,1427,1388,1224,1290,1073,766,1003,894,1107,909,674,724,8121,633,590,665,641,652,541,559,624,558,489,537,600,531,516,585,616,631,632,577,572,463,358,418,454,453,546,442,406,697,415,365,405,324,366,312,299,327,313,276,281,262,276,327,265,293,284,293,314,276,237,264,232,245,235,182,177,257,162,195,213,198,298,151,156,167,189,176,157,199,153,128,263,166,163,189,180,171,156,143,100,152,157,136,160,120,146,137,158,144,139,144,1229,143,193,163,84,131,132,133,101,144,116,97,129,106,104,137,78,108,102,100,130,102,57,91,66,112,81,77,79,58,92,112
20241001,6587,5741,3506,2720,2678,2602,3338,2295,2530,2174,1981,1781,5439,1266,1425,1274,1290,1224,983,750,1215,1005,986,1097,676,741,5138,669,606,688,917,683,543,575,574,554,546,535,591,507,540,540,611,588,559,559,539,471,343,423,598,715,546,468,479,439,419,401,420,404,382,335,333,296,323,269,269,299,301,344,351,240,271,345,304,274,221,244,236,265,314,180,225,222,177,205,220,198,248,185,179,193,155,208,195,154,156,170,222,158,168,175,157,170,109,196,120,211,137,156,159,116,156,113,122,133,125,134,711,158,194,140,78,164,111,133,118,117,127,86,121,93,131,127,78,109,95,81,106,75,67,85,71,120,81,68,67,58,80,84
20241002,6194,5594,3580,2700,2555,2557,3254,2147,2365,2255,2002,1699,4849,1301,1411,1340,1250,1214,1086,760,1789,877,973,905,750,623,2923,679,667,633,692,680,534,614,572,609,569,470,584,507,545,477,653,605,639,460,555,448,343,404,1043,709,537,407,440,405,364,378,424,438,450,371,302,296,298,298,374,256,346,303,244,275,238,276,274,218,216,257,228,245,274,169,244,257,225,206,192,236,292,181,197,151,178,216,214,211,159,156,171,155,170,165,177,151,125,170,102,129,173,144,132,139,151,156,121,139,161,115,689,107,180,158,79,184,102,129,156,131,95,108,105,118,130,141,86,117,106,110,100,83,74,120,87,106,64,72,61,65,107,93
20241003,6209,5811,3216,2856,2450,2639,3118,2331,2442,2129,1920,1643,4552,1222,1419,1284,1156,1051,1148,796,1263,910,1017,896,869,712,2432,632,683,725,636,670,563,543,591,572,545,469,595,592,492,497,622,539,606,503,520,434,306,401,758,676,479,415,451,476,383,358,403,447,324,385,286,302,354,244,336,239,329,301,286,299,265,281,248,252,208,231,277,254,223,226,207,214,226,200,195,192,296,203,147,215,190,181,199,270,185,189,181,180,170,163,179,181,153,167,96,144,158,162,150,80,169,161,153,148,137,111,728,136,168,167,69,137,135,126,120,136,122,107,104,91,119,137,86,110,76,123,88,104,86,105,78,114,87,94,70,85,117,122
20241004,5761,5396,3124,2707,2626,2516,3081,2093,2420,1905,2016,1524,3932,1175,1348,1219,1155,1263,986,778,1018,905,907,889,802,642,2099,758,640,671,531,692,529,526,528,537,495,445,498,476,508,440,572,556,552,421,464,402,310,421,632,569,479,461,428,586,352,427,334,405,352,285,305,279,318,291,237,272,253,284,297,341,275,317,275,265,219,227,200,224,215,192,194,171,190,185,176,154,302,195,179,178,173,157,167,216,167,202,156,142,147,151,157,141,138,139,102,148,169,128,162,121,142,151,126,145,141,142,589,127,155,144,84,155,108,123,125,133,109,99,94,112,100,118,100,119,77,105,108,84,49,102,91,101,90,69,75,46,66,79
20241005,5302,4161,2404,2061,2111,1958,2447,1723,1987,1413,1434,1313,2018,1002,980,1072,815,1041,725,509,659,699,634,587,664,567,1655,603,512,496,380,609,361,397,357,368,389,400,308,391,342,367,452,358,440,355,397,276,263,312,504,380,413,329,327,340,253,361,241,283,300,211,258,247,255,226,205,194,219,278,200,278,200,211,222,207,185,170,123,159,144,135,137,164,165,149,132,138,272,151,135,93,153,122,86,119,116,145,180,102,153,86,116,88,123,85,65,118,105,65,116,75,102,105,105,115,112,95,144,104,165,84,72,51,67,83,86,107,103,85,101,66,95,72,81,66,90,132,74,82,72,68,52,70,61,62,53,47,63,40
20241006,5148,4042,2438,2089,2015,1971,2601,1658,1945,2259,1465,1321,1762,888,955,1081,923,1005,778,504,700,659,653,709,621,556,1491,702,501,523,460,546,337,515,399,405,382,350,278,450,360,345,434,400,509,329,342,304,230,322,457,382,422,348,336,376,291,312,251,264,265,582,279,241,239,239,200,205,218,231,233,240,200,211,240,190,178,181,105,109,131,153,176,184,141,136,131,159,291,122,140,95,137,151,78,120,111,136,149,92,126,137,126,93,105,83,85,130,105,63,250,92,123,105,139,111,114,95,40,99,168,76,124,62,65,98,64,112,101,93,98,93,76,69,78,85,87,83,91,66,75,66,49,93,72,70,77,46,85,44
20241007,5865,5866,3765,2794,2586,2690,3217,2497,2481,2165,1885,1540,2656,1232,1404,1285,1230,1341,1134,815,984,852,1044,986,731,846,1410,773,706,689,586,858,496,759,620,553,561,493,594,562,511,609,561,556,649,563,499,458,364,433,557,590,1278,452,391,569,468,353,408,379,386,358,302,356,310,407,298,273,295,313,237,315,316,295,283,243,270,314,204,257,230,182,213,252,216,171,173,149,359,173,149,198,207,199,156,200,169,156,156,165,178,173,183,151,131,143,96,168,195,146,177,115,149,134,135,136,112,149,813,151,189,171,83,129,123,121,105,107,132,91,118,74,111,119,125,91,108,114,158,97,78,87,107,90,103,70,75,53,83,85
20241008,6095,6116,3582,2867,2870,2778,3183,2337,2595,2168,2041,1679,3699,1367,1586,1305,1312,1665,1068,833,1003,910,1009,1035,773,805,1282,919,733,710,678,1186,568,585,622,575,620,511,584,579,563,600,612,550,601,602,547,497,341,482,683,606,775,472,478,608,385,436,395,401,423,353,272,368,373,305,372,276,297,320,259,287,331,310,292,213,258,312,226,273,248,201,202,237,172,195,213,202,331,215,162,200,186,195,174,188,143,189,178,183,159,208,157,208,182,166,101,149,150,154,167,121,142,176,173,173,163,150,443,137,209,157,75,160,110,156,112,131,145,101,154,100,108,156,112,121,115,104,132,103,92,118,115,102,89,82,71,54,66,115
20241009,6175,5804,3686,6283,2602,2666,3283,2282,2398,2334,1939,1581,4375,1383,1565,1468,1237,1354,1164,872,1011,957,1043,979,794,729,1153,789,631,713,577,827,543,632,570,624,651,483,583,582,553,514,570,588,598,533,534,488,376,387,608,566,600,444,395,542,372,458,500,414,471,500,328,334,346,301,333,271,333,244,297,326,334,282,269,258,254,270,238,270,382,245,194,213,202,183,221,195,306,180,158,174,199,173,167,192,198,188,206,162,186,191,165,151,148,118,87,122,125,147,156,136,157,119,134,143,129,113,606,121,156,164,85,135,134,146,125,124,132,115,115,86,118,140,106,108,111,122,108,86,108,114,86,88,84,88,66,66,75,105
20241010,5536,5408,3075,5146,2515,2524,2836,2118,2373,2156,1935,1567,4214,1320,1499,1524,1147,1279,1010,800,953,932,1034,989,720,717,1185,766,688,766,550,808,539,609,601,640,590,485,594,469,603,466,517,620,622,552,550,458,333,392,571,558,623,475,418,613,386,356,432,431,481,356,339,316,309,275,293,267,306,284,238,282,282,272,311,275,282,280,243,263,242,188,218,185,170,207,241,199,401,194,187,208,166,194,166,170,200,184,165,185,174,176,213,148,160,188,92,133,147,158,136,118,154,126,108,152,131,131,655,137,159,149,96,136,113,135,118,137,119,101,121,98,106,121,87,118,130,116,117,90,134,124,90,109,102,77,66,45,89,106
20241011,5574,4848,2961,2725,2509,2542,2726,2178,2305,1994,1696,1454,3480,1147,1283,1386,1037,1140,1079,724,1021,976,754,918,772,695,965,672,676,638,563,917,486,506,530,468,486,448,501,484,516,428,480,520,635,594,436,416,321,403,630,536,622,393,419,517,335,313,439,362,383,374,305,293,314,294,299,239,251,281,272,306,270,263,246,224,216,236,219,217,194,190,157,205,184,180,193,180,331,184,154,165,176,184,155,179,247,162,144,155,161,149,340,132,164,176,104,131,140,130,134,137,107,116,137,109,130,125,676,110,198,159,94,107,117,114,99,116,103,101,118,79,91,121,87,112,89,90,127,94,90,97,68,72,89,54,71,44,85,84
20241012,5040,3609,2308,1936,2007,1929,2234,1567,1691,1196,1301,1316,2595,849,1002,1186,788,872,732,500,654,729,629,620,588,587,880,547,538,511,427,1024,320,372,357,380,394,324,336,375,433,361,396,384,398,374,266,297,230,336,593,331,444,317,351,327,277,329,262,267,286,310,265,258,234,229,208,204,194,262,209,311,217,219,173,193,208,175,123,213,123,129,161,192,147,223,120,164,236,123,143,128,157,150,77,106,153,134,134,136,117,96,378,109,146,98,73,104,108,74,116,88,108,102,98,105,113,94,265,97,169,74,59,76,64,91,68,99,81,61,101,81,77,71,78,89,81,75,96,98,70,52,74,77,83,75,58,37,82,46
20241013,5180,3935,2332,2185,2015,1960,2157,1584,1752,1236,1854,1369,2593,950,947,1209,894,1198,791,505,626,764,675,725,628,513,813,510,551,457,470,552,378,365,357,386,505,394,434,338,327,353,494,399,431,407,330,276,228,317,552,291,410,367,354,304,270,367,246,282,281,291,284,268,231,245,237,263,232,261,266,306,210,190,231,205,196,177,125,163,136,135,184,199,158,163,131,202,205,130,143,93,133,131,80,123,185,151,146,124,130,120,286,96,146,74,75,92,92,70,93,97,97,102,97,103,98,104,79,99,154,78,71,62,81,90,74,85,78,67,87,87,89,62,78,81,62,77,80,81,62,63,61,63,83,48,54,37,72,43
20241014,5898,6081,3398,2950,2541,2705,2766,2165,2346,2159,2067,1645,3980,1488,1384,1469,1176,1169,982,784,845,991,978,853,712,776,1049,639,660,669,584,667,587,522,493,592,563,560,573,484,537,469,494,566,642,527,519,416,323,434,640,532,537,400,431,369,328,384,414,320,309,309,296,295,280,424,316,261,276,311,270,346,293,267,294,217,213,256,257,272,228,175,224,224,174,230,168,202,344,163,172,172,179,209,162,199,216,170,166,162,154,149,353,159,147,143,88,139,173,137,167,94,160,119,124,143,133,139,589,130,164,143,91,127,111,118,98,98,101,107,128,105,96,107,118,105,117,91,130,102,123,97,92,99,95,81,78,73,84,77
20241015,6407,5986,3669,2983,2630,2716,2821,2184,2470,2346,2245,1738,4468,1403,1488,1567,1228,1275,1693,977,999,1054,1076,1062,947,761,960,675,760,686,608,743,574,600,608,618,541,502,645,493,594,607,704,524,615,555,518,446,433,439,608,543,900,437,438,498,403,392,467,376,378,324,312,326,331,380,280,289,346,306,310,329,300,284,303,261,250,251,286,240,235,189,214,195,188,201,176,172,345,176,174,177,187,194,203,209,207,180,770,197,258,184,394,177,135,158,97,161,143,140,161,108,128,119,142,154,125,123,423,146,161,165,89,174,113,128,95,129,97,105,130,105,96,158,95,118,116,97,99,113,94,93,104,117,82,91,59,64,112,92
20241016,6502,5847,3774,2886,2723,2800,2918,2329,2621,2317,1963,1618,4449,1462,1449,1435,1190,1265,1324,848,1414,1080,1088,1000,756,710,877,636,711,709,592,754,627,583,600,596,530,524,701,482,677,506,644,595,613,561,527,500,389,429,589,510,893,427,453,584,408,452,463,387,446,359,335,323,314,330,327,244,326,291,272,368,295,294,319,254,235,265,268,252,271,208,259,189,214,214,186,219,323,202,216,209,213,219,200,208,170,210,175,190,185,179,207,205,148,172,91,159,167,172,164,127,166,155,129,141,151,130,892,119,158,149,74,134,112,203,140,117,124,151,110,113,107,119,113,131,138,96,100,94,108,130,109,88,72,105,63,61,68,99
20241017,6372,5793,4129,3283,3124,2740,2792,2253,2429,2194,2054,1599,3845,1334,1475,1363,1155,1238,1244,815,1384,1300,993,955,734,687,862,713,661,730,558,677,588,582,613,612,628,468,586,466,728,568,542,555,572,725,538,460,370,426,531,518,712,413,460,567,400,376,447,392,336,385,824,316,317,328,363,263,293,324,249,383,303,285,278,241,234,261,287,296,314,205,224,259,193,212,166,258,329,212,187,160,196,221,172,178,172,231,162,179,193,165,318,192,145,149,101,134,166,171,177,121,144,116,141,154,128,152,580,128,195,158,75,129,125,171,146,123,117,103,135,117,112,130,96,108,96,97,128,109,113,103,94,115,96,106,50,60,87,90
20241018,6230,5322,3528,2925,2543,2374,2737,2118,2302,2079,1911,1419,4147,1175,1383,1234,1166,1119,1065,721,1154,997,982,813,761,642,913,661,554,677,529,655,487,510,571,534,625,464,515,448,583,459,500,527,575,1077,458,437,316,381,550,505,609,398,384,420,368,332,409,394,359,381,439,350,291,261,299,245,314,290,263,305,284,278,250,255,217,243,230,247,228,197,201,223,162,211,170,205,263,184,176,185,189,186,176,178,180,174,166,143,164,172,261,192,121,174,87,156,114,125,150,105,114,129,104,147,137,145,763,101,167,127,72,120,128,143,97,128,103,100,111,106,106,108,104,108,109,120,126,105,78,104,80,101,84,104,48,58,70,61
20241019,5530,4005,2655,2227,2047,1973,2426,1616,1744,1243,1407,1334,3073,903,921,1244,855,1360,823,481,870,861,637,591,639,537,828,516,541,497,464,496,368,327,413,395,448,377,350,366,381,297,381,429,444,473,300,265,218,360,413,328,687,344,368,286,301,293,294,249,244,243,274,344,231,257,223,254,221,201,234,239,185,171,168,193,168,156,128,149,121,138,160,175,223,192,121,154,197,115,132,99,143,130,80,122,128,155,142,118,131,94,314,120,108,106,59,106,115,76,117,122,119,110,114,103,108,89,294,96,143,50,51,53,109,101,77,91,53,76,78,78,74,66,91,55,90,74,110,99,71,77,63,75,88,59,59,36,63,52
20241020,5405,4006,2478,2205,2041,1992,2175,1610,1796,1336,1571,1272,2694,974,920,1192,799,992,776,457,675,739,752,692,583,532,857,468,456,478,400,488,355,358,430,414,386,359,348,308,388,392,469,428,443,401,350,276,240,336,463,309,684,338,366,264,342,340,247,262,245,244,272,271,249,261,235,240,218,254,231,196,159,207,190,215,186,149,158,120,119,152,170,141,165,180,100,177,209,114,156,110,142,151,81,139,142,153,174,101,137,117,184,106,129,91,66,117,81,64,115,113,121,91,129,97,99,111,249,97,160,69,63,54,104,82,109,92,82,87,96,90,67,59,85,69,94,95,117,87,55,71,70,89,81,62,59,40,75,46
20241021,6163,5371,3648,3062,2561,2582,2835,2111,2435,2232,1907,1547,4661,1347,1352,1391,1160,2207,1034,792,929,995,964,938,757,696,891,956,578,613,542,619,490,545,654,587,570,456,628,411,556,440,557,559,595,583,475,468,321,454,605,489,671,406,458,518,354,449,437,370,350,331,303,329,377,307,301,315,314,253,301,265,263,303,287,230,255,251,241,221,254,217,241,214,193,197,192,196,259,175,190,196,194,205,144,188,168,180,178,159,167,176,210,180,171,149,82,132,179,147,154,132,166,124,138,150,143,107,192,118,150,145,78,132,136,184,87,133,109,121,124,90,97,114,84,105,123,129,108,91,90,112,111,101,86,93,58,61,92,83
20241022,6386,5493,3711,3117,2758,2864,2987,2256,2290,2272,1924,1594,4644,1501,1454,1195,1184,1471,1052,801,1022,1010,1041,953,756,771,871,734,617,642,579,736,562,605,615,575,611,526,675,538,600,493,545,670,645,592,493,469,359,460,560,532,586,427,469,525,400,397,453,436,657,348,360,331,341,312,340,292,326,299,301,260,262,289,298,267,224,231,282,224,247,229,257,221,191,226,166,183,279,202,185,185,196,237,216,176,189,190,172,185,167,158,248,159,167,161,95,161,181,147,157,140,147,204,125,160,121,131,375,132,182,155,107,159,121,146,128,99,110,218,127,93,101,125,90,115,128,106,118,78,93,99,128,106,83,83,87,72,79,79
20241023,6065,5232,3650,2890,2683,2645,2819,2198,2390,2313,1862,1580,3355,1266,1363,1225,1199,1374,1121,772,987,1000,986,950,749,694,831,681,649,648,587,744,583,495,717,560,541,466,677,474,583,462,524,579,616,590,488,525,377,438,601,500,572,438,441,661,389,385,453,418,366,452,395,288,353,349,269,257,333,299,263,261,249,309,284,278,222,223,263,222,254,212,187,196,189,224,174,165,283,195,172,191,201,210,175,199,203,180,206,169,151,175,173,171,156,174,87,140,153,171,189,119,141,166,136,151,128,145,147,124,163,139,84,156,153,164,117,108,97,128,107,100,88,132,88,134,123,89,119,105,105,93,103,88,112,71,63,56,79,86
20241024,6027,5177,3456,2713,2539,2501,2965,2244,2378,2157,1879,1501,2936,1235,1447,1267,1134,1357,1044,836,996,986,1032,841,686,658,783,639,565,694,510,744,521,573,585,567,569,482,659,485,559,433,596,596,931,608,407,482,402,404,529,524,570,455,437,605,419,390,418,381,404,361,379,317,330,333,308,244,356,303,245,342,250,257,282,244,234,239,261,229,204,196,201,215,188,196,200,187,265,167,168,203,180,206,186,201,232,176,182,192,190,150,220,137,136,162,89,129,151,141,148,269,104,124,132,124,136,109,210,112,148,158,74,161,110,121,123,115,110,106,174,120,111,123,108,121,130,125,127,93,104,111,89,108,76,76,62,58,72,90
20241025,7406,4914,3003,2745,2455,2770,2875,2154,2168,2064,1719,1448,3212,1238,1940,1208,1141,1326,917,715,876,959,939,851,691,640,887,683,579,607,530,713,478,533,519,495,554,500,522,494,495,432,477,583,700,531,428,467,338,469,598,490,502,433,437,554,405,397,391,397,357,326,376,312,280,311,320,278,291,290,245,258,199,233,248,252,231,233,187,240,196,185,187,231,196,203,185,173,253,144,159,164,194,203,187,165,188,172,160,166,172,119,186,136,157,191,77,179,156,121,125,217,122,109,116,120,129,138,314,118,154,147,90,120,123,119,81,114,105,98,138,87,80,126,70,93,104,93,126,91,88,82,87,106,99,81,61,48,76,79
20241026,5305,3650,2331,2022,2006,2113,2225,1569,1611,1285,1430,1194,2516,831,1131,1013,735,1003,675,486,606,694,611,654,588,484,685,504,451,555,405,2371,390,399,366,394,390,370,279,378,349,284,434,340,429,330,306,269,246,300,503,315,379,290,346,246,321,310,240,271,287,218,297,252,210,223,199,224,239,325,201,232,157,201,151,197,194,137,119,123,123,123,160,168,197,162,111,134,209,142,155,109,142,162,81,106,113,144,180,93,121,96,206,91,84,109,63,125,99,70,102,154,64,125,120,99,100,93,60,66,137,65,75,52,74,84,71,85,120,73,116,85,84,88,103,70,94,80,95,95,66,70,44,71,77,60,49,40,81,48
20241027,5085,3530,2360,2075,1956,1927,2202,1526,1714,1307,1420,1353,2163,888,1044,1082,791,1120,666,508,561,743,670,565,564,538,702,474,437,439,445,887,359,357,393,402,362,371,319,349,382,333,464,369,455,349,272,265,254,313,511,277,432,333,324,409,351,365,258,273,264,241,317,243,229,235,235,213,271,233,227,191,166,234,174,225,181,146,121,100,129,134,169,169,175,176,93,190,198,106,189,108,144,176,109,110,113,143,164,123,124,137,146,88,120,72,54,146,89,80,121,124,111,98,124,110,87,100,44,89,144,88,80,56,77,63,80,104,86,81,78,80,76,53,80,77,90,90,99,97,77,90,69,73,71,71,48,43,76,44
20241028,5814,4830,3186,2409,2380,2477,2816,2092,2133,2094,1732,1347,3868,1210,1307,1272,1150,1262,991,723,840,930,995,910,737,612,791,636,883,664,542,740,536,527,612,460,542,532,594,478,471,397,501,613,535,481,482,363,326,385,562,457,547,425,447,382,368,399,365,346,686,304,338,296,295,289,278,241,306,269,239,266,243,240,248,233,242,219,226,242,217,191,220,199,185,205,165,227,255,181,221,177,156,218,151,170,196,181,173,187,161,171,185,170,155,162,82,125,152,148,173,148,143,113,144,146,160,117,456,128,172,149,152,127,143,128,108,105,80,93,108,80,95,135,89,109,112,97,125,111,84,82,101,98,70,93,76,60,92,82
20241029,5546,4722,3058,2523,2552,2469,2875,1947,2036,2208,1694,1291,3319,1266,1312,1296,1187,1495,978,763,909,948,979,856,730,689,744,614,694,667,605,756,509,643,667,595,597,724,625,489,535,432,473,519,599,560,483,450,345,435,483,468,559,477,490,608,393,404,433,369,360,303,356,298,344,277,288,242,329,251,306,274,250,240,307,256,196,230,259,248,210,190,248,280,159,184,162,200,374,171,215,201,180,182,162,150,178,192,167,165,211,176,227,159,177,194,80,131,146,146,133,162,144,136,160,132,112,134,477,103,165,132,118,106,116,123,140,135,88,107,126,108,82,125,82,111,119,111,87,89,85,89,100,122,80,96,74,53,100,86
20241030,5700,4516,2890,2394,2582,2346,2664,2043,2158,2025,1739,1283,2958,1122,1311,1277,1145,1687,1062,848,906,920,918,902,681,650,737,589,640,683,578,641,515,542,585,517,576,513,529,450,572,443,516,523,539,568,436,419,316,398,508,478,476,430,434,489,400,390,392,419,923,302,328,316,300,260,324,293,294,297,258,208,252,261,281,250,236,250,259,218,223,185,215,207,187,175,154,202,359,172,192,172,182,182,164,179,178,165,190,183,137,163,170,138,160,177,86,136,143,146,157,134,148,133,199,149,126,140,520,125,117,132,128,117,128,101,114,124,96,113,99,101,97,142,72,118,122,114,99,99,80,75,97,108,90,109,70,44,101,76
20241031,5406,4338,2604,2211,2344,2346,2622,1771,1969,1796,1569,1206,2659,1047,1208,1163,1105,1551,944,654,819,910,791,939,638,694,741,617,782,604,481,680,461,493,564,544,493,455,403,411,575,398,467,562,508,503,431,442,416,461,531,492,511,392,403,446,351,328,361,405,883,350,307,302,301,281,311,256,274,262,276,296,228,226,256,235,199,221,207,164,205,146,256,175,212,189,162,202,284,159,180,181,163,154,142,180,146,137,176,185,161,139,167,128,154,180,76,119,139,110,125,124,126,144,230,108,122,105,517,94,157,149,100,122,105,103,112,120,101,120,103,112,60,102,75,122,80,117,116,78,69,100,70,72,105,84,77,74,79,72
20241101,5604,3766,2383,2038,2039,2151,2526,1718,2100,1567,1540,1240,2536,991,1244,1179,1047,1256,947,641,735,806,700,764,594,601,722,553,602,582,518,609,394,453,483,466,454,382,466,366,486,379,464,454,457,469,377,376,278,378,444,394,547,360,359,365,350,403,347,382,847,292,289,255,234,240,257,218,262,259,259,279,218,227,224,202,169,238,171,216,165,168,207,183,190,170,109,177,216,154,141,128,186,177,157,131,162,133,163,118,155,108,170,114,132,172,90,122,129,99,118,118,143,100,147,109,124,117,596,141,162,134,116,92,97,96,92,106,101,82,114,82,66,130,71,75,73,84,101,85,74,78,81,168,80,101,71,45,77,84
20241102,5162,3295,2175,1972,2001,1942,2202,1492,1904,1145,1283,1127,2438,883,945,1057,814,1037,892,508,599,660,564,575,584,507,704,438,562,455,588,506,330,382,341,390,361,335,281,307,374,305,448,393,389,380,284,217,204,283,394,316,403,313,336,238,318,292,227,309,912,232,288,268,220,163,201,226,229,215,227,278,186,197,201,183,169,162,139,124,143,131,171,183,173,144,127,172,194,112,168,105,153,135,84,119,117,113,153,79,122,93,204,72,139,98,67,119,102,84,99,94,118,103,146,107,129,94,195,90,122,60,102,55,93,82,72,75,131,92,84,80,58,70,91,76,111,69,75,88,58,67,68,110,90,98,62,48,83,38
20241103,4934,3511,1985,2123,1900,2017,2222,1538,1994,1299,1424,1235,1920,907,947,1135,821,1036,923,513,610,701,616,623,514,560,727,487,468,482,462,450,343,336,355,369,388,325,250,313,325,329,411,397,469,496,318,259,245,322,379,288,499,334,337,240,282,306,255,221,836,228,212,231,227,237,191,219,223,236,257,504,159,219,147,198,189,167,121,139,123,142,174,173,161,163,93,172,196,151,129,105,138,148,58,140,149,126,167,107,126,106,202,90,125,93,60,101,92,86,115,109,113,102,126,118,111,106,38,90,128,58,118,55,84,70,76,109,94,58,93,89,63,81,124,73,77,66,81,76,62,73,72,89,88,59,65,25,89,43
20241104,5559,4700,3069,2658,2441,2396,2831,2056,2559,2058,1749,1651,3135,1434,1316,1293,1082,1225,1061,773,842,941,892,840,693,615,782,649,637,653,531,583,541,476,544,546,611,518,593,392,446,435,517,601,580,1011,462,456,385,395,503,452,653,464,443,462,358,422,399,328,769,366,356,324,302,291,310,265,294,295,275,568,262,261,281,221,217,264,222,206,195,161,185,192,197,171,171,169,245,172,154,176,155,184,143,211,261,147,174,134,164,146,203,176,168,171,111,155,170,139,135,148,148,138,156,140,126,130,824,144,147,155,133,115,106,103,101,105,135,103,99,91,80,107,104,132,122,97,116,78,86,103,86,101,67,68,86,48,85,78
20241105,5593,4825,3271,2744,2678,2608,2716,2116,2363,2242,1727,1626,3093,1414,1384,1268,1159,1469,1195,801,923,956,944,905,659,748,769,660,557,594,622,606,525,565,545,551,581,485,624,522,533,401,487,505,567,657,454,494,332,426,569,518,531,404,431,467,398,397,422,331,880,379,307,364,336,305,257,283,342,254,321,390,264,256,321,263,253,249,256,220,199,179,191,196,164,195,189,182,232,182,156,182,192,218,178,265,177,156,199,140,162,129,217,147,167,160,90,182,177,130,130,128,124,107,173,153,127,109,1036,155,260,153,111,98,102,117,93,125,109,101,115,101,75,114,90,118,105,100,124,78,84,108,106,100,99,94,69,56,101,82
20241106,5659,4559,3110,2444,2379,2309,2682,1800,1994,2098,1531,1344,3480,1293,1265,1635,1041,1340,1044,789,715,872,808,889,666,613,667,623,562,549,568,557,500,469,540,442,476,453,566,390,428,384,477,437,504,498,422,437,337,388,384,480,433,363,419,602,351,360,426,310,793,281,290,294,290,242,221,250,332,246,275,295,224,249,281,189,221,238,236,191,204,197,168,168,156,196,141,152,173,163,141,173,171,160,171,159,154,150,295,119,133,155,165,183,132,120,91,195,156,173,128,109,116,92,183,152,99,118,1043,137,142,127,110,108,115,113,96,110,99,144,89,113,82,119,80,130,92,107,134,78,58,91,100,79,73,64,62,49,78,67
20241107,5828,4742,3106,2650,2372,2532,2830,2143,2133,2179,1690,1568,3480,1405,1339,1740,1081,1346,1107,782,849,921,846,943,753,642,685,622,615,611,554,640,511,477,586,515,494,444,549,390,481,381,579,542,582,659,433,467,371,393,419,531,462,374,464,685,389,376,491,384,888,346,280,357,327,274,267,265,334,249,311,303,247,305,271,226,246,215,223,231,187,190,186,192,172,186,186,191,214,177,133,164,190,170,206,164,206,150,204,147,185,148,209,156,164,157,88,211,144,161,120,115,150,107,149,112,114,110,1439,128,169,126,121,108,123,119,99,134,93,134,125,103,81,118,76,138,127,79,149,104,99,84,88,96,91,79,87,48,88,72
20241108,5434,4604,3070,2542,2490,2340,2743,2034,2487,1946,1664,1483,3456,1256,1240,1662,986,1364,1140,743,854,890,817,778,701,696,758,597,552,591,594,632,472,436,544,522,557,424,555,419,493,405,503,500,559,653,431,490,320,400,442,505,553,400,392,431,347,350,383,409,906,354,323,355,272,259,290,255,271,242,268,292,213,273,299,221,248,228,248,193,212,203,173,175,163,162,151,203,191,185,172,145,175,172,173,168,182,133,174,139,140,153,198,130,116,116,109,155,155,135,141,109,132,107,328,113,125,124,854,112,144,114,106,120,110,120,109,140,104,84,95,87,86,109,87,91,131,115,96,83,95,87,94,95,75,115,65,47,90,57
20241109,5106,3660,2266,2093,1995,2019,2260,1570,2256,1292,1274,1225,2410,905,999,1759,806,1147,1101,436,609,664,595,594,663,548,714,518,811,551,444,708,381,339,378,327,389,333,307,325,369,305,427,413,511,383,300,293,249,320,410,293,423,250,320,330,309,299,259,228,885,342,294,246,216,217,199,211,215,156,320,235,142,204,195,192,207,189,151,140,123,131,223,146,174,173,96,152,174,115,137,95,154,133,103,110,120,116,167,103,112,105,175,81,114,91,63,164,145,85,120,109,112,89,225,106,162,111,197,176,121,59,108,64,83,79,74,89,106,80,159,78,84,51,87,72,93,96,55,96,57,69,71,82,72,309,54,45,73,35
20241110,4886,3863,2119,2156,1961,1907,2094,1577,2155,1270,1326,1237,2170,892,956,2116,796,1074,1084,465,623,692,648,624,600,551,715,537,514,550,364,555,307,338,377,404,371,367,292,381,420,287,407,394,441,423,321,272,246,327,492,286,383,270,379,369,292,322,269,235,853,236,263,240,212,266,240,197,215,217,266,266,192,215,191,219,231,192,157,132,137,128,176,135,139,138,89,167,165,126,166,87,144,130,89,96,110,137,176,91,142,84,145,78,132,93,57,159,108,87,111,123,111,109,137,122,116,107,184,84,123,66,103,59,91,80,93,66,76,73,103,75,76,64,54,88,69,95,91,66,63,70,63,69,69,136,71,33,83,40
20241111,5400,5069,3112,2576,2519,2577,2903,2154,2624,2041,1614,1487,3020,1326,1328,2548,1093,1229,1169,711,813,897,916,891,669,677,838,685,562,593,488,601,481,512,490,527,539,426,524,421,621,417,460,498,537,569,498,413,350,392,386,504,543,423,404,544,345,355,333,316,882,442,313,338,393,333,270,277,304,234,297,289,195,268,286,243,208,226,227,189,214,224,207,212,144,222,143,208,208,161,175,140,191,187,158,174,181,191,133,110,148,157,198,127,137,115,96,157,155,158,135,114,124,110,156,139,146,110,1156,110,150,147,108,115,113,111,99,107,121,86,99,128,92,120,107,125,88,112,120,97,67,104,87,99,77,110,54,53,102,72
20241112,5700,5475,3517,2701,2626,2590,2892,2199,2996,2326,1807,1506,3670,1394,1484,2811,1144,1649,1068,841,968,1062,978,920,790,687,881,684,602,684,573,754,567,556,567,589,560,520,579,429,600,436,512,540,597,534,516,447,363,423,482,569,527,491,427,450,413,453,384,426,892,383,293,306,354,281,287,257,297,319,327,295,250,297,318,272,227,275,228,220,239,191,235,226,147,244,152,238,249,194,151,174,177,205,159,194,190,204,192,149,187,172,230,145,140,191,83,202,188,188,165,142,169,145,157,128,135,121,729,130,172,173,130,97,139,139,129,132,185,119,116,105,90,125,105,105,109,126,123,116,105,104,78,136,98,84,60,54,83,60
20241113,6022,5186,3623,2871,2609,2734,2931,2233,3155,2204,1869,1599,3788,1411,1488,2996,1318,2138,1092,790,930,947,1094,892,754,677,842,654,605,750,527,584,532,586,574,570,542,484,620,518,677,502,511,547,627,593,450,466,414,437,606,507,539,427,466,442,346,426,404,430,910,326,305,319,350,268,261,270,347,299,528,295,254,278,342,241,224,231,223,227,245,213,187,176,221,224,135,174,229,190,177,216,161,207,175,164,187,167,180,142,196,183,169,143,151,168,97,184,137,145,139,145,153,375,153,163,131,131,653,139,181,166,114,117,107,146,116,117,94,106,103,95,88,120,91,115,124,100,121,69,76,102,96,104,108,86,80,67,104,72
20241114,5967,5080,3433,2892,2410,2501,3121,2237,3040,2308,1790,1596,3980,1536,1549,2917,1277,1761,1220,798,983,936,1067,901,799,710,872,688,576,684,575,655,504,561,601,532,616,455,595,514,599,478,487,531,678,548,473,453,361,457,585,492,511,465,469,537,388,401,406,434,881,353,316,265,352,294,318,250,329,281,372,270,230,302,293,256,213,242,199,216,220,164,221,178,174,217,171,174,200,169,164,184,180,181,186,163,173,150,167,151,178,183,206,152,153,200,106,223,187,123,127,117,158,145,145,153,163,121,672,154,188,162,93,150,145,129,145,95,115,109,95,103,81,125,85,126,137,107,124,105,99,92,82,99,64,109,58,74,80,100
20241115,5594,4657,3246,2509,2434,2437,3014,2105,2448,2021,1664,1363,4127,1304,1353,2542,937,2063,1205,740,940,917,1067,797,1397,626,767,615,544,667,565,707,456,479,532,501,541,403,551,463,514,428,512,474,623,502,402,413,365,400,449,457,519,497,415,487,331,397,340,419,1042,338,269,277,476,254,275,261,333,316,390,268,216,250,264,248,234,233,214,234,207,202,212,187,174,188,155,154,224,149,165,175,175,243,186,135,152,172,200,146,177,193,197,119,130,163,85,194,168,135,100,131,156,98,153,135,137,107,508,126,153,115,123,127,99,119,112,120,107,91,88,94,65,131,67,111,92,170,97,93,80,84,98,92,88,80,71,50,82,62
20241116,4981,3536,2617,2038,1977,1857,2655,1524,1644,1273,1336,1118,2895,941,1004,2102,747,1741,895,469,628,774,713,578,1092,481,668,480,519,537,360,521,293,345,386,410,355,423,296,268,364,308,420,327,486,376,314,269,240,324,343,302,672,336,305,253,264,312,221,290,836,236,277,217,301,276,255,221,235,383,317,231,139,191,215,191,191,164,115,124,102,139,196,139,160,162,154,172,182,105,171,88,143,128,101,115,133,162,167,132,141,106,197,72,103,92,70,156,88,69,133,151,118,112,92,121,85,89,92,73,132,51,122,61,83,93,78,88,64,72,99,70,67,66,79,68,71,95,113,92,48,56,67,69,88,73,72,42,73,32
20241117,4804,3660,2441,1988,1869,1942,2468,1513,1740,1313,1476,1273,2871,932,974,2041,790,1489,979,554,597,724,744,656,1268,469,800,484,513,506,491,469,313,370,362,383,361,403,329,313,419,317,423,328,464,406,303,270,277,316,422,301,540,260,329,222,336,273,251,377,914,212,327,225,260,266,203,212,285,283,332,232,181,209,201,205,165,178,139,108,110,140,168,148,145,192,110,161,646,116,178,103,131,147,94,104,183,104,159,140,138,89,241,57,127,108,80,180,97,88,99,112,111,84,123,81,101,79,53,94,112,68,87,79,85,95,76,106,81,80,83,82,75,50,80,93,91,82,87,75,54,62,90,70,64,65,56,49,71,30
20241118,5877,5192,3569,2667,3168,2461,3075,2296,2271,2250,1675,1479,5102,1356,1527,2456,1116,1852,1325,781,1390,942,995,983,1459,652,912,672,607,701,530,634,593,596,597,506,542,467,633,465,567,419,512,494,597,535,441,434,356,446,458,466,499,400,426,450,361,343,370,458,872,292,298,354,392,337,238,250,285,326,377,378,225,273,299,294,246,252,183,245,220,211,210,232,172,212,146,168,471,177,201,177,180,207,167,166,198,195,127,209,165,166,176,114,140,158,74,218,157,179,146,164,162,148,144,134,140,146,674,118,175,153,128,141,160,119,124,99,110,107,98,102,105,125,83,119,111,111,100,117,85,92,120,112,69,79,88,70,99,93
20241119,5719,5400,4324,2733,3022,2606,3177,2289,2510,2392,1786,1684,5885,1563,1741,2307,1186,1921,1330,784,1293,967,1099,959,1270,729,811,652,673,721,563,651,481,635,652,542,568,550,557,438,561,426,473,530,629,593,499,527,357,439,452,483,558,418,452,493,365,362,390,440,856,352,320,297,450,320,263,275,433,366,338,321,228,297,307,258,282,234,240,237,246,196,199,205,206,208,164,172,243,186,156,219,197,172,175,181,184,184,170,201,164,164,223,156,140,179,103,199,160,154,123,132,131,138,143,113,139,131,527,136,139,155,117,130,121,139,103,145,126,115,102,109,95,125,101,118,100,113,116,106,88,82,99,113,74,65,69,74,98,105
20241120,5968,5313,3992,2724,2389,2614,3167,2275,2476,2237,1721,1481,5967,1519,1716,2431,1205,1867,1185,839,1247,1034,1033,1095,1489,677,870,653,650,685,570,605,493,605,653,574,566,468,611,418,588,421,502,508,752,576,474,473,368,438,438,466,474,427,470,523,432,330,406,394,777,340,330,345,336,253,316,283,426,339,343,297,250,317,277,235,243,213,255,222,245,185,212,174,228,169,155,168,219,171,183,193,191,202,204,189,218,192,210,179,173,150,205,164,171,179,102,188,154,179,150,142,174,145,150,95,144,108,574,106,150,163,119,119,119,147,99,117,118,118,122,85,83,153,87,127,107,91,87,75,103,89,86,105,78,86,91,55,107,82
20241121,5900,5513,4437,2748,2480,2673,3278,2105,2226,2237,1739,1603,6361,1920,1534,2940,1127,1702,1153,730,1052,943,1074,990,1674,670,739,629,650,724,554,679,541,583,642,552,607,461,580,405,640,418,468,479,666,577,489,506,394,399,430,480,537,468,460,480,360,379,418,401,783,320,328,316,373,300,268,288,373,426,335,293,281,288,300,267,205,280,225,278,422,194,186,221,171,239,172,175,214,191,217,191,186,207,177,166,221,177,176,200,186,151,229,143,164,214,96,203,167,166,165,126,181,118,157,100,140,119,540,148,148,181,133,121,108,143,134,95,117,107,105,103,116,137,83,116,121,114,116,80,111,84,94,117,78,86,67,63,71,87
20241122,5533,5021,3827,2636,2469,2499,2954,2050,2150,1977,1557,1416,6489,1710,1447,3191,1029,1478,1027,781,934,894,980,862,1183,618,806,542,567,598,512,579,517,548,571,472,574,477,539,365,555,411,443,462,602,501,494,441,353,390,458,443,440,460,391,494,417,297,352,366,684,297,336,287,343,294,276,279,344,434,343,300,250,272,249,241,206,245,221,279,192,213,159,171,172,179,151,168,258,189,192,180,190,160,159,164,165,191,156,146,170,176,298,141,185,140,100,187,142,146,127,123,149,130,125,131,119,124,461,119,145,125,94,131,91,121,105,103,100,102,95,99,88,93,81,93,81,97,134,96,82,77,106,101,78,50,72,70,77,70
20241123,5159,3596,2936,2046,1944,2024,2460,1594,1759,1397,1314,1275,4479,1053,983,3027,700,1252,840,522,729,751,771,632,962,506,730,491,490,509,425,502,322,355,370,377,442,372,282,342,359,309,391,344,494,349,278,261,236,317,342,273,442,322,306,234,318,291,258,283,417,252,287,264,258,226,193,234,261,267,347,245,185,217,197,238,179,173,140,127,112,140,193,170,147,219,108,165,220,144,145,99,130,156,107,144,128,191,141,135,147,107,184,74,125,102,85,141,95,87,111,103,131,88,122,82,106,99,218,96,115,61,84,57,69,97,71,79,81,77,110,70,79,66,84,80,116,49,105,82,69,64,78,85,68,72,66,46,67,35
20241124,4933,3700,2748,2131,2048,2040,2614,1693,1690,1332,1451,1439,3720,1195,1029,2547,743,1297,772,531,792,733,829,727,859,515,869,484,468,479,382,506,354,373,448,427,437,387,317,348,411,308,426,353,456,372,298,272,294,323,376,292,357,283,342,236,323,307,239,273,543,258,261,237,214,227,192,205,233,308,348,277,213,264,228,181,186,155,121,113,99,140,172,133,144,188,134,147,240,143,181,108,159,167,83,127,111,183,147,110,162,110,177,77,139,96,109,148,111,84,110,118,109,108,110,111,113,125,49,97,123,67,87,63,74,107,78,89,100,85,100,61,84,44,65,86,77,62,97,73,68,71,93,81,73,47,66,47,77,41
20241125,5646,5302,3674,2670,2676,2751,3171,2235,2396,2186,1620,1554,5991,7013,1464,2832,1057,1741,914,804,1178,953,927,1141,994,652,888,563,649,628,495,649,557,529,606,488,536,525,550,487,515,478,469,519,571,515,441,454,408,387,459,454,571,360,413,510,330,359,411,375,641,353,354,281,287,311,253,309,319,395,348,293,298,302,299,283,240,213,237,218,227,190,173,221,200,221,203,160,276,169,208,167,156,207,146,182,200,143,184,141,138,147,153,147,156,144,123,190,178,172,126,138,169,130,160,126,114,121,321,153,145,144,116,108,107,114,104,112,123,96,107,91,104,90,86,124,113,106,148,75,96,98,90,120,83,78,61,58,112,118
20241126,5638,5217,3954,2670,2776,2679,3112,2459,2596,2194,1724,1667,6244,3493,1437,2678,1080,1732,926,876,1072,929,1043,1033,815,636,940,617,655,614,620,607,661,580,590,535,591,535,534,458,604,410,509,477,653,585,496,435,351,372,492,515,487,392,458,495,450,408,380,430,977,302,342,312,408,308,265,322,287,312,383,325,280,245,311,255,223,229,265,246,236,223,206,197,183,190,203,183,242,195,171,222,232,223,187,195,211,189,213,159,161,170,148,154,161,145,94,195,152,177,173,143,141,145,163,119,137,122,866,232,123,184,113,103,99,110,119,105,95,95,113,95,83,128,99,112,125,121,111,105,99,122,114,109,96,76,66,54,91,84
20241127,5246,5333,3647,2660,2619,2425,2896,2289,2450,2002,1665,1546,5674,2211,1318,2663,1135,1818,1076,825,1191,924,979,1001,840,627,893,610,645,627,686,602,693,513,660,524,575,473,513,477,538,417,436,463,640,461,496,416,324,376,480,443,511,364,429,522,405,371,406,371,786,362,322,289,328,272,265,267,285,279,358,325,271,310,245,450,248,280,252,256,187,230,208,193,198,230,184,177,252,215,133,184,159,177,160,212,152,166,178,151,161,190,159,160,146,142,120,173,167,173,123,135,119,127,153,116,148,134,1019,150,115,127,99,119,89,159,120,114,98,94,109,97,89,99,100,118,102,114,135,130,103,152,101,102,90,71,70,57,97,77
20241128,5088,4644,3457,2410,2319,2358,2810,2106,2203,1941,1598,1605,4248,1213,1357,2243,1072,2352,966,709,1352,914,861,1067,755,540,1006,612,537,553,524,592,596,484,547,477,502,449,407,411,450,430,458,430,582,465,410,445,328,359,441,451,515,457,379,417,339,346,372,369,689,287,287,282,267,251,237,254,276,260,347,305,253,250,223,371,189,230,202,198,194,169,198,173,167,172,123,186,230,266,164,191,154,177,149,173,185,179,164,144,167,139,161,113,137,113,120,127,153,145,118,134,107,117,127,121,122,172,720,129,149,119,103,105,63,125,106,124,104,82,85,81,107,85,77,112,107,118,112,86,74,132,93,106,70,70,72,51,94,62
20241129,4900,4328,2873,2281,2303,2246,2662,2066,2366,1592,1457,1429,3693,1271,1222,2195,830,2533,950,707,1054,817,849,920,797,572,959,570,525,550,504,560,487,460,522,471,532,482,428,417,423,388,433,495,606,435,351,390,299,344,453,381,486,389,404,416,353,331,305,327,707,327,282,257,278,270,268,273,238,308,407,282,205,244,203,270,186,212,204,192,194,174,188,198,143,196,166,196,219,209,150,159,158,162,153,153,169,146,158,163,158,126,152,94,100,104,107,155,143,132,140,106,130,124,160,120,123,210,881,110,98,109,110,108,85,125,92,118,122,92,94,98,87,69,91,75,86,99,100,107,83,97,84,91,83,64,54,46,68,91
20241130,4670,3643,2444,1816,2003,1989,2610,1829,1896,1218,1305,1394,2910,986,1005,2130,664,2571,837,533,680,709,687,637,673,454,799,456,462,460,411,411,343,346,345,395,379,363,261,314,369,339,393,315,426,327,283,225,293,355,376,284,433,301,344,223,326,278,220,270,702,267,215,226,210,176,213,220,223,249,397,236,185,237,193,231,169,189,126,120,123,103,156,156,160,172,107,192,188,147,124,107,132,129,81,107,120,188,142,100,126,100,152,73,123,79,90,150,85,75,99,119,95,95,111,103,95,156,35,94,105,58,106,62,63,82,75,116,71,68,108,78,80,55,96,76,62,81,98,106,72,67,79,71,89,40,67,63,70,39
20241201,4534,3580,2244,1973,1897,2020,2638,1738,2167,1217,1267,1351,3009,936,1031,2092,647,2234,819,555,701,767,723,708,648,461,897,501,472,452,425,505,335,368,427,380,414,348,278,392,385,312,449,366,531,393,277,268,251,312,452,277,517,312,433,338,304,354,268,268,760,402,261,242,220,243,267,227,219,262,344,214,187,265,192,226,193,184,143,113,122,138,164,155,178,166,114,200,227,149,152,170,152,139,91,128,142,188,164,99,115,111,127,74,124,111,115,130,76,90,134,119,120,106,122,112,104,111,42,83,80,77,119,55,71,91,77,104,92,65,85,76,67,76,96,110,70,83,108,88,54,67,73,106,79,69,46,57,68,28
20241202,5517,4999,3253,2675,2562,2688,2910,2338,2541,2080,1788,1664,4711,1293,1371,2608,1010,2470,973,730,1067,1072,1343,966,787,638,994,658,531,622,509,665,507,531,573,517,633,560,520,458,552,455,540,530,821,563,479,465,358,365,600,449,785,433,502,609,394,430,379,461,841,688,362,334,273,352,345,249,282,360,404,308,282,321,277,288,221,274,199,267,219,179,196,365,222,221,197,184,271,195,278,189,182,219,140,176,159,160,209,158,141,144,167,167,161,210,121,155,158,148,141,140,151,143,143,129,117,156,1148,124,105,120,179,116,105,127,92,120,105,89,85,86,111,110,83,111,152,93,135,108,89,105,85,96,96,74,90,81,88,98
20241203,5612,5116,3516,3339,2486,3365,2956,2514,2434,2212,1846,1680,5147,1353,1448,2559,1066,2215,1083,839,1200,1040,1126,896,736,856,975,725,632,631,682,726,450,614,588,674,628,526,563,460,548,481,565,648,775,584,460,410,382,458,615,470,848,466,527,597,398,410,376,502,821,523,335,376,328,370,362,299,316,320,318,290,288,323,303,264,217,306,261,258,235,196,230,226,206,224,183,193,232,172,240,215,168,224,202,194,183,183,159,158,139,189,231,139,139,223,127,176,146,168,152,140,159,294,151,140,125,161,1458,130,104,147,179,146,103,157,129,112,142,98,106,109,97,119,89,122,203,103,111,90,92,90,145,123,97,83,58,67,109,94
20241204,5406,5417,3294,2694,2795,2657,2889,2367,2417,2192,1811,1585,5056,1325,1438,2697,923,2216,1098,804,1029,1085,1067,944,754,646,965,632,654,599,580,814,500,539,673,621,526,519,597,495,535,518,629,581,701,553,469,423,380,393,772,536,748,475,444,515,357,395,418,446,805,523,382,327,334,327,349,280,320,302,330,324,266,300,259,254,221,287,227,226,217,209,242,328,193,204,225,223,265,200,175,199,189,206,182,175,169,210,162,152,148,161,158,151,136,192,139,182,154,154,136,138,157,194,161,191,115,153,703,140,95,169,132,145,113,153,111,122,141,89,136,88,100,136,106,107,182,115,120,88,94,105,94,94,106,76,79,61,95,97
20241205,5433,5146,3407,2563,2331,2770,2842,2157,2496,2217,1720,1529,4641,1312,1267,3615,1030,2344,1043,813,1004,992,985,866,781,631,933,579,629,616,584,776,496,541,606,555,591,499,528,434,595,466,553,544,713,567,433,415,403,431,737,447,771,403,499,440,386,390,363,464,791,579,340,304,329,288,311,342,346,303,353,368,249,301,319,281,238,264,227,233,225,227,185,179,222,219,195,178,274,200,182,173,159,214,177,174,151,184,191,173,167,188,145,131,142,209,89,197,145,167,161,134,133,133,162,156,115,129,1195,136,114,143,160,105,93,122,102,104,117,97,113,93,80,122,89,87,127,122,125,96,101,104,99,129,97,75,79,59,98,97
20241206,5222,4614,3307,2413,2215,2351,2734,2024,2243,1905,1862,1426,4095,1112,1148,3298,916,3176,903,749,853,948,889,968,707,616,803,550,572,528,534,698,463,484,510,476,562,437,487,421,517,365,503,479,631,481,427,378,359,398,549,416,707,356,445,489,334,360,329,402,757,543,313,288,328,265,265,242,259,277,366,298,221,277,250,216,239,245,225,180,216,189,173,180,201,251,164,156,256,166,161,157,188,199,155,167,177,168,144,170,147,154,131,120,142,143,96,192,140,140,161,159,116,94,138,100,123,108,943,125,107,116,153,112,97,136,100,121,107,84,83,81,106,119,101,97,117,116,97,101,70,64,91,114,70,76,57,60,104,76
20241207,4519,3429,2784,1861,1943,1954,2371,1638,1726,1199,1459,1250,2912,871,965,3034,678,2511,703,492,623,700,685,632,643,464,706,461,571,440,464,522,350,368,410,403,384,325,273,332,361,288,439,353,486,357,347,248,233,295,488,233,528,295,294,316,287,335,228,367,684,395,283,199,182,235,215,196,231,242,338,277,157,188,191,234,169,216,127,214,105,138,155,161,161,159,104,155,182,148,159,76,146,150,92,109,109,173,139,106,134,120,117,79,135,73,68,140,101,118,114,141,110,86,94,101,110,102,226,87,131,58,137,50,87,54,60,121,54,64,123,91,87,69,84,68,112,63,91,81,84,57,60,59,83,75,53,37,76,33
20241208,4494,3542,2537,1843,1730,2020,2402,1491,1651,1233,1375,1249,2575,805,970,2924,617,1995,706,508,846,677,607,654,623,413,761,433,454,411,432,514,350,363,359,380,367,355,303,346,347,367,432,306,515,325,335,237,264,321,429,261,487,310,303,251,260,284,252,449,596,309,250,291,180,198,218,164,235,307,356,244,139,204,203,174,146,184,130,159,131,113,164,164,122,187,108,182,175,136,121,71,129,127,88,112,128,176,158,111,151,103,111,95,124,62,101,143,79,80,109,131,109,113,104,118,89,99,33,66,98,65,109,49,75,82,62,111,56,68,94,67,61,74,64,72,100,69,107,93,56,67,66,88,57,76,54,40,77,37
20241209,5516,5195,4335,2806,2460,2676,2815,2089,2133,2080,1809,1560,3654,1278,1276,2800,1053,2157,941,700,1548,886,964,900,757,551,867,578,568,560,540,691,540,525,560,526,534,439,609,398,499,382,536,497,655,462,527,386,394,432,598,444,668,456,391,526,374,377,346,417,682,400,378,337,333,469,499,239,270,260,394,295,249,260,295,262,207,261,201,240,234,176,195,193,190,162,346,204,225,187,160,162,150,200,146,202,157,162,196,154,163,172,135,123,152,166,104,186,137,134,152,131,110,137,144,144,119,103,1004,133,136,180,112,125,103,114,106,117,103,103,130,104,154,126,87,98,157,88,139,86,86,104,90,96,86,70,57,80,105,70
20241210,5500,4879,3791,2725,2451,2543,2883,2198,2227,2095,1705,1612,3042,1315,1428,2531,1052,2266,969,739,1190,965,1040,1645,663,567,880,617,602,604,581,707,486,492,546,552,510,507,515,448,500,430,507,508,614,515,457,434,368,430,591,487,577,415,413,514,375,406,404,437,602,414,449,341,360,285,360,288,276,311,338,398,216,274,325,277,257,276,243,264,251,193,184,230,187,210,555,199,268,182,171,166,155,212,173,195,222,157,167,150,174,151,138,157,129,177,107,160,165,150,144,131,142,132,150,133,112,142,1056,129,151,155,121,119,113,110,127,125,120,87,125,93,399,130,88,110,164,64,147,78,90,94,121,84,79,67,54,160,106,72
20241211,5252,5081,3968,2620,2419,2570,2859,2312,2213,2172,1655,1475,3235,1367,1309,2618,1002,2188,906,806,947,943,978,904,719,591,850,636,658,584,619,665,521,495,594,551,560,529,503,419,522,416,487,498,576,479,465,423,382,431,529,437,571,380,371,440,362,360,379,413,660,391,352,301,304,270,415,264,317,261,396,487,252,242,298,279,250,269,253,289,242,165,213,202,184,493,206,202,239,174,158,184,149,162,173,147,178,183,181,133,239,164,135,159,153,137,114,181,152,165,126,122,121,123,154,107,145,136,1042,125,141,125,137,121,88,139,102,125,99,137,108,78,369,98,115,121,167,114,115,96,101,135,89,131,80,71,56,145,89,78
20241212,5174,5365,3702,2491,2344,2502,3023,2155,2310,2075,1722,1457,3358,1378,1341,2573,915,2067,983,749,951,944,1009,916,755,612,781,607,627,541,624,619,500,507,595,512,510,488,538,469,555,383,496,488,637,450,434,420,390,397,546,479,671,404,446,404,393,320,384,396,616,398,346,336,299,296,419,263,288,258,489,308,221,276,266,228,215,271,204,263,227,177,190,179,165,412,182,179,310,168,164,192,132,162,193,160,174,123,153,159,161,142,142,157,151,142,133,188,155,163,129,118,150,120,133,114,125,136,1184,113,137,148,130,105,81,102,121,128,99,97,122,83,279,105,67,102,159,116,99,94,107,102,104,108,87,73,78,191,77,72
20241213,5261,4453,3111,2421,2262,2377,2861,2030,2090,1819,1764,1496,3817,1130,1147,2264,883,2460,917,697,999,888,917,758,695,580,824,541,546,552,489,615,467,506,494,528,524,492,423,444,480,348,485,486,528,437,455,359,387,385,508,364,720,384,417,521,350,394,351,355,715,380,382,289,294,317,312,215,245,292,440,317,207,238,263,229,219,225,169,213,216,156,180,229,184,217,140,189,296,192,200,147,161,216,167,127,146,158,142,179,161,144,197,143,129,113,101,146,131,136,129,113,109,129,139,109,141,96,956,115,146,137,154,107,136,91,128,122,82,84,103,77,206,131,120,122,128,111,117,66,74,88,107,105,83,74,68,115,62,62
20241214,4632,3258,2401,1836,1726,1931,2601,1637,1717,1224,1275,1260,2656,800,889,1945,602,2141,671,529,618,684,611,692,584,455,746,454,532,430,463,469,283,349,325,396,393,338,258,311,368,331,402,309,444,309,324,250,274,256,426,253,536,251,304,288,281,317,228,291,603,300,291,290,219,215,248,243,243,204,456,260,143,193,152,192,174,178,143,135,126,122,151,151,115,184,107,155,226,136,112,73,140,130,115,128,122,137,149,87,117,95,116,57,92,71,77,129,75,74,105,88,107,93,110,88,80,95,204,94,119,61,110,57,96,90,84,129,67,58,86,85,203,66,72,70,70,52,86,77,68,54,75,84,65,62,51,59,55,35
20241215,4568,3526,2224,1969,2201,2030,2492,1587,1730,1210,1408,1317,2429,749,921,2055,589,2231,621,486,629,658,748,701,586,467,800,453,520,432,468,490,330,349,331,365,404,354,245,307,389,293,407,285,440,309,316,269,289,284,498,224,543,307,331,274,288,273,216,288,640,223,219,223,217,269,210,231,223,257,378,285,129,210,177,235,177,157,147,122,126,105,146,180,166,191,113,185,223,131,195,91,168,150,121,131,111,157,179,128,125,116,110,90,132,88,124,156,73,79,105,105,118,96,102,81,99,107,70,74,118,47,151,53,82,91,78,107,65,69,66,86,190,52,71,82,61,78,83,88,70,87,80,77,80,68,48,76,81,48
20241216,5360,4826,3721,2451,2212,2381,2998,2170,2042,2128,1658,1499,3955,1261,1280,2479,941,2317,834,751,949,861,968,866,760,521,904,547,715,566,606,578,472,524,613,554,539,468,490,385,539,361,495,441,551,421,426,408,336,354,533,379,589,363,380,484,368,360,368,527,393,321,294,284,279,281,297,281,283,289,421,308,252,262,272,226,183,242,225,209,247,149,177,161,175,191,155,190,222,177,174,145,177,191,206,178,143,145,179,146,156,176,194,140,158,106,116,166,156,148,142,103,134,103,149,112,117,128,850,108,107,151,132,96,151,117,137,112,95,115,115,67,197,118,83,100,131,98,123,84,88,80,100,99,91,68,63,77,90,62
20241217,5271,4927,3465,2591,2298,2442,3123,2309,2005,2153,1604,1470,4664,1255,1412,3160,935,2015,896,775,965,1023,944,867,865,622,889,586,670,548,551,606,517,521,622,543,471,482,517,465,520,394,469,538,577,496,407,395,360,329,469,444,746,361,410,413,366,313,374,452,962,382,366,308,358,331,281,275,277,235,428,316,257,294,264,244,194,268,241,247,248,184,177,191,200,210,191,199,311,194,175,169,164,186,204,159,152,172,146,130,178,160,187,119,152,162,139,172,168,131,164,122,158,105,121,112,118,145,685,122,115,120,137,103,159,131,122,133,124,131,103,76,222,109,80,127,164,92,137,87,80,94,131,117,87,85,69,68,87,71
20241218,5275,5204,3342,2601,2371,2385,3123,2233,2044,2194,1561,1484,4550,1329,1308,2285,1038,2067,916,755,967,948,939,831,687,634,812,580,621,541,556,645,496,562,550,588,519,410,529,366,567,395,438,530,632,437,436,414,389,353,546,449,617,417,413,405,387,368,364,404,985,343,364,304,310,287,283,262,284,255,382,302,245,318,314,256,215,237,213,266,264,183,198,199,177,212,145,202,313,200,172,174,185,175,168,175,170,157,178,145,165,135,176,170,150,178,141,186,155,150,126,120,143,141,120,115,143,135,1334,130,150,138,141,134,132,103,123,116,146,127,126,98,181,113,100,108,172,90,174,97,102,123,115,97,121,83,67,63,65,68
20241219,5185,4816,3069,2383,2333,2218,2974,2247,2077,2081,1650,1299,4311,1269,1305,2212,930,2064,892,802,991,928,963,806,577,579,822,599,661,536,605,604,449,478,551,547,518,524,442,355,537,405,431,512,564,482,382,394,412,309,596,400,473,335,411,423,379,345,364,420,874,313,319,284,326,273,287,246,238,263,339,272,262,294,239,255,198,195,220,258,217,158,205,203,197,193,153,177,272,181,142,148,158,168,160,145,159,162,171,135,157,153,162,149,148,139,116,165,146,142,138,117,137,113,116,110,110,133,1532,117,125,132,125,113,126,122,79,105,139,103,87,112,147,96,84,122,152,74,189,75,74,80,88,91,89,69,70,102,82,65
20241220,5085,4273,3124,2245,2213,2171,3001,2148,1813,1724,1419,1412,4143,1168,1091,1972,817,2358,809,724,790,772,772,841,648,516,719,521,614,480,611,517,474,440,501,508,443,456,435,371,501,360,423,425,511,369,370,341,315,328,619,312,486,319,366,430,334,338,340,357,654,285,257,263,323,238,249,199,230,268,382,225,235,290,221,245,244,206,173,259,184,136,187,408,192,184,158,185,230,160,145,144,152,155,131,123,146,155,163,123,153,115,211,106,138,122,132,161,119,172,146,120,103,122,106,118,126,125,885,96,88,104,109,107,106,116,120,91,86,107,90,82,117,86,108,114,142,95,121,97,56,116,77,96,88,72,66,56,69,67
20241221,4552,3580,2580,1953,1849,1912,2645,1817,1579,1190,1221,1177,2677,792,915,1872,534,1911,720,524,592,647,609,680,523,425,688,470,442,445,478,408,380,313,365,354,346,384,275,296,444,308,348,306,414,282,282,231,250,255,436,242,461,244,284,278,277,293,214,228,679,416,241,227,229,181,275,207,200,211,384,205,161,214,193,251,186,163,109,169,115,108,183,181,162,188,120,171,192,130,146,79,140,133,81,91,111,154,153,90,109,87,154,72,116,89,124,145,81,74,97,113,90,92,101,89,99,103,78,102,85,47,114,43,89,71,65,80,80,68,90,85,104,70,100,91,192,67,103,103,59,76,70,75,62,69,51,52,56,32
20241222,4549,3268,2115,1850,1893,1771,2557,1620,1506,1123,1220,1253,2383,834,874,1775,565,1572,681,482,688,719,558,613,638,392,754,480,448,426,504,496,328,345,317,389,379,363,274,269,442,288,379,295,467,310,241,256,289,329,428,245,397,299,296,267,260,280,254,231,613,290,250,209,216,204,203,195,190,192,387,214,155,242,179,195,155,142,119,149,129,116,215,129,145,164,106,147,1010,114,110,78,131,140,77,89,116,156,181,103,112,72,194,71,122,79,158,143,82,64,98,108,110,108,118,95,101,115,49,83,88,72,115,52,88,67,72,79,70,66,91,71,117,52,84,103,172,60,112,76,58,69,70,90,62,63,65,51,68,36
20241223,5061,4038,3630,2106,2431,2098,2652,2062,1668,1548,1307,1270,2561,947,983,1979,791,1523,758,614,739,720,670,705,583,460,752,552,621,477,566,445,441,370,448,846,447,473,372,331,418,308,435,352,475,337,711,309,282,311,429,294,485,308,307,291,314,277,260,223,602,320,234,280,261,226,261,253,200,211,363,247,208,255,188,190,187,182,135,209,144,111,180,166,162,170,125,173,433,138,150,133,142,145,120,114,147,158,150,91,121,113,237,101,132,97,194,160,114,86,115,92,103,166,79,103,114,92,474,103,90,80,99,93,98,102,93,100,61,59,103,82,101,101,91,94,152,68,99,95,71,59,70,61,76,53,72,58,75,40
20241224,4826,3800,2609,2150,1795,1933,2446,1859,1578,1212,1652,1149,2191,1017,938,1774,621,1377,742,463,1303,804,587,764,540,435,660,539,1129,471,455,452,359,343,377,424,416,414,300,273,382,319,391,347,414,334,317,269,250,323,410,264,426,310,245,230,314,265,221,239,563,331,251,240,215,224,198,181,204,237,331,236,210,268,172,206,179,190,98,176,159,91,189,188,150,159,102,161,312,157,131,119,137,107,89,129,116,127,168,106,111,84,261,115,141,109,120,151,94,166,109,114,124,94,104,94,121,86,96,79,99,62,117,65,100,86,119,69,70,73,85,79,92,55,86,86,152,87,92,101,77,68,57,45,63,67,58,54,65,34
20241225,4807,3289,2483,1910,1660,1897,2432,1648,1536,1038,1114,1187,2063,839,851,1646,556,1233,692,473,1421,761,638,512,548,460,664,433,615,499,403,443,334,298,278,345,364,343,217,282,347,285,344,321,397,347,311,243,265,303,440,214,361,296,283,240,290,279,184,222,584,275,228,220,197,226,205,179,220,242,308,249,134,174,144,198,195,182,119,129,120,105,190,156,172,168,101,143,266,126,122,98,142,144,54,101,96,119,189,110,107,82,226,70,138,109,89,149,115,119,97,98,79,88,95,88,115,96,42,83,85,52,116,54,84,80,79,92,72,73,77,64,102,50,63,81,120,79,82,93,51,64,59,79,83,55,62,57,41,33
20241226,4880,4606,3021,1923,1947,1933,2644,2046,1605,1341,1251,1335,1913,952,961,1940,658,3349,775,535,1397,812,668,658,582,526,750,499,551,500,493,476,361,374,416,386,376,371,285,311,415,318,385,398,453,360,284,289,327,369,532,238,419,338,268,254,308,293,233,228,587,327,228,273,230,201,215,210,203,254,342,351,157,252,209,212,225,229,126,175,159,107,185,180,160,180,128,139,233,139,149,82,137,131,115,116,120,169,200,89,107,92,212,95,126,121,117,180,127,112,134,104,110,117,109,97,104,118,804,102,98,71,115,78,79,84,98,83,126,79,112,78,113,55,73,102,93,68,110,88,76,57,74,95,62,62,48,51,76,37
20241227,4960,3845,3176,2034,2150,1889,2566,1933,1701,1390,1220,1298,2003,967,986,1987,712,2870,742,562,1324,840,649,711,592,505,702,479,590,440,478,464,376,406,440,418,432,397,283,280,452,350,411,380,468,315,313,259,301,359,1078,243,412,315,261,269,250,277,242,221,652,261,279,257,260,250,241,220,239,281,356,533,163,286,187,232,184,248,154,154,160,111,168,184,176,152,125,149,219,163,161,104,126,143,128,116,120,172,303,126,126,91,233,91,140,119,98,169,97,109,93,93,95,119,140,67,105,128,595,102,86,100,135,73,89,97,102,75,104,86,82,72,138,58,65,113,87,85,81,119,79,78,56,86,63,49,46,65,60,27
20241228,4750,3287,2651,1790,1848,1830,2504,1712,1677,1144,1283,1199,1883,815,860,1824,562,1770,793,513,1239,736,579,562,651,425,760,505,607,403,427,649,315,338,442,362,358,345,235,272,378,308,382,292,550,337,321,264,280,329,818,235,467,305,256,234,295,268,199,268,638,460,243,257,266,226,228,210,207,313,337,348,163,266,172,225,249,190,166,122,118,109,191,183,190,165,107,171,244,119,156,74,125,148,89,93,85,134,235,78,114,101,212,75,145,103,86,148,105,86,110,96,89,108,112,105,118,94,103,84,92,42,92,75,116,108,93,76,186,57,104,60,108,34,77,101,63,79,79,87,75,80,55,77,84,74,61,43,66,36
20241229,4781,3313,2273,1916,1921,1836,2380,1712,1701,1125,1363,1245,1829,856,828,1729,637,1904,717,479,1405,647,565,641,583,511,813,431,550,425,440,483,331,335,396,335,382,358,269,305,346,325,399,322,855,312,258,270,327,288,653,248,453,255,268,241,289,267,210,232,717,330,249,242,245,229,221,206,210,282,343,301,164,270,177,216,185,215,146,141,82,112,180,174,161,139,136,137,182,140,160,83,143,112,84,82,113,169,221,91,98,77,190,52,123,90,90,172,86,81,111,98,102,100,103,97,110,97,43,78,77,63,119,64,94,75,93,92,115,75,94,87,121,60,86,118,99,79,120,94,61,91,70,95,85,62,52,66,72,26
20241230,5172,3706,2799,2046,1882,1896,2673,2176,1856,1483,1411,1227,1935,1390,1084,1836,802,1710,916,568,1177,711,664,722,603,558,917,523,561,445,472,496,376,414,477,384,386,438,312,351,468,347,384,428,523,402,339,301,330,345,920,312,474,322,276,307,315,274,269,200,739,342,261,257,256,240,234,223,240,253,327,265,210,281,232,221,199,181,168,166,150,96,161,183,190,165,134,184,203,145,142,122,123,132,112,108,123,148,208,107,127,82,240,107,163,135,97,157,137,120,102,109,95,110,113,102,107,90,1225,104,133,94,100,80,102,99,100,93,108,76,98,71,142,71,89,898,99,75,97,97,93,99,92,81,80,59,67,92,76,51
20241231,4529,3323,2552,1816,1668,1812,2426,1902,1482,1221,1180,1097,1696,904,926,1649,634,1482,655,533,889,648,508,795,663,470,755,445,497,398,415,434,369,377,387,358,383,364,255,230,410,307,382,313,434,326,285,303,289,297,792,250,506,295,322,317,226,272,227,226,523,279,188,220,277,276,192,227,205,210,576,214,158,217,185,198,165,170,148,149,144,111,147,140,179,140,112,146,210,135,109,79,135,147,79,92,91,143,180,83,119,67,215,89,133,129,181,152,119,92,96,107,96,89,103,80,94,90,1032,69,103,68,84,61,118,92,77,83,57,85,48,84,110,60,63,230,87,80,104,81,56,68,67,80,72,62,54,52,77,41
20250101,4495,3074,2486,1647,1687,1635,2350,1694,1416,1029,1089,1119,1785,786,864,1653,543,1399,650,507,806,608,542,578,548,447,820,401,488,467,395,438,296,315,284,361,332,376,241,288,348,299,342,309,389,283,269,302,248,254,691,227,462,262,258,261,261,224,161,210,507,301,231,226,200,248,187,214,185,222,415,181,148,272,184,200,135,116,127,100,103,91,265,134,189,166,100,178,237,127,102,73,125,122,81,96,83,156,171,73,109,70,245,66,138,104,93,150,91,63,78,96,84,96,98,95,140,108,64,62,93,32,107,56,98,81,74,80,49,62,83,87,95,59,66,118,128,67,92,107,51,67,55,80,57,554,56,62,78,32
20250102,5072,4207,3323,2210,1979,2017,2688,2366,1863,1648,1384,1344,2049,1079,1176,1911,829,1771,729,679,890,765,762,763,669,648,928,566,515,499,500,504,456,402,459,399,436,503,384,333,548,354,406,434,440,440,356,487,357,362,944,348,553,288,321,451,297,301,295,284,465,313,278,266,257,254,242,235,213,237,346,214,251,289,236,197,196,196,189,194,176,127,224,220,204,168,175,188,246,165,163,122,135,146,124,139,188,132,226,107,132,113,170,101,181,113,129,167,122,106,119,114,97,104,130,120,142,102,747,138,97,78,117,82,104,118,80,97,92,79,83,79,141,92,80,135,231,87,118,103,70,77,78,110,98,539,61,66,61,42
20250103,5359,4250,3190,2188,1993,2090,2860,2165,2342,1749,1454,1394,2052,1019,1120,1949,856,1968,779,709,928,802,802,896,681,602,930,636,537,517,499,595,429,457,537,444,445,561,413,329,559,390,464,404,504,410,348,465,344,342,1092,328,546,305,332,482,290,337,322,270,671,288,304,260,294,256,275,249,247,257,325,268,264,301,212,219,205,212,218,159,182,127,228,191,201,162,174,171,226,168,145,151,155,170,134,127,189,152,250,126,136,109,255,124,169,109,127,182,119,134,109,103,124,127,110,110,140,130,1130,93,90,114,114,69,123,116,78,89,110,89,100,80,120,93,82,109,189,86,101,90,83,93,89,89,85,280,70,77,66,35
20250104,4645,3525,2640,1914,1802,1890,2469,1750,2018,1267,1241,1287,1745,842,958,1767,640,1794,660,511,715,644,563,736,663,467,853,490,478,420,581,567,342,338,413,371,369,423,287,323,392,309,393,342,489,357,311,258,313,326,688,237,472,254,325,276,307,273,239,237,620,291,222,265,261,229,219,225,212,237,282,249,263,225,153,234,206,226,224,139,138,107,196,184,181,164,160,143,225,137,134,102,161,129,95,102,126,160,204,87,137,86,256,94,150,76,99,169,92,116,124,100,98,116,127,125,107,81,210,75,93,74,109,49,99,84,75,69,100,66,86,75,143,76,74,115,154,89,97,82,71,68,61,82,73,138,53,53,85,42
20250105,4706,3534,2386,1929,1905,1878,2436,1710,1880,1250,1257,1304,1743,754,1023,1777,638,1570,710,491,1120,780,596,741,665,440,900,433,423,422,544,628,332,304,391,332,391,395,273,294,392,321,366,321,451,319,295,296,281,302,810,254,491,257,317,269,254,281,319,246,606,269,250,267,242,212,205,209,194,228,348,226,231,232,198,225,168,219,200,118,131,102,180,184,219,150,140,138,224,131,769,86,104,108,85,85,93,185,217,104,121,82,198,71,135,81,116,142,94,103,105,97,89,113,99,121,109,93,35,81,89,57,111,55,90,100,79,85,95,83,104,73,127,70,82,90,104,67,101,87,76,89,78,94,72,118,57,47,84,19
20250106,5572,4663,3682,2447,2230,2373,3133,2396,2232,2140,1538,1673,2411,1151,1733,2098,943,1548,869,802,923,1020,889,1118,748,541,976,696,595,564,682,660,528,458,544,441,509,524,537,433,525,397,500,485,552,464,494,445,375,350,1097,429,484,358,418,613,418,386,336,316,672,338,352,298,319,292,276,267,264,271,368,298,265,341,240,255,249,326,360,229,198,121,182,209,265,171,163,204,260,181,1057,132,182,175,172,148,177,133,652,171,169,154,240,128,185,118,119,159,175,140,139,131,142,104,122,129,143,131,416,91,115,109,108,105,125,133,90,100,89,93,113,96,139,122,101,93,224,71,99,89,123,104,95,86,93,144,57,70,86,51
20250107,5634,5285,3896,2967,2227,2443,3108,2422,2392,2237,1785,1680,2511,1328,1672,1997,1032,6757,977,773,1069,1103,926,1156,893,676,953,669,655,550,717,681,544,527,544,492,499,545,568,502,570,489,532,483,640,506,451,484,437,419,2281,515,554,403,391,480,328,394,404,300,719,353,328,365,384,302,288,297,274,289,383,339,291,295,276,302,214,276,403,261,218,152,253,245,274,122,208,194,267,216,350,205,169,176,158,180,147,183,241,184,177,171,239,143,185,177,136,180,175,150,120,106,142,108,130,154,168,158,1103,129,147,139,112,112,123,128,101,126,123,78,101,114,131,111,74,99,283,105,101,110,100,100,124,112,74,234,77,62,104,77
20250108,5603,5519,3729,2843,2505,2536,3407,2541,2290,2316,1657,1802,2630,1378,1439,1859,1052,6896,1007,822,989,925,1011,1054,840,670,958,637,533,671,781,673,634,540,599,505,524,512,596,438,556,438,548,521,683,753,461,472,412,366,1498,442,629,381,424,539,420,375,389,355,1793,341,331,372,384,277,298,300,348,260,402,275,276,325,252,306,255,308,445,261,252,143,220,293,236,194,276,178,269,183,284,168,306,168,181,165,218,171,214,164,178,153,249,122,136,176,119,192,207,173,123,132,140,128,144,111,153,120,1244,126,122,136,120,151,129,134,101,112,105,107,113,96,161,112,77,127,226,92,105,91,91,124,113,92,84,165,46,75,66,68
20250109,5648,5512,3852,2697,2423,2464,3163,2425,2295,2294,1702,1547,2811,1510,1459,1756,1008,3336,1100,843,1013,941,994,1056,845,632,860,608,605,624,748,599,579,567,612,508,512,528,600,465,524,453,516,521,537,623,505,503,432,413,1178,451,613,380,408,478,365,386,379,339,865,371,296,350,399,309,258,285,323,324,372,263,276,292,293,275,235,262,233,281,244,149,243,216,226,127,189,161,285,194,191,199,184,157,179,191,199,161,202,447,179,168,208,143,168,171,231,187,159,164,145,97,148,147,155,126,135,101,1098,106,144,132,114,122,112,132,112,118,110,95,111,113,176,147,82,118,178,81,125,92,87,120,114,95,105,119,64,81,99,64
20250110,5656,4753,3442,2479,2234,2239,2914,2370,2245,1911,1548,1487,2568,1216,1380,1551,894,2321,955,808,886,854,958,1062,830,650,813,571,647,656,587,519,543,469,557,521,534,525,469,403,539,427,466,436,540,475,419,418,341,376,973,491,550,390,416,345,359,326,355,283,852,338,290,306,375,273,322,277,325,329,338,255,262,284,267,291,221,230,223,222,242,147,206,198,221,156,172,172,268,169,210,158,207,163,170,156,199,171,196,204,157,127,198,128,131,128,124,184,153,143,124,136,136,116,125,106,155,118,822,115,123,125,111,117,121,113,106,124,131,100,107,105,117,130,87,120,158,94,150,95,133,102,111,101,79,92,74,67,78,70
20250111,5089,3593,2828,1995,1851,1904,2269,1910,1791,1224,1262,1302,2000,871,956,1320,644,1756,743,503,669,804,616,699,931,503,773,470,454,499,491,460,346,448,382,379,427,392,242,327,395,326,377,331,450,339,325,265,269,317,825,288,461,308,336,311,326,314,201,261,948,255,266,237,352,223,478,213,180,401,314,232,145,239,201,270,171,216,144,153,121,115,173,153,215,131,100,198,233,124,156,117,162,103,102,93,128,152,186,105,141,95,199,69,147,98,118,145,96,94,126,113,99,111,91,116,87,104,235,104,81,71,154,59,118,81,79,89,91,86,76,74,86,66,81,91,147,74,101,120,86,68,80,149,90,80,75,37,57,36
20250112,4752,3505,2499,1843,2185,1915,2304,1872,1652,1317,1313,1256,1879,1571,996,1525,585,1434,1004,496,620,797,590,818,852,527,810,428,481,586,478,488,318,382,393,377,407,414,276,298,377,375,449,387,428,403,363,292,308,365,1187,301,450,311,318,252,299,385,224,234,754,283,331,262,265,263,327,186,185,316,299,193,160,222,170,351,209,173,120,182,109,99,197,160,204,109,102,327,217,168,162,97,190,110,74,111,133,120,237,135,126,97,505,62,138,73,95,151,94,71,109,125,109,91,111,109,145,114,133,107,92,38,114,86,106,77,72,78,78,72,103,80,95,65,103,105,154,90,112,94,82,90,59,209,66,78,76,45,98,28
20250113,6050,5212,3267,2623,2497,2418,3146,2534,2126,2164,1678,1705,2648,1372,1433,1763,1031,1622,1221,866,1175,1041,961,1024,861,622,927,633,622,677,619,676,556,565,586,562,508,462,537,485,571,472,463,482,597,501,470,465,364,446,1504,405,513,412,405,578,448,384,334,322,759,362,349,314,387,288,367,289,312,396,334,261,282,368,332,290,265,281,234,273,218,155,209,235,198,183,191,237,250,176,278,181,622,181,141,195,211,164,238,159,156,123,599,140,153,161,130,202,185,156,160,109,161,146,132,110,115,109,928,113,142,143,129,119,117,118,106,128,106,109,156,97,131,127,102,122,197,98,138,113,96,88,81,112,98,89,63,69,74,95
20250114,5346,5020,3488,2477,2388,2554,2838,2451,2183,2190,1811,1569,2593,1257,1451,1651,1066,1530,1097,791,990,1310,1000,967,926,666,949,651,701,680,627,632,512,508,597,580,563,571,553,478,651,520,554,487,574,884,484,446,362,432,1134,480,563,445,412,457,398,356,360,386,853,409,373,305,380,297,377,238,275,295,332,260,264,273,369,290,223,256,245,264,196,157,815,293,216,171,167,199,291,185,234,183,297,215,216,204,173,171,228,143,192,140,265,163,166,213,114,190,168,133,175,116,139,116,150,137,142,151,1196,121,143,151,123,148,109,129,112,112,123,119,118,100,121,100,98,151,227,110,115,100,105,121,74,111,84,156,92,59,95,97
20250115,5880,5544,3771,2639,2650,2557,3231,2508,2216,2270,1841,1626,3648,1287,1403,1770,1071,2018,1118,836,1011,1170,973,1003,838,659,920,673,747,722,682,592,653,556,604,579,552,547,579,473,579,508,596,468,674,520,456,431,417,386,962,469,514,427,459,464,417,365,372,380,843,351,291,341,431,270,347,280,356,363,381,274,264,306,355,282,279,261,258,271,260,159,268,295,203,190,157,227,237,209,222,215,208,236,190,186,172,160,172,183,178,156,276,165,156,175,122,170,174,159,187,129,141,118,148,129,139,125,1222,141,134,135,93,129,111,140,117,121,91,92,113,89,148,152,113,120,209,103,146,102,128,115,97,115,97,104,86,62,88,76
20250116,5764,5955,3725,2718,2769,2537,3175,2672,2185,2335,1758,1655,4089,1277,1399,2066,1019,1618,1105,756,1091,1010,980,1026,834,680,850,617,677,677,556,563,573,574,607,534,510,575,543,485,602,446,513,493,549,485,494,456,403,428,1138,463,509,408,455,437,398,382,385,423,895,330,414,327,409,266,322,256,360,347,339,257,214,305,311,306,211,266,253,262,254,142,239,819,213,158,185,235,267,190,206,211,200,227,152,185,161,161,165,164,170,149,327,146,178,180,104,177,187,166,156,132,123,117,104,128,132,112,1029,130,147,146,140,111,115,141,130,114,105,78,150,117,135,135,93,132,156,88,141,82,126,106,103,110,71,78,62,58,62,77
20250117,5667,5034,3683,2596,2927,2338,2950,2504,1986,2067,1620,1459,4044,1127,1313,1904,1008,1436,1032,717,945,988,945,898,750,658,862,574,616,601,598,631,521,494,527,557,486,485,442,488,526,472,503,465,550,492,438,413,353,378,1008,427,439,379,381,441,398,342,319,351,825,342,517,373,358,255,272,267,302,293,430,261,257,262,307,246,217,275,232,218,200,130,224,421,225,135,125,198,211,207,208,166,239,189,162,155,160,172,206,159,192,125,318,118,159,149,97,190,183,143,149,134,100,128,132,100,151,105,701,125,83,122,136,122,124,135,134,89,93,94,142,93,133,123,105,129,168,110,116,100,85,81,86,99,70,82,83,89,107,66
20250118,5022,3664,2858,2024,2356,1965,2483,1865,1658,1355,1341,1231,2243,849,950,2165,594,1105,753,533,638,763,640,645,683,487,774,440,458,492,493,498,410,343,394,352,395,399,292,336,448,334,410,349,441,323,296,237,272,331,775,289,364,307,317,290,326,263,214,243,841,289,250,225,298,202,228,273,212,265,1264,241,176,206,168,213,155,196,128,171,111,85,155,225,161,152,106,137,194,136,159,93,161,123,145,145,116,119,179,118,132,105,322,66,158,93,85,156,93,79,114,99,94,81,111,70,121,89,149,74,124,73,110,70,87,78,85,91,71,72,92,90,92,47,90,85,120,74,97,78,78,81,68,72,90,76,58,53,70,31
20250119,4985,3820,2441,1941,2331,1918,2660,1800,1640,1332,1320,1263,1939,839,1004,2716,617,1143,796,581,620,793,638,675,730,451,812,441,490,482,432,512,320,349,402,371,388,396,274,392,468,321,489,347,414,359,310,265,257,329,785,266,319,293,292,239,325,262,211,207,752,263,277,241,350,179,184,208,210,294,958,256,167,205,178,202,181,217,114,125,117,99,166,189,196,167,110,153,216,174,150,52,158,122,112,123,183,114,147,98,129,127,226,78,133,93,93,146,107,82,112,126,89,104,104,129,113,81,43,77,99,60,125,72,85,82,90,77,72,69,129,85,97,64,86,93,134,76,109,94,62,81,73,81,65,85,64,45,58,16
20250120,5562,5556,4042,2740,2473,2388,2954,2411,2006,2062,1560,1603,3792,1232,1260,3048,922,1517,872,785,793,900,914,1034,785,575,975,561,542,584,579,658,482,485,604,491,552,580,566,434,552,436,492,449,577,525,491,432,386,348,920,447,479,368,356,575,376,331,349,245,706,296,276,327,408,254,275,276,258,307,788,258,253,313,268,280,253,260,218,275,181,164,180,209,244,157,174,177,223,172,164,166,197,178,137,171,176,175,176,115,168,165,285,132,182,112,92,161,158,124,122,138,100,99,116,120,128,147,125,128,118,116,104,120,112,116,124,83,94,92,104,88,98,115,108,109,195,117,127,88,89,82,101,101,84,75,73,53,62,61
20250121,5803,5797,4408,2933,2714,2676,3360,2420,2033,2376,1735,1678,4456,1297,1421,2809,972,1722,1003,845,956,994,1084,1132,798,656,909,589,638,585,778,670,532,591,668,545,568,581,529,508,594,452,527,505,667,485,478,438,410,376,803,465,540,419,414,459,368,348,394,301,711,474,304,334,407,287,271,248,308,280,643,269,282,327,292,268,278,275,235,255,223,140,193,233,248,197,179,198,212,188,195,191,212,186,203,197,256,146,190,122,148,188,354,141,176,155,133,204,154,140,168,129,120,121,149,157,142,119,312,117,155,177,142,128,127,123,156,139,102,86,148,92,127,110,114,127,274,106,113,86,95,100,96,94,93,65,77,44,88,76
20250122,5775,5626,4397,3185,2880,2740,3338,2524,2123,2442,1702,1626,4936,1453,1504,3016,1102,1516,1021,867,974,1131,1020,1089,778,707,908,596,671,689,708,650,560,543,650,565,602,516,560,563,551,474,542,558,645,714,491,480,450,406,823,450,502,442,429,431,384,358,382,361,779,637,322,305,454,323,285,263,283,369,453,265,353,354,301,237,333,264,246,274,292,162,227,232,202,172,160,196,277,217,246,337,208,193,174,221,189,162,176,133,165,186,268,157,162,186,129,205,163,185,155,135,156,133,140,149,289,128,752,153,147,138,135,167,119,132,111,131,100,94,155,128,135,138,98,142,286,105,129,97,94,118,105,115,84,73,71,59,99,82
20250123,6032,6036,4661,3244,3095,2818,3507,2620,2166,2568,1834,1795,5138,1608,1555,2740,1172,1405,1108,872,1090,1253,1086,1071,867,776,967,636,657,635,642,715,617,556,745,582,782,580,575,568,617,496,533,516,685,590,553,478,425,440,825,496,627,385,432,521,411,382,427,348,762,531,340,331,466,312,288,286,329,375,577,267,291,319,320,302,397,285,302,280,262,161,229,254,185,207,204,177,242,207,216,248,205,213,209,219,198,154,197,161,163,171,269,168,208,135,143,181,196,139,122,126,139,122,138,142,132,108,902,139,153,170,133,161,138,135,119,131,106,97,137,121,144,132,95,132,277,82,127,85,123,117,116,98,81,71,78,56,87,61
20250124,5570,5678,4320,3013,2697,2392,3023,2540,2418,2161,1661,1482,3272,1248,1401,2523,978,1404,969,704,1015,941,964,928,703,694,843,596,524,560,741,604,541,490,621,544,697,502,545,459,553,398,487,499,585,496,464,439,363,389,754,439,573,350,423,365,446,330,369,304,793,409,285,296,461,289,272,247,256,282,532,262,323,281,297,257,321,241,223,304,225,160,193,234,190,202,153,206,223,179,209,179,178,220,173,192,188,158,192,187,180,142,270,171,177,126,103,180,173,145,114,148,134,117,139,130,109,126,826,103,133,130,114,132,105,108,121,107,77,104,91,109,113,129,93,121,304,94,134,93,102,102,116,116,66,61,60,52,71,51
20250125,4843,4073,2693,2225,2126,1980,2591,1891,1677,1367,1355,1220,2389,910,1029,1911,609,1333,733,536,658,733,704,666,671,533,857,441,457,471,443,500,351,363,402,370,381,365,257,358,446,361,385,363,424,385,306,257,295,305,632,274,577,266,299,283,360,305,184,246,731,314,219,263,290,242,249,232,235,224,511,230,192,228,197,236,229,163,146,169,122,118,153,161,182,135,90,162,223,107,137,124,154,133,99,134,96,118,212,105,125,96,259,103,123,102,90,166,91,74,138,104,126,85,112,92,128,96,75,98,99,71,122,49,91,93,88,89,64,83,102,94,87,60,89,75,257,102,89,75,98,67,50,99,82,78,71,55,74,36
20250126,4798,4008,2476,2223,2465,1954,2591,1735,1520,1412,1330,1317,2522,853,1014,2029,672,1166,748,507,610,748,663,667,739,502,868,477,541,439,467,507,327,375,415,360,390,414,246,397,444,455,403,346,439,483,329,277,261,313,539,251,381,299,327,207,312,264,187,195,706,285,216,281,320,215,169,219,231,234,582,245,206,236,202,242,161,170,134,146,155,97,171,200,197,188,102,168,198,128,137,120,167,189,83,140,162,123,228,103,135,104,275,99,138,105,113,157,85,89,121,114,96,99,121,104,98,71,55,106,102,71,153,60,80,96,51,111,65,58,97,80,81,56,69,114,238,71,87,88,74,51,87,90,78,55,71,42,62,31
20250127,5688,5742,3462,2650,2731,2580,3393,2402,1998,2250,1652,1664,4603,1256,1465,1993,1045,1348,1047,807,867,910,1175,949,851,756,1042,612,682,601,661,651,544,505,669,537,555,508,497,536,559,478,428,462,576,506,493,452,369,456,730,412,483,421,389,416,419,357,329,310,723,351,312,393,393,252,260,232,375,272,481,245,281,268,259,258,199,244,282,243,234,165,252,238,192,165,131,183,254,215,258,196,208,223,182,162,170,175,209,204,166,161,257,146,153,127,135,186,181,147,157,131,144,109,155,131,137,82,473,129,123,155,129,140,137,117,117,104,99,93,115,98,111,109,88,120,232,107,119,85,93,102,89,99,80,82,55,68,94,51
20250128,5524,6110,3719,2825,2633,2717,3243,2465,2121,2394,1863,1786,5561,1311,1508,2031,1045,1362,1083,899,1019,1002,1155,1057,878,711,1114,575,609,577,968,612,560,549,688,551,532,481,566,516,616,443,504,458,599,675,549,473,428,372,715,467,482,392,394,382,378,360,373,337,688,356,302,402,389,295,278,266,303,317,444,261,298,295,276,241,232,256,299,282,227,134,217,223,181,168,139,183,252,172,225,179,187,211,182,180,129,190,201,195,172,182,219,191,167,182,194,192,140,145,155,118,125,110,125,140,122,103,854,117,157,132,88,126,103,119,123,123,90,108,155,89,102,150,88,130,270,112,96,93,99,88,87,119,148,80,83,66,93,71
20250129,5608,5890,3636,2811,2697,2692,3148,2535,1952,2306,1769,1614,4389,1307,1439,1835,1071,1368,1054,787,1010,977,994,1043,835,712,951,591,562,628,821,692,519,552,706,562,536,559,607,486,614,508,449,455,614,527,494,437,377,442,614,429,478,442,391,455,384,367,364,383,726,385,306,452,439,259,277,290,291,279,420,281,301,309,286,256,221,267,366,298,232,156,224,188,181,163,145,202,307,203,170,169,211,203,202,230,177,143,180,210,193,152,259,207,169,191,165,191,198,132,123,139,156,112,144,115,146,126,497,142,138,131,135,133,113,134,91,128,102,98,123,93,125,135,90,132,230,109,106,86,111,111,87,107,149,89,65,58,92,85
20250130,5464,5820,3747,2777,2566,2661,3271,2348,1964,2330,1841,1539,4301,1317,1384,1704,956,1356,1052,773,917,984,997,977,768,678,950,588,607,606,609,714,536,507,626,546,560,549,557,482,552,434,506,461,578,522,478,469,348,425,643,451,456,365,397,425,402,343,376,331,737,522,280,397,365,292,490,280,310,260,418,267,286,285,279,249,200,234,254,280,234,128,198,223,196,160,143,201,292,219,219,159,211,220,152,184,159,164,195,243,145,148,233,163,112,197,136,197,163,123,127,146,132,108,145,116,138,114,644,142,158,119,115,174,113,134,122,122,113,97,101,79,110,109,104,133,131,87,102,92,93,108,129,102,90,83,66,44,98,74
20250131,5625,5390,3877,2590,2550,2484,3016,2331,2010,2083,1673,1462,4276,1204,1318,1672,911,1505,983,680,924,908,1016,917,718,694,959,586,610,632,600,662,509,500,625,553,510,491,468,444,481,412,436,411,578,484,520,432,351,364,812,482,912,413,329,317,351,357,299,438,728,482,273,366,432,340,272,254,318,282,379,240,255,301,245,247,203,231,215,285,188,143,205,229,229,141,152,212,368,195,152,169,184,207,170,176,148,212,230,178,173,160,271,181,129,172,164,169,166,121,144,89,128,133,231,125,109,120,877,128,135,131,128,117,104,126,115,99,111,80,133,103,116,109,122,209,145,84,116,111,91,84,83,96,89,78,61,69,72,80
20250201,4980,4408,2541,2046,2118,2014,2602,1849,1448,1358,1337,1144,2832,790,1041,1322,549,1128,780,539,637,745,625,726,568,501,782,516,472,438,476,542,365,324,474,362,366,377,314,357,360,291,385,311,395,388,317,279,277,340,560,247,359,307,287,219,269,281,187,243,621,245,208,336,287,190,214,221,239,209,317,317,196,208,204,179,174,159,144,129,122,109,176,172,189,141,109,180,247,122,140,94,150,133,101,117,90,116,212,133,137,83,271,105,120,84,101,127,121,68,140,125,99,133,129,112,81,84,73,89,102,68,97,78,81,63,70,82,58,64,102,60,89,56,80,97,230,68,99,93,66,59,61,69,68,61,60,51,71,27
20250202,4805,4081,2683,1809,2048,1992,2492,2134,1390,1306,1223,1190,2270,826,964,1506,617,1140,828,498,721,687,582,630,605,488,869,565,424,396,503,512,352,286,422,353,403,341,268,365,358,309,379,314,431,342,348,251,256,306,562,245,366,263,363,248,861,290,222,216,565,281,232,304,270,214,161,219,228,199,327,233,167,222,206,168,161,141,135,159,134,126,179,166,152,121,90,140,244,123,149,90,202,129,75,92,117,120,216,110,119,84,227,97,134,89,102,132,79,66,119,118,85,109,132,106,103,83,83,55,68,58,106,56,94,74,72,93,64,65,116,65,75,79,80,91,206,63,151,70,67,40,79,59,70,60,67,37,84,53
20250203,5635,5698,3926,2707,2615,2601,3137,3014,1847,2284,1812,1541,4274,1177,1449,2532,946,1295,1020,786,1424,935,967,1009,678,740,1027,663,610,572,599,652,528,482,645,673,586,501,548,541,618,459,480,489,569,534,527,416,365,388,671,438,452,389,405,568,1222,395,372,315,688,359,291,381,355,242,245,244,260,282,362,269,231,292,251,247,233,241,203,256,217,136,241,209,196,142,194,193,277,169,147,201,239,203,154,164,162,170,220,152,180,168,232,161,152,137,113,173,173,135,141,101,129,135,134,146,120,96,373,122,132,129,91,116,116,118,95,142,72,82,118,69,78,91,84,103,170,82,129,94,97,97,100,89,78,113,66,50,90,72
20250204,5784,6098,4296,2786,2543,2613,3295,2613,1970,2521,1867,1625,5859,1315,1525,2213,1029,1371,1217,834,2460,1007,990,950,927,761,1150,652,665,638,753,725,562,628,711,707,586,512,634,549,611,467,475,452,553,577,474,493,430,444,828,500,472,448,415,520,650,409,394,375,757,347,273,419,439,261,274,266,284,309,424,269,261,348,252,266,251,266,277,242,247,145,235,225,187,157,167,185,287,178,164,210,203,175,170,165,158,173,204,182,158,180,315,172,161,166,144,191,167,161,136,115,123,140,145,135,150,132,477,134,142,155,104,127,124,128,131,107,98,98,114,99,98,140,79,118,165,107,108,131,111,107,106,116,97,98,83,64,101,75
20250205,5641,6140,4104,2799,2763,2686,3488,2523,2154,2420,1777,1580,6065,1242,1524,1906,1047,1230,1275,859,3271,1049,960,971,796,711,959,631,611,643,582,660,589,600,653,593,588,565,584,472,600,509,505,478,598,470,561,470,398,409,923,501,422,429,428,368,487,387,371,383,716,462,309,364,394,269,273,269,296,291,380,269,271,331,270,260,226,275,255,241,254,133,254,208,198,134,152,217,429,217,192,215,233,241,198,157,161,175,211,144,168,166,367,181,177,173,135,184,150,168,132,126,126,156,143,167,129,124,375,131,124,144,146,169,138,131,136,118,109,118,108,98,93,121,90,125,198,91,136,84,91,110,116,93,99,118,93,49,82,72
20250206,5609,5905,4150,2629,2698,2599,3166,2491,2300,2291,1746,1540,6369,1369,1543,2076,1075,1187,1155,779,2573,1114,951,1223,814,763,1054,576,700,667,684,632,632,554,642,560,560,483,569,554,615,475,529,469,567,580,468,415,389,427,782,469,500,457,408,495,452,367,350,368,676,391,287,344,424,286,291,271,324,322,434,248,254,289,287,252,225,280,233,246,228,110,194,268,238,144,143,210,290,156,164,206,191,222,191,196,172,172,201,177,165,195,269,159,151,205,131,180,165,168,139,103,106,118,133,123,158,119,969,124,137,160,117,128,99,112,134,110,115,105,129,101,116,126,70,130,259,83,140,73,100,128,86,105,90,98,102,53,89,73
20250207,5510,5233,3629,2308,2259,2428,3134,2420,2395,1708,1516,1258,5653,1050,1383,1984,901,2120,1031,760,1960,889,793,975,765,652,1009,549,575,630,650,673,610,526,548,532,532,529,474,473,543,407,454,393,549,512,466,427,344,352,800,464,446,369,417,396,439,313,278,327,715,429,267,339,343,236,229,238,284,238,513,265,192,253,285,211,200,227,231,181,189,110,184,241,216,160,171,247,218,151,142,156,187,173,162,151,201,160,199,128,177,149,264,139,152,143,127,160,156,178,127,106,94,115,137,113,131,108,525,118,188,102,106,134,116,111,138,99,88,104,113,91,99,108,82,117,180,78,130,114,87,91,84,94,99,74,88,43,101,79
20250208,4868,3816,2753,1866,2100,1948,2617,2018,2045,1176,1311,1136,3869,780,965,1305,564,1209,796,482,1322,733,574,780,638,456,922,452,476,456,551,505,365,322,397,411,411,426,239,297,416,332,360,320,435,348,287,230,285,301,688,289,405,290,315,302,326,285,223,231,676,283,237,288,280,188,168,192,192,241,375,204,128,217,207,209,206,170,154,121,99,92,168,163,175,105,102,167,202,126,114,69,145,124,98,100,115,130,171,115,185,90,247,123,133,78,95,139,89,79,112,84,100,107,122,127,99,108,129,73,133,67,93,56,85,85,89,104,72,70,87,71,76,90,88,117,99,65,101,78,66,52,73,80,69,74,63,45,91,37
20250209,4945,3907,2270,1767,2044,2159,2499,2022,1961,1089,1177,1092,3475,775,1002,1487,656,998,752,451,1118,762,537,638,694,480,847,461,475,442,518,692,334,336,395,365,375,412,291,379,361,329,348,332,398,321,337,297,295,318,660,281,416,280,290,267,379,281,224,230,651,277,222,267,234,202,198,266,226,194,383,252,148,270,203,250,175,190,138,115,107,103,195,192,178,83,110,196,185,143,117,90,162,157,90,107,137,123,212,133,115,81,297,88,133,100,102,152,102,84,96,100,88,104,128,105,132,84,34,66,118,70,93,60,88,101,97,87,340,46,123,95,84,66,76,98,177,75,107,77,78,63,84,62,69,83,49,32,74,36
20250210,5616,5289,3800,2589,2487,2730,3093,2588,2380,1947,1654,1512,6014,1188,1473,1555,947,1140,1015,764,1379,1022,821,988,804,620,995,631,612,632,651,1579,576,566,667,587,528,484,476,473,525,450,445,467,563,538,462,449,384,434,776,445,479,418,399,520,430,390,337,407,711,457,282,309,484,284,253,300,298,296,359,279,230,297,290,330,262,225,272,193,245,142,216,249,196,142,132,204,272,263,196,154,177,185,175,194,182,155,267,137,159,164,281,163,138,153,136,170,177,166,139,137,106,138,159,164,165,106,650,122,183,136,159,133,111,107,129,119,353,82,160,113,113,84,79,128,198,95,127,81,104,87,83,97,80,82,76,59,84,72
20250211,5684,5488,3864,2586,2579,2589,3320,2480,2246,3870,1603,1484,6891,1190,1363,1457,1043,1534,1046,827,1827,1072,878,1008,791,617,960,590,693,673,737,855,553,552,635,575,578,540,482,518,1300,413,447,580,569,530,450,510,387,362,683,458,456,445,431,408,464,368,405,429,775,364,298,303,480,266,298,302,263,278,425,286,219,304,288,244,210,279,241,232,240,238,264,255,211,153,185,198,287,236,168,188,198,168,203,180,212,147,252,173,155,156,354,149,124,262,134,179,173,191,124,126,114,145,135,120,140,136,715,134,162,125,162,128,112,120,132,123,114,117,113,109,87,112,79,125,114,105,107,81,82,124,103,107,84,93,56,57,84,81
20250212,5806,5375,4167,2717,2643,2622,3260,2780,2317,5617,1688,1575,6410,1251,1471,1501,1021,1320,1082,793,3092,1001,882,988,802,624,1025,594,605,661,661,713,654,558,679,581,545,547,517,549,1264,448,491,483,530,513,454,568,398,392,645,471,471,435,407,418,451,396,363,484,708,371,333,335,448,223,251,319,322,275,409,274,243,337,272,230,252,282,259,223,226,156,207,261,199,105,190,207,290,198,184,187,175,186,236,158,190,197,183,171,184,128,232,208,127,241,161,171,151,151,138,101,117,123,146,110,168,117,583,123,171,137,150,195,109,148,174,119,109,77,140,107,121,108,73,121,164,102,111,100,70,116,77,117,75,84,58,75,65,94
20250213,5956,5337,4344,2695,2718,2625,3605,2608,2283,2808,1673,1526,6537,1237,1476,1555,1097,1421,1107,830,1456,990,956,980,811,704,992,680,838,694,745,876,640,619,670,590,630,544,592,543,980,462,525,502,546,514,413,455,404,404,686,453,507,406,393,400,412,436,424,360,783,358,303,291,428,253,275,295,302,297,460,291,263,309,289,288,269,326,240,229,253,157,231,232,232,151,186,195,338,214,182,206,206,192,214,192,215,227,261,169,253,161,334,203,152,211,120,249,155,144,143,124,122,137,147,134,159,161,397,129,186,172,138,142,90,133,101,110,1070,109,113,118,114,146,86,115,153,91,105,80,96,113,106,105,85,85,85,66,87,61
20250214,5291,4436,3475,2223,2213,2248,3044,2457,2181,2000,1542,1401,4988,1173,1325,1269,903,1565,1055,643,4224,942,726,1062,682,665,841,552,699,680,552,1066,453,440,544,526,497,425,437,457,688,453,396,438,518,426,387,428,322,384,690,720,452,396,378,328,370,286,355,358,711,314,272,324,343,242,269,268,270,239,384,255,191,247,278,243,245,245,198,186,191,115,223,250,170,117,181,183,257,195,154,150,204,178,172,171,170,161,243,154,165,124,236,103,137,255,111,235,152,150,115,93,100,154,129,123,146,121,368,121,191,136,114,141,82,82,131,112,4315,78,113,125,97,104,90,134,114,129,103,105,91,114,96,119,90,95,68,57,72,73
20250215,4958,3561,2654,2035,2024,1941,2634,1928,1897,1466,1274,1170,4550,874,974,1277,635,1227,1016,491,7897,776,639,664,713,469,825,497,555,606,535,699,374,379,357,357,418,360,262,560,567,367,383,323,449,370,298,282,263,299,635,476,446,311,308,240,337,257,230,250,664,256,257,262,317,307,222,206,253,200,379,209,148,220,187,215,196,157,128,142,129,97,217,274,162,88,110,151,263,155,124,78,155,143,109,116,104,153,209,200,117,101,215,86,116,224,110,148,95,81,137,97,79,89,93,117,131,126,272,91,117,68,125,78,92,105,112,77,423,77,132,111,105,81,72,90,84,100,91,99,70,85,76,86,80,63,71,42,59,44
20250216,4799,3574,2436,1907,2138,1854,2681,1909,1933,1375,1263,1117,4593,862,1016,1287,606,1164,928,482,4140,717,590,828,655,497,789,495,529,476,595,593,321,382,418,380,811,371,253,401,535,336,338,344,429,368,319,291,268,330,628,433,389,336,280,265,294,253,205,278,636,246,279,258,267,273,219,222,243,248,418,296,146,243,185,263,188,198,142,121,121,114,182,197,169,124,126,167,227,135,120,95,150,135,105,113,132,131,236,202,132,101,263,56,109,102,117,146,86,81,144,96,105,100,111,107,126,232,34,100,114,47,96,91,80,112,94,96,288,80,141,119,88,86,73,69,112,99,106,92,78,88,57,75,76,113,85,56,64,28
20250217,5578,5038,3528,2468,2339,2470,3213,2355,2180,2022,1572,1394,6680,1165,1365,1626,1042,1326,1130,793,5653,933,877,910,752,582,961,578,666,645,664,641,569,538,585,517,540,506,447,457,685,444,461,499,555,525,428,402,330,394,707,590,459,722,417,406,457,365,343,401,677,296,289,302,441,295,297,301,321,330,412,302,202,313,254,285,232,254,274,225,221,133,216,224,177,130,160,211,257,189,160,166,210,192,151,174,178,164,191,194,162,154,338,134,152,164,127,159,134,134,164,120,109,116,166,150,167,146,495,112,148,132,111,119,111,107,130,116,189,87,122,136,87,133,78,131,182,93,100,102,95,86,99,98,84,95,65,61,97,58
20250218,5666,5540,4044,2691,2613,2501,3319,2495,2287,2068,1736,1440,7154,1221,1441,1593,1012,1543,1374,747,7770,996,929,925,815,647,956,642,648,706,711,675,551,544,635,584,569,512,573,587,717,472,468,529,594,538,468,427,375,437,611,573,477,591,433,476,394,377,386,448,668,371,381,315,460,291,269,320,324,284,770,333,214,319,274,288,261,257,269,209,262,128,236,254,193,131,170,185,396,187,181,198,174,169,217,200,190,199,203,216,160,172,298,154,148,196,133,180,174,152,162,106,106,123,144,162,170,134,698,118,158,134,157,130,132,127,130,109,136,97,125,116,97,137,78,122,195,124,138,89,102,90,89,107,67,133,76,59,91,72
20250219,5526,5408,3833,2585,2813,2535,3195,2675,2447,2201,1697,1458,6818,1239,1435,1606,1030,1354,1222,816,7095,957,929,1077,908,649,951,607,717,739,674,729,570,578,678,568,534,447,483,565,569,457,532,508,573,493,436,491,395,474,627,613,482,619,460,397,391,419,355,410,747,354,268,362,460,250,284,261,338,281,429,463,227,350,282,246,258,236,264,225,264,142,222,267,207,125,180,180,339,202,147,179,165,218,183,191,192,235,184,237,143,156,242,150,163,317,143,194,185,165,133,131,139,141,175,120,133,109,681,127,142,178,112,160,118,154,128,113,146,85,130,167,182,135,88,114,161,104,119,104,106,99,87,113,119,109,53,161,97,77
20250220,5509,5395,3445,2697,3366,2485,3077,2702,2758,2159,1652,1485,7238,1287,1489,1667,1016,1456,1161,865,4446,978,901,1059,845,624,898,659,767,741,638,731,604,616,628,534,622,451,472,557,548,493,514,457,578,518,482,463,380,463,658,658,446,520,409,391,437,350,417,380,659,343,312,327,412,285,322,343,313,313,415,353,211,296,301,300,273,259,224,234,204,140,207,254,215,163,175,232,317,177,198,226,198,184,190,191,179,175,174,208,168,185,263,149,125,188,111,175,179,171,163,107,150,136,156,166,144,112,922,117,137,136,119,167,131,128,118,117,158,112,144,180,367,158,91,150,248,125,137,99,117,104,99,94,81,107,84,333,92,68
20250221,5194,4631,3736,2686,2441,2374,3044,2457,3329,1936,1534,1405,7218,1121,1449,1649,901,1588,1082,725,3108,948,774,883,754,647,891,620,542,654,571,724,482,564,597,517,608,456,479,507,561,418,508,448,585,452,424,398,319,385,608,453,589,421,352,438,394,312,337,369,489,382,270,309,357,279,261,266,229,295,430,279,247,273,336,275,270,229,213,202,210,140,202,220,189,157,170,169,246,154,133,175,191,159,163,145,148,159,197,186,159,129,176,109,158,165,125,178,141,140,116,120,121,117,145,132,137,134,1177,103,124,136,116,136,119,128,143,102,146,67,93,141,316,112,89,129,208,114,110,97,83,91,69,120,91,91,72,253,85,68
20250222,4872,3676,2682,2009,2145,2002,2489,1805,2513,1288,1321,1253,4557,821,1062,1767,567,1210,834,468,2043,761,593,629,627,429,819,501,442,476,504,485,327,331,426,374,398,349,228,400,487,333,442,336,416,306,337,297,252,353,587,277,502,317,291,251,313,313,225,240,209,245,218,234,273,231,195,242,260,254,416,243,179,238,182,192,266,186,126,110,133,120,187,221,169,159,133,159,223,125,143,92,184,130,102,99,147,135,216,132,120,94,218,76,126,82,109,172,90,73,123,87,106,104,105,107,92,108,82,81,105,58,96,74,79,83,89,67,95,85,100,115,189,82,125,98,141,79,78,97,69,64,56,87,88,58,63,152,66,36
20250223,4602,4132,2719,1877,2224,1973,2423,1862,2306,1199,1396,1209,2985,818,1055,1553,637,1904,835,518,1784,825,600,701,680,489,849,513,435,457,475,481,313,293,435,386,466,332,270,512,411,354,415,393,404,354,383,248,260,337,735,286,486,365,318,293,315,335,213,232,278,250,270,286,294,258,249,199,295,264,350,248,166,241,230,228,245,159,140,144,130,94,191,188,159,104,126,175,236,123,118,84,176,130,80,139,157,159,161,148,129,108,202,82,148,94,201,138,104,59,102,90,95,103,129,103,97,78,60,63,120,89,126,84,81,90,98,80,104,63,120,100,197,71,104,114,164,100,90,85,85,86,73,83,78,69,77,155,59,44
20250224,5389,5463,3662,2441,2599,2503,2991,2440,2551,2186,1714,1468,4721,1204,1467,1709,996,1775,952,694,1953,978,853,909,888,566,1066,525,576,644,631,670,481,494,587,518,573,453,506,592,565,461,469,523,549,470,435,418,373,379,635,443,536,482,421,494,397,332,391,397,352,339,303,344,413,312,422,247,328,295,389,313,231,293,298,270,245,241,303,240,240,121,214,291,175,122,215,202,330,194,168,166,175,241,192,179,188,184,209,180,165,144,296,148,131,143,205,179,220,153,144,113,176,114,138,112,140,94,830,100,152,147,97,278,124,154,126,109,120,93,154,127,221,136,86,129,215,106,108,108,103,102,100,94,83,83,76,170,76,77
20250225,5579,5160,3670,2521,2292,2412,2977,2456,2310,2088,1715,1569,4753,1145,1453,1933,995,1614,1048,739,1841,970,857,893,738,599,987,602,664,628,621,667,531,544,721,553,573,470,507,588,573,460,502,521,535,601,434,488,405,369,713,571,538,481,463,417,375,428,387,403,463,300,310,296,402,261,280,317,287,257,409,252,272,294,277,256,291,262,334,242,232,138,192,285,176,123,155,194,355,221,168,186,196,174,204,175,178,203,207,184,138,143,166,154,142,176,163,172,155,167,126,96,143,127,155,149,141,102,1003,119,119,149,108,139,144,132,100,109,117,95,111,145,177,167,75,138,194,110,94,99,85,89,92,101,77,68,63,143,75,74
20250226,5501,4724,3473,2425,2328,2528,2991,2425,2456,2054,1660,1359,4270,1372,1413,1975,985,1707,1216,1033,1971,979,857,1077,773,541,934,615,645,681,655,648,525,481,705,546,514,493,544,677,671,386,466,552,556,601,473,463,330,375,660,536,469,417,435,444,391,373,381,361,407,373,301,330,424,283,323,284,294,296,406,280,241,306,258,240,234,317,281,232,218,129,231,266,236,153,198,198,362,184,171,179,184,170,208,175,175,207,192,216,160,121,210,165,182,141,108,170,160,143,159,135,129,131,146,136,119,115,549,116,159,136,137,174,138,119,149,149,123,111,107,138,141,128,102,125,207,126,110,115,88,109,67,127,98,88,79,140,110,101
20250227,5527,5050,3601,2418,2460,2645,2915,2462,2729,2208,1699,1485,4427,1263,1536,1749,1040,1623,1105,1324,1766,1009,873,1150,840,627,930,666,1003,726,638,720,515,527,634,529,595,446,480,568,706,437,523,519,623,498,488,390,384,406,653,459,459,500,441,429,399,311,366,380,395,378,277,346,452,272,254,266,315,326,423,344,269,355,282,252,226,266,335,223,241,156,199,241,245,126,172,205,331,228,184,187,173,205,166,183,180,188,191,216,194,135,169,174,171,189,147,192,174,166,138,152,115,128,153,156,135,115,870,114,151,151,132,152,140,153,134,134,125,90,142,123,184,114,102,125,189,108,115,90,92,97,76,114,87,86,84,105,93,83
20250228,5136,4739,3000,2330,2414,2378,2950,2478,2410,1973,1449,1311,3709,1109,1321,1900,882,1479,961,1066,1491,795,768,871,722,515,798,737,760,642,505,652,435,513,531,516,522,423,446,466,595,370,431,567,492,433,467,405,339,392,573,413,462,409,377,416,333,322,296,350,349,298,345,319,352,234,237,256,330,287,410,284,261,317,241,249,235,224,213,200,205,107,207,264,214,141,164,187,293,180,150,175,181,172,142,154,132,167,183,142,168,130,147,121,141,162,156,165,137,115,101,110,117,100,154,129,125,108,1028,82,108,123,113,114,128,128,111,107,115,95,86,105,127,123,78,115,216,109,112,114,94,87,88,113,79,68,82,101,65,105
20250301,4998,3300,2263,1798,2107,1871,2479,1709,2078,1239,1175,1161,2577,810,955,1535,601,1102,721,735,1047,752,559,649,632,411,757,603,535,453,458,454,324,339,352,366,394,298,287,375,416,284,375,393,391,347,296,261,197,313,527,290,542,374,276,257,280,268,206,268,293,266,267,246,314,255,208,211,246,270,378,207,192,249,171,224,226,168,130,124,109,99,141,199,165,114,96,158,182,103,155,81,154,121,106,91,93,154,204,160,128,76,149,73,106,84,112,145,93,66,77,93,94,74,105,96,99,93,122,93,90,51,106,53,82,83,73,85,68,74,82,77,110,69,75,90,160,76,86,112,63,73,75,113,69,63,54,69,60,34
20250302,4879,3607,2479,1836,2267,1888,2442,1777,1896,1277,1297,1264,2600,886,923,2166,663,1101,744,632,1045,742,563,817,638,499,756,608,503,532,473,543,328,357,417,367,398,302,277,461,387,329,376,357,429,325,291,277,201,346,437,265,492,307,362,238,319,325,227,335,291,217,256,233,294,215,216,210,257,245,368,222,142,256,204,209,194,153,133,98,80,123,155,230,182,102,108,168,191,121,136,88,165,107,95,98,91,103,176,212,143,80,110,63,107,66,166,145,92,71,88,104,81,78,112,98,119,84,48,78,75,51,96,53,80,54,77,78,79,73,99,87,118,48,86,101,139,93,71,111,62,52,67,114,65,66,59,57,62,36
20250303,7332,4917,3536,2443,2804,2706,3133,2505,2443,2163,1493,1528,3647,1243,1514,2572,950,1228,1056,843,1740,968,876,879,678,596,983,723,638,690,544,695,465,537,543,490,533,508,450,508,671,438,456,448,583,488,438,524,298,374,539,435,557,448,397,423,364,327,328,382,370,325,312,324,390,293,231,284,324,289,342,265,250,279,256,271,221,226,222,183,227,123,196,239,212,141,125,220,280,186,168,135,182,237,167,166,142,164,259,150,154,216,145,122,170,129,142,198,151,121,125,119,116,104,134,139,127,116,534,84,113,119,123,137,114,107,117,95,137,103,114,128,121,96,84,106,225,115,91,97,93,100,94,120,106,80,69,90,77,91
20250304,8728,5025,3846,2380,3154,2555,2972,2399,2423,2073,1608,1434,3970,1174,1343,2481,915,1328,1051,831,1838,907,867,876,759,623,1052,732,648,725,804,1051,446,465,626,521,618,475,478,561,574,458,482,544,507,548,485,493,364,433,723,409,493,393,376,443,361,362,377,356,347,292,342,345,395,255,241,285,332,273,356,312,276,287,324,281,288,247,176,208,202,135,219,289,296,147,152,222,300,191,154,182,163,173,183,146,142,167,575,163,127,138,152,149,155,165,172,162,160,156,178,116,110,114,497,123,133,142,1252,122,122,149,114,142,113,129,134,110,164,152,167,102,128,107,91,117,192,124,106,98,89,74,83,103,87,88,71,90,92,89
20250305,6841,5139,3552,2773,2512,2805,3140,2526,2451,2160,1658,1541,4038,1271,1449,1984,1054,1271,1083,860,2383,888,843,1132,851,555,974,715,640,699,623,817,521,499,550,543,579,438,468,496,641,435,443,485,512,489,412,400,325,418,605,473,463,440,425,385,368,370,379,358,365,324,313,419,388,281,251,294,290,332,373,267,266,308,295,245,252,246,229,250,210,126,204,261,199,143,133,161,268,179,148,170,171,167,162,218,179,165,518,201,178,155,158,154,163,165,164,183,136,157,146,112,115,116,173,132,150,131,747,141,128,143,141,136,106,111,100,114,120,106,107,118,109,132,91,143,184,110,119,113,115,93,73,101,84,71,60,98,82,69
20250306,5554,4870,3483,2509,2441,2366,2960,2552,2162,2065,1568,1589,3777,1171,1398,2242,953,1285,1052,859,1832,906,875,1133,759,652,925,854,626,634,601,780,460,539,575,552,595,479,468,546,668,439,454,461,607,500,431,433,360,429,587,441,498,516,449,331,340,363,366,369,313,327,286,381,457,243,216,262,318,324,362,324,284,276,276,250,236,247,236,203,198,134,217,254,247,146,129,182,231,196,155,168,200,166,163,184,205,169,241,212,167,133,156,152,138,154,155,168,152,138,134,111,120,119,132,118,139,115,636,122,126,136,120,131,126,127,96,124,122,121,110,114,135,103,76,143,183,109,100,100,96,104,90,121,80,85,75,78,89,75
20250307,5323,4608,2960,2409,2309,2239,2974,2351,1923,1859,1482,1504,4202,1175,1239,1967,858,1314,1021,860,1714,956,711,881,689,612,840,646,546,618,607,820,492,465,492,506,534,457,449,577,610,399,417,477,454,419,425,465,307,372,569,386,415,425,474,348,323,356,349,386,327,340,303,334,351,252,291,274,336,291,341,316,256,294,273,231,249,282,216,215,177,136,238,279,193,120,159,200,226,185,136,184,171,133,127,149,153,121,182,189,226,106,169,162,150,156,199,198,202,142,141,77,130,131,152,118,120,93,837,114,111,117,148,96,94,110,123,109,89,79,120,134,118,91,78,118,169,83,91,95,84,86,74,137,96,79,62,82,75,73
20250308,6230,3263,2362,1954,2005,1844,2345,1768,1487,1249,1129,1308,2518,870,1020,1663,655,1011,806,661,1622,726,580,932,553,485,765,566,568,518,441,657,288,337,302,332,422,319,219,410,431,291,324,349,354,298,317,278,243,349,446,253,332,349,351,274,325,352,221,260,224,282,256,249,238,184,178,207,220,202,340,246,190,211,185,192,183,246,107,125,109,102,169,227,165,103,127,168,194,117,137,102,147,109,92,105,120,121,256,155,111,94,118,61,153,97,119,151,90,95,129,101,80,122,100,100,122,76,268,89,93,51,123,62,98,70,106,77,91,88,65,94,98,66,77,89,183,81,59,89,56,75,63,88,75,95,80,60,69,35
20250309,7044,3217,2330,1919,2017,1869,2271,1767,1599,1176,1189,1212,2240,885,1025,1594,639,1214,781,714,1460,727,560,679,624,462,806,484,610,475,373,547,364,321,371,323,383,310,243,441,431,319,355,299,376,346,304,247,238,293,885,230,351,373,327,234,310,298,219,223,280,247,235,254,239,175,178,200,217,216,338,227,167,233,195,223,178,162,142,120,112,93,203,211,173,101,128,137,160,152,115,55,156,113,94,80,102,119,261,127,146,90,114,62,148,78,95,146,84,59,103,87,111,89,149,110,116,77,42,91,106,60,121,66,174,67,81,88,69,68,78,89,82,49,71,95,187,56,74,84,58,68,57,106,51,259,67,64,56,38
20250310,7607,4748,3285,2625,2317,2517,2984,2329,2111,1929,1559,1622,3196,1289,1280,1884,983,1406,1037,870,1784,859,816,946,718,605,907,636,670,596,602,786,511,474,565,527,533,481,483,489,560,383,411,503,506,432,468,416,360,400,620,429,433,441,446,504,358,378,331,344,419,298,298,361,413,226,237,289,253,238,369,338,244,322,262,265,222,234,297,223,227,135,245,196,205,146,138,197,207,165,135,157,182,166,159,140,192,153,213,174,148,119,162,162,162,262,172,168,149,184,116,107,164,103,141,104,146,94,228,127,187,125,116,115,171,103,107,104,106,116,103,106,116,110,111,121,235,114,93,107,86,76,103,114,84,302,86,81,63,69
20250311,5782,4887,3383,2460,2550,2521,2928,3311,2247,2089,1631,1490,2813,1249,1768,1927,981,1453,1100,2705,1537,975,812,939,772,604,919,668,680,686,669,791,532,506,576,614,588,453,544,550,631,390,453,539,534,449,466,532,350,449,658,491,517,454,495,457,426,421,345,383,372,325,297,346,402,274,278,298,317,261,341,312,276,286,292,307,286,280,346,214,215,152,270,268,208,161,179,203,226,182,166,194,177,200,183,132,175,166,220,189,178,141,165,133,135,172,186,199,152,223,104,106,142,152,141,150,155,112,691,156,201,140,144,112,171,148,114,130,113,101,123,97,119,103,85,157,252,99,110,83,94,106,100,104,116,184,88,70,104,81
20250312,5997,4885,3134,2496,2766,2528,3187,4818,2766,2163,1658,1652,2849,1318,2130,1836,927,1439,1218,4704,1437,1024,898,974,732,580,862,680,732,715,667,904,531,532,630,524,535,515,497,529,704,405,429,473,587,480,472,504,341,453,740,610,561,433,509,583,452,503,345,425,339,432,288,350,448,263,259,298,287,307,320,288,246,306,325,291,287,261,326,201,261,125,235,447,224,123,143,226,257,202,173,218,198,174,147,178,142,165,202,188,182,174,176,145,145,207,248,207,150,200,132,117,120,125,154,119,127,131,476,120,138,155,141,116,158,135,117,109,117,115,119,166,118,132,97,134,296,101,157,103,96,103,72,116,107,220,91,72,80,95
20250313,6865,4531,3025,2527,2598,2495,2952,4420,2620,2019,1622,1567,2734,1309,1986,1700,972,1443,1130,3571,1373,917,818,839,759,660,818,643,649,697,655,911,498,499,556,533,610,483,497,541,599,412,476,458,507,522,425,447,384,408,721,595,550,491,416,563,469,466,307,357,316,354,309,330,406,273,275,263,294,298,354,274,211,308,320,294,294,280,312,218,199,131,309,420,290,117,136,209,278,193,205,149,182,134,176,142,199,164,205,197,152,127,154,131,171,154,164,213,189,223,124,120,110,145,128,124,157,140,275,126,129,123,138,117,181,118,125,109,121,121,129,140,125,96,85,98,242,106,126,93,107,117,77,136,97,165,70,77,82,99
20250314,7637,3920,2743,2128,2180,2211,2810,3382,2376,1757,1426,1382,1636,1783,1517,1438,843,1384,967,1978,1323,903,721,773,668,553,801,597,606,640,570,721,502,447,499,478,619,374,385,462,523,354,434,441,503,627,378,412,281,439,573,600,602,406,461,371,393,446,293,413,328,317,250,292,383,310,261,234,258,300,378,252,204,263,263,249,247,230,201,168,193,114,202,273,192,102,183,161,254,150,153,150,135,167,142,134,184,182,196,328,154,132,142,128,124,164,142,176,128,194,143,120,118,105,113,127,146,142,349,129,127,109,131,107,123,93,111,115,112,104,118,142,101,103,78,109,189,99,107,93,80,85,81,114,88,149,70,73,73,90
20250315,6369,3200,2059,1893,2026,1882,2411,2536,1964,1116,1235,1142,1393,846,967,1270,644,985,830,1266,927,769,531,683,588,513,713,552,497,480,455,587,332,369,336,383,440,298,246,395,429,320,365,374,411,540,323,251,246,320,443,280,523,279,327,320,294,342,228,234,217,247,231,234,246,198,193,198,190,263,276,240,159,175,180,235,203,167,99,91,137,83,205,202,169,90,101,185,155,148,161,87,143,142,71,110,103,146,131,136,132,86,142,83,117,112,113,163,100,184,106,88,98,79,87,89,134,89,46,88,90,69,102,60,96,77,89,101,85,78,104,105,89,58,71,75,65,73,96,89,67,50,65,86,75,94,68,56,82,51
20250316,4967,3395,2118,1857,2140,1834,2485,2419,1994,1351,1262,1205,1260,833,987,1250,586,1134,842,1010,939,705,605,939,591,422,717,562,471,482,425,627,354,296,399,422,405,370,236,408,390,318,416,382,371,377,303,262,263,321,474,291,450,301,392,315,309,370,187,288,239,238,228,250,221,233,183,193,238,225,321,273,173,195,213,438,188,166,152,106,131,84,191,222,188,107,133,158,226,101,139,96,144,133,76,104,108,131,192,138,130,87,140,66,124,130,150,191,108,133,112,98,93,96,101,87,108,81,81,96,94,61,120,60,89,57,96,94,99,64,105,76,121,72,76,61,71,108,89,111,57,53,64,84,57,111,47,50,63,41
20250317,5530,4947,2886,2418,2393,2483,3036,3045,2446,2092,1536,1485,1788,1144,1377,1462,970,1424,1161,1310,1174,955,832,1006,706,579,867,663,564,603,600,845,529,452,550,502,527,437,421,485,594,395,449,473,509,540,419,418,310,400,521,508,466,441,511,798,341,432,356,347,320,349,283,355,368,278,279,305,223,292,342,288,265,236,255,428,281,278,229,210,213,143,167,260,228,145,170,189,232,157,211,168,180,173,163,163,185,158,188,179,168,135,161,136,139,157,157,199,182,195,149,118,117,132,148,139,123,95,951,115,99,132,140,96,138,107,114,103,116,90,123,126,134,108,82,102,110,131,120,113,84,92,76,115,104,123,70,54,84,88
20250318,7006,4769,3457,2712,2203,2544,2848,3073,2467,2154,1577,1600,2618,1224,1472,1433,994,1343,1049,1117,1202,965,816,860,729,602,861,654,569,555,570,674,506,533,628,503,577,422,549,531,656,368,521,470,527,483,443,444,345,383,641,449,512,396,452,395,385,542,348,334,294,371,317,304,351,288,269,285,310,303,330,300,262,283,277,602,291,282,197,184,224,136,210,306,239,134,168,161,353,151,268,163,191,179,162,144,211,190,215,163,172,148,325,144,133,155,193,194,204,185,131,165,152,148,143,145,112,118,1253,133,86,148,163,123,106,143,92,95,112,85,123,130,145,98,91,129,122,127,124,116,118,85,84,113,74,97,68,71,76,99
20250319,7788,4783,3062,2514,2198,2477,2910,3099,2496,2120,1526,1524,2603,1212,1358,1472,1023,1417,1084,1120,1255,986,779,1149,755,575,895,631,586,624,597,669,547,597,602,519,536,479,518,501,628,387,501,474,510,471,451,434,353,455,612,484,461,408,336,415,488,614,339,407,332,340,294,314,415,276,275,263,284,325,326,246,246,261,289,564,265,225,245,274,238,126,212,257,228,162,166,180,270,149,205,179,211,181,126,156,210,163,192,207,173,129,235,161,125,160,172,205,172,222,129,114,134,145,151,154,143,115,622,136,137,137,124,116,113,118,120,136,109,95,131,86,107,79,70,92,122,121,132,120,113,93,71,113,91,107,66,70,71,98
20250320,6609,4498,3197,2511,2232,2357,2762,2605,2323,2041,1546,1416,2365,1191,1278,1385,904,4018,1100,1012,1232,859,745,1097,655,588,772,562,626,621,524,678,478,529,511,496,448,410,437,478,641,405,558,432,511,480,401,367,325,408,577,475,497,409,362,468,382,474,317,436,312,325,264,287,337,298,264,260,281,245,276,224,220,286,224,399,261,254,180,257,213,119,183,243,185,142,172,192,250,172,159,163,196,189,175,160,174,141,178,147,162,127,169,128,112,162,183,187,170,193,150,122,124,147,146,132,123,121,697,120,101,116,136,124,124,84,128,119,91,102,97,112,114,101,84,126,122,94,118,101,87,83,97,117,88,118,69,81,92,78
20250321,5011,4231,2612,2160,2188,2061,2616,2284,2371,1889,1402,1149,2019,1028,1202,1140,793,1451,1181,867,1286,850,720,892,609,625,701,489,518,568,494,651,446,436,469,450,457,413,376,421,524,374,461,390,464,387,390,360,301,404,485,394,456,320,394,392,340,375,271,326,291,324,295,287,26043,261,246,207,254,304,283,148,188,224,219,334,188,215,150,201,184,86,168,210,175,102,166,152,226,155,166,187,144,132,130,135,176,140,172,162,148,106,179,118,107,176,157,171,149,176,114,115,106,117,138,118,144,131,747,108,80,101,143,95,106,104,133,94,108,82,110,90,116,74,68,84,106,108,93,95,83,70,81,90,66,90,67,68,74,71
20250322,4787,3340,2306,1878,1968,1857,2379,1879,1720,1210,1127,1192,1641,782,981,1149,535,1025,877,596,855,771,450,691,593,498,732,469,415,466,373,530,296,332,339,345,375,338,241,407,431,285,329,310,348,358,257,227,230,322,421,277,403,276,384,263,297,328,168,271,235,284,218,241,313,184,187,210,197,236,319,143,148,176,165,267,212,133,136,112,74,94,159,165,204,160,91,148,205,134,158,93,164,115,71,84,191,124,188,133,124,78,123,81,103,84,126,136,114,134,93,114,90,85,92,101,110,127,136,64,86,61,150,81,71,68,70,142,53,76,89,104,99,49,60,76,78,104,93,89,65,51,65,67,71,65,56,60,60,59
20250323,6234,3183,1969,1898,2034,1782,2271,1829,1750,1164,1227,1125,1464,842,1044,1147,547,1114,846,591,874,884,471,605,541,470,713,544,510,413,412,448,279,325,292,368,353,307,218,424,416,371,357,319,475,329,288,254,221,326,573,255,539,269,320,309,308,315,174,298,273,266,261,272,258,264,221,212,203,229,273,139,155,228,190,244,184,149,124,97,107,98,160,154,198,97,92,156,208,137,135,138,127,127,83,117,133,110,151,126,129,94,139,56,131,74,118,151,76,102,99,103,89,103,138,90,116,92,166,85,65,60,111,49,81,60,76,81,53,81,87,88,78,53,69,80,79,68,98,85,84,46,64,85,57,56,68,54,66,38
20250324,8219,4205,2835,2444,2149,2358,3268,2516,2087,2053,1513,1289,2103,1166,1219,1346,906,1389,990,823,1167,975,719,820,616,636,843,601,688,600,570,649,492,448,554,439,523,401,456,440,531,408,458,463,558,496,367,416,339,444,604,639,577,376,360,364,501,374,331,407,357,299,321,315,9008,263,277,227,217,305,303,197,213,245,272,273,217,242,251,236,194,128,189,191,196,159,121,189,298,161,170,224,298,178,154,161,203,163,199,160,136,143,181,115,133,125,145,167,167,157,116,126,97,113,143,115,133,113,652,112,102,129,118,110,95,113,111,113,117,98,127,126,94,87,75,88,82,103,119,109,97,89,113,89,97,90,60,46,85,72
20250325,6871,4377,2754,2332,2112,2331,3038,2453,2209,2105,1607,1272,2194,1093,1285,1296,912,1426,1000,857,1119,1052,775,930,642,625,839,654,655,605,587,635,463,483,562,508,524,445,437,508,517,418,469,497,613,551,393,432,294,395,581,555,482,386,375,836,457,361,293,378,345,350,286,322,413,264,267,238,237,323,337,210,221,258,285,320,261,1974,254,209,220,108,177,186,165,154,140,181,291,155,180,221,257,177,172,144,160,176,201,184,139,140,151,138,143,137,161,184,234,135,147,129,119,101,127,101,136,97,1234,120,72,130,119,90,124,118,93,92,91,85,102,120,114,99,73,85,105,109,113,94,103,74,79,116,78,94,60,43,88,89
20250326,5166,4531,2800,2348,2431,2276,3135,2505,2379,2119,1657,1279,1829,1171,1372,1350,933,1529,958,934,1079,973,744,1080,681,627,783,584,579,594,646,679,489,531,512,458,531,406,443,495,573,407,485,578,654,589,409,490,304,410,612,455,537,389,480,468,383,384,268,405,505,293,275,351,365,279,310,219,263,1149,312,194,232,312,246,296,404,1841,222,221,179,98,204,224,173,132,144,178,249,167,157,204,190,152,172,171,171,141,229,153,150,154,146,131,136,134,161,164,179,164,136,101,127,116,120,100,151,136,1088,122,104,135,136,123,100,95,99,124,120,120,145,85,94,104,94,98,118,110,98,140,82,142,82,115,94,90,66,79,78,106
20250327,5163,4636,3091,2465,2382,2354,2736,2640,2193,2041,1572,1310,2018,1091,1308,1262,937,1482,1027,869,978,919,723,1062,731,601,810,624,552,574,659,666,477,523,514,489,490,425,494,440,585,329,464,536,570,672,450,465,275,389,615,450,465,429,432,479,386,378,311,408,370,379,259,304,3410,245,260,266,337,974,311,188,233,253,283,277,296,776,220,189,194,96,186,193,214,129,153,175,273,161,143,209,169,174,153,186,184,160,225,208,148,140,146,132,160,140,146,197,174,135,142,100,97,85,129,106,160,162,1088,113,87,115,125,107,109,95,123,120,131,88,195,117,84,113,67,99,88,97,100,99,99,138,66,108,75,88,57,81,74,99
20250328,6223,4011,2541,2263,2017,2149,2638,2530,2079,1683,1408,1249,1788,971,1284,1282,829,1679,951,810,2695,900,613,713,624,589,719,579,568,570,696,632,370,467,465,470,500,361,380,398,537,348,396,460,541,511,374,373,326,371,602,404,483,401,327,318,357,361,297,402,369,320,271,251,294,260,255,244,280,745,358,176,209,232,267,264,242,599,212,215,168,106,193,200,184,106,153,172,244,153,138,143,152,147,127,152,176,157,169,184,134,90,132,119,118,154,126,155,139,273,118,96,109,135,122,112,161,91,1067,108,77,109,124,114,77,90,87,105,85,79,111,116,84,97,76,123,85,95,99,75,96,100,81,94,71,129,54,67,68,95
20250329,6280,3125,1930,2269,1857,1826,2234,1928,1729,1145,1179,1092,1226,850,923,1345,604,1258,782,596,4550,785,412,582,548,496,666,486,411,429,457,494,297,309,263,341,354,298,203,359,408,329,294,337,466,425,258,247,247,331,568,274,406,316,305,258,353,280,182,256,230,264,236,192,255,195,191,201,208,529,260,170,142,164,177,251,221,430,124,108,114,105,189,180,169,101,122,169,176,126,131,91,187,95,97,91,115,104,217,101,109,86,100,72,95,116,120,138,91,161,107,81,85,109,114,79,126,80,197,92,64,60,114,67,66,59,54,81,80,61,82,75,49,60,70,66,188,87,87,99,50,71,51,74,88,80,60,34,72,36
20250330,4577,2843,1773,1803,1919,1582,2300,1821,1641,1084,1160,1019,1084,751,955,1174,571,1285,851,540,3229,764,424,591,561,442,674,476,426,460,427,480,256,294,267,360,731,278,202,351,440,345,341,343,452,357,250,244,233,326,444,486,411,300,279,241,319,285,172,217,213,227,210,258,228,278,213,179,211,399,247,158,145,206,165,233,185,327,158,99,110,80,199,208,154,103,101,167,159,138,141,106,155,115,69,119,113,138,285,94,96,63,95,64,121,84,111,140,111,86,312,82,74,114,125,95,125,95,125,75,78,58,115,56,59,64,84,94,74,74,93,116,56,71,75,56,159,80,86,86,72,58,46,79,63,77,42,64,79,59
20250331,5179,3688,2553,2226,2074,2173,2737,2460,2084,1658,1429,1215,1427,1023,1279,1237,831,1548,963,787,3460,933,638,798,689,542,776,596,541,599,502,604,406,413,471,466,525,372,410,412,537,381,425,469,569,588,353,375,327,362,705,556,498,453,360,478,406,349,304,348,336,311,280,325,332,264,241,229,268,478,282,174,209,275,248,292,247,397,231,172,186,123,202,170,177,131,144,181,228,160,168,157,167,147,159,146,168,162,293,125,156,113,132,94,125,137,117,162,148,158,166,112,89,199,120,114,127,88,309,100,88,129,104,94,113,93,123,113,90,81,129,113,86,102,84,84,255,98,85,96,65,94,66,155,79,91,64,64,61,80
20250401,5752,4131,2928,2410,2126,2350,2848,2576,1994,1840,1702,1316,1728,1116,1228,1306,931,1720,1070,848,2171,960,752,847,721,586,782,597,621,557,606,699,443,502,486,504,594,372,439,414,570,374,384,443,538,544,387,415,349,402,731,441,512,471,357,468,356,299,320,375,310,715,265,273,338,403,287,213,256,483,295,203,267,208,249,252,207,433,202,152,189,132,198,161,188,130,167,157,461,153,176,198,166,179,172,151,165,154,162,107,144,116,130,126,122,160,108,164,160,251,143,106,97,170,144,105,107,145,430,95,71,112,145,121,89,84,151,87,91,84,112,109,78,109,77,92,168,88,111,80,87,98,79,107,74,96,67,56,87,91
20250402,6070,4343,3074,2464,2102,2223,2734,2547,1988,1953,1624,1284,1709,1189,1300,1261,964,1805,984,816,1890,945,754,916,672,609,801,651,598,501,569,613,467,551,486,524,542,413,426,433,593,425,435,511,585,724,380,449,329,414,579,398,693,408,357,475,353,294,328,364,366,417,308,284,316,350,236,235,284,478,307,213,288,278,289,252,188,393,207,195,214,135,195,194,179,143,156,161,284,174,153,177,180,173,131,114,166,139,170,137,148,146,170,158,135,151,110,170,173,172,132,103,99,138,129,117,149,115,944,111,101,128,128,139,94,96,109,102,110,113,98,112,89,119,117,97,147,95,94,88,87,87,81,113,96,91,73,56,77,91
20250403,5957,3921,3282,2415,2052,2176,2659,2364,1749,1847,1543,1212,1704,1142,1241,1394,840,1476,981,743,1585,923,691,810,1074,536,709,545,612,553,542,645,437,463,490,441,531,362,462,422,514,372,428,439,473,568,389,468,290,350,493,452,509,386,337,497,327,333,315,364,374,361,260,279,363,277,260,212,249,459,286,203,298,255,257,242,214,360,271,206,183,131,205,192,175,130,190,167,242,177,169,164,169,172,133,144,153,138,176,163,145,118,166,141,109,175,106,150,140,138,122,98,100,113,120,126,125,120,1012,108,91,122,99,130,104,83,125,90,86,97,91,106,96,92,72,110,146,82,99,77,80,89,66,109,78,78,62,63,86,81
20250404,5578,3740,2717,2260,1968,1965,2615,2235,1654,1666,1385,1195,1861,991,1093,1320,787,1495,930,717,1270,797,669,795,1187,560,688,501,557,533,473,613,379,407,460,422,522,375,410,418,491,354,420,443,451,477,332,483,286,362,438,412,470,340,328,360,375,308,276,329,285,310,249,296,312,267,244,207,248,371,283,171,209,220,244,211,178,312,144,167,155,125,198,162,172,128,152,162,225,160,129,130,186,128,129,139,157,145,163,143,132,113,119,118,112,140,95,140,124,135,113,75,82,134,120,82,107,107,1102,88,79,106,123,89,96,77,116,78,87,71,97,88,102,104,79,77,140,89,112,82,66,91,88,90,61,60,65,116,71,61
20250405,5254,2815,2286,1725,1642,1683,2198,1651,1311,1084,1146,1032,1371,752,820,1251,564,1264,752,474,906,713,466,495,836,448,643,421,445,429,383,423,327,289,286,397,397,266,231,300,385,318,343,271,349,323,260,370,196,261,415,251,454,291,313,256,267,256,225,197,208,222,225,194,235,208,169,194,180,323,202,168,159,180,166,178,170,254,111,102,96,82,157,165,155,108,94,158,163,123,122,84,162,108,73,97,104,127,139,102,109,74,114,73,89,75,85,128,86,89,116,90,90,108,88,87,92,74,73,66,65,48,101,59,70,55,97,68,84,61,77,76,46,51,54,57,90,66,83,74,52,53,42,89,55,63,43,87,143,54
20250406,5161,2731,2312,1762,1761,1703,2160,1762,1297,1051,1161,1056,1260,966,934,1299,511,1167,682,481,1223,699,474,556,710,435,738,440,471,422,421,447,299,278,313,342,394,252,204,303,388,289,311,280,435,307,265,347,228,313,398,249,372,275,281,228,262,278,198,175,225,205,215,184,264,207,203,191,194,287,248,162,144,213,165,216,132,239,138,99,89,124,158,147,169,96,127,166,137,113,123,70,123,108,59,91,99,119,191,115,128,74,106,70,113,68,77,143,74,82,110,101,92,110,96,117,92,97,59,93,65,59,93,84,58,53,96,89,53,59,97,92,68,54,72,62,74,69,81,84,75,58,45,79,65,71,40,66,69,42
20250407,5822,4193,2921,2335,2023,2221,2587,2364,1745,1893,1483,1379,2047,1514,1244,1841,868,1396,881,788,1265,889,701,783,767,593,830,540,521,557,595,580,461,472,545,460,496,401,396,423,537,432,377,405,549,450,409,503,332,363,443,376,529,538,380,605,342,291,308,303,313,323,278,275,317,272,254,217,282,335,291,207,270,276,223,253,196,288,244,138,195,115,214,182,170,106,161,146,218,176,140,151,156,135,150,167,147,158,200,114,154,101,140,136,109,112,92,139,139,143,100,93,101,103,113,121,126,110,846,113,87,103,133,124,106,83,109,91,75,85,119,121,91,87,83,136,133,103,121,92,91,106,88,105,66,64,56,75,81,77
20250408,5675,4533,2997,2290,2058,2221,2662,2161,1877,1993,1425,1275,2288,1137,1367,1661,897,1644,982,795,1963,975,711,737,703,689,738,608,590,578,625,605,432,516,530,534,486,424,410,413,518,369,405,423,471,559,412,439,333,364,491,443,483,437,400,502,339,330,321,321,338,322,262,331,295,268,333,227,283,394,338,186,267,243,226,248,184,319,242,211,191,99,196,211,148,139,177,160,232,140,159,177,172,155,170,191,169,215,173,123,154,135,158,116,102,153,77,160,139,133,118,103,104,126,147,123,126,115,638,120,94,130,122,127,122,90,288,101,107,110,106,128,87,128,79,73,122,99,146,82,86,103,80,97,59,94,92,92,73,72
20250409,5412,4432,3345,2208,2026,2170,2560,2245,1801,1885,1545,1278,2643,1483,1317,1677,919,2012,979,754,1422,958,751,731,617,657,754,540,566,583,620,618,401,466,556,487,510,407,445,354,514,361,413,383,450,587,380,395,341,337,407,472,480,401,377,569,330,295,333,341,333,300,256,277,304,238,229,233,256,325,261,198,256,240,269,212,217,322,219,167,174,125,183,201,151,147,155,178,233,148,163,168,183,156,170,176,196,188,167,169,160,147,146,135,124,151,90,151,143,137,126,110,111,113,129,129,128,119,988,126,79,130,124,143,109,89,216,75,95,96,90,117,66,114,89,86,112,105,99,83,88,79,72,80,80,99,67,50,79,96
20250410,5356,4209,2951,2244,1923,2145,2680,2308,1670,1913,1477,1204,2943,1109,1205,1517,917,1718,932,820,1263,921,693,762,816,562,787,526,563,614,749,635,406,538,498,492,510,412,347,345,484,378,400,400,525,443,400,478,313,342,427,434,454,375,443,476,364,321,353,317,324,321,268,249,380,218,260,245,256,371,315,248,243,262,231,212,194,320,169,196,205,113,186,257,151,142,187,178,271,161,144,173,137,141,122,144,180,164,178,121,147,117,146,153,114,175,66,158,140,148,112,97,86,126,124,108,121,109,888,101,71,130,130,121,106,77,126,88,76,98,96,100,73,95,92,105,103,114,101,94,91,98,52,104,75,85,58,55,75,80
20250411,5261,3803,2980,2184,1890,2013,2413,2123,1690,1582,1314,1163,2604,1037,1114,1480,800,1530,895,704,1115,899,679,745,678,566,773,482,468,527,557,568,347,514,481,482,478,373,372,399,476,358,396,555,498,416,353,463,314,297,418,448,425,361,333,353,345,289,305,291,352,344,278,236,276,254,300,202,252,386,303,224,218,214,229,247,174,349,186,168,240,82,203,203,133,134,201,225,845,163,150,143,198,155,131,121,160,140,185,157,132,114,151,116,127,176,59,151,136,111,145,91,77,111,111,123,123,119,701,85,86,95,114,100,83,97,99,96,105,80,100,103,85,105,76,93,110,85,102,99,89,71,67,84,217,86,56,49,69,54
20250412,4929,2863,2580,1790,1620,1695,2268,1669,1283,1067,1117,932,1938,827,829,1244,526,1208,703,607,852,721,406,529,563,464,650,387,411,459,394,467,276,300,356,352,378,296,176,290,335,287,337,410,378,299,257,227,352,288,368,276,341,253,352,230,283,253,203,209,292,201,207,218,209,176,197,161,200,274,281,211,159,204,198,173,121,230,111,137,142,58,144,144,122,110,110,141,836,116,115,85,147,123,68,88,115,132,160,97,130,69,121,50,110,120,91,123,70,93,103,84,73,90,83,103,125,85,145,67,51,40,118,59,68,62,94,60,71,66,86,95,58,62,68,62,88,68,74,87,57,61,57,83,107,99,55,67,62,35
20250413,4870,2804,2289,1634,1684,1695,2255,1612,1305,1012,1083,918,1626,852,818,1291,555,1285,724,640,691,740,459,494,543,390,729,398,405,498,392,443,254,270,302,343,371,287,206,282,362,296,324,310,364,348,294,252,276,265,460,226,306,298,269,245,293,284,219,209,257,533,261,205,227,184,185,166,205,284,216,184,135,169,195,216,141,270,143,92,111,70,130,132,151,102,105,154,423,118,206,84,145,127,66,81,120,131,176,73,118,66,131,48,102,152,86,142,78,81,100,72,77,89,93,88,125,95,61,80,50,48,118,57,78,66,77,76,72,66,96,101,84,52,50,68,143,66,82,87,45,61,49,82,105,91,67,53,70,39
20250414,5518,3885,2920,2143,2488,2073,2684,2194,1686,1669,1469,1112,2385,1045,1208,1495,800,1326,911,824,948,907,575,784,667,572,806,549,515,505,458,508,393,385,494,540,515,400,363,392,490,331,381,393,458,393,350,412,291,489,569,395,387,389,414,408,365,321,318,306,288,289,259,278,275,217,222,250,264,283,289,203,224,210,234,191,176,339,188,178,188,100,188,183,165,107,196,176,364,129,188,132,177,179,98,156,165,137,217,101,148,102,171,136,94,169,115,149,115,126,132,92,90,147,112,128,136,108,441,97,69,106,111,112,102,98,98,88,81,81,92,101,97,104,79,91,164,96,116,89,56,83,65,96,105,90,70,95,83,73
20250415,5909,4180,3184,2391,1994,2244,2779,2752,1696,1872,1620,1189,3223,1612,1182,1298,948,1605,1350,784,1001,915,659,754,621,574,782,551,526,572,558,567,453,437,513,587,501,428,439,380,524,366,428,419,494,488,355,408,289,490,491,478,403,379,372,364,370,304,286,318,314,317,230,287,291,239,291,195,248,338,354,210,206,255,421,217,179,310,207,168,185,135,197,168,145,110,201,172,372,172,147,199,202,154,130,166,168,175,200,157,136,138,126,101,127,190,99,173,150,146,121,118,110,136,152,117,141,116,482,134,95,133,121,112,122,90,118,106,75,91,136,104,81,116,72,84,163,81,104,67,87,92,60,122,107,102,67,56,98,88
20250416,6195,3978,3122,2263,1894,2280,2856,2840,1711,1863,1435,1140,3694,1867,1186,1149,892,1519,1040,740,1421,917,657,769,651,600,736,504,594,510,524,513,505,417,512,506,481,391,432,418,502,378,392,409,523,499,349,402,278,388,487,432,388,398,382,305,355,241,326,329,307,323,246,257,298,209,257,235,225,301,349,214,274,247,1079,257,203,325,190,183,205,122,174,187,152,98,172,157,310,178,136,154,179,157,135,144,215,145,220,132,147,117,159,143,193,157,118,170,126,166,106,107,97,135,135,114,127,133,455,121,88,124,117,122,95,86,117,103,93,76,138,116,101,227,59,87,146,87,96,82,74,92,59,87,112,110,53,49,67,89
20250417,5685,3968,3028,1974,1756,2027,2728,2696,1709,1766,1325,1035,3551,1741,1059,1217,846,1431,1014,735,1207,1076,619,684,674,573,754,518,552,487,500,536,414,397,521,504,500,422,379,344,492,367,374,644,479,411,337,384,286,356,463,438,398,353,333,418,623,275,285,307,276,312,289,263,341,220,288,254,237,286,329,215,220,235,602,225,208,257,159,187,192,107,197,183,166,102,141,159,257,159,121,147,162,209,132,140,160,116,163,122,148,98,157,104,218,147,102,165,152,107,94,115,71,122,134,104,126,97,432,84,68,132,112,92,69,82,103,99,80,88,145,105,86,109,94,115,149,113,81,87,78,81,63,82,113,80,59,50,65,71
20250418,5291,3439,3204,1837,1674,1732,2519,2335,1413,1279,1212,931,2398,1338,1012,1104,666,1242,790,614,863,803,595,792,531,455,658,470,450,470,412,441,346,351,362,429,428,323,293,305,417,295,335,759,386,333,282,330,261,501,434,317,339,327,310,247,476,271,240,260,287,263,209,226,310,192,372,235,184,311,328,165,182,221,305,193,150,226,210,117,135,82,172,149,205,99,138,157,249,138,121,105,174,139,91,94,152,147,179,139,130,83,143,61,120,183,125,115,100,89,110,109,79,107,121,98,119,113,705,77,63,78,101,82,83,83,91,81,72,99,79,88,71,60,122,95,120,83,88,91,60,69,59,81,85,67,69,55,64,61
20250419,5243,2885,2524,1582,1442,1588,2326,1847,1212,913,1027,939,1743,1004,737,1022,567,988,683,461,672,690,440,550,596,387,631,417,368,401,428,361,290,289,273,387,364,278,236,292,328,261,296,484,353,291,218,225,245,349,405,227,304,275,356,201,643,256,200,181,254,248,241,201,215,191,197,172,243,287,307,172,140,164,240,195,114,187,177,67,91,99,162,134,193,114,125,137,196,103,111,67,288,111,55,75,103,102,177,112,99,73,110,32,120,131,82,129,66,77,86,88,69,123,122,93,123,71,93,66,89,27,104,63,56,74,62,69,58,60,71,84,57,53,89,69,103,93,96,69,94,68,61,83,60,75,52,54,84,37
20250420,4904,2992,2192,1662,1679,1549,2191,1678,1277,899,1193,1122,1857,947,828,1256,512,1501,775,446,671,642,431,481,608,356,719,396,419,409,390,464,241,254,303,325,356,256,219,308,329,251,293,355,377,291,231,212,191,296,411,236,327,226,279,225,530,253,191,224,209,245,204,205,195,203,204,150,210,324,257,161,118,178,234,170,130,189,169,70,92,80,161,129,169,104,139,159,184,123,108,70,246,110,78,82,100,102,162,104,104,58,91,45,95,110,81,158,88,71,114,100,81,96,87,89,107,81,47,68,49,49,102,78,58,58,85,59,62,54,109,108,69,57,76,73,107,61,71,68,81,55,54,68,62,59,50,35,64,59
20250421,5627,3408,2725,2002,1830,1953,2647,2653,1568,1472,1254,1173,2430,1151,1033,1443,704,1174,775,572,930,770,596,646,724,478,834,478,465,475,420,503,368,345,388,388,397,374,311,306,411,313,372,526,378,379,299,340,303,290,507,333,363,305,339,234,452,261,258,202,264,230,186,223,254,204,185,198,198,561,307,162,195,216,265,212,174,219,205,105,134,99,166,160,178,110,154,162,272,142,124,110,218,128,99,121,133,122,242,116,119,102,131,80,115,1293,96,225,119,113,135,94,109,111,129,133,133,116,459,94,75,70,110,101,77,69,77,87,67,69,99,107,68,55,87,69,114,92,92,98,74,76,61,101,51,68,49,47,67,47
20250422,5945,4093,3509,2193,1901,2183,2956,2954,1732,1921,1393,1200,3440,1260,1258,1577,1008,1384,922,728,918,949,637,736,733,543,975,615,616,585,499,537,473,379,490,509,473,404,391,336,512,377,361,586,460,583,329,410,319,368,465,406,402,383,344,375,539,311,355,311,332,281,219,288,311,218,296,193,239,406,330,204,225,285,272,254,220,292,213,185,195,135,207,145,177,142,184,163,277,221,143,143,198,138,141,145,178,130,223,162,165,93,148,118,134,3157,129,203,130,129,115,119,100,123,125,123,123,114,661,104,92,109,104,99,104,78,105,102,100,87,98,124,93,92,85,100,140,104,112,103,91,77,79,115,90,84,52,55,74,74
20250423,6191,4142,3328,2156,2031,2187,3041,2811,1722,1948,1586,1290,3414,1306,1248,1463,1129,1317,1024,791,994,944,711,746,681,550,999,604,656,610,494,562,486,455,557,523,587,370,416,382,514,393,414,633,504,432,352,430,293,438,521,429,656,392,362,462,635,306,315,337,383,292,198,322,346,266,261,236,243,369,348,230,204,237,298,241,151,333,208,174,196,132,203,196,159,106,175,174,309,196,154,158,264,151,136,157,190,174,227,129,177,117,146,107,147,403,106,230,134,160,147,112,102,145,106,139,136,116,898,102,102,101,134,123,77,85,114,96,113,92,96,135,86,90,94,121,144,101,139,103,91,96,66,101,75,84,65,54,63,76
20250424,5907,3942,3127,2206,1846,2291,3093,2607,1748,1878,1367,1104,3459,1424,1766,1365,1037,1368,954,772,987,922,692,732,710,574,1014,545,574,519,481,588,421,436,457,496,554,424,467,454,546,297,394,547,502,489,357,452,278,370,477,450,664,444,353,626,549,346,315,341,359,337,242,292,404,264,347,239,274,386,315,183,236,204,316,243,199,353,171,168,200,133,224,188,152,113,208,154,292,177,135,157,207,161,141,142,156,181,182,160,148,127,164,90,144,288,109,181,134,119,125,116,132,136,136,120,126,113,1200,113,81,109,106,105,124,110,116,82,106,91,94,109,95,89,88,92,167,84,106,80,86,72,79,94,76,88,56,72,80,92
20250425,6225,3680,2734,1997,2082,1969,3217,2438,1525,1583,1190,1140,2881,1100,1209,1264,853,1241,901,667,940,877,641,642,621,467,831,553,486,503,539,584,368,406,418,414,496,371,343,382,441,309,375,525,470,464,284,402,280,374,433,397,471,343,383,432,422,265,290,272,288,533,236,252,320,241,291,201,236,317,274,187,185,197,251,221,193,265,212,169,168,133,206,164,149,105,171,188,329,132,160,150,183,139,138,134,214,158,211,127,137,121,138,94,134,255,110,159,133,133,135,93,98,115,92,106,109,113,682,107,69,87,154,104,67,89,115,108,77,81,91,117,78,109,86,75,184,92,118,75,71,69,70,101,80,89,48,58,56,53
20250426,5212,2858,2692,1658,1492,1657,2969,1741,1101,1072,957,936,2325,791,921,1176,535,1024,618,477,655,685,380,483,545,374,676,385,391,401,451,451,266,291,378,320,420,267,225,273,374,263,314,282,450,306,280,221,210,265,349,237,328,302,302,335,427,257,209,238,207,275,175,179,232,192,238,180,217,258,259,204,148,184,214,310,139,190,110,111,101,106,160,108,146,83,139,159,284,105,112,61,172,100,77,70,144,102,206,80,120,73,98,45,120,144,92,133,71,58,120,89,56,104,90,88,95,118,66,76,62,42,118,59,57,76,91,58,60,65,71,97,45,42,73,51,94,79,145,62,56,49,59,71,67,71,49,40,55,28
20250427,4984,2889,2296,1854,1852,1627,3021,1701,1192,1022,1074,909,2007,1473,860,1191,563,1138,656,469,579,717,426,589,497,379,722,420,499,398,367,437,306,212,333,344,374,319,238,249,422,273,308,312,376,305,239,235,215,251,382,245,352,297,259,265,347,247,251,274,206,212,169,179,220,185,207,162,172,283,250,139,156,189,199,201,130,219,128,88,116,89,150,134,143,101,137,137,223,90,113,64,152,118,75,86,123,267,198,112,127,77,90,53,110,161,88,148,83,57,93,83,77,116,96,103,104,134,50,97,58,54,134,54,60,90,71,70,80,66,72,89,54,39,63,75,75,82,95,82,65,60,44,76,84,57,53,66,56,34
20250428,6013,3851,3006,2103,1854,2167,3660,2998,1675,1746,1321,1131,2932,1030,1120,1475,810,1349,833,722,883,812,612,772,624,466,1104,581,580,501,480,594,407,394,443,452,452,418,447,353,498,350,404,587,498,463,328,330,247,364,414,404,427,360,369,548,388,305,328,277,253,297,177,272,318,222,250,223,245,310,326,210,222,229,278,233,165,280,177,188,168,141,209,153,146,116,175,177,268,164,122,152,165,133,130,131,169,144,172,389,135,123,123,110,127,234,93,151,132,124,129,91,111,117,126,82,129,128,431,111,90,87,120,120,76,88,76,88,126,82,101,102,82,94,76,86,110,77,132,78,76,82,60,83,75,84,62,69,65,93
20250429,5920,4026,2742,1960,1837,2115,3401,2559,1725,1859,1358,1156,2940,1161,1212,1289,853,2133,863,698,1134,814,593,767,662,567,907,519,605,539,462,575,456,452,449,450,486,397,483,380,516,341,341,517,444,518,332,375,355,371,418,409,461,345,388,532,391,296,399,339,345,393,183,257,297,257,269,216,243,321,354,228,201,238,367,216,222,335,188,147,161,147,161,181,186,109,220,179,246,180,142,140,191,161,143,131,186,139,161,372,223,148,110,117,124,236,134,188,114,106,215,99,84,116,153,121,140,117,838,104,87,123,132,135,94,82,120,86,93,94,113,92,62,78,86,89,88,89,117,62,88,112,72,85,68,108,68,59,90,78
20250430,5576,3986,2587,2128,1876,2101,3037,2141,1650,1831,1312,1144,2417,1093,1220,1133,859,2077,794,721,1237,726,622,740,612,507,802,480,586,488,496,669,390,414,458,468,467,431,423,420,439,374,383,499,462,478,368,377,307,354,461,376,469,362,348,552,406,255,355,332,367,339,178,227,279,249,244,244,231,249,266,214,178,278,347,238,212,278,212,168,160,128,178,141,158,80,191,156,399,160,120,150,165,128,120,134,1871,169,178,347,195,106,145,125,143,224,103,170,127,118,168,106,97,104,151,108,103,99,1005,84,61,102,111,142,87,95,99,101,98,72,96,98,110,101,71,73,101,96,116,93,80,80,65,79,64,76,78,91,50,78
20250501,4994,3130,2811,1870,1692,1770,2793,1634,1400,1392,1125,1100,1651,857,1010,1204,634,1665,675,519,903,665,470,683,655,378,730,481,519,439,475,488,296,292,331,362,492,331,321,335,402,330,332,404,393,355,301,265,250,263,419,286,384,267,319,302,344,223,210,284,274,246,168,167,264,214,168,176,238,271,258,210,150,231,208,185,152,186,145,96,158,103,177,142,171,80,99,126,284,113,122,108,123,104,92,92,523,128,164,326,118,83,102,63,90,210,104,149,116,99,108,86,89,93,113,95,110,143,556,81,63,55,87,104,129,86,78,63,75,73,104,80,93,67,57,80,66,91,95,84,65,70,72,75,50,111,44,66,58,57
20250502,5507,3336,2790,1863,1708,1869,2865,1713,1485,1405,1149,970,1984,938,971,1173,707,1388,858,601,871,700,559,657,641,427,751,523,531,471,424,550,316,333,412,423,447,335,309,377,442,330,328,397,431,330,299,337,263,334,420,314,374,342,297,323,350,236,272,284,295,278,189,233,264,208,240,179,230,241,242,189,198,256,215,227,181,208,153,124,121,78,150,156,134,81,123,173,315,118,124,110,179,138,97,99,319,124,176,256,121,84,129,64,90,226,103,142,124,93,117,86,71,98,106,101,113,144,448,108,78,47,117,89,86,66,94,91,77,84,82,90,63,65,61,91,82,89,103,86,90,102,57,85,75,114,58,85,114,64
20250503,4974,2765,2152,1517,1492,1547,2668,1519,1280,944,993,870,1383,729,762,1021,523,1202,681,419,631,596,377,489,553,420,736,409,360,437,379,457,280,314,257,327,379,255,190,287,329,237,342,285,339,278,251,247,220,304,333,223,291,305,231,225,271,207,167,238,246,222,186,189,196,194,189,200,159,237,228,232,122,203,163,164,119,173,90,63,87,54,129,127,133,71,110,151,198,69,86,60,109,87,62,61,167,108,161,219,104,47,107,48,100,132,90,152,90,65,101,62,51,79,122,95,88,104,153,76,44,60,121,70,73,71,54,75,48,71,75,70,91,39,58,80,64,75,73,78,57,62,47,54,53,74,34,59,54,25
20250504,5034,2769,1860,1571,1628,1543,2650,1493,1283,1010,1143,922,1304,703,782,1029,528,1055,658,407,617,757,395,537,562,368,709,408,444,495,334,462,227,302,224,303,403,284,207,258,328,274,356,270,319,298,241,222,189,266,355,218,341,288,237,261,282,258,198,212,213,220,156,178,199,173,184,165,179,307,228,547,138,194,170,159,135,168,111,89,90,54,135,146,138,75,106,128,210,119,119,54,129,111,68,66,139,122,133,153,114,92,115,48,94,104,102,109,75,90,125,84,69,83,112,108,81,76,52,61,65,70,119,48,51,71,77,62,50,51,79,85,93,40,71,67,84,94,68,116,57,57,55,69,57,61,74,69,91,40
20250505,5285,3943,2471,2117,1714,2006,2968,2011,1810,1543,1289,1172,2320,1028,1062,1202,813,1316,871,715,835,968,596,749,669,469,771,528,548,495,432,614,415,383,387,378,452,330,377,361,434,346,358,447,471,410,356,348,264,306,425,355,406,370,350,418,383,258,272,280,261,252,209,214,259,223,263,229,256,300,252,352,197,255,197,197,169,226,194,144,168,56,162,153,176,100,138,189,298,158,144,158,123,113,123,106,158,156,185,192,133,132,116,91,94,182,96,159,130,98,99,100,105,127,128,111,107,120,478,89,67,89,117,93,91,90,83,96,94,91,80,89,96,72,77,80,110,81,104,105,95,57,63,113,68,95,53,66,79,71
20250506,5360,4346,3216,2191,1880,2105,3134,2146,1959,1750,1386,1154,2665,1057,1204,1360,927,1779,810,728,952,1005,678,835,640,529,789,553,544,520,533,634,471,401,414,447,529,386,467,374,426,350,360,494,496,474,382,432,318,354,496,431,401,364,379,361,417,298,319,260,329,282,246,275,283,252,261,206,277,305,283,334,194,275,264,200,193,270,207,157,181,52,176,144,178,101,167,182,294,149,152,174,178,139,123,124,187,212,157,166,145,93,103,88,121,204,95,164,131,120,127,84,104,97,141,123,114,96,648,107,84,97,173,136,104,85,107,94,95,84,90,98,100,97,70,95,117,84,110,104,70,101,65,111,83,80,57,63,100,59
20250507,5296,3974,2618,2199,1894,2201,3121,2229,1872,1718,1312,1175,2368,1056,1220,1271,1010,1347,832,799,942,978,623,802,654,448,823,581,569,553,514,665,426,428,481,501,522,412,388,383,478,400,396,422,503,456,380,413,247,363,504,489,384,390,350,435,387,255,268,286,286,273,194,228,320,221,302,195,262,288,267,308,210,280,260,198,162,248,266,166,157,67,170,166,188,116,120,195,310,178,146,144,169,174,101,133,186,152,157,152,228,128,114,103,107,239,104,197,146,116,112,80,95,125,170,105,116,115,666,127,67,140,114,107,89,81,113,93,128,94,101,108,91,79,98,103,67,83,121,101,79,79,70,89,75,78,53,65,93,66
20250508,5397,3841,2578,2204,1851,2149,3165,2110,1825,1701,1344,1050,2650,1069,1203,1537,850,1363,889,785,822,851,665,802,683,543,767,566,535,528,563,635,408,428,436,487,507,405,421,318,465,324,446,475,444,430,304,429,283,385,448,386,432,378,324,259,380,263,270,301,308,300,216,279,331,212,292,224,242,295,252,283,189,283,254,240,157,274,192,185,169,64,150,178,196,93,136,186,246,136,138,136,187,163,148,110,170,146,180,170,168,129,117,92,135,261,105,172,145,109,429,104,84,102,133,290,134,132,404,105,84,106,99,98,66,111,96,81,118,91,85,105,75,91,96,80,115,100,138,118,106,91,58,79,77,56,52,56,81,70
20250509,5359,3793,2361,1964,1709,1968,2919,2037,1707,1378,1201,1142,2293,1000,1107,1634,791,1317,811,697,969,836,554,688,600,537,743,530,425,513,669,664,368,365,374,463,482,389,419,373,543,316,364,414,454,417,300,485,275,354,455,427,381,350,391,287,492,265,264,321,323,305,208,286,315,224,274,215,228,245,233,296,184,218,234,235,169,223,217,177,174,63,189,133,197,91,139,195,228,158,129,124,196,130,120,119,163,149,150,133,185,97,118,78,90,196,81,153,132,133,159,111,84,124,118,127,132,107,454,87,92,85,89,87,68,95,122,79,128,79,115,99,71,112,64,84,98,90,103,83,86,92,55,118,91,58,59,62,69,91
20250510,5210,2550,1774,1510,1494,1766,2660,1730,1500,937,1011,890,1210,654,878,1256,499,1589,602,433,625,662,383,516,586,373,746,483,362,559,427,555,300,280,246,313,355,282,189,272,376,257,325,315,379,330,233,325,212,259,420,288,302,278,290,245,460,217,209,177,197,250,174,199,272,183,201,146,190,228,206,251,156,186,154,207,143,158,116,104,114,42,183,129,167,90,102,123,202,118,96,76,180,108,56,66,88,119,139,116,128,80,87,42,113,123,69,125,52,59,103,73,77,107,117,129,95,80,122,64,54,33,101,55,59,60,78,45,70,57,90,92,38,62,90,53,69,73,83,108,52,52,65,72,61,65,65,37,47,37
20250511,4942,2741,1934,1572,1548,1657,2569,1726,1347,1036,1060,935,1247,757,827,1292,571,1266,614,474,576,648,424,504,522,372,773,439,430,752,471,490,269,294,254,335,323,274,190,292,383,282,305,266,356,329,235,313,190,307,397,268,329,267,269,218,401,266,176,199,230,234,172,245,233,194,185,174,176,228,224,203,133,174,195,167,158,198,115,98,82,51,159,145,167,91,102,124,221,121,103,60,177,101,66,91,108,119,144,131,138,57,89,52,96,103,70,136,49,33,83,96,80,99,103,106,110,91,48,73,69,48,80,72,59,58,79,65,85,70,70,123,51,72,108,60,68,53,97,83,71,54,34,82,63,70,52,50,58,35
20250512,5544,3665,2712,2013,1807,2045,2976,2126,1679,1551,1385,1034,2115,1038,1119,1416,859,1277,822,643,776,903,568,640,584,481,886,542,540,620,695,570,439,388,461,487,458,421,370,340,500,318,390,349,443,380,321,395,281,371,466,379,392,314,323,328,361,300,272,281,306,266,218,244,300,228,229,201,258,284,289,230,191,227,253,206,155,221,200,139,186,61,195,158,161,111,172,164,545,141,143,148,166,142,121,112,179,148,172,148,145,87,148,88,117,189,105,178,96,123,148,91,79,108,129,112,131,100,704,104,67,84,103,83,81,72,118,80,76,79,110,111,91,87,85,79,78,87,96,115,77,73,52,101,79,65,56,59,74,47
20250513,5515,3884,2532,2020,1690,2106,2967,2292,1754,1673,1310,1145,2544,1070,1070,1413,895,1459,774,775,845,862,558,744,587,512,835,525,545,536,623,580,425,436,499,493,431,340,354,377,525,319,391,384,449,394,362,446,291,376,477,428,421,357,352,375,478,267,277,304,366,282,183,242,300,225,232,207,255,459,315,198,165,246,213,205,173,209,205,151,148,50,229,178,151,112,148,144,496,152,157,161,161,133,114,138,181,141,146,130,167,121,152,98,146,157,94,180,134,144,124,92,105,108,130,115,119,98,1484,109,74,111,119,105,77,101,126,82,92,81,105,92,68,89,79,90,104,71,99,126,74,84,79,86,75,80,51,52,61,82
20250514,5661,4159,3035,2194,2086,2284,3115,2341,2011,1750,1570,1214,2562,1106,1288,1567,914,1486,910,2323,817,938,683,799,621,565,884,595,639,535,509,614,412,413,482,483,472,393,437,427,437,317,434,398,492,450,370,462,267,383,539,407,518,394,443,519,481,281,356,300,339,282,222,292,334,243,266,227,566,468,289,229,201,230,254,247,192,233,208,192,218,59,176,176,165,102,163,178,627,159,159,192,158,156,133,149,168,161,164,147,160,115,163,137,120,199,81,237,138,138,138,107,96,138,166,138,118,96,1104,127,72,119,124,124,78,113,105,95,126,64,112,124,91,82,76,89,99,94,99,119,77,89,93,94,82,68,65,69,92,69
20250515,5299,4021,2561,2135,1908,2208,2931,2185,2013,1507,1375,1127,2488,1095,1137,1253,869,1570,908,1291,906,891,617,723,582,624,750,524,609,587,513,573,445,348,450,471,501,382,358,361,511,335,341,414,421,394,378,419,298,371,511,379,457,408,348,520,462,283,326,294,298,289,198,222,320,226,242,232,275,394,247,264,220,248,248,248,201,246,177,163,197,50,170,175,141,102,152,150,698,178,146,163,195,128,143,117,168,153,138,151,181,110,135,79,126,175,114,181,129,127,130,100,108,113,118,132,132,83,682,117,56,106,154,137,81,90,118,93,106,78,81,94,81,74,76,101,94,112,89,84,97,94,63,79,78,91,51,64,85,83
20250516,5259,3592,2443,1918,1672,1974,2773,2097,1784,1434,1221,988,2168,973,1100,1246,761,1235,815,1158,809,794,488,707,557,714,758,489,498,465,501,538,384,385,388,411,487,382,318,316,442,316,335,394,406,366,344,373,235,351,450,322,416,348,310,558,449,266,290,294,328,247,197,250,281,242,257,212,257,299,259,222,199,208,196,185,162,210,171,151,156,64,170,198,140,74,148,155,449,155,118,112,209,123,134,100,141,154,178,168,173,87,108,86,121,158,94,138,158,111,120,99,90,116,130,115,127,98,325,101,71,80,104,109,71,75,104,85,79,94,70,89,83,75,71,59,92,86,92,63,68,68,49,88,69,76,58,54,81,58
20250517,4846,2825,2655,1736,1722,1684,2412,1754,1350,952,1022,880,1253,717,870,1093,576,986,635,743,564,629,459,566,488,521,713,368,359,402,436,414,274,272,257,347,357,290,216,229,308,286,328,269,332,292,260,232,197,245,361,223,369,247,245,343,342,194,221,210,239,189,166,184,215,161,219,172,184,249,203,155,121,164,220,190,136,169,82,70,123,55,154,168,144,88,88,127,303,95,133,63,135,137,77,69,152,134,147,180,191,68,90,80,97,103,96,119,80,53,76,75,80,95,108,110,118,93,84,66,44,44,95,55,56,95,66,61,65,76,73,73,56,58,65,62,58,65,75,72,73,52,50,80,65,73,52,41,54,32
20250518,4727,2815,2213,1598,1945,1598,2344,1732,1303,947,1023,908,1179,738,837,978,540,956,648,595,625,622,399,566,521,590,751,365,411,386,388,450,283,218,319,349,336,233,206,291,360,272,308,293,330,343,274,239,183,259,534,235,349,238,259,236,443,231,214,225,228,202,123,217,246,180,173,206,185,256,219,192,140,192,310,207,140,179,98,95,83,69,171,136,136,76,115,130,423,94,129,62,161,89,75,70,93,135,159,115,146,66,86,66,80,133,70,129,68,47,113,71,75,103,97,97,112,72,63,71,61,60,97,48,53,51,57,70,62,62,62,74,58,62,78,63,77,100,97,66,106,64,42,57,66,74,47,55,66,27
20250519,5554,4153,3005,2091,1936,2137,2956,2198,1811,1592,1259,1053,2479,1073,1140,1229,947,1408,839,885,894,769,694,641,600,646,814,495,469,515,552,528,409,386,458,424,428,371,379,395,456,334,394,393,440,432,366,388,266,313,490,358,425,400,321,419,402,279,300,295,296,274,193,263,326,228,232,193,267,291,281,201,162,234,388,200,171,226,202,158,165,61,168,172,179,102,153,138,659,137,110,139,162,125,122,111,185,171,145,150,183,139,116,115,126,206,99,147,124,116,109,90,123,111,111,105,114,123,383,106,67,89,104,94,72,84,96,72,79,91,68,105,69,82,79,72,111,90,86,96,142,82,66,96,81,84,58,49,71,52
20250520,5496,4017,2872,2149,1824,2097,2842,2282,1944,1711,1348,1109,2489,1049,1153,1292,901,1445,807,824,1015,832,647,832,603,591,744,523,504,535,608,597,391,432,537,480,482,373,396,383,503,319,324,412,441,394,370,420,297,330,424,346,412,414,349,385,440,291,297,529,278,284,186,258,324,222,295,235,263,275,283,188,183,228,310,210,182,181,246,142,199,57,187,185,158,97,103,164,413,138,139,158,167,100,140,137,160,168,141,151,167,108,142,109,126,206,104,183,139,113,122,96,94,106,122,118,123,93,517,105,79,114,124,148,73,68,95,86,108,88,85,86,69,71,91,82,141,77,83,78,97,74,54,94,76,81,48,77,78,71
20250521,5373,4001,2755,2173,1796,2094,2897,2065,1882,1687,1243,1110,2536,1035,1055,1210,970,1349,863,915,985,806,717,704,590,624,759,492,500,477,588,674,418,399,559,446,517,391,446,367,517,318,361,409,429,408,346,569,322,345,391,353,402,315,346,342,434,238,341,582,293,312,249,240,319,204,270,198,240,346,265,213,185,199,304,207,227,205,205,152,166,64,175,163,177,107,125,177,309,152,148,143,185,139,134,113,150,180,157,127,163,120,128,81,86,217,104,142,150,150,102,95,116,107,103,115,125,107,421,107,85,110,108,137,82,77,81,86,114,72,82,93,75,115,73,77,110,91,105,88,96,78,63,103,62,72,38,61,74,52
20250522,5305,4012,3042,2219,2148,2001,2793,2125,1777,1681,1239,1103,2254,1056,1049,1424,880,1332,816,1035,899,787,622,728,578,631,750,477,456,495,528,664,402,375,456,463,504,385,406,373,497,330,372,471,422,397,347,380,278,331,457,363,373,345,356,563,1216,276,291,358,373,317,178,250,319,228,237,196,232,283,271,169,191,262,258,162,175,236,192,139,165,64,145,185,185,82,140,135,302,154,114,168,175,129,142,94,175,176,145,130,130,118,145,89,102,192,118,149,127,125,96,97,89,117,100,105,141,143,459,107,72,106,98,126,70,77,76,103,107,83,88,114,73,118,96,80,99,92,93,81,105,91,73,80,64,79,42,54,67,81
20250523,5188,3697,2276,3475,2079,1923,2724,2113,1744,1510,1141,981,1997,929,1065,1216,812,1420,701,971,777,824,595,705,546,590,717,538,481,490,529,500,359,361,462,432,446,388,322,337,465,295,321,427,478,351,342,360,208,366,444,349,435,357,299,354,637,280,276,322,481,340,191,231,358,226,195,170,208,292,244,167,192,203,237,189,178,203,187,111,146,50,172,208,158,84,127,183,275,122,139,142,186,139,129,109,138,155,192,133,112,94,128,116,111,165,86,150,142,104,111,98,95,107,103,106,104,112,385,93,83,97,122,101,58,89,84,98,80,104,104,81,58,78,76,66,149,74,73,80,66,70,66,103,80,81,49,56,73,66
20250524,4720,2709,3226,2317,1835,1455,2469,1822,1333,925,1002,870,1107,718,831,965,560,1032,567,611,689,600,426,433,426,497,639,362,481,389,366,417,247,300,317,298,326,264,177,273,319,284,267,290,387,332,290,232,168,234,290,213,341,311,235,217,483,212,203,247,280,228,174,177,279,180,163,166,192,220,185,174,149,151,170,187,135,156,131,72,95,44,146,101,140,82,91,126,230,79,110,91,161,116,58,70,117,102,130,92,112,51,98,56,68,125,79,120,71,58,82,74,89,91,100,89,109,79,76,61,58,64,116,50,45,45,58,66,63,77,60,52,59,40,70,60,116,73,95,71,58,44,59,108,61,66,36,57,96,36
20250525,4676,2736,2142,1630,1885,1436,2482,1542,1308,971,925,972,1142,676,809,994,510,1006,574,600,656,595,466,478,467,457,685,388,428,351,403,408,232,262,311,305,307,287,205,270,291,282,305,280,319,737,257,247,159,261,382,189,308,284,233,219,564,212,214,230,295,217,192,232,256,168,169,159,164,237,191,161,121,171,173,148,145,176,105,85,80,42,125,132,132,79,105,103,204,103,134,71,153,79,63,69,120,114,164,110,100,60,83,54,97,103,103,130,78,68,94,79,87,94,89,60,97,72,100,96,55,65,120,71,62,66,61,63,58,44,86,75,50,60,50,64,107,73,88,71,60,43,42,76,52,60,46,37,101,36
20250526,5379,3689,2507,2143,2058,1866,2788,2031,1582,1416,1337,1149,1675,977,1061,1176,768,1421,734,715,748,795,554,673,517,497,707,469,456,475,468,468,358,366,364,386,461,337,317,326,403,320,379,352,419,803,290,344,211,345,462,312,414,321,312,409,441,260,330,265,315,247,243,209,306,222,249,191,190,285,251,204,162,210,185,182,152,244,163,144,146,66,161,135,136,86,167,202,338,155,189,134,149,151,127,91,147,201,184,127,128,115,124,83,119,126,97,173,117,84,121,99,117,100,78,83,127,97,1180,116,66,101,99,86,94,68,72,80,80,87,88,79,60,64,64,73,124,90,82,84,77,68,71,86,69,92,48,59,87,55
20250527,5300,4417,3597,2170,2361,2005,2898,2112,1697,1627,1302,1138,1864,1106,1238,1286,913,1340,805,757,882,846,727,729,563,522,760,509,421,480,642,556,412,411,467,486,436,348,360,404,420,354,373,419,448,683,347,391,245,321,433,421,427,313,319,349,494,270,326,326,335,285,236,220,348,238,241,195,210,428,278,176,211,243,249,212,179,248,199,148,206,58,152,165,169,110,148,247,316,159,150,149,201,147,96,127,141,395,189,120,158,101,143,99,112,258,100,150,147,133,113,92,123,112,133,108,118,116,792,130,74,110,157,104,80,82,78,75,115,94,105,87,54,66,78,79,117,84,125,95,95,106,72,83,70,88,54,43,115,71
20250528,5392,3985,2313,2042,2122,1938,2874,2104,1710,1647,1254,1054,1853,1034,1314,1300,846,1258,773,791,820,769,679,723,585,440,689,478,502,487,562,586,390,415,467,465,483,324,349,375,396,348,387,449,387,472,332,361,242,332,408,405,427,328,340,525,435,264,305,352,342,243,238,240,317,212,236,225,241,467,288,237,192,247,223,203,149,224,197,133,182,58,162,152,140,88,162,134,330,163,142,131,177,137,119,108,158,174,149,156,135,112,147,104,112,678,99,173,145,120,102,85,96,109,115,95,120,75,470,129,83,135,110,103,76,90,120,102,94,97,84,74,60,67,51,71,120,79,109,87,106,86,64,77,60,76,39,54,93,71
20250529,5553,3780,2593,2055,2279,1872,2856,1971,1628,1582,1161,1038,1593,1015,1162,1354,759,1242,774,897,727,739,583,684,540,495,719,501,460,477,452,498,365,367,486,435,434,360,369,308,400,349,343,368,400,420,625,331,228,342,420,342,381,336,346,515,407,268,275,264,299,264,237,201,330,245,187,194,242,299,260,183,200,237,212,211,175,207,204,133,164,68,156,194,155,117,185,354,292,147,144,127,155,129,145,108,122,121,175,149,128,86,128,74,97,287,107,162,131,117,148,124,90,100,117,112,113,77,665,134,70,92,127,106,95,72,106,116,67,90,96,81,60,83,97,98,106,78,83,60,92,80,77,119,90,73,48,51,96,86
20250530,5619,3581,3128,1788,2003,1681,2743,1862,1565,1349,1102,1009,1667,932,962,1148,740,1132,703,722,736,724,509,571,502,519,663,470,445,432,420,480,325,392,397,427,388,343,323,333,388,283,310,346,447,355,710,362,274,301,364,332,411,300,270,379,350,283,324,255,268,327,234,235,302,217,204,215,204,282,246,185,179,202,192,190,170,194,178,138,118,55,148,182,129,77,165,213,261,157,151,118,148,128,117,89,146,122,173,115,120,105,113,67,88,217,100,150,92,109,108,92,90,108,133,84,97,100,787,103,59,80,131,64,69,89,65,82,81,77,79,70,45,80,69,64,109,82,104,70,96,69,68,71,79,98,50,41,87,54
20250531,5354,2666,1849,1513,1673,1451,2624,1465,1259,948,895,851,1174,714,792,1128,490,974,534,507,493,547,339,470,488,405,608,369,385,362,339,363,215,255,294,338,315,246,201,222,289,249,263,290,316,299,394,195,194,289,348,183,325,248,226,249,306,221,192,203,208,204,174,167,185,180,170,160,191,250,201,163,116,158,158,194,120,125,120,69,66,54,134,136,141,73,105,128,273,103,118,59,120,91,51,58,99,85,162,96,94,58,96,44,96,140,72,133,82,68,93,66,64,94,91,85,87,64,111,84,50,36,160,38,40,36,78,74,82,56,70,61,31,41,56,73,86,72,61,79,70,61,35,56,71,56,38,33,64,40
20250601,5072,2839,1799,1555,1979,1410,2546,1382,1300,975,928,891,1007,723,768,978,554,959,591,663,630,576,365,476,474,389,680,376,390,381,352,361,257,268,281,308,308,263,161,250,283,211,278,319,336,255,369,223,172,228,382,206,319,273,239,196,395,226,152,168,221,209,210,196,183,172,153,162,160,218,201,197,123,161,140,162,159,161,78,75,110,58,115,136,166,53,83,140,320,88,91,73,134,99,57,75,96,107,159,96,95,64,88,29,76,84,80,119,82,51,102,79,80,81,83,78,96,64,55,57,37,46,122,44,47,50,63,56,76,103,72,73,32,40,69,69,56,57,70,92,51,59,51,83,80,66,51,57,73,40
20250602,5978,3728,2481,1826,2294,1748,2779,1881,1809,1494,1171,1113,1886,944,990,1180,807,1186,704,702,809,697,565,792,507,511,704,537,543,445,547,529,384,440,449,406,427,357,351,322,435,281,351,375,465,396,432,329,221,291,413,332,426,390,320,497,433,272,243,366,276,235,227,281,273,214,259,215,252,277,219,144,175,204,411,219,180,202,166,120,160,46,167,170,144,99,144,136,379,131,138,139,154,125,130,96,166,174,157,156,149,90,110,74,122,191,89,167,117,123,88,82,97,94,278,93,97,96,551,83,72,107,133,95,67,75,93,66,94,83,66,101,69,81,56,81,98,100,84,60,85,83,63,98,88,67,43,42,100,74
20250603,5775,3885,2953,1888,2223,2018,2828,1973,1755,1722,1214,1034,1978,952,1134,1167,859,1341,838,780,905,804,586,719,527,487,769,517,588,442,701,502,379,457,511,509,402,383,396,353,451,317,380,401,463,482,433,376,230,334,429,430,462,339,328,610,473,300,272,387,285,334,269,233,283,239,189,209,220,373,283,202,205,241,212,197,191,229,169,149,186,48,177,223,187,84,142,171,375,152,152,131,167,137,136,119,150,160,175,143,123,106,124,117,87,181,99,157,152,120,138,95,82,126,241,90,122,90,715,109,68,104,88,94,70,85,70,82,85,94,80,86,57,84,64,87,99,103,104,84,80,89,61,71,96,69,59,44,108,74
20250604,5823,4132,2631,1943,2250,1884,2844,1897,1936,1617,1163,993,1956,942,1071,1070,856,1200,800,755,944,827,598,799,556,537,803,618,477,453,573,541,398,448,463,626,472,350,442,386,418,337,363,535,415,381,372,387,272,322,423,389,479,354,317,410,435,245,274,282,362,291,224,241,259,220,238,208,220,349,273,168,218,209,235,207,149,225,192,139,203,55,144,172,153,88,150,164,309,150,131,151,162,128,183,117,152,154,155,135,140,124,131,72,110,196,113,150,127,98,118,88,110,162,189,104,111,93,668,85,75,66,94,118,82,82,97,87,95,80,92,96,62,69,75,82,81,102,96,101,103,60,91,98,91,77,45,56,100,80
20250605,5863,3756,2361,1831,2113,1688,2841,1879,1752,1506,1071,1021,1900,909,987,1063,838,1633,855,706,856,811,542,687,583,567,663,641,481,541,481,673,367,424,444,458,452,333,377,371,455,335,347,543,426,379,378,333,257,307,491,445,408,341,322,518,371,277,266,324,441,303,224,215,298,237,222,182,222,302,277,196,193,204,232,220,142,215,166,157,140,71,173,163,180,76,144,171,280,144,126,140,258,111,114,105,140,157,163,167,115,113,105,93,85,179,84,169,115,112,101,86,103,161,145,105,106,86,731,87,58,105,103,98,71,72,76,75,214,91,66,95,72,93,57,77,115,62,107,67,84,77,69,89,70,59,61,43,70,66
20250606,5583,15718,2113,1597,2003,1696,2808,1677,1506,1277,948,896,1863,838,938,946,753,1411,770,585,806,690,478,589,654,392,598,573,466,445,435,446,375,351,427,405,411,312,303,344,430,305,328,347,412,330,292,324,214,328,696,319,375,311,283,452,381,258,238,305,247,366,199,250,277,195,226,139,215,312,245,193,171,212,207,215,163,186,142,152,147,65,148,149,130,86,114,146,268,171,109,166,297,121,108,97,110,135,163,92,111,93,100,92,72,160,81,142,120,83,114,83,92,125,118,98,128,93,705,86,73,83,115,101,74,68,64,75,79,66,73,92,60,72,73,91,81,71,97,73,67,71,83,75,74,63,39,66,78,65
20250607,5155,7883,2065,1287,1896,1486,2431,1332,1185,825,864,780,999,1082,721,896,485,1311,569,426,559,555,334,619,589,390,604,417,409,366,338,330,273,246,218,286,328,269,170,226,349,212,281,231,353,258,232,210,154,232,460,195,328,219,221,194,310,204,152,206,193,230,181,199,205,176,150,165,148,275,193,146,112,173,151,151,122,133,123,94,76,62,177,133,124,70,111,128,209,108,107,72,136,88,67,74,87,109,148,102,103,53,91,50,75,106,71,122,58,65,90,50,93,97,126,65,103,58,168,61,47,35,99,58,47,34,38,47,48,72,54,54,42,45,54,68,64,48,75,67,52,54,51,68,104,76,53,35,77,29
20250608,5036,2628,2011,1367,2856,1666,2487,1459,1196,872,993,804,961,1026,873,977,580,1183,668,431,506,680,334,456,511,405,595,442,371,380,275,430,262,218,262,346,330,231,178,273,313,237,313,240,301,334,266,202,179,235,362,239,357,267,244,181,327,186,188,210,209,262,209,180,217,188,172,121,164,233,178,127,121,141,195,187,125,178,92,186,68,48,134,166,162,76,81,176,231,131,106,182,148,82,57,78,96,122,163,102,168,70,153,52,88,116,73,172,69,78,97,63,83,96,159,79,115,75,64,69,60,55,96,48,61,42,55,65,83,67,74,68,47,42,75,64,77,70,97,85,65,50,56,95,82,115,44,42,77,34
20250609,5455,3778,2298,1706,3008,2022,2793,1839,1519,1405,1128,920,1520,1059,975,1189,760,1248,800,576,642,1393,457,698,546,438,653,744,451,449,400,482,352,342,426,390,439,348,334,299,354,286,314,381,359,408,352,329,216,341,471,315,405,352,302,344,357,179,204,212,278,259,257,206,246,213,273,247,188,240,231,206,163,201,207,157,130,224,151,124,126,66,295,275,159,115,109,224,223,140,130,121,160,112,104,101,118,155,167,112,102,86,91,70,104,148,103,155,116,97,121,95,121,113,118,107,171,70,757,86,81,71,94,96,70,57,75,80,88,72,79,69,39,68,75,98,98,79,75,74,77,62,46,103,79,84,50,53,86,52
20250610,5808,4132,2365,1719,2013,1929,2733,1935,1739,1460,1271,1016,1738,1039,1026,1284,821,1273,769,724,862,925,569,655,554,494,697,1137,460,449,407,954,431,339,424,429,477,343,366,381,428,326,321,453,435,381,361,364,244,454,404,316,418,378,298,465,401,230,255,251,291,269,212,227,286,211,257,313,194,388,262,158,175,251,207,178,174,222,157,162,166,66,269,259,152,70,154,176,222,110,123,161,144,145,104,95,149,160,176,129,132,108,101,86,109,137,116,175,126,109,174,82,106,112,139,82,164,100,703,93,78,103,123,132,68,76,76,78,266,90,82,88,64,83,59,94,111,74,96,95,90,85,81,116,75,88,62,59,79,45
20250611,6116,3583,3925,1818,2020,1976,2870,1996,1668,1517,1235,978,1921,1075,1082,1257,782,1266,768,634,806,860,532,770,549,447,707,947,476,524,415,875,382,359,450,454,458,309,398,294,364,361,321,420,397,351,347,367,277,396,405,360,386,577,353,311,517,233,260,297,276,288,253,198,295,189,213,297,204,338,252,176,198,202,215,185,139,260,181,157,159,63,183,155,159,91,140,143,311,142,126,131,225,119,123,105,138,168,145,124,113,94,112,84,88,181,95,130,114,99,161,78,84,123,131,91,120,101,905,94,92,111,93,89,80,67,76,69,475,74,103,101,74,83,53,81,106,86,75,95,92,80,64,113,74,84,42,56,100,46
20250612,6027,3803,3824,1735,1861,1699,2904,1885,1753,1487,1072,926,1842,1116,1045,1056,751,1196,802,635,776,836,498,756,559,474,610,802,393,452,407,596,374,395,459,418,415,360,359,406,426,320,333,412,383,340,326,335,224,372,396,309,437,455,462,319,493,239,242,260,298,251,218,226,319,229,202,319,215,272,266,196,231,233,234,226,184,247,178,172,163,66,167,181,146,96,120,168,257,119,109,149,165,118,84,98,118,150,142,135,110,89,93,87,104,166,94,146,116,98,138,71,85,158,115,116,113,106,1000,84,80,130,98,76,80,57,99,68,200,73,77,84,68,98,58,80,74,92,85,87,87,84,61,106,80,77,56,71,68,87
20250613,5603,3613,2593,1765,1920,1699,2832,1772,1389,1290,1026,860,1472,862,948,1137,669,1102,669,695,740,705,426,708,437,382,559,587,477,413,393,478,367,321,463,383,374,299,324,277,368,272,300,385,369,370,296,317,172,286,323,294,524,333,297,322,399,228,220,271,237,227,199,197,257,204,157,169,150,296,232,183,145,204,169,144,139,205,116,110,123,50,151,152,130,84,117,166,228,126,108,140,129,94,127,82,147,104,175,111,130,86,129,66,97,8526,83,108,107,85,123,73,93,105,107,96,119,101,1196,59,59,66,100,98,62,51,76,59,131,76,62,75,52,59,58,62,86,86,91,71,86,60,65,96,57,66,36,46,83,50
20250614,5521,2610,3191,1593,1748,1568,2789,1546,1086,952,904,829,1112,635,660,1168,492,836,542,465,567,574,318,619,432,346,562,516,331,348,279,353,254,214,274,285,321,327,146,452,286,249,261,236,319,331,254,223,143,266,297,197,526,262,216,255,273,216,150,170,209,207,172,162,213,185,155,146,120,266,174,139,139,127,137,158,114,141,68,92,58,35,130,207,117,110,103,111,268,93,73,48,112,72,54,63,436,107,121,90,75,56,103,39,85,11003,72,137,78,69,103,67,85,92,99,73,93,77,71,78,46,49,129,47,61,39,83,61,93,70,61,66,41,44,55,49,62,74,93,50,73,46,51,76,58,68,48,40,62,29
20250615,5355,2764,2613,1946,1640,1362,2689,1426,1057,850,826,1029,901,920,704,1130,523,943,504,350,455,624,312,436,435,339,553,504,322,329,305,317,226,197,210,281,274,255,158,247,219,302,263,272,298,359,224,232,181,271,264,188,392,245,216,161,306,272,168,278,365,216,201,177,144,193,143,142,150,209,196,166,151,147,137,145,107,148,67,61,54,47,125,110,132,77,93,160,712,96,105,68,122,64,51,59,785,99,253,106,94,69,64,38,67,1707,80,117,79,53,103,58,72,82,92,57,82,70,63,63,39,50,80,46,53,42,51,88,82,45,62,49,45,24,48,52,69,60,73,80,68,41,54,77,50,42,34,54,85,22
20250616,5569,3727,4544,1800,1820,1569,3103,1792,1351,1500,1020,1017,1619,1004,906,1264,797,1106,696,573,654,731,504,859,527,397,670,660,435,422,419,583,383,306,506,396,417,331,358,327,380,279,312,356,367,461,295,320,232,300,342,255,502,309,314,288,384,269,226,275,354,332,202,203,321,199,195,181,201,283,244,185,181,191,232,188,171,199,145,137,145,50,135,134,169,97,131,155,705,103,103,127,163,118,92,81,872,129,376,128,109,86,119,81,115,760,96,109,104,120,146,58,82,113,119,94,114,91,802,93,72,92,113,96,87,50,81,94,122,78,38,64,59,66,64,83,86,77,116,80,89,74,57,88,60,54,49,48,62,51
20250617,5869,3773,5513,1862,1934,1577,3052,1883,1530,1518,977,1010,1797,1060,992,1339,829,1088,681,626,674,709,438,652,532,438,619,551,420,431,451,602,373,346,390,412,402,371,323,358,393,308,305,401,371,397,369,339,229,330,327,308,406,302,337,327,355,218,213,251,254,308,201,221,308,181,199,205,207,221,234,246,167,187,211,193,157,211,166,157,148,63,155,158,206,107,134,124,632,115,110,139,151,146,96,111,258,166,211,104,122,89,116,94,108,390,99,178,131,112,100,81,84,111,123,73,127,60,698,82,76,100,91,116,88,72,110,48,113,73,79,63,55,82,72,89,94,83,99,71,103,72,77,223,61,45,56,50,82,54
20250618,5721,3554,3733,2047,1908,1664,3043,1825,1438,1483,1051,975,1634,938,980,1307,779,1163,668,631,752,757,421,752,568,424,656,538,376,443,688,537,358,345,411,393,429,305,348,378,350,288,357,507,369,322,314,348,246,296,298,316,367,326,287,331,354,267,233,255,229,336,195,215,304,243,185,180,234,271,212,201,165,210,216,177,113,204,147,155,146,58,168,174,153,96,142,129,797,140,115,145,164,120,92,101,200,141,167,104,96,88,106,77,109,318,79,130,129,118,102,69,88,140,147,79,111,90,634,100,69,91,113,108,77,71,84,71,117,74,75,72,62,78,60,82,103,95,104,75,101,79,48,82,44,79,55,53,83,54
20250619,5535,3466,4249,2035,1840,1674,3013,1802,1331,1378,1023,979,1604,906,886,1149,651,1075,690,716,656,726,502,700,516,422,712,495,394,386,739,459,400,293,367,388,381,281,317,317,388,266,262,366,373,328,302,316,233,308,354,294,348,301,256,344,275,213,187,251,247,270,203,210,282,181,194,195,174,283,241,137,183,198,173,216,154,196,147,127,151,48,159,147,155,72,112,116,817,120,115,99,120,124,102,92,189,119,154,108,109,89,101,65,115,219,100,133,130,107,133,80,90,86,108,87,107,68,441,75,70,69,86,97,90,74,70,88,111,79,82,80,70,67,80,67,105,77,106,75,73,55,58,117,71,77,55,49,82,64
20250620,5913,3087,2313,1704,1876,1546,2854,1804,1347,1262,893,885,1433,798,904,1244,668,968,690,756,684,762,423,625,492,456,681,528,363,441,441,468,331,295,341,381,411,269,289,376,311,291,296,382,355,359,281,285,218,298,409,320,320,314,242,206,336,204,192,257,375,290,204,186,303,190,181,182,217,270,241,158,121,181,177,184,131,187,144,104,122,51,181,140,131,104,108,142,773,123,134,96,131,97,87,80,168,121,149,112,106,90,91,62,106,191,113,145,101,91,114,76,81,122,121,120,102,89,616,81,57,79,105,91,84,71,93,85,125,67,84,80,45,57,45,59,70,56,88,99,64,64,39,84,62,66,41,50,84,66
20250621,5400,2512,2394,1617,1737,1385,2725,1416,1297,921,776,869,975,592,717,1000,504,1014,491,565,472,583,352,479,527,315,559,415,411,303,294,396,254,215,250,268,322,211,166,311,261,226,263,281,306,273,254,174,168,230,317,192,282,220,215,185,410,210,134,173,242,218,211,181,209,172,176,167,160,183,205,168,110,154,151,145,125,168,103,81,60,41,139,121,138,85,94,142,713,90,121,73,114,75,72,67,101,108,173,117,114,49,85,38,119,113,68,134,85,64,96,97,59,64,115,97,88,62,62,58,75,47,136,72,70,41,70,50,61,61,76,72,50,27,66,57,69,66,94,73,55,56,36,73,64,46,41,46,72,31
20250622,5304,2572,2022,1430,1731,1379,2612,1447,1199,892,822,916,963,564,761,1071,452,969,542,387,460,539,310,483,481,347,562,407,383,340,279,411,300,221,231,295,316,259,152,314,252,255,248,244,305,251,193,184,174,197,298,186,301,227,189,169,1416,190,168,249,215,233,170,167,187,174,144,144,170,232,161,185,106,172,111,192,167,132,121,75,60,38,147,131,148,71,91,151,576,93,76,56,170,101,64,58,98,107,190,75,85,55,100,33,103,71,83,110,106,74,79,81,79,82,112,81,113,68,53,65,53,35,121,38,62,48,45,58,63,57,87,74,48,47,45,62,63,70,88,74,52,66,34,63,55,57,50,48,75,32
20250623,6114,3458,2579,1806,2184,1680,2967,1950,1470,1400,997,972,1537,850,973,1208,790,1205,734,760,665,718,463,562,508,394,624,484,507,436,453,535,399,315,429,354,404,295,339,356,367,260,286,313,312,301,365,324,220,294,316,293,412,294,340,303,547,229,218,318,252,272,177,230,278,211,175,195,211,263,255,202,156,204,181,177,159,156,151,130,125,44,173,123,141,96,111,160,514,152,104,128,192,143,111,114,143,135,184,124,95,77,90,78,101,197,108,154,123,114,100,81,100,97,97,87,91,72,638,59,66,87,117,81,83,63,57,89,104,70,103,95,64,58,71,71,76,63,84,62,77,71,70,96,63,66,64,47,53,64
20250624,6839,3627,3601,1790,2386,1917,2930,1985,1646,1419,1140,942,1880,922,1028,1103,744,1863,753,863,683,762,526,681,522,484,630,513,460,488,758,554,445,361,434,426,418,338,319,354,409,289,337,377,415,331,354,271,351,322,365,322,403,302,317,343,528,285,251,338,234,293,197,212,270,201,207,203,192,254,226,209,145,267,201,189,149,214,157,134,153,57,159,160,141,112,108,159,495,117,138,110,172,157,94,123,165,137,385,121,118,99,125,78,108,172,108,148,143,110,107,116,83,103,98,107,127,102,629,91,83,83,121,83,73,69,81,86,83,84,77,89,67,59,57,83,79,89,97,100,76,75,92,74,66,78,57,43,82,60
20250625,6298,3596,3017,1800,1916,1887,2896,1799,1544,1507,1046,1042,1704,847,1026,1185,800,2379,685,611,752,795,469,640,619,444,638,433,451,448,562,480,409,372,498,393,441,340,303,347,376,322,348,382,402,320,319,312,268,321,388,352,546,343,306,303,369,228,241,328,237,327,227,219,322,196,198,203,184,265,232,205,164,270,233,202,158,214,164,140,154,71,160,126,147,92,142,138,431,131,97,138,156,111,103,89,130,133,360,138,108,93,86,90,107,157,79,112,125,126,112,95,92,263,127,92,113,107,681,126,83,79,91,86,77,72,92,102,75,72,74,109,72,60,81,77,88,88,76,76,82,96,51,89,67,81,60,55,69,56
20250626,6307,3578,2697,1764,2268,1944,3196,1829,1527,1653,1140,1065,1484,858,1028,1198,778,2160,787,564,742,808,558,577,571,450,640,584,501,457,454,498,390,442,423,388,438,320,374,379,380,285,387,370,425,348,326,333,254,304,376,328,734,288,295,307,340,252,219,361,324,308,216,243,266,263,224,232,199,268,240,171,168,231,195,166,163,207,169,146,183,47,166,166,120,114,118,181,407,132,110,115,145,112,108,128,127,178,252,102,163,70,117,57,106,140,94,134,115,120,128,88,78,98,100,97,118,86,621,79,71,79,107,88,117,73,71,90,139,88,110,96,56,90,61,64,104,94,76,82,74,46,45,90,75,111,61,50,70,53
20250627,5841,3155,3282,1676,1856,1735,3020,1803,1444,1230,1015,935,1270,778,910,1016,726,1567,705,506,646,769,394,552,508,393,588,581,474,426,453,479,400,432,416,379,411,331,339,297,348,279,342,371,408,370,281,348,379,272,351,272,1012,279,227,314,360,232,193,301,311,228,250,211,286,232,234,158,213,275,238,195,150,249,211,190,141,175,146,120,165,57,126,184,136,83,109,161,465,125,114,113,162,98,101,101,135,170,262,140,121,67,124,77,81,147,90,112,122,405,105,93,45,117,83,81,97,85,701,89,61,75,112,75,68,63,76,76,156,55,75,91,48,81,58,73,74,82,83,76,68,58,56,101,66,93,46,55,83,54
20250628,5550,2499,1985,1274,1819,1308,2704,1299,1178,819,876,854,777,588,709,900,436,1056,539,408,457,526,296,452,484,321,519,440,371,333,327,330,369,218,256,293,301,244,177,272,399,219,255,226,293,235,199,182,195,230,304,179,696,270,230,171,239,200,180,204,218,218,202,144,197,214,145,143,157,194,192,144,103,161,163,180,127,136,82,64,85,46,118,121,128,55,67,134,286,70,74,42,116,63,64,52,94,115,213,90,85,47,74,35,90,98,65,127,66,116,93,67,59,90,70,66,73,81,92,89,90,42,83,45,68,47,39,70,132,52,55,92,51,32,69,47,58,55,56,68,37,68,35,84,46,38,37,34,45,21
20250629,5531,2548,2126,1344,1852,1364,2777,1339,1212,786,845,890,735,594,738,982,454,1082,559,444,447,570,303,401,453,325,466,464,387,307,339,349,322,191,270,281,330,225,173,268,306,237,273,234,271,235,196,198,181,221,324,175,535,205,220,189,259,207,143,195,275,212,201,166,207,211,140,160,145,217,177,150,103,137,126,179,120,140,87,84,84,44,113,94,129,103,90,148,337,87,110,52,127,84,59,83,70,121,183,99,93,51,90,33,73,82,78,103,84,65,98,68,50,67,94,64,85,66,30,43,59,58,88,58,56,40,44,68,140,58,71,64,33,37,56,64,66,62,76,73,62,65,34,70,44,49,29,35,57,17
20250630,6038,3496,2469,1761,1920,1596,3251,1720,1515,1370,1081,980,1283,858,942,1277,742,1225,706,615,628,684,453,623,556,436,651,505,456,415,442,503,401,348,406,491,405,281,337,281,364,286,349,313,321,309,337,339,243,274,329,320,638,290,286,339,347,262,221,287,310,291,221,210,274,229,180,198,174,237,252,185,148,211,201,220,168,196,149,140,140,58,150,149,147,86,127,197,393,131,120,128,144,120,90,93,140,135,229,131,111,74,104,75,116,145,59,154,109,111,118,92,82,121,111,89,104,85,724,78,93,99,124,96,116,68,94,115,157,89,79,95,49,55,62,90,100,105,89,84,66,91,45,94,89,84,48,58,79,45
20250701,5462,4128,3120,1810,1924,1698,2909,1742,1561,1307,1096,928,1461,841,904,1146,715,1412,680,663,568,672,420,608,478,419,595,441,431,462,450,438,376,362,438,368,679,286,309,339,351,315,294,359,355,283,360,340,244,296,418,290,662,314,271,362,301,253,221,291,300,234,204,196,267,258,187,165,220,341,231,229,188,239,196,374,141,188,124,137,156,53,138,159,139,103,123,145,402,130,108,127,120,118,122,89,143,124,203,115,123,86,143,82,104,557,85,121,104,122,111,75,126,119,104,71,72,84,600,81,63,74,119,89,68,65,55,89,180,88,80,77,74,75,85,79,81,84,113,116,81,76,49,75,57,73,59,47,50,72
20250702,5347,3906,3088,1907,1858,1559,2984,1912,1595,1278,1040,933,1432,807,864,1260,706,1252,641,606,650,643,443,607,472,444,637,556,374,418,428,472,379,328,407,390,445,358,342,362,406,297,289,372,363,315,300,358,214,328,460,331,556,286,248,272,366,278,227,311,295,327,226,195,269,214,189,193,192,411,210,265,155,211,191,281,125,213,144,162,145,41,143,135,151,99,118,131,382,115,109,119,150,112,90,86,137,154,213,106,135,68,137,71,122,194,86,148,105,118,111,82,83,114,111,103,107,89,1129,77,72,86,116,94,85,73,99,80,159,74,96,99,61,86,74,86,78,86,81,93,79,77,73,82,65,65,38,44,71,57
20250703,5166,3367,3059,1811,1733,1669,2885,1997,1442,1259,1008,936,1291,823,890,1137,717,1407,664,619,635,653,416,582,455,491,567,499,696,426,413,482,444,412,431,412,392,299,309,390,370,282,337,353,306,325,294,295,222,319,374,276,528,318,239,334,441,358,210,313,370,235,217,196,275,220,208,161,224,375,208,222,169,217,205,271,135,211,134,155,133,40,136,157,203,93,128,142,337,139,109,109,163,100,103,80,106,128,192,95,115,62,104,70,82,127,79,116,132,95,96,51,87,103,93,91,89,83,786,75,56,74,116,92,83,60,67,91,173,79,109,77,68,65,73,51,68,94,80,82,114,103,47,80,81,49,41,31,59,58
20250704,5120,3008,2920,1561,1831,1529,2787,1629,1336,1040,914,859,1183,713,834,1103,605,1145,719,533,567,587,389,582,422,408,538,430,509,350,393,368,329,245,427,427,400,268,240,277,359,262,260,283,336,271,258,292,182,275,414,297,1115,263,249,315,367,186,164,238,272,227,205,197,239,283,165,131,153,396,183,202,115,180,183,227,118,178,103,143,108,55,149,154,234,93,106,126,395,132,107,84,166,157,84,74,80,146,160,75,86,70,100,59,98,117,93,138,85,85,116,81,68,97,98,77,102,63,515,66,53,80,121,60,89,57,53,76,119,54,72,76,55,61,70,69,73,81,85,79,65,62,50,56,59,68,61,29,66,41
20250705,4820,2455,2369,1331,1421,1410,2493,1292,1234,726,777,736,1085,628,689,1125,396,1000,516,364,405,540,262,433,464,331,506,335,373,310,317,379,222,222,382,312,293,252,187,228,232,207,279,213,240,300,197,212,172,246,341,185,753,237,200,250,283,211,133,238,232,205,165,167,211,205,135,115,118,284,158,197,85,153,151,202,100,100,64,99,62,47,105,92,205,63,70,122,325,99,105,64,131,60,68,51,75,94,174,81,87,52,111,35,88,87,61,122,88,47,90,70,62,73,64,65,82,63,66,54,50,42,136,38,56,50,58,40,172,57,69,64,72,31,61,61,40,57,68,80,65,39,36,133,57,52,48,32,63,21
20250706,4831,2362,3122,1182,1663,1490,2295,1232,1152,767,803,796,858,566,767,1044,433,1769,579,396,427,522,248,570,447,318,539,389,403,330,358,465,234,231,370,324,256,207,177,243,262,216,268,227,281,242,224,221,158,203,331,163,615,241,208,204,314,219,160,217,205,199,175,181,192,216,140,136,150,216,167,182,108,161,149,180,126,129,82,76,57,55,147,105,124,72,68,134,311,100,84,48,98,78,55,70,77,104,157,85,82,64,110,49,84,100,58,122,98,54,104,72,52,91,89,95,76,60,78,59,57,47,86,32,70,52,58,42,254,48,93,83,55,35,62,52,57,73,94,79,59,61,29,66,47,51,48,32,45,28
20250707,5318,4211,2684,1817,1865,1841,2649,1768,1402,1215,1004,979,1494,910,925,1361,723,3079,646,675,645,663,459,703,503,433,628,471,482,390,399,434,349,319,482,360,441,325,306,325,400,290,308,369,395,291,335,302,197,315,460,277,702,299,245,338,332,264,202,267,437,250,202,221,266,230,200,182,182,248,204,200,176,199,197,199,124,176,126,219,147,42,165,129,166,85,125,151,335,114,102,131,126,101,138,87,109,115,158,125,124,96,188,50,93,115,95,122,131,88,115,72,67,107,99,81,93,79,703,79,75,73,104,77,86,76,65,97,217,63,70,81,65,56,68,76,92,87,79,59,73,86,40,85,74,64,44,32,60,55
20250708,6150,4412,3121,1866,1940,2671,3077,1877,1587,1394,1072,1002,1399,938,923,1493,779,2520,771,759,744,723,526,741,504,422,642,493,445,430,630,471,398,332,457,416,493,340,381,365,380,329,303,353,422,323,348,371,198,323,412,290,687,329,279,268,346,284,215,272,256,240,247,246,261,212,213,170,190,258,215,235,165,246,230,225,153,209,155,208,140,52,165,121,122,81,135,164,367,138,129,139,173,100,114,92,138,127,160,115,102,84,120,77,115,127,89,137,134,89,144,83,72,120,105,93,114,59,1312,77,80,93,93,85,96,49,88,94,90,79,82,77,68,75,90,78,86,70,78,84,68,64,59,86,57,66,46,46,72,68
20250709,5924,4712,3253,2040,2149,2256,3112,1870,1732,1448,1162,1149,1355,924,1159,1488,744,3672,815,932,762,809,500,765,551,489,591,551,484,475,491,492,403,407,466,456,478,344,356,442,434,337,358,359,438,390,311,312,254,352,472,320,606,325,289,303,358,314,214,304,324,299,240,298,273,221,256,184,188,257,232,256,187,261,232,230,149,232,144,402,148,49,164,123,142,80,138,159,328,164,152,155,148,128,115,103,115,147,188,106,118,92,137,77,126,235,76,120,146,117,116,79,81,126,101,95,119,83,1200,92,73,89,118,91,115,66,110,96,103,85,57,70,51,80,81,76,90,87,86,110,64,83,49,79,73,81,37,47,68,77
20250710,5985,3922,2743,1900,2062,1871,3034,1858,1711,1497,1074,1087,1489,853,1016,1765,701,3437,742,628,699,820,523,806,544,475,587,488,492,444,447,545,393,419,449,431,524,327,326,327,395,303,310,388,440,365,301,320,182,351,551,287,603,319,265,377,383,251,217,305,371,308,240,228,279,241,290,176,221,217,255,252,175,218,186,210,156,213,141,223,127,58,150,179,165,86,122,205,322,155,102,129,157,107,97,96,133,122,199,132,126,87,149,68,122,147,79,132,125,125,104,82,97,127,99,82,102,107,1325,77,76,80,181,112,82,60,105,88,105,74,72,80,70,67,56,73,120,70,95,61,83,100,59,75,68,81,35,37,61,61
20250711,6109,4115,2375,1676,1864,1622,2845,1681,1527,1204,984,1007,1613,833,870,2573,590,2389,845,573,628,776,378,656,521,402,640,477,447,382,358,555,346,342,381,404,473,313,304,293,332,295,311,355,372,302,300,302,183,271,508,283,650,336,242,291,398,188,198,274,320,263,247,232,245,260,255,165,196,208,227,267,148,218,205,218,133,212,121,158,107,34,136,160,154,74,113,204,336,116,113,95,155,122,100,79,144,125,182,115,106,86,126,77,95,141,98,114,104,91,118,75,81,89,92,73,109,112,1249,77,69,88,124,109,77,54,93,71,73,81,73,78,85,68,86,96,97,47,58,93,78,150,46,79,66,68,54,54,65,67
20250712,5748,3023,1969,1385,1788,1478,2636,1361,1164,771,860,856,1174,622,643,1427,449,1896,544,471,443,574,347,458,433,534,595,355,355,317,329,469,240,237,232,358,298,234,184,212,232,215,296,264,293,239,247,223,156,262,374,173,457,258,207,226,332,213,136,194,203,188,173,179,197,217,181,115,200,197,191,261,126,130,131,205,113,143,79,82,76,76,100,132,123,79,112,405,364,116,80,64,111,72,63,63,59,76,141,98,86,47,122,38,83,71,59,106,60,51,96,47,64,95,77,72,72,62,104,62,57,29,132,34,52,44,65,56,60,53,71,67,56,30,56,41,93,45,77,58,54,60,31,71,72,53,54,36,55,21
20250713,5614,2564,2114,1341,1754,1411,2225,1356,1199,824,898,845,1082,815,616,1388,457,1512,564,398,436,651,318,432,412,1064,600,375,385,328,313,371,257,207,228,342,349,217,188,264,225,227,289,250,339,232,229,186,156,220,425,186,470,292,228,181,297,211,150,201,214,165,171,180,202,170,170,144,139,158,176,281,93,173,112,188,123,148,80,85,72,58,113,97,139,84,111,174,255,89,92,45,98,82,59,48,66,91,191,75,105,50,1437,52,89,74,114,120,69,48,92,74,48,99,81,88,76,81,22,65,49,20,125,49,38,32,43,56,66,82,68,71,42,42,70,57,113,57,59,65,58,64,58,83,61,43,40,27,70,31
20250714,6245,4165,2930,1805,2003,1832,2745,1810,1410,1391,1107,974,1653,1010,894,1678,671,1695,677,621,664,782,517,641,479,1137,812,463,453,402,480,1202,369,368,412,413,519,344,347,299,378,292,335,410,378,314,300,335,203,345,439,327,609,324,302,189,386,262,196,239,258,241,203,203,244,219,184,174,178,196,220,365,160,234,195,169,159,197,123,142,135,56,130,145,168,84,126,163,270,119,116,106,156,123,107,93,138,107,185,81,101,73,536,77,101,152,93,132,139,86,94,91,66,127,76,86,93,95,728,64,64,100,130,76,62,66,72,89,106,62,66,104,60,94,66,55,104,79,74,64,79,113,59,103,77,60,40,51,72,57
20250715,6150,4127,2973,2053,2114,1933,2828,1807,1585,1494,1164,1010,1740,1088,984,1729,701,1749,771,661,763,753,497,859,529,1058,734,499,509,381,523,672,397,356,443,450,461,309,373,395,333,324,383,484,480,330,363,333,211,332,419,309,497,522,276,269,363,270,208,283,294,325,246,216,279,218,200,160,191,256,233,343,146,196,203,215,145,206,164,159,172,47,166,190,162,77,130,157,354,133,140,119,170,121,97,94,140,127,308,102,116,134,328,90,108,156,86,125,140,102,99,95,80,156,90,92,95,95,767,77,91,89,154,67,61,55,95,83,108,75,103,75,67,77,85,76,76,88,95,82,79,87,55,113,65,80,44,39,52,71
20250716,5958,3751,3590,1909,1956,1867,2730,1980,1586,1450,1113,962,1747,946,981,2235,775,1583,750,656,753,768,529,758,504,1039,775,522,542,453,482,660,353,384,501,479,455,334,364,373,463,309,339,491,385,299,282,338,243,340,408,328,517,626,296,199,372,231,221,339,292,325,242,234,269,210,218,162,201,256,275,271,172,233,178,211,187,228,140,166,170,45,185,165,142,90,119,149,270,135,125,109,158,112,104,88,123,153,202,126,88,172,205,82,102,140,99,126,115,81,118,81,81,126,100,93,117,88,913,82,90,90,133,93,92,59,70,71,138,79,77,86,53,90,64,69,90,81,89,68,80,64,47,113,70,104,39,41,58,55
20250717,5956,4247,3013,1848,1998,1772,2672,1776,1434,1475,1097,884,1715,917,950,2355,693,1545,732,639,769,765,516,705,475,861,715,470,461,411,450,664,396,366,422,428,403,339,377,364,384,328,386,432,418,314,334,284,203,318,417,323,510,516,317,221,436,241,242,269,266,240,276,233,294,217,191,180,189,255,179,263,160,193,168,218,152,222,126,158,153,52,121,178,140,95,127,124,328,127,108,105,180,104,107,88,136,147,223,100,108,69,161,87,85,131,89,121,115,92,110,89,67,111,110,216,98,84,1038,84,71,84,105,64,64,69,94,67,124,70,117,79,59,87,77,79,83,98,79,82,80,87,42,81,75,66,34,49,66,118
20250718,5654,4404,2515,1799,2050,1732,2572,1734,1428,1321,1089,857,1674,879,861,2334,596,3018,735,619,811,788,450,661,511,752,657,503,509,409,458,593,374,382,489,403,472,321,257,303,357,286,340,420,430,368,290,302,207,365,509,280,732,610,265,203,424,279,195,253,298,235,234,213,291,273,205,177,252,272,227,219,174,233,185,228,204,210,158,156,114,51,188,147,145,83,108,209,261,95,112,135,311,91,112,87,145,127,228,117,121,84,131,61,82,134,82,120,114,77,133,75,72,110,97,624,131,100,778,79,64,76,112,85,62,64,101,56,178,72,199,93,51,67,67,68,99,87,64,86,77,80,40,91,80,114,32,44,71,55
20250719,5459,2749,2887,1440,1624,1558,2083,1393,1155,879,895,743,1207,674,680,1854,465,1899,577,406,541,623,316,502,477,625,622,395,379,336,340,420,243,240,230,274,374,244,160,1658,242,266,298,242,366,253,248,182,170,237,362,181,449,430,236,188,323,223,159,207,183,225,208,176,200,173,151,154,178,243,177,199,105,157,160,215,148,146,82,93,61,45,156,109,144,68,92,156,302,96,92,72,166,87,74,57,108,89,178,86,89,75,135,48,66,91,89,126,67,46,101,77,90,77,92,301,117,69,42,60,63,51,119,44,47,37,59,50,136,62,150,60,34,39,51,54,92,54,63,78,75,50,34,68,60,69,39,34,46,35
20250720,5139,3445,1814,1421,1717,1476,2116,1287,1101,744,895,841,1003,700,740,2203,433,1498,605,421,491,596,298,524,499,637,642,402,380,369,359,351,197,222,274,297,357,217,193,314,260,241,299,252,357,250,215,244,147,259,386,179,479,357,248,197,291,210,152,171,198,135,175,218,237,215,171,147,183,256,169,225,101,156,155,201,125,130,87,90,51,37,170,139,140,78,104,169,277,129,97,60,183,69,50,61,93,128,177,99,75,40,112,34,79,95,84,109,82,70,101,69,69,96,92,231,110,63,43,63,56,47,94,43,52,53,71,37,75,53,113,65,41,44,61,46,49,68,66,80,54,33,31,77,75,83,56,42,118,19
20250721,5778,4050,2919,1752,1962,1735,2656,1902,1444,1348,1123,888,1515,839,913,2750,763,1721,726,590,666,730,569,611,520,716,660,485,499,394,474,559,390,336,416,399,453,343,366,337,392,275,345,343,412,295,288,320,234,317,419,280,543,433,245,352,322,224,224,241,262,219,203,256,282,229,182,176,215,240,221,227,160,218,183,247,162,206,137,135,166,39,170,174,151,120,153,136,435,124,97,122,194,128,104,106,101,154,170,90,93,74,173,77,89,112,99,134,126,129,113,63,86,82,123,205,91,78,586,82,84,95,89,60,80,49,89,73,215,83,113,56,56,63,87,79,101,90,102,80,78,67,67,64,82,61,36,44,80,57
20250722,6327,3871,3493,2160,1991,1825,2683,1856,1410,1488,1151,944,1670,874,991,2501,706,1587,741,596,662,699,589,659,527,747,707,546,479,495,693,566,401,372,386,420,472,373,369,425,432,316,343,423,421,339,345,351,232,372,407,314,467,401,287,352,387,298,227,301,297,263,225,249,294,220,202,151,227,258,230,228,158,248,192,235,161,186,152,143,170,58,150,185,180,108,140,161,682,137,122,133,179,143,124,103,140,139,200,110,128,101,164,81,98,136,93,163,143,107,114,75,86,111,101,212,96,90,1044,86,55,82,99,129,65,48,94,74,134,74,142,89,63,58,99,79,99,99,71,67,69,81,58,88,78,66,40,40,73,46
20250723,6277,3940,2957,1876,2101,1919,2703,1913,1520,1493,1170,890,1704,860,973,2055,775,1469,782,599,676,732,517,782,552,802,720,467,493,438,562,501,394,398,389,468,498,393,325,342,440,313,337,398,426,345,307,333,251,375,388,398,500,390,317,281,334,250,238,278,317,290,207,269,312,248,228,180,240,325,270,198,192,224,164,220,176,163,156,150,162,48,143,133,155,106,111,119,388,147,126,146,167,120,110,105,157,121,180,143,122,87,147,67,92,160,76,143,121,90,111,69,82,244,107,182,94,111,1119,73,99,94,124,99,78,75,73,58,106,82,118,69,68,67,85,80,99,81,100,95,79,70,45,102,87,67,51,56,72,67
20250724,6549,3862,4165,2074,2305,1970,2965,2137,1572,1436,1191,983,1680,1003,1040,2083,755,1605,734,631,714,740,585,707,605,717,771,497,489,484,500,549,389,357,455,437,488,419,364,359,421,331,338,426,419,370,290,370,222,312,424,531,473,427,345,295,337,269,252,307,380,290,233,243,292,213,213,171,212,279,303,232,173,217,204,216,182,224,180,144,155,52,158,154,149,97,137,157,402,148,141,198,168,111,106,102,112,127,183,125,115,81,144,90,88,139,121,132,127,127,111,83,69,109,109,248,80,93,994,107,81,75,119,96,73,65,79,84,86,70,105,85,50,63,71,92,75,83,83,86,55,54,43,77,68,41,34,53,59,62
20250725,6540,3696,3117,1906,1887,1869,2879,2125,1651,1228,1140,958,1633,1111,887,1757,706,1592,744,546,732,765,449,809,535,587,725,464,433,458,447,597,316,323,440,529,457,321,321,323,333,256,348,370,392,324,282,364,240,348,438,347,502,394,302,337,372,289,188,329,298,249,350,232,261,218,208,212,184,280,252,240,130,183,211,249,157,188,120,142,153,68,134,142,141,90,128,136,284,155,157,110,194,130,112,72,132,125,208,92,116,74,155,69,91,97,87,128,97,87,88,74,68,167,109,151,97,77,1133,101,75,71,113,86,81,48,74,74,74,70,106,87,48,61,82,71,81,122,84,79,79,59,38,85,80,73,45,35,57,43
20250726,5934,2863,2008,1508,1659,1642,2448,1484,1303,857,962,840,1306,748,757,1619,451,1304,576,455,483,602,311,513,459,472,598,418,350,348,382,392,243,210,259,365,360,246,190,282,266,251,292,298,326,242,220,203,176,337,339,199,574,269,246,193,276,237,136,202,200,189,398,212,215,193,159,135,185,228,199,250,101,154,169,197,125,134,95,128,59,54,119,90,119,65,93,140,234,126,116,67,115,99,51,52,100,93,187,81,71,51,150,33,96,86,74,137,76,46,88,51,66,78,109,105,77,66,119,61,56,47,79,61,67,36,67,58,74,46,94,59,37,31,56,69,56,84,89,80,69,51,51,77,58,54,42,40,55,41
20250727,5314,3017,2646,1491,1747,1530,2400,1482,1329,854,931,805,1108,644,754,1745,433,1241,608,416,504,644,341,482,975,422,631,411,441,398,381,485,247,249,248,352,396,245,204,285,285,261,314,274,345,243,223,225,161,283,359,241,548,303,262,199,270,261,142,183,219,186,230,232,281,219,212,144,155,231,246,179,95,155,157,201,140,125,80,71,88,45,134,132,148,71,119,151,221,108,136,56,143,113,58,70,110,102,159,104,82,63,140,40,96,63,87,97,106,49,94,83,71,141,129,117,91,79,52,50,70,45,109,61,57,37,76,76,97,47,78,68,45,34,62,57,57,63,74,77,50,61,59,73,68,39,27,41,49,42
20250728,6196,4101,3457,1919,2095,2015,2800,2059,1742,1470,1118,1029,1480,946,1029,2103,794,1717,776,676,729,796,571,757,696,559,693,511,496,467,507,637,395,337,400,617,487,381,342,364,368,336,393,408,412,388,311,351,222,369,381,351,602,367,325,482,312,300,214,263,277,228,260,258,300,238,200,190,216,243,279,197,162,206,211,249,186,197,143,167,148,42,151,162,142,108,140,169,288,133,112,127,159,140,98,85,155,156,190,115,116,76,150,67,110,930,98,143,157,113,96,66,112,148,104,219,102,71,559,81,98,99,121,102,64,68,87,81,99,75,89,82,50,48,65,65,97,91,83,113,87,77,68,83,49,86,32,39,65,47
20250729,6549,4129,2967,1921,2231,1996,3077,1966,1721,1510,1192,995,2070,1036,1035,2109,860,2349,871,609,866,788,579,683,646,493,715,507,462,456,557,545,410,401,466,621,506,326,334,369,396,317,429,563,369,357,326,402,273,307,490,360,519,362,365,496,322,223,230,318,717,254,302,243,331,271,240,178,190,268,295,198,190,278,227,237,123,212,176,157,172,54,175,147,136,115,144,170,328,144,139,131,161,102,96,101,131,130,176,103,145,102,143,101,97,655,120,139,145,114,101,84,96,113,111,187,109,95,663,90,92,107,115,91,56,75,85,76,117,75,111,76,54,67,61,80,94,75,80,95,80,82,59,77,65,74,40,47,85,67
20250730,6209,4315,3069,1823,2138,2044,2890,1952,1730,1381,1162,1025,1510,1086,1010,2322,761,1952,767,687,899,832,501,840,604,585,663,497,437,501,610,571,408,390,431,612,446,335,344,466,368,320,598,507,421,409,330,374,237,338,449,306,478,355,339,601,413,318,244,301,673,238,259,246,330,250,223,179,230,338,276,211,157,213,221,264,186,235,187,175,146,76,144,157,139,92,137,181,338,104,126,153,181,118,122,102,182,128,161,114,121,95,169,90,119,444,70,114,143,132,142,93,72,134,109,131,103,110,408,88,78,94,127,85,77,101,78,80,91,98,92,81,58,79,73,99,80,91,90,85,69,80,50,82,70,63,24,60,86,57
20250731,6412,4085,3371,1935,2316,1993,2743,1911,1593,1453,1184,1081,1403,980,1053,2125,804,1836,912,736,952,738,550,963,625,604,778,486,433,467,564,558,367,357,418,519,429,374,341,428,432,306,466,446,417,356,302,349,287,329,463,323,477,403,295,468,355,245,244,308,368,243,221,221,321,209,219,159,208,335,268,185,177,176,171,222,196,196,162,155,161,61,172,155,135,106,126,144,379,153,118,149,135,130,115,100,129,136,138,97,122,90,169,92,92,236,98,122,149,103,131,75,70,120,106,140,96,74,540,85,86,70,132,107,74,139,100,78,119,99,88,94,61,87,70,81,84,82,111,73,82,70,52,78,68,68,35,36,85,54
20250801,6353,3872,3667,1738,1944,1773,2655,1675,1467,1223,1112,962,1749,875,894,1634,673,1627,897,710,816,716,486,718,535,503,1358,418,414,454,444,519,336,374,372,593,419,342,248,401,328,246,435,398,384,322,398,318,243,297,392,287,458,344,272,337,387,262,221,243,338,217,220,207,261,216,183,172,201,258,251,188,146,190,183,220,156,217,159,189,110,52,141,141,161,95,148,167,298,112,104,115,152,132,102,137,108,135,179,105,123,59,166,75,92,218,86,134,118,98,124,82,72,190,80,141,102,93,670,87,58,67,113,69,56,96,88,81,57,73,71,64,70,56,67,82,71,67,80,81,80,72,61,70,83,61,49,44,61,50
20250802,5513,2879,3293,1495,2064,1551,2471,1439,1100,789,861,913,1179,647,722,1322,439,1423,655,487,831,561,312,682,488,375,919,347,374,384,382,400,273,246,245,396,325,276,162,341,232,265,334,255,322,272,247,236,167,232,372,176,417,267,235,218,316,297,168,196,267,169,180,188,187,192,162,166,162,236,192,162,116,191,150,254,112,129,92,111,65,60,128,111,115,60,80,121,285,105,92,68,138,88,57,55,101,89,176,63,115,60,129,29,88,138,86,102,74,50,92,67,49,116,85,102,90,74,78,63,43,40,102,52,51,44,50,50,75,51,79,59,60,41,75,57,49,58,79,75,55,57,38,64,57,49,35,34,54,33
20250803,5557,2937,2109,1430,1898,1709,2337,1397,1127,1018,997,937,1074,717,754,1480,486,1242,733,406,744,590,365,663,500,444,838,480,414,465,347,470,303,239,230,410,316,233,142,425,259,256,411,287,332,304,254,217,167,279,299,171,339,327,211,224,318,286,153,217,222,177,197,142,235,188,175,178,153,252,207,162,142,159,162,224,168,126,108,87,57,75,158,193,117,83,76,111,307,87,104,77,150,114,56,49,88,110,175,88,108,32,119,57,91,113,92,128,99,47,104,60,54,101,75,110,92,71,50,64,64,30,109,38,54,40,58,73,75,56,94,63,58,41,67,72,50,62,64,65,61,77,45,95,46,67,29,46,48,30
20250804,6082,4145,2856,2006,2150,2027,2894,1893,1505,1448,1151,1049,1544,974,1000,1667,768,1497,839,680,965,679,445,878,607,535,1001,519,432,447,497,501,419,368,426,474,433,371,371,479,414,260,441,374,362,306,334,361,222,323,451,337,452,364,300,524,427,240,227,255,290,286,238,212,284,210,234,175,190,207,232,180,174,225,229,264,137,195,126,149,152,62,160,189,182,88,103,135,299,133,118,115,164,149,99,124,124,144,200,97,109,85,132,86,99,184,94,129,107,127,119,82,65,106,104,132,113,91,1180,87,73,76,114,92,73,57,89,74,67,67,93,81,38,82,69,84,92,73,101,76,91,79,72,76,72,81,50,48,86,66
20250805,6437,4147,3593,1930,2459,1950,2785,1920,1574,1431,1177,1012,1627,946,1077,1865,806,1812,964,722,969,786,513,951,500,532,867,505,450,487,587,514,509,372,407,487,418,390,315,425,384,322,367,424,420,329,382,342,211,313,449,349,411,347,357,383,457,283,276,306,318,303,241,216,331,189,233,175,211,252,261,210,176,229,227,251,147,199,168,132,157,43,141,156,133,95,105,169,580,138,109,150,160,159,90,144,125,126,186,116,142,93,174,90,100,211,72,129,144,108,95,97,66,118,94,131,88,95,1109,95,79,62,126,88,67,105,99,61,83,77,81,78,43,84,79,105,84,69,77,76,99,83,79,81,85,83,44,38,74,69
20250806,6659,4334,3466,2045,2420,1898,2579,1975,1462,1417,1141,1004,1651,1130,1011,1887,716,1932,877,678,794,798,529,1314,577,527,778,441,447,427,494,489,441,350,426,447,419,359,335,437,370,314,400,435,433,349,335,352,212,309,437,348,485,367,372,528,423,264,219,306,312,264,244,218,321,220,209,227,220,241,286,238,170,268,213,265,146,200,176,114,148,69,165,172,125,83,118,176,412,116,110,123,171,209,111,141,133,145,197,108,157,101,146,103,76,210,86,123,130,120,120,86,75,118,85,148,99,89,1118,108,82,78,121,105,69,74,78,72,67,67,108,86,71,73,78,85,84,79,111,93,86,91,66,84,80,68,30,37,74,64
20250807,6530,3967,3372,2035,2237,1950,2767,1888,1690,1482,1212,985,1978,1274,1049,2042,738,1571,916,609,850,777,552,1153,546,573,945,469,445,540,509,551,432,370,428,488,487,343,312,448,406,270,411,402,419,351,364,346,235,319,441,415,550,382,343,429,415,283,274,291,295,290,229,229,321,224,207,182,275,271,291,200,179,237,238,238,189,210,143,133,139,56,170,143,184,97,105,161,375,154,141,191,238,130,123,118,143,191,159,110,136,85,146,71,79,174,78,143,89,124,93,95,72,137,110,290,150,124,1159,107,61,70,148,73,62,69,103,69,93,89,92,93,43,110,91,88,92,68,72,67,88,78,55,62,62,102,30,107,55,67
20250808,6073,3781,3172,1696,2153,1828,2693,1891,1478,1590,1051,970,1485,1399,989,2173,711,1584,780,613,677,778,493,1014,525,528,999,458,403,493,440,439,433,373,384,431,404,352,306,350,360,281,338,369,391,330,288,330,200,314,357,305,414,335,299,321,319,242,185,249,278,304,229,226,322,174,304,193,236,258,270,230,178,196,248,220,166,198,180,118,147,47,152,172,142,94,107,157,346,122,109,178,156,98,104,93,122,161,184,87,128,84,157,87,89,171,96,115,145,85,97,93,64,106,111,241,94,70,2308,83,88,65,105,87,86,63,85,72,81,83,93,76,57,50,66,96,92,70,91,83,72,54,39,257,96,72,35,112,68,58
20250809,5880,2686,1924,1409,1629,1452,2610,1393,1477,2299,861,817,760,906,823,2182,453,1367,791,395,503,604,337,841,447,355,862,397,370,344,382,359,284,211,289,583,303,290,164,299,270,233,340,273,332,227,225,222,162,246,315,240,404,282,247,209,312,211,147,206,241,220,194,191,234,194,249,185,162,194,179,235,133,174,135,217,127,145,88,69,76,55,114,141,113,69,86,147,231,112,90,93,145,70,59,57,98,92,165,72,97,44,139,43,80,84,78,115,85,67,84,86,51,167,67,182,74,76,90,65,71,30,111,48,62,32,80,46,76,67,91,57,39,35,54,67,68,56,77,69,64,51,30,97,47,53,40,51,46,23
20250810,6087,2710,2918,1486,1743,1523,2714,1371,1322,1070,1075,877,717,673,766,2186,446,1281,831,444,532,653,332,859,471,382,935,372,370,346,401,408,283,236,276,584,309,217,218,322,255,233,356,395,282,242,257,270,158,275,416,204,344,318,239,215,313,249,189,210,313,222,211,196,210,169,157,167,161,242,181,204,123,174,142,198,124,136,147,67,89,56,151,129,125,81,111,156,253,93,100,70,142,96,62,77,90,127,204,87,99,64,108,63,89,89,139,104,72,53,89,73,60,144,69,135,104,64,34,56,77,39,102,36,57,45,71,69,58,63,97,58,59,26,62,52,78,59,76,76,69,70,39,64,59,78,45,38,49,27
20250811,6688,3615,2894,1993,2141,1880,3453,1885,1559,1688,1145,999,1095,880,1000,2789,722,1911,954,641,723,736,525,1276,541,537,1031,509,437,435,459,489,388,381,434,677,424,343,358,397,387,310,548,450,418,345,328,342,221,372,473,294,417,400,322,423,371,276,240,261,382,262,227,181,288,221,173,184,223,226,196,169,164,260,214,266,138,232,161,156,143,45,155,164,134,87,140,138,300,105,114,134,168,128,102,111,134,131,177,100,106,89,169,131,97,188,91,156,140,91,114,94,87,141,95,144,117,95,1344,84,93,82,123,82,78,65,88,76,87,64,79,91,59,76,69,90,115,84,72,81,76,70,59,88,91,82,29,43,78,65
20250812,6797,3937,2935,1918,2265,2076,2988,1767,1609,1588,1284,1035,1173,936,1077,2796,806,1889,880,663,842,797,539,1583,548,540,828,555,433,523,579,482,365,371,463,616,410,345,375,491,386,308,475,430,394,382,301,383,254,350,485,315,467,338,302,421,438,293,240,292,339,341,237,226,330,223,176,179,243,310,227,193,182,240,200,240,171,209,152,142,140,64,185,180,132,96,122,158,374,122,116,120,195,127,115,109,133,114,165,100,100,80,170,88,92,212,90,139,159,96,146,93,67,159,91,151,118,85,1127,79,81,63,107,108,90,64,103,67,79,69,90,71,55,70,93,92,83,86,93,66,82,86,55,84,67,70,42,56,56,58
20250813,6868,4130,3184,1901,2195,1887,3084,1944,1506,1659,1295,1086,1071,898,1016,3436,812,1574,1099,630,751,761,493,1418,575,549,863,524,438,471,515,530,329,365,538,501,412,350,324,442,389,318,503,428,401,621,312,323,249,301,408,351,509,591,310,324,376,284,522,355,304,255,195,206,307,422,155,198,229,291,239,205,164,209,248,237,136,225,182,117,179,48,191,180,154,99,143,126,254,137,111,116,156,116,126,384,133,148,193,112,103,92,130,82,379,217,117,149,156,97,123,88,124,111,106,128,136,78,1058,93,107,99,97,89,71,66,94,90,68,72,96,74,65,70,83,86,104,61,85,77,92,56,57,79,64,69,37,35,76,57
20250814,6434,3735,2905,1916,2103,1921,2951,1912,1517,1499,1167,1104,1045,977,1017,2556,629,1580,973,646,791,778,540,901,528,557,936,534,402,449,461,549,363,393,529,496,467,351,333,387,383,317,392,455,427,331,290,540,231,364,457,348,693,339,281,711,355,314,216,262,511,291,250,202,272,666,190,188,213,231,229,169,176,222,165,214,164,204,180,119,133,47,191,145,162,90,119,168,253,132,120,140,152,239,118,125,145,140,145,80,123,89,162,80,103,231,87,142,171,91,117,69,74,118,136,124,132,100,976,111,92,66,93,111,83,63,84,78,84,55,80,77,65,64,62,81,80,92,70,72,75,65,51,88,88,65,60,40,95,42
20250815,6233,3083,2194,1648,1963,1787,2864,1707,1800,1143,1103,1020,937,875,1059,1920,817,2570,959,509,734,710,435,946,468,471,870,489,408,429,460,470,298,341,416,428,381,279,279,508,337,298,406,499,373,314,270,527,197,319,578,274,513,344,286,385,331,220,200,383,491,264,195,188,269,328,191,178,201,265,221,190,146,199,176,235,163,201,144,113,148,54,149,183,156,106,112,132,389,121,118,117,163,110,93,99,106,151,131,106,113,72,125,58,102,146,113,126,109,374,109,79,59,97,113,121,81,76,336,93,75,63,108,82,74,54,96,65,75,86,96,80,36,48,71,75,81,80,77,101,73,78,48,110,72,60,38,60,99,44
20250816,5945,2861,2087,1460,1708,1580,2500,1444,1281,835,949,902,689,651,803,1584,443,3431,671,436,819,597,344,604,440,352,782,402,339,339,325,436,259,192,327,379,315,248,163,335,258,261,382,285,286,262,206,323,170,278,394,195,381,280,264,204,317,188,127,311,280,210,160,155,201,201,150,171,164,225,190,193,122,155,167,217,135,151,98,73,94,74,141,251,118,80,76,131,283,105,70,61,130,93,77,74,90,124,167,95,93,55,109,35,86,99,76,119,65,99,82,80,69,102,106,104,91,61,67,64,70,42,121,47,60,47,74,51,76,44,68,57,38,42,56,55,68,75,81,86,56,30,39,78,51,57,32,37,73,31
20250817,5929,2924,1972,1454,1940,1565,2533,1345,1285,854,970,842,749,805,1397,1682,470,2732,740,408,842,544,365,815,443,364,747,387,334,394,373,350,263,228,313,352,302,205,172,324,284,290,498,269,362,245,223,330,169,297,407,184,356,283,261,220,286,274,133,247,256,253,232,176,214,197,132,153,177,224,208,161,115,170,146,191,121,169,112,84,67,70,144,165,224,84,54,125,474,105,106,72,121,67,58,60,109,104,162,83,92,47,110,33,83,91,61,112,89,103,109,68,61,99,89,87,85,70,26,83,67,36,96,47,60,39,65,67,53,51,84,49,44,41,74,48,75,69,94,70,68,50,29,45,36,52,35,33,73,22
20250818,6554,4156,3146,1861,2172,2060,2928,1891,1619,1521,1188,1141,1061,997,1438,1847,860,4074,872,664,930,810,509,1087,589,504,823,487,460,478,493,481,379,391,524,452,475,306,306,462,372,344,446,401,453,343,301,430,235,356,431,353,424,375,325,292,355,287,220,318,345,263,207,252,306,275,225,182,191,270,261,160,164,243,223,240,138,206,199,125,150,86,154,195,342,119,96,163,391,129,132,116,176,125,108,93,223,124,181,191,139,89,151,96,89,163,63,120,131,494,114,99,86,124,111,153,106,89,313,86,93,90,114,92,73,69,97,90,73,75,87,83,74,69,104,83,93,95,110,92,78,104,72,102,78,48,34,37,97,54
20250819,6479,4441,3095,2109,2526,2077,2954,1867,1621,1528,1310,1257,1279,987,1125,1643,944,4835,846,837,909,775,556,1000,551,526,796,510,413,467,519,482,399,388,464,453,444,341,353,492,412,320,463,381,525,351,321,367,228,347,479,354,427,339,324,433,370,269,229,321,335,288,235,220,305,213,229,203,207,310,243,254,183,250,233,268,160,221,171,151,177,102,176,183,179,104,117,155,351,141,108,127,130,144,115,109,146,120,186,122,145,87,130,62,97,132,94,124,128,1508,113,78,119,116,161,136,88,110,581,97,95,50,112,102,81,85,88,88,82,83,91,62,61,80,69,80,103,89,94,102,71,84,55,92,64,52,53,28,94,71
20250820,6297,4287,3654,1888,2297,2345,2974,1757,1637,1570,1309,1061,1088,1007,1181,1748,806,3364,912,825,862,880,565,916,599,491,764,508,432,480,504,535,369,391,420,414,377,345,428,478,369,315,433,381,453,392,338,372,226,344,450,347,431,475,340,372,343,230,253,328,266,340,235,259,320,254,211,196,198,322,304,257,168,265,212,257,179,239,173,155,164,97,153,190,149,110,141,185,318,129,131,161,161,133,98,115,157,134,172,120,114,84,149,87,123,218,96,142,140,506,125,88,84,138,136,149,119,114,757,81,113,82,127,106,82,53,91,71,92,71,83,96,77,82,81,75,126,60,121,88,58,71,71,65,90,73,37,39,100,79
20250821,6771,4341,3419,1999,2303,2239,3123,1975,1666,1502,1327,1169,1132,995,1209,1602,842,2594,997,728,947,875,629,1534,600,531,696,480,500,490,474,498,384,395,457,465,475,346,400,411,378,298,473,456,479,424,359,372,265,326,457,377,501,453,378,394,402,295,258,312,301,277,254,232,361,223,178,191,238,321,277,191,169,230,227,267,153,202,170,159,150,85,161,196,177,93,143,191,342,145,145,123,189,150,109,114,152,151,172,112,143,97,134,93,122,353,88,141,130,267,122,80,66,142,128,148,128,100,692,95,97,72,128,90,89,82,97,75,84,64,123,77,67,97,69,72,110,75,117,99,86,88,84,82,83,80,41,60,87,79
20250822,6569,4089,3939,1734,2243,1985,2942,1935,1552,1371,1239,1118,1129,930,1106,2322,743,2660,905,616,817,830,550,964,502,494,722,428,456,427,485,452,368,383,397,439,378,256,377,439,373,290,373,431,433,374,352,338,205,338,429,305,554,472,342,272,428,226,242,334,435,298,247,230,284,268,199,190,235,354,242,218,171,227,212,259,154,223,161,144,173,80,166,193,138,106,106,194,299,116,142,146,172,124,113,86,139,128,181,126,121,86,159,63,124,413,121,146,110,674,115,73,93,106,126,145,124,96,782,92,97,69,105,219,76,54,91,74,83,76,77,74,51,64,74,72,85,93,94,90,79,60,53,90,62,79,35,41,65,64
20250823,6310,3212,2521,1656,1871,1650,2693,1485,1206,918,1060,997,806,729,871,1916,486,2173,707,381,546,577,392,656,495,359,619,402,339,336,403,365,338,263,313,314,453,260,207,323,295,217,290,278,329,265,262,253,199,268,451,203,406,386,262,209,349,194,166,249,273,194,181,178,264,198,173,170,158,229,188,218,127,194,148,186,106,157,82,64,64,50,142,109,126,73,91,144,320,95,108,58,145,156,76,70,118,112,179,84,99,55,120,49,105,205,75,128,77,518,112,91,71,81,114,116,86,76,51,60,53,33,91,50,51,39,72,56,74,45,59,54,42,40,70,66,73,57,70,68,73,47,60,82,59,58,45,25,69,34
20250824,6023,3181,2309,1391,1972,1594,2706,1442,1222,957,967,922,726,687,839,1732,509,1823,631,447,592,590,354,796,481,310,635,399,391,358,371,354,339,246,248,367,492,258,194,316,362,253,469,267,330,266,239,244,184,252,325,182,468,356,262,170,303,203,172,214,228,171,182,201,215,182,137,148,172,203,212,159,118,198,153,199,109,153,95,92,65,72,155,143,116,74,91,139,393,59,135,60,123,168,53,61,186,110,161,81,112,44,127,38,92,141,79,107,90,212,102,81,56,86,102,157,98,84,46,64,56,20,97,34,42,46,73,69,65,54,85,62,48,39,65,64,84,64,75,76,43,67,42,57,57,49,51,19,66,39
20250825,6937,4394,3422,1926,2355,2181,3599,1873,1706,1521,1782,1128,906,967,1257,2090,733,2005,900,670,928,807,538,1089,598,553,819,493,513,503,532,486,359,354,414,520,538,338,386,421,462,331,570,416,397,466,335,376,266,334,437,351,540,646,379,506,448,280,220,316,242,297,233,229,289,276,211,200,256,250,242,222,174,237,211,222,164,242,156,137,119,88,193,215,118,88,121,166,323,124,160,108,177,249,131,106,208,142,189,847,134,100,158,78,134,222,74,112,133,220,109,92,100,113,139,244,123,92,793,100,98,80,129,79,77,71,100,95,66,70,101,79,49,75,72,75,115,87,99,85,93,65,63,112,65,89,55,55,71,34
20250826,6804,4767,2743,1993,2247,2276,3471,2018,1630,1503,1576,1121,1011,952,1183,1876,790,4142,965,640,891,911,587,942,602,611,728,491,482,563,517,527,384,373,471,562,518,321,388,449,404,354,469,372,473,424,307,362,283,367,453,567,498,567,400,537,450,275,288,361,293,331,323,229,345,284,248,182,260,257,237,181,178,239,246,217,155,228,159,172,174,87,180,196,139,103,124,190,313,154,136,124,178,168,143,117,188,151,156,342,136,105,124,62,118,235,93,141,114,152,135,125,114,98,127,132,141,85,768,102,99,82,104,93,87,75,98,92,94,78,141,86,63,91,91,84,84,106,107,88,74,70,90,122,89,65,47,56,100,79
20250827,6518,4189,2668,1958,2722,2458,3337,2032,1706,1452,1454,1040,1237,914,1269,1725,799,6880,933,678,886,831,587,1089,646,553,673,530,499,553,512,547,511,376,452,557,465,320,357,472,377,412,373,404,505,375,377,382,233,359,478,437,576,571,398,372,427,317,254,384,310,335,345,222,317,269,222,178,277,424,274,185,198,257,226,230,181,229,146,171,165,107,196,179,174,100,142,194,297,163,129,120,189,139,116,114,164,158,146,185,158,88,181,61,95,189,90,134,109,184,151,90,114,100,126,138,121,89,597,99,123,79,113,94,65,80,80,107,80,66,147,120,73,72,79,95,73,79,74,72,89,72,50,84,84,88,52,67,94,72
20250828,7021,4352,3229,1848,2532,2345,3223,2020,1685,1440,1334,1028,1156,891,1159,1655,790,6059,891,687,873,867,602,884,605,482,717,615,444,549,580,559,514,362,453,457,481,296,383,437,405,369,395,431,461,398,354,358,256,346,452,363,515,443,380,314,329,273,263,316,351,334,282,228,346,286,191,207,217,386,286,171,164,243,228,207,148,221,137,164,194,104,186,211,156,103,138,158,301,140,152,136,161,130,118,111,160,138,162,114,151,94,125,70,103,195,89,149,143,164,160,92,97,87,123,125,129,73,1075,76,113,70,142,97,76,76,103,107,109,93,115,79,65,73,83,85,113,82,88,78,160,86,50,84,81,87,44,50,104,56
20250829,6557,4314,2552,1731,2149,2091,3228,1852,1610,1269,1298,1153,1071,898,1069,1382,746,10232,899,576,747,873,478,956,613,517,695,523,477,439,456,523,379,337,398,508,447,316,319,392,432,304,454,369,440,379,296,356,210,335,396,306,457,379,368,314,402,250,243,307,351,317,275,212,285,243,195,160,230,288,240,165,160,234,209,270,129,204,157,108,160,83,158,162,142,83,114,189,300,134,132,95,163,129,103,98,153,135,172,136,125,80,144,60,82,150,77,146,121,239,131,77,94,133,105,111,123,120,986,76,113,59,107,95,65,73,71,102,97,83,108,82,70,85,77,76,104,87,91,78,331,67,42,75,78,86,29,61,82,71
20250830,7909,3593,3199,1403,1740,2360,2784,1499,1228,930,1047,854,866,672,797,1272,486,4713,655,454,615,703,396,677,451,362,606,402,376,449,384,359,269,255,340,346,345,238,171,324,306,258,400,255,308,255,225,203,168,260,369,212,309,260,300,253,307,208,178,216,241,230,215,184,232,147,161,173,167,230,235,160,135,207,136,271,114,135,66,74,87,67,139,167,124,74,83,175,233,121,124,56,147,101,74,76,88,136,151,95,115,64,97,55,113,98,65,127,114,137,111,70,77,80,92,101,92,68,90,56,86,27,112,41,64,38,89,62,63,48,63,91,39,49,88,55,85,50,44,76,199,46,45,47,61,56,31,105,76,42
20250831,6466,3716,2193,1690,1904,1768,2773,1471,1158,825,997,861,830,615,822,1313,463,3118,683,396,577,576,357,841,519,416,566,400,335,629,348,374,272,205,324,343,279,242,175,333,280,251,440,253,320,270,226,259,171,252,372,254,316,250,246,211,345,227,144,238,227,228,201,186,239,181,134,132,183,218,175,209,140,184,176,257,133,156,77,73,66,84,136,176,126,77,87,164,214,108,101,71,146,102,51,79,121,130,156,88,122,58,114,45,82,92,81,143,79,80,94,69,76,80,117,93,89,58,45,72,103,27,114,60,60,54,78,71,59,49,97,99,42,51,77,71,83,53,58,90,210,48,39,79,57,54,45,45,53,29
20250901,11304,4460,3890,1880,2085,2221,3154,1861,1552,1253,1240,997,1089,846,1063,1384,697,4081,727,536,742,860,517,1176,572,462,714,484,441,557,456,530,363,322,417,447,379,328,283,467,502,347,497,363,386,366,284,340,236,343,424,326,397,392,436,245,389,266,243,293,319,229,220,198,332,207,222,162,213,288,184,1021,158,210,199,282,156,219,143,151,146,98,178,170,202,83,112,217,262,148,125,99,172,133,81,123,156,166,168,110,111,95,98,107,110,131,87,142,128,112,135,93,103,126,95,131,131,100,394,80,78,65,95,70,72,63,88,94,76,62,125,106,55,68,75,69,101,129,114,90,227,74,53,82,66,77,45,46,80,64
20250902,7559,5114,3185,2007,2340,2540,3084,2131,1834,1565,1380,1109,1247,1010,1251,1481,767,3381,953,598,1041,895,673,1080,680,538,737,562,557,664,778,815,450,414,511,502,455,355,362,583,421,376,590,457,511,476,372,364,245,316,473,461,566,396,424,439,451,296,252,289,331,286,296,213,322,269,230,219,213,283,243,349,175,276,258,241,162,249,199,187,159,76,174,182,191,83,152,240,299,153,167,162,173,179,123,148,176,145,205,97,120,109,134,142,127,153,77,149,150,181,119,88,74,108,133,139,169,103,744,114,104,88,104,108,105,70,103,139,114,87,145,123,65,115,101,84,120,104,141,81,264,70,77,104,80,97,49,49,91,64
20250903,11383,5151,3229,2217,2513,2433,3210,2194,1809,1508,1417,1138,1273,1132,1347,1603,777,2477,988,560,1203,903,659,1029,778,634,793,561,508,768,646,790,453,393,541,610,487,355,389,459,367,385,582,434,531,452,355,392,276,375,522,449,661,400,395,478,407,317,249,378,352,344,338,243,378,263,246,194,279,301,252,225,191,238,270,245,164,234,204,181,153,126,210,208,206,79,150,221,320,149,223,129,189,158,118,130,167,145,194,116,131,149,161,140,118,170,78,147,161,152,161,103,92,105,134,138,147,109,675,98,113,58,133,102,76,77,99,121,119,95,129,165,80,85,123,75,133,97,121,95,185,65,53,103,71,77,49,116,85,73
20250904,6974,4891,2916,2121,3115,2449,3251,2055,1876,1493,1526,1162,1276,1157,1377,1640,811,2293,935,602,1148,909,631,884,940,591,707,610,521,695,632,723,418,408,482,637,475,379,371,497,443,365,508,490,456,508,352,367,244,450,678,433,695,347,442,448,396,283,234,350,390,331,306,234,358,285,207,236,289,268,348,218,185,263,242,270,171,247,169,182,161,87,199,196,199,95,147,312,323,142,235,146,220,147,127,148,150,177,167,149,132,111,169,98,104,183,90,167,157,133,168,86,95,101,171,130,129,93,1086,115,134,63,123,95,69,75,118,128,94,87,107,140,74,77,91,91,132,97,115,86,148,90,61,87,59,87,45,75,89,73
20250905,9170,4445,2722,2051,2077,2269,3508,2096,1801,1389,1560,1117,1176,1014,1198,1487,791,2268,973,620,885,872,579,1042,976,613,691,567,524,632,555,598,392,388,527,621,462,371,304,379,438,364,436,424,525,501,316,352,259,375,672,375,680,331,407,474,457,382,223,337,292,317,282,215,365,297,201,214,269,260,314,210,161,265,222,269,174,267,165,191,190,99,193,188,175,115,166,277,309,148,207,113,201,135,112,109,187,154,167,129,152,114,166,85,112,146,113,163,190,133,155,105,91,116,152,112,162,101,705,95,139,77,115,82,78,66,100,162,104,92,116,117,75,73,87,77,114,88,109,85,160,72,70,98,79,109,44,47,67,77
20250906,6079,3208,2746,1489,1699,1754,2741,1651,1475,841,996,1024,962,709,844,1184,532,2041,684,513,557,674,426,643,664,421,741,495,401,435,466,380,256,286,425,496,371,393,219,303,314,297,416,332,402,366,212,226,152,355,407,207,443,288,306,236,324,238,169,218,225,206,223,202,224,191,189,168,252,202,371,149,158,167,153,275,150,169,98,93,86,49,149,89,132,95,102,201,266,97,163,66,152,129,61,61,140,102,167,109,119,82,152,47,114,77,76,152,91,63,139,118,70,84,137,97,124,56,194,67,98,34,110,44,53,56,63,86,66,62,92,87,64,40,79,66,92,63,72,83,122,57,52,91,47,79,37,36,74,24
20250907,9107,3315,2171,1645,1953,2204,2559,1665,1542,920,1146,879,964,699,814,1234,522,2085,767,492,567,643,369,685,651,407,655,441,360,435,424,471,272,258,318,494,337,332,229,351,309,323,388,316,347,400,216,213,180,329,478,213,405,308,296,259,324,230,176,249,218,190,213,202,256,216,195,178,262,229,456,354,111,201,190,229,154,174,133,105,90,56,142,133,135,97,111,186,271,108,130,60,156,105,55,75,152,110,184,85,118,61,118,45,102,98,89,155,101,82,114,86,82,93,135,102,101,76,36,56,87,40,109,29,69,62,80,90,57,48,74,90,59,42,84,72,81,48,71,87,87,48,37,69,45,69,47,39,98,36
20250908,7051,4766,3938,2106,2303,2534,3425,2055,1759,1499,1448,1076,1300,985,1315,1445,786,2465,861,705,846,885,719,891,753,528,655,612,449,575,495,745,391,410,485,534,510,363,403,488,385,401,485,408,490,465,379,351,254,358,501,358,484,396,409,428,438,267,255,351,322,282,224,269,350,221,350,220,243,346,733,384,175,244,232,258,169,227,176,160,161,90,166,177,146,84,119,180,326,160,169,112,184,152,116,116,170,119,208,125,105,96,118,90,114,172,130,159,136,116,115,93,103,119,142,113,114,84,840,84,128,80,112,92,65,79,86,94,79,70,115,112,43,80,66,97,108,70,89,65,118,81,58,68,67,66,31,49,114,67
20250909,12885,5284,4906,2725,2495,2331,3535,2104,1618,1661,1531,1173,1295,1067,1206,1354,867,2340,934,702,990,830,664,1061,752,492,699,582,479,481,654,613,459,571,479,500,477,402,398,471,392,385,428,368,461,441,371,394,241,407,546,346,677,379,586,451,478,247,248,355,304,283,219,238,324,245,286,247,221,268,278,171,191,260,222,265,183,236,184,160,182,71,172,200,149,109,130,178,338,150,137,124,191,152,106,126,156,176,209,115,145,107,163,111,137,159,107,139,127,140,108,107,122,125,140,112,122,96,1016,97,134,82,104,108,74,89,117,108,116,71,98,96,63,76,75,88,112,155,63,87,144,75,67,73,77,66,44,64,88,85
20250910,7180,5286,4182,2513,2505,2199,3318,2108,1583,1859,1421,1254,1454,874,1239,1331,783,2045,898,631,901,842,644,842,694,516,712,572,499,513,647,564,385,499,476,484,468,353,382,492,412,378,395,407,428,406,304,391,286,394,426,401,511,398,396,463,493,318,242,421,295,266,261,223,381,205,221,244,282,214,280,198,176,236,226,239,170,213,188,163,168,98,200,172,122,103,147,145,295,159,153,133,182,154,121,138,158,172,220,109,126,105,136,122,129,163,79,149,136,140,122,102,101,144,124,132,120,94,720,78,129,80,122,82,91,72,107,118,98,80,129,86,46,97,64,104,119,99,78,78,115,70,64,92,71,77,46,50,104,92
20250911,9083,4935,3558,2407,2487,2317,3105,2038,1503,1654,1335,1014,1680,843,1204,1177,775,2088,853,601,832,811,681,750,743,435,702,534,417,492,504,566,348,501,455,503,422,296,368,524,406,345,446,369,474,414,348,364,263,341,456,346,424,380,387,425,350,285,241,352,314,279,234,221,330,228,207,200,235,264,261,1214,153,202,227,188,202,233,181,140,177,74,162,167,102,120,135,171,276,117,137,142,170,126,125,129,156,129,197,112,135,94,142,104,105,150,88,141,128,117,105,82,90,179,135,114,73,88,731,74,101,82,125,107,84,78,90,101,95,61,111,89,41,92,66,72,99,87,90,85,106,79,91,75,57,68,47,44,100,93
20250912,6939,4277,2829,2134,2247,2123,3082,2007,1603,1271,1388,973,1575,837,1126,1370,699,1967,863,616,861,791,583,678,640,451,733,558,412,528,555,543,383,358,438,515,427,329,358,392,335,303,404,313,430,402,314,327,275,339,449,299,385,357,379,349,380,300,267,364,213,301,228,226,318,191,201,204,253,294,220,206,162,204,218,240,262,214,132,132,137,77,154,214,111,91,104,152,338,117,126,107,169,128,97,112,163,152,184,109,135,83,113,90,104,122,62,138,121,107,114,81,103,108,133,101,99,94,372,72,146,69,225,92,82,61,95,110,86,62,107,110,67,86,62,79,90,106,101,62,94,89,47,90,50,84,33,61,97,69
20250913,6245,3441,2375,1603,1739,1673,2683,1509,1243,968,1065,879,1091,704,783,1087,442,1507,605,422,668,578,388,756,532,365,639,440,370,450,391,389,229,263,333,362,342,287,185,376,280,251,372,321,338,259,248,198,222,249,308,202,316,272,275,190,311,201,155,375,246,162,159,157,240,176,154,184,236,201,186,153,100,143,172,227,209,128,89,82,108,57,127,151,102,92,94,148,217,123,109,70,148,96,58,62,113,129,172,69,90,55,120,60,85,111,78,147,94,48,82,61,79,93,87,74,105,68,51,49,95,27,173,57,52,50,74,68,64,35,92,61,44,42,45,64,77,57,67,75,71,71,41,62,54,62,31,37,80,42
20250914,6624,3548,2280,1612,1853,1770,2525,1623,1274,930,1146,840,906,694,752,1103,440,1357,669,408,589,603,360,587,515,373,670,429,409,416,474,406,246,275,297,411,300,269,164,316,254,249,345,278,378,295,213,192,210,282,343,224,306,261,297,206,311,217,191,3397,219,225,233,159,267,170,141,176,187,217,205,116,125,167,174,191,168,150,78,79,88,71,137,182,116,72,79,156,202,96,93,53,132,66,53,92,106,104,172,80,108,56,135,79,73,77,68,113,85,64,98,90,69,149,115,74,98,48,41,79,85,32,158,48,75,42,82,83,67,58,104,95,39,49,52,67,133,59,85,88,92,71,41,52,42,52,36,40,110,34
20250915,6346,4611,5483,2190,2163,2362,3248,2068,1795,1403,1490,1049,1391,967,1134,2296,734,1844,865,630,805,734,580,835,660,475,821,642,442,581,527,505,339,410,511,544,441,313,391,445,366,324,400,438,494,396,328,353,292,417,465,346,450,392,387,409,407,263,245,1320,300,305,198,228,344,199,228,190,231,289,256,159,180,224,206,256,143,175,173,131,160,121,169,182,125,90,155,151,307,122,145,146,165,132,84,123,150,122,189,118,100,107,125,119,119,158,70,128,104,121,100,90,119,125,149,105,121,95,868,91,140,71,168,85,76,70,94,112,110,53,103,121,57,77,86,85,71,82,98,77,114,88,50,102,63,74,43,55,81,68
20250916,10352,5013,4286,2314,2225,2360,3507,2036,1646,1581,1622,1079,1584,952,1165,1348,776,1797,854,580,936,765,680,769,650,474,1025,643,442,532,533,540,418,476,457,528,529,339,396,434,440,347,491,475,524,417,362,355,285,391,522,405,436,408,449,472,396,264,235,684,279,254,265,236,287,191,215,211,265,299,234,169,178,252,228,244,167,217,196,149,212,79,161,168,120,117,114,159,303,145,139,122,176,162,114,131,161,154,184,1633,125,108,139,96,122,152,63,134,124,120,121,119,99,112,146,108,112,88,573,86,136,76,151,87,80,73,85,95,78,79,142,123,57,77,79,80,99,70,91,65,101,69,68,99,47,92,38,50,84,75
20250917,7010,5032,4198,2392,2366,2532,3562,1990,1600,1512,1445,1066,1549,996,1243,1601,827,1896,966,616,852,839,698,943,627,502,905,719,494,548,522,594,421,466,502,525,495,388,429,517,535,340,436,416,475,470,359,319,265,438,500,382,442,385,474,552,403,296,271,452,334,258,249,235,322,233,237,223,278,226,291,151,162,257,218,214,157,218,189,149,204,85,182,225,140,103,120,236,350,149,161,126,151,160,127,142,162,145,198,514,144,119,126,86,119,169,77,142,134,114,134,126,112,137,124,121,127,100,469,86,94,81,149,108,79,105,352,108,85,73,118,114,69,71,82,95,88,86,110,67,118,82,73,85,60,71,48,51,113,87
20250918,9573,4944,3368,2093,2612,2423,3366,2062,1685,1439,1534,1190,1602,946,1328,1605,933,1974,1056,696,854,744,654,916,655,492,841,570,425,540,543,546,445,403,472,514,499,363,382,480,698,316,501,403,483,425,377,308,258,412,401,374,430,338,429,595,370,272,287,399,339,265,259,232,319,183,182,183,230,248,246,195,161,227,216,230,168,222,154,140,193,78,146,173,111,95,125,141,291,133,190,148,139,163,123,125,144,132,211,188,129,96,141,89,103,201,71,129,137,110,111,107,115,155,150,104,107,104,969,89,123,67,135,70,93,124,134,114,63,73,90,94,65,80,68,100,95,104,109,67,85,79,68,93,47,61,46,41,89,66
20250919,6967,4386,3245,1932,2402,2231,3399,2028,1786,1283,1353,930,1507,916,1033,1395,735,1882,779,740,802,726,567,1006,600,544,754,549,373,461,399,520,570,365,460,540,437,319,298,422,481,318,466,359,463,383,302,300,198,377,432,326,450,332,378,501,327,323,211,344,285,250,260,197,299,208,180,169,242,245,242,160,146,211,221,162,224,201,150,141,158,79,162,163,139,69,119,180,355,123,148,134,140,134,91,99,127,142,219,176,138,86,156,91,109,153,69,131,135,94,104,100,93,117,100,118,120,57,718,97,128,69,161,78,67,71,102,85,66,80,115,100,63,79,73,75,75,83,80,94,107,94,45,101,71,84,38,49,93,76
20250920,6448,3335,2516,1597,1969,1808,2825,1605,1292,876,1128,874,1008,659,791,1311,453,1534,794,459,627,531,424,602,459,373,757,435,331,387,344,352,311,214,318,365,298,267,197,309,339,232,402,258,300,265,197,195,180,323,417,222,377,249,309,270,249,247,187,231,215,195,197,171,211,185,152,138,189,239,189,169,111,184,181,207,137,134,88,90,76,63,146,184,131,91,97,129,289,107,80,54,110,89,77,80,111,120,197,160,98,50,102,46,78,98,68,102,112,61,94,66,63,73,91,89,94,72,186,76,73,31,129,59,52,38,69,71,55,54,75,78,51,51,65,66,44,68,76,64,70,49,34,55,48,66,36,35,79,41
20250921,8011,3247,2042,1574,1823,1667,2757,1515,1496,870,1120,783,999,620,763,1110,483,1577,741,391,507,525,406,561,435,349,674,428,320,327,331,456,272,220,364,348,348,221,165,303,286,269,385,239,347,271,222,179,177,273,387,199,383,244,271,266,275,258,152,276,191,224,191,197,230,203,149,137,184,219,190,143,115,178,157,174,113,131,81,66,86,82,143,125,101,82,106,121,222,93,100,52,130,118,42,79,73,105,156,112,98,45,112,38,94,87,68,126,56,75,95,75,81,78,96,106,90,59,55,56,92,31,115,68,50,36,78,85,83,57,71,58,81,32,72,61,59,69,81,55,70,47,47,80,56,51,43,40,87,39
20250922,6858,4613,3514,2128,2323,2331,3417,2084,1797,1563,1406,955,1704,948,1020,1469,724,1857,963,677,778,795,691,946,566,500,817,571,437,541,420,568,399,394,462,482,429,343,357,406,374,294,452,331,489,411,342,357,288,362,721,333,451,342,404,512,365,265,275,358,314,317,296,231,318,241,188,158,237,384,264,166,154,220,180,211,159,218,202,132,164,105,155,181,137,88,164,153,261,156,120,124,181,145,124,136,182,132,170,147,110,108,114,107,120,143,79,133,117,129,118,99,102,100,147,91,99,97,898,77,127,81,125,97,75,84,88,93,98,74,107,104,87,73,59,78,94,81,98,98,93,73,45,114,69,74,49,42,120,94
20250923,10833,5057,5714,2386,2379,3287,3741,2031,1986,1660,1501,1020,1786,1178,1227,1246,810,1893,949,603,873,871,667,1015,656,595,796,570,526,597,594,550,416,339,476,500,474,340,396,423,418,359,427,380,563,366,343,374,264,354,724,372,419,361,497,371,450,301,244,374,323,307,275,224,309,241,216,218,217,318,288,268,168,219,234,254,197,238,159,106,199,103,211,220,147,99,151,186,298,123,143,139,206,173,112,130,196,164,176,151,129,108,144,165,114,172,87,132,134,128,122,86,93,100,124,119,146,126,487,94,116,87,122,112,86,87,84,88,100,74,109,110,62,83,75,98,68,107,96,67,89,69,62,122,81,70,47,52,99,83
20250924,9616,4688,4468,1944,2376,2267,3352,2011,1829,1597,1429,1144,1746,921,1227,1214,846,2582,984,798,971,888,649,1006,611,686,735,576,490,650,555,578,419,431,461,518,514,324,408,490,457,325,451,401,494,405,390,350,260,354,569,387,477,344,409,317,332,358,256,396,301,333,268,216,350,227,226,207,226,285,255,205,162,246,214,259,188,218,170,150,206,91,160,225,150,107,171,174,296,140,132,147,165,160,131,108,150,125,199,121,128,87,131,128,91,206,79,142,114,110,142,94,82,145,142,102,129,91,813,97,150,76,126,112,92,69,103,92,104,95,91,120,181,104,79,73,92,106,103,89,107,92,62,96,68,101,46,51,100,79
20250925,8548,4752,3979,2225,2238,2363,3283,2254,1722,1483,1396,1017,1784,1058,1121,1404,770,2491,918,728,971,858,615,732,625,743,810,539,453,603,497,537,457,397,464,520,475,316,397,424,414,362,401,372,475,394,387,346,274,319,436,356,554,353,417,401,502,325,250,440,278,319,260,246,315,213,182,190,218,267,258,309,162,279,223,242,179,266,166,170,182,106,162,195,145,94,148,144,306,135,232,135,185,169,117,124,142,138,182,169,117,118,142,95,109,177,88,135,117,137,124,110,93,108,130,94,111,93,682,90,121,71,122,82,89,67,104,97,124,80,118,92,153,76,78,87,78,108,103,90,89,83,73,70,67,100,46,45,72,92
20250926,6181,3945,3697,1756,2083,2344,3395,2073,1696,1329,1305,997,1638,919,1055,1218,792,2197,861,567,785,736,594,927,528,666,741,608,428,483,492,551,354,350,443,492,465,290,316,393,330,369,440,360,487,379,286,332,253,400,434,345,453,301,383,345,464,306,214,393,263,258,230,228,314,203,176,182,218,284,243,259,137,266,188,227,150,260,181,135,188,88,170,209,114,72,116,148,285,128,115,121,183,165,96,130,136,133,187,99,108,87,124,85,99,141,83,143,100,106,132,96,91,115,114,110,109,109,608,91,100,58,114,86,74,62,94,81,88,70,116,107,96,69,72,78,95,83,94,83,96,64,67,81,77,110,33,49,85,67
20250927,5884,3067,2242,1498,1721,1864,2870,1542,1308,841,971,834,1145,677,779,921,494,1624,652,377,524,624,436,743,485,534,671,491,303,431,337,353,254,275,340,354,338,242,171,253,253,267,374,269,362,239,221,213,167,325,360,189,340,240,362,252,326,215,170,316,206,229,229,175,242,199,172,138,154,290,210,192,109,144,164,233,140,161,93,85,79,74,136,175,132,70,119,139,243,126,100,57,144,117,63,72,89,105,146,77,94,68,81,42,92,78,99,122,63,60,104,93,63,78,117,84,88,62,116,72,83,31,138,47,50,45,81,81,63,59,80,61,60,50,61,42,85,82,77,79,110,58,54,64,57,67,34,35,64,45
20250928,5869,3192,2008,1595,1859,1755,2785,1471,1344,913,1032,1076,1095,694,768,939,665,1872,635,436,494,610,462,631,497,461,697,507,369,393,396,444,281,238,312,339,354,241,183,278,317,273,327,251,360,232,218,187,188,381,447,215,383,255,333,208,281,220,177,274,204,216,237,168,200,189,163,180,239,265,205,162,131,171,152,183,124,185,109,72,90,75,162,135,114,64,95,138,252,90,98,70,151,128,48,95,82,106,147,87,112,88,96,68,93,84,76,110,77,38,94,81,64,81,120,99,91,74,77,62,101,39,167,44,46,59,76,97,68,54,82,77,92,53,54,62,71,83,73,87,67,64,50,114,97,78,34,51,89,37
20250929,7007,4498,2778,1962,2083,2261,3274,2006,1722,1404,1475,979,1719,935,1292,1180,784,3206,807,620,825,778,704,1193,623,551,823,628,518,557,476,608,375,481,481,463,457,376,363,431,417,365,447,376,503,363,319,343,256,390,424,335,443,337,427,367,369,269,241,370,254,268,231,208,290,208,201,196,216,281,279,190,162,226,244,273,147,244,149,147,174,97,208,245,133,69,134,173,306,136,162,87,167,166,96,139,189,152,165,132,111,128,122,73,105,109,94,159,113,75,122,89,84,117,169,105,107,117,832,73,139,64,152,75,76,76,105,88,82,68,119,116,84,89,66,86,55,77,100,91,83,53,70,92,79,85,45,61,89,71
20250930,7110,4379,6625,1953,2699,2398,3340,1950,1722,1510,1525,973,1786,1726,1188,1208,855,2500,824,680,766,801,586,840,637,588,912,557,578,557,650,599,411,394,503,483,507,351,361,387,400,303,461,404,532,399,316,319,320,365,439,371,415,331,430,555,332,240,241,348,255,280,251,240,335,197,206,203,249,299,255,208,188,232,302,205,209,248,171,136,201,77,169,185,133,92,139,153,319,148,221,151,149,162,130,116,190,142,157,129,115,102,146,83,120,123,86,124,153,102,127,90,86,122,130,146,93,99,791,104,106,50,139,98,85,85,113,91,74,76,95,125,72,93,92,78,78,101,68,85,99,83,61,110,71,75,40,43,74,94
20251001,6565,4151,6652,1862,2275,2055,3454,1870,1657,1380,1321,933,2087,2303,1092,1148,930,1977,861,597,787,793,631,937,612,598,905,564,704,533,580,602,398,412,552,532,520,555,383,432,390,317,473,545,569,425,420,349,284,349,534,324,487,357,404,428,357,428,232,328,303,332,228,301,353,235,209,192,227,325,237,230,158,234,240,251,159,219,236,138,165,77,157,216,274,84,117,157,292,153,151,125,170,252,106,120,126,121,167,117,110,111,139,120,113,131,83,147,167,112,127,105,91,288,147,129,130,86,1067,85,126,87,150,136,59,66,130,91,94,46,94,114,71,89,98,94,130,72,96,89,86,64,71,74,77,89,37,50,73,89
20251002,7101,4182,2617,1756,2349,2101,3292,1784,1555,1308,1383,952,1905,1239,1043,1235,940,1873,896,658,780,882,641,756,636,488,796,523,668,547,465,541,363,361,478,489,580,341,374,404,449,287,460,638,511,385,335,308,271,324,435,295,729,371,388,293,363,280,260,367,283,328,276,219,316,260,184,186,228,318,465,418,161,216,253,229,168,220,196,140,217,96,170,200,133,84,186,151,280,147,156,118,200,194,125,103,147,153,181,306,109,124,158,89,143,143,59,124,108,102,107,95,108,139,139,125,119,94,1364,91,121,72,121,106,94,69,91,121,84,75,97,75,123,68,80,81,66,109,90,78,108,69,73,92,59,90,36,39,84,89
20251003,10525,4025,7923,1850,2018,2187,2974,1727,1429,1205,1346,961,1932,868,1005,1155,721,2012,702,556,775,838,573,770,533,465,777,486,439,464,416,511,333,381,464,456,460,286,332,355,388,252,515,459,445,390,295,276,262,330,436,277,531,290,363,419,361,256,230,361,295,239,241,212,309,224,224,167,206,264,249,1303,164,215,212,205,152,186,138,114,136,67,146,166,128,99,123,153,305,115,176,101,133,138,133,100,153,135,161,120,104,101,125,88,104,130,68,136,124,99,124,105,90,139,126,172,102,88,1495,79,115,58,108,87,66,56,86,111,102,65,100,92,119,75,70,78,83,93,84,91,84,69,62,69,71,79,37,42,72,80
20251004,6539,3149,5916,1461,2033,1865,2621,1586,1230,803,1106,848,1463,1878,824,1169,592,1764,671,380,634,609,444,640,540,399,792,411,394,388,354,547,274,255,299,360,329,406,170,297,323,210,391,623,386,328,224,198,219,248,680,234,385,236,283,230,265,328,170,267,200,214,188,227,206,164,194,143,188,225,226,153,120,182,214,177,117,173,118,95,92,49,130,157,176,77,120,127,324,83,107,76,117,116,88,81,117,115,155,112,80,59,120,51,86,97,60,118,124,53,87,76,83,105,114,122,94,76,105,57,98,47,114,37,56,45,74,60,119,54,81,107,70,40,89,49,104,65,63,100,76,44,50,65,59,65,37,26,48,33
20251005,8485,3110,2570,1459,1776,1784,2444,1337,1202,851,1066,712,1195,632,847,1129,612,1419,756,383,534,540,445,566,471,375,713,375,415,372,395,579,260,222,323,353,389,240,245,292,297,210,359,276,363,299,271,191,179,211,398,230,343,266,338,198,286,207,144,249,200,182,185,190,210,208,146,169,154,238,212,232,137,199,148,218,129,143,95,65,90,61,128,150,117,75,103,133,321,69,128,61,130,100,82,79,127,107,165,87,104,73,106,48,75,71,58,124,76,49,95,71,65,97,124,124,125,74,46,58,68,41,107,33,55,59,75,76,143,50,84,98,58,50,65,92,63,57,81,78,93,52,47,56,65,59,33,31,82,40
20251006,7571,4354,3160,1989,2350,2270,2913,1865,1605,1413,1440,993,1835,972,1134,1380,933,1589,888,590,1006,786,664,862,589,528,801,489,431,517,471,802,377,369,504,442,537,345,393,342,405,318,457,403,513,391,349,339,261,350,514,329,434,303,435,339,341,277,250,331,268,266,282,229,311,218,250,197,191,282,287,232,181,237,205,239,182,198,170,137,160,70,215,179,114,107,170,146,387,132,163,150,176,152,96,123,153,126,174,119,132,89,138,97,102,126,100,126,102,97,124,101,119,129,116,163,153,98,1247,103,119,68,113,95,71,80,110,82,503,89,102,123,78,62,71,90,81,110,115,90,89,65,64,99,67,295,34,59,74,69
20251007,9405,4446,2881,1916,2389,2558,3040,2055,1728,1451,1567,975,1638,909,1161,1560,840,1750,917,682,998,786,707,885,605,541,854,533,480,506,474,649,459,350,455,500,468,339,427,373,454,339,504,393,499,437,308,311,244,329,539,373,498,358,544,392,392,311,243,372,272,289,253,271,379,228,185,202,221,329,254,312,166,239,255,238,167,221,195,148,194,99,217,203,156,103,177,159,372,171,132,131,172,183,111,130,166,128,201,157,123,108,140,82,110,105,89,138,129,92,133,102,117,135,155,154,143,66,1189,68,135,87,129,112,138,77,101,84,153,86,111,106,91,92,73,98,88,97,98,85,95,86,70,84,65,189,51,61,89,68
20251008,9008,4732,3206,2031,2385,2318,3037,2114,1801,1405,1499,1013,1865,907,1175,1449,817,1703,902,637,976,822,760,877,626,540,855,526,541,586,527,616,396,417,483,504,567,333,439,411,483,332,431,380,520,412,367,330,267,337,484,373,468,341,509,321,484,291,248,478,241,290,271,252,331,227,197,187,237,467,266,177,163,230,207,259,165,251,205,157,195,96,177,181,133,128,172,143,337,161,127,143,188,166,137,132,143,172,193,211,110,116,145,91,109,158,89,136,109,123,126,109,106,115,154,109,130,102,991,82,115,91,134,85,95,75,107,90,105,95,111,107,86,86,64,77,61,94,88,74,98,68,87,81,65,167,27,44,81,90
20251009,8985,4538,3793,2184,2652,2487,3159,2135,1746,1402,1501,973,1744,930,1167,1475,900,1881,1013,615,972,915,705,890,621,541,765,541,468,514,516,570,380,399,471,464,584,376,441,437,449,304,519,400,579,455,315,357,288,401,463,361,481,350,581,461,622,268,258,441,274,284,257,246,302,221,213,179,235,733,297,305,179,271,255,254,151,230,183,151,211,93,172,215,141,83,171,140,353,162,133,121,288,167,133,141,138,155,199,192,114,132,163,106,131,136,107,153,124,101,120,92,108,95,156,116,146,125,1468,105,108,92,133,105,99,95,103,101,102,89,109,124,81,77,69,88,87,83,92,86,134,64,58,80,66,172,49,61,95,63
20251010,7450,4510,2648,1858,2120,2167,2979,1896,1671,1180,1263,936,1683,888,1157,1257,691,1708,853,590,779,812,636,805,534,511,916,513,750,487,480,465,352,435,412,430,492,328,299,309,395,301,450,370,559,410,301,278,239,409,479,289,504,343,820,564,407,284,227,360,240,295,213,282,247,198,179,181,192,406,270,416,165,241,222,270,142,225,169,146,164,104,187,157,131,88,128,170,375,186,125,132,184,179,100,140,134,149,183,148,102,89,121,79,125,115,99,139,111,95,131,113,83,101,143,120,113,106,907,69,88,77,110,88,84,77,76,89,85,84,95,87,70,56,70,77,73,91,100,87,84,58,56,74,81,83,51,63,119,59
20251011,10544,3316,2235,1538,1901,1842,2971,1493,1296,844,1152,799,1140,692,1297,1366,561,1362,706,389,604,690,456,579,452,348,756,444,517,371,339,385,269,215,287,444,385,241,179,342,344,238,411,244,400,286,191,183,178,308,477,196,419,284,546,284,353,246,177,311,201,279,195,183,185,189,166,143,180,265,187,1129,104,192,198,173,115,175,107,65,94,86,193,236,117,75,124,122,237,99,83,67,246,100,66,83,87,130,190,131,96,75,107,60,130,132,80,101,78,53,118,91,75,93,146,133,84,77,144,73,77,45,101,58,53,52,61,96,59,61,98,101,48,47,71,54,59,81,59,89,77,42,67,91,46,91,34,44,135,54
20251012,8878,3311,2361,1598,1912,1990,2905,1439,1314,776,1145,804,1254,662,1129,1537,581,1279,672,393,554,614,431,1030,497,413,727,459,433,398,358,425,285,252,325,365,399,250,202,292,302,293,435,278,463,270,212,210,212,317,443,243,372,303,530,186,355,239,164,278,189,226,226,185,232,215,127,163,183,269,222,365,111,187,162,220,131,157,94,80,99,76,174,180,117,82,112,134,251,95,112,73,173,110,156,96,113,120,157,108,108,75,86,45,81,108,67,112,61,52,97,101,69,88,100,148,167,90,77,89,88,24,115,75,50,44,79,61,69,57,100,103,53,39,62,47,52,90,68,107,80,65,74,49,49,121,34,37,61,32
20251013,9460,4558,2819,1893,2210,2390,3128,1799,1662,1498,1518,940,1637,1163,1448,1727,802,1512,902,547,808,881,613,785,587,541,882,523,494,500,533,555,402,349,459,421,511,348,361,399,419,304,367,362,519,375,375,293,268,337,597,372,388,359,662,341,422,302,209,379,283,287,237,259,261,226,191,168,264,282,230,275,141,244,233,244,153,202,139,130,201,93,188,207,152,109,167,148,329,136,118,126,187,175,133,93,163,153,172,126,108,100,107,75,127,130,145,121,98,130,148,79,80,124,135,121,98,85,1123,97,101,86,122,99,81,78,86,81,83,69,117,125,81,78,67,77,77,86,87,86,104,71,61,90,73,82,44,43,86,89
20251014,8722,4579,2882,1941,2255,2450,3063,1923,1776,1664,1586,990,1820,973,1419,1725,857,1606,948,609,900,948,651,986,678,605,979,561,605,585,523,788,417,385,533,510,542,331,407,409,448,335,368,414,564,424,331,321,266,468,562,349,469,391,512,561,398,328,225,447,273,375,236,258,293,226,207,197,283,300,264,295,139,243,208,253,169,226,207,141,207,131,209,239,159,114,160,160,297,144,151,157,180,173,139,108,150,208,206,182,145,103,143,123,113,126,85,143,107,85,154,103,91,157,146,113,115,112,968,110,93,91,156,98,95,77,98,115,90,86,91,127,86,88,82,72,82,110,86,101,90,98,85,99,104,73,42,74,155,76
20251015,9457,4423,3525,1914,2327,2472,2915,2006,1743,1433,1624,1033,1927,931,1356,1491,853,1823,1328,728,958,847,741,731,650,551,817,520,564,578,508,650,369,394,550,469,459,311,453,1017,455,343,434,364,549,446,304,344,253,370,501,386,475,349,483,482,474,343,262,434,263,333,252,252,295,230,184,204,262,265,261,262,173,266,243,257,162,214,194,163,211,124,208,192,145,89,156,175,310,180,160,126,194,194,143,144,168,187,206,776,129,115,182,103,132,142,103,137,113,108,145,122,92,104,153,140,131,90,832,97,166,77,121,116,79,89,107,113,102,91,111,130,67,85,66,84,66,94,116,98,108,63,73,98,53,102,44,60,107,76
20251016,7501,4407,2821,1930,2220,2344,2834,2003,1704,1318,1572,1104,2014,885,1146,1485,835,1865,1090,568,868,874,693,927,622,446,827,480,553,544,514,594,391,418,486,440,437,337,484,851,436,322,414,465,546,409,342,346,269,337,458,326,397,347,426,377,438,304,249,351,327,326,223,304,290,214,215,199,230,309,268,187,164,256,246,250,178,216,166,158,190,114,253,190,142,88,173,165,266,164,134,150,200,195,92,120,205,170,150,704,103,116,138,115,122,174,101,197,145,117,119,122,96,132,136,133,226,87,1147,97,162,88,158,88,79,90,90,102,94,73,88,103,79,91,89,78,64,88,99,91,102,83,72,94,72,105,37,53,97,70
20251017,7189,4114,3216,1817,2073,2193,2798,1788,1692,1152,1466,912,1775,844,1150,1434,775,1706,882,510,850,734,577,866,531,579,870,593,523,496,431,488,353,347,473,413,450,287,344,566,504,284,429,411,475,372,362,286,239,335,523,361,402,328,509,361,391,266,214,388,334,250,207,213,263,191,184,179,222,233,244,202,155,249,212,269,160,199,141,113,155,91,203,184,150,90,155,155,252,160,114,127,163,177,95,141,170,127,174,199,120,109,176,78,102,131,85,137,100,97,78,107,71,115,123,126,114,104,1427,93,133,59,130,100,77,64,100,117,88,82,99,106,52,59,67,99,70,74,92,62,87,72,68,86,87,82,56,33,112,64
20251018,7626,2862,2256,1579,1672,2164,2484,1448,1239,778,1126,1018,1309,678,897,1361,493,1389,691,409,663,614,458,745,506,451,713,369,430,376,385,368,232,239,374,308,349,225,184,368,324,244,302,261,401,270,224,211,180,270,525,237,294,367,325,220,342,633,156,208,225,220,208,178,218,173,162,155,212,218,200,212,124,198,165,221,135,166,105,71,90,89,154,191,122,76,117,131,211,110,114,49,163,126,65,80,103,123,170,132,94,58,137,75,94,92,65,121,76,47,107,85,55,71,153,111,107,88,165,59,84,25,111,58,37,49,82,71,61,68,77,85,56,38,69,55,51,56,61,76,67,36,72,70,72,61,48,42,70,22
20251019,6158,3072,2273,1334,1833,1744,2499,1385,1309,810,1284,817,1107,622,1046,1214,472,1470,684,598,589,640,443,754,483,390,735,417,431,455,330,419,297,214,357,275,381,263,155,316,340,266,348,258,350,255,275,194,171,289,437,209,362,302,308,200,339,362,157,249,204,267,244,182,262,200,180,180,190,229,243,178,123,193,169,230,150,153,98,83,99,78,182,140,106,91,109,160,253,90,124,65,124,245,54,87,89,141,161,106,99,71,94,38,92,83,87,121,165,55,122,69,84,87,124,99,120,72,33,77,92,33,121,29,43,54,79,71,69,63,80,105,70,49,66,80,60,66,77,71,70,53,46,80,58,215,72,42,84,23
20251020,6091,3875,2849,1960,2271,2248,2627,1750,1827,1259,1438,890,1668,1074,1188,1307,773,1632,931,604,818,754,616,803,562,543,816,542,539,539,510,521,361,418,482,402,445,291,343,418,417,295,374,387,502,423,294,328,286,362,521,316,368,334,459,311,441,356,235,290,298,293,297,221,339,203,214,179,259,550,280,194,150,231,266,265,171,269,172,133,149,123,229,191,133,89,166,185,271,142,126,124,170,351,134,99,185,156,201,214,130,122,138,94,130,123,87,141,88,80,116,92,108,89,171,115,142,114,221,95,355,77,117,84,73,77,94,90,72,80,89,126,65,71,76,102,74,86,92,94,85,81,60,88,61,231,56,64,75,55
20251021,6645,3875,3160,1892,2247,2261,2969,1781,1657,1407,1443,1023,1790,921,1125,1425,849,1721,935,599,886,889,695,846,618,501,786,508,501,618,501,604,410,389,511,443,464,361,381,408,409,306,352,443,537,426,333,326,273,372,446,386,421,375,435,386,460,276,235,345,272,281,436,271,298,227,241,171,255,436,263,209,174,273,248,231,164,253,167,150,160,98,208,227,145,90,181,148,287,156,172,130,173,189,115,114,151,147,184,142,108,113,142,93,128,141,87,162,105,96,143,107,97,121,139,107,131,103,307,81,120,78,158,106,76,106,133,92,87,79,104,102,75,67,94,88,69,70,77,107,82,62,65,90,84,126,44,42,76,67
20251022,6671,4017,2521,2072,2361,2311,3114,1958,1776,1336,1475,940,1795,940,1220,1309,847,1826,903,662,877,886,658,823,597,532,801,510,555,566,542,572,350,377,514,427,512,354,364,388,395,327,382,416,508,397,321,344,309,368,409,376,466,361,439,429,390,311,214,338,284,333,265,237,319,226,194,155,266,310,260,203,158,273,211,245,151,233,173,136,159,93,168,158,145,117,157,155,402,190,125,146,181,186,109,121,161,148,181,111,144,123,159,87,108,152,70,151,108,118,102,103,106,119,147,113,117,117,47,115,121,84,126,107,60,83,145,116,93,86,94,107,80,93,71,98,80,86,106,85,80,65,81,73,82,116,58,72,85,55
20251023,6500,4093,3096,1901,2225,2467,3251,2137,1788,1342,1440,954,1777,852,1142,1360,940,1890,962,634,869,850,618,858,557,552,801,477,594,558,555,545,386,415,484,434,536,344,389,384,394,340,347,397,561,435,321,347,278,353,531,417,469,302,432,315,448,294,246,366,312,318,297,236,310,225,197,184,249,337,303,187,153,250,259,407,170,209,157,154,178,112,168,187,142,108,166,163,349,244,173,140,208,197,90,125,145,155,164,116,119,108,112,101,140,256,92,148,131,94,122,106,108,83,168,120,128,112,45,101,110,69,143,95,72,104,96,93,90,62,98,101,90,81,86,92,80,84,100,96,80,86,66,101,70,109,40,61,112,74
20251024,6042,4232,3291,1780,2098,2013,3087,1940,1551,1156,1395,840,1645,821,934,1416,901,2482,818,570,725,762,580,1123,570,496,772,553,535,457,434,525,338,401,513,420,451,304,288,359,365,314,336,373,541,375,328,366,240,357,456,428,409,288,402,361,436,316,206,379,332,287,280,206,300,174,237,174,257,272,265,169,185,249,219,289,141,207,172,146,164,102,145,155,152,118,134,155,406,179,133,112,177,180,145,108,173,155,191,119,118,113,126,70,122,147,78,127,120,98,114,107,67,99,146,110,120,105,82,82,113,55,112,129,79,84,101,100,85,70,93,99,61,70,73,83,81,89,99,171,94,46,91,109,74,69,47,68,86,72
20251025,6361,3013,2717,1501,1927,1739,2933,1522,1261,788,1064,802,1203,678,768,1181,576,1324,615,395,473,594,415,584,460,369,684,675,416,338,380,397,249,254,321,302,376,266,188,317,302,233,319,236,404,282,212,181,212,293,611,233,384,231,314,263,315,235,177,278,199,213,189,159,237,184,147,136,181,228,219,195,88,177,172,225,98,205,90,94,87,90,123,127,131,91,129,122,297,101,97,53,120,119,125,64,132,122,171,170,109,76,96,43,95,96,151,119,90,67,108,92,79,83,139,88,88,79,42,67,105,38,126,51,49,74,71,65,211,68,65,62,76,50,86,60,55,79,73,78,69,49,69,55,58,75,37,36,74,40
20251026,5942,3023,3308,1532,1960,1625,2853,1442,1258,784,1076,770,1110,693,792,1361,644,1403,742,571,498,552,436,656,507,377,684,575,387,396,388,387,277,235,334,309,361,313,164,312,287,252,294,229,347,248,200,214,205,323,426,230,342,260,356,259,316,223,162,257,238,272,214,214,228,178,245,161,395,255,217,128,129,188,177,231,119,170,84,73,81,80,137,126,112,85,132,128,249,120,125,65,158,110,63,96,110,119,193,104,80,66,102,47,99,93,68,133,77,83,92,81,79,92,145,90,100,78,43,60,82,30,120,57,57,65,73,72,72,46,61,90,49,46,102,49,53,56,84,82,82,66,64,71,67,61,39,35,73,44
20251027,6739,4469,3088,1845,2186,2279,3582,2159,1650,1289,1445,876,1801,943,1213,1372,959,1485,846,745,801,892,669,846,595,497,804,663,524,495,457,551,369,445,484,513,507,433,366,384,441,308,358,368,476,394,311,326,311,461,644,372,479,352,389,341,415,281,274,371,264,244,276,220,292,197,225,169,375,317,315,186,178,270,223,273,147,235,175,158,173,112,162,160,141,98,177,153,310,154,154,121,170,182,121,119,179,138,161,98,114,138,130,92,91,153,86,153,134,119,134,112,93,118,180,144,134,97,718,106,86,72,104,103,82,96,94,91,99,75,90,123,74,98,80,79,78,106,92,88,144,77,82,94,77,256,51,51,86,56
20251028,6620,4543,3224,1917,2130,2274,3439,2018,1698,1332,1375,993,1475,904,1152,1288,775,1719,822,696,818,823,675,984,606,561,818,573,1010,512,477,549,369,491,562,506,424,369,339,353,453,289,334,364,503,451,298,299,272,341,482,404,458,356,453,301,406,305,237,315,272,272,256,227,300,188,214,170,267,293,298,206,160,282,270,269,150,254,197,139,218,120,199,156,153,99,158,158,351,143,141,144,144,178,110,117,190,142,157,118,117,112,135,92,143,140,70,130,124,180,118,129,74,108,154,124,119,92,969,91,129,83,111,93,93,99,117,97,83,91,103,98,72,91,61,121,86,97,91,81,96,57,72,90,94,137,38,59,85,68
20251029,6651,4643,3346,1971,2261,2146,3231,2031,1719,1298,1348,901,1456,948,1193,1343,775,1685,861,881,763,802,619,996,602,472,874,544,722,522,467,525,363,373,525,448,422,363,319,403,430,313,349,399,487,388,296,335,225,337,493,396,416,351,392,335,396,280,233,330,358,271,271,248,310,225,231,158,257,274,294,178,161,262,181,277,164,234,208,136,169,109,190,145,154,100,147,174,289,129,147,135,156,136,104,143,167,152,150,105,116,94,111,170,130,161,91,116,122,140,140,101,79,108,144,114,127,99,726,88,81,86,190,108,74,93,100,107,77,63,97,109,72,88,72,98,80,97,101,90,87,69,67,90,89,76,36,71,78,63
20251030,6612,4187,3161,1915,2113,2351,3364,2063,1728,1315,1462,927,1544,940,1029,1216,877,1512,883,1066,815,879,619,1192,588,435,784,519,642,497,490,523,384,375,460,453,481,371,363,339,390,335,392,372,506,403,332,348,398,339,539,396,413,345,421,361,448,261,205,363,257,284,265,230,303,215,214,162,257,269,278,217,193,259,237,226,155,291,171,127,201,113,155,148,172,99,155,175,308,161,120,118,176,177,109,137,144,156,196,140,137,114,124,98,118,146,79,170,129,138,119,93,113,83,143,107,102,83,1372,91,88,75,130,77,75,92,113,96,94,68,79,107,64,72,63,92,84,85,87,90,93,72,64,102,64,83,51,133,83,57
20251031,6087,3536,3063,1865,2032,2037,3128,1856,1563,1174,1169,965,1402,1319,1044,1185,765,1345,825,1011,786,755,498,1184,516,406,718,478,600,446,431,462,366,311,466,491,449,306,379,317,398,240,346,346,521,389,289,325,208,310,467,319,417,387,438,296,376,246,186,352,267,287,238,208,278,183,324,165,238,293,318,210,143,238,154,231,133,185,146,121,140,98,182,179,172,87,152,160,292,102,126,101,153,167,120,110,179,224,184,189,108,133,113,79,135,118,67,137,103,117,95,85,81,108,125,112,109,81,642,81,89,61,109,90,82,82,73,94,98,136,80,92,54,69,61,84,69,77,100,88,86,57,58,67,64,71,36,45,69,63
20251101,5847,3002,2295,1544,1807,1718,3261,1511,1276,854,972,751,1096,634,807,1089,535,1033,876,776,595,597,408,1691,554,362,712,410,476,444,395,432,261,266,316,613,349,326,253,253,374,229,317,243,545,459,251,192,230,282,427,233,327,322,436,222,241,199,150,255,213,273,231,206,189,183,337,165,310,257,294,146,108,172,122,202,103,175,85,69,90,74,155,160,169,65,127,139,389,128,96,57,119,185,75,84,196,267,169,107,94,138,77,52,108,87,77,122,66,260,117,82,94,74,107,86,110,97,166,80,55,37,111,67,54,76,82,86,85,223,70,87,46,57,57,56,77,68,77,79,68,69,53,66,70,90,32,45,81,37
20251102,6218,3077,2024,1535,1842,1680,3398,1463,1692,861,1103,835,1069,666,809,1064,533,1232,865,717,576,635,430,712,492,375,762,416,535,374,490,433,255,251,359,591,355,360,211,259,453,250,296,257,569,424,215,216,211,294,429,226,346,337,410,196,250,176,178,267,219,227,234,204,204,183,388,161,241,279,282,163,123,218,164,265,109,159,105,80,91,77,148,131,197,87,150,159,446,90,124,88,101,121,50,82,203,292,175,93,88,176,75,52,103,80,75,132,64,115,93,58,101,96,110,84,105,62,42,59,64,29,128,46,57,63,75,67,84,249,72,72,35,46,89,47,87,74,104,84,72,71,53,82,71,73,38,40,87,31
20251103,5955,4350,3260,1916,2253,2241,2970,1902,1977,1289,1408,904,1664,959,1188,1261,795,1398,1088,927,851,840,628,767,555,468,912,506,559,525,516,532,359,361,548,765,499,393,380,344,565,305,313,333,636,592,332,322,289,343,486,354,425,439,550,360,373,266,241,314,344,445,308,258,292,214,442,208,284,276,380,172,181,259,196,325,126,205,188,118,151,115,182,147,181,110,193,156,414,149,120,118,161,192,113,116,216,339,181,109,115,221,111,97,120,122,82,129,122,119,117,101,129,111,138,120,104,100,276,145,196,569,169,105,99,97,102,102,93,274,71,129,48,92,76,85,83,99,101,75,83,61,92,102,64,165,41,64,77,58
20251104,6683,4636,2670,1804,2105,2167,3616,2053,1968,1317,1361,924,1668,948,1054,1452,856,1431,994,899,897,785,652,843,573,487,876,526,559,510,528,557,405,348,482,670,491,327,439,357,478,310,341,396,664,572,343,310,245,375,466,354,481,401,499,363,389,256,280,355,338,497,281,269,279,209,363,198,254,267,340,173,178,252,197,277,142,225,170,147,187,114,180,188,183,129,178,168,346,146,160,131,141,192,126,138,299,249,181,159,142,185,144,77,142,121,108,138,129,110,125,124,144,103,148,103,125,106,604,108,101,64,224,91,99,92,86,81,90,209,70,96,74,65,71,109,73,89,104,66,82,68,76,108,65,109,48,53,80,78
20251105,6588,4769,2587,2009,2175,2173,3195,2025,1797,1376,1267,953,1730,918,1061,1343,914,3232,1009,939,943,935,597,1028,576,494,774,525,491,471,848,523,417,430,497,1000,458,306,370,364,434,336,354,427,578,492,353,316,295,327,470,327,433,463,456,323,388,262,283,340,310,306,281,259,284,228,337,194,238,265,280,194,154,228,202,283,140,230,169,138,146,109,169,176,169,138,169,176,402,162,149,126,183,256,106,108,230,253,220,127,135,198,114,99,125,159,116,155,120,203,106,93,136,112,149,122,114,106,396,107,101,81,136,94,81,78,101,86,92,182,99,94,75,74,108,79,91,84,100,96,91,72,74,81,61,91,35,64,83,78
20251106,6223,4777,2840,1954,2276,2165,3491,2158,1927,1371,1369,969,1956,926,1140,1342,791,1806,1010,944,898,858,686,883,540,455,842,881,509,508,4613,532,378,398,507,681,504,335,401,360,435,308,395,390,634,558,311,355,273,332,464,375,432,503,488,569,420,303,227,413,251,369,251,233,301,209,361,187,262,263,298,278,148,256,223,301,130,207,194,152,183,105,188,181,166,112,179,163,382,143,136,115,176,302,125,122,292,282,164,144,107,201,113,92,150,162,80,154,107,207,105,102,155,95,163,145,95,85,897,91,108,68,144,99,80,95,92,100,104,214,93,112,78,85,78,88,78,88,101,111,100,60,51,98,84,92,52,54,67,60
20251107,5649,3891,3182,1683,2131,2104,2894,1877,1859,1217,1329,832,2315,949,1022,1192,737,1748,1035,982,792,768,546,777,610,471,766,600,516,480,3761,558,331,390,491,700,506,311,373,314,373,275,327,453,717,551,329,290,250,333,513,363,852,432,460,323,456,252,249,367,293,316,227,193,265,311,368,194,263,256,328,221,150,222,214,255,117,241,175,133,141,96,153,172,150,64,389,163,386,136,126,141,186,169,125,123,260,319,172,159,122,184,116,84,139,163,101,138,116,122,169,91,161,100,150,149,120,105,786,87,86,85,187,121,88,76,92,105,83,252,86,104,85,97,90,91,122,76,97,74,71,77,75,97,72,99,41,40,84,84
20251108,5308,3025,1892,1399,2041,1723,2608,1443,1364,890,1061,771,1341,657,816,1077,536,1169,867,749,747,653,411,513,489,402,840,408,418,394,3006,403,237,255,345,756,354,260,249,274,293,260,300,285,600,476,240,185,212,280,689,216,634,313,394,260,423,300,162,297,214,213,210,170,170,267,384,154,187,218,307,177,119,176,183,321,133,154,96,75,98,64,133,132,143,79,219,121,299,95,129,73,164,113,55,86,194,290,172,147,93,162,134,55,102,102,77,133,75,93,134,68,107,127,112,91,101,109,121,60,59,31,120,77,60,61,92,69,66,211,71,74,93,36,103,52,50,67,76,97,66,50,74,83,70,60,34,65,69,27
20251109,5115,2997,2047,1339,1789,1630,2334,1395,1391,829,1064,865,1224,638,910,1265,506,1151,846,701,524,660,617,528,493,355,852,366,458,396,2093,968,265,259,323,558,333,234,205,241,316,231,295,243,525,432,255,235,205,265,422,207,436,321,449,276,356,286,154,246,204,205,237,200,204,213,335,150,195,406,380,138,128,183,187,277,119,172,127,92,103,84,135,154,149,92,144,164,298,93,117,91,154,111,271,99,192,266,200,116,96,193,104,45,149,103,76,125,96,92,113,77,128,107,140,110,132,95,53,54,84,31,115,71,71,47,146,71,248,220,89,73,81,41,92,70,57,83,94,89,53,57,81,66,57,67,45,38,75,35
20251110,5585,4033,3061,1660,2049,2019,2785,1982,1824,1335,1353,1031,1918,932,1100,1285,873,1436,1017,932,864,760,656,853,579,509,921,532,585,517,1662,867,404,389,552,773,460,356,314,294,463,320,326,407,712,674,357,331,304,366,516,333,477,432,523,438,381,294,220,349,289,244,243,209,270,205,381,200,264,493,428,210,191,251,199,252,166,240,136,125,176,102,177,141,159,77,200,142,363,144,135,112,165,171,337,128,245,342,256,133,116,220,132,91,130,177,80,122,121,1659,121,94,152,111,150,118,106,116,636,92,104,70,109,93,84,99,255,96,175,248,97,139,87,71,119,74,74,84,120,80,77,73,81,91,79,79,38,50,83,52
20251111,4648,4381,3134,1782,2035,2164,2522,2006,1792,1315,1424,847,1987,859,1220,1329,758,1403,1090,846,794,821,596,976,594,497,907,534,495,532,1290,696,372,364,528,748,415,332,345,362,471,302,385,690,705,681,322,334,267,337,533,385,447,442,536,585,479,283,246,386,383,297,239,203,279,242,418,200,236,328,341,148,147,232,207,229,162,249,188,140,142,140,213,167,151,114,179,144,375,133,149,128,185,151,242,123,275,352,267,398,105,209,104,107,123,146,115,130,124,480,111,85,141,143,143,122,149,119,693,94,92,85,150,103,91,74,136,86,168,267,85,100,63,94,80,91,88,103,135,114,87,77,77,99,73,77,41,48,90,77
20251112,4415,4407,4430,1744,2202,2215,2349,1924,2299,1403,1348,875,1932,878,1170,1295,1043,1640,1165,873,843,943,635,1048,711,514,874,539,502,570,1377,714,415,373,553,777,453,363,383,356,444,306,373,483,694,1512,362,350,288,367,489,439,460,507,514,514,400,312,278,425,325,326,237,231,310,226,394,201,259,323,331,177,167,225,209,264,150,256,169,164,189,138,225,137,167,107,200,184,373,156,150,132,195,225,187,144,279,330,205,521,113,225,127,105,141,139,86,113,127,294,101,96,146,129,167,129,139,113,811,93,77,67,182,109,98,81,137,98,138,258,89,111,85,89,116,82,82,105,116,85,70,70,78,113,59,88,47,53,97,82
20251113,4378,4225,3818,1742,2037,2133,2117,1806,1797,1199,1356,835,2085,884,1159,1235,992,1839,1067,921,759,805,613,923,589,459,820,494,498,484,1145,780,372,368,577,767,480,353,358,299,392,288,347,426,712,1123,349,315,314,374,499,391,458,497,473,457,388,307,236,419,255,358,258,289,329,226,397,170,262,271,344,208,147,276,236,252,165,232,170,129,179,111,186,147,134,91,238,184,438,113,135,140,200,192,203,129,284,299,177,462,133,227,111,96,127,162,103,139,116,206,120,91,162,122,132,106,409,102,1012,99,111,85,138,111,73,84,137,96,146,264,169,90,58,62,88,106,106,74,111,84,79,59,96,95,68,97,42,58,79,106
20251114,4565,4117,3466,1725,1930,1844,2456,1771,1802,1157,1525,765,1840,816,999,1086,797,1535,1039,796,764,779,567,805,617,463,762,437,539,441,1086,602,316,337,520,704,461,327,350,339,403,301,349,379,740,603,303,307,235,327,452,362,478,427,463,409,362,268,254,362,247,287,223,225,241,247,365,174,213,270,307,153,137,238,181,282,144,243,144,117,126,106,179,160,132,76,190,145,342,139,124,131,166,156,172,106,243,349,185,362,122,196,106,82,111,128,71,114,111,179,137,97,152,114,126,128,303,99,709,85,94,67,159,92,65,73,188,90,93,260,132,107,71,70,64,63,83,66,171,87,84,77,87,102,86,95,53,37,107,79
20251115,3777,3323,1981,1347,1638,1497,1901,1430,1397,758,1077,763,1290,689,762,1033,535,1220,814,669,528,615,418,519,489,359,699,413,470,360,748,476,280,215,343,640,329,248,206,273,329,228,293,279,580,492,246,172,201,230,368,249,373,358,399,188,286,244,169,320,207,218,214,239,213,203,364,149,180,223,327,173,103,195,167,217,150,213,108,65,81,84,150,128,157,67,123,142,260,102,99,67,126,124,101,90,185,312,185,344,101,154,83,55,108,82,62,108,83,76,111,95,132,134,124,89,368,64,104,64,75,39,113,49,79,50,154,70,94,204,77,120,58,37,89,53,60,72,143,65,76,46,68,62,45,121,54,32,127,43
20251116,3976,3162,1976,1301,1969,1630,1955,1404,1440,836,1008,594,1308,654,870,1025,485,1236,732,629,520,634,374,563,545,357,729,424,615,403,611,468,254,212,315,642,351,269,206,253,375,238,328,245,534,473,232,189,235,275,442,264,361,350,449,194,260,221,164,225,204,237,189,192,216,169,341,209,195,216,310,134,120,168,133,198,110,168,81,55,86,71,152,132,128,76,132,132,218,113,104,74,129,130,96,87,187,312,188,121,104,171,100,51,119,79,65,103,67,105,98,70,113,102,113,164,138,94,54,79,57,32,124,63,72,54,119,84,95,229,76,96,71,46,59,71,58,57,98,66,71,69,73,77,64,87,33,41,89,44
20251117,4547,4303,2852,1775,2701,2082,2406,1842,1969,1274,1302,889,1973,905,1056,1320,908,1555,1008,795,810,793,662,726,540,502,820,487,604,483,655,636,374,367,497,725,458,325,372,377,454,294,333,395,659,620,319,332,268,350,1200,398,485,475,448,305,337,279,183,360,238,308,235,271,309,237,368,193,266,278,282,178,159,218,197,248,152,237,162,128,144,95,202,160,192,106,176,189,353,129,128,134,170,175,143,143,260,314,223,118,133,183,115,91,155,129,106,138,114,450,134,80,128,97,133,154,126,110,411,107,74,50,142,88,90,69,115,85,110,248,89,101,89,69,77,87,67,73,104,111,88,82,85,90,88,77,46,46,99,71
20251118,5091,4735,3580,1877,2371,2251,2393,1947,2009,1408,1374,909,2241,1055,1059,1418,892,1645,1201,999,930,991,642,918,679,519,998,1183,543,513,871,615,394,402,610,824,504,348,348,420,463,345,387,407,774,687,328,427,286,358,986,375,493,487,518,312,386,287,288,397,256,313,311,259,305,248,412,225,291,543,351,211,174,260,239,297,167,280,332,128,149,115,191,156,177,114,199,212,346,155,164,147,169,207,141,147,299,318,170,113,132,219,185,104,146,146,116,164,154,245,140,111,137,125,147,153,137,100,532,108,159,79,129,100,94,110,150,118,103,278,100,103,62,83,88,90,104,88,127,120,95,86,91,99,74,78,54,67,147,87
20251119,4653,4542,3664,1796,2204,2329,2776,1941,2290,1377,1471,875,2216,982,1054,1340,908,1667,1103,915,793,839,628,1109,619,544,818,530,562,518,873,619,347,351,511,911,489,360,397,358,393,340,411,459,676,627,307,357,312,344,582,476,444,459,497,341,392,271,240,411,257,278,251,250,294,229,383,243,276,353,276,215,165,239,202,266,163,263,228,118,161,138,183,175,153,98,203,190,379,153,178,120,163,205,165,120,272,315,188,143,144,208,186,91,122,165,97,116,138,152,100,96,147,257,173,134,129,100,579,99,114,82,145,109,80,94,115,118,112,220,89,104,73,102,81,93,86,91,124,100,75,64,101,88,70,108,43,44,87,93
20251120,4467,4642,3637,1717,2138,2062,2489,1903,2103,1373,1370,829,2074,1015,1065,1343,923,1693,1495,790,809,890,640,912,657,507,765,544,524,580,916,659,339,325,576,830,528,360,369,339,486,311,370,386,615,512,330,387,254,338,483,359,435,486,505,512,392,261,211,370,230,285,226,258,288,206,351,179,236,269,291,160,181,231,190,274,134,227,191,147,176,133,202,167,154,86,196,204,380,139,151,123,188,207,137,101,244,266,164,105,139,221,103,86,120,222,117,130,133,154,114,82,158,260,153,124,114,97,920,111,476,104,147,87,91,81,115,105,166,180,89,100,55,62,80,64,96,78,125,95,99,69,81,107,60,93,38,100,99,59
20251121,4383,4537,2773,1770,2087,2023,2504,1782,2071,1353,1240,868,2182,1008,1026,1253,793,1683,1177,798,737,830,538,769,588,508,799,582,504,439,1051,546,353,348,517,694,504,330,315,333,569,288,343,449,627,545,282,337,274,350,473,328,430,424,483,458,374,287,188,361,290,287,210,237,268,241,334,189,229,249,271,156,149,245,196,230,147,492,183,123,150,125,147,156,158,85,199,197,305,152,156,123,153,154,123,88,233,292,175,140,133,165,140,91,123,857,81,137,116,125,138,87,167,143,110,112,142,124,767,118,94,78,206,81,87,74,85,106,94,240,71,85,59,72,97,70,73,81,98,87,88,64,93,79,74,72,54,67,85,71
20251122,3947,3006,2135,1387,1681,1495,2125,1507,1620,943,1122,685,1395,669,798,1051,995,1313,922,569,578,640,370,681,532,316,736,339,418,351,1099,372,272,240,335,592,364,232,166,292,392,220,265,277,520,444,206,191,191,234,415,229,325,331,341,323,376,231,143,261,205,200,183,206,187,161,338,162,296,219,212,122,117,193,263,199,100,201,103,77,88,73,161,107,113,82,145,122,222,129,123,66,157,155,101,72,203,254,161,107,85,144,139,51,102,348,71,123,96,84,88,75,162,125,117,127,94,79,213,101,66,41,149,49,89,41,90,91,90,225,88,72,43,41,102,60,59,79,78,72,54,41,58,65,65,97,33,41,85,43
20251123,4086,2881,2372,1307,1769,1703,2234,1452,1519,877,1053,878,1382,664,790,1070,639,1409,1035,650,601,676,408,645,543,387,804,395,402,387,1085,504,251,203,322,655,336,264,199,293,402,262,316,261,529,487,209,195,206,290,430,213,319,379,473,229,441,249,136,248,179,212,253,215,191,190,384,147,171,234,240,159,122,161,158,213,125,142,111,63,74,84,327,142,166,96,143,179,353,114,269,56,149,151,85,82,210,343,152,93,90,173,130,42,100,261,68,121,83,77,114,89,128,92,125,115,249,87,54,67,67,27,129,39,69,56,69,73,138,250,91,95,52,39,92,67,66,76,79,74,61,46,96,69,80,1353,33,40,101,35
20251124,4320,3932,2897,1887,2247,2147,2412,1992,1804,1452,1316,887,1963,906,1132,1272,757,1516,1089,934,812,881,515,740,646,440,882,557,540,483,1183,525,408,340,518,823,434,359,316,337,550,302,391,358,766,583,315,327,309,357,508,403,460,465,528,468,436,307,237,392,263,265,292,283,273,251,425,197,238,256,268,189,167,253,238,302,154,208,191,146,177,99,246,159,167,88,179,192,419,162,259,145,157,184,123,136,287,348,200,129,115,194,150,88,132,252,112,116,143,124,167,117,163,108,124,135,162,106,668,92,127,65,144,64,99,67,95,99,129,273,89,95,71,72,92,78,74,89,102,64,91,54,75,73,81,310,44,57,81,85
20251125,4506,4186,2997,1742,2456,2189,2545,2047,1881,1385,1291,795,2033,866,1102,1205,1098,1788,1095,892,1114,846,628,765,602,480,713,513,514,532,1103,557,354,345,537,826,494,356,366,414,431,326,323,420,673,617,333,318,283,337,529,365,591,474,504,684,411,300,237,711,286,286,292,290,281,370,454,222,212,279,242,211,171,237,233,322,182,223,179,140,158,110,186,153,171,91,182,175,348,143,259,150,172,189,143,141,258,293,194,111,119,225,135,95,131,340,126,131,137,143,133,94,153,111,175,131,102,119,680,103,104,77,150,80,127,84,129,102,125,299,83,120,90,73,98,81,83,74,160,102,77,61,90,91,78,129,45,47,105,76
20251126,4863,4085,2648,2385,2060,2098,2585,1873,1786,1290,1364,864,1916,854,1148,1177,774,1730,907,901,934,840,593,828,590,504,872,510,538,520,1197,506,354,386,508,647,471,340,322,319,449,277,357,415,565,483,330,290,283,316,480,375,495,396,408,539,355,272,206,426,274,321,290,282,266,208,356,187,233,285,319,197,152,260,191,254,150,203,199,125,287,119,169,146,144,85,177,177,441,146,166,166,154,149,121,95,196,273,161,152,94,164,117,83,112,611,113,139,133,115,108,95,162,112,154,147,120,143,438,91,110,65,131,83,111,73,99,72,100,179,88,105,64,64,79,112,69,72,112,90,83,80,64,75,79,137,51,53,86,51
20251127,4332,4039,2761,2496,2125,1895,2411,1830,1624,1595,1383,802,1922,752,1002,1084,653,1890,1227,816,847,955,520,873,586,420,806,679,498,497,1097,486,371,309,580,587,431,314,294,326,446,289,318,364,587,473,266,300,259,312,998,299,552,413,469,521,363,254,190,431,262,362,269,242,241,256,392,207,211,289,260,185,137,233,213,317,182,168,150,102,157,109,158,125,154,81,141,178,321,113,176,107,156,153,134,117,207,276,147,106,128,143,91,96,112,219,110,129,134,100,104,97,166,106,179,119,129,101,183,79,382,69,156,85,92,71,85,67,118,182,97,70,67,65,80,83,66,96,98,92,74,60,54,72,60,93,37,37,85,74
20251128,3961,3567,2479,1561,1821,1867,2413,1730,1500,1041,1150,755,1719,823,968,1029,592,1781,974,731,731,1085,501,647,514,416,629,496,510,474,926,502,320,280,630,611,433,243,275,282,371,266,293,346,578,501,232,265,219,282,718,308,428,429,423,474,303,253,174,311,216,262,288,218,211,242,358,182,211,229,247,165,155,209,173,257,165,208,141,93,144,123,162,134,169,74,158,159,316,92,178,116,138,133,176,87,204,251,239,120,99,177,108,77,128,184,105,151,131,86,107,84,120,98,147,100,99,102,78,85,158,53,149,55,76,57,111,92,101,222,87,90,69,50,74,75,55,59,99,89,166,62,67,75,71,85,33,41,85,55
20251129,3820,2858,2336,1410,1656,1499,1933,1430,1344,716,1023,698,1227,615,794,969,476,1519,986,606,541,861,377,542,516,344,753,456,371,423,944,447,238,223,334,613,414,231,204,262,315,216,289,310,525,503,190,198,181,270,553,203,373,401,435,205,283,220,156,225,195,231,238,189,208,174,413,164,190,228,237,137,106,178,158,248,154,130,100,79,100,84,139,123,151,68,154,198,319,73,163,75,123,121,138,92,220,318,161,78,99,171,103,61,122,110,81,116,71,66,95,80,116,70,138,123,88,69,42,53,83,28,157,32,62,56,92,66,80,287,80,71,60,37,91,77,49,82,86,100,151,46,68,74,65,100,34,34,79,25
20251130,3517,2840,1863,1520,1816,1563,1676,1464,1384,785,1065,695,1233,625,811,957,1260,1448,904,669,543,793,386,565,566,321,718,477,377,381,876,429,268,300,399,660,320,256,174,236,302,240,332,300,569,499,202,206,193,300,599,216,366,426,485,228,321,234,158,244,209,251,247,227,170,180,435,165,178,236,254,123,138,201,164,241,134,178,100,78,87,87,182,138,130,74,151,181,373,108,163,91,88,105,119,78,252,349,179,81,102,176,100,51,95,117,70,117,87,72,106,78,143,80,133,103,102,96,49,70,100,27,145,45,84,56,87,78,78,258,68,71,73,45,65,62,51,59,103,83,70,44,72,69,76,229,51,41,86,34
20251201,4127,3879,2395,1777,2149,2132,2231,1977,1914,1186,1344,846,1550,848,1043,1202,753,1739,1007,660,769,981,615,803,745,509,798,481,515,513,879,546,345,344,546,543,466,292,378,318,449,319,468,379,569,436,297,318,251,337,675,339,522,375,435,382,356,260,199,378,303,383,337,226,255,252,266,172,218,284,248,177,183,252,199,283,141,220,198,127,157,109,200,163,157,93,184,206,452,137,203,124,138,171,191,118,192,157,159,105,100,136,111,77,114,224,85,129,151,94,104,86,145,122,164,131,91,131,803,79,103,57,160,81,98,54,113,87,110,77,108,87,64,74,87,92,93,85,123,87,80,69,72,102,74,181,36,37,79,59
20251202,4356,4203,2790,1693,2077,2115,2399,2024,1888,1373,1462,879,1572,840,1147,1131,784,1856,983,664,845,1049,543,868,688,623,825,610,530,548,799,580,391,394,544,556,470,323,365,389,446,304,384,435,567,444,294,404,251,390,1304,375,468,363,411,653,368,276,263,405,292,421,327,274,282,262,283,169,232,247,267,187,185,248,202,269,169,233,181,131,166,110,183,186,162,98,177,192,368,133,188,145,132,149,139,113,144,182,161,94,127,136,141,88,147,589,83,130,157,129,118,106,135,119,190,144,108,98,818,96,115,62,169,82,73,70,143,84,90,91,108,108,69,69,75,75,86,96,110,82,91,57,61,83,81,122,45,46,112,67
20251203,4504,4328,2870,1763,2461,2087,2425,2074,1852,1356,1284,834,1619,926,1046,1196,776,1997,1173,788,839,969,614,893,759,563,831,539,569,519,947,820,400,373,517,487,481,310,356,379,533,295,372,426,520,427,334,328,262,372,2274,373,503,378,500,462,374,329,221,380,300,393,309,247,255,251,306,204,272,238,260,196,164,257,199,276,161,235,187,131,185,126,212,178,145,98,211,212,382,145,168,126,137,167,158,110,133,189,212,112,135,113,119,91,131,295,75,166,122,126,147,104,159,141,159,126,123,109,851,87,181,74,236,81,98,76,143,83,114,81,99,87,88,75,74,73,87,78,108,81,82,71,48,90,88,100,38,46,103,56
20251204,4185,4040,2425,1945,3045,2043,2670,2031,1738,1326,1370,849,2042,956,1085,1100,790,1857,1108,808,851,990,574,1031,672,573,886,597,474,536,1102,1139,741,369,565,466,470,343,380,417,507,342,375,438,537,421,345,339,294,397,1259,358,487,417,442,418,342,302,215,411,266,413,616,213,280,266,249,199,273,264,263,163,149,241,214,255,214,249,176,117,165,143,212,187,184,88,168,214,314,130,142,117,152,148,151,107,144,166,169,91,160,98,141,92,140,476,85,109,132,154,122,116,143,139,140,146,106,110,800,89,161,63,257,107,79,70,181,96,132,83,101,93,74,61,88,81,84,99,93,88,79,219,62,87,73,117,54,55,119,70
20251205,4180,3899,2581,1768,2558,2003,2618,1905,1808,1149,1278,840,2001,740,1030,1051,699,1856,1089,753,716,957,518,1156,569,576,714,473,531,484,799,762,511,351,434,450,469,312,301,338,490,286,382,359,478,445,256,293,245,279,1173,311,486,371,416,544,318,314,228,409,267,322,1084,235,239,215,274,189,219,264,211,178,138,176,192,253,159,244,143,148,150,122,189,167,212,73,171,199,341,125,168,109,126,164,123,89,157,145,143,123,165,84,105,75,139,286,81,117,124,117,136,104,167,113,142,153,89,111,867,76,104,79,222,85,84,64,187,89,97,80,103,101,50,54,81,54,83,85,100,65,96,274,63,98,94,74,48,50,73,65
20251206,3471,2948,2433,1391,1985,1584,1842,1460,1323,758,1006,674,1337,604,763,906,518,1608,877,620,516,671,382,630,553,397,634,415,422,402,642,740,275,252,301,458,345,230,178,240,319,228,319,288,412,334,199,195,198,309,809,188,350,324,310,230,299,231,148,247,204,382,642,217,186,180,185,171,207,233,181,149,96,182,153,238,136,219,76,73,84,82,134,119,164,67,150,189,344,90,136,68,98,139,86,76,110,121,353,104,111,73,127,54,116,139,71,114,111,74,117,165,121,141,126,88,82,102,104,65,190,28,157,73,61,56,113,82,85,94,87,178,40,42,62,85,47,70,86,77,61,146,51,60,56,79,38,36,68,29
20251207,3611,2856,1821,1318,1838,1617,1883,1426,1330,792,955,737,1346,654,766,810,506,1809,947,516,507,758,347,1051,522,418,752,393,409,386,669,1277,268,337,406,568,302,223,178,270,313,218,311,254,456,252,205,226,186,291,667,200,315,739,332,215,321,244,181,240,212,266,363,204,190,200,259,158,194,250,212,118,99,179,136,261,139,351,93,90,81,68,161,154,130,60,120,176,354,80,108,74,111,124,75,79,81,138,191,85,87,74,100,57,108,156,103,119,91,62,103,94,117,230,96,80,106,76,47,67,278,46,185,60,60,42,97,69,117,67,81,130,71,41,79,75,73,45,92,61,58,75,54,67,57,107,43,39,162,43
20251208,4038,3889,2512,1688,2043,2157,2292,2106,1821,1287,1198,840,1873,859,1010,984,797,2027,1106,714,752,889,521,990,637,541,763,435,538,572,769,1949,375,413,505,492,473,329,361,329,472,302,365,430,476,392,293,323,287,374,770,315,409,488,437,422,375,255,204,327,248,334,383,233,296,214,267,176,302,298,268,199,153,240,182,248,168,227,178,129,162,111,197,170,165,72,161,212,461,133,182,158,129,165,96,107,173,147,191,142,135,114,110,92,193,233,114,140,181,111,125,106,174,147,140,135,99,91,863,92,96,63,183,202,76,65,188,80,207,96,119,93,85,75,133,117,85,82,98,83,97,123,64,92,75,112,40,41,96,58
20251209,4326,4013,2822,1841,2136,2120,2428,1987,2073,1344,1312,878,1968,908,1008,932,901,1910,928,706,856,882,564,941,652,448,830,665,555,548,726,1031,362,390,497,456,426,365,270,372,455,348,411,409,467,403,309,353,253,343,726,426,408,389,368,507,388,286,238,331,229,296,349,271,328,223,265,169,226,276,272,165,153,241,187,232,160,200,154,126,183,115,138,165,146,67,136,164,356,140,152,153,130,164,128,96,122,148,170,110,155,125,126,108,142,196,111,118,143,129,115,97,101,117,152,124,126,95,821,104,104,67,186,128,79,70,129,93,139,89,104,115,79,69,124,89,137,96,101,86,79,117,68,75,70,73,35,36,86,70
20251210,4243,4280,2895,1853,2003,2100,2695,2017,3190,1253,1226,933,2069,892,1031,1033,833,1874,957,750,847,905,519,1172,638,495,736,499,532,528,728,847,334,401,524,534,492,356,278,401,497,298,369,407,455,494,319,340,242,363,830,460,484,357,450,373,401,281,224,395,259,326,329,230,328,247,284,180,230,300,231,176,150,213,225,242,158,252,156,111,160,121,173,173,139,78,157,190,379,152,140,133,135,176,147,112,161,177,157,97,144,138,150,115,154,183,109,153,120,107,123,92,151,127,130,104,105,80,1081,89,85,95,201,115,75,56,108,89,141,104,104,128,69,45,97,85,89,62,102,91,86,78,91,96,78,92,42,46,118,62
20251211,3873,5296,3548,1765,2250,1929,2019,2110,2704,1149,1187,889,1935,856,1046,1059,757,2119,931,678,774,875,555,833,593,498,772,536,569,511,929,835,378,404,506,559,499,339,336,381,409,277,356,366,521,403,296,374,239,336,774,383,462,351,432,682,363,266,201,369,271,289,256,228,308,270,319,160,219,289,254,172,136,228,214,257,174,220,154,123,139,102,170,157,174,81,163,182,383,136,183,160,135,143,146,131,154,189,174,103,111,126,101,88,120,200,87,124,177,97,135,118,128,126,150,104,112,112,892,98,91,58,171,96,82,60,100,82,133,122,76,95,78,79,104,90,93,80,96,100,75,60,75,87,67,172,50,38,128,83
20251212,3665,4152,2197,1637,1901,1871,1912,2346,2381,1070,1165,761,1860,801,904,953,662,1716,1020,678,730,893,525,964,628,441,723,462,461,493,1734,669,292,345,420,477,399,288,269,349,369,269,313,348,494,379,243,280,219,321,526,289,487,297,350,642,340,274,415,307,224,287,233,204,250,202,314,165,164,263,226,140,123,231,188,278,166,202,141,100,145,75,175,141,134,75,121,170,314,136,130,116,124,149,103,75,159,156,1074,106,108,106,112,80,130,172,77,107,141,87,91,114,132,113,112,113,105,109,712,76,213,51,207,97,77,59,128,55,135,127,100,100,61,50,91,83,109,82,97,97,93,50,53,64,53,103,33,49,119,58
20251213,3521,3660,1687,1401,1604,1602,1983,1513,2053,735,897,685,1561,611,735,791,548,1363,1012,497,541,671,382,478,481,343,728,398,386,349,1195,597,228,230,280,338,345,207,159,228,290,184,305,294,395,319,238,232,175,289,474,176,361,278,313,287,282,194,165,231,180,211,186,189,199,241,225,164,150,236,199,133,93,174,146,215,172,142,96,57,88,90,136,116,133,63,118,163,272,127,143,66,120,107,59,70,97,153,279,86,99,88,85,58,131,107,72,112,98,63,115,89,127,81,118,106,87,87,137,62,429,38,236,53,46,40,85,67,89,79,69,93,53,28,97,64,68,70,102,52,56,52,51,80,65,80,34,27,156,40
20251214,3731,3384,1686,1354,1698,1617,2156,1437,1879,723,970,723,1267,634,753,873,549,1335,692,457,454,569,357,627,507,418,720,470,411,380,1138,552,208,246,291,470,306,215,134,267,333,198,288,280,445,305,234,216,170,313,477,208,346,292,362,224,296,210,170,226,194,408,222,153,195,200,228,159,149,254,195,155,115,181,158,209,141,157,88,66,78,75,121,126,152,60,124,178,349,82,135,61,113,150,60,66,120,141,224,64,106,86,118,49,116,139,55,106,97,61,110,88,92,101,104,82,88,84,47,67,91,38,243,54,73,44,84,58,82,108,82,81,64,31,102,45,63,73,116,87,67,51,49,59,66,60,30,35,207,21
20251215,4120,4415,2992,1737,1952,1964,2179,1837,2139,1147,1186,763,1983,786,973,1012,732,1884,1162,626,637,763,630,851,692,437,734,557,463,484,1199,706,359,325,520,477,414,355,291,316,388,277,333,354,497,409,264,320,244,316,528,280,442,329,393,578,334,274,199,312,232,279,261,264,273,207,254,191,215,353,248,161,164,226,205,239,184,202,156,94,132,86,144,165,113,67,160,136,333,156,138,126,123,219,127,106,146,132,214,91,96,127,106,78,150,185,65,108,133,104,119,73,136,83,121,95,84,85,602,77,484,58,187,86,78,80,107,70,82,122,70,81,59,74,101,76,93,88,122,79,73,84,72,71,55,71,41,55,164,63
20251216,3967,4893,3099,1540,1991,2013,2070,1931,2168,1091,1230,865,1887,862,952,944,736,1856,805,712,644,847,603,669,626,468,739,493,480,448,951,644,351,374,432,501,460,310,298,283,353,255,311,339,502,402,240,289,258,340,570,320,379,366,352,482,410,256,221,325,229,272,247,209,262,205,247,185,233,292,264,207,133,229,212,219,150,236,161,117,182,97,160,139,133,74,168,188,360,113,145,130,157,209,122,87,153,180,184,102,110,153,98,73,112,160,69,120,139,101,116,93,147,106,122,118,102,123,1006,77,261,75,174,97,69,71,77,75,92,108,103,87,55,46,96,99,97,72,133,69,82,73,85,92,79,71,42,44,118,60
20251217,3981,3851,2323,1529,2169,1859,2100,1831,2336,1126,1209,788,2074,849,881,1064,767,2155,943,643,794,846,586,651,589,453,690,514,455,518,828,623,356,395,473,451,408,339,310,363,385,286,359,338,401,347,285,264,249,358,562,787,431,369,352,360,362,262,198,348,224,503,267,209,241,231,208,161,213,294,256,206,147,239,169,230,142,234,134,107,147,96,187,149,130,63,127,202,390,125,148,137,126,152,115,85,140,159,176,85,117,94,111,84,123,192,67,127,142,103,118,85,125,119,123,118,118,105,609,89,91,72,176,67,71,69,85,75,107,77,1349,93,55,69,97,85,92,85,94,96,84,64,68,99,56,99,43,39,119,49
20251218,3818,4869,2294,1559,2064,1803,2177,1759,2120,1099,1160,762,1902,785,871,987,717,1830,930,605,668,805,534,701,580,436,652,472,477,442,752,651,323,372,466,436,384,318,290,281,425,284,320,347,433,331,310,253,256,305,564,568,438,337,375,380,302,234,183,282,252,265,235,253,228,222,190,188,178,256,281,168,141,214,185,212,143,225,155,94,138,88,132,131,129,77,148,171,379,127,124,110,121,153,112,86,139,158,176,84,110,86,100,81,131,174,79,107,118,108,106,95,133,110,112,107,95,103,746,72,100,85,175,69,76,64,74,79,150,106,249,105,71,62,95,77,84,74,108,76,76,59,73,67,71,90,43,27,86,53
20251219,3754,4333,2385,1624,1927,1735,2294,1768,1960,905,1138,691,1797,744,741,822,638,1866,702,598,610,764,444,846,595,438,671,499,446,471,693,598,291,366,425,409,381,254,251,298,394,262,311,336,473,338,262,226,236,310,474,318,434,338,357,305,293,215,170,248,204,270,220,191,192,198,213,137,182,283,215,130,139,234,179,225,115,224,136,86,131,88,127,109,160,79,162,178,356,91,131,104,107,132,90,86,136,117,195,83,86,67,66,88,112,135,86,115,117,115,118,76,142,102,123,88,77,83,707,76,86,43,120,61,60,59,116,65,89,86,102,95,51,52,106,80,92,71,109,75,582,42,68,88,52,90,44,37,94,48
20251220,3308,3207,2151,1210,1571,1407,1635,1404,1439,672,951,666,1111,534,627,763,411,1473,670,383,446,627,315,549,542,373,630,403,415,367,619,443,219,306,342,330,322,215,169,266,298,203,267,233,370,250,202,166,166,337,368,229,397,282,289,172,288,196,125,253,153,229,229,184,188,200,190,144,203,232,204,127,99,162,142,188,101,154,73,60,108,73,151,142,143,53,123,160,273,94,123,54,109,122,70,55,106,130,185,79,81,50,74,58,88,76,72,123,102,56,72,77,114,89,74,98,86,76,240,64,104,17,149,53,60,45,122,58,75,116,89,111,56,37,91,70,51,60,81,78,489,43,63,45,48,66,37,35,83,28
20251221,3356,2683,1847,1199,1709,1426,1550,1340,1588,585,991,627,1163,573,685,775,448,1577,729,397,396,659,353,502,548,468,650,487,426,401,843,444,228,330,326,342,339,231,127,230,337,214,330,236,401,251,202,189,200,584,472,217,382,389,263,253,306,268,165,212,158,199,233,231,152,206,171,138,170,245,195,139,88,183,143,192,180,155,95,272,77,80,133,128,136,84,133,151,716,84,122,51,114,122,63,79,98,115,171,73,103,55,86,43,115,90,67,102,60,64,118,82,108,102,107,91,73,95,205,52,74,38,130,45,65,45,99,59,75,104,83,105,69,42,84,65,83,64,74,74,123,57,53,58,67,73,44,35,108,35
20251222,3863,3585,2102,1419,1675,1575,1760,1661,1807,863,1038,694,1324,692,789,897,588,1472,1059,527,497,696,382,1558,658,451,715,460,450,472,980,627,263,342,391,398,384,284,207,251,399,245,289,300,401,279,230,253,206,511,527,249,380,575,279,272,306,277,182,226,217,198,240,215,216,192,243,161,186,238,227,171,134,229,162,229,159,187,110,179,113,79,175,135,136,95,110,172,792,111,114,88,143,124,78,77,102,151,204,139,82,109,93,86,129,110,81,111,102,92,114,82,154,119,122,116,85,89,597,79,362,37,143,53,81,52,94,57,94,80,76,87,58,52,97,84,85,65,114,85,98,61,56,110,59,80,38,54,88,44
20251223,3835,3293,2106,1425,1635,1700,1952,1772,6091,887,1051,765,1129,637,792,814,566,1776,772,595,608,735,424,797,613,414,814,529,424,523,916,691,310,324,439,518,417,286,243,304,359,242,317,335,424,334,206,223,243,380,529,257,611,670,349,212,314,222,173,267,221,212,245,205,228,235,244,160,179,242,228,159,133,206,185,228,204,186,137,98,112,99,181,124,134,80,129,187,448,76,105,84,117,109,68,107,103,131,195,111,100,76,95,80,97,134,81,125,97,106,127,84,125,114,114,114,112,96,597,72,88,64,154,59,77,55,82,67,82,106,84,83,74,54,103,74,109,82,113,140,101,49,60,106,80,100,40,42,91,44
20251224,3602,3433,1895,1280,1611,1585,1715,1534,6611,725,1026,673,1065,570,839,765,473,1684,962,525,516,620,316,554,527,345,715,596,450,407,1287,549,334,304,286,371,338,246,175,295,311,235,266,269,351,284,210,173,184,321,460,184,546,472,277,179,332,209,149,212,236,624,258,184,212,201,234,137,155,226,220,135,114,234,143,224,251,155,105,86,83,87,229,123,160,82,130,186,320,97,109,68,95,161,75,56,95,145,272,102,116,62,122,76,93,109,63,116,91,92,102,68,138,96,106,103,96,84,151,75,318,41,139,74,70,45,88,74,105,116,99,68,91,36,86,81,73,72,91,110,75,58,58,59,59,79,39,39,90,45
20251225,3324,3378,1648,1220,1667,1428,1822,1372,4466,618,882,617,804,500,634,706,433,1406,686,424,499,567,268,497,498,537,634,402,372,370,1209,521,236,277,252,289,287,240,145,223,252,189,284,304,371,210,165,181,174,378,770,165,407,304,265,178,274,210,142,204,233,253,216,181,198,171,155,139,144,205,207,130,88,190,120,188,185,133,98,75,97,90,140,128,140,67,100,147,394,79,119,59,105,211,60,68,88,118,173,87,91,59,97,55,104,108,78,121,102,58,94,89,117,80,155,78,68,64,52,55,84,21,132,55,75,47,90,91,92,66,53,65,74,28,74,59,77,65,71,99,75,43,44,76,55,64,39,43,52,33
20251226,3407,3998,1743,1255,1467,1535,1712,2100,3865,709,947,674,861,499,695,757,458,1295,654,493,499,577,315,751,474,418,644,439,407,410,1169,404,230,226,352,312,355,289,164,275,310,236,265,287,402,284,201,172,255,287,830,186,428,300,248,165,336,196,156,183,219,212,222,167,174,187,210,130,175,261,237,143,128,178,141,219,148,171,109,66,87,95,144,146,145,72,99,205,353,82,111,72,109,177,66,60,101,130,176,90,104,75,91,56,100,106,79,106,75,66,102,74,112,81,135,68,80,77,212,53,84,34,113,49,76,58,73,64,89,51,67,74,53,29,78,46,89,181,91,82,77,50,72,77,70,80,36,52,116,31
20251227,3375,2881,1627,1223,1503,1664,1653,1867,2463,610,894,645,826,531,669,810,434,1310,852,334,474,593,308,490,520,365,642,401,413,313,1007,443,214,200,268,290,288,240,177,185,302,190,309,220,350,215,189,167,207,277,768,172,362,304,265,180,332,190,146,209,179,217,232,199,179,168,208,149,177,236,313,125,77,225,130,192,162,135,84,65,92,89,156,142,136,63,105,168,328,100,123,54,109,129,65,51,84,98,163,113,98,47,73,31,107,78,72,118,81,66,104,58,114,82,115,79,81,76,65,57,78,33,145,44,74,43,72,64,82,56,86,67,47,34,77,60,57,67,76,285,62,71,51,75,90,75,30,41,126,23
20251228,3472,3350,1919,1232,1683,1486,1654,1625,2704,630,983,653,846,530,737,870,470,1251,994,457,447,677,292,697,564,339,714,644,374,382,804,437,217,224,291,265,312,252,151,236,284,190,278,230,391,199,193,160,221,296,836,299,362,264,245,166,256,205,127,237,200,275,226,203,182,183,187,150,176,225,217,121,93,181,149,210,194,143,95,59,83,90,152,144,136,64,118,150,309,101,120,57,99,139,62,58,77,110,180,78,84,56,90,51,107,84,80,124,114,63,110,86,119,90,131,80,97,76,46,52,70,30,126,49,70,48,85,56,96,55,81,84,60,38,92,69,68,58,105,324,57,47,47,51,86,74,31,37,105,33
20251229,3679,3695,1822,1351,1672,1470,1678,1817,2735,898,956,680,771,657,701,838,593,1354,729,450,523,693,410,871,552,371,738,573,364,408,782,515,317,245,376,399,388,277,174,217,364,225,293,289,448,278,246,244,224,327,667,336,358,272,275,232,292,230,186,237,226,226,238,198,179,173,234,123,184,242,249,145,106,212,184,220,236,151,118,74,89,79,129,153,142,47,108,150,311,112,107,75,135,182,78,70,125,130,208,60,124,75,78,43,113,126,80,111,102,77,119,90,101,91,126,101,85,70,505,65,76,37,150,57,58,53,93,74,105,69,88,70,39,35,83,88,77,82,96,234,76,66,60,114,81,62,38,35,114,31
20251230,3557,3407,1825,1517,1703,1520,1820,1691,2715,804,1070,750,879,594,749,816,527,1524,1080,462,554,625,385,816,610,394,703,717,406,429,711,465,303,215,400,294,324,288,219,254,320,233,342,254,384,269,253,222,241,303,578,288,341,281,315,218,405,190,173,269,176,230,228,186,194,213,219,143,167,221,263,138,124,283,195,228,163,156,131,111,100,97,160,144,133,62,97,149,322,87,118,90,156,119,78,85,115,130,177,78,94,69,112,54,122,103,70,117,115,65,107,86,111,82,102,88,80,72,505,54,295,27,120,62,72,45,93,47,54,63,149,115,60,39,69,78,86,50,79,139,63,65,58,87,65,48,28,47,123,47
20251231,3190,3524,1606,1286,1413,1443,1699,1576,2303,704,880,679,752,542,760,750,431,1274,992,381,547,566,328,662,543,367,631,390,362,333,969,388,223,237,283,290,312,231,157,215,280,224,280,224,375,252,200,164,182,274,628,257,338,344,298,447,312,214,134,194,152,196,200,165,170,156,158,149,161,228,214,114,97,156,194,204,117,134,82,76,95,57,122,111,106,55,98,141,399,76,100,58,108,89,78,55,95,119,163,66,80,62,90,35,86,92,67,109,81,49,109,81,107,71,99,68,69,63,301,49,414,31,93,40,69,35,77,54,65,66,79,78,46,35,64,62,49,67,90,126,69,41,43,77,52,69,26,38,124,33
