config,phi,seed,policy,batch,regret,regret@1000,violation_share,any_violation,best_arm_share_last_1000,seconds
independent,0.0,0,ucb_st,1,934.880591582462,219.0299108832521,0.0,False,0.138,1.1
independent,0.0,0,ucb_st,25,959.9890570119411,221.54996418290384,0.0,False,0.1,1.2
independent,0.0,0,sp_ucb_st,1,697.3715320561125,189.8719406385314,0.0,False,0.174,1.2
independent,0.0,0,sp_ucb_st,25,718.1523405376137,184.4341756396345,0.0,False,0.15,1.2
independent,0.0,1,ucb_st,1,1088.874707211994,234.1887707862642,0.0,False,0.109,1.1
independent,0.0,1,ucb_st,25,1057.0245996984852,241.20218337294617,0.0,False,0.125,1.1
independent,0.0,1,sp_ucb_st,1,851.8839520320797,218.9788106837705,0.0,False,0.19,1.2
independent,0.0,1,sp_ucb_st,25,872.2708166445171,197.73308707057836,0.0,False,0.175,1.2
independent,0.0,2,ucb_st,1,997.7423561438367,207.5726200263022,0.0,False,0.091,1.1
independent,0.0,2,ucb_st,25,992.9923542083562,231.67899170108268,0.0,False,0.125,1.1
independent,0.0,2,sp_ucb_st,1,766.4698572312718,186.6696872774975,0.0,False,0.176,1.3
independent,0.0,2,sp_ucb_st,25,842.308699025052,206.3072891819428,0.0,False,0.1,1.3
independent,0.0,3,ucb_st,1,920.8223649098622,207.3476210090587,0.0,False,0.059,1.1
independent,0.0,3,ucb_st,25,955.3329226567996,228.75260984933325,0.0,False,0.125,1.1
independent,0.0,3,sp_ucb_st,1,697.8003982536505,181.4647120174229,0.0,False,0.127,1.4
independent,0.0,3,sp_ucb_st,25,757.4682096933385,190.52912175244757,0.0,False,0.075,1.3
independent,0.0,4,ucb_st,1,1029.1262254124,225.05264783560756,0.0,False,0.066,1.2
independent,0.0,4,ucb_st,25,1018.7769987454055,234.33846808637,0.0,False,0.075,1.1
independent,0.0,4,sp_ucb_st,1,750.7087716982014,183.63682348740957,0.0,False,0.13,1.3
independent,0.0,4,sp_ucb_st,25,814.842553778206,193.3604234764403,0.0,False,0.075,1.2
independent,0.0,5,ucb_st,1,964.2459124291695,209.01888515708785,0.0,False,0.079,1.3
independent,0.0,5,ucb_st,25,1010.522361211038,227.54363907093247,0.0,False,0.1,1.1
independent,0.0,5,sp_ucb_st,1,748.0672407181185,199.4517621321301,0.0,False,0.126,1.3
independent,0.0,5,sp_ucb_st,25,706.7702431309672,195.5549585279424,0.0,False,0.15,1.1
independent,0.0,6,ucb_st,1,1030.7268932140803,215.38111311658193,0.0,False,0.061,1.1
independent,0.0,6,ucb_st,25,1018.468143766011,224.85938863569044,0.0,False,0.1,1.1
independent,0.0,6,sp_ucb_st,1,769.1859458269481,211.4111155970211,0.0,False,0.185,1.2
independent,0.0,6,sp_ucb_st,25,853.4265878289946,201.460465014726,0.0,False,0.075,1.2
independent,0.0,7,ucb_st,1,958.3362893233063,215.6282167445583,0.0,False,0.13,1.1
independent,0.0,7,ucb_st,25,993.5041130255156,234.13194372156886,0.0,False,0.075,1.0
independent,0.0,7,sp_ucb_st,1,704.4951993463889,177.21332134083184,0.0,False,0.173,1.3
independent,0.0,7,sp_ucb_st,25,714.7324735062557,201.64474050710615,0.0,False,0.1,1.3
independent,0.0,8,ucb_st,1,963.3808921077373,210.52337393072392,0.0,False,0.127,1.2
independent,0.0,8,ucb_st,25,936.8744637691942,222.90637109990806,0.0,False,0.1,1.1
independent,0.0,8,sp_ucb_st,1,740.3200310597115,206.45236861216688,0.0,False,0.16,1.2
independent,0.0,8,sp_ucb_st,25,668.9428955407319,201.71596319383957,0.0,False,0.175,1.1
independent,0.0,9,ucb_st,1,962.8554236082452,214.03968715204581,0.0,False,0.082,1.3
independent,0.0,9,ucb_st,25,1004.7313378998816,220.79515055194884,0.0,False,0.1,1.2
independent,0.0,9,sp_ucb_st,1,805.3250049827574,205.30345401500006,0.0,False,0.192,1.2
independent,0.0,9,sp_ucb_st,25,795.0716201273008,198.38835512741085,0.0,False,0.2,1.2
independent,0.0,10,ucb_st,1,949.7467768523097,215.57055282699937,0.0,False,0.173,1.2
independent,0.0,10,ucb_st,25,972.8676260850042,228.55232544418897,0.0,False,0.15,1.2
independent,0.0,10,sp_ucb_st,1,739.052097930998,176.78732690604326,0.0,False,0.261,1.2
independent,0.0,10,sp_ucb_st,25,769.1689492092715,192.01671739338298,0.0,False,0.175,1.2
independent,0.0,11,ucb_st,1,939.4362365084977,213.51962382548797,0.0,False,0.09,1.3
independent,0.0,11,ucb_st,25,999.7949314922259,228.64792493777827,0.0,False,0.125,1.1
independent,0.0,11,sp_ucb_st,1,683.158351946606,206.517614000957,0.0,False,0.227,1.3
independent,0.0,11,sp_ucb_st,25,731.5704479819057,178.14464677759918,0.0,False,0.125,1.2
independent,0.0,12,ucb_st,1,1063.9165782824568,228.00602764458253,0.0,False,0.119,1.1
independent,0.0,12,ucb_st,25,1051.2905899673308,236.68390964653997,0.0,False,0.075,1.1
independent,0.0,12,sp_ucb_st,1,845.6617338822701,204.13030552918073,0.0,False,0.105,1.2
independent,0.0,12,sp_ucb_st,25,852.2213629498589,207.73784420650156,0.0,False,0.15,1.3
independent,0.0,13,ucb_st,1,1074.4880000615447,234.52190249767918,0.0,False,0.108,1.1
independent,0.0,13,ucb_st,25,1025.941654371448,244.57646864422114,0.0,False,0.2,1.1
independent,0.0,13,sp_ucb_st,1,783.504697838577,199.94217333086,0.0,False,0.218,1.3
independent,0.0,13,sp_ucb_st,25,843.7542224999413,215.70859278505534,0.0,False,0.325,1.2
independent,0.0,14,ucb_st,1,927.6436250434223,204.4351553582307,0.0,False,0.094,1.1
independent,0.0,14,ucb_st,25,972.0218175125576,223.71297814960047,0.0,False,0.075,1.2
independent,0.0,14,sp_ucb_st,1,659.4924641895875,186.75711832000692,0.0,False,0.185,1.3
independent,0.0,14,sp_ucb_st,25,683.8858025496721,193.82288609718776,0.0,False,0.25,1.2
independent,0.0,15,ucb_st,1,973.1277325515445,211.62569576406182,0.0,False,0.077,1.2
independent,0.0,15,ucb_st,25,975.0514724930874,227.58276196549767,0.0,False,0.125,1.2
independent,0.0,15,sp_ucb_st,1,714.268654978295,201.83334358690666,0.0,False,0.282,1.2
independent,0.0,15,sp_ucb_st,25,710.4334284172616,190.90326330792837,0.0,False,0.25,1.2
independent,0.0,16,ucb_st,1,1009.2584719299331,222.38825793344955,0.0,False,0.148,1.0
independent,0.0,16,ucb_st,25,994.9869043407881,232.08865195925867,0.0,False,0.1,1.1
independent,0.0,16,sp_ucb_st,1,800.7700278202004,202.23942422868944,0.0,False,0.187,1.5
independent,0.0,16,sp_ucb_st,25,782.6755987110384,199.81020180254282,0.0,False,0.2,1.2
independent,0.0,17,ucb_st,1,925.4615355760541,207.109062761138,0.0,False,0.187,1.1
independent,0.0,17,ucb_st,25,945.2752027474041,215.37036677310016,0.0,False,0.075,1.0
independent,0.0,17,sp_ucb_st,1,701.6096015826056,200.6471786241007,0.0,False,0.247,1.5
independent,0.0,17,sp_ucb_st,25,632.7106010438138,186.75887154802086,0.0,False,0.275,1.3
independent,0.0,18,ucb_st,1,1011.105945761429,228.39309431446748,0.0,False,0.051,1.3
independent,0.0,18,ucb_st,25,1014.2281490065562,242.55016483511636,0.0,False,0.1,1.5
independent,0.0,18,sp_ucb_st,1,795.316780611275,227.9985796258698,0.0,False,0.141,1.3
independent,0.0,18,sp_ucb_st,25,705.621524549711,199.70795934060985,0.0,False,0.175,1.1
independent,0.0,19,ucb_st,1,1037.13719424617,216.72926225848985,0.0,False,0.096,1.5
independent,0.0,19,ucb_st,25,1016.0955440585576,235.92030092966704,0.0,False,0.075,1.1
independent,0.0,19,sp_ucb_st,1,811.362147505999,196.26382829383937,0.0,False,0.157,1.2
independent,0.0,19,sp_ucb_st,25,865.2273875877039,208.53678661234252,0.0,False,0.125,1.1
independent,0.5,0,ucb_st,1,954.1977980398389,211.7673042979045,0.0,False,0.023,1.1
independent,0.5,0,ucb_st,25,1035.4774049662465,220.9956214007133,0.0,False,0.1,1.1
independent,0.5,0,sp_ucb_st,1,743.4253159976544,185.96417721032998,0.0,False,0.146,1.1
independent,0.5,0,sp_ucb_st,25,865.9415849449055,195.77981567022746,0.0,False,0.125,1.2
independent,0.5,1,ucb_st,1,1051.1077341499267,230.86015267461138,0.0,False,0.112,1.1
independent,0.5,1,ucb_st,25,1128.0322755994425,248.0661222146722,0.0,False,0.05,1.0
independent,0.5,1,sp_ucb_st,1,844.1616988085286,186.17632642406303,0.0,False,0.243,1.2
independent,0.5,1,sp_ucb_st,25,958.4425599034852,205.74698847112953,0.0,False,0.1,1.2
independent,0.5,2,ucb_st,1,1009.5672978870141,204.6243899449111,0.0,False,0.127,2.1
independent,0.5,2,ucb_st,25,1063.3850202363024,231.67899170108268,0.0,False,0.075,4.0
independent,0.5,2,sp_ucb_st,1,934.7481326517518,210.29739488964498,0.0,False,0.15,1.2
independent,0.5,2,sp_ucb_st,25,887.7265526842372,191.98045052840172,0.0,False,0.1,1.1
independent,0.5,3,ucb_st,1,919.7283587694806,214.01038079099686,0.0,False,0.091,2.7
independent,0.5,3,ucb_st,25,1024.9009157459257,228.75260984933325,0.0,False,0.1,3.4
independent,0.5,3,sp_ucb_st,1,761.2638241967954,176.57719619783634,0.0,False,0.189,1.1
independent,0.5,3,sp_ucb_st,25,829.533368709341,195.73331450917792,0.0,False,0.15,1.1
independent,0.5,4,ucb_st,1,1023.294294060486,221.7681534686372,0.0,False,0.114,1.1
independent,0.5,4,ucb_st,25,1109.4676632265164,234.33846808637,0.0,False,0.1,1.1
independent,0.5,4,sp_ucb_st,1,848.8775274250797,217.78400463274482,0.0,False,0.071,1.2
independent,0.5,4,sp_ucb_st,25,897.4178807282306,199.89324961001094,0.0,False,0.075,1.2
independent,0.5,5,ucb_st,1,948.4264741820987,208.22216932540437,0.0,False,0.097,1.1
independent,0.5,5,ucb_st,25,1066.9718884860408,227.54363907093241,0.0,False,0.075,1.1
independent,0.5,5,sp_ucb_st,1,761.6122178099906,173.70237581077714,0.0,False,0.138,1.2
independent,0.5,5,sp_ucb_st,25,871.1094522758211,220.0315146095066,0.0,False,0.1,1.2
independent,0.5,6,ucb_st,1,1000.1141296562075,217.11705334326408,0.0,False,0.088,1.2
independent,0.5,6,ucb_st,25,1026.8050715713086,230.8076181436054,0.0,False,0.125,328.1
independent,0.5,6,sp_ucb_st,1,804.2313593019504,184.37531904224093,0.0,False,0.202,1.7
independent,0.5,6,sp_ucb_st,25,922.6260273414447,210.76863726576792,0.0,False,0.15,1.2
independent,0.5,7,ucb_st,1,978.1217013210813,207.4641427096744,0.0,False,0.119,1.2
independent,0.5,7,ucb_st,25,1089.2480647786645,234.13194372156886,0.0,False,0.075,327.9
independent,0.5,7,sp_ucb_st,1,583.9077268768191,154.92590671202737,0.0,False,0.216,1.7
independent,0.5,7,sp_ucb_st,25,899.6276663777708,216.5400077475142,0.0,False,0.15,1.2
independent,0.5,8,ucb_st,1,937.1348880863995,212.59485108735282,0.0,False,0.111,1.1
independent,0.5,8,ucb_st,25,1049.9896458024741,229.33452250168452,0.0,False,0.05,1.1
independent,0.5,8,sp_ucb_st,1,576.731262034963,178.59200807128795,0.0,False,0.189,1.2
independent,0.5,8,sp_ucb_st,25,901.3806329987502,229.07954645030233,0.0,False,0.075,1.2
independent,0.5,9,ucb_st,1,951.1510574873228,218.99055346163692,0.0,False,0.096,1.1
independent,0.5,9,ucb_st,25,1057.7847441755785,227.7050130695103,0.0,False,0.075,1.1
independent,0.5,9,sp_ucb_st,1,692.6097887742478,158.07073845207177,0.0,False,0.097,1.2
independent,0.5,9,sp_ucb_st,25,897.0200358072268,205.53824684331008,0.0,False,0.1,1.2
independent,0.5,10,ucb_st,1,949.0693009708693,212.80898933724472,0.0,False,0.307,1.1
independent,0.5,10,ucb_st,25,1024.3408729171508,228.55232544418897,0.0,False,0.075,1.2
independent,0.5,10,sp_ucb_st,1,687.7123193957009,156.24400928814975,0.0,False,0.291,1.2
independent,0.5,10,sp_ucb_st,25,958.5209800328655,217.99937944843103,0.0,False,0.1,1.2
independent,0.5,11,ucb_st,1,900.2402932545589,209.0697027074531,0.0,False,0.079,1.1
independent,0.5,11,ucb_st,25,1086.6729792773697,228.0670487350973,0.0,False,0.025,1.2
independent,0.5,11,sp_ucb_st,1,719.7794508648249,195.42698823456075,0.0,False,0.113,1.2
independent,0.5,11,sp_ucb_st,25,967.1129718282904,208.48848705257674,0.0,False,0.075,1.2
independent,0.5,12,ucb_st,1,1042.7202070002559,228.39470358473326,0.0,False,0.06,1.1
independent,0.5,12,ucb_st,25,1143.821523057057,241.18504517087143,0.0,False,0.05,1.1
independent,0.5,12,sp_ucb_st,1,904.8528789326302,209.60723814843146,0.0,False,0.106,1.3
independent,0.5,12,sp_ucb_st,25,1008.65496494798,225.36263643280995,0.0,False,0.125,1.1
independent,0.5,13,ucb_st,1,1025.066601594794,225.2133433410446,0.0,False,0.137,1.1
independent,0.5,13,ucb_st,25,1133.3405442314208,244.57646864422114,0.0,False,0.075,1.1
independent,0.5,13,sp_ucb_st,1,755.2493821373105,199.1750785789409,0.0,False,0.198,1.4
independent,0.5,13,sp_ucb_st,25,926.895756568705,226.25153129784553,0.0,False,0.2,1.2
independent,0.5,14,ucb_st,1,890.0754222562565,192.15662326632355,0.0,False,0.068,1.1
independent,0.5,14,ucb_st,25,1034.8034016179647,223.7129781496005,0.0,False,0.075,1.0
independent,0.5,14,sp_ucb_st,1,640.2431732246793,186.40590585513823,0.0,False,0.202,1.3
independent,0.5,14,sp_ucb_st,25,856.3399160644808,207.34087132452726,0.0,False,0.15,1.2
independent,0.5,15,ucb_st,1,969.2242926168259,209.55185843271911,0.0,False,0.093,1.1
independent,0.5,15,ucb_st,25,1047.1917188546545,227.1975665106412,0.0,False,0.075,1.1
independent,0.5,15,sp_ucb_st,1,772.3831966960387,203.41268852096061,0.0,False,0.234,1.3
independent,0.5,15,sp_ucb_st,25,915.6831550405789,220.20973184710903,0.0,False,0.2,1.2
independent,0.5,16,ucb_st,1,955.254119361312,210.79016602860813,0.0,False,0.091,1.2
independent,0.5,16,ucb_st,25,1085.5740183873772,232.08865195925858,0.0,False,0.1,1.1
independent,0.5,16,sp_ucb_st,1,787.8403967190627,180.306979104613,0.0,False,0.188,1.2
independent,0.5,16,sp_ucb_st,25,969.0385128810924,220.87522012251503,0.0,False,0.075,1.2
independent,0.5,17,ucb_st,1,883.4926953213682,207.43314982604724,0.0,False,0.18,1.2
independent,0.5,17,ucb_st,25,992.2550663522827,215.37036677310047,0.0,False,0.15,1.2
independent,0.5,17,sp_ucb_st,1,675.8649126239545,174.44107485272198,0.0,False,0.247,1.3
independent,0.5,17,sp_ucb_st,25,936.1520793305473,209.45616515502664,0.0,False,0.075,1.1
independent,0.5,18,ucb_st,1,1069.803164315264,223.53834865390988,0.0,False,0.078,1.2
independent,0.5,18,ucb_st,25,1082.972759130701,242.55016483511636,0.0,False,0.1,1.1
independent,0.5,18,sp_ucb_st,1,750.3351019608659,209.86559314225278,0.0,False,0.219,1.2
independent,0.5,18,sp_ucb_st,25,914.0217329480822,249.53178309293673,0.0,False,0.175,1.2
independent,0.5,19,ucb_st,1,966.9493714859046,209.91760754139713,0.0,False,0.058,1.1
independent,0.5,19,ucb_st,25,1060.8664825456465,235.92030092966704,0.0,False,0.1,1.1
independent,0.5,19,sp_ucb_st,1,796.0351965654497,218.25708015804742,0.0,False,0.104,1.2
independent,0.5,19,sp_ucb_st,25,929.332628743097,223.3225081255776,0.0,False,0.125,1.2
independent,0.9,0,ucb_st,1,971.5653844220594,214.27019184521367,0.0,False,0.135,1.3
independent,0.9,0,ucb_st,25,1076.1454539115473,220.9956214007133,0.0,False,0.075,1.4
independent,0.9,0,sp_ucb_st,1,820.9399748371945,151.96344533770616,0.0,False,0.122,1.2
independent,0.9,0,sp_ucb_st,25,995.4632148909776,222.0706195359784,0.0,False,0.1,1.1
independent,0.9,1,ucb_st,1,1048.3511605209465,214.8715009629286,0.0,False,0.035,1.3
independent,0.9,1,ucb_st,25,1180.9182580886425,242.07993601953177,0.0,False,0.075,1.3
independent,0.9,1,sp_ucb_st,1,860.896850902626,205.4406007633668,0.0,False,0.258,1.2
independent,0.9,1,sp_ucb_st,25,1087.469650280759,247.69090430710762,0.0,False,0.1,1.2
independent,0.9,2,ucb_st,1,962.9824197817045,177.27590860702807,0.0,False,0.095,1.1
independent,0.9,2,ucb_st,25,1065.686471584955,231.67899170108257,0.0,False,0.125,1.1
independent,0.9,2,sp_ucb_st,1,763.9945932502534,167.75300643609185,0.0,False,0.033,1.1
independent,0.9,2,sp_ucb_st,25,1025.8299705281804,209.0423600021993,0.0,False,0.075,1.1
independent,0.9,3,ucb_st,1,915.7797100180878,189.41975451033082,0.0,False,0.135,1.1
independent,0.9,3,ucb_st,25,1112.1399187792238,228.75260984933308,0.0,False,0.075,1.1
independent,0.9,3,sp_ucb_st,1,674.4832189024004,154.71188295091326,0.0,False,0.162,1.2
independent,0.9,3,sp_ucb_st,25,1021.6648470308781,223.75376407708953,0.0,False,0.05,1.1
independent,0.9,4,ucb_st,1,976.5479231447026,207.23070055760036,0.0,False,0.008,1.1
independent,0.9,4,ucb_st,25,1165.3448790085931,240.30961223895798,0.0,False,0.05,1.1
independent,0.9,4,sp_ucb_st,1,801.5939997308835,197.1938676579494,0.0,False,0.074,1.2
independent,0.9,4,sp_ucb_st,25,1090.6959764814571,235.02589440858543,0.0,False,0.075,1.2
independent,0.9,5,ucb_st,1,1040.6088020615334,202.20194201593893,0.0,False,0.024,1.1
independent,0.9,5,ucb_st,25,1099.6342199026576,225.71010179881958,0.0,False,0.075,1.1
independent,0.9,5,sp_ucb_st,1,753.0351239563889,158.54340592954964,0.0,False,0.043,1.2
independent,0.9,5,sp_ucb_st,25,994.2615106426733,245.25906385373642,0.0,False,0.125,1.2
independent,0.9,6,ucb_st,1,975.117216543332,202.06440003600025,0.0,False,0.106,1.4
independent,0.9,6,ucb_st,25,1088.0052319769213,223.40190598615382,0.0,False,0.025,1.2
independent,0.9,6,sp_ucb_st,1,801.4440676271379,184.02959761315097,0.0,False,0.074,1.2
independent,0.9,6,sp_ucb_st,25,982.0027944038322,198.65473422040208,0.0,False,0.1,1.2
independent,0.9,7,ucb_st,1,902.8737937301895,214.01817253879486,0.0,False,0.174,1.3
independent,0.9,7,ucb_st,25,1096.184391063385,232.0411729960569,0.0,False,0.075,1.2
independent,0.9,7,sp_ucb_st,1,631.2963036165411,181.01202739804512,0.0,False,0.153,1.2
independent,0.9,7,sp_ucb_st,25,856.2491815218091,216.51722467273788,0.0,False,0.15,1.2
independent,0.9,8,ucb_st,1,856.7443798581044,191.26605833318382,0.0,False,0.106,1.1
independent,0.9,8,ucb_st,25,1091.593775847964,231.3465477327052,0.0,False,0.05,1.0
independent,0.9,8,sp_ucb_st,1,582.9794698456466,113.47968624585997,0.0,False,0.114,1.2
independent,0.9,8,sp_ucb_st,25,950.3126437829023,220.12003357935518,0.0,False,0.2,1.1
independent,0.9,9,ucb_st,1,967.5521505140802,189.3992771984909,0.0,False,0.024,1.1
independent,0.9,9,ucb_st,25,1157.1892085002382,234.28782734402702,0.0,False,0.025,1.1
independent,0.9,9,sp_ucb_st,1,938.9952158105738,164.52701708814007,0.0,False,0.033,1.2
independent,0.9,9,sp_ucb_st,25,1015.2027397459137,231.81109998091878,0.0,False,0.1,1.2
independent,0.9,10,ucb_st,1,870.9000790039601,176.0169950042646,0.0,False,0.375,1.1
independent,0.9,10,ucb_st,25,1111.5706313710978,228.55232544418897,0.0,False,0.075,1.1
independent,0.9,10,sp_ucb_st,1,808.2088346149615,157.78646484126315,0.0,False,0.282,1.2
independent,0.9,10,sp_ucb_st,25,963.421474109572,195.70818549855696,0.0,False,0.175,1.1
independent,0.9,11,ucb_st,1,962.7762516374825,214.8644593864291,0.0,False,0.06,1.2
independent,0.9,11,ucb_st,25,1082.1682110161437,228.64792493777838,0.0,False,0.05,1.1
independent,0.9,11,sp_ucb_st,1,853.9613198737898,221.07134196017563,0.0,False,0.185,1.2
independent,0.9,11,sp_ucb_st,25,939.5665284177721,206.08950679737333,0.0,False,0.1,1.3
independent,0.9,12,ucb_st,1,966.4803671021479,205.19548135904046,0.0,False,0.103,1.2
independent,0.9,12,ucb_st,25,1182.9755770799886,241.1850451708711,0.0,False,0.075,1.1
independent,0.9,12,sp_ucb_st,1,862.3513483687067,187.75102776114818,0.0,False,0.116,3.6
independent,0.9,12,sp_ucb_st,25,1176.309783135692,245.53290230686503,0.0,False,0.025,2.9
independent,0.9,13,ucb_st,1,1038.3746324439485,227.86195529757538,0.0,False,0.247,1.1
independent,0.9,13,ucb_st,25,1180.4988711922692,244.57646864422114,0.0,False,0.075,1.1
independent,0.9,13,sp_ucb_st,1,808.790352787407,205.32191544579595,0.0,False,0.373,5.4
independent,0.9,13,sp_ucb_st,25,1189.2681961797532,266.35992390975986,0.0,False,0.025,1.2
independent,0.9,14,ucb_st,1,891.7392033344476,182.56865100370214,0.0,False,0.008,1.1
independent,0.9,14,ucb_st,25,1056.452314812971,223.71297814960022,0.0,False,0.05,1.2
independent,0.9,14,sp_ucb_st,1,683.4690422237958,153.32560865168023,0.0,False,0.048,1.2
independent,0.9,14,sp_ucb_st,25,949.4950885336231,205.96366987419188,0.0,False,0.075,1.2
independent,0.9,15,ucb_st,1,932.9549240888706,193.45038690419048,0.0,False,0.203,1.1
independent,0.9,15,ucb_st,25,1119.4877097547935,227.1975665106412,0.0,False,0.075,1.1
independent,0.9,15,sp_ucb_st,1,797.8160013020565,164.41491519234123,0.0,False,0.298,1.2
independent,0.9,15,sp_ucb_st,25,921.9534964078764,208.47893334047708,0.0,False,0.25,1.2
independent,0.9,16,ucb_st,1,1039.236639292997,191.27572433441983,0.0,False,0.078,1.1
independent,0.9,16,ucb_st,25,1114.1454893389373,228.8626967471651,0.0,False,0.1,1.1
independent,0.9,16,sp_ucb_st,1,838.2722333072753,187.32641858134122,0.0,False,0.229,1.2
independent,0.9,16,sp_ucb_st,25,1144.6682059696473,232.222676822442,0.0,False,0.025,1.3
independent,0.9,17,ucb_st,1,794.4774635107631,196.50514412585264,0.0,False,0.131,1.1
independent,0.9,17,ucb_st,25,1052.540840143513,215.1625416072948,0.0,False,0.125,1.1
independent,0.9,17,sp_ucb_st,1,546.937756198545,188.64396929195397,0.0,False,0.416,1.3
independent,0.9,17,sp_ucb_st,25,903.4601724045763,208.3050528731859,0.0,False,0.125,1.2
independent,0.9,18,ucb_st,1,1015.932392059203,228.3402532386032,0.0,False,0.052,2.3
independent,0.9,18,ucb_st,25,1149.2362920193473,236.79704465490255,0.0,False,0.075,4.6
independent,0.9,18,sp_ucb_st,1,645.2510704879193,211.42493358969583,0.0,False,0.225,1.2
independent,0.9,18,sp_ucb_st,25,1120.6805480884566,218.6006752939032,0.0,False,0.05,1.1
independent,0.9,19,ucb_st,1,970.3520262142694,206.30300398271453,0.0,False,0.021,3.9
independent,0.9,19,ucb_st,25,1126.8463666036084,236.18685553365145,0.0,False,0.075,3.0
independent,0.9,19,sp_ucb_st,1,705.5450497889996,150.64026293523838,0.0,False,0.05,1.2
independent,0.9,19,sp_ucb_st,25,1131.9240868212594,249.79506704869678,0.0,False,0.075,1.1
independent,0.97,0,ucb_st,1,890.1320292941328,110.00618004440712,0.0,False,0.175,1.1
independent,0.97,0,ucb_st,25,1063.7220008785046,214.94593952609557,0.0,False,0.05,1.0
independent,0.97,0,sp_ucb_st,1,773.0815848954111,136.43235169431406,0.0,False,0.197,1.2
independent,0.97,0,sp_ucb_st,25,1022.0219867847594,218.41321887584493,0.0,False,0.05,1.2
independent,0.97,1,ucb_st,1,1092.5986111035804,247.24849594551273,0.0,False,0.092,1.1
independent,0.97,1,ucb_st,25,1177.45782722752,240.73910925265452,0.0,False,0.05,1.1
independent,0.97,1,sp_ucb_st,1,1074.4923732011532,240.98854005028113,0.0,False,0.049,1.2
independent,0.97,1,sp_ucb_st,25,1140.7366464036756,235.92469025065185,0.0,False,0.075,1.2
independent,0.97,2,ucb_st,1,1043.623582104104,211.04213286705996,0.0,False,0.31,201.1
independent,0.97,2,ucb_st,25,1108.4218194122982,232.43884544589375,0.0,False,0.05,1.5
independent,0.97,2,sp_ucb_st,1,712.7913609734807,121.80906531377391,0.0,False,0.193,1.3
independent,0.97,2,sp_ucb_st,25,992.2763020809371,199.17884473845947,0.0,False,0.1,1.2
independent,0.97,3,ucb_st,1,957.2847733279992,221.2517891878974,0.0,False,0.125,201.3
independent,0.97,3,ucb_st,25,1087.542931292814,230.58363162778815,0.0,False,0.075,1.5
independent,0.97,3,sp_ucb_st,1,836.2971968993534,166.29592473424458,0.0,False,0.058,1.2
independent,0.97,3,sp_ucb_st,25,1024.840593400014,215.78338125768374,0.0,False,0.125,1.2
independent,0.97,4,ucb_st,1,1019.5791742522437,205.13852959876172,0.0,False,0.02,1.1
independent,0.97,4,ucb_st,25,1101.9864403210772,241.04241382225595,0.0,False,0.05,1.1
independent,0.97,4,sp_ucb_st,1,738.8690461659178,190.14927254306818,0.0,False,0.002,1.2
independent,0.97,4,sp_ucb_st,25,1076.0411309092792,220.94488885186013,0.0,False,0.05,1.1
independent,0.97,5,ucb_st,1,1079.6380672785656,203.4970076001123,0.0,False,0.012,1.0
independent,0.97,5,ucb_st,25,1122.5138874115987,230.1263458992876,0.0,False,0.05,1.0
independent,0.97,5,sp_ucb_st,1,972.3623257801736,135.71743978483738,0.0,False,0.011,1.2
independent,0.97,5,sp_ucb_st,25,974.3489634775606,224.88573085566787,0.0,False,0.05,1.1
independent,0.97,6,ucb_st,1,766.7092846999325,167.09768049102374,0.0,False,0.01,1.1
independent,0.97,6,ucb_st,25,1090.4170939500482,223.8387581473422,0.0,False,0.075,1.1
independent,0.97,6,sp_ucb_st,1,744.1237382155666,158.2728907798861,0.0,False,0.008,1.2
independent,0.97,6,sp_ucb_st,25,1061.786209094511,223.94890611918711,0.0,False,0.025,1.2
independent,0.97,7,ucb_st,1,675.5640852474728,172.24278596673807,0.0,False,0.097,1.1
independent,0.97,7,ucb_st,25,1110.1996125758938,235.61613008692584,0.0,False,0.05,1.1
independent,0.97,7,sp_ucb_st,1,548.9502278557372,174.2751527832055,0.0,False,0.248,1.2
independent,0.97,7,sp_ucb_st,25,1000.8057290793165,211.419870348448,0.0,False,0.05,1.2
independent,0.97,8,ucb_st,1,746.0392987604343,129.51019883646265,0.0,False,0.152,1.0
independent,0.97,8,ucb_st,25,1117.1792176105087,231.39870138028454,0.0,False,0.05,1.3
independent,0.97,8,sp_ucb_st,1,581.5969813531066,76.5854987967164,0.0,False,0.07,1.2
independent,0.97,8,sp_ucb_st,25,962.6254961470828,219.71301318197058,0.0,False,0.1,1.2
independent,0.97,9,ucb_st,1,906.6312671568761,151.98825639086758,0.0,False,0.039,1.4
independent,0.97,9,ucb_st,25,1123.9419411474735,236.91733021047926,0.0,False,0.075,1.1
independent,0.97,9,sp_ucb_st,1,799.055927289477,151.4657128445507,0.0,False,0.141,1.2
independent,0.97,9,sp_ucb_st,25,1178.3628447943306,236.27667472782593,0.0,False,0.1,1.1
independent,0.97,10,ucb_st,1,901.0204469701607,87.51701539811064,0.0,False,0.236,1.1
independent,0.97,10,ucb_st,25,1114.1139753523992,228.55232544418897,0.0,False,0.025,1.1
independent,0.97,10,sp_ucb_st,1,634.7897431836539,88.97966474839019,0.0,False,0.247,1.2
independent,0.97,10,sp_ucb_st,25,973.5051447053313,193.94817121085862,0.0,False,0.175,1.2
independent,0.97,11,ucb_st,1,743.8444659705918,239.9587846741791,0.0,False,0.043,1.1
independent,0.97,11,ucb_st,25,1101.6995704901776,236.9965347199693,0.0,False,0.075,1.1
independent,0.97,11,sp_ucb_st,1,700.9716451619034,223.7862828288687,0.0,False,0.152,1.2
independent,0.97,11,sp_ucb_st,25,1054.3707944682885,228.64792493777782,0.0,False,0.1,1.2
independent,0.97,12,ucb_st,1,912.4027585239533,169.90945809281962,0.0,False,0.036,1.1
independent,0.97,12,ucb_st,25,1148.7600343729046,241.1850451708711,0.0,False,0.05,1.1
independent,0.97,12,sp_ucb_st,1,868.8375852872922,169.029152729638,0.0,False,0.017,1.2
independent,0.97,12,sp_ucb_st,25,1059.2804946848657,234.3673226358612,0.0,False,0.05,1.2
independent,0.97,13,ucb_st,1,1079.2525509222578,180.41352034882465,0.0,False,0.064,1.1
independent,0.97,13,ucb_st,25,1173.654044492512,244.57646864422097,0.0,False,0.075,1.2
independent,0.97,13,sp_ucb_st,1,649.6436016470655,193.37128275835965,0.0,False,0.498,1.2
independent,0.97,13,sp_ucb_st,25,1016.6207471944142,261.3250505535287,0.0,False,0.325,1.2
independent,0.97,14,ucb_st,1,938.5273074038575,180.803494449433,0.0,False,0.049,1.1
independent,0.97,14,ucb_st,25,1106.9170995442655,231.50897390608526,0.0,False,0.05,1.1
independent,0.97,14,sp_ucb_st,1,804.7543741495692,117.67935829259756,0.0,False,0.105,1.2
independent,0.97,14,sp_ucb_st,25,1103.0792921370419,214.04350105275003,0.0,False,0.1,1.2
independent,0.97,15,ucb_st,1,1013.5574140998294,230.55625364561413,0.0,False,0.008,1.1
independent,0.97,15,ucb_st,25,1143.8065579378658,233.30483792662153,0.0,False,0.025,1.1
independent,0.97,15,sp_ucb_st,1,934.8982434203622,202.33059181909132,0.0,False,0.364,1.2
independent,0.97,15,sp_ucb_st,25,1001.4315383466412,221.97481142481706,0.0,False,0.25,1.2
independent,0.97,16,ucb_st,1,922.5450117450554,188.79857214627316,0.0,False,0.246,1.1
independent,0.97,16,ucb_st,25,1134.6935505568144,241.77449312969327,0.0,False,0.05,1.1
independent,0.97,16,sp_ucb_st,1,642.3973369557946,154.99176345373016,0.0,False,0.374,1.1
independent,0.97,16,sp_ucb_st,25,1145.6958122423744,231.04552492455994,0.0,False,0.0,1.4
independent,0.97,17,ucb_st,1,718.895305571038,177.1122200212906,0.0,False,0.194,1.1
independent,0.97,17,ucb_st,25,1022.7700424344222,215.85987453931858,0.0,False,0.125,1.1
independent,0.97,17,sp_ucb_st,1,575.1183929965802,144.82850470860535,0.0,False,0.362,1.4
independent,0.97,17,sp_ucb_st,25,805.704021277122,203.83662821666593,0.0,False,0.225,1.3
independent,0.97,18,ucb_st,1,885.44256016677,257.8604349764014,0.0,False,0.162,1.1
independent,0.97,18,ucb_st,25,1123.7084468308785,242.92166664336096,0.0,False,0.1,1.2
independent,0.97,18,sp_ucb_st,1,820.4536686895352,279.41334852438376,0.0,False,0.016,1.2
independent,0.97,18,sp_ucb_st,25,1099.6481513931121,250.82959479646505,0.0,False,0.05,1.2
independent,0.97,19,ucb_st,1,950.5032289087411,168.28557170881393,0.0,False,0.051,1.1
independent,0.97,19,ucb_st,25,1163.4414235806082,236.1868555336514,0.0,False,0.05,1.1
independent,0.97,19,sp_ucb_st,1,677.4411035916429,133.81461005885754,0.0,False,0.018,1.2
independent,0.97,19,sp_ucb_st,25,981.5142699671549,235.9203009296666,0.0,False,0.05,1.2
correlated,0.0,0,ucb_st,1,966.1088579992036,217.64368413096543,0.0,False,0.09,1.3
correlated,0.0,0,ucb_st,25,942.0389650489738,214.69283699668233,0.0,False,0.15,1.1
correlated,0.0,0,sp_ucb_st,1,622.0392560711871,171.1176016296462,0.0,False,0.172,1.2
correlated,0.0,0,sp_ucb_st,25,780.2587064905159,197.33798265690265,0.0,False,0.15,1.4
correlated,0.0,1,ucb_st,1,1097.115289206538,242.568447917922,0.0,False,0.164,1.1
correlated,0.0,1,ucb_st,25,1051.4846462344428,248.0661222146722,0.0,False,0.15,1.1
correlated,0.0,1,sp_ucb_st,1,873.3992190166434,222.00504544265428,0.0,False,0.133,1.3
correlated,0.0,1,sp_ucb_st,25,822.6931769352246,203.84643066031953,0.0,False,0.15,1.6
correlated,0.0,2,ucb_st,1,1006.9428694744204,219.44818003741048,0.0,False,0.11,1.7
correlated,0.0,2,ucb_st,25,1018.6163692329152,224.6051166546343,0.0,False,0.1,1.3
correlated,0.0,2,sp_ucb_st,1,838.0623278529579,190.20267962953474,0.0,False,0.073,1.3
correlated,0.0,2,sp_ucb_st,25,732.978513448795,180.00961818672022,0.0,False,0.125,1.1
correlated,0.0,3,ucb_st,1,956.549206384156,209.82553227826506,0.0,False,0.13,1.5
correlated,0.0,3,ucb_st,25,937.9718550315283,228.75260984933362,0.0,False,0.175,1.3
correlated,0.0,3,sp_ucb_st,1,665.4831944327959,172.86902160903065,0.0,False,0.162,1.2
correlated,0.0,3,sp_ucb_st,25,727.7437434068296,188.94878223725078,0.0,False,0.075,1.2
correlated,0.0,4,ucb_st,1,1015.36340487233,219.31523219270346,0.0,False,0.103,1.2
correlated,0.0,4,ucb_st,25,1011.6964356705706,234.33846808637,0.0,False,0.1,1.1
correlated,0.0,4,sp_ucb_st,1,746.8953192673121,202.4561531895549,0.0,False,0.118,1.2
correlated,0.0,4,sp_ucb_st,25,716.1861282310681,198.33443955556115,0.0,False,0.15,1.2
correlated,0.0,5,ucb_st,1,947.3437400535871,210.61678407630075,0.0,False,0.08,1.0
correlated,0.0,5,ucb_st,25,1012.1059938134173,227.54363907093258,0.0,False,0.075,1.1
correlated,0.0,5,sp_ucb_st,1,698.7686021480607,180.55781215100217,0.0,False,0.153,1.2
correlated,0.0,5,sp_ucb_st,25,727.6560337798318,186.11193609935853,0.0,False,0.2,1.1
correlated,0.0,6,ucb_st,1,981.5898010936237,217.98756646525462,0.0,False,0.09,1.1
correlated,0.0,6,ucb_st,25,977.1479069888723,221.69603999816525,0.0,False,0.1,4.6
correlated,0.0,6,sp_ucb_st,1,765.0506254058755,184.62298733285033,0.0,False,0.286,2.3
correlated,0.0,6,sp_ucb_st,25,749.489562437711,203.93565723976982,0.0,False,0.225,1.1
correlated,0.0,7,ucb_st,1,959.4950162672601,219.57366528200265,0.0,False,0.109,3.1
correlated,0.0,7,ucb_st,25,979.0652174988269,234.13194372156877,0.0,False,0.1,3.7
correlated,0.0,7,sp_ucb_st,1,631.5171666805621,186.15358669096696,0.0,False,0.171,1.2
correlated,0.0,7,sp_ucb_st,25,672.453517909934,197.16007749719304,0.0,False,0.175,1.2
correlated,0.0,8,ucb_st,1,937.4947314138847,209.35871175127292,0.0,False,0.08,1.1
correlated,0.0,8,ucb_st,25,970.9261581556584,231.39870138028465,0.0,False,0.075,1.1
correlated,0.0,8,sp_ucb_st,1,632.0157424977904,183.02240224470788,0.0,False,0.188,1.3
correlated,0.0,8,sp_ucb_st,25,628.1130044679459,186.7075605895935,0.0,False,0.25,1.4
correlated,0.0,9,ucb_st,1,978.6732317622492,221.22338889825252,0.0,False,0.109,1.1
correlated,0.0,9,ucb_st,25,986.8267980374787,219.61284568254817,0.0,False,0.1,1.1
correlated,0.0,9,sp_ucb_st,1,740.3062952724513,197.14678890213003,0.0,False,0.164,1.4
correlated,0.0,9,sp_ucb_st,25,819.7704435223909,207.98688741921353,0.0,False,0.175,1.2
correlated,0.0,10,ucb_st,1,962.3372923366107,211.75485755228308,0.0,False,0.128,1.1
correlated,0.0,10,ucb_st,25,1003.0747749562796,226.14762634733214,0.0,False,0.075,1.1
correlated,0.0,10,sp_ucb_st,1,713.8785907483442,193.18929341021504,0.0,False,0.167,785.5
correlated,0.0,10,sp_ucb_st,25,756.8888970428202,189.03277804263865,0.0,False,0.15,7.8
correlated,0.0,11,ucb_st,1,958.2930540777968,216.92507340905686,0.0,False,0.101,1.2
correlated,0.0,11,ucb_st,25,990.0198458814748,228.64792493777787,0.0,False,0.075,1.2
correlated,0.0,11,sp_ucb_st,1,724.0646341818225,215.84138969230906,0.0,False,0.188,791.9
correlated,0.0,11,sp_ucb_st,25,678.5148852120404,198.7548066069588,0.0,False,0.2,1.9
correlated,0.0,12,ucb_st,1,1030.3714698673145,216.5877399485684,0.0,False,0.125,1.6
correlated,0.0,12,ucb_st,25,1087.7504660537224,241.1850451708714,0.0,False,0.075,1.7
correlated,0.0,12,sp_ucb_st,1,859.6445478106942,205.38875625954313,0.0,False,0.21,1.4
correlated,0.0,12,sp_ucb_st,25,874.0850858533257,219.13400289285747,0.0,False,0.125,1.6
correlated,0.0,13,ucb_st,1,1054.1813319900223,227.19160827374535,0.0,False,0.104,1.6
correlated,0.0,13,ucb_st,25,1076.6537993032275,244.5764686442213,0.0,False,0.1,1.4
correlated,0.0,13,sp_ucb_st,1,848.1628307768332,204.8276157672563,0.0,False,0.153,1.6
correlated,0.0,13,sp_ucb_st,25,820.0388830910355,228.02282031956236,0.0,False,0.2,1.5
correlated,0.0,14,ucb_st,1,953.0690808047844,207.62870938498313,0.0,False,0.114,1.6
correlated,0.0,14,ucb_st,25,942.8300115577265,223.71297814959982,0.0,False,0.075,2.2
correlated,0.0,14,sp_ucb_st,1,687.4816054552571,178.82556925869812,0.0,False,0.202,1.4
correlated,0.0,14,sp_ucb_st,25,690.8413950747492,203.89234487437471,0.0,False,0.125,1.6
correlated,0.0,15,ucb_st,1,964.2225586201816,211.43163623325515,0.0,False,0.165,2.4
correlated,0.0,15,ucb_st,25,1001.6164176109436,218.43845579639526,0.0,False,0.1,1.2
correlated,0.0,15,sp_ucb_st,1,725.2571083120603,199.10086041784638,0.0,False,0.192,1.6
correlated,0.0,15,sp_ucb_st,25,729.7723577169309,199.28475076163403,0.0,False,0.2,1.7
correlated,0.0,16,ucb_st,1,1024.1538901341166,221.14360481397628,0.0,False,0.093,1.6
correlated,0.0,16,ucb_st,25,1029.2558729479927,225.1904225008093,0.0,False,0.1,1.2
correlated,0.0,16,sp_ucb_st,1,748.6155173957196,202.00147883978744,0.0,False,0.24,1.6
correlated,0.0,16,sp_ucb_st,25,775.9204757514924,201.49538641513,0.0,False,0.175,1.3
correlated,0.0,17,ucb_st,1,937.7560637694356,206.89320530866738,0.0,False,0.133,1.2
correlated,0.0,17,ucb_st,25,908.1943503460442,214.44426469654272,0.0,False,0.15,1.4
correlated,0.0,17,sp_ucb_st,1,657.2193569051332,184.62512713094875,0.0,False,0.27,1.4
correlated,0.0,17,sp_ucb_st,25,719.0133818251468,187.27455044443383,0.0,False,0.2,1.3
correlated,0.0,18,ucb_st,1,1008.6472017345762,225.07096320117014,0.0,False,0.067,1.2
correlated,0.0,18,ucb_st,25,1046.8482893254022,242.92166664336162,0.0,False,0.175,1.3
correlated,0.0,18,sp_ucb_st,1,816.2749364778406,220.359558043992,0.0,False,0.206,1.6
correlated,0.0,18,sp_ucb_st,25,681.4126745403277,193.1729699211197,0.0,False,0.325,1.4
correlated,0.0,19,ucb_st,1,1002.1596376864104,212.3127777440418,0.0,False,0.086,1.4
correlated,0.0,19,ucb_st,25,1006.6121177182147,235.92030092966738,0.0,False,0.125,1.4
correlated,0.0,19,sp_ucb_st,1,778.3481387168079,195.18093876578604,0.0,False,0.152,1.3
correlated,0.0,19,sp_ucb_st,25,806.1286897194874,191.8123161315675,0.0,False,0.125,1.5
correlated,0.5,0,ucb_st,1,961.9041746335917,205.28482559829067,0.0,False,0.09,1.4
correlated,0.5,0,ucb_st,25,1072.515882690236,223.75096960203615,0.0,False,0.025,1.3
correlated,0.5,0,sp_ucb_st,1,706.1612262963075,182.42893550373154,0.0,False,0.224,1.4
correlated,0.5,0,sp_ucb_st,25,891.8668921688619,216.02265054763004,0.0,False,0.075,1.5
correlated,0.5,1,ucb_st,1,1094.9035080637204,237.74229436639504,0.0,False,0.132,1.3
correlated,0.5,1,ucb_st,25,1125.4598286925357,248.0661222146722,0.0,False,0.1,1.3
correlated,0.5,1,sp_ucb_st,1,965.8851665449993,220.76050121260994,0.0,False,0.187,1.6
correlated,0.5,1,sp_ucb_st,25,916.6184597770587,211.6158066454404,0.0,False,0.175,1.3
correlated,0.5,2,ucb_st,1,1037.7176336398395,213.7742695216279,0.0,False,0.108,1.2
correlated,0.5,2,ucb_st,25,1096.9735367555575,224.60511665463437,0.0,False,0.075,1.3
correlated,0.5,2,sp_ucb_st,1,791.6376524001428,195.4643836036729,0.0,False,0.287,1.4
correlated,0.5,2,sp_ucb_st,25,879.5312990758374,209.73240395121172,0.0,False,0.15,1.5
correlated,0.5,3,ucb_st,1,951.932649530271,202.85829804059503,0.0,False,0.22,1.3
correlated,0.5,3,ucb_st,25,1011.4549891118252,228.7526098493329,0.0,False,0.1,1.3
correlated,0.5,3,sp_ucb_st,1,742.8534024334812,190.3771406150768,0.0,False,0.251,1.4
correlated,0.5,3,sp_ucb_st,25,822.9887887434427,201.43342804878472,0.0,False,0.05,1.3
correlated,0.5,4,ucb_st,1,993.9779035151357,220.51514293946929,0.0,False,0.081,1.3
correlated,0.5,4,ucb_st,25,1064.7850230567901,234.33846808637,0.0,False,0.125,1.2
correlated,0.5,4,sp_ucb_st,1,819.1732837587502,196.35772166609155,0.0,False,0.161,1.4
correlated,0.5,4,sp_ucb_st,25,890.930439788807,218.7501047200079,0.0,False,0.15,1.4
correlated,0.5,5,ucb_st,1,936.9336108464711,202.36652488181713,0.0,False,0.12,1.2
correlated,0.5,5,ucb_st,25,1044.2856276853481,227.54363907093264,0.0,False,0.075,1.2
correlated,0.5,5,sp_ucb_st,1,763.6718943541165,177.42110145622138,0.0,False,0.114,1.5
correlated,0.5,5,sp_ucb_st,25,887.6082664385823,203.98605219264763,0.0,False,0.125,1.4
correlated,0.5,6,ucb_st,1,981.5851415508906,210.51865940428647,0.0,False,0.111,1.2
correlated,0.5,6,ucb_st,25,1062.9536327302617,231.10880265677957,0.0,False,0.075,1.2
correlated,0.5,6,sp_ucb_st,1,774.7627363749151,185.65109428131495,0.0,False,0.135,2.5
correlated,0.5,6,sp_ucb_st,25,993.7704115915528,218.2674341469883,0.0,False,0.1,1.2
correlated,0.5,7,ucb_st,1,889.5002981546068,211.8039345483246,0.0,False,0.114,1.4
correlated,0.5,7,ucb_st,25,1025.405781666988,234.13194372156877,0.0,False,0.075,2.3
correlated,0.5,7,sp_ucb_st,1,644.3907666387183,189.97141028104878,0.0,False,0.095,1.3
correlated,0.5,7,sp_ucb_st,25,803.4195012380736,219.24289401395822,0.0,False,0.1,1.3
correlated,0.5,8,ucb_st,1,891.7771218231408,207.22227960932216,0.0,False,0.07,1.3
correlated,0.5,8,ucb_st,25,1048.0092227455236,231.39870138028465,0.0,False,0.025,1.7
correlated,0.5,8,sp_ucb_st,1,698.6014233020503,191.8343744024018,0.0,False,0.157,1.3
correlated,0.5,8,sp_ucb_st,25,838.599960435495,218.35080562559378,0.0,False,0.15,1.1
correlated,0.5,9,ucb_st,1,991.6625967139107,220.1908951316386,0.0,False,0.129,1.8
correlated,0.5,9,ucb_st,25,1036.1057779156674,235.7604133107228,0.0,False,0.1,1.1
correlated,0.5,9,sp_ucb_st,1,734.5291338983035,196.68132229283574,0.0,False,0.177,1.2
correlated,0.5,9,sp_ucb_st,25,924.4753919686874,213.83873011749466,0.0,False,0.125,1.3
correlated,0.5,10,ucb_st,1,904.9157865263076,210.7363096787888,0.0,False,0.329,1.2
correlated,0.5,10,ucb_st,25,1047.8464334280488,226.14762634733214,0.0,False,0.075,1.2
correlated,0.5,10,sp_ucb_st,1,752.2423265491639,178.7535053044293,0.0,False,0.425,1.5
correlated,0.5,10,sp_ucb_st,25,870.7343578134723,199.10825579404312,0.0,False,0.1,3.4
correlated,0.5,11,ucb_st,1,930.067980074195,215.33598300024295,0.0,False,0.035,1.1
correlated,0.5,11,ucb_st,25,1042.8695684665408,228.64792493777787,0.0,False,0.05,1.8
correlated,0.5,11,sp_ucb_st,1,685.0160370323,204.25346354063376,0.0,False,0.136,2.9
correlated,0.5,11,sp_ucb_st,25,826.6450878345796,206.81427880995807,0.0,False,0.2,1.2
correlated,0.5,12,ucb_st,1,1048.4767807051603,212.9601676606386,0.0,False,0.073,1.1
correlated,0.5,12,ucb_st,25,1131.4264346944412,241.18504517087143,0.0,False,0.075,1.1
correlated,0.5,12,sp_ucb_st,1,918.8980215637906,201.39461482704476,0.0,False,0.193,1.2
correlated,0.5,12,sp_ucb_st,25,999.7729808946626,227.907927778194,0.0,False,0.1,1.4
correlated,0.5,13,ucb_st,1,1016.973243465031,239.56665316750062,0.0,False,0.211,1.1
correlated,0.5,13,ucb_st,25,1139.1252980914637,244.5764686442213,0.0,False,0.075,1.2
correlated,0.5,13,sp_ucb_st,1,823.1705401214288,213.81895884676567,0.0,False,0.248,1.3
correlated,0.5,13,sp_ucb_st,25,980.4431070779495,235.2354516026017,0.0,False,0.225,1.2
correlated,0.5,14,ucb_st,1,988.7995046616884,209.72718178693316,0.0,False,0.036,1.1
correlated,0.5,14,ucb_st,25,997.4318622209937,223.71297814959982,0.0,False,0.1,1.6
correlated,0.5,14,sp_ucb_st,1,789.0636114092573,206.76822279448723,0.0,False,0.141,1.3
correlated,0.5,14,sp_ucb_st,25,873.1463855672008,193.68872007694657,0.0,False,0.125,1.2
correlated,0.5,15,ucb_st,1,979.7055985225969,218.78870194862054,0.0,False,0.223,1.8
correlated,0.5,15,ucb_st,25,1061.777926235094,226.19575688140904,0.0,False,0.05,1.2
correlated,0.5,15,sp_ucb_st,1,796.7546952511159,175.61941245707422,0.0,False,0.098,1.2
correlated,0.5,15,sp_ucb_st,25,928.0227622200975,220.3993168450326,0.0,False,0.2,1.5
correlated,0.5,16,ucb_st,1,1010.5793707448298,219.27330333064168,0.0,False,0.131,1.3
correlated,0.5,16,ucb_st,25,1083.2638540818655,232.08865195925858,0.0,False,0.1,2.0
correlated,0.5,16,sp_ucb_st,1,929.2767562788968,207.2677560242713,0.0,False,0.201,1.8
correlated,0.5,16,sp_ucb_st,25,978.1540648157508,206.77112498372705,0.0,False,0.125,1.3
correlated,0.5,17,ucb_st,1,898.8556437082307,212.871867397646,0.0,False,0.266,2.3
correlated,0.5,17,ucb_st,25,1035.1494731356022,222.51877803647594,0.0,False,0.025,1.4
correlated,0.5,17,sp_ucb_st,1,667.7973463576197,185.27194560942877,0.0,False,0.113,1.3
correlated,0.5,17,sp_ucb_st,25,843.7043263214368,206.5424520600402,0.0,False,0.175,1.4
correlated,0.5,18,ucb_st,1,996.1893323820523,229.20637236478535,0.0,False,0.085,1.2
correlated,0.5,18,ucb_st,25,1111.6532703717487,242.92166664336162,0.0,False,0.05,1.2
correlated,0.5,18,sp_ucb_st,1,769.1283996389561,207.49909705251875,0.0,False,0.132,1.2
correlated,0.5,18,sp_ucb_st,25,910.1317239804843,230.6885710333843,0.0,False,0.075,1.2
correlated,0.5,19,ucb_st,1,1033.738093324115,221.27290969242662,0.0,False,0.081,1.1
correlated,0.5,19,ucb_st,25,1093.9308008434841,226.38883467477734,0.0,False,0.1,1.2
correlated,0.5,19,sp_ucb_st,1,779.7617230192908,185.41995042551662,0.0,False,0.087,1.3
correlated,0.5,19,sp_ucb_st,25,949.5992561813206,217.456775802132,0.0,False,0.1,1.7
correlated,0.9,0,ucb_st,1,955.7339592903938,178.63498130439388,0.0,False,0.1,1.2
correlated,0.9,0,ucb_st,25,1105.2863392693828,214.1088850247571,0.0,False,0.05,1.9
correlated,0.9,0,sp_ucb_st,1,739.5825426534632,138.51583548181802,0.0,False,0.176,1.5
correlated,0.9,0,sp_ucb_st,25,972.9138966219173,214.45674987063848,0.0,False,0.125,1.3
correlated,0.9,1,ucb_st,1,1084.3567533545665,221.79066218452382,0.0,False,0.143,1.7
correlated,0.9,1,ucb_st,25,1188.2581327044475,241.61828816714353,0.0,False,0.05,1.2
correlated,0.9,1,sp_ucb_st,1,899.6577295889127,188.16449822573966,0.0,False,0.026,1.5
correlated,0.9,1,sp_ucb_st,25,1105.2679769097842,225.9648811015499,0.0,False,0.15,1.3
correlated,0.9,2,ucb_st,1,918.5347388167899,174.0915579692485,0.0,False,0.15,1.5
correlated,0.9,2,ucb_st,25,1156.5839430090487,228.85786330942756,0.0,False,0.05,1.1
correlated,0.9,2,sp_ucb_st,1,825.2506348443102,125.17442061019626,0.0,False,0.16,1.7
correlated,0.9,2,sp_ucb_st,25,974.3569370679297,222.99675096893955,0.0,False,0.125,1.3
correlated,0.9,3,ucb_st,1,863.0014806494105,185.79974824589743,0.0,False,0.155,1.1
correlated,0.9,3,ucb_st,25,1081.8885655437666,228.7526098493331,0.0,False,0.075,1.7
correlated,0.9,3,sp_ucb_st,1,911.3538457351601,197.52566018085454,0.0,False,0.309,1.3
correlated,0.9,3,sp_ucb_st,25,1014.2369770649144,195.32177582726897,0.0,False,0.05,1.3
correlated,0.9,4,ucb_st,1,1001.1538387645026,231.0096255345885,0.0,False,0.079,1.2
correlated,0.9,4,ucb_st,25,1129.377650003614,235.99508351657974,0.0,False,0.025,1.1
correlated,0.9,4,sp_ucb_st,1,712.0519777233599,163.63649473127379,0.0,False,0.035,1.2
correlated,0.9,4,sp_ucb_st,25,1059.4849914523543,233.22440480438004,0.0,False,0.1,1.1
correlated,0.9,5,ucb_st,1,1062.5178372305854,175.19357504973357,0.0,False,0.034,1.1
correlated,0.9,5,ucb_st,25,1111.3148541146536,218.93499614203492,0.0,False,0.025,1.1
correlated,0.9,5,sp_ucb_st,1,856.6216750849794,176.2364433184289,0.0,False,0.045,1.3
correlated,0.9,5,sp_ucb_st,25,1103.5094946993518,211.04438028055912,0.0,False,0.05,1.3
correlated,0.9,6,ucb_st,1,930.1060547525825,225.67407690262496,0.0,False,0.239,1.2
correlated,0.9,6,ucb_st,25,1133.624433327683,231.10880265677952,0.0,False,0.05,1.3
correlated,0.9,6,sp_ucb_st,1,796.5049891071634,157.53875853030124,0.0,False,0.061,1.2
correlated,0.9,6,sp_ucb_st,25,1070.7941497960128,215.0259760848675,0.0,False,0.05,1.2
correlated,0.9,7,ucb_st,1,783.2902603447967,159.9331259940341,0.0,False,0.113,1.2
correlated,0.9,7,ucb_st,25,1064.0302343377923,227.71404214106428,0.0,False,0.075,1.1
correlated,0.9,7,sp_ucb_st,1,669.4931026281487,140.04074984379784,0.0,False,0.089,1.3
correlated,0.9,7,sp_ucb_st,25,926.842021281108,228.60440807845222,0.0,False,0.125,1.2
correlated,0.9,8,ucb_st,1,748.4523242719167,161.0352478118173,0.0,False,0.096,1.1
correlated,0.9,8,ucb_st,25,1084.1012235123942,230.96077603381056,0.0,False,0.075,1.1
correlated,0.9,8,sp_ucb_st,1,608.094407282353,138.3005531776359,0.0,False,0.178,1.2
correlated,0.9,8,sp_ucb_st,25,1036.6650490100092,220.9869786878237,0.0,False,0.075,1.2
correlated,0.9,9,ucb_st,1,1035.3267811193582,198.9436156505282,0.0,False,0.038,1.1
correlated,0.9,9,ucb_st,25,1112.2741423159762,234.28782734402728,0.0,False,0.05,1.1
correlated,0.9,9,sp_ucb_st,1,685.2483219069177,154.61013358215797,0.0,False,0.179,1.2
correlated,0.9,9,sp_ucb_st,25,1123.693856894693,227.15357667359308,0.0,False,0.05,1.3
correlated,0.9,10,ucb_st,1,991.4881765857358,175.5993629232422,0.0,False,0.32,1.1
correlated,0.9,10,ucb_st,25,1081.477973570161,228.48798352030548,0.0,False,0.075,1.2
correlated,0.9,10,sp_ucb_st,1,630.6538384249839,134.97355712787424,0.0,False,0.276,1.2
correlated,0.9,10,sp_ucb_st,25,910.9601360560943,185.67570469192398,0.0,False,0.25,1.2
correlated,0.9,11,ucb_st,1,899.1868681578644,209.7689149204108,0.0,False,0.147,1.2
correlated,0.9,11,ucb_st,25,1104.4639137966283,228.64792493777801,0.0,False,0.1,1.1
correlated,0.9,11,sp_ucb_st,1,824.3861320892828,233.1333775929809,0.0,False,0.206,1.3
correlated,0.9,11,sp_ucb_st,25,1006.2667594647211,209.45760903910903,0.0,False,0.225,1.2
correlated,0.9,12,ucb_st,1,962.9124147556881,213.86158695120753,0.0,False,0.103,1.2
correlated,0.9,12,ucb_st,25,1166.2676063364627,242.6742698932957,0.0,False,0.075,1.2
correlated,0.9,12,sp_ucb_st,1,809.4841323811003,187.18151936080613,0.0,False,0.048,1.3
correlated,0.9,12,sp_ucb_st,25,1176.0288898893646,245.26636927680264,0.0,False,0.05,1.2
correlated,0.9,13,ucb_st,1,966.5510099021519,215.10452659139784,0.0,False,0.551,1.2
correlated,0.9,13,ucb_st,25,1170.7466466877927,240.4378253258531,0.0,False,0.075,1.2
correlated,0.9,13,sp_ucb_st,1,843.3017481775477,213.9059288720207,0.0,False,0.457,1.3
correlated,0.9,13,sp_ucb_st,25,1081.8838743818135,243.93772481934894,0.0,False,0.175,1.2
correlated,0.9,14,ucb_st,1,876.4028631447061,177.4130432495172,0.0,False,0.111,1.2
correlated,0.9,14,ucb_st,25,1066.404473809558,226.78772056958329,0.0,False,0.075,1.1
correlated,0.9,14,sp_ucb_st,1,692.8773735737428,102.74855486466683,0.0,False,0.094,1.2
correlated,0.9,14,sp_ucb_st,25,1102.5610410984025,208.32706954547487,0.0,False,0.05,1.2
correlated,0.9,15,ucb_st,1,985.7043328776475,180.1358099198687,0.0,False,0.023,1.1
correlated,0.9,15,ucb_st,25,1108.246980352861,226.67331646020165,0.0,False,0.075,1.1
correlated,0.9,15,sp_ucb_st,1,829.2783480516207,196.18322340186566,0.0,False,0.153,1.2
correlated,0.9,15,sp_ucb_st,25,943.105505610094,218.16878745112797,0.0,False,0.2,1.2
correlated,0.9,16,ucb_st,1,1050.0992063961369,212.84572041118244,0.0,False,0.099,1.2
correlated,0.9,16,ucb_st,25,1142.4638291491854,234.9114995549514,0.0,False,0.075,1.1
correlated,0.9,16,sp_ucb_st,1,753.6321835846992,216.94287441000415,0.0,False,0.267,1.2
correlated,0.9,16,sp_ucb_st,25,1058.7862465313956,244.63833895824732,0.0,False,0.125,1.2
correlated,0.9,17,ucb_st,1,817.7579546898874,194.36561831145968,0.0,False,0.339,1.1
correlated,0.9,17,ucb_st,25,1020.8401237415534,215.042492459872,0.0,False,0.075,1.1
correlated,0.9,17,sp_ucb_st,1,671.0436529659181,177.7981360253933,0.0,False,0.119,1.2
correlated,0.9,17,sp_ucb_st,25,937.098803952949,218.2584211672403,0.0,False,0.1,1.2
correlated,0.9,18,ucb_st,1,1044.8772684457288,231.79562035494737,0.0,False,0.02,1.1
correlated,0.9,18,ucb_st,25,1152.3116865709294,244.6922361160196,0.0,False,0.05,1.1
correlated,0.9,18,sp_ucb_st,1,926.943001271574,225.90947516943427,0.0,False,0.097,1.2
correlated,0.9,18,sp_ucb_st,25,991.0291088264499,229.45736117628564,0.0,False,0.05,1.2
correlated,0.9,19,ucb_st,1,985.4683815654247,196.93842978389227,0.0,False,0.081,1.1
correlated,0.9,19,ucb_st,25,1132.2626807156287,228.40074482111234,0.0,False,0.05,1.1
correlated,0.9,19,sp_ucb_st,1,667.5612405301331,175.27826544195517,0.0,False,0.138,1.2
correlated,0.9,19,sp_ucb_st,25,1159.81906695358,238.21314654438876,0.0,False,0.025,1.2
correlated,0.97,0,ucb_st,1,985.4258866158893,157.26007013716017,0.0,False,0.195,1.1
correlated,0.97,0,ucb_st,25,1086.677433303792,214.9459395260959,0.0,False,0.05,1.1
correlated,0.97,0,sp_ucb_st,1,846.9413690325018,91.73380352146094,0.0,False,0.003,1.2
correlated,0.97,0,sp_ucb_st,25,1108.82668836116,210.28332910176027,0.0,False,0.025,1.4
correlated,0.97,1,ucb_st,1,1143.0481920998604,221.75539452938273,0.0,False,0.167,1.1
correlated,0.97,1,ucb_st,25,1165.9165681669886,249.56552816452057,0.0,False,0.1,1.2
correlated,0.97,1,sp_ucb_st,1,829.8999712915921,199.63240229618464,0.0,False,0.078,1.5
correlated,0.97,1,sp_ucb_st,25,1150.7250953305502,228.7438254913479,0.0,False,0.05,1.2
correlated,0.97,2,ucb_st,1,869.0993102243264,159.38936181139667,0.0,False,0.248,1.2
correlated,0.97,2,ucb_st,25,1117.509887288698,220.13784929692753,0.0,False,0.05,1.2
correlated,0.97,2,sp_ucb_st,1,877.3708354524435,128.14565502280212,0.0,False,0.257,1.3
correlated,0.97,2,sp_ucb_st,25,1076.0561147605586,201.0154101249963,0.0,False,0.1,1.2
correlated,0.97,3,ucb_st,1,926.7637513351472,147.4013658896631,0.0,False,0.036,1.2
correlated,0.97,3,ucb_st,25,1101.267368511822,223.73520412574808,0.0,False,0.05,1.2
correlated,0.97,3,sp_ucb_st,1,660.9844582567331,144.90971787072144,0.0,False,0.181,1.2
correlated,0.97,3,sp_ucb_st,25,998.5304753570282,213.45573032780453,0.0,False,0.05,1.2
correlated,0.97,4,ucb_st,1,984.1166183626,244.76894731408652,0.0,False,0.006,1.1
correlated,0.97,4,ucb_st,25,1172.0371612502806,242.04028149012657,0.0,False,0.025,1.1
correlated,0.97,4,sp_ucb_st,1,860.8490756493543,163.55198711182007,0.0,False,0.009,1.2
correlated,0.97,4,sp_ucb_st,25,1043.5579753361294,227.80021014216808,0.0,False,0.05,1.2
correlated,0.97,5,ucb_st,1,1020.1624371675734,169.23746071555075,0.0,False,0.041,1.2
correlated,0.97,5,ucb_st,25,1115.5915669851058,216.02991397237773,0.0,False,0.05,1.2
correlated,0.97,5,sp_ucb_st,1,946.4824518744886,138.60362517884687,0.0,False,0.019,1.2
correlated,0.97,5,sp_ucb_st,25,1122.6105660601697,221.45675599634265,0.0,False,0.025,1.2
correlated,0.97,6,ucb_st,1,951.3133589349876,216.16209714374756,0.0,False,0.043,1.2
correlated,0.97,6,ucb_st,25,1145.3144652112621,231.1088026567794,0.0,False,0.025,1.1
correlated,0.97,6,sp_ucb_st,1,805.7714494499432,146.27465292989788,0.0,False,0.06,1.2
correlated,0.97,6,sp_ucb_st,25,1018.8178399987997,230.55183001353066,0.0,False,0.075,1.2
correlated,0.97,7,ucb_st,1,643.6522059937752,151.59844060473657,0.0,False,0.08,1.2
correlated,0.97,7,ucb_st,25,1060.5577728775343,234.28808632371587,0.0,False,0.075,1.1
correlated,0.97,7,sp_ucb_st,1,573.1959075942353,121.47050808495845,0.0,False,0.253,1.2
correlated,0.97,7,sp_ucb_st,25,923.7457512590094,222.80429948849073,0.0,False,0.05,1.2
correlated,0.97,8,ucb_st,1,686.0400740692506,134.06104150303707,0.0,False,0.115,1.1
correlated,0.97,8,ucb_st,25,1071.168865098775,225.59893055704472,0.0,False,0.05,1.1
correlated,0.97,8,sp_ucb_st,1,594.0994515128133,96.28226002199402,0.0,False,0.023,1.2
correlated,0.97,8,sp_ucb_st,25,919.8421490049923,236.5096727459334,0.0,False,0.1,1.2
correlated,0.97,9,ucb_st,1,956.145679160735,157.97476757509904,0.0,False,0.09,1.1
correlated,0.97,9,ucb_st,25,1144.7314223198423,234.93955679944517,0.0,False,0.1,1.1
correlated,0.97,9,sp_ucb_st,1,704.7678708436163,97.0780258300352,0.0,False,0.065,1.2
correlated,0.97,9,sp_ucb_st,25,1118.1520422293447,231.28299781626467,0.0,False,0.1,1.1
correlated,0.97,10,ucb_st,1,812.2881220217623,91.51849724127634,0.0,False,0.353,1.1
correlated,0.97,10,ucb_st,25,1044.7436768519763,224.10055774996152,0.0,False,0.3,1.1
correlated,0.97,10,sp_ucb_st,1,666.3726601429395,79.78239974941309,0.0,False,0.397,1.2
correlated,0.97,10,sp_ucb_st,25,976.3892271833806,183.5102772079747,0.0,False,0.05,1.2
correlated,0.97,11,ucb_st,1,872.902753674452,231.0960764796379,0.0,False,0.125,1.1
correlated,0.97,11,ucb_st,25,1081.3517824262676,228.64792493777844,0.0,False,0.075,1.1
correlated,0.97,11,sp_ucb_st,1,858.1476205748271,255.51027719092306,0.0,False,0.029,1.2
correlated,0.97,11,sp_ucb_st,25,1098.0206868951975,233.76733893681276,0.0,False,0.05,1.1
correlated,0.97,12,ucb_st,1,915.0858236819731,173.83970798858363,0.0,False,0.076,1.1
correlated,0.97,12,ucb_st,25,1117.3402172430242,245.6999139255979,0.0,False,0.1,1.1
correlated,0.97,12,sp_ucb_st,1,832.1756025722437,160.24211670038122,0.0,False,0.084,1.2
correlated,0.97,12,sp_ucb_st,25,1085.2186011201256,244.46820568848696,0.0,False,0.05,1.1
correlated,0.97,13,ucb_st,1,959.4978955203793,201.4101941150673,0.0,False,0.054,1.2
correlated,0.97,13,ucb_st,25,1181.919781705645,243.25294899746297,0.0,False,0.125,1.1
correlated,0.97,13,sp_ucb_st,1,673.9737551138192,187.93332100940137,0.0,False,0.138,1.2
correlated,0.97,13,sp_ucb_st,25,1003.9169949752119,248.4448849633329,0.0,False,0.25,1.2
correlated,0.97,14,ucb_st,1,920.2920661163992,181.55611535152735,0.0,False,0.004,1.1
correlated,0.97,14,ucb_st,25,1086.610735518373,232.07123752507323,0.0,False,0.075,1.1
correlated,0.97,14,sp_ucb_st,1,845.5826966101009,100.94041885796194,0.0,False,0.023,1.2
correlated,0.97,14,sp_ucb_st,25,1070.741023162754,201.95374514606317,0.0,False,0.025,1.3
correlated,0.97,15,ucb_st,1,762.8575515768214,205.88334424668236,0.0,False,0.125,1.2
correlated,0.97,15,ucb_st,25,1085.282575707083,227.1975665106405,0.0,False,0.025,1.2
correlated,0.97,15,sp_ucb_st,1,846.1490800460978,199.09970533108756,0.0,False,0.236,1.3
correlated,0.97,15,sp_ucb_st,25,956.7739467599599,225.91644372314838,0.0,False,0.125,1.2
correlated,0.97,16,ucb_st,1,954.3149867467199,240.47592483690522,0.0,False,0.121,1.2
correlated,0.97,16,ucb_st,25,1140.8944723411698,242.4294647249767,0.0,False,0.075,1.1
correlated,0.97,16,sp_ucb_st,1,1059.2310631411199,201.7819863535362,0.0,False,0.002,1.2
correlated,0.97,16,sp_ucb_st,25,1085.8640160898208,242.9402159379581,0.0,False,0.125,1.2
correlated,0.97,17,ucb_st,1,805.6779448983491,172.1826803812265,0.0,False,0.422,1.1
correlated,0.97,17,ucb_st,25,1031.095404098145,209.3129719381798,0.0,False,0.05,1.1
correlated,0.97,17,sp_ucb_st,1,443.4871933405254,158.1469873457032,0.0,False,0.578,1.3
correlated,0.97,17,sp_ucb_st,25,887.0762465844507,212.74687366855503,0.0,False,0.025,1.3
correlated,0.97,18,ucb_st,1,825.8277876116033,262.94097220195073,0.0,False,0.156,1.2
correlated,0.97,18,ucb_st,25,1128.1560471741577,236.2939626374438,0.0,False,0.075,1.2
correlated,0.97,18,sp_ucb_st,1,711.2219091325487,253.0284508925273,0.0,False,0.181,1.3
correlated,0.97,18,sp_ucb_st,25,1191.2066376477928,238.70610461240935,0.0,False,0.0,1.2
correlated,0.97,19,ucb_st,1,793.6746475387773,170.1141814535869,0.0,False,0.184,1.2
correlated,0.97,19,ucb_st,25,1134.9731450144857,236.18685553365168,0.0,False,0.05,1.1
correlated,0.97,19,sp_ucb_st,1,650.1477639513136,115.02884488945179,0.0,False,0.127,1.2
correlated,0.97,19,sp_ucb_st,25,1035.3498829302782,222.42977715987942,0.0,False,0.1,1.3
independent,0.0,0,ucb_iid,1,712.705781667859,185.18544579691005,0.0,False,0.174,0.1
independent,0.0,0,ucb_iid,25,685.7243331261672,196.5035948128638,0.0,False,0.125,0.1
independent,0.0,0,sp_ucb_iid,1,273.80713820598504,114.83457136092595,0.0,False,0.276,0.2
independent,0.0,0,sp_ucb_iid,25,320.13181978802163,119.18785182420322,0.0,False,0.075,0.2
independent,0.0,0,sp_ucb_emp,1,1313.8953177524631,278.59541190255663,0.999,True,0.0,0.3
independent,0.0,0,sp_ucb_emp,25,264.5020161427004,68.16113657066352,0.0034,True,0.025,0.3
independent,0.0,1,ucb_iid,1,798.898268848597,231.59933119310213,0.0,False,0.367,0.2
independent,0.0,1,ucb_iid,25,836.3237577660509,219.40331761197385,0.0,False,0.325,0.1
independent,0.0,1,sp_ucb_iid,1,494.7757079166811,129.47962598801374,0.0,False,0.348,0.2
independent,0.0,1,sp_ucb_iid,25,382.12251068436206,135.1860282648535,0.0,False,0.45,0.2
independent,0.0,1,sp_ucb_emp,1,313.1958157358303,122.69424415386712,0.9952,True,0.598,0.4
independent,0.0,1,sp_ucb_emp,25,310.5170515598878,108.7832221519633,0.0014,True,0.375,0.4
independent,0.0,2,ucb_iid,1,683.2244741035194,174.06940221666864,0.0,False,0.211,0.2
independent,0.0,2,ucb_iid,25,728.3612942674852,198.72158313916697,0.0,False,0.1,0.1
independent,0.0,2,sp_ucb_iid,1,366.87190904494673,114.31087559582733,0.0,False,0.282,0.3
independent,0.0,2,sp_ucb_iid,25,386.5341804079437,141.62461832279033,0.0,False,0.475,0.2
independent,0.0,2,sp_ucb_emp,1,301.0861672240261,66.71690539773473,0.9954,True,0.429,0.3
independent,0.0,2,sp_ucb_emp,25,325.3497224315455,128.01534011561833,0.0022,True,0.5,0.3
independent,0.0,3,ucb_iid,1,628.951132336685,176.5823810816061,0.0,False,0.178,0.2
independent,0.0,3,ucb_iid,25,653.9901701558473,209.6580123475798,0.0,False,0.1,0.1
independent,0.0,3,sp_ucb_iid,1,262.96930424073577,106.1266195848959,0.0,False,0.465,0.2
independent,0.0,3,sp_ucb_iid,25,309.809589974637,146.3834704002154,0.0,False,0.05,0.2
independent,0.0,3,sp_ucb_emp,1,235.75556678853073,46.47606997376413,0.9984,True,0.061,0.3
independent,0.0,3,sp_ucb_emp,25,237.6078675466724,85.21844089611805,0.0006,True,0.025,0.3
independent,0.0,4,ucb_iid,1,699.9986560573648,223.93236084702147,0.0,False,0.079,0.1
independent,0.0,4,ucb_iid,25,735.8339802904424,200.53530295848248,0.0,False,0.1,0.1
independent,0.0,4,sp_ucb_iid,1,367.4987534825943,130.01984954330692,0.0,False,0.114,0.2
independent,0.0,4,sp_ucb_iid,25,431.3445130155184,146.2582016436831,0.0,False,0.1,0.2
independent,0.0,4,sp_ucb_emp,1,315.78106313867846,97.62461655886928,0.9976,True,0.286,0.3
independent,0.0,4,sp_ucb_emp,25,308.0949381070208,96.94429263873758,0.0016,True,0.175,0.3
independent,0.0,5,ucb_iid,1,658.2989864673682,177.43717027187586,0.0,False,0.08,0.1
independent,0.0,5,ucb_iid,25,781.5664178615226,205.30836957222587,0.0,False,0.2,0.1
independent,0.0,5,sp_ucb_iid,1,387.6886209757044,138.73800499278414,0.0,False,0.271,0.2
independent,0.0,5,sp_ucb_iid,25,426.030937040753,172.89803766781313,0.0,False,0.05,0.2
independent,0.0,5,sp_ucb_emp,1,1515.0137476408331,298.23412714211287,0.999,True,0.0,0.3
independent,0.0,5,sp_ucb_emp,25,242.28955803254388,81.59254758229127,0.005,True,0.1,0.3
independent,0.0,6,ucb_iid,1,708.3921680811158,190.78743728833737,0.0,False,0.357,0.1
independent,0.0,6,ucb_iid,25,773.3593798479201,208.36522846193373,0.0,False,0.35,0.1
independent,0.0,6,sp_ucb_iid,1,283.91034900185747,127.55978149905309,0.0,False,0.638,0.2
independent,0.0,6,sp_ucb_iid,25,458.79062925268516,196.17515201579442,0.0,False,0.05,0.2
independent,0.0,6,sp_ucb_emp,1,213.73933653532168,52.97676335941949,0.9988,True,0.55,0.3
independent,0.0,6,sp_ucb_emp,25,357.6668817992258,121.75038052147544,0.0004,True,0.375,0.3
independent,0.0,7,ucb_iid,1,597.2459806672744,171.6189133590254,0.0,False,0.254,0.1
independent,0.0,7,ucb_iid,25,690.0146754473933,213.75458671304705,0.0,False,0.3,0.1
independent,0.0,7,sp_ucb_iid,1,311.502441387591,124.03567442258274,0.0,False,0.267,0.2
independent,0.0,7,sp_ucb_iid,25,360.7807872492715,141.47311018373122,0.0,False,0.225,0.2
independent,0.0,7,sp_ucb_emp,1,294.04371607506965,107.64091844482572,0.9988,True,0.017,0.3
independent,0.0,7,sp_ucb_emp,25,244.59764977021774,105.4505318293735,0.0026,True,0.325,0.3
independent,0.0,8,ucb_iid,1,603.4984410886003,171.27545540728744,0.0,False,0.267,0.2
independent,0.0,8,ucb_iid,25,574.9455884777918,189.36717915763404,0.0,False,0.15,0.1
independent,0.0,8,sp_ucb_iid,1,248.8667050143128,128.68100463903406,0.0,False,0.444,0.2
independent,0.0,8,sp_ucb_iid,25,318.2836358162184,174.77866934574683,0.0,False,0.325,0.2
independent,0.0,8,sp_ucb_emp,1,171.03174804826216,55.057936379608705,0.9966,True,0.101,0.3
independent,0.0,8,sp_ucb_emp,25,238.53363850681728,102.24103803146296,0.0008,True,0.325,0.3
independent,0.0,9,ucb_iid,1,672.637552601449,194.66567534470713,0.0,False,0.213,0.1
independent,0.0,9,ucb_iid,25,669.9621846774099,189.33974548585434,0.0,False,0.25,0.1
independent,0.0,9,sp_ucb_iid,1,410.3332014726968,138.80393396387979,0.0,False,0.27,0.2
independent,0.0,9,sp_ucb_iid,25,412.430915939884,158.82736616923472,0.0,False,0.25,0.2
independent,0.0,9,sp_ucb_emp,1,197.99929870986114,161.8803292816147,0.999,True,0.98,0.3
independent,0.0,9,sp_ucb_emp,25,375.0986502239704,141.6606395899769,0.0012,True,0.25,0.2
independent,0.0,10,ucb_iid,1,650.2484547488909,184.15448466571726,0.0,False,0.409,0.1
independent,0.0,10,ucb_iid,25,681.4385162288693,188.5990947076712,0.0,False,0.35,0.1
independent,0.0,10,sp_ucb_iid,1,371.55276913931186,149.58193744550405,0.0,False,0.359,0.2
independent,0.0,10,sp_ucb_iid,25,369.4710309060533,145.41849486392599,0.0,False,0.275,0.2
independent,0.0,10,sp_ucb_emp,1,217.42039346145077,53.85409726621999,0.9976,True,0.643,0.3
independent,0.0,10,sp_ucb_emp,25,310.1540923388052,112.93832168161852,0.0006,True,0.5,0.4
independent,0.0,11,ucb_iid,1,643.2253737377554,188.1445881260308,0.0,False,0.614,0.1
independent,0.0,11,ucb_iid,25,685.326765511462,210.6071070985449,0.0,False,0.475,0.1
independent,0.0,11,sp_ucb_iid,1,370.7887176683417,136.94147858578876,0.0,False,0.778,0.3
independent,0.0,11,sp_ucb_iid,25,294.7826295807267,141.49432848614916,0.0,False,0.375,0.2
independent,0.0,11,sp_ucb_emp,1,244.06530351983267,80.41996994600137,0.0,False,0.291,0.3
independent,0.0,11,sp_ucb_emp,25,405.4572181016399,130.39190343858377,0.0008,True,0.0,0.3
independent,0.0,12,ucb_iid,1,770.0521521397869,206.82120368993802,0.0,False,0.155,0.2
independent,0.0,12,ucb_iid,25,795.6762382728307,231.54812471653105,0.0,False,0.25,0.1
independent,0.0,12,sp_ucb_iid,1,528.3536647142265,179.5835915988986,0.0,False,0.359,0.2
independent,0.0,12,sp_ucb_iid,25,547.4422991813499,183.6255842443422,0.0,False,0.45,0.2
independent,0.0,12,sp_ucb_emp,1,384.00504682036063,86.99930977356067,0.145,True,0.342,0.3
independent,0.0,12,sp_ucb_emp,25,441.6455372212253,141.8125026721656,0.0008,True,0.175,0.4
independent,0.0,13,ucb_iid,1,739.9405752416814,213.18232597193008,0.0,False,0.488,0.1
independent,0.0,13,ucb_iid,25,803.4325094273041,228.4490175449393,0.0,False,0.225,0.1
independent,0.0,13,sp_ucb_iid,1,446.00298642976765,144.10472584733492,0.0,False,0.831,0.2
independent,0.0,13,sp_ucb_iid,25,427.37434360729804,207.03639714574362,0.0,False,0.95,0.2
independent,0.0,13,sp_ucb_emp,1,492.4401431752882,104.39695126539702,0.9988,True,0.0,0.3
independent,0.0,13,sp_ucb_emp,25,518.9288505465377,203.24370919652287,0.0018,True,0.775,0.3
independent,0.0,14,ucb_iid,1,638.4636673182845,176.1866137713051,0.0,False,0.066,0.2
independent,0.0,14,ucb_iid,25,793.2684069155993,199.66819793354023,0.0,False,0.15,0.1
independent,0.0,14,sp_ucb_iid,1,260.19369556842906,110.24881450029226,0.0,False,0.206,0.3
independent,0.0,14,sp_ucb_iid,25,335.8799462496501,177.05037145309979,0.0,False,0.2,0.2
independent,0.0,14,sp_ucb_emp,1,273.2114921576692,89.60677121146564,0.0,False,0.157,0.4
independent,0.0,14,sp_ucb_emp,25,246.1508242370449,117.53552498286484,0.0012,True,0.325,0.3
independent,0.0,15,ucb_iid,1,611.7432993328837,180.69144993483496,0.0,False,0.485,0.1
independent,0.0,15,ucb_iid,25,739.8050007751556,207.19049680921495,0.0,False,0.1,0.1
independent,0.0,15,sp_ucb_iid,1,351.15512905401613,118.68093987792429,0.0,False,0.654,0.2
independent,0.0,15,sp_ucb_iid,25,333.72249179251514,147.94559052318286,0.0,False,0.625,0.2
independent,0.0,15,sp_ucb_emp,1,1403.2308662752562,291.40674350206734,0.999,True,0.0,0.3
independent,0.0,15,sp_ucb_emp,25,287.2865307591053,137.5734514663553,0.0034,True,0.225,0.3
independent,0.0,16,ucb_iid,1,716.8321337563975,205.7840156454503,0.0,False,0.374,0.1
independent,0.0,16,ucb_iid,25,791.5756968802107,204.21233988013327,0.0,False,0.45,0.1
independent,0.0,16,sp_ucb_iid,1,402.08506817809,128.74518656448154,0.0,False,0.583,0.2
independent,0.0,16,sp_ucb_iid,25,435.060476365857,133.49849638128924,0.0,False,0.25,0.2
independent,0.0,16,sp_ucb_emp,1,387.7993183522745,138.17669814666536,0.999,True,0.344,0.3
independent,0.0,16,sp_ucb_emp,25,388.54033545355003,142.52152583087098,0.2128,True,0.275,0.3
independent,0.0,17,ucb_iid,1,622.7258909447017,183.34523423836154,0.0,False,0.267,0.1
independent,0.0,17,ucb_iid,25,614.5800348632786,178.09280733716378,0.0,False,0.35,0.1
independent,0.0,17,sp_ucb_iid,1,352.5559511681827,142.86181946230042,0.0,False,0.639,0.2
independent,0.0,17,sp_ucb_iid,25,291.95796707049476,157.33534062963906,0.0,False,0.95,0.2
independent,0.0,17,sp_ucb_emp,1,153.9273337630568,54.458437592747565,0.9988,True,0.56,0.3
independent,0.0,17,sp_ucb_emp,25,321.11374565827356,146.96179161300145,0.0012,True,1.0,0.3
independent,0.0,18,ucb_iid,1,663.5670599798316,207.9110129787789,0.0,False,0.261,0.1
independent,0.0,18,ucb_iid,25,663.4443212852764,211.22256866718897,0.0,False,0.1,0.1
independent,0.0,18,sp_ucb_iid,1,285.9824595930923,149.14758420220937,0.0,False,0.291,0.2
independent,0.0,18,sp_ucb_iid,25,343.915031352415,149.5481479494556,0.0,False,0.325,0.2
independent,0.0,18,sp_ucb_emp,1,370.9933994807479,126.61622544981107,0.9976,True,0.371,0.3
independent,0.0,18,sp_ucb_emp,25,378.43453161832406,178.25805339644054,0.002,True,0.25,0.3
independent,0.0,19,ucb_iid,1,673.8271866769595,189.60502838767718,0.0,False,0.375,0.1
independent,0.0,19,ucb_iid,25,780.195991363248,208.5318945762878,0.0,False,0.275,0.1
independent,0.0,19,sp_ucb_iid,1,283.3859785064037,117.39864989493711,0.0,False,0.563,0.2
independent,0.0,19,sp_ucb_iid,25,421.08757585685714,142.89308631095727,0.0,False,0.375,0.2
independent,0.0,19,sp_ucb_emp,1,168.6828268415218,55.041171865754066,0.9988,True,0.422,0.3
independent,0.0,19,sp_ucb_emp,25,266.22840458915965,102.73344527006327,0.001,True,0.45,0.5
independent,0.5,0,ucb_iid,1,768.5585658012974,183.93634321498683,0.0,False,0.194,0.2
independent,0.5,0,ucb_iid,25,607.4328436718617,184.4470926166978,0.0,False,0.25,0.1
independent,0.5,0,sp_ucb_iid,1,438.09499280839856,118.81576655449686,0.0,False,0.265,0.5
independent,0.5,0,sp_ucb_iid,25,406.110496703923,203.1170093840552,0.0,False,0.65,0.3
independent,0.5,0,sp_ucb_emp,1,1358.5186663868076,264.54780347943654,0.999,True,0.0,0.4
independent,0.5,0,sp_ucb_emp,25,159.3602598164574,55.90624548198041,0.0072,True,0.05,0.3
independent,0.5,1,ucb_iid,1,735.5793368781141,202.91166916186464,0.0,False,0.338,0.1
independent,0.5,1,ucb_iid,25,760.0463925866131,211.2348746649559,0.0,False,0.35,0.2
independent,0.5,1,sp_ucb_iid,1,479.55390048014544,162.89335647518988,0.0,False,0.433,0.2
independent,0.5,1,sp_ucb_iid,25,404.65853688439654,151.47582645795217,0.0,False,0.4,0.2
independent,0.5,1,sp_ucb_emp,1,295.53486590256756,63.140162136593744,0.9952,True,0.552,0.4
independent,0.5,1,sp_ucb_emp,25,445.41714212798627,169.15040991882324,0.308,True,0.25,0.3
independent,0.5,2,ucb_iid,1,689.9508813059969,177.19211869816954,0.0,False,0.139,0.2
independent,0.5,2,ucb_iid,25,786.924437895852,198.1369033525827,0.0,False,0.3,0.1
independent,0.5,2,sp_ucb_iid,1,464.87266000182336,101.29393332460141,0.0,False,0.184,0.3
independent,0.5,2,sp_ucb_iid,25,303.4034001212214,124.88204204351423,0.0,False,0.55,0.2
independent,0.5,2,sp_ucb_emp,1,469.11441918941256,125.67852068539747,0.9966,True,0.412,0.4
independent,0.5,2,sp_ucb_emp,25,315.3181991219648,121.60693561698662,0.0022,True,0.025,0.3
independent,0.5,3,ucb_iid,1,660.228462426519,179.83092317161103,0.0,False,0.167,0.1
independent,0.5,3,ucb_iid,25,689.077439446878,211.68259005458643,0.0,False,0.025,0.1
independent,0.5,3,sp_ucb_iid,1,290.88279126299636,76.09402075299262,0.0,False,0.453,0.2
independent,0.5,3,sp_ucb_iid,25,224.72618980519022,82.98861745132973,0.0,False,0.275,0.2
independent,0.5,3,sp_ucb_emp,1,335.3895199762627,116.84130635780478,0.7678,True,0.201,0.3
independent,0.5,3,sp_ucb_emp,25,138.066091857883,53.05241312639674,0.0336,True,0.675,0.3
independent,0.5,4,ucb_iid,1,903.1287354288208,201.9810420619508,0.0,False,0.096,0.2
independent,0.5,4,ucb_iid,25,728.7873672307785,192.54150610482412,0.0,False,0.1,0.1
independent,0.5,4,sp_ucb_iid,1,543.617680653009,194.09240437386487,0.0,False,0.111,0.2
independent,0.5,4,sp_ucb_iid,25,479.5291440955912,151.88852033392212,0.0,False,0.225,0.2
independent,0.5,4,sp_ucb_emp,1,362.69452210654526,110.24547117816641,0.998,True,0.173,0.3
independent,0.5,4,sp_ucb_emp,25,363.44466380251475,113.74516359474562,0.0022,True,0.05,0.3
independent,0.5,5,ucb_iid,1,726.5697164670739,173.87055111023784,0.0,False,0.077,0.1
independent,0.5,5,ucb_iid,25,731.0321607931866,217.96796201070075,0.0,False,0.1,0.1
independent,0.5,5,sp_ucb_iid,1,449.6344034882583,103.71071621039256,0.0,False,0.217,0.2
independent,0.5,5,sp_ucb_iid,25,472.39595712303395,188.08260826360421,0.0,False,0.05,0.2
independent,0.5,5,sp_ucb_emp,1,709.397114728798,296.79206153019555,0.999,True,0.0,0.3
independent,0.5,5,sp_ucb_emp,25,325.98334784183163,83.13822058481463,0.573,True,0.0,0.3
independent,0.5,6,ucb_iid,1,739.0624977692306,210.6564285242461,0.0,False,0.289,0.2
independent,0.5,6,ucb_iid,25,615.0234201449886,206.72409941276374,0.0,False,0.325,0.1
independent,0.5,6,sp_ucb_iid,1,408.104048060123,120.28959452285369,0.0,False,0.11,0.2
independent,0.5,6,sp_ucb_iid,25,597.2147121274799,198.98124199040373,0.0,False,0.0,0.2
independent,0.5,6,sp_ucb_emp,1,471.33648951855537,86.58209554515203,0.9988,True,0.0,0.3
independent,0.5,6,sp_ucb_emp,25,228.5916741702746,147.5504788857716,0.0022,True,1.0,0.3
independent,0.5,7,ucb_iid,1,566.6104829294876,166.564853808388,0.0,False,0.213,0.2
independent,0.5,7,ucb_iid,25,752.6223953638297,202.1740344771239,0.0,False,0.05,0.1
independent,0.5,7,sp_ucb_iid,1,390.3077949676758,141.4897265982639,0.0,False,0.347,0.2
independent,0.5,7,sp_ucb_iid,25,131.23451773538602,89.85608739678686,0.0,False,0.6,0.2
independent,0.5,7,sp_ucb_emp,1,385.23975684731624,174.0251453228703,0.999,True,0.0,0.3
independent,0.5,7,sp_ucb_emp,25,345.0821234524087,71.78626035629192,0.233,True,0.0,0.3
independent,0.5,8,ucb_iid,1,709.139483220261,185.57111819771967,0.0,False,0.267,0.1
independent,0.5,8,ucb_iid,25,562.9789379683432,192.17482121093448,0.0,False,0.4,0.1
independent,0.5,8,sp_ucb_iid,1,456.60792121542164,186.4409573945765,0.0,False,0.14,0.3
independent,0.5,8,sp_ucb_iid,25,409.7260375622326,213.1205593122295,0.0,False,0.0,0.2
independent,0.5,8,sp_ucb_emp,1,218.92752595738472,84.08304693870953,0.0464,True,0.157,0.3
independent,0.5,8,sp_ucb_emp,25,428.11347777646,277.1677496560536,0.0044,True,0.325,0.5
independent,0.5,9,ucb_iid,1,666.3732568008612,164.7275424253522,0.0,False,0.159,0.1
independent,0.5,9,ucb_iid,25,739.7852356505132,196.73772592075446,0.0,False,0.15,0.1
independent,0.5,9,sp_ucb_iid,1,373.9425976088761,126.66895982084692,0.0,False,0.211,0.4
independent,0.5,9,sp_ucb_iid,25,442.9709986799545,176.1894194993603,0.0,False,0.125,0.2
independent,0.5,9,sp_ucb_emp,1,903.7348455109106,327.7460133311017,0.999,True,0.0,0.3
independent,0.5,9,sp_ucb_emp,25,151.91306782845442,102.00539311379768,0.9838,True,0.55,0.3
independent,0.5,10,ucb_iid,1,719.9577448440309,183.28106036079203,0.0,False,0.278,0.2
independent,0.5,10,ucb_iid,25,739.2520872144296,199.8942751533787,0.0,False,0.475,0.1
independent,0.5,10,sp_ucb_iid,1,536.2093202066125,106.6569132730296,0.0,False,0.348,0.2
independent,0.5,10,sp_ucb_iid,25,327.14315797171173,111.40931235666515,0.0,False,0.675,0.2
independent,0.5,10,sp_ucb_emp,1,173.60053789252876,46.10569747028296,0.9988,True,0.497,0.3
independent,0.5,10,sp_ucb_emp,25,280.12501849292335,52.58713966913664,0.0306,True,0.1,0.3
independent,0.5,11,ucb_iid,1,627.5386919050802,181.95617683029607,0.0,False,0.217,0.1
independent,0.5,11,ucb_iid,25,667.2848936560891,210.33746036107385,0.0,False,0.0,0.1
independent,0.5,11,sp_ucb_iid,1,424.5379140338145,170.63275885149892,0.0,False,0.313,0.2
independent,0.5,11,sp_ucb_iid,25,337.55530843595193,154.8176398740322,0.0,False,0.475,0.2
independent,0.5,11,sp_ucb_emp,1,287.63389087352414,125.97614871172249,0.9806,True,0.386,0.3
independent,0.5,11,sp_ucb_emp,25,324.0697267491465,113.64405133308112,0.5302,True,0.0,0.3
independent,0.5,12,ucb_iid,1,860.5384368115515,197.3640321502443,0.0,False,0.176,0.1
independent,0.5,12,ucb_iid,25,877.8546150880986,230.71291641643955,0.0,False,0.175,0.1
independent,0.5,12,sp_ucb_iid,1,537.6712076098194,154.34330868286443,0.0,False,0.321,0.2
independent,0.5,12,sp_ucb_iid,25,551.9014971928136,136.74211289273944,0.0,False,0.225,0.2
independent,0.5,12,sp_ucb_emp,1,598.0501968241981,143.8717082077284,0.9856,True,0.084,0.3
independent,0.5,12,sp_ucb_emp,25,663.7633082633815,174.5223482533124,0.9628,True,0.175,0.2
independent,0.5,13,ucb_iid,1,711.5350275463466,181.0928647166393,0.0,False,0.247,0.1
independent,0.5,13,ucb_iid,25,691.1526976396922,227.16677387581836,0.0,False,0.85,0.1
independent,0.5,13,sp_ucb_iid,1,514.930900429061,149.44079624088113,0.0,False,0.334,0.2
independent,0.5,13,sp_ucb_iid,25,585.781238114988,197.75382124659507,0.0,False,0.0,0.2
independent,0.5,13,sp_ucb_emp,1,181.35376993948734,47.59819618901945,0.9988,True,0.801,0.3
independent,0.5,13,sp_ucb_emp,25,588.0726753001155,205.67943563723512,0.0152,True,0.0,0.3
independent,0.5,14,ucb_iid,1,703.047445362486,158.45542131121354,0.0,False,0.075,0.1
independent,0.5,14,ucb_iid,25,675.7954034912149,230.33995866802033,0.0,False,0.075,0.1
independent,0.5,14,sp_ucb_iid,1,357.0505575238035,91.76491064637793,0.0,False,0.225,0.2
independent,0.5,14,sp_ucb_iid,25,461.79723169110963,147.37840043774696,0.0,False,0.375,0.2
independent,0.5,14,sp_ucb_emp,1,575.7551323825173,124.39259851496456,0.9976,True,0.242,0.3
independent,0.5,14,sp_ucb_emp,25,289.88591429410735,119.11979277381121,0.0042,True,0.1,0.3
independent,0.5,15,ucb_iid,1,749.4620274092626,183.18824219632148,0.0,False,0.359,0.2
independent,0.5,15,ucb_iid,25,760.553222825683,222.66834803651022,0.0,False,0.225,0.1
independent,0.5,15,sp_ucb_iid,1,435.00209947461497,151.09815197380172,0.0,False,0.555,0.2
independent,0.5,15,sp_ucb_iid,25,444.7902489002164,215.4002233794422,0.0,False,0.4,0.2
independent,0.5,15,sp_ucb_emp,1,1393.7504686212621,279.0249153775736,0.999,True,0.0,0.3
independent,0.5,15,sp_ucb_emp,25,371.059742313541,158.91764385243246,0.0056,True,0.925,0.3
independent,0.5,16,ucb_iid,1,726.5925373285528,186.70792798391582,0.0,False,0.147,0.1
independent,0.5,16,ucb_iid,25,694.3472626704479,192.02443986948364,0.0,False,0.45,0.2
independent,0.5,16,sp_ucb_iid,1,530.377115880355,134.96843967322917,0.0,False,0.146,0.3
independent,0.5,16,sp_ucb_iid,25,327.2995010109183,169.47837999839277,0.9858,True,0.575,0.2
independent,0.5,16,sp_ucb_emp,1,488.46637302193403,224.3368318131794,0.999,True,0.0,0.3
independent,0.5,16,sp_ucb_emp,25,208.69072457383479,91.68620774124241,0.9938,True,0.9,0.3
independent,0.5,17,ucb_iid,1,756.1877787269839,192.28859313452477,0.0,False,0.006,0.1
independent,0.5,17,ucb_iid,25,547.8033328669935,175.53422489528205,0.0,False,0.1,0.2
independent,0.5,17,sp_ucb_iid,1,469.4085781079374,149.13127113882481,0.0,False,0.578,0.2
independent,0.5,17,sp_ucb_iid,25,508.15536843028184,212.15703777466214,0.0,False,0.375,0.2
independent,0.5,17,sp_ucb_emp,1,268.66836591000396,60.027324042833996,0.9988,True,0.309,0.3
independent,0.5,17,sp_ucb_emp,25,318.044249157298,172.7062915451275,0.0062,True,0.825,0.3
independent,0.5,18,ucb_iid,1,705.2919556589035,215.0291983918006,0.0,False,0.278,0.1
independent,0.5,18,ucb_iid,25,747.600324300267,218.75693434596909,0.0,False,0.275,0.2
independent,0.5,18,sp_ucb_iid,1,499.1954104362211,192.46431044615548,0.0,False,0.31,0.2
independent,0.5,18,sp_ucb_iid,25,378.4786291565249,150.34418354578798,0.0,False,0.1,0.2
independent,0.5,18,sp_ucb_emp,1,559.2682993695336,106.50746079576822,0.9988,True,0.05,0.3
independent,0.5,18,sp_ucb_emp,25,280.8094558483565,184.04045688609781,0.0062,True,0.0,0.3
independent,0.5,19,ucb_iid,1,631.7635395192822,188.35675593333036,0.0,False,0.287,0.1
independent,0.5,19,ucb_iid,25,678.0683953584359,214.44125944419875,0.0,False,0.4,0.1
independent,0.5,19,sp_ucb_iid,1,546.8552278531932,147.0938087818177,0.0,False,0.142,0.2
independent,0.5,19,sp_ucb_iid,25,332.4257480564514,191.83364188919847,0.0,False,0.45,0.2
independent,0.5,19,sp_ucb_emp,1,216.00298588005086,69.1730040898152,0.9988,True,0.53,0.3
independent,0.5,19,sp_ucb_emp,25,325.55514392150553,111.70495722453369,0.0052,True,0.075,0.3
independent,0.9,0,ucb_iid,1,667.3904924205916,162.93397747305647,0.0,False,0.136,0.1
independent,0.9,0,ucb_iid,25,579.9579755027547,151.75690300089792,0.9982,True,0.0,0.1
independent,0.9,0,sp_ucb_iid,1,239.71238781751003,73.53183326134493,0.0,False,0.298,0.3
independent,0.9,0,sp_ucb_iid,25,1307.2254525399176,275.5378917119917,0.9982,True,0.0,0.2
independent,0.9,0,sp_ucb_emp,1,1554.518276429135,329.5919690306962,0.999,True,0.0,0.3
independent,0.9,0,sp_ucb_emp,25,1119.7337687861786,272.3675048501173,0.9996,True,0.0,0.3
independent,0.9,1,ucb_iid,1,962.4720781359777,221.99400315878773,0.0,False,0.169,0.1
independent,0.9,1,ucb_iid,25,620.2085088018039,203.75373229210393,0.9628,True,0.5,0.1
independent,0.9,1,sp_ucb_iid,1,616.9894418448378,132.94299709996224,0.0,False,0.139,0.3
independent,0.9,1,sp_ucb_iid,25,564.7281002428335,115.90686248264944,0.0614,True,0.0,0.2
independent,0.9,1,sp_ucb_emp,1,706.5288401892026,154.81152047891317,0.9984,True,0.5,0.3
independent,0.9,1,sp_ucb_emp,25,154.08548669962062,154.08548669962062,0.9828,True,1.0,0.3
independent,0.9,2,ucb_iid,1,903.9228013728858,189.46894120093242,0.0,False,0.001,0.1
independent,0.9,2,ucb_iid,25,1162.5630015239205,201.4412086948961,0.9756,True,0.0,0.1
independent,0.9,2,sp_ucb_iid,1,508.1640012028915,102.44040292768678,0.0,False,0.089,0.3
independent,0.9,2,sp_ucb_iid,25,388.33535198525163,147.6548514931436,0.9858,True,0.8,0.2
independent,0.9,2,sp_ucb_emp,1,655.5630761129189,190.9082150090884,0.9972,True,0.43,0.3
independent,0.9,2,sp_ucb_emp,25,246.56326470425626,154.86779201850794,0.9896,True,1.0,0.3
independent,0.9,3,ucb_iid,1,740.016465124781,166.2916077805036,0.0,False,0.106,0.2
independent,0.9,3,ucb_iid,25,836.7595080436627,212.1429637667232,0.0012,True,0.0,0.1
independent,0.9,3,sp_ucb_iid,1,508.14881972573943,151.84965919665285,0.0,False,0.127,0.2
independent,0.9,3,sp_ucb_iid,25,168.51424656642203,93.7343980214599,0.9728,True,0.825,0.2
independent,0.9,3,sp_ucb_emp,1,494.2770573925767,103.4949710568919,0.9984,True,0.659,0.3
independent,0.9,3,sp_ucb_emp,25,203.12602694905996,61.05608637371892,0.9946,True,0.0,0.3
independent,0.9,4,ucb_iid,1,835.2707028528862,199.45477346680153,0.0,False,0.002,0.1
independent,0.9,4,ucb_iid,25,691.3833262551015,225.86094650343895,0.9574,True,0.025,0.2
independent,0.9,4,sp_ucb_iid,1,566.7507173685298,150.69626608537354,0.0,False,0.119,0.2
independent,0.9,4,sp_ucb_iid,25,311.83462579061325,124.17387132320158,0.0,False,0.05,0.2
independent,0.9,4,sp_ucb_emp,1,904.0126750328883,294.0278732089004,0.9968,True,0.0,0.3
independent,0.9,4,sp_ucb_emp,25,370.6047276333728,100.30162328762366,0.9804,True,0.0,0.3
independent,0.9,5,ucb_iid,1,851.9358188443666,184.9229232976983,0.0,False,0.061,0.1
independent,0.9,5,ucb_iid,25,903.1829094932623,221.12507663408726,0.9982,True,0.0,0.1
independent,0.9,5,sp_ucb_iid,1,646.7724785545369,94.45092078629446,0.0,False,0.253,0.2
independent,0.9,5,sp_ucb_iid,25,1255.462887066645,250.82199809788227,0.9982,True,0.0,0.2
independent,0.9,5,sp_ucb_emp,1,975.1257817143609,301.6248964024811,0.999,True,0.099,0.3
independent,0.9,5,sp_ucb_emp,25,1231.028569461182,243.1873992813587,0.9996,True,0.0,0.3
independent,0.9,6,ucb_iid,1,661.9362994256506,194.91290640962794,0.0,False,0.295,0.1
independent,0.9,6,ucb_iid,25,707.9503822727124,197.72484451599016,0.9124,True,0.0,0.1
independent,0.9,6,sp_ucb_iid,1,758.327845563521,157.45979241097982,0.0,False,0.198,0.2
independent,0.9,6,sp_ucb_iid,25,485.8786735559429,199.5564638330814,0.0016,True,0.0,0.2
independent,0.9,6,sp_ucb_emp,1,281.98445443093635,68.20712362314943,0.9988,True,0.316,0.3
independent,0.9,6,sp_ucb_emp,25,663.1509570698254,162.6638868161237,0.9502,True,0.0,0.3
independent,0.9,7,ucb_iid,1,571.0217797294796,164.50231824642654,0.0,False,0.233,0.1
independent,0.9,7,ucb_iid,25,651.1791184009284,253.5875233945149,0.9212,True,0.925,0.1
independent,0.9,7,sp_ucb_iid,1,368.8716092006521,104.5935946991152,0.0,False,0.367,0.2
independent,0.9,7,sp_ucb_iid,25,225.3369423076279,62.24460484092235,0.9732,True,0.025,0.2
independent,0.9,7,sp_ucb_emp,1,164.97301739473406,48.43621636162391,0.9988,True,0.73,0.3
independent,0.9,7,sp_ucb_emp,25,121.58351224776197,121.58351224776197,0.9922,True,1.0,0.3
independent,0.9,8,ucb_iid,1,702.6013845101137,164.12756603782967,0.0,False,0.17,0.2
independent,0.9,8,ucb_iid,25,494.0827426000878,195.15162647592047,0.9372,True,0.175,0.1
independent,0.9,8,sp_ucb_iid,1,543.669541556896,113.88530137800765,0.0,False,0.206,0.2
independent,0.9,8,sp_ucb_iid,25,1037.824485050775,263.54632613101825,0.0,False,0.0,0.2
independent,0.9,8,sp_ucb_emp,1,249.28430657373198,227.3796559092109,0.9988,True,0.312,0.3
independent,0.9,8,sp_ucb_emp,25,640.085287147926,270.2728491153614,0.996,True,0.0,0.3
independent,0.9,9,ucb_iid,1,817.0710362996101,182.2993339860204,0.0,False,0.1,0.2
independent,0.9,9,ucb_iid,25,947.0029853756473,226.09394862355927,0.9102,True,0.075,0.1
independent,0.9,9,sp_ucb_iid,1,698.2089481761897,145.17588309048955,0.0,False,0.137,0.2
independent,0.9,9,sp_ucb_iid,25,1129.5972401433996,233.09911926776152,0.9016,True,0.0,0.2
independent,0.9,9,sp_ucb_emp,1,1244.3034653059324,243.1740627610712,0.999,True,0.0,0.3
independent,0.9,9,sp_ucb_emp,25,210.2115235611677,175.68492244605946,0.9848,True,0.975,0.3
independent,0.9,10,ucb_iid,1,743.4203800841045,181.4139697594963,0.0,False,0.28,0.1
independent,0.9,10,ucb_iid,25,714.6409614154436,210.0284934355122,0.9554,True,0.475,0.2
independent,0.9,10,sp_ucb_iid,1,407.6309010015059,66.3539212854948,0.0,False,0.288,0.2
independent,0.9,10,sp_ucb_iid,25,256.68282769312157,72.48622576815195,0.9922,True,0.15,0.2
independent,0.9,10,sp_ucb_emp,1,384.7594261830082,63.30422016486182,0.9988,True,0.52,0.3
independent,0.9,10,sp_ucb_emp,25,66.75889839024265,37.029997834410366,0.9946,True,0.7,0.3
independent,0.9,11,ucb_iid,1,787.7839546202433,205.92272782938602,0.0,False,0.025,0.1
independent,0.9,11,ucb_iid,25,933.2686217123874,241.2466780785351,0.9836,True,0.0,0.1
independent,0.9,11,sp_ucb_iid,1,762.5636392300297,308.5325387851171,0.0,False,0.19,0.2
independent,0.9,11,sp_ucb_iid,25,479.09929560806506,244.51325596565073,0.737,True,0.0,0.2
independent,0.9,11,sp_ucb_emp,1,1224.7299375957186,224.0116093586513,0.999,True,0.0,0.3
independent,0.9,11,sp_ucb_emp,25,1505.1452105406402,323.5106754467323,0.9996,True,0.0,0.3
independent,0.9,12,ucb_iid,1,925.4423744562226,209.22966466763978,0.0,False,0.176,0.1
independent,0.9,12,ucb_iid,25,751.5210489936125,244.7045751472869,0.967,True,0.375,0.1
independent,0.9,12,sp_ucb_iid,1,701.9036550954287,163.45513486323776,0.0,False,0.171,0.2
independent,0.9,12,sp_ucb_iid,25,779.1001063288396,155.14982230426315,0.0,False,0.075,0.2
independent,0.9,12,sp_ucb_emp,1,858.6069661945372,271.8062635976669,0.997,True,0.22,0.3
independent,0.9,12,sp_ucb_emp,25,568.9787463527144,139.2730614350108,0.9896,True,0.175,0.3
independent,0.9,13,ucb_iid,1,690.1959351110877,183.2796495875774,0.0,False,0.291,0.1
independent,0.9,13,ucb_iid,25,1183.7922303620069,246.68790056684148,0.9872,True,0.0,0.1
independent,0.9,13,sp_ucb_iid,1,416.8751121139177,115.2021698348095,0.0,False,0.455,0.2
independent,0.9,13,sp_ucb_iid,25,423.2897691018805,201.03266172007028,0.9622,True,0.9,0.2
independent,0.9,13,sp_ucb_emp,1,380.37221824751845,43.38485923886896,0.9988,True,0.914,0.3
independent,0.9,13,sp_ucb_emp,25,1646.6500735778495,339.4903486213364,0.9996,True,0.0,0.3
independent,0.9,14,ucb_iid,1,755.7481611492088,177.34389069488165,0.0,False,0.23,0.2
independent,0.9,14,ucb_iid,25,770.1878260609807,210.25661019953293,0.98,True,0.225,0.1
independent,0.9,14,sp_ucb_iid,1,480.18077645315174,62.56763695204561,0.0,False,0.135,0.2
independent,0.9,14,sp_ucb_iid,25,922.3501609031508,232.77319758843043,0.0,False,0.025,0.2
independent,0.9,14,sp_ucb_emp,1,848.2886785950556,148.8507252850423,0.9974,True,0.281,0.3
independent,0.9,14,sp_ucb_emp,25,512.8362856361618,195.88551326791972,0.9888,True,0.0,0.3
independent,0.9,15,ucb_iid,1,583.0280229961285,157.23019055682744,0.0,False,0.387,0.1
independent,0.9,15,ucb_iid,25,602.5874519367269,224.8270350344447,0.9338,True,0.825,0.1
independent,0.9,15,sp_ucb_iid,1,554.8649282339211,203.66969543534776,0.0,False,0.386,0.2
independent,0.9,15,sp_ucb_iid,25,288.2443586295781,179.27624594586598,0.0,False,0.375,0.2
independent,0.9,15,sp_ucb_emp,1,1337.6587462487203,265.32666915921794,0.999,True,0.0,0.3
independent,0.9,15,sp_ucb_emp,25,1208.8538002471228,231.28162991743326,0.9996,True,0.0,0.3
independent,0.9,16,ucb_iid,1,747.305677007907,181.99751556266511,0.0,False,0.112,0.1
independent,0.9,16,ucb_iid,25,901.9267898306034,219.52220730879145,0.998,True,0.0,0.1
independent,0.9,16,sp_ucb_iid,1,511.055013345556,146.9612328480744,0.0,False,0.272,0.2
independent,0.9,16,sp_ucb_iid,25,433.66647286013534,140.11490650278148,0.998,True,0.0,0.2
independent,0.9,16,sp_ucb_emp,1,1533.2077113006524,295.0075252621186,0.999,True,0.0,0.3
independent,0.9,16,sp_ucb_emp,25,1129.3586032372175,242.40301965798284,0.9996,True,0.0,0.3
independent,0.9,17,ucb_iid,1,750.6445505538344,209.00528628359962,0.0,False,0.482,0.1
independent,0.9,17,ucb_iid,25,425.80032959099555,178.29609983518932,0.914,True,0.025,0.1
independent,0.9,17,sp_ucb_iid,1,379.80607007889347,120.20982241231971,0.0,False,0.179,0.2
independent,0.9,17,sp_ucb_iid,25,284.55273043082315,205.79706924047628,0.3522,True,0.15,0.2
independent,0.9,17,sp_ucb_emp,1,159.51166411645102,44.39786166876269,0.9988,True,0.997,0.3
independent,0.9,17,sp_ucb_emp,25,230.76221231926198,156.83090450293705,0.9692,True,1.0,0.3
independent,0.9,18,ucb_iid,1,898.1551370543667,220.84705255489604,0.0,False,0.227,0.1
independent,0.9,18,ucb_iid,25,880.9348284822042,205.8133169670876,0.9858,True,0.0,0.1
independent,0.9,18,sp_ucb_iid,1,569.8460205720261,182.00548662535823,0.0,False,0.304,0.2
independent,0.9,18,sp_ucb_iid,25,1323.2992267421503,249.43146800564736,0.844,True,0.0,0.2
independent,0.9,18,sp_ucb_emp,1,361.8164779787243,78.40062337777623,0.9984,True,0.246,0.3
independent,0.9,18,sp_ucb_emp,25,377.4176595412494,190.31346094428054,0.9974,True,0.0,0.3
independent,0.9,19,ucb_iid,1,738.7272964989806,156.57392701007973,0.0,False,0.089,0.1
independent,0.9,19,ucb_iid,25,1057.7994226257822,237.2959904133466,0.9128,True,0.0,0.1
independent,0.9,19,sp_ucb_iid,1,413.82407683572575,110.25529048930694,0.0,False,0.192,0.2
independent,0.9,19,sp_ucb_iid,25,518.4273926994846,285.12628743357357,0.9716,True,0.35,0.2
independent,0.9,19,sp_ucb_emp,1,83.61208024674355,30.109492410745624,0.9988,True,0.462,0.3
independent,0.9,19,sp_ucb_emp,25,232.61702076512938,83.02835231528924,0.9912,True,0.375,0.3
independent,0.97,0,ucb_iid,1,847.6261084848547,198.26983832948636,0.0,False,0.153,0.1
independent,0.97,0,ucb_iid,25,339.7890753373198,149.89510836045676,0.9982,True,0.0,0.1
independent,0.97,0,sp_ucb_iid,1,653.9544740519364,95.74186389613087,0.0,False,0.015,0.2
independent,0.97,0,sp_ucb_iid,25,1423.8007898720953,277.308240703951,0.9982,True,0.0,0.2
independent,0.97,0,sp_ucb_emp,1,1565.0300470590653,280.9985246222148,0.999,True,0.0,0.3
independent,0.97,0,sp_ucb_emp,25,1368.5202957793992,272.8220531973238,0.9996,True,0.0,0.3
independent,0.97,1,ucb_iid,1,926.670557174138,280.5567241681861,0.0,False,0.17,0.1
independent,0.97,1,ucb_iid,25,887.994148961831,229.50467592316093,0.9604,True,0.25,0.1
independent,0.97,1,sp_ucb_iid,1,686.8996907346681,162.24308137331948,0.0,False,0.219,0.2
independent,0.97,1,sp_ucb_iid,25,1144.0570986235969,262.0444880982162,0.952,True,0.0,0.2
independent,0.97,1,sp_ucb_emp,1,397.4605381175745,64.19869480813124,0.9988,True,0.604,0.3
independent,0.97,1,sp_ucb_emp,25,1314.1492543893175,249.92900121042163,0.9858,True,0.0,0.3
independent,0.97,2,ucb_iid,1,1200.6212199870251,241.42731752671742,0.0,False,0.115,0.1
independent,0.97,2,ucb_iid,25,1146.4837226141785,211.1258748132836,0.9756,True,0.075,0.1
independent,0.97,2,sp_ucb_iid,1,746.9143273248467,187.34183823856637,0.0,False,0.075,0.2
independent,0.97,2,sp_ucb_iid,25,909.9279963151873,139.44211529246928,0.9854,True,0.0,0.2
independent,0.97,2,sp_ucb_emp,1,1087.3470647396755,87.73791279717547,0.9982,True,0.034,0.3
independent,0.97,2,sp_ucb_emp,25,377.22122794791244,222.33930241726176,0.9896,True,0.9,0.3
independent,0.97,3,ucb_iid,1,738.4203048956987,192.53186459017957,0.0,False,0.103,0.2
independent,0.97,3,ucb_iid,25,708.6462900881138,235.7664418677663,0.9928,True,0.0,0.1
independent,0.97,3,sp_ucb_iid,1,762.9798858018079,221.0564725306937,0.0,False,0.21,0.2
independent,0.97,3,sp_ucb_iid,25,99.74909560778887,55.01185932824705,0.9756,True,0.425,0.2
independent,0.97,3,sp_ucb_emp,1,592.6449125386093,127.5740042403844,0.9984,True,0.364,0.2
independent,0.97,3,sp_ucb_emp,25,609.234344440906,253.8961114903952,0.9846,True,1.0,0.3
independent,0.97,4,ucb_iid,1,872.9586029290708,206.94328203671938,0.0,False,0.007,0.1
independent,0.97,4,ucb_iid,25,1059.214341421176,222.61814260262582,0.9552,True,0.0,0.2
independent,0.97,4,sp_ucb_iid,1,408.65027285606476,183.22064661400597,0.0,False,0.033,0.2
independent,0.97,4,sp_ucb_iid,25,899.7548633834301,296.82271809312533,0.9764,True,0.025,0.2
independent,0.97,4,sp_ucb_emp,1,913.8026062009533,243.5495020171258,0.9986,True,0.0,0.3
independent,0.97,4,sp_ucb_emp,25,1504.2980461314248,286.65214526549414,0.982,True,0.0,0.3
independent,0.97,5,ucb_iid,1,941.5173874642422,196.58740126135532,0.0,False,0.02,0.1
independent,0.97,5,ucb_iid,25,990.8775750597923,233.74752335815774,0.998,True,0.0,0.1
independent,0.97,5,sp_ucb_iid,1,955.7649698620095,185.02453278136082,0.0,False,0.027,0.2
independent,0.97,5,sp_ucb_iid,25,1306.3445008627707,281.0571612980464,0.998,True,0.0,0.2
independent,0.97,5,sp_ucb_emp,1,1387.9094255376478,251.3536638944152,0.999,True,0.0,0.3
independent,0.97,5,sp_ucb_emp,25,1621.9661238789586,311.8992000530415,0.9996,True,0.0,0.3
independent,0.97,6,ucb_iid,1,824.4420645775112,198.46751310727618,0.0,False,0.116,0.1
independent,0.97,6,ucb_iid,25,635.126347857051,171.11292163057607,0.9124,True,0.0,0.1
independent,0.97,6,sp_ucb_iid,1,355.10976614204276,82.68517759595146,0.0,False,0.276,0.2
independent,0.97,6,sp_ucb_iid,25,473.79417301369637,158.63451430589768,0.9478,True,0.3,0.2
independent,0.97,6,sp_ucb_emp,1,268.79557451888155,68.52424174767675,0.9988,True,0.099,0.3
independent,0.97,6,sp_ucb_emp,25,365.5150093651985,118.23948351668173,0.9746,True,0.0,0.3
independent,0.97,7,ucb_iid,1,625.5994549913275,189.86518975847616,0.0,False,0.229,0.1
independent,0.97,7,ucb_iid,25,596.6921495801023,221.67503735477638,0.9868,True,0.25,0.1
independent,0.97,7,sp_ucb_iid,1,448.47018262707286,307.9075188693626,0.0,False,0.305,0.2
independent,0.97,7,sp_ucb_iid,25,137.88304299047098,63.69625505622858,0.9804,True,0.675,0.2
independent,0.97,7,sp_ucb_emp,1,435.8950398438947,355.65829952726705,0.9988,True,1.0,0.3
independent,0.97,7,sp_ucb_emp,25,35.28485885491028,35.28485885491028,0.9946,True,1.0,0.3
independent,0.97,8,ucb_iid,1,817.0557496211969,144.83764300892284,0.0,False,0.155,0.1
independent,0.97,8,ucb_iid,25,880.2590319409538,233.93652166442345,0.9754,True,0.0,0.1
independent,0.97,8,sp_ucb_iid,1,536.7384190908107,131.90310681029047,0.0,False,0.099,0.2
independent,0.97,8,sp_ucb_iid,25,167.9150970422314,140.5886805986868,0.0,False,0.575,0.2
independent,0.97,8,sp_ucb_emp,1,636.1549113704415,316.9704358518883,0.9988,True,1.0,0.3
independent,0.97,8,sp_ucb_emp,25,269.27362418110175,172.03555669723076,0.9876,True,0.0,0.3
independent,0.97,9,ucb_iid,1,1007.6930992476603,171.38846288884395,0.0,False,0.06,0.1
independent,0.97,9,ucb_iid,25,978.7908011614169,253.14791817855226,0.6472,True,0.0,0.1
independent,0.97,9,sp_ucb_iid,1,804.7382041565712,114.11993652197481,0.0,False,0.087,0.2
independent,0.97,9,sp_ucb_iid,25,297.66920671837966,250.87877153031218,0.98,True,0.0,0.2
independent,0.97,9,sp_ucb_emp,1,1152.0171986869357,230.8343468345836,0.999,True,0.0,0.3
independent,0.97,9,sp_ucb_emp,25,217.07376914576568,212.4203054921996,0.987,True,0.825,0.3
independent,0.97,10,ucb_iid,1,722.2941441975831,146.47509982258003,0.0,False,0.201,0.1
independent,0.97,10,ucb_iid,25,351.30318665786984,165.16499266058432,0.977,True,0.5,0.1
independent,0.97,10,sp_ucb_iid,1,659.7740672023826,78.1649048265634,0.0,False,0.193,0.2
independent,0.97,10,sp_ucb_iid,25,91.50952358728254,38.65786850447048,0.9944,True,0.45,0.2
independent,0.97,10,sp_ucb_emp,1,322.261301509278,8.947023146843257,0.9988,True,0.383,0.3
independent,0.97,10,sp_ucb_emp,25,97.38808023887493,35.50003639363239,0.9946,True,0.0,0.3
independent,0.97,11,ucb_iid,1,966.0632271243313,200.45941754664108,0.0,False,0.059,0.1
independent,0.97,11,ucb_iid,25,1131.6862713522873,251.2518996142124,0.9972,True,0.0,0.1
independent,0.97,11,sp_ucb_iid,1,855.242384874485,274.18227335574625,0.0,False,0.1,0.2
independent,0.97,11,sp_ucb_iid,25,1651.9490811373814,324.84805532785276,0.9972,True,0.0,0.2
independent,0.97,11,sp_ucb_emp,1,1571.5717504443114,337.0545519933517,0.999,True,0.0,0.3
independent,0.97,11,sp_ucb_emp,25,1682.1679965595922,324.79231927079985,0.9996,True,0.0,0.3
independent,0.97,12,ucb_iid,1,971.0270065496017,180.00640398685556,0.0,False,0.053,0.1
independent,0.97,12,ucb_iid,25,1270.9209589665568,225.1258996231963,0.932,True,0.05,0.1
independent,0.97,12,sp_ucb_iid,1,672.6900563946934,150.36291407578975,0.0,False,0.151,0.3
independent,0.97,12,sp_ucb_iid,25,832.9717077892938,175.54176483143758,0.9754,True,0.0,0.2
independent,0.97,12,sp_ucb_emp,1,1048.3953739624615,170.89726591917938,0.9968,True,0.0,0.3
independent,0.97,12,sp_ucb_emp,25,592.9293167893569,190.2139779297084,0.9896,True,0.625,0.3
independent,0.97,13,ucb_iid,1,1036.88956048003,199.00914910669775,0.0,False,0.066,0.1
independent,0.97,13,ucb_iid,25,1090.3340904016493,229.390584746253,0.986,True,0.0,0.1
independent,0.97,13,sp_ucb_iid,1,547.9206527089801,133.7996559532265,0.0,False,0.238,0.2
independent,0.97,13,sp_ucb_iid,25,542.5793958961494,182.3600014606189,0.9916,True,0.0,0.2
independent,0.97,13,sp_ucb_emp,1,193.6145636876211,93.35247546539773,0.9988,True,1.0,0.3
independent,0.97,13,sp_ucb_emp,25,1685.2466724675269,336.6578410442715,0.9996,True,0.0,0.2
independent,0.97,14,ucb_iid,1,820.0352686683162,171.9619752642611,0.0,False,0.181,0.1
independent,0.97,14,ucb_iid,25,1173.4019752406996,235.1187208364185,0.9814,True,0.0,0.2
independent,0.97,14,sp_ucb_iid,1,759.2584622904565,101.05761225478884,0.0,False,0.156,0.2
independent,0.97,14,sp_ucb_iid,25,640.9504772742765,172.08020943585515,0.8766,True,0.15,0.2
independent,0.97,14,sp_ucb_emp,1,769.5373245306773,153.08869483825197,0.998,True,0.29,0.3
independent,0.97,14,sp_ucb_emp,25,306.193820796457,121.14912523098118,0.9888,True,0.55,0.3
independent,0.97,15,ucb_iid,1,892.8507294050353,189.69726882195476,0.0,False,0.346,0.2
independent,0.97,15,ucb_iid,25,606.8617380458488,236.53204135310716,0.9974,True,0.0,0.1
independent,0.97,15,sp_ucb_iid,1,805.6061571150278,178.79930975187668,0.0,False,0.352,0.2
independent,0.97,15,sp_ucb_iid,25,1464.2437316540215,285.0977225128903,0.9974,True,0.0,0.2
independent,0.97,15,sp_ucb_emp,1,1343.470542964127,270.34888479455657,0.999,True,0.0,0.3
independent,0.97,15,sp_ucb_emp,25,1282.4462206488215,265.20302714273305,0.9996,True,0.0,0.3
independent,0.97,16,ucb_iid,1,977.3905877470463,175.45737596630912,0.0,False,0.001,0.2
independent,0.97,16,ucb_iid,25,1007.8287842610013,231.52004076495672,0.998,True,0.0,0.1
independent,0.97,16,sp_ucb_iid,1,437.2553107335734,229.78896152585358,0.0,False,0.291,0.2
independent,0.97,16,sp_ucb_iid,25,1550.7653350834878,300.5695001650337,0.998,True,0.0,0.2
independent,0.97,16,sp_ucb_emp,1,1609.1639939953259,333.17411566530507,0.999,True,0.0,0.3
independent,0.97,16,sp_ucb_emp,25,1588.958472786478,313.6196269308094,0.9996,True,0.0,0.3
independent,0.97,17,ucb_iid,1,809.3017189253418,213.02962229368063,0.0,False,0.533,0.1
independent,0.97,17,ucb_iid,25,792.8535764898182,178.4927052295618,0.953,True,0.0,0.1
independent,0.97,17,sp_ucb_iid,1,518.1021795360064,182.22091207530255,0.0,False,0.229,0.2
independent,0.97,17,sp_ucb_iid,25,1590.329633224007,297.2594046748648,0.9618,True,0.0,0.1
independent,0.97,17,sp_ucb_emp,1,135.54782997170372,35.756380784377185,0.9988,True,1.0,0.3
independent,0.97,17,sp_ucb_emp,25,320.8589988667905,93.33344278082048,0.997,True,0.0,0.2
independent,0.97,18,ucb_iid,1,992.8181956246075,277.2692318592567,0.0,False,0.211,0.1
independent,0.97,18,ucb_iid,25,655.8108586732171,187.53161460830572,0.985,True,0.0,0.2
independent,0.97,18,sp_ucb_iid,1,670.5365161705554,219.19788594918055,0.0,False,0.0,0.2
independent,0.97,18,sp_ucb_iid,25,1351.1363555641994,269.377425981729,0.9714,True,0.0,0.2
independent,0.97,18,sp_ucb_emp,1,406.9443324952033,176.60839653072895,0.9988,True,0.0,0.3
independent,0.97,18,sp_ucb_emp,25,1382.5864119860344,304.7798945347329,0.9964,True,0.0,0.3
independent,0.97,19,ucb_iid,1,744.3268739589224,160.13880888192526,0.0,False,0.07,0.1
independent,0.97,19,ucb_iid,25,1092.0482981310497,242.217483835261,0.9518,True,0.175,0.1
independent,0.97,19,sp_ucb_iid,1,702.5679192124818,130.70642929030197,0.0,False,0.062,0.2
independent,0.97,19,sp_ucb_iid,25,477.0411256679256,198.44278795217997,0.0,False,0.65,0.2
independent,0.97,19,sp_ucb_emp,1,376.4835592311947,144.75637571317594,0.9988,True,0.17,0.3
independent,0.97,19,sp_ucb_emp,25,202.7462039010681,103.39774573510127,0.9914,True,0.575,0.3
correlated,0.0,0,ucb_iid,1,659.4080330711182,187.41274599089363,0.0,False,0.373,0.1
correlated,0.0,0,ucb_iid,25,690.4834171222326,193.13727469590464,0.0,False,0.2,0.2
correlated,0.0,0,sp_ucb_iid,1,317.6774004844489,108.63139997093063,0.0,False,0.336,0.2
correlated,0.0,0,sp_ucb_iid,25,292.1798296992024,85.11138227926227,0.0,False,0.225,0.2
correlated,0.0,0,sp_ucb_emp,1,1142.5006104809918,268.9169857309417,0.999,True,0.0,0.3
correlated,0.0,0,sp_ucb_emp,25,302.8241236654364,81.53837144065703,0.0036,True,0.475,0.3
correlated,0.0,1,ucb_iid,1,764.7685284979019,210.82679942722626,0.0,False,0.256,0.2
correlated,0.0,1,ucb_iid,25,741.943868285949,218.36006577411595,0.0,False,0.125,0.1
correlated,0.0,1,sp_ucb_iid,1,409.527982666626,143.91041934846353,0.0,False,0.531,0.2
correlated,0.0,1,sp_ucb_iid,25,441.0279177483746,186.60014931619688,0.0,False,0.525,0.2
correlated,0.0,1,sp_ucb_emp,1,412.71221894757855,160.7101505044504,0.1094,True,0.352,0.3
correlated,0.0,1,sp_ucb_emp,25,424.76537988664444,182.17072307626265,0.0034,True,0.525,0.3
correlated,0.0,2,ucb_iid,1,751.1886038645223,197.59209331052378,0.0,False,0.149,0.1
correlated,0.0,2,ucb_iid,25,762.6713633189097,204.0436081541229,0.0,False,0.375,0.1
correlated,0.0,2,sp_ucb_iid,1,393.0763343854553,125.33670842571189,0.0,False,0.269,0.2
correlated,0.0,2,sp_ucb_iid,25,309.2144746495846,107.54129868655957,0.0,False,0.525,0.2
correlated,0.0,2,sp_ucb_emp,1,336.5762619365994,137.0530045998561,0.9928,True,0.645,0.3
correlated,0.0,2,sp_ucb_emp,25,269.7149045605679,124.07919489255441,0.001,True,0.725,0.3
correlated,0.0,3,ucb_iid,1,681.7275091566262,188.71347749508948,0.0,False,0.394,0.1
correlated,0.0,3,ucb_iid,25,705.6624015651811,208.79922514768325,0.0,False,0.25,0.1
correlated,0.0,3,sp_ucb_iid,1,246.37514081848752,100.03296052415283,0.0,False,0.533,0.2
correlated,0.0,3,sp_ucb_iid,25,256.8711574633404,113.36825359603705,0.0,False,0.275,0.2
correlated,0.0,3,sp_ucb_emp,1,203.51677650710513,97.56455487364403,0.9984,True,0.596,0.3
correlated,0.0,3,sp_ucb_emp,25,250.94447560258317,103.4404111712493,0.0002,True,0.25,0.4
correlated,0.0,4,ucb_iid,1,688.3654933621145,203.49262389853828,0.0,False,0.118,0.2
correlated,0.0,4,ucb_iid,25,758.9657634432142,213.06588946773104,0.0,False,0.175,0.1
correlated,0.0,4,sp_ucb_iid,1,353.9237528278401,157.46809006176602,0.0,False,0.156,0.2
correlated,0.0,4,sp_ucb_iid,25,384.50374111286624,149.34492589673926,0.0,False,0.175,0.2
correlated,0.0,4,sp_ucb_emp,1,321.3281602541014,105.84209280423748,0.9922,True,0.434,0.3
correlated,0.0,4,sp_ucb_emp,25,245.20020641581817,99.58516850768278,0.0002,True,0.05,0.3
correlated,0.0,5,ucb_iid,1,654.1928683089033,187.19122347219977,0.0,False,0.253,0.1
correlated,0.0,5,ucb_iid,25,685.9375969447187,185.86367119947363,0.0,False,0.15,0.1
correlated,0.0,5,sp_ucb_iid,1,303.97291902704916,143.77296645236515,0.0,False,0.237,0.2
correlated,0.0,5,sp_ucb_iid,25,435.7992902553638,138.63037208161353,0.0,False,0.125,0.2
correlated,0.0,5,sp_ucb_emp,1,1337.634237259002,281.81327459843436,0.999,True,0.0,0.3
correlated,0.0,5,sp_ucb_emp,25,271.38032004862947,109.95952551009981,0.0042,True,0.15,0.3
correlated,0.0,6,ucb_iid,1,706.7264300362672,190.8957490141573,0.0,False,0.294,0.1
correlated,0.0,6,ucb_iid,25,671.2474509102203,204.20018298923503,0.0,False,0.325,0.1
correlated,0.0,6,sp_ucb_iid,1,389.9230529267397,152.7955715608967,0.0,False,0.395,0.2
correlated,0.0,6,sp_ucb_iid,25,379.73628440985664,172.94422894363362,0.0,False,0.325,0.2
correlated,0.0,6,sp_ucb_emp,1,165.295520610668,77.44214193727613,0.9988,True,0.678,0.3
correlated,0.0,6,sp_ucb_emp,25,440.503820712126,156.3847338197083,0.0002,True,0.15,0.3
correlated,0.0,7,ucb_iid,1,618.204844279299,193.004999297291,0.0,False,0.187,0.1
correlated,0.0,7,ucb_iid,25,665.6299525528249,213.54932865054718,0.0,False,0.075,0.1
correlated,0.0,7,sp_ucb_iid,1,289.28453330184124,107.4529134978671,0.0,False,0.28,0.2
correlated,0.0,7,sp_ucb_iid,25,257.4786174627467,107.24055314874381,0.0,False,0.35,0.2
correlated,0.0,7,sp_ucb_emp,1,212.14868441607163,76.00459862944992,0.9988,True,0.404,0.3
correlated,0.0,7,sp_ucb_emp,25,224.17622795233893,71.30411164832555,0.0014,True,0.45,0.3
correlated,0.0,8,ucb_iid,1,561.063729179942,188.54119873352897,0.0,False,0.249,0.2
correlated,0.0,8,ucb_iid,25,601.5516410641651,188.82508617084093,0.0,False,0.2,0.1
correlated,0.0,8,sp_ucb_iid,1,233.86598839142493,98.48518143141254,0.0,False,0.088,0.2
correlated,0.0,8,sp_ucb_iid,25,291.7273867887897,115.32570211440039,0.0,False,0.125,0.2
correlated,0.0,8,sp_ucb_emp,1,282.6379205293163,121.34058710370816,0.9984,True,1.0,0.3
correlated,0.0,8,sp_ucb_emp,25,195.52689167525548,103.30171470914458,0.0014,True,0.4,0.3
correlated,0.0,9,ucb_iid,1,675.6370188401415,184.45873816125868,0.0,False,0.194,0.2
correlated,0.0,9,ucb_iid,25,725.7728064372229,207.60646226330385,0.0,False,0.225,0.1
correlated,0.0,9,sp_ucb_iid,1,299.6912134035283,127.87753293397078,0.0,False,0.362,0.2
correlated,0.0,9,sp_ucb_iid,25,405.1649349555165,157.64255423496186,0.0,False,0.3,0.2
correlated,0.0,9,sp_ucb_emp,1,368.5439354776532,147.54873512129166,0.637,True,1.0,0.3
correlated,0.0,9,sp_ucb_emp,25,317.8299938264354,105.0745927132977,0.0024,True,0.35,0.3
correlated,0.0,10,ucb_iid,1,679.460850192896,169.89926112082324,0.0,False,0.295,0.2
correlated,0.0,10,ucb_iid,25,677.2674767532766,199.67837203589286,0.0,False,0.25,0.1
correlated,0.0,10,sp_ucb_iid,1,386.9629690992719,137.09332192128957,0.0,False,0.103,0.2
correlated,0.0,10,sp_ucb_iid,25,398.0347989132251,128.50703389495266,0.0,False,0.275,0.2
correlated,0.0,10,sp_ucb_emp,1,231.52209293186002,48.212197701354384,0.243,True,0.103,0.3
correlated,0.0,10,sp_ucb_emp,25,351.14689193257465,101.52214072498393,0.0016,True,0.05,0.3
correlated,0.0,11,ucb_iid,1,600.8930361771361,180.74086493348173,0.0,False,0.532,0.1
correlated,0.0,11,ucb_iid,25,681.0684196536602,213.0330213726724,0.0,False,0.15,0.1
correlated,0.0,11,sp_ucb_iid,1,265.3979161717017,117.84788347051736,0.0,False,0.812,0.2
correlated,0.0,11,sp_ucb_iid,25,440.26090530531434,158.10389098232517,0.0,False,0.15,0.2
correlated,0.0,11,sp_ucb_emp,1,166.03250031809714,116.05807160812547,0.9986,True,1.0,0.3
correlated,0.0,11,sp_ucb_emp,25,265.0870804053034,124.08560876657342,0.0028,True,0.25,0.3
correlated,0.0,12,ucb_iid,1,786.7282815119198,199.74415555199135,0.0,False,0.259,0.1
correlated,0.0,12,ucb_iid,25,821.7188976583107,219.029244654296,0.0,False,0.25,0.1
correlated,0.0,12,sp_ucb_iid,1,501.69848250013797,186.9684299992268,0.0,False,0.632,0.2
correlated,0.0,12,sp_ucb_iid,25,447.77754642022495,150.54534264060456,0.0,False,0.375,0.2
correlated,0.0,12,sp_ucb_emp,1,348.4473001524587,107.28019295095194,0.9988,True,0.525,0.3
correlated,0.0,12,sp_ucb_emp,25,473.5725677499653,134.20041791749722,0.0012,True,0.2,0.3
correlated,0.0,13,ucb_iid,1,885.1205869156898,229.21098463470165,0.0,False,0.117,0.1
correlated,0.0,13,ucb_iid,25,761.4391987877997,222.61885274374464,0.0,False,0.5,0.1
correlated,0.0,13,sp_ucb_iid,1,468.7405170502978,188.47468195627275,0.0,False,0.73,0.2
correlated,0.0,13,sp_ucb_iid,25,516.8196167303147,206.73980783963947,0.0,False,0.425,0.2
correlated,0.0,13,sp_ucb_emp,1,217.22156156076832,54.534771835916715,0.9988,True,1.0,0.3
correlated,0.0,13,sp_ucb_emp,25,381.08326119613275,173.36732128214263,0.0024,True,0.975,0.3
correlated,0.0,14,ucb_iid,1,581.8456829117755,164.37369550487253,0.0,False,0.169,0.2
correlated,0.0,14,ucb_iid,25,748.8775621819563,199.48495421927996,0.0,False,0.1,0.1
correlated,0.0,14,sp_ucb_iid,1,352.2013189022695,125.34090137548637,0.0,False,0.226,0.3
correlated,0.0,14,sp_ucb_iid,25,318.83430481552995,118.74634953862994,0.0,False,0.15,0.2
correlated,0.0,14,sp_ucb_emp,1,214.13478286295705,99.43833696424146,0.9572,True,0.025,0.3
correlated,0.0,14,sp_ucb_emp,25,329.6926324032675,83.68644174694597,0.001,True,0.25,0.3
correlated,0.0,15,ucb_iid,1,700.5623418136626,199.53300316835703,0.0,False,0.085,0.2
correlated,0.0,15,ucb_iid,25,718.9861996886973,192.85115645919012,0.0,False,0.175,0.2
correlated,0.0,15,sp_ucb_iid,1,470.522356479528,155.3320909063955,0.0,False,0.022,0.2
correlated,0.0,15,sp_ucb_iid,25,423.59979386730527,185.9542753806804,0.0,False,0.25,0.2
correlated,0.0,15,sp_ucb_emp,1,1399.8605593909977,311.4046860293111,0.999,True,0.0,0.3
correlated,0.0,15,sp_ucb_emp,25,265.582563853946,116.75781339366019,0.0024,True,0.4,0.3
correlated,0.0,16,ucb_iid,1,729.3038652208163,206.47191072725974,0.0,False,0.495,0.1
correlated,0.0,16,ucb_iid,25,873.2187068231593,214.10522786346348,0.0,False,0.075,0.1
correlated,0.0,16,sp_ucb_iid,1,454.472514348733,132.3185669342327,0.0,False,0.565,0.2
correlated,0.0,16,sp_ucb_iid,25,497.49161711026323,148.98200333472514,0.0,False,0.175,0.2
correlated,0.0,16,sp_ucb_emp,1,247.2039192643154,100.42608260118601,0.999,True,0.58,0.3
correlated,0.0,16,sp_ucb_emp,25,508.30970311842947,146.0763510671704,0.184,True,0.475,0.3
correlated,0.0,17,ucb_iid,1,689.0061134327327,173.75562859049523,0.0,False,0.173,0.1
correlated,0.0,17,ucb_iid,25,616.8303056561857,191.27251756900176,0.0,False,0.3,0.1
correlated,0.0,17,sp_ucb_iid,1,263.7263247905099,115.5729070260873,0.0,False,0.324,0.2
correlated,0.0,17,sp_ucb_iid,25,313.6509777538974,121.58191070977621,0.0,False,0.225,0.2
correlated,0.0,17,sp_ucb_emp,1,67.85087281767733,35.76478840127188,0.9988,True,1.0,0.3
correlated,0.0,17,sp_ucb_emp,25,261.2480213007883,88.58678605477289,0.0016,True,1.0,0.3
correlated,0.0,18,ucb_iid,1,677.2013109271885,216.46666454540352,0.0,False,0.048,0.1
correlated,0.0,18,ucb_iid,25,769.7388170921826,223.65164270718392,0.0,False,0.025,0.1
correlated,0.0,18,sp_ucb_iid,1,433.5359218979687,199.87941300989235,0.0,False,0.284,0.2
correlated,0.0,18,sp_ucb_iid,25,283.2848069062657,143.86178196686603,0.0,False,0.425,0.2
correlated,0.0,18,sp_ucb_emp,1,158.5350339775197,88.29324309056584,0.9988,True,0.903,0.3
correlated,0.0,18,sp_ucb_emp,25,292.7088604248058,137.20434229187305,0.0006,True,0.25,0.3
correlated,0.0,19,ucb_iid,1,669.1212922182801,195.745075259442,0.0,False,0.255,0.1
correlated,0.0,19,ucb_iid,25,769.9676310456715,205.9312384826579,0.0,False,0.15,0.1
correlated,0.0,19,sp_ucb_iid,1,392.778426893739,158.07552339733175,0.0,False,0.427,0.2
correlated,0.0,19,sp_ucb_iid,25,425.0219235700593,165.54966006734801,0.0,False,0.4,0.2
correlated,0.0,19,sp_ucb_emp,1,248.4168001856409,84.01089809076782,0.9798,True,0.483,0.3
correlated,0.0,19,sp_ucb_emp,25,331.1316055902697,105.98460458109925,0.0002,True,0.6,0.3
correlated,0.5,0,ucb_iid,1,681.5673513795575,181.159990316839,0.0,False,0.171,0.2
correlated,0.5,0,ucb_iid,25,615.3966666603553,187.79534412572625,0.0,False,0.025,0.1
correlated,0.5,0,sp_ucb_iid,1,420.64919190962354,117.17778970947492,0.0,False,0.295,0.2
correlated,0.5,0,sp_ucb_iid,25,176.46231534807757,112.90536533316052,0.0,False,0.725,0.2
correlated,0.5,0,sp_ucb_emp,1,1214.8258335545968,231.90332989125633,0.999,True,0.0,0.3
correlated,0.5,0,sp_ucb_emp,25,268.41999865247266,77.89633643272072,0.9874,True,0.0,0.3
correlated,0.5,1,ucb_iid,1,826.7346596642524,203.17945170176927,0.0,False,0.183,0.2
correlated,0.5,1,ucb_iid,25,747.6408671996071,220.75382451905838,0.0,False,0.35,0.1
correlated,0.5,1,sp_ucb_iid,1,602.0304438458967,154.00670173229673,0.0,False,0.344,0.2
correlated,0.5,1,sp_ucb_iid,25,559.3787744264256,224.5327126970188,0.0,False,0.375,0.2
correlated,0.5,1,sp_ucb_emp,1,454.1447896825354,127.11070256895218,0.9978,True,0.708,0.3
correlated,0.5,1,sp_ucb_emp,25,267.9906499659996,107.22608835522729,0.007,True,0.625,0.3
correlated,0.5,2,ucb_iid,1,742.3987450224357,185.7900350560851,0.0,False,0.303,0.2
correlated,0.5,2,ucb_iid,25,694.1387106553859,202.20039439172893,0.0,False,0.275,0.1
correlated,0.5,2,sp_ucb_iid,1,422.86408088810185,113.75542506736242,0.0,False,0.274,0.2
correlated,0.5,2,sp_ucb_iid,25,425.2114429696242,158.78624430582207,0.0,False,0.45,0.2
correlated,0.5,2,sp_ucb_emp,1,422.05413684950304,154.2393028735565,0.9968,True,0.606,0.3
correlated,0.5,2,sp_ucb_emp,25,250.31109782579165,139.54623718219935,0.9838,True,1.0,0.3
correlated,0.5,3,ucb_iid,1,615.6094140215338,178.5416598135008,0.0,False,0.406,0.1
correlated,0.5,3,ucb_iid,25,654.2874327972686,202.9317910132962,0.0,False,0.05,0.1
correlated,0.5,3,sp_ucb_iid,1,442.9448750546147,156.6071054410271,0.0,False,0.327,0.2
correlated,0.5,3,sp_ucb_iid,25,376.5963711513545,137.72071241537034,0.0,False,0.175,0.2
correlated,0.5,3,sp_ucb_emp,1,266.8260479812996,50.02694862185341,0.9984,True,0.57,0.3
correlated,0.5,3,sp_ucb_emp,25,250.85779123548534,76.2120752569197,0.94,True,0.025,0.3
correlated,0.5,4,ucb_iid,1,784.7533668364812,203.03791370396402,0.0,False,0.126,0.1
correlated,0.5,4,ucb_iid,25,728.3722514590538,190.52790359859344,0.0,False,0.25,0.1
correlated,0.5,4,sp_ucb_iid,1,625.8545879841936,165.46744267740644,0.0,False,0.086,0.2
correlated,0.5,4,sp_ucb_iid,25,311.7591134359008,128.98990545125753,0.0,False,0.125,0.2
correlated,0.5,4,sp_ucb_emp,1,177.32706619462132,42.981207583779444,0.7494,True,0.179,0.3
correlated,0.5,4,sp_ucb_emp,25,342.6991777727728,113.2233812700327,0.5988,True,0.35,0.3
correlated,0.5,5,ucb_iid,1,727.6710447684322,195.71984469438698,0.0,False,0.105,0.2
correlated,0.5,5,ucb_iid,25,707.6467027736012,201.17643459312924,0.0,False,0.1,0.1
correlated,0.5,5,sp_ucb_iid,1,427.17032411881456,119.70837945331401,0.0,False,0.218,0.2
correlated,0.5,5,sp_ucb_iid,25,356.9276977203502,161.88499200893114,0.0,False,0.15,0.2
correlated,0.5,5,sp_ucb_emp,1,1423.7671120237335,307.34253629768693,0.999,True,0.0,0.3
correlated,0.5,5,sp_ucb_emp,25,297.9245327566626,110.97434226458002,0.9336,True,0.25,0.3
correlated,0.5,6,ucb_iid,1,815.0421695615144,181.6037108917852,0.0,False,0.034,0.2
correlated,0.5,6,ucb_iid,25,815.0564465080706,216.44436028855063,0.0,False,0.175,0.1
correlated,0.5,6,sp_ucb_iid,1,656.5792565735869,179.18362865803323,0.0,False,0.111,0.2
correlated,0.5,6,sp_ucb_iid,25,444.48874425843235,190.816069979456,0.0,False,0.375,0.2
correlated,0.5,6,sp_ucb_emp,1,350.06463930134777,85.04900631447337,0.9988,True,0.163,0.3
correlated,0.5,6,sp_ucb_emp,25,435.89102621425354,176.39268646649282,0.0268,True,0.125,0.3
correlated,0.5,7,ucb_iid,1,568.6715797302726,169.87395499545784,0.0,False,0.425,0.1
correlated,0.5,7,ucb_iid,25,620.0027428794921,223.41434521619018,0.0,False,0.3,0.1
correlated,0.5,7,sp_ucb_iid,1,319.26016138501495,117.5092858241577,0.0,False,0.271,0.2
correlated,0.5,7,sp_ucb_iid,25,261.05565314147924,110.87522233042854,0.0,False,0.225,0.2
correlated,0.5,7,sp_ucb_emp,1,279.5337414031178,82.08601856934743,0.044,True,0.0,0.3
correlated,0.5,7,sp_ucb_emp,25,148.6390196490574,51.258907418018985,0.0028,True,0.575,0.3
correlated,0.5,8,ucb_iid,1,560.4982106576533,184.4193881035985,0.0,False,0.331,0.1
correlated,0.5,8,ucb_iid,25,753.4906580456685,192.98475328013276,0.0,False,0.15,0.1
correlated,0.5,8,sp_ucb_iid,1,337.13723157226394,126.67015676217488,0.0,False,0.138,0.2
correlated,0.5,8,sp_ucb_iid,25,288.9134788913361,199.10797071071033,0.0,False,0.175,0.2
correlated,0.5,8,sp_ucb_emp,1,173.867836542645,49.34987127100904,0.9986,True,0.298,0.3
correlated,0.5,8,sp_ucb_emp,25,245.10012090022954,173.28984699100076,0.0044,True,0.575,0.3
correlated,0.5,9,ucb_iid,1,664.5500178127921,186.14095548998412,0.0,False,0.266,0.1
correlated,0.5,9,ucb_iid,25,689.4256399790047,201.7337031208816,0.0,False,0.15,0.1
correlated,0.5,9,sp_ucb_iid,1,428.89883572021506,149.55917903823567,0.0,False,0.269,0.2
correlated,0.5,9,sp_ucb_iid,25,375.19799095983393,157.63248325450326,0.0,False,0.375,0.2
correlated,0.5,9,sp_ucb_emp,1,1407.5619963066267,314.1299387522515,0.999,True,0.0,0.3
correlated,0.5,9,sp_ucb_emp,25,314.62062240086067,134.24928661222336,0.9846,True,0.275,0.3
correlated,0.5,10,ucb_iid,1,737.1329282776679,187.78812742774065,0.0,False,0.073,0.1
correlated,0.5,10,ucb_iid,25,654.8801003967392,171.53686490821886,0.0,False,0.275,0.1
correlated,0.5,10,sp_ucb_iid,1,404.81857887056447,117.29696608908242,0.0,False,0.163,0.2
correlated,0.5,10,sp_ucb_iid,25,460.7613110748288,137.92682598222586,0.0,False,0.525,0.2
correlated,0.5,10,sp_ucb_emp,1,174.85929001100223,33.32341318720638,0.9988,True,0.109,0.3
correlated,0.5,10,sp_ucb_emp,25,288.5510821424275,63.73957840990734,0.4448,True,0.05,0.3
correlated,0.5,11,ucb_iid,1,816.452696453014,216.74261862596677,0.0,False,0.211,0.2
correlated,0.5,11,ucb_iid,25,689.2990843248865,225.55195296232017,0.0,False,0.125,0.2
correlated,0.5,11,sp_ucb_iid,1,566.313110502571,207.74393156203638,0.0,False,0.598,0.2
correlated,0.5,11,sp_ucb_iid,25,307.2324916961867,169.08200940057742,0.0,False,0.25,0.2
correlated,0.5,11,sp_ucb_emp,1,393.61520146563333,193.95921357900446,0.412,True,0.304,0.3
correlated,0.5,11,sp_ucb_emp,25,390.3949798110654,174.40355860764828,0.004,True,0.0,0.3
correlated,0.5,12,ucb_iid,1,814.2059417386158,186.50895522622378,0.0,False,0.231,0.1
correlated,0.5,12,ucb_iid,25,999.2667514824318,223.68912407037467,0.0,False,0.1,0.1
correlated,0.5,12,sp_ucb_iid,1,820.1800481210838,203.11260308640954,0.0,False,0.096,0.2
correlated,0.5,12,sp_ucb_iid,25,346.1501903468523,158.8197825244847,0.0,False,0.55,0.2
correlated,0.5,12,sp_ucb_emp,1,394.0735266090713,90.19467505671611,0.049,True,0.327,0.3
correlated,0.5,12,sp_ucb_emp,25,386.44497724262055,168.67822460360887,0.0034,True,0.2,0.3
correlated,0.5,13,ucb_iid,1,781.2892450241297,209.78036093028047,0.0,False,0.594,0.1
correlated,0.5,13,ucb_iid,25,705.1763519535614,224.00541616949312,0.0,False,0.85,0.1
correlated,0.5,13,sp_ucb_iid,1,541.4528314971709,171.2870316439732,0.0,False,0.665,0.2
correlated,0.5,13,sp_ucb_iid,25,636.104550795053,213.74414455878428,0.0,False,0.175,0.2
correlated,0.5,13,sp_ucb_emp,1,452.7891071502718,144.74409035850147,0.9988,True,0.009,0.3
correlated,0.5,13,sp_ucb_emp,25,569.5824591478226,240.81002981356144,0.541,True,0.0,0.3
correlated,0.5,14,ucb_iid,1,686.0540160612679,168.40987754505474,0.0,False,0.148,0.1
correlated,0.5,14,ucb_iid,25,711.6001770576073,187.69374471870003,0.0,False,0.125,0.1
correlated,0.5,14,sp_ucb_iid,1,296.6354722772548,99.52363646652161,0.0,False,0.066,0.2
correlated,0.5,14,sp_ucb_iid,25,240.29353182480781,133.7449341867478,0.0,False,0.15,0.2
correlated,0.5,14,sp_ucb_emp,1,335.02461188834303,64.74911340704007,0.9976,True,0.048,0.3
correlated,0.5,14,sp_ucb_emp,25,284.4781946088227,69.79529476962155,0.1864,True,0.1,0.3
correlated,0.5,15,ucb_iid,1,786.4824943701137,194.51279517027092,0.0,False,0.118,0.2
correlated,0.5,15,ucb_iid,25,721.2230331533917,222.9189539051654,0.0,False,0.65,0.1
correlated,0.5,15,sp_ucb_iid,1,392.68875607989577,125.46506066542679,0.0,False,0.278,0.3
correlated,0.5,15,sp_ucb_iid,25,382.10732079744866,175.11318769616847,0.0,False,1.0,0.2
correlated,0.5,15,sp_ucb_emp,1,1495.1162900936656,300.827951738097,0.999,True,0.0,0.3
correlated,0.5,15,sp_ucb_emp,25,296.6443367656965,188.65545084048287,0.9452,True,0.85,0.3
correlated,0.5,16,ucb_iid,1,882.5077412313075,200.33871934302258,0.0,False,0.165,0.1
correlated,0.5,16,ucb_iid,25,958.0185910176542,229.63411792233072,0.0,False,0.025,0.1
correlated,0.5,16,sp_ucb_iid,1,519.2506803601747,190.34389232136297,0.0,False,0.298,0.2
correlated,0.5,16,sp_ucb_iid,25,501.5073366747675,226.41742773017805,0.9858,True,0.525,0.2
correlated,0.5,16,sp_ucb_emp,1,973.7313051072969,277.0252097235214,0.999,True,0.0,0.3
correlated,0.5,16,sp_ucb_emp,25,364.9447289026734,210.5852058003588,0.9938,True,0.175,0.2
correlated,0.5,17,ucb_iid,1,673.9646389349464,182.8096852834297,0.0,False,0.077,0.2
correlated,0.5,17,ucb_iid,25,599.8000072428315,192.9333632660235,0.0,False,0.025,0.1
correlated,0.5,17,sp_ucb_iid,1,344.7938021910191,143.56788525179834,0.0,False,0.044,0.2
correlated,0.5,17,sp_ucb_iid,25,289.3007407165176,129.8928923480735,0.0,False,0.05,0.2
correlated,0.5,17,sp_ucb_emp,1,206.67161462381642,37.2240424581153,0.9988,True,0.37,0.3
correlated,0.5,17,sp_ucb_emp,25,293.25910247300186,87.86221412952816,0.0122,True,0.0,0.3
correlated,0.5,18,ucb_iid,1,765.3201915691249,220.95564199667393,0.0,False,0.257,0.2
correlated,0.5,18,ucb_iid,25,723.7199256276716,214.1341292876268,0.0,False,0.0,0.1
correlated,0.5,18,sp_ucb_iid,1,572.7758935373524,185.73997980075012,0.0,False,0.21,0.2
correlated,0.5,18,sp_ucb_iid,25,370.0933199353568,210.13341155483872,0.0,False,0.025,0.3
correlated,0.5,18,sp_ucb_emp,1,401.136777731295,140.186286891183,0.9988,True,0.0,0.3
correlated,0.5,18,sp_ucb_emp,25,799.813761205724,280.4469184733553,0.4094,True,0.0,0.4
correlated,0.5,19,ucb_iid,1,694.3354083366553,192.6952106103783,0.0,False,0.202,0.2
correlated,0.5,19,ucb_iid,25,776.8142065139532,209.23719443692576,0.0,False,0.25,0.1
correlated,0.5,19,sp_ucb_iid,1,471.16724944043773,127.19517070039652,0.0,False,0.185,0.2
correlated,0.5,19,sp_ucb_iid,25,458.41513269912116,162.5146420135167,0.0,False,0.3,0.2
correlated,0.5,19,sp_ucb_emp,1,327.53038414441653,127.18607726159348,0.9968,True,0.434,0.3
correlated,0.5,19,sp_ucb_emp,25,354.38427688492646,113.37031512437628,0.0028,True,0.25,0.3
correlated,0.9,0,ucb_iid,1,755.2303109728537,156.47159176750486,0.0,False,0.189,0.1
correlated,0.9,0,ucb_iid,25,644.598956564807,197.97639194177432,0.9982,True,0.0,0.1
correlated,0.9,0,sp_ucb_iid,1,625.7732702660369,122.1376130797436,0.0,False,0.191,0.2
correlated,0.9,0,sp_ucb_iid,25,1258.629249540901,281.7542688804828,0.9982,True,0.0,0.2
correlated,0.9,0,sp_ucb_emp,1,1500.3123370817336,283.7469048121811,0.999,True,0.0,0.3
correlated,0.9,0,sp_ucb_emp,25,868.3362383529972,235.9575583912126,0.9996,True,0.0,0.3
correlated,0.9,1,ucb_iid,1,1145.3687460191163,241.64090577024052,0.0,False,0.03,0.2
correlated,0.9,1,ucb_iid,25,890.8528591736573,202.51607386492267,0.7002,True,0.05,0.1
correlated,0.9,1,sp_ucb_iid,1,560.0347930294888,139.68919490933402,0.0,False,0.201,0.2
correlated,0.9,1,sp_ucb_iid,25,1123.9947866946854,195.8276364931175,0.106,True,0.2,0.2
correlated,0.9,1,sp_ucb_emp,1,619.5378823544937,143.64591740610956,0.9984,True,0.554,0.3
correlated,0.9,1,sp_ucb_emp,25,420.2573346129133,196.27811403893114,0.8452,True,0.675,0.3
correlated,0.9,2,ucb_iid,1,993.8805950430177,198.84621050293836,0.0,False,0.012,0.2
correlated,0.9,2,ucb_iid,25,806.0030608811813,200.16096792277207,0.9418,True,0.25,0.1
correlated,0.9,2,sp_ucb_iid,1,878.8872810247162,185.97923801668756,0.0,False,0.205,0.2
correlated,0.9,2,sp_ucb_iid,25,355.5392350468237,122.45970376921781,0.0,False,0.2,0.2
correlated,0.9,2,sp_ucb_emp,1,406.1303452193399,62.95350821525516,0.9448,True,0.252,0.3
correlated,0.9,2,sp_ucb_emp,25,228.22966095356185,139.38647964118735,0.989,True,0.725,0.3
correlated,0.9,3,ucb_iid,1,962.7812446613792,236.08790585934045,0.0,False,0.147,0.1
correlated,0.9,3,ucb_iid,25,769.599706975766,233.5382504870394,0.0,False,0.0,0.1
correlated,0.9,3,sp_ucb_iid,1,838.2310009639272,145.21604975105856,0.0,False,0.103,0.2
correlated,0.9,3,sp_ucb_iid,25,312.66841659364457,107.95963836715133,0.8384,True,0.0,0.2
correlated,0.9,3,sp_ucb_emp,1,443.87788674879823,176.28900869359737,0.9984,True,0.44,0.3
correlated,0.9,3,sp_ucb_emp,25,113.32303334320312,55.79642898051274,0.992,True,0.0,0.3
correlated,0.9,4,ucb_iid,1,833.7881583440121,192.2799703701579,0.0,False,0.04,0.2
correlated,0.9,4,ucb_iid,25,895.6199775197501,227.35655252701363,0.9576,True,0.225,0.1
correlated,0.9,4,sp_ucb_iid,1,889.0715244476118,178.4327171299606,0.0,False,0.03,0.2
correlated,0.9,4,sp_ucb_iid,25,199.5844311502336,80.65135834792417,0.8382,True,0.025,0.2
correlated,0.9,4,sp_ucb_emp,1,1257.606426291002,336.03384812752023,0.9988,True,0.0,0.3
correlated,0.9,4,sp_ucb_emp,25,388.70823457652983,110.95355165622392,0.9846,True,0.025,0.3
correlated,0.9,5,ucb_iid,1,836.3593807234735,164.51132013836195,0.0,False,0.176,0.1
correlated,0.9,5,ucb_iid,25,799.5766723815944,214.92734169840497,0.9982,True,0.0,0.1
correlated,0.9,5,sp_ucb_iid,1,719.200798417226,186.6219423375312,0.0,False,0.271,0.2
correlated,0.9,5,sp_ucb_iid,25,1651.8267293068345,320.2147090720607,0.9982,True,0.0,0.2
correlated,0.9,5,sp_ucb_emp,1,1501.244817965977,297.93281491000437,0.5702,True,0.0,0.3
correlated,0.9,5,sp_ucb_emp,25,1643.3962136912849,320.2012316512011,0.9996,True,0.0,0.3
correlated,0.9,6,ucb_iid,1,924.4712802182319,211.0558955100113,0.0,False,0.031,0.2
correlated,0.9,6,ucb_iid,25,815.1954252565712,198.5466543146526,0.0,False,0.0,0.1
correlated,0.9,6,sp_ucb_iid,1,937.8316600705738,227.44243994464472,0.0,False,0.074,0.2
correlated,0.9,6,sp_ucb_iid,25,404.6982071282709,171.55854019871646,0.0,False,0.3,0.2
correlated,0.9,6,sp_ucb_emp,1,764.4385125799456,145.80497288147075,0.9988,True,0.13,0.3
correlated,0.9,6,sp_ucb_emp,25,289.87512438076755,123.47549165765516,0.9546,True,0.0,0.2
correlated,0.9,7,ucb_iid,1,579.9359788278607,176.39616887019824,0.0,False,0.302,0.2
correlated,0.9,7,ucb_iid,25,478.5493953906963,238.40545155637523,0.9574,True,0.475,0.1
correlated,0.9,7,sp_ucb_iid,1,215.50694526344626,91.23760989354284,0.0,False,0.318,0.2
correlated,0.9,7,sp_ucb_iid,25,192.53385991547245,102.67917899408351,0.9216,True,0.525,0.2
correlated,0.9,7,sp_ucb_emp,1,297.02587352362684,169.25226938706078,0.9988,True,0.527,0.3
correlated,0.9,7,sp_ucb_emp,25,263.057900280202,62.07700505949249,0.9926,True,0.0,0.3
correlated,0.9,8,ucb_iid,1,748.429252621875,167.26328847530812,0.0,False,0.094,0.1
correlated,0.9,8,ucb_iid,25,514.5517808480952,177.28059693233385,0.026,True,0.275,0.2
correlated,0.9,8,sp_ucb_iid,1,542.9679991890345,128.16521899814546,0.0,False,0.118,0.2
correlated,0.9,8,sp_ucb_iid,25,341.8977534459754,128.03420626628318,0.0,False,0.0,0.2
correlated,0.9,8,sp_ucb_emp,1,62.12318725419683,18.07775276851308,0.9984,True,0.469,0.3
correlated,0.9,8,sp_ucb_emp,25,1181.8730685888215,253.03652409065876,0.996,True,0.0,0.3
correlated,0.9,9,ucb_iid,1,830.0652801959221,172.13996340663445,0.0,False,0.138,0.1
correlated,0.9,9,ucb_iid,25,807.0147237631778,220.11237855221614,0.0,False,0.175,0.1
correlated,0.9,9,sp_ucb_iid,1,913.4950931627621,132.986105152913,0.0,False,0.119,0.3
correlated,0.9,9,sp_ucb_iid,25,667.5626328156425,184.94155111361502,0.9812,True,0.225,0.2
correlated,0.9,9,sp_ucb_emp,1,729.8877030102634,251.7642121511716,0.999,True,0.0,0.3
correlated,0.9,9,sp_ucb_emp,25,446.77507703842497,221.23813573543507,0.9862,True,0.825,0.3
correlated,0.9,10,ucb_iid,1,821.923344509112,162.74346297950865,0.0,False,0.09,0.1
correlated,0.9,10,ucb_iid,25,751.0905774374456,174.56552168361043,0.0,False,0.5,0.1
correlated,0.9,10,sp_ucb_iid,1,658.2817209762792,102.43405556750659,0.0,False,0.05,0.2
correlated,0.9,10,sp_ucb_iid,25,202.75807729977768,86.13949190691064,0.9926,True,0.55,0.2
correlated,0.9,10,sp_ucb_emp,1,179.87660576449113,28.818441908282196,0.9988,True,0.4,0.3
correlated,0.9,10,sp_ucb_emp,25,151.11804102970527,34.66376579881736,0.9946,True,0.1,0.3
correlated,0.9,11,ucb_iid,1,872.5091807253856,207.45188822450876,0.0,False,0.06,0.1
correlated,0.9,11,ucb_iid,25,921.2160338121244,239.12651493586102,0.9838,True,0.0,0.1
correlated,0.9,11,sp_ucb_iid,1,833.1594036970343,287.6000780059408,0.0,False,0.678,0.2
correlated,0.9,11,sp_ucb_iid,25,632.8993459620638,255.8874727515429,0.1918,True,0.25,0.2
correlated,0.9,11,sp_ucb_emp,1,917.7150082133196,290.5674743244503,0.999,True,0.007,0.3
correlated,0.9,11,sp_ucb_emp,25,651.1539101005771,323.59752238060844,0.9996,True,0.0,0.3
correlated,0.9,12,ucb_iid,1,729.6951772130034,166.8434002814583,0.0,False,0.264,0.1
correlated,0.9,12,ucb_iid,25,807.1098529302101,225.5403364975175,0.9656,True,0.05,0.1
correlated,0.9,12,sp_ucb_iid,1,925.376199456181,242.11398652563548,0.0,False,0.049,0.2
correlated,0.9,12,sp_ucb_iid,25,636.75735108138,179.8692099522895,0.0,False,0.0,0.2
correlated,0.9,12,sp_ucb_emp,1,563.9476073072863,72.5177650777121,0.8372,True,0.202,0.3
correlated,0.9,12,sp_ucb_emp,25,560.939518497208,155.98675264794963,0.986,True,0.0,0.3
correlated,0.9,13,ucb_iid,1,768.0868010336471,218.1180108894212,0.0,False,0.529,0.1
correlated,0.9,13,ucb_iid,25,855.4326394124632,241.4734188515243,0.9862,True,0.625,0.1
correlated,0.9,13,sp_ucb_iid,1,739.0172818328359,194.0420652227866,0.0,False,0.509,0.2
correlated,0.9,13,sp_ucb_iid,25,638.1671553903857,257.9141067042855,0.0,False,0.0,0.2
correlated,0.9,13,sp_ucb_emp,1,330.969251758086,29.559597145495516,0.9988,True,0.013,0.3
correlated,0.9,13,sp_ucb_emp,25,1493.35136469125,308.8405121071837,0.9996,True,0.0,0.3
correlated,0.9,14,ucb_iid,1,706.4200768404274,154.05895701309703,0.0,False,0.14,0.1
correlated,0.9,14,ucb_iid,25,747.9625909306187,229.6972953560367,0.6702,True,0.675,0.1
correlated,0.9,14,sp_ucb_iid,1,745.5480040444145,124.79711077758719,0.0,False,0.236,0.2
correlated,0.9,14,sp_ucb_iid,25,212.30328334704097,94.69839264670895,0.9156,True,0.1,0.2
correlated,0.9,14,sp_ucb_emp,1,537.5576624932672,29.516204815713966,0.9976,True,0.26,0.3
correlated,0.9,14,sp_ucb_emp,25,191.66219482712617,56.88099319710403,0.9886,True,0.625,0.3
correlated,0.9,15,ucb_iid,1,830.8620766093047,189.08903226421612,0.0,False,0.127,0.1
correlated,0.9,15,ucb_iid,25,866.9560346151541,225.88852418196498,0.3076,True,0.0,0.1
correlated,0.9,15,sp_ucb_iid,1,565.8839056768124,94.31918284565872,0.0,False,0.182,0.2
correlated,0.9,15,sp_ucb_iid,25,319.67984074029414,141.36529550779122,0.9702,True,0.95,0.2
correlated,0.9,15,sp_ucb_emp,1,1342.5704136765705,268.08733869761727,0.999,True,0.0,0.3
correlated,0.9,15,sp_ucb_emp,25,503.5730709350207,270.73877624031326,0.9996,True,0.0,0.3
correlated,0.9,16,ucb_iid,1,767.5619934454523,173.56506889623373,0.0,False,0.185,0.1
correlated,0.9,16,ucb_iid,25,997.9225820707135,221.52485049967873,0.998,True,0.0,0.1
correlated,0.9,16,sp_ucb_iid,1,811.3764250909232,229.83525344576938,0.0,False,0.322,0.2
correlated,0.9,16,sp_ucb_iid,25,1216.6059607316672,266.44370431298495,0.998,True,0.0,0.2
correlated,0.9,16,sp_ucb_emp,1,1543.9306362739596,256.48995579005856,0.999,True,0.0,0.3
correlated,0.9,16,sp_ucb_emp,25,1588.2958023807666,313.8890578547932,0.9996,True,0.0,0.2
correlated,0.9,17,ucb_iid,1,733.4494057844978,185.03159740490898,0.0,False,0.006,0.2
correlated,0.9,17,ucb_iid,25,529.6644478335752,191.25514044925217,0.9118,True,0.0,0.2
correlated,0.9,17,sp_ucb_iid,1,414.5268860482424,155.28305609913403,0.0,False,0.018,0.2
correlated,0.9,17,sp_ucb_iid,25,278.2241913566911,151.93338848808273,0.9568,True,0.925,0.2
correlated,0.9,17,sp_ucb_emp,1,186.87512429814018,64.88488042185683,0.9988,True,0.0,0.3
correlated,0.9,17,sp_ucb_emp,25,273.17493838661363,83.91428039252862,0.9884,True,1.0,0.2
correlated,0.9,18,ucb_iid,1,771.1774654349867,202.74134871140555,0.0,False,0.134,0.1
correlated,0.9,18,ucb_iid,25,479.72768283305726,231.3924546010105,0.9332,True,0.65,0.1
correlated,0.9,18,sp_ucb_iid,1,543.3095886391137,148.3862199464698,0.0,False,0.279,0.2
correlated,0.9,18,sp_ucb_iid,25,456.02168630989644,249.32518811695195,0.9404,True,0.0,0.2
correlated,0.9,18,sp_ucb_emp,1,419.5975940607556,108.20100414738346,0.9988,True,0.0,0.3
correlated,0.9,18,sp_ucb_emp,25,426.1872749663312,298.9360308993327,0.9974,True,0.0,0.3
correlated,0.9,19,ucb_iid,1,733.6684292048296,178.88526273401595,0.0,False,0.236,0.1
correlated,0.9,19,ucb_iid,25,949.868214783602,203.42833329959788,0.0,False,0.0,0.1
correlated,0.9,19,sp_ucb_iid,1,519.5980503146088,124.15888334611637,0.0,False,0.169,0.3
correlated,0.9,19,sp_ucb_iid,25,356.05153344312725,183.99243150293574,0.0,False,0.625,0.2
correlated,0.9,19,sp_ucb_emp,1,420.77965211336544,40.19037811265355,0.9988,True,0.103,0.3
correlated,0.9,19,sp_ucb_emp,25,172.97843905868922,170.5325682791936,0.9916,True,1.0,0.3
correlated,0.97,0,ucb_iid,1,869.3112034965195,191.48289495704617,0.0,False,0.355,0.2
correlated,0.97,0,ucb_iid,25,757.1342085517132,201.58412571274562,0.9982,True,0.0,0.1
correlated,0.97,0,sp_ucb_iid,1,563.4955889833068,91.42153274259995,0.0,False,0.269,0.2
correlated,0.97,0,sp_ucb_iid,25,1457.776710444314,278.43937244323183,0.9982,True,0.0,0.2
correlated,0.97,0,sp_ucb_emp,1,1377.8863170332156,270.7849870307982,0.999,True,0.0,0.3
correlated,0.97,0,sp_ucb_emp,25,1428.032924509045,277.36282855959865,0.9996,True,0.0,0.3
correlated,0.97,1,ucb_iid,1,955.5897010757622,242.5573881974442,0.0,False,0.109,0.1
correlated,0.97,1,ucb_iid,25,973.1739958249447,217.87247992716678,0.9312,True,0.025,0.1
correlated,0.97,1,sp_ucb_iid,1,792.73762661933,140.56783691838328,0.0,False,0.085,0.2
correlated,0.97,1,sp_ucb_iid,25,361.30440711874274,106.90974380889988,0.0022,True,0.525,0.2
correlated,0.97,1,sp_ucb_emp,1,896.1687927128336,186.44134244837977,0.9988,True,0.175,0.3
correlated,0.97,1,sp_ucb_emp,25,1271.1150118945939,177.01347595146956,0.9946,True,0.0,0.2
correlated,0.97,2,ucb_iid,1,942.6788837182607,209.30317920211118,0.0,False,0.203,0.1
correlated,0.97,2,ucb_iid,25,1145.9195195257748,221.89749916101815,0.941,True,0.025,0.1
correlated,0.97,2,sp_ucb_iid,1,850.8718411557452,170.64974436846677,0.0,False,0.352,0.2
correlated,0.97,2,sp_ucb_iid,25,586.6845662939256,81.46190520012198,0.9534,True,0.25,0.2
correlated,0.97,2,sp_ucb_emp,1,929.4654926763451,152.65083900387805,0.7602,True,0.25,0.3
correlated,0.97,2,sp_ucb_emp,25,161.9188613633895,115.09926172451601,0.9872,True,1.0,0.3
correlated,0.97,3,ucb_iid,1,875.9113910373236,200.00236745308675,0.0,False,0.183,0.1
correlated,0.97,3,ucb_iid,25,1207.1345980967565,257.23262374431346,0.875,True,0.0,0.1
correlated,0.97,3,sp_ucb_iid,1,610.2225560539027,146.24471640274507,0.0,False,0.34,0.2
correlated,0.97,3,sp_ucb_iid,25,1097.5553451382004,125.22899217426772,0.93,True,0.0,0.2
correlated,0.97,3,sp_ucb_emp,1,585.4442030887985,133.33460255395755,0.9354,True,0.095,0.3
correlated,0.97,3,sp_ucb_emp,25,206.5505043382513,60.35742874630795,0.9796,True,0.0,0.3
correlated,0.97,4,ucb_iid,1,955.4811431056905,202.00549709242534,0.0,False,0.038,0.2
correlated,0.97,4,ucb_iid,25,702.8645042136826,230.83931453366972,0.9562,True,0.0,0.1
correlated,0.97,4,sp_ucb_iid,1,704.6165022765045,184.29689276546944,0.0,False,0.024,0.2
correlated,0.97,4,sp_ucb_iid,25,477.8005353365964,221.81084003849008,0.9724,True,0.0,0.2
correlated,0.97,4,sp_ucb_emp,1,950.9251937976527,218.30132400949108,0.9922,True,0.258,0.3
correlated,0.97,4,sp_ucb_emp,25,647.7129524177274,60.8954733753679,0.9898,True,0.0,0.2
correlated,0.97,5,ucb_iid,1,860.6173870537473,171.6721743991091,0.0,False,0.032,0.1
correlated,0.97,5,ucb_iid,25,1194.781111912354,250.91261677181876,0.998,True,0.0,0.2
correlated,0.97,5,sp_ucb_iid,1,1002.1569416774607,187.15566817199954,0.0,False,0.062,0.2
correlated,0.97,5,sp_ucb_iid,25,1235.199001682731,247.19896654781405,0.998,True,0.0,0.2
correlated,0.97,5,sp_ucb_emp,1,1354.8327400849398,262.16842568202463,0.999,True,0.0,0.3
correlated,0.97,5,sp_ucb_emp,25,1667.0587493759595,323.93354030632116,0.9996,True,0.0,0.3
correlated,0.97,6,ucb_iid,1,929.5018183942121,226.93651331261285,0.0,False,0.022,0.1
correlated,0.97,6,ucb_iid,25,672.3818309362158,211.13356341267124,0.9216,True,0.35,0.1
correlated,0.97,6,sp_ucb_iid,1,629.2273936458954,211.18621061051928,0.0,False,0.315,0.2
correlated,0.97,6,sp_ucb_iid,25,360.5016748325116,167.39874922204834,0.9482,True,0.15,0.2
correlated,0.97,6,sp_ucb_emp,1,698.2406419706698,166.65401576552077,0.9988,True,0.466,0.3
correlated,0.97,6,sp_ucb_emp,25,152.49303375382271,131.8690506299963,0.9936,True,1.0,0.3
correlated,0.97,7,ucb_iid,1,477.48296264189224,136.3949078259552,0.0,False,0.364,0.1
correlated,0.97,7,ucb_iid,25,396.08248646589055,230.03212718107125,0.9816,True,0.95,0.1
correlated,0.97,7,sp_ucb_iid,1,136.7404771597336,69.06201036452799,0.0,False,0.494,0.2
correlated,0.97,7,sp_ucb_iid,25,49.93320975958204,49.93320975958204,0.92,True,1.0,0.2
correlated,0.97,7,sp_ucb_emp,1,9.611693978962252,9.611693978962252,0.9988,True,1.0,0.3
correlated,0.97,7,sp_ucb_emp,25,30.431517588184853,30.431517588184853,0.9946,True,1.0,0.3
correlated,0.97,8,ucb_iid,1,623.6198014645611,111.7393222717491,0.0,False,0.148,0.1
correlated,0.97,8,ucb_iid,25,653.7015096923838,176.14720782570782,0.9312,True,0.0,0.1
correlated,0.97,8,sp_ucb_iid,1,633.8266358369357,116.49505883360142,0.0,False,0.044,0.2
correlated,0.97,8,sp_ucb_iid,25,268.5613594877547,111.59103903858995,0.276,True,0.0,0.2
correlated,0.97,8,sp_ucb_emp,1,293.0552933193105,111.97724579655024,0.9988,True,0.0,0.3
correlated,0.97,8,sp_ucb_emp,25,59.99407096053639,52.94102402188132,0.9442,True,1.0,0.3
correlated,0.97,9,ucb_iid,1,866.2055641553942,165.54178433212059,0.0,False,0.1,0.1
correlated,0.97,9,ucb_iid,25,944.4762317435786,207.14762477053918,0.6472,True,0.25,0.1
correlated,0.97,9,sp_ucb_iid,1,880.1738358076084,109.00456364347122,0.0,False,0.061,0.2
correlated,0.97,9,sp_ucb_iid,25,415.76568401841536,122.4149979702509,0.9808,True,0.125,0.2
correlated,0.97,9,sp_ucb_emp,1,1221.4840303480414,236.60188057476998,0.999,True,0.0,0.3
correlated,0.97,9,sp_ucb_emp,25,274.80697208650463,115.56165568358234,0.987,True,0.55,0.3
correlated,0.97,10,ucb_iid,1,840.2493585588721,137.7917791530183,0.0,False,0.026,0.1
correlated,0.97,10,ucb_iid,25,718.939809485248,152.35598707235403,0.9702,True,0.125,0.1
correlated,0.97,10,sp_ucb_iid,1,609.065270430307,82.10015386751294,0.0,False,0.029,0.2
correlated,0.97,10,sp_ucb_iid,25,112.61417055552157,32.72522417789672,0.9942,True,0.55,0.2
correlated,0.97,10,sp_ucb_emp,1,131.34424911612587,18.365170028119085,0.9988,True,0.133,0.3
correlated,0.97,10,sp_ucb_emp,25,136.02960356675567,42.84819929854251,0.9946,True,0.6,0.2
correlated,0.97,11,ucb_iid,1,1020.1596563499753,235.6617135757781,0.0,False,0.051,0.1
correlated,0.97,11,ucb_iid,25,1211.144592540563,257.8905299615242,0.9972,True,0.0,0.1
correlated,0.97,11,sp_ucb_iid,1,819.2376969665764,266.96696547307437,0.0,False,0.32,0.2
correlated,0.97,11,sp_ucb_iid,25,712.8424646665544,312.7136850677862,0.9972,True,0.0,0.2
correlated,0.97,11,sp_ucb_emp,1,1531.3384796847574,330.0399956761261,0.999,True,0.0,0.3
correlated,0.97,11,sp_ucb_emp,25,1694.235103197475,324.8867621504727,0.9996,True,0.0,0.3
correlated,0.97,12,ucb_iid,1,857.0983359437809,165.76725088469868,0.0,False,0.151,0.1
correlated,0.97,12,ucb_iid,25,989.1525779982903,223.37445060203385,0.9318,True,0.0,0.1
correlated,0.97,12,sp_ucb_iid,1,1006.5003915922551,187.19665341737655,0.0,False,0.104,0.2
correlated,0.97,12,sp_ucb_iid,25,659.2510578407486,156.90440728580333,0.826,True,0.0,0.2
correlated,0.97,12,sp_ucb_emp,1,1000.607079018033,230.41198106717985,0.9916,True,0.166,0.3
correlated,0.97,12,sp_ucb_emp,25,513.1290463992038,156.74766282634664,0.9868,True,0.0,0.3
correlated,0.97,13,ucb_iid,1,878.9041360278236,217.1881769056081,0.0,False,0.104,0.1
correlated,0.97,13,ucb_iid,25,1165.4235584877783,244.1413140454901,0.982,True,0.0,0.1
correlated,0.97,13,sp_ucb_iid,1,655.5761311989351,172.25331393371837,0.0,False,0.716,0.2
correlated,0.97,13,sp_ucb_iid,25,506.59090583838605,167.35240786983098,0.9334,True,0.0,0.2
correlated,0.97,13,sp_ucb_emp,1,464.73340633844595,99.45715246676265,0.9988,True,0.0,0.3
correlated,0.97,13,sp_ucb_emp,25,1580.7667537557672,327.1997074787836,0.9996,True,0.0,0.2
correlated,0.97,14,ucb_iid,1,884.4444113779551,140.67710297340605,0.0,False,0.113,0.1
correlated,0.97,14,ucb_iid,25,986.298978054667,235.13426556637606,0.0,False,0.0,0.2
correlated,0.97,14,sp_ucb_iid,1,907.1665301747513,139.15940028862556,0.0,False,0.136,0.2
correlated,0.97,14,sp_ucb_iid,25,191.3884172747779,42.071879725381436,0.9102,True,0.275,0.2
correlated,0.97,14,sp_ucb_emp,1,550.4758893903422,29.50103594581743,0.9976,True,0.271,0.3
correlated,0.97,14,sp_ucb_emp,25,319.1066718771784,53.17952113530473,0.99,True,0.325,0.3
correlated,0.97,15,ucb_iid,1,1119.1575332507107,208.30947713945395,0.0,False,0.113,0.1
correlated,0.97,15,ucb_iid,25,1057.7580865451973,218.01135679199336,0.9974,True,0.0,0.1
correlated,0.97,15,sp_ucb_iid,1,738.9148928540603,140.06073245325337,0.0,False,0.01,0.2
correlated,0.97,15,sp_ucb_iid,25,526.5569653488233,305.83874369574534,0.9974,True,0.0,0.2
correlated,0.97,15,sp_ucb_emp,1,1296.9963173382412,253.078049650072,0.999,True,0.0,0.3
correlated,0.97,15,sp_ucb_emp,25,1552.1971604717849,284.01991087777765,0.9996,True,0.0,0.3
correlated,0.97,16,ucb_iid,1,1075.3767651379221,220.1064007486474,0.0,False,0.055,0.1
correlated,0.97,16,ucb_iid,25,972.1467042283743,225.51061482664787,0.998,True,0.0,0.1
correlated,0.97,16,sp_ucb_iid,1,776.1712782344648,232.80726835904892,0.0,False,0.25,0.2
correlated,0.97,16,sp_ucb_iid,25,1568.861814833129,313.0192949621142,0.998,True,0.0,0.2
correlated,0.97,16,sp_ucb_emp,1,1690.757658093593,336.6205007179737,0.999,True,0.0,0.3
correlated,0.97,16,sp_ucb_emp,25,1524.3678966326024,300.0514437356261,0.9996,True,0.0,0.3
correlated,0.97,17,ucb_iid,1,692.6227449021875,194.01158078343005,0.0,False,0.096,0.2
correlated,0.97,17,ucb_iid,25,484.90037364880163,189.7034700462457,0.9532,True,0.0,0.1
correlated,0.97,17,sp_ucb_iid,1,357.94270085042416,152.26988902332377,0.0,False,0.997,0.2
correlated,0.97,17,sp_ucb_iid,25,343.2612624395025,103.80719394660814,0.7734,True,0.0,0.2
correlated,0.97,17,sp_ucb_emp,1,277.7134993299547,49.029733049868376,0.9988,True,1.0,0.4
correlated,0.97,17,sp_ucb_emp,25,474.7566008418053,104.4093484193181,0.997,True,0.0,0.3
correlated,0.97,18,ucb_iid,1,962.5922456958061,243.85238400658696,0.0,False,0.103,0.2
correlated,0.97,18,ucb_iid,25,702.8406770030265,246.98831992788314,0.9316,True,1.0,0.1
correlated,0.97,18,sp_ucb_iid,1,843.4625668296859,241.9042792057621,0.0,False,0.181,0.2
correlated,0.97,18,sp_ucb_iid,25,1362.8572640798516,258.91925900742996,0.944,True,0.0,0.2
correlated,0.97,18,sp_ucb_emp,1,465.07787893879254,232.9103141902986,0.9988,True,0.0,0.3
correlated,0.97,18,sp_ucb_emp,25,1395.457296028446,309.8756490720401,0.9964,True,0.0,0.3
correlated,0.97,19,ucb_iid,1,943.5756966327186,158.88621456099003,0.0,False,0.082,0.1
correlated,0.97,19,ucb_iid,25,568.4666016152463,192.54770853428667,0.9524,True,0.2,0.1
correlated,0.97,19,sp_ucb_iid,1,618.6599719126687,99.74184010795793,0.0,False,0.219,0.2
correlated,0.97,19,sp_ucb_iid,25,258.00964929000736,120.25570596172456,0.8912,True,0.825,0.2
correlated,0.97,19,sp_ucb_emp,1,535.2343817947062,280.7506701767603,0.9988,True,0.359,0.3
correlated,0.97,19,sp_ucb_emp,25,284.3620723676201,122.95306726221239,0.9932,True,0.0,0.2
