phi,seed,policy,batch,best_eliminated,best_eliminated_at,regret_rate_last_2000,seconds,regret@1000,regret@2000,regret@5000,regret@10000,regret@20000
0.0,0,se_st2,1,False,-1,0.06947338195179494,4.03,251.69141601419832,503.38283202840046,1258.457080071004,2310.0626516497746,3669.6223957833176
0.0,1,se_st2,1,False,-1,0.13250851439249348,3.4,233.65007040598377,467.3001408119668,1168.2503520299308,2242.6332342801916,3834.3456762354526
0.0,2,se_st2,1,False,-1,0.20113786391804178,2.85,220.59992754317864,441.19985508635295,1102.999637715882,2205.9992754318555,4356.240779426041
0.0,3,se_st2,1,False,-1,0.10925718323116101,2.99,228.258089645925,456.51617929184994,1141.2904482296224,2276.885508330594,3968.2749260369815
0.0,4,se_st2,1,False,-1,0.1776191487387288,4.07,228.22023578487315,456.44047156974244,1141.101178924365,2272.064866247015,4223.305622890076
0.0,5,se_st2,1,False,-1,0.09732269481668053,3.43,235.1257684204241,470.25153684084967,1175.6288421020872,2322.03514678079,3967.597031982236
0.0,6,se_st2,1,False,-1,0.04036547288158022,2.93,228.0187408807533,456.037481761509,1136.1883879138618,2075.493484493479,3492.7902802965655
0.0,7,se_st2,1,False,-1,0.09447250792670402,2.98,235.41588730358785,470.83177460718144,1177.0794365179406,2352.4188180602537,3806.760194779591
0.0,8,se_st2,1,False,-1,0.05205452531566244,3.05,239.46935689548647,478.9387137909702,1197.3467844774254,2240.0988543174035,3437.8185700311074
0.0,9,se_st2,1,False,-1,0.09457979181145222,2.84,229.49279099280508,458.9855819856099,1147.4639549640283,2242.2029728606144,3590.5968509990134
0.0,10,se_st2,1,False,-1,0.19958099274785346,2.86,247.4812005821591,494.9624011643223,1237.406002910794,2474.8120058215195,4744.525226265192
0.0,11,se_st2,1,False,-1,0.12392406944087422,2.83,227.09207715769355,454.18415431538875,1135.4603857884656,2259.8695265544343,3905.3491743802656
0.0,12,se_st2,1,False,-1,0.15981585573139268,3.05,234.91754450173553,469.83508900347584,1174.5877225086663,2349.1754450173576,4488.405192908673
0.0,13,se_st2,1,False,-1,0.12179273123211698,2.82,236.5376293514873,473.0752587029729,1158.6492472352923,2105.269220050816,3767.2457205712485
0.0,14,se_st2,1,False,-1,0.11156628076775879,2.85,247.94844866971647,495.8968973394367,1239.7422433485772,2450.696480830623,3952.103252060156
0.0,15,se_st2,1,False,-1,0.10052104540289909,2.85,240.19618984755397,480.3923796951034,1200.9809492377833,2401.9618984755093,4070.64499639095
0.0,16,se_st2,1,False,-1,0.044365159559050536,2.87,232.45799883218885,464.9159976643725,1162.2899941609714,2170.9751869655774,2952.7067315179197
0.0,17,se_st2,1,False,-1,0.12519793979888666,2.98,244.30937635918997,488.61875271838437,1221.5468817959775,2396.6054364343713,4182.730302088742
0.0,18,se_st2,1,False,-1,0.116272274997017,2.9,240.05121634374342,480.10243268748746,1200.2560817187032,2400.512163437478,4175.852182045065
0.0,19,se_st2,1,False,-1,0.16958801120927858,2.93,231.15994755089932,462.3198951017975,1155.79973775451,2223.191212937426,4032.852907472473
0.0,20,se_st2,1,False,-1,0.15852742065247302,2.91,249.7621681288806,499.52433625775154,1248.8108406443869,2478.3483017441417,4542.372439086171
0.0,21,se_st2,1,False,-1,0.16148887435615727,2.85,229.914671156358,459.82934231271474,1149.573355781786,2291.635496880295,4097.014457956018
0.0,22,se_st2,1,False,-1,0.1652850407847401,2.85,231.3851348068597,462.7702696137218,1156.9256740343087,2313.851348068608,4391.769873895461
0.0,23,se_st2,1,False,-1,0.17112999159725675,2.94,227.44868616406822,454.897372328135,1137.2434308203344,2274.486861640597,4313.080152302403
0.0,24,se_st2,1,False,-1,0.11762892768540181,2.89,243.3284165033209,486.65683300664637,1216.6420825165824,2433.2841650330856,4271.530673824895
0.0,25,se_st2,1,False,-1,0.10210211564266303,2.91,239.84528106607,479.69056213213736,1199.2264053303225,2384.372353374212,3727.375100766071
0.0,26,se_st2,1,False,-1,0.15555129040271926,2.85,243.89600867094182,487.7920173418807,1219.4800433547123,2438.9600867093914,4409.8492058431
0.0,27,se_st2,1,False,-1,0.035605077498712986,2.91,232.7860063809979,465.5720127619971,1163.930031905003,2215.4654601422653,2871.5423420752963
0.0,28,se_st2,1,False,-1,0.15370159208828568,2.87,226.36017911461707,452.7203582292329,1131.8008955730982,2263.6017911461845,4329.214178582618
0.0,29,se_st2,1,False,-1,0.17133860968961453,2.85,227.36523746685467,454.730474933715,1136.8261873342674,2263.9354457499167,4213.0076700284135
0.0,30,se_st2,1,False,-1,0.07606614914331056,2.89,235.13868153206016,470.2773630641235,1164.2702726029656,1971.1923933113699,2966.8233606411554
0.0,31,se_st2,1,False,-1,0.15843077569634448,2.81,234.40172694386374,468.80345388772486,1172.0086347193078,2306.8491997386704,4166.642175402331
0.0,32,se_st2,1,False,-1,0.13798089945847353,2.94,226.4364512994736,452.87290259894564,1132.1822564973768,2245.9815980487015,4061.809496601567
0.0,33,se_st2,1,False,-1,0.03874143286192623,3.34,232.97942268405774,465.95884536811405,1164.89711342031,2321.216028262926,3203.413059378159
0.0,34,se_st2,1,False,-1,0.0906836609557657,2.91,235.1552927417584,470.31058548351587,1175.776463708796,2351.5529274175537,3861.5724042560864
0.0,35,se_st2,1,False,-1,0.11237649272831818,3.1,226.8046191713064,453.6092383426085,1134.0230958565278,2163.10123713279,3545.275276026222
0.0,36,se_st2,1,False,-1,0.12711019685330952,2.89,233.97108744662683,467.94217489325456,1169.8554372331323,2307.7898982127967,3946.3629319265733
0.0,37,se_st2,1,False,-1,0.06974546333689444,3.36,235.3885667218773,470.777133443765,1176.9428336094163,2353.8856672187885,3956.193318473413
0.0,38,se_st2,1,False,-1,0.15138070227634534,2.92,247.40854613713205,494.81709227426654,1237.0427306856784,2461.5510986140966,4446.579822689781
0.0,39,se_st2,1,False,-1,0.07870262965370595,2.99,228.2499966061394,456.49999321227773,1141.2499830306947,2223.405671364469,3187.4940235979725
0.0,40,se_st2,1,False,-1,0.09840436002195498,2.97,238.71525650040772,477.4305130008124,1193.5762825020377,2380.5600487502916,3828.157657561087
0.0,41,se_st2,1,False,-1,0.11273473640487758,2.86,231.73062826635885,463.46125653272594,1158.6531413318378,2295.302040994466,4089.2063313674444
0.0,42,se_st2,1,False,-1,0.07663885770922016,2.87,226.8745060775074,453.7490121550099,1134.372530387541,2200.629352679819,3809.9958085830685
0.0,43,se_st2,1,False,-1,0.14082110831766392,2.79,236.98259754786017,473.96519509571664,1184.9129877392863,2360.1670649871717,4168.095563841825
0.0,44,se_st2,1,False,-1,0.03460846588489837,2.99,238.65977543707592,477.31955087415,1193.2988771853923,2344.444012573704,3166.8157777098686
0.0,45,se_st2,1,False,-1,0.14101721634177336,2.8,239.1166039962698,478.233207992541,1195.5830199813465,2391.166039962676,4256.368085113441
0.0,46,se_st2,1,False,-1,0.10632325623476184,2.85,235.97173755952633,471.9434751190477,1179.8586877976552,2345.8446507526605,4043.6373642767157
0.0,47,se_st2,1,False,-1,0.12886811740447995,2.79,246.67449338689772,493.3489867737917,1233.3724669344588,2464.1882981284466,4074.5455275576246
0.0,48,se_st2,1,False,-1,0.07281188257370756,2.86,232.4195953788219,464.8391907576451,1162.0979768940856,2258.919938036833,3430.054162288495
0.0,49,se_st2,1,False,-1,0.15733977066419005,2.79,237.73694283728412,475.47388567457375,1188.6847141864637,2377.369428372931,4493.119919764029
0.0,50,se_st2,1,False,-1,0.10185852334567282,2.84,233.3372890485999,466.6745780971977,1166.6864452429638,2333.3728904859076,3958.4972240091515
0.0,51,se_st2,1,False,-1,0.1779871106013095,2.9,236.84798447234888,473.6959689447023,1184.2399223617067,2368.4798447234803,4499.971860197919
0.0,52,se_st2,1,False,-1,0.1706282210971522,2.8,227.6359078434599,455.27181568691816,1138.1795392173174,2272.734939517281,4300.2017748416265
0.0,53,se_st2,1,False,-1,0.12887850783326257,2.79,235.8935988796933,471.78719775938623,1179.4679943984897,2329.28457878579,3922.177791517733
0.0,54,se_st2,1,False,-1,0.17879451604959254,2.82,232.39343566348492,464.78687132696746,1161.9671783174153,2323.9343566349808,4404.621588836554
0.0,55,se_st2,1,False,-1,0.023780181000812448,2.83,230.69470746507926,461.38941493015864,1140.928393438964,1801.6005724480513,2118.5264065260135
0.0,56,se_st2,1,False,-1,0.1425267385911008,2.82,241.4815923432223,482.9631846864452,1207.4079617161158,2414.8159234322975,4267.768715756836
0.0,57,se_st2,1,False,-1,0.0514347737012691,2.76,228.3185832343047,456.63716646860627,1141.5929161715128,2239.3618803651516,3204.1453998209968
0.0,58,se_st2,1,False,-1,0.13778249223190092,2.71,229.3930102968103,458.78602059362197,1146.9650514840525,2283.129535135565,4113.835538868088
0.0,59,se_st2,1,False,-1,0.0699741156150857,2.72,241.85669662665808,483.71339325331894,1206.0238787370874,2181.17414467053,3400.34517267627
0.0,60,se_st2,1,False,-1,0.14760740289663465,2.79,227.6523252519411,455.3046505038849,1138.2616262597137,2276.523252519405,4072.4895079601756
0.0,61,se_st2,1,False,-1,0.11572693235985523,2.94,225.78731149329366,451.5746229865907,1128.9365574664785,2166.9780879903747,3679.9418738498425
0.0,62,se_st2,1,False,-1,0.15436180870998495,2.79,230.67112407172365,461.3422481434483,1153.3556203586245,2306.7112407171426,4250.843711314474
0.0,63,se_st2,1,False,-1,0.06647855320873021,2.8,225.89138350689527,451.7827670137918,1129.4569175344923,2195.5584260607334,3622.1974927196
0.0,64,se_st2,1,False,-1,0.11423067475390801,2.85,229.80890189531198,459.61780379061526,1149.0445094765562,2298.0890189532283,3907.687894119516
0.0,65,se_st2,1,False,-1,0.04059784427155015,2.76,235.77717197570723,471.55434395141407,1174.5437432474437,1887.8420180592664,2652.841952863492
0.0,66,se_st2,1,False,-1,0.07936626268746641,2.8,246.80860642736656,493.6172128547316,1234.0430321368322,2454.972771588983,3956.3577138904225
0.0,67,se_st2,1,False,-1,0.08876687146425255,2.92,232.5694594605793,465.13891892115475,1162.847297302914,2309.831167280216,3945.00223879098
0.0,68,se_st2,1,False,-1,0.06437090729281911,2.91,234.43742939242333,468.87485878484654,1172.1871469621244,2280.9158912045878,3574.9233042455385
0.0,69,se_st2,1,False,-1,0.10492630853424859,2.79,236.77972890880648,473.55945781761244,1183.8986445440373,2344.697449759877,3819.0543004604506
0.0,70,se_st2,1,False,-1,0.05810463841738998,2.87,231.53307484798043,463.06614969596023,1157.6653742398817,2303.649737106221,3120.5130734356876
0.0,71,se_st2,1,False,-1,0.03199887127782852,2.9,233.85943289867288,467.71886579734957,1169.297164493338,2165.7092351173337,3003.7300560875287
0.0,72,se_st2,1,False,-1,0.05328454311625744,3.03,234.6856784509768,469.371356901955,1171.096116327713,2285.884644849299,3501.418960206322
0.0,73,se_st2,1,False,-1,0.03915557132354064,3.0,243.24868907808627,486.49737815617544,1209.3259717932644,2194.4042415279864,2614.012155073948
0.0,74,se_st2,1,False,-1,0.1308980391256067,3.04,245.39496189135255,490.78992378269976,1226.9748094567797,2336.2936562713608,3893.901159757166
0.0,75,se_st2,1,False,-1,0.09364696315072726,2.7,242.81145547288693,485.62291094577347,1214.0572773644128,2404.116559753847,3971.063870169369
0.0,76,se_st2,1,False,-1,0.05231115885092258,3.09,227.687722070783,455.37544414156383,1138.4386103539152,2182.09517847678,3410.2221301704744
0.0,77,se_st2,1,False,-1,0.11304726899468127,3.0,224.43297781914873,448.8659556382926,1122.1648890957265,2225.6117792545397,3812.37688782491
0.0,78,se_st2,1,False,-1,0.028170447636926093,3.0,236.59403213130398,473.18806426260613,1180.3948049199528,2240.5250740965403,2984.937410472759
0.0,79,se_st2,1,False,-1,0.0911609189847684,2.88,235.24563210159954,470.4912642031974,1176.2281605080132,2348.505771744233,3803.6799616500007
0.0,80,se_st2,1,False,-1,0.08073186188122794,2.88,226.95164047682223,453.90328095364845,1134.7582023841092,2258.429695640496,3706.00751417289
0.0,81,se_st2,1,False,-1,0.09161873557408107,2.76,233.67281654205883,467.3456330841131,1168.3640827103225,2336.7281654207054,3892.7449826673687
0.0,82,se_st2,1,False,-1,0.17442780639702457,2.88,228.27998456847942,456.55996913695844,1141.3999228424443,2282.7998456847536,4359.130084715365
0.0,83,se_st2,1,False,-1,0.04957858419687291,2.81,237.33081842971202,474.6616368594236,1186.6540921485662,2131.829901276926,2645.7242038474137
0.0,84,se_st2,1,False,-1,0.0909472973660752,2.81,241.10121372478602,482.20242744957267,1205.5060686239456,2383.369210917703,3994.443240560716
0.0,85,se_st2,1,False,-1,0.19030257410843868,2.87,233.82517429094978,467.65034858190285,1169.1258714547623,2338.251742909558,4488.718020580219
0.0,86,se_st2,1,False,-1,0.032805583075020295,2.87,240.97416704641165,481.9483340928179,1199.4137117014518,2159.994832000726,2591.4209092158853
0.0,87,se_st2,1,False,-1,0.03319476320613575,2.88,236.3627279323232,472.7254558646483,1181.8136396616003,2324.400891480921,3468.827611642882
0.0,88,se_st2,1,False,-1,0.1701540073060431,2.82,230.52350360136631,461.04700720273337,1152.6175180068012,2286.564040166151,4187.188129873083
0.0,89,se_st2,1,False,-1,0.0901474546875277,2.9,236.7312205294202,473.46244105884375,1183.6561026471152,2331.6270079005817,3801.3339643870186
0.0,90,se_st2,1,False,-1,0.037750853355244716,2.79,232.50622859628288,465.01245719255957,1157.2785958614515,2016.9623696868632,2796.655722710087
0.0,91,se_st2,1,False,-1,0.05922615238718367,2.88,237.79107242122973,475.58214484245826,1188.9553621061561,2348.756201730003,3722.69052463598
0.0,92,se_st2,1,False,-1,0.04755837872045185,2.77,239.90409863475566,479.8081972695139,1199.5204931737815,2271.2443069185038,2991.5761157390857
0.0,93,se_st2,1,False,-1,0.17342521000670222,2.93,235.83720892732669,471.6744178546514,1179.1860446365993,2347.532901244527,4436.132279448853
0.0,94,se_st2,1,False,-1,0.10986641664889711,2.84,231.485757299353,462.97151459870605,1157.4287864967357,2314.857572993542,3970.081170958451
0.0,95,se_st2,1,False,-1,0.16461027118956228,2.96,231.95560130334766,463.91120260669663,1159.7780065167099,2294.4906800811723,4125.992293129449
0.0,96,se_st2,1,False,-1,0.12969127634424116,3.2,234.88221009804937,469.764420196099,1174.4110504902399,2334.6930561835165,4086.838598863907
0.0,97,se_st2,1,False,-1,0.16745273030502,3.14,234.79932284951943,469.59864569903397,1173.9966142476164,2347.993228495215,4348.159713315888
0.0,98,se_st2,1,False,-1,0.04337136080476347,3.17,234.46412874675758,468.92825749351687,1172.3206437337992,2337.2641155541046,3258.114529695163
0.0,99,se_st2,1,False,-1,0.06681570481891515,3.1,235.23888492127284,470.47776984254824,1176.1944246063604,2244.807330792624,3373.8939702509983
0.9,0,se_st2,1,False,-1,0.21837784964735293,3.34,251.69141601419832,503.38283202840046,1258.457080071004,2500.4073851339526,4859.279558473104
0.9,1,se_st2,1,False,-1,0.16066731729242323,3.22,233.65007040598377,467.3001408119668,1168.2503520299308,2334.253558948442,4226.667951215583
0.9,2,se_st2,1,False,-1,0.21152514389072666,3.14,220.59992754317864,441.19985508635295,1102.999637715882,2205.9992754318555,4379.263662735392
0.9,3,se_st2,1,False,-1,0.1995984897191009,3.17,228.258089645925,456.51617929184994,1141.2904482296224,2282.580896459196,4436.802528424682
0.9,4,se_st2,1,False,-1,0.21131409102556523,3.22,228.22023578487315,456.44047156974244,1141.101178924365,2282.202357848761,4448.1123610543655
0.9,5,se_st2,1,False,-1,0.18780426724198923,2.89,235.1257684204241,470.25153684084967,1175.6288421020872,2346.604358392593,4406.3950584955965
0.9,6,se_st2,1,False,-1,0.1580708875439551,2.8,228.0187408807533,456.037481761509,1140.0937044037998,2280.1874088074937,4200.056963483971
0.9,7,se_st2,1,False,-1,0.22263342078928403,2.74,235.41588730358785,470.83177460718144,1177.0794365179406,2354.158873035871,4667.120623036481
0.9,8,se_st2,1,False,-1,0.13903904195860628,3.11,239.46935689548647,478.9387137909702,1197.3467844774254,2363.6555160586922,4010.256345764329
0.9,9,se_st2,1,False,-1,0.07704962449533155,2.78,229.49279099280508,458.9855819856099,1147.4639549640283,2010.3525918894823,2901.743010230924
0.9,10,se_st2,1,False,-1,0.19295109477511824,2.81,247.4812005821591,494.9624011643223,1237.406002910794,2474.8120058215195,4766.151901714223
0.9,11,se_st2,1,False,-1,0.16621431159830777,2.85,227.09207715769355,454.18415431538875,1135.4603857884656,2235.3184831907465,4189.761025911973
0.9,12,se_st2,1,False,-1,0.2212624184196365,2.83,234.91754450173553,469.83508900347584,1174.5877225086663,2349.1754450173576,4652.507135144161
0.9,13,se_st2,1,False,-1,0.1885887464051368,2.75,236.5376293514873,473.0752587029729,1182.6881467574738,2347.4335534794914,4497.704526125252
0.9,14,se_st2,1,False,-1,0.1823049478480458,2.82,247.94844866971647,495.8968973394367,1239.7422433485772,2476.346472680147,4544.482013389359
0.9,15,se_st2,1,False,-1,0.1774508479887593,2.8,240.19618984755397,480.3923796951034,1200.9809492377833,2401.9618984755093,4484.589130230577
0.9,16,se_st2,1,False,-1,0.19770592790890748,2.84,232.45799883218885,464.9159976643725,1162.2899941609714,2324.5799883219133,4483.845846501912
0.9,17,se_st2,1,False,-1,0.1122897425439414,2.74,244.30937635918997,488.61875271838437,1221.5468817959775,2413.9957984583184,4125.247092780174
0.9,18,se_st2,1,False,-1,0.17248479177622106,2.82,240.05121634374342,480.10243268748746,1200.2560817187032,2400.512163437478,4414.726781382932
0.9,19,se_st2,1,False,-1,0.1697529220921965,2.83,231.15994755089932,462.3198951017975,1155.79973775451,2311.59947550904,4136.0781815455775
0.9,20,se_st2,1,False,-1,0.2281930516058887,2.81,249.7621681288806,499.52433625775154,1248.8108406443869,2497.621681288719,4870.710621740442
0.9,21,se_st2,1,False,-1,0.22945741712341255,2.8,229.914671156358,459.82934231271474,1149.573355781786,2299.1467115636146,4597.378915061004
0.9,22,se_st2,1,False,-1,0.2097902867417252,2.82,231.3851348068597,462.7702696137218,1156.9256740343087,2313.851348068608,4541.947591364145
0.9,23,se_st2,1,False,-1,0.1743303469248225,2.79,227.44868616406822,454.897372328135,1137.2434308203344,2274.486861640597,4375.224185389853
0.9,24,se_st2,1,False,-1,0.20552039399429495,2.84,243.3284165033209,486.65683300664637,1216.6420825165824,2433.2841650330856,4725.75868669113
0.9,25,se_st2,1,False,-1,0.20808759549499511,2.85,239.84528106607,479.69056213213736,1199.2264053303225,2398.4528106606795,4613.79509832927
0.9,26,se_st2,1,False,-1,0.1902423244082127,2.83,243.89600867094182,487.7920173418807,1219.4800433547123,2438.9600867093914,4606.629760361862
0.9,27,se_st2,1,False,-1,0.11022973967070532,2.83,232.7860063809979,465.5720127619971,1157.1375940273324,2145.7094558168174,3535.150702421339
0.9,28,se_st2,1,False,-1,0.18876106108509794,2.83,226.36017911461707,452.7203582292329,1131.8008955730982,2263.6017911461845,4432.287917934284
0.9,29,se_st2,1,False,-1,0.20413363770713272,2.84,227.36523746685467,454.730474933715,1136.8261873342674,2273.652374668458,4384.643574650726
0.9,30,se_st2,1,False,-1,0.13597050882406356,2.91,235.13868153206016,470.2773630641235,1158.2681100673958,2196.419519050124,3695.515012800785
0.9,31,se_st2,1,False,-1,0.15990046864829677,2.82,234.40172694386374,468.80345388772486,1172.0086347193078,2322.246298402496,4128.98198668927
0.9,32,se_st2,1,False,-1,0.21787614550453513,2.87,226.4364512994736,452.87290259894564,1132.1822564973768,2264.3645129947913,4479.330167473935
0.9,33,se_st2,1,False,-1,0.159938210559511,2.82,232.97942268405774,465.95884536811405,1164.89711342031,2329.7942268406623,4395.105642103301
0.9,34,se_st2,1,False,-1,0.1600825703058061,2.76,235.1552927417584,470.31058548351587,1175.776463708796,2351.5529274175537,4465.861040134707
0.9,35,se_st2,1,False,-1,0.13636142837349383,2.86,226.8046191713064,453.6092383426085,1134.0230958565278,2260.006746905911,3968.2908058137286
0.9,36,se_st2,1,False,-1,0.17267251705738818,2.83,233.97108744662683,467.94217489325456,1169.8554372331323,2339.7108744663283,4443.513033431297
0.9,37,se_st2,1,False,-1,0.14288713631097333,2.99,235.3885667218773,470.777133443765,1176.9428336094163,2353.8856672187885,4132.433769838929
0.9,38,se_st2,1,False,-1,0.15680370331031077,2.95,247.40854613713205,494.81709227426654,1237.0427306856784,2469.7727064520195,4517.797833496463
0.9,39,se_st2,1,False,-1,0.13840835672771346,3.09,228.2499966061394,456.49999321227773,1141.2499830306947,2257.6240361918367,3981.217447243921
0.9,40,se_st2,1,False,-1,0.1851930333267939,2.8,238.71525650040772,477.4305130008124,1193.5762825020377,2387.1525650041244,4317.63718367554
0.9,41,se_st2,1,False,-1,0.17477516000217522,3.03,231.73062826635885,463.46125653272594,1153.720922837432,2289.2335015335984,4410.1436166825115
0.9,42,se_st2,1,False,-1,0.16046280650301287,3.09,226.8745060775074,453.7490121550099,1134.372530387541,2262.505701795409,4138.660444382901
0.9,43,se_st2,1,False,-1,0.14892123180475994,3.08,236.98259754786017,473.96519509571664,1184.9129877392863,2369.8259754785327,4301.0767297868015
0.9,44,se_st2,1,False,-1,0.12597957830479165,2.99,238.65977543707592,477.31955087415,1193.2988771853923,2381.830573015404,4022.1735016345974
0.9,45,se_st2,1,False,-1,0.17370817100392896,3.06,239.1166039962698,478.233207992541,1195.5830199813465,2391.166039962676,4372.250788100193
0.9,46,se_st2,1,False,-1,0.20076224785866495,2.99,235.97173755952633,471.9434751190477,1179.8586877976552,2359.717375595272,4536.221060969572
0.9,47,se_st2,1,False,-1,0.11420320434335167,3.01,246.67449338689772,493.3489867737917,1233.3724669344588,2401.294049522783,3832.7223377383643
0.9,48,se_st2,1,False,-1,0.17956358764659233,3.09,232.4195953788219,464.8391907576451,1162.0979768940856,2324.1959537882035,4442.4291951314635
0.9,49,se_st2,1,False,-1,0.2232097296552916,2.99,237.73694283728412,475.47388567457375,1188.6847141864637,2377.369428372931,4706.679618569339
0.9,50,se_st2,1,False,-1,0.21668883738847847,3.0,233.3372890485999,466.6745780971977,1166.6864452429638,2333.3728904859076,4554.3094370418585
0.9,51,se_st2,1,False,-1,0.18579796850988073,3.0,236.84798447234888,473.6959689447023,1184.2399223617067,2368.4798447234803,4484.589840174844
0.9,52,se_st2,1,False,-1,0.1860852484038485,3.03,227.6359078434599,455.27181568691816,1138.1795392173174,2276.359078434548,4451.176657053811
0.9,53,se_st2,1,False,-1,0.13927779194885573,2.83,235.8935988796933,471.78719775938623,1173.0792615438368,2291.9826806705364,4017.252412327233
0.9,54,se_st2,1,False,-1,0.18862434781130838,2.79,232.39343566348492,464.78687132696746,1161.9671783174153,2323.9343566349808,4501.268979909957
0.9,55,se_st2,1,False,-1,0.12403270698295685,2.76,230.69470746507926,461.38941493015864,1153.4735373254155,2290.6360678159795,4065.1171842033905
0.9,56,se_st2,1,False,-1,0.19775058102689963,3.0,241.4815923432223,482.9631846864452,1207.4079617161158,2414.8159234322975,4659.3613986028895
0.9,57,se_st2,1,False,-1,0.12070807256893241,2.88,228.3185832343047,456.63716646860627,1141.5929161715128,2208.338158392118,3480.166207139896
0.9,58,se_st2,1,False,-1,0.1849574136152143,2.83,229.3930102968103,458.78602059362197,1146.9650514840525,2293.93010296809,4405.334965720891
0.9,59,se_st2,1,False,-1,0.15648241810712743,2.79,241.85669662665808,483.71339325331894,1209.2834831332975,2418.5669662666096,4578.508766729198
0.9,60,se_st2,1,False,-1,0.20321913604510042,2.86,227.6523252519411,455.3046505038849,1138.2616262597137,2276.523252519405,4413.732669114067
0.9,61,se_st2,1,False,-1,0.12773995732049778,2.78,225.78731149329366,451.5746229865907,1128.9365574664785,2188.685139463881,3760.1041011207626
0.9,62,se_st2,1,False,-1,0.16979592224892787,2.9,230.67112407172365,461.3422481434483,1153.3556203586245,2306.7112407171426,4381.402022591437
0.9,63,se_st2,1,False,-1,0.19008218087347142,2.84,225.89138350689527,451.7827670137918,1129.4569175344923,2258.913835068997,4311.349128801357
0.9,64,se_st2,1,False,-1,0.09720224999126582,2.88,229.80890189531198,459.61780379061526,1114.2691524721663,1750.1974268409426,2836.3042588015023
0.9,65,se_st2,1,False,-1,0.16409873970977396,2.83,235.77717197570723,471.55434395141407,1178.8858598785555,2269.398875242185,4027.2322295910217
0.9,66,se_st2,1,False,-1,0.14035251208754052,2.79,246.80860642736656,493.6172128547316,1234.0430321368322,2447.3759181820487,4366.753074116525
0.9,67,se_st2,1,False,-1,0.1859652554739734,2.79,232.5694594605793,465.13891892115475,1162.847297302914,2325.6945946057604,4397.31087857966
0.9,68,se_st2,1,False,-1,0.1966906357063479,2.84,234.43742939242333,468.87485878484654,1172.1871469621244,2344.374293924183,4516.33023760519
0.9,69,se_st2,1,False,-1,0.1830687136345744,2.81,236.77972890880648,473.55945781761244,1183.8986445440373,2367.7972890881324,4446.344731770536
0.9,70,se_st2,1,False,-1,0.20942072162250322,2.89,231.53307484798043,463.06614969596023,1157.6653742398817,2315.3307484797797,4561.265896169112
0.9,71,se_st2,1,False,-1,0.158540063121948,2.96,233.85943289867288,467.71886579734957,1169.297164493338,2320.550337073168,4206.2973819799545
0.9,72,se_st2,1,False,-1,0.16451400910234043,2.92,234.6856784509768,469.371356901955,1173.4283922548875,2335.018988910163,4381.741877050198
0.9,73,se_st2,1,False,-1,0.1873214877574858,2.88,243.24868907808627,486.49737815617544,1216.2434453904202,2432.486890780808,4579.329018418124
0.9,74,se_st2,1,False,-1,0.14413047195368978,2.9,245.39496189135255,490.78992378269976,1226.9748094567797,2397.627341963256,3858.3091312669358
0.9,75,se_st2,1,False,-1,0.20465290215773863,3.05,242.81145547288693,485.62291094577347,1214.0572773644128,2428.114554728866,4723.510687965879
0.9,76,se_st2,1,False,-1,0.16629757624217364,2.9,227.687722070783,455.37544414156383,1138.4386103539152,2276.8772207078255,4207.606712831026
0.9,77,se_st2,1,False,-1,0.18697498162062634,3.04,224.43297781914873,448.8659556382926,1122.1648890957265,2244.3297781914553,4349.205905340959
0.9,78,se_st2,1,False,-1,0.17807398947911413,3.24,236.59403213130398,473.18806426260613,1182.970160656504,2365.940321312972,4548.09359492658
0.9,79,se_st2,1,False,-1,0.22197102713021888,3.17,235.24563210159954,470.4912642031974,1176.2281605080132,2352.4563210161305,4642.246652104992
0.9,80,se_st2,1,False,-1,0.17255597029642583,3.05,226.95164047682223,453.90328095364845,1134.7582023841092,2269.5164047683375,4318.018094720055
0.9,81,se_st2,1,False,-1,0.11568875242471587,3.04,233.67281654205883,467.3456330841131,1168.3640827103225,2336.7281654207054,4172.399022268181
0.9,82,se_st2,1,False,-1,0.17937100996912908,3.19,228.27998456847942,456.55996913695844,1141.3999228424443,2282.7998456847536,4277.09047253932
0.9,83,se_st2,1,False,-1,0.20253677707493903,3.3,237.33081842971202,474.6616368594236,1186.6540921485662,2373.3081842971183,4605.926226351078
0.9,84,se_st2,1,False,-1,0.1760256932490161,3.13,241.10121372478602,482.20242744957267,1205.5060686239456,2411.0121372479553,4460.587303410747
0.9,85,se_st2,1,False,-1,0.18665518125365385,3.0,233.82517429094978,467.65034858190285,1169.1258714547623,2338.251742909558,4532.788167195286
0.9,86,se_st2,1,False,-1,0.22491200316112697,3.01,240.97416704641165,481.9483340928179,1204.8708352320934,2409.741670464307,4752.474580673696
0.9,87,se_st2,1,False,-1,0.18230612973817564,2.86,236.3627279323232,472.7254558646483,1181.8136396616003,2327.9533655825353,4299.306090811555
0.9,88,se_st2,1,False,-1,0.17931935534336674,3.08,230.52350360136631,461.04700720273337,1152.6175180068012,2305.235036013635,4334.8610299920665
0.9,89,se_st2,1,False,-1,0.1680287988805909,2.96,236.7312205294202,473.46244105884375,1183.6561026471152,2367.312205294259,4495.9968752290115
0.9,90,se_st2,1,False,-1,0.19587284023418097,2.95,232.50622859628288,465.01245719255957,1162.5311429814008,2325.0622859628666,4454.817031370443
0.9,91,se_st2,1,False,-1,0.14503082885999863,2.8,237.79107242122973,475.58214484245826,1188.9553621061561,2361.720734507466,4099.203834351132
0.9,92,se_st2,1,False,-1,0.10789967250407932,2.81,239.90409863475566,479.8081972695139,1199.5204931737815,2381.193412564536,4009.57985061361
0.9,93,se_st2,1,False,-1,0.18760395637684996,3.07,235.83720892732669,471.6744178546514,1179.1860446365993,2358.3720892733077,4522.433699649335
0.9,94,se_st2,1,False,-1,0.17106891932254695,3.02,231.485757299353,462.97151459870605,1157.4287864967357,2314.857572993542,4421.2514702341205
0.9,95,se_st2,1,False,-1,0.11676653521890869,3.4,231.95560130334766,463.91120260669663,1159.7780065167099,2319.556013033497,3946.5050027817797
0.9,96,se_st2,1,False,-1,0.13899752701279164,3.03,234.88221009804937,469.764420196099,1174.4110504902399,2348.167136303778,4381.379223313866
0.9,97,se_st2,1,False,-1,0.13252589401903142,3.04,234.79932284951943,469.59864569903397,1173.9966142476164,2347.993228495215,4203.996422901239
0.9,98,se_st2,1,False,-1,0.12285576697567915,3.33,234.46412874675758,468.92825749351687,1172.3206437337992,2332.4252752589236,4066.561534321265
0.9,99,se_st2,1,False,-1,0.1829029828889337,3.42,235.23888492127284,470.47776984254824,1176.1944246063604,2352.3888492127126,4444.174327481193
0.97,0,se_st2,1,False,-1,0.2516914160141988,3.48,251.69141601419832,503.38283202840046,1258.457080071004,2516.914160141902,5033.828320283778
0.97,1,se_st2,1,False,-1,0.23365007040598448,3.29,233.65007040598377,467.3001408119668,1168.2503520299308,2336.5007040599166,4673.001408120058
0.97,2,se_st2,1,False,-1,0.22059992754317811,3.32,220.59992754317864,441.19985508635295,1102.999637715882,2205.9992754318555,4411.998550863608
0.97,3,se_st2,1,False,-1,0.22825808964592495,3.36,228.258089645925,456.51617929184994,1141.2904482296224,2282.580896459196,4565.16179291835
0.97,4,se_st2,1,False,-1,0.2282202357848736,3.32,228.22023578487315,456.44047156974244,1141.101178924365,2282.202357848761,4564.404715697501
0.97,5,se_st2,1,False,-1,0.2351257684204228,3.36,235.1257684204241,470.25153684084967,1175.6288421020872,2351.257684204161,4702.5153684086445
0.97,6,se_st2,1,False,-1,0.22801874088075566,3.38,228.0187408807533,456.037481761509,1140.0937044037998,2280.1874088074937,4560.374817615018
0.97,7,se_st2,1,False,-1,0.2354158873035883,3.43,235.41588730358785,470.83177460718144,1177.0794365179406,2354.158873035871,4708.317746072161
0.97,8,se_st2,1,False,-1,0.23946935689548537,3.28,239.46935689548647,478.9387137909702,1197.3467844774254,2394.6935689549896,4789.387137910215
0.97,9,se_st2,1,False,-1,0.18635516672838742,3.34,229.49279099280508,458.9855819856099,1147.4639549640283,2294.9279099279797,4298.181798086381
0.97,10,se_st2,1,False,-1,0.2474812005821599,3.27,247.4812005821591,494.9624011643223,1237.406002910794,2474.8120058215195,4949.624011643132
0.97,11,se_st2,1,False,-1,0.22709207715769292,3.43,227.09207715769355,454.18415431538875,1135.4603857884656,2270.9207715770303,4541.84154315407
0.97,12,se_st2,1,False,-1,0.2349175445017357,3.37,234.91754450173553,469.83508900347584,1174.5877225086663,2349.1754450173576,4698.350890034819
0.97,13,se_st2,1,False,-1,0.23653762935148875,3.32,236.5376293514873,473.0752587029729,1182.6881467574738,2365.3762935149402,4730.7525870294185
0.97,14,se_st2,1,False,-1,0.2479484486697155,3.3,247.94844866971647,495.8968973394367,1239.7422433485772,2479.4844866970457,4958.968973394013
0.97,15,se_st2,1,False,-1,0.24019618984755417,3.44,240.19618984755397,480.3923796951034,1200.9809492377833,2401.9618984755093,4803.923796950936
0.97,16,se_st2,1,False,-1,0.2324579988321881,3.5,232.45799883218885,464.9159976643725,1162.2899941609714,2324.5799883219133,4649.159976643754
0.97,17,se_st2,1,False,-1,0.24430937635919053,3.52,244.30937635918997,488.61875271838437,1221.5468817959775,2443.0937635918967,4886.187527183348
0.97,18,se_st2,1,False,-1,0.2400512163437433,3.45,240.05121634374342,480.10243268748746,1200.2560817187032,2400.512163437478,4801.0243268750955
0.97,19,se_st2,1,False,-1,0.23115994755090047,3.34,231.15994755089932,462.3198951017975,1155.79973775451,2311.59947550904,4623.198951018347
0.97,20,se_st2,1,False,-1,0.24976216812887933,3.45,249.7621681288806,499.52433625775154,1248.8108406443869,2497.621681288719,4995.2433625775575
0.97,21,se_st2,1,False,-1,0.22991467115635736,3.25,229.914671156358,459.82934231271474,1149.573355781786,2299.1467115636146,4598.293423126896
0.97,22,se_st2,1,False,-1,0.23138513480686007,3.5,231.3851348068597,462.7702696137218,1156.9256740343087,2313.851348068608,4627.702696137223
0.97,23,se_st2,1,False,-1,0.2274486861640686,3.4,227.44868616406822,454.897372328135,1137.2434308203344,2274.486861640597,4548.973723281123
0.97,24,se_st2,1,False,-1,0.24332841650332024,3.47,243.3284165033209,486.65683300664637,1216.6420825165824,2433.2841650330856,4866.568330066077
0.97,25,se_st2,1,False,-1,0.23984528106606953,3.48,239.84528106607,479.69056213213736,1199.2264053303225,2398.4528106606795,4796.905621321702
0.97,26,se_st2,1,False,-1,0.23212043162620374,3.37,243.89600867094182,487.7920173418807,1219.4800433547123,2438.9600867093914,4835.09911194943
0.97,27,se_st2,1,False,-1,0.1910590484406745,3.49,232.7860063809979,465.5720127619971,1163.930031905003,2327.8600638100133,4535.086902050688
0.97,28,se_st2,1,False,-1,0.2263601791146184,3.52,226.36017911461707,452.7203582292329,1131.8008955730982,2263.6017911461845,4527.203582292542
0.97,29,se_st2,1,False,-1,0.22736523746685577,3.39,227.36523746685467,454.730474933715,1136.8261873342674,2273.652374668458,4547.304749336839
0.97,30,se_st2,1,False,-1,0.20441024493318746,3.39,235.13868153206016,470.2773630641235,1175.6934076602956,2351.3868153205735,4628.335755164867
0.97,31,se_st2,1,False,-1,0.22585445134240592,3.54,234.40172694386374,468.80345388772486,1172.0086347193078,2344.01726943867,4665.541633001315
0.97,32,se_st2,1,False,-1,0.22643645129947298,3.46,226.4364512994736,452.87290259894564,1132.1822564973768,2264.3645129947913,4528.729025989211
0.97,33,se_st2,1,False,-1,0.23297942268405775,3.37,232.97942268405774,465.95884536811405,1164.89711342031,2329.7942268406623,4659.588453681092
0.97,34,se_st2,1,False,-1,0.2351552927417575,3.25,235.1552927417584,470.31058548351587,1175.776463708796,2351.5529274175537,4703.1058548351275
0.97,35,se_st2,1,False,-1,0.2188037395682809,3.28,226.8046191713064,453.6092383426085,1134.0230958565278,2268.046191713111,4494.776016708229
0.97,36,se_st2,1,False,-1,0.233971087446627,3.32,233.97108744662683,467.94217489325456,1169.8554372331323,2339.7108744663283,4679.4217489328885
0.97,37,se_st2,1,False,-1,0.2353885667218794,3.24,235.3885667218773,470.777133443765,1176.9428336094163,2353.8856672187885,4707.771334437517
0.97,38,se_st2,1,False,-1,0.24740854613713262,3.66,247.40854613713205,494.81709227426654,1237.0427306856784,2474.0854613713454,4948.170922742528
0.97,39,se_st2,1,False,-1,0.22824999660613862,3.56,228.2499966061394,456.49999321227773,1141.2499830306947,2282.499966061401,4564.999932122679
0.97,40,se_st2,1,False,-1,0.2387152565004081,3.22,238.71525650040772,477.4305130008124,1193.5762825020377,2387.1525650041244,4774.305130008558
0.97,41,se_st2,1,False,-1,0.2289566805784245,3.35,231.73062826635885,463.46125653272594,1158.6531413318378,2317.306282663625,4629.064669950873
0.97,42,se_st2,1,False,-1,0.2268745060775072,3.35,226.8745060775074,453.7490121550099,1134.372530387541,2268.7450607750498,4537.490121550245
0.97,43,se_st2,1,False,-1,0.2369825975478605,3.37,236.98259754786017,473.96519509571664,1184.9129877392863,2369.8259754785327,4739.651950957459
0.97,44,se_st2,1,False,-1,0.23160634962701768,3.53,238.65977543707592,477.31955087415,1193.2988771853923,2386.597754370809,4740.915217269456
0.97,45,se_st2,1,False,-1,0.2391166039962698,3.38,239.1166039962698,478.233207992541,1195.5830199813465,2391.166039962676,4782.332079925371
0.97,46,se_st2,1,False,-1,0.23597173755952672,3.43,235.97173755952633,471.9434751190477,1179.8586877976552,2359.717375595272,4719.434751190315
0.97,47,se_st2,1,False,-1,0.2038791944021912,3.48,246.67449338689772,493.3489867737917,1233.3724669344588,2466.7449338689194,4727.413248325936
0.97,48,se_st2,1,False,-1,0.23241959537882098,3.37,232.4195953788219,464.8391907576451,1162.0979768940856,2324.1959537882035,4648.391907576244
0.97,49,se_st2,1,False,-1,0.23773694283728514,3.36,237.73694283728412,475.47388567457375,1188.6847141864637,2377.369428372931,4754.738856745333
0.97,50,se_st2,1,False,-1,0.23333728904859932,3.18,233.3372890485999,466.6745780971977,1166.6864452429638,2333.3728904859076,4666.745780972113
0.97,51,se_st2,1,False,-1,0.23684798447234842,3.4,236.84798447234888,473.6959689447023,1184.2399223617067,2368.4798447234803,4736.959689446991
0.97,52,se_st2,1,False,-1,0.2276359078434599,3.47,227.6359078434599,455.27181568691816,1138.1795392173174,2276.359078434548,4552.718156869147
0.97,53,se_st2,1,False,-1,0.22849826241964633,3.38,235.8935988796933,471.78719775938623,1179.4679943984897,2358.9359887969545,4703.081304673785
0.97,54,se_st2,1,False,-1,0.2323934356634846,3.27,232.39343566348492,464.78687132696746,1161.9671783174153,2323.9343566349808,4647.868713270318
0.97,55,se_st2,1,False,-1,0.2306947074650799,3.29,230.69470746507926,461.38941493015864,1153.4735373254155,2306.9470746508177,4613.894149301372
0.97,56,se_st2,1,False,-1,0.24148159234322292,3.43,241.4815923432223,482.9631846864452,1207.4079617161158,2414.8159234322975,4829.631846864324
0.97,57,se_st2,1,False,-1,0.18426635809495406,3.39,228.3185832343047,456.63716646860627,1141.5929161715128,2283.1858323429665,4327.578260074705
0.97,58,se_st2,1,False,-1,0.22939301029681058,3.37,229.3930102968103,458.78602059362197,1146.9650514840525,2293.93010296809,4587.860205935993
0.97,59,se_st2,1,False,-1,0.2418566966266585,3.35,241.85669662665808,483.71339325331894,1209.2834831332975,2418.5669662666096,4837.13393253346
0.97,60,se_st2,1,False,-1,0.22765232525194012,3.57,227.6523252519411,455.3046505038849,1138.2616262597137,2276.523252519405,4553.046505038605
0.97,61,se_st2,1,False,-1,0.22011898606463018,3.43,225.78731149329366,451.5746229865907,1128.9365574664785,2257.8731149328887,4504.409579008427
0.97,62,se_st2,1,False,-1,0.22459724698815145,3.33,230.67112407172365,461.3422481434483,1153.3556203586245,2306.7112407171426,4596.610166812667
0.97,63,se_st2,1,False,-1,0.22589138350689547,3.42,225.89138350689527,451.7827670137918,1129.4569175344923,2258.913835068997,4517.827670137864
0.97,64,se_st2,1,False,-1,0.1361334806310192,3.23,229.80890189531198,459.61780379061526,1149.0445094765562,2251.785185605539,3952.035458431696
0.97,65,se_st2,1,False,-1,0.235777171975707,3.35,235.77717197570723,471.55434395141407,1178.8858598785555,2357.771719757031,4715.5434395138145
0.97,66,se_st2,1,False,-1,0.2389212803430146,3.6,246.80860642736656,493.6172128547316,1234.0430321368322,2468.086064273566,4920.397476378081
0.97,67,se_st2,1,False,-1,0.23256945946057897,3.28,232.5694594605793,465.13891892115475,1162.847297302914,2325.6945946057604,4651.389189211509
0.97,68,se_st2,1,False,-1,0.23443742939242315,3.42,234.43742939242333,468.87485878484654,1172.1871469621244,2344.374293924183,4688.748587848049
0.97,69,se_st2,1,False,-1,0.236779728908807,2.99,236.77972890880648,473.55945781761244,1183.8986445440373,2367.7972890881324,4735.594578175908
0.97,70,se_st2,1,False,-1,0.23153307484797972,3.43,231.53307484798043,463.06614969596023,1157.6653742398817,2315.3307484797797,4630.661496959647
0.97,71,se_st2,1,False,-1,0.2338594328986728,3.48,233.85943289867288,467.71886579734957,1169.297164493338,2338.5943289867096,4677.188657973738
0.97,72,se_st2,1,False,-1,0.23468567845097735,3.47,234.6856784509768,469.371356901955,1173.4283922548875,2346.8567845097227,4693.713569019675
0.97,73,se_st2,1,False,-1,0.24324868907808733,3.37,243.24868907808627,486.49737815617544,1216.2434453904202,2432.486890780808,4864.973781562056
0.97,74,se_st2,1,False,-1,0.24385532568219934,3.54,245.39496189135255,490.78992378269976,1226.9748094567797,2453.949618913586,4904.819965408725
0.97,75,se_st2,1,False,-1,0.24281145547288668,3.4,242.81145547288693,485.62291094577347,1214.0572773644128,2428.114554728866,4856.229109457859
0.97,76,se_st2,1,False,-1,0.22768772207078183,3.43,227.687722070783,455.37544414156383,1138.4386103539152,2276.8772207078255,4553.754441415417
0.97,77,se_st2,1,False,-1,0.22443297781914784,3.39,224.43297781914873,448.8659556382926,1122.1648890957265,2244.3297781914553,4488.659556383078
0.97,78,se_st2,1,False,-1,0.23659403213130356,3.38,236.59403213130398,473.18806426260613,1182.970160656504,2365.940321312972,4731.880642626051
0.97,79,se_st2,1,False,-1,0.23524563210160093,3.58,235.24563210159954,470.4912642031974,1176.2281605080132,2352.4563210161305,4704.91264203213
0.97,80,se_st2,1,False,-1,0.22695164047682173,3.31,226.95164047682223,453.90328095364845,1134.7582023841092,2269.5164047683375,4539.032809536432
0.97,81,se_st2,1,False,-1,0.23367281654205965,3.36,233.67281654205883,467.3456330841131,1168.3640827103225,2336.7281654207054,4673.45633084153
0.97,82,se_st2,1,False,-1,0.22827998456848,3.37,228.27998456847942,456.55996913695844,1141.3999228424443,2282.7998456847536,4565.599691369108
0.97,83,se_st2,1,False,-1,0.23733081842971196,3.44,237.33081842971202,474.6616368594236,1186.6540921485662,2373.3081842971183,4746.61636859408
0.97,84,se_st2,1,False,-1,0.241101213724786,3.66,241.10121372478602,482.20242744957267,1205.5060686239456,2411.0121372479553,4822.024274495872
0.97,85,se_st2,1,False,-1,0.2338251742909506,3.35,233.82517429094978,467.65034858190285,1169.1258714547623,2338.251742909558,4676.503485819064
0.97,86,se_st2,1,False,-1,0.2409741670464112,3.42,240.97416704641165,481.9483340928179,1204.8708352320934,2409.741670464307,4819.483340928325
0.97,87,se_st2,1,False,-1,0.23636272793232307,3.39,236.3627279323232,472.7254558646483,1181.8136396616003,2363.627279323199,4727.254558646358
0.97,88,se_st2,1,False,-1,0.23052350360136553,3.38,230.52350360136631,461.04700720273337,1152.6175180068012,2305.235036013635,4610.4700720273395
0.97,89,se_st2,1,False,-1,0.23673122052942153,3.35,236.7312205294202,473.46244105884375,1183.6561026471152,2367.312205294259,4734.624410588399
0.97,90,se_st2,1,False,-1,0.23250622859628184,3.38,232.50622859628288,465.01245719255957,1162.5311429814008,2325.0622859628666,4650.124571925841
0.97,91,se_st2,1,False,-1,0.2377910724212311,3.52,237.79107242122973,475.58214484245826,1188.9553621061561,2377.9107242123405,4755.821448424648
0.97,92,se_st2,1,False,-1,0.23902062971321977,3.3,239.90409863475566,479.8081972695139,1199.5204931737815,2399.040986347584,4796.315034852229
0.97,93,se_st2,1,False,-1,0.2358372089273271,3.5,235.83720892732669,471.6744178546514,1179.1860446365993,2358.3720892733077,4716.7441785467245
0.97,94,se_st2,1,False,-1,0.23148575729935333,3.4,231.485757299353,462.97151459870605,1157.4287864967357,2314.857572993542,4629.715145987119
0.97,95,se_st2,1,False,-1,0.2237741877453843,3.34,231.95560130334766,463.91120260669663,1159.7780065167099,2319.556013033497,4614.047018645726
0.97,96,se_st2,1,False,-1,0.23488221009804988,3.41,234.88221009804937,469.764420196099,1174.4110504902399,2348.822100980561,4697.644201960934
0.97,97,se_st2,1,False,-1,0.23479932284952007,3.42,234.79932284951943,469.59864569903397,1173.9966142476164,2347.993228495215,4695.986456990274
0.97,98,se_st2,1,False,-1,0.22868521304060174,3.49,234.46412874675758,468.92825749351687,1172.3206437337992,2344.641287467582,4666.687169726862
0.97,99,se_st2,1,False,-1,0.23523888492127443,3.45,235.23888492127284,470.47776984254824,1176.1944246063604,2352.3888492127126,4704.777698425728
0.0,0,se_st2,10,False,-1,0.07776849803016177,0.7,251.69141601419818,503.38283202839983,1258.4570800710035,2479.507777876321,3776.235863058934
0.0,1,se_st2,10,False,-1,0.07404267268972875,0.69,233.65007040598366,466.8956892818233,1121.1653522266436,2039.0934331811939,3323.8548551390286
0.0,2,se_st2,10,False,-1,0.06684609087301255,0.67,220.5999275431787,441.19985508635284,1102.9996377158834,2205.999275431856,3548.9862881730246
0.0,3,se_st2,10,False,-1,0.09468504155561053,0.67,228.25808964592497,456.5161792918498,1141.2904482296212,2282.580896459191,4032.2824272466837
0.0,4,se_st2,10,False,-1,0.12422049055705861,0.69,228.22023578487335,456.4404715697423,1141.1011789243669,2267.703869652938,3928.5931718319816
0.0,5,se_st2,10,False,-1,0.17536427228177007,0.75,235.1257684204242,470.25153684084927,1175.6288421020868,2336.4700614396174,4375.649827533817
0.0,6,se_st2,10,False,-1,0.12321360638048927,0.67,228.018740880753,456.03748176150935,1139.1010448243983,2229.193340845551,3910.583249175221
0.0,7,se_st2,10,False,-1,0.05644652375357103,0.7,235.41588730358802,470.8317746071789,1169.5313659560318,2127.981519081052,3433.894894650432
0.0,8,se_st2,10,False,-1,0.08833251876050838,0.72,239.4693568954865,478.93871379096976,1197.3467844774261,2394.693568954987,4025.299927218231
0.0,9,se_st2,10,False,-1,0.11874749695318848,0.69,229.492790992805,458.9855819856093,1147.4639549640274,2283.501331460777,4039.5773171805668
0.0,10,se_st2,10,False,-1,0.084425484282822,0.66,247.48120058215915,494.9624011643222,1232.4741828374536,2308.501186278745,3672.1539450707905
0.0,11,se_st2,10,False,-1,0.09374426136710397,0.66,227.09207715769338,454.18415431538847,1135.4603857884642,2258.2686240997755,3985.2902990151524
0.0,12,se_st2,10,False,-1,0.16267805339500205,0.67,234.91754450173562,469.8350890034762,1174.5877225086679,2349.175445017363,4382.229756947731
0.0,13,se_st2,10,False,-1,0.11781763971225277,0.63,236.53762935148802,473.0752587029733,1182.6881467574715,2321.75566034352,3993.9672882192285
0.0,14,se_st2,10,False,-1,0.10108263663773412,0.65,247.9484486697164,495.89689733943624,1239.742243348578,2427.933132064243,3693.165755367034
0.0,15,se_st2,10,False,-1,0.19294007754756323,0.69,240.19618984755388,480.39237969510356,1200.980949237785,2401.9618984755098,4565.948592626995
0.0,16,se_st2,10,False,-1,0.15218128326050545,0.69,232.45799883218854,464.9159976643721,1162.2899941609714,2309.821341517251,4117.364674332108
0.0,17,se_st2,10,False,-1,0.07390637330325714,0.75,244.30937635918983,488.61875271838477,1221.5468817959766,2443.0937635918976,3987.0674181811514
0.0,18,se_st2,10,False,-1,0.057958451499856456,0.66,240.05121634374348,480.10243268748735,1200.2560817187032,2342.5075650589265,3359.793425465368
0.0,19,se_st2,10,False,-1,0.11463439594991107,0.66,231.15994755089915,462.3198951017966,1155.7997377545087,2277.350687145275,3799.1097087055264
0.0,20,se_st2,10,False,-1,0.1680506411434394,0.74,249.76216812888063,499.52433625775205,1248.8108406443855,2454.5821844409384,4344.952606191347
0.0,21,se_st2,10,False,-1,0.19026359159909478,0.67,229.91467115635788,459.82934231271486,1149.573355781787,2275.6924598654737,4436.144886382001
0.0,22,se_st2,10,False,-1,0.20529998033242572,0.66,231.38513480685972,462.7702696137223,1156.9256740343103,2313.851348068607,4513.766889816353
0.0,23,se_st2,10,False,-1,0.2103520034622855,0.7,227.44868616406788,454.897372328135,1137.2434308203376,2274.4868616405997,4484.707197062982
0.0,24,se_st2,10,False,-1,0.13624813496277813,0.67,243.32841650332085,486.65683300664654,1216.6420825165821,2433.2841650330806,4365.674718133923
0.0,25,se_st2,10,False,-1,0.16922534238978665,0.68,239.8452810660694,479.69056213213685,1199.2264053303209,2376.428698374808,4477.470714892054
0.0,26,se_st2,10,False,-1,0.1117782129913673,0.67,243.89600867094228,487.7920173418814,1219.4800433547114,2438.96008670939,4187.880057597354
0.0,27,se_st2,10,False,-1,0.13583640839136696,0.64,232.78600638099817,465.57201276199777,1161.9326880366746,2086.446680312144,3661.438726128533
0.0,28,se_st2,10,False,-1,0.12687011295604425,0.7,226.36017911461707,452.72035822923374,1131.8008955731011,2242.266378991684,3620.8782369879136
0.0,29,se_st2,10,False,-1,0.09841339344709454,0.67,227.36523746685504,454.73047493371536,1136.8261873342688,2195.0246026758728,3508.685370486402
0.0,30,se_st2,10,False,-1,0.17300773841151662,0.69,235.13868153206,470.27736306412316,1175.6934076602936,2329.855941442043,4254.920612184688
0.0,31,se_st2,10,False,-1,0.07064850644445234,0.68,234.40172694386374,468.8034538877244,1172.0086347193082,2228.7246297629067,3234.2539160039873
0.0,32,se_st2,10,False,-1,0.07559676070543755,0.7,226.43645129947373,452.8729025989455,1132.182256497376,2256.6195223124355,3693.979146921975
0.0,33,se_st2,10,False,-1,0.09179773094430273,0.66,232.9794226840577,465.95884536811394,1164.89711342031,2275.8090101304956,3698.0806435873305
0.0,34,se_st2,10,False,-1,0.09987306591437914,0.67,235.15529274175822,470.310585483516,1175.7764637087944,2352.634117964863,3925.478120047283
0.0,35,se_st2,10,False,-1,0.08453070793322698,0.68,226.80461917130643,453.6092383426089,1134.0230958565242,2244.641046603802,3808.6444067806638
0.0,36,se_st2,10,False,-1,0.1514055712139122,0.68,233.97108744662663,467.94217489325206,1169.8554372331291,2322.2228634831545,4243.630081309959
0.0,37,se_st2,10,False,-1,0.03017448892331538,0.66,235.38856672187745,470.777133443765,1176.9428336094156,2247.2117674100673,3239.9844723012484
0.0,38,se_st2,10,False,-1,0.04806257265553508,0.69,247.40854613713194,494.8170922742662,1237.0427306856782,1996.3412679389744,2506.01877284711
0.0,39,se_st2,10,False,-1,0.03140373678385191,0.65,228.24999660613938,456.4999932122785,1141.2499830306958,2265.124203297181,3620.4946340580623
0.0,40,se_st2,10,False,-1,0.12837120723802042,0.69,238.71525650040752,477.43051300081527,1193.5762825020392,2387.1525650041262,4233.794251793118
0.0,41,se_st2,10,False,-1,0.15793023718057728,0.69,231.73062826635905,463.4612565327265,1158.6531413318382,2298.3601763097026,4166.9412941594355
0.0,42,se_st2,10,False,-1,0.15201199816170338,0.66,226.87450607750765,453.7490121550097,1134.3725303875403,2243.0924398695306,4113.8962449883065
0.0,43,se_st2,10,False,-1,0.07378928223056451,0.71,236.98259754786034,473.9651950957166,1184.9129877392859,2365.0541444488413,3894.192641586142
0.0,44,se_st2,10,False,-1,0.03460846588489837,0.59,238.65977543707595,477.31955087414997,1193.2988771853916,2289.177125546612,3185.615126928674
0.0,45,se_st2,10,False,-1,0.054205151414806106,0.67,239.1166039962698,478.2332079925414,1195.5830199813465,2229.813691109348,3361.497623819155
0.0,46,se_st2,10,False,-1,0.0596496596821152,0.67,235.97173755952647,471.9434751190475,1179.8586877976545,2267.1484428034573,3518.166862996989
0.0,47,se_st2,10,False,-1,0.11915428558141279,0.64,246.6744933868974,493.3489867737909,1233.3724669344595,2457.1724160613653,4259.860574692562
0.0,48,se_st2,10,False,-1,0.10386645594613333,0.73,232.41959537882178,464.8391907576449,1162.0979768940847,2321.346537580488,4254.077850250468
0.0,49,se_st2,10,False,-1,0.1930330266664423,0.7,237.7369428372838,475.47388567457415,1188.6847141864628,2377.3694283729287,4606.359872137958
0.0,50,se_st2,10,False,-1,0.12738507776205965,0.68,233.33728904860013,466.67457809719764,1166.686445242963,2332.981872299645,4056.98804076784
0.0,51,se_st2,10,False,-1,0.129661115633573,0.76,236.84798447234903,473.69596894470226,1184.2399223617037,2327.922494438483,4162.33981330996
0.0,52,se_st2,10,False,-1,0.1622666456536718,0.69,227.63590784346007,455.27181568691844,1138.1795392173176,2276.359078434548,4298.36224477735
0.0,53,se_st2,10,False,-1,0.11062425145048038,0.74,235.89359887969343,471.787197759386,1162.7247783591856,2116.5025640800436,3618.2830367879947
0.0,54,se_st2,10,False,-1,0.164963493054713,0.77,232.39343566348543,464.7868713269674,1161.9671783174153,2323.06768019235,4240.275693380221
0.0,55,se_st2,10,False,-1,0.08625557762548167,0.7,230.69470746507875,461.3894149301584,1153.4735373254152,2306.9470746508164,3886.9876795028226
0.0,56,se_st2,10,False,-1,0.0777616874064504,0.67,241.48159234322222,482.96318468644483,1207.407961716117,2414.8159234322975,3815.213826181416
0.0,57,se_st2,10,False,-1,0.11551030757972458,0.72,228.31858323430475,456.6371664686067,1141.5929161715133,2280.6490038327465,3976.113757293093
0.0,58,se_st2,10,False,-1,0.1547889386766826,0.67,229.39301029681044,458.7860205936218,1146.9650514840532,2293.9301029680914,4257.806300444643
0.0,59,se_st2,10,False,-1,0.10768515087632624,0.68,241.85669662665808,483.7133932533194,1209.2834831332962,2415.389911181277,4307.795467263415
0.0,60,se_st2,10,False,-1,0.1849868522088347,0.66,227.65232525194116,455.3046505038847,1138.2616262597146,2276.523252519407,4346.172485046925
0.0,61,se_st2,10,False,-1,0.08174090150929246,0.7,225.78731149329394,451.5746229865906,1128.9365574664796,2242.6081178884583,3500.9517230228043
0.0,62,se_st2,10,False,-1,0.06557744246652086,0.71,230.6711240717237,461.3422481434473,1153.3556203586234,2274.274598078071,3735.8575698122722
0.0,63,se_st2,10,False,-1,0.10360543585321723,0.69,225.89138350689515,451.7827670137921,1129.4569175344923,2114.851178878537,3595.5153222391555
0.0,64,se_st2,10,False,-1,0.06388274026023551,0.68,229.80890189531215,459.61780379061554,1149.0445094765557,2292.154493048016,3566.2220689098476
0.0,65,se_st2,10,False,-1,0.11025135271493347,0.71,235.77717197570726,471.554343951414,1178.8858598785544,2349.6132803208457,3974.8322993638067
0.0,66,se_st2,10,False,-1,0.12800332507038878,0.71,246.8086064273663,493.6172128547309,1234.0430321368303,2468.086064273564,4573.185581514852
0.0,67,se_st2,10,False,-1,0.09558508773163978,0.68,232.5694594605793,465.138918921154,1162.8472973029131,2139.4683240781737,3674.120641050725
0.0,68,se_st2,10,False,-1,0.15443203170477462,0.68,234.43742939242335,468.874858784846,1172.1871469621246,2344.374293924181,4381.966239748628
0.0,69,se_st2,10,False,-1,0.02479697135162087,0.73,236.77972890880636,473.55945781761204,1183.8986445440385,2344.5642113430936,3692.4081022894084
0.0,70,se_st2,10,False,-1,0.07769656522032488,0.7,231.5330748479804,463.0661496959602,1157.6653742398823,2312.132343336922,3485.460789887103
0.0,71,se_st2,10,False,-1,0.06134486118201494,0.67,233.8594328986735,467.7188657973505,1169.2971644933386,2202.385732593618,3101.598615735499
0.0,72,se_st2,10,False,-1,0.020747732754247274,0.67,234.68567845097655,469.3713569019556,1169.392670063955,2139.581511113217,2969.7324543382065
0.0,73,se_st2,10,False,-1,0.0722116393374443,0.68,243.24868907808602,486.4973781561754,1216.243445390419,2426.36574932571,4179.956762034317
0.0,74,se_st2,10,False,-1,0.11945176789536362,0.66,245.3949618913526,490.7899237826999,1222.7364936312624,2410.968691816777,3829.871355488929
0.0,75,se_st2,10,False,-1,0.10539343014272248,0.7,242.811455472887,485.62291094577387,1214.0572773644158,2407.4920033693184,4115.865437594369
0.0,76,se_st2,10,False,-1,0.17587072223655498,0.66,227.68772207078334,455.3754441415642,1138.4386103539148,2273.353929626471,4276.983476744419
0.0,77,se_st2,10,False,-1,0.20332690226828237,0.66,224.43297781914868,448.8659556382931,1122.1648890957263,2244.329778191451,4372.496127906949
0.0,78,se_st2,10,False,-1,0.14188457970033413,0.67,236.59403213130426,473.18806426260556,1182.970160656502,2320.758345039614,4281.974244535451
0.0,79,se_st2,10,False,-1,0.12054807839097077,0.76,235.2456321015995,470.49126420319715,1176.2281605080125,2331.18136397326,4037.9730571057735
0.0,80,se_st2,10,False,-1,0.10155975123696556,0.75,226.95164047682215,453.9032809536484,1134.758202384109,2269.5164047683365,4011.3715839142005
0.0,81,se_st2,10,False,-1,0.08373194121339048,0.87,233.6728165420589,467.34563308411276,1168.3640827103227,2336.6082491034535,3890.456340279545
0.0,82,se_st2,10,False,-1,0.13639284275165925,0.72,228.27998456847962,456.55996913695856,1141.399922842445,2282.799845684754,4025.6491351409163
0.0,83,se_st2,10,False,-1,0.2181450384195138,0.65,237.33081842971183,474.6616368594237,1186.6540921485653,2373.3081842971137,4665.877466435884
0.0,84,se_st2,10,False,-1,0.07715237247362107,0.84,241.10121372478574,482.2024274495723,1205.5060686239428,2398.604822457817,3786.2385567259325
0.0,85,se_st2,10,False,-1,0.09917837936474976,0.77,233.82517429094992,467.6503485819031,1169.1258714547616,2336.7761351804984,3968.4869598423074
0.0,86,se_st2,10,False,-1,0.032805583075020295,0.69,240.97416704641148,481.9483340928181,1204.870835232097,2227.3868544105217,2705.887234262529
0.0,87,se_st2,10,False,-1,0.058581419349719645,0.7,236.36272793232305,472.7254558646481,1166.5601392527185,2180.697659681544,3422.5662526272918
0.0,88,se_st2,10,False,-1,0.17238065723434925,0.67,230.52350360136623,461.0470072027338,1152.6175180067999,2264.977439882295,4116.169243999842
0.0,89,se_st2,10,False,-1,0.1459515929130178,0.74,236.7312205294208,473.46244105884426,1183.6561026471159,2361.4786024895025,4267.6253594124355
0.0,90,se_st2,10,False,-1,0.07490958298392209,0.67,232.50622859628257,465.0124571925593,1162.5311429814005,2301.657734800359,3924.216143353204
0.0,91,se_st2,10,False,-1,0.14232907779031,0.7,237.79107242122967,475.5821448424584,1188.955362106158,2342.415944322168,4150.250057049505
0.0,92,se_st2,10,False,-1,0.13789209799507277,0.73,239.90409863475574,479.80819726951665,1199.520493173785,2396.878074939924,4017.089158654586
0.0,93,se_st2,10,False,-1,0.09850986834922236,0.71,235.83720892732651,471.67441785465195,1179.1860446365972,2345.064113913616,3984.8396080373486
0.0,94,se_st2,10,False,-1,0.2153201381228845,0.67,231.48575729935288,462.97151459870605,1157.4287864967355,2314.8575729935383,4576.902825441884
0.0,95,se_st2,10,False,-1,0.05216102323059968,0.66,231.95560130334783,463.9112026066967,1159.7780065167103,2315.1611285861254,3861.703645702516
0.0,96,se_st2,10,False,-1,0.14541662142784922,0.68,234.8822100980494,469.7644201960984,1174.4110504902376,2348.8221009805607,4267.443039881147
0.0,97,se_st2,10,False,-1,0.03927557885854753,0.72,234.79932284951948,469.59864569903397,1173.9966142476183,2341.59672845066,3225.098610460351
0.0,98,se_st2,10,False,-1,0.14541425142758813,0.7,234.4641287467573,468.9282574935166,1172.3206437337992,2337.010335560308,4091.3439278950455
0.0,99,se_st2,10,False,-1,0.06296419792046083,0.63,235.23888492127284,470.477769842549,1176.1944246063492,2267.23176255112,3658.7567387845925
0.9,0,se_st2,10,False,-1,0.2516914160141988,0.68,251.69141601419818,503.38283202839983,1258.4570800710035,2516.9141601419005,5033.8283202837765
0.9,1,se_st2,10,False,-1,0.23365007040598446,0.7,233.65007040598366,467.3001408119666,1168.2503520299308,2336.5007040599176,4673.0014081200625
0.9,2,se_st2,10,False,-1,0.22059992754317811,0.67,220.5999275431787,441.19985508635284,1102.9996377158834,2205.999275431856,4411.998550863607
0.9,3,se_st2,10,False,-1,0.22825808964592495,0.7,228.25808964592497,456.5161792918498,1141.2904482296212,2282.580896459191,4565.161792918354
0.9,4,se_st2,10,False,-1,0.22822023578487363,0.59,228.22023578487335,456.4404715697423,1141.1011789243669,2282.2023578487624,4564.404715697497
0.9,5,se_st2,10,False,-1,0.2351257684204228,0.7,235.1257684204242,470.25153684084927,1175.6288421020868,2351.2576842041635,4702.515368408643
0.9,6,se_st2,10,False,-1,0.22801874088075566,0.66,228.018740880753,456.03748176150935,1140.093704403802,2280.1874088074956,4560.374817615019
0.9,7,se_st2,10,False,-1,0.2354158873035883,0.7,235.41588730358802,470.8317746071789,1177.07943651794,2354.158873035869,4708.317746072159
0.9,8,se_st2,10,False,-1,0.23946935689548537,0.69,239.4693568954865,478.93871379096976,1197.3467844774261,2394.693568954987,4789.387137910215
0.9,9,se_st2,10,False,-1,0.22949279099280545,0.7,229.492790992805,458.9855819856093,1147.4639549640274,2294.927909927981,4589.855819856075
0.9,10,se_st2,10,False,-1,0.24748120058215983,0.6,247.48120058215915,494.9624011643222,1237.4060029107945,2474.8120058215227,4949.624011643136
0.9,11,se_st2,10,False,-1,0.22709207715769292,0.66,227.09207715769338,454.18415431538847,1135.4603857884642,2270.92077157703,4541.841543154064
0.9,12,se_st2,10,False,-1,0.23491754450173571,0.7,234.91754450173562,469.8350890034762,1174.5877225086679,2349.175445017363,4698.3508900348215
0.9,13,se_st2,10,False,-1,0.23653762935148875,0.63,236.53762935148802,473.0752587029733,1182.6881467574715,2365.3762935149384,4730.752587029426
0.9,14,se_st2,10,False,-1,0.24794844866971544,0.75,247.9484486697164,495.89689733943624,1239.742243348578,2479.4844866970498,4958.968973394015
0.9,15,se_st2,10,False,-1,0.24019618984755414,0.79,240.19618984755388,480.39237969510356,1200.980949237785,2401.9618984755098,4803.923796950939
0.9,16,se_st2,10,False,-1,0.23245799883218812,0.65,232.45799883218854,464.9159976643721,1162.2899941609714,2324.579988321914,4649.1599766437475
0.9,17,se_st2,10,False,-1,0.24430937635919053,0.76,244.30937635918983,488.61875271838477,1221.5468817959766,2443.0937635918976,4886.187527183349
0.9,18,se_st2,10,False,-1,0.2400512163437433,0.8,240.05121634374348,480.10243268748735,1200.2560817187032,2400.512163437474,4801.024326875091
0.9,19,se_st2,10,False,-1,0.23115994755090047,0.84,231.15994755089915,462.3198951017966,1155.7997377545087,2311.599475509046,4623.198951018351
0.9,20,se_st2,10,False,-1,0.2497621681288793,0.86,249.76216812888063,499.52433625775205,1248.8108406443855,2497.621681288718,4995.243362577556
0.9,21,se_st2,10,False,-1,0.2299146711563574,0.92,229.91467115635788,459.82934231271486,1149.573355781787,2299.1467115636137,4598.293423126895
0.9,22,se_st2,10,False,-1,0.23138513480686004,0.92,231.38513480685972,462.7702696137223,1156.9256740343103,2313.851348068607,4627.702696137221
0.9,23,se_st2,10,False,-1,0.2274486861640686,0.94,227.44868616406788,454.897372328135,1137.2434308203376,2274.4868616405997,4548.973723281125
0.9,24,se_st2,10,False,-1,0.24332841650332024,0.94,243.32841650332085,486.65683300664654,1216.6420825165821,2433.2841650330806,4866.568330066067
0.9,25,se_st2,10,False,-1,0.2398452810660695,0.94,239.8452810660694,479.69056213213685,1199.2264053303209,2398.4528106606717,4796.905621321702
0.9,26,se_st2,10,False,-1,0.2438960086709409,0.96,243.89600867094228,487.7920173418814,1219.4800433547114,2438.96008670939,4877.920173419184
0.9,27,se_st2,10,False,-1,0.23278600638099856,1.0,232.78600638099817,465.57201276199777,1163.9300319050037,2327.8600638100143,4655.720127620147
0.9,28,se_st2,10,False,-1,0.2263601791146184,1.03,226.36017911461707,452.72035822923374,1131.8008955731011,2263.6017911461877,4527.2035822925445
0.9,29,se_st2,10,False,-1,0.2273652374668558,0.92,227.36523746685504,454.73047493371536,1136.8261873342688,2273.652374668458,4547.304749336844
0.9,30,se_st2,10,False,-1,0.23513868153206063,0.91,235.13868153206,470.27736306412316,1175.6934076602936,2351.386815320574,4702.773630641226
0.9,31,se_st2,10,False,-1,0.23440172694386335,0.91,234.40172694386374,468.8034538877244,1172.0086347193082,2344.017269438674,4688.034538877624
0.9,32,se_st2,10,False,-1,0.22643645129947298,0.87,226.43645129947373,452.8729025989455,1132.182256497376,2264.3645129947895,4528.729025989216
0.9,33,se_st2,10,False,-1,0.23297942268405775,0.93,232.9794226840577,465.95884536811394,1164.89711342031,2329.7942268406605,4659.5884536810945
0.9,34,se_st2,10,False,-1,0.23515529274175748,0.9,235.15529274175822,470.310585483516,1175.7764637087944,2351.5529274175565,4703.105854835123
0.9,35,se_st2,10,False,-1,0.22680461917130532,0.87,226.80461917130643,453.6092383426089,1134.0230958565242,2268.0461917131092,4536.092383426004
0.9,36,se_st2,10,False,-1,0.233971087446627,0.89,233.97108744662663,467.94217489325206,1169.8554372331291,2339.710874466329,4679.421748932893
0.9,37,se_st2,10,False,-1,0.2353885667218794,0.92,235.38856672187745,470.777133443765,1176.9428336094156,2353.8856672187844,4707.771334437513
0.9,38,se_st2,10,False,-1,0.24740854613713265,0.9,247.40854613713194,494.8170922742662,1237.0427306856782,2474.0854613713423,4948.170922742533
0.9,39,se_st2,10,False,-1,0.22824999660613862,0.91,228.24999660613938,456.4999932122785,1141.2499830306958,2282.4999660614026,4564.9999321226815
0.9,40,se_st2,10,False,-1,0.2387152565004081,0.85,238.71525650040752,477.43051300081527,1193.5762825020392,2387.1525650041262,4774.305130008561
0.9,41,se_st2,10,False,-1,0.2317306282663595,0.88,231.73062826635905,463.4612565327265,1158.6531413318382,2317.3062826636233,4634.612565326766
0.9,42,se_st2,10,False,-1,0.2268745060775072,0.94,226.87450607750765,453.7490121550097,1134.3725303875403,2268.745060775047,4537.490121550242
0.9,43,se_st2,10,False,-1,0.2369825975478605,0.89,236.98259754786034,473.9651950957166,1184.9129877392859,2369.8259754785345,4739.651950957451
0.9,44,se_st2,10,False,-1,0.2386597754370764,0.92,238.65977543707595,477.31955087414997,1193.2988771853916,2386.5977543708045,4773.195508741927
0.9,45,se_st2,10,False,-1,0.2391166039962698,0.9,239.1166039962698,478.2332079925414,1195.5830199813465,2391.1660399626735,4782.332079925373
0.9,46,se_st2,10,False,-1,0.23597173755952675,0.83,235.97173755952647,471.9434751190475,1179.8586877976545,2359.717375595273,4719.434751190316
0.9,47,se_st2,10,False,-1,0.24667449338689693,0.86,246.6744933868974,493.3489867737909,1233.3724669344595,2466.744933868916,4933.4898677380625
0.9,48,se_st2,10,False,-1,0.23241959537882098,0.87,232.41959537882178,464.8391907576449,1162.0979768940847,2324.195953788202,4648.3919075762415
0.9,49,se_st2,10,False,-1,0.23773694283728514,0.89,237.7369428372838,475.47388567457415,1188.6847141864628,2377.3694283729287,4754.738856745328
0.9,50,se_st2,10,False,-1,0.2333372890485993,0.87,233.33728904860013,466.67457809719764,1166.686445242963,2333.37289048591,4666.745780972112
0.9,51,se_st2,10,False,-1,0.23684798447234842,0.93,236.84798447234903,473.69596894470226,1184.2399223617037,2368.4798447234766,4736.959689446997
0.9,52,se_st2,10,False,-1,0.2276359078434599,0.92,227.63590784346007,455.27181568691844,1138.1795392173176,2276.359078434548,4552.718156869148
0.9,53,se_st2,10,False,-1,0.23589359887969358,0.92,235.89359887969343,471.787197759386,1179.4679943984893,2358.935988796954,4717.871977593879
0.9,54,se_st2,10,False,-1,0.2323934356634846,0.91,232.39343566348543,464.7868713269674,1161.9671783174153,2323.934356634979,4647.868713270315
0.9,55,se_st2,10,False,-1,0.2306947074650799,0.87,230.69470746507875,461.3894149301584,1153.4735373254152,2306.9470746508164,4613.894149301364
0.9,56,se_st2,10,False,-1,0.24148159234322292,0.86,241.48159234322222,482.96318468644483,1207.407961716117,2414.8159234322975,4829.631846864322
0.9,57,se_st2,10,False,-1,0.22831858323430318,0.87,228.31858323430475,456.6371664686067,1141.5929161715133,2283.185832342966,4566.371664686113
0.9,58,se_st2,10,False,-1,0.22939301029681058,0.91,229.39301029681044,458.7860205936218,1146.9650514840532,2293.9301029680914,4587.860205935994
0.9,59,se_st2,10,False,-1,0.2418566966266585,0.89,241.85669662665808,483.7133932533194,1209.2834831332962,2418.5669662666114,4837.133932533469
0.9,60,se_st2,10,False,-1,0.22765232525194012,0.85,227.65232525194116,455.3046505038847,1138.2616262597146,2276.523252519407,4553.046505038607
0.9,61,se_st2,10,False,-1,0.22578731149329417,0.88,225.78731149329394,451.5746229865906,1128.9365574664796,2257.8731149328887,4515.746229865729
0.9,62,se_st2,10,False,-1,0.2306711240717238,0.9,230.6711240717237,461.3422481434473,1153.3556203586234,2306.7112407171417,4613.422481433936
0.9,63,se_st2,10,False,-1,0.22589138350689547,0.85,225.89138350689515,451.7827670137921,1129.4569175344923,2258.9138350689977,4517.827670137862
0.9,64,se_st2,10,False,-1,0.22980890189531164,0.85,229.80890189531215,459.61780379061554,1149.0445094765557,2298.0890189532242,4596.178037906361
0.9,65,se_st2,10,False,-1,0.23577717197570694,0.91,235.77717197570726,471.554343951414,1178.8858598785544,2357.771719757029,4715.543439513813
0.9,66,se_st2,10,False,-1,0.24680860642736513,0.88,246.8086064273663,493.6172128547309,1234.0430321368303,2468.086064273564,4936.172128546804
0.9,67,se_st2,10,False,-1,0.23256945946057894,0.83,232.5694594605793,465.138918921154,1162.8472973029131,2325.69459460576,4651.389189211508
0.9,68,se_st2,10,False,-1,0.23443742939242315,0.93,234.43742939242335,468.874858784846,1172.1871469621246,2344.374293924181,4688.748587848053
0.9,69,se_st2,10,False,-1,0.23677972890880697,0.88,236.77972890880636,473.55945781761204,1183.8986445440385,2367.797289088133,4735.594578175913
0.9,70,se_st2,10,False,-1,0.23153307484797972,0.88,231.5330748479804,463.0661496959602,1157.6653742398823,2315.3307484797747,4630.6614969596385
0.9,71,se_st2,10,False,-1,0.2338594328986728,0.88,233.8594328986735,467.7188657973505,1169.2971644933386,2338.594328986712,4677.188657973731
0.9,72,se_st2,10,False,-1,0.23468567845097738,0.9,234.68567845097655,469.3713569019556,1173.4283922548884,2346.85678450972,4693.713569019657
0.9,73,se_st2,10,False,-1,0.2432486890780873,0.86,243.24868907808602,486.4973781561754,1216.243445390419,2432.4868907808063,4864.973781562054
0.9,74,se_st2,10,False,-1,0.2453949618913522,0.92,245.3949618913526,490.7899237826999,1226.9748094567813,2453.9496189135893,4907.899237827041
0.9,75,se_st2,10,False,-1,0.24281145547288668,0.87,242.811455472887,485.62291094577387,1214.0572773644158,2428.11455472887,4856.22910945787
0.9,76,se_st2,10,False,-1,0.22768772207078183,0.87,227.68772207078334,455.3754441415642,1138.4386103539148,2276.877220707827,4553.754441415412
0.9,77,se_st2,10,False,-1,0.22443297781914787,0.92,224.43297781914868,448.8659556382931,1122.1648890957263,2244.329778191451,4488.6595563830915
0.9,78,se_st2,10,False,-1,0.23659403213130356,0.87,236.59403213130426,473.18806426260556,1182.970160656502,2365.9403213129754,4731.880642626043
0.9,79,se_st2,10,False,-1,0.23524563210160096,0.88,235.2456321015995,470.49126420319715,1176.2281605080125,2352.456321016134,4704.912642032132
0.9,80,se_st2,10,False,-1,0.2269516404768217,0.87,226.95164047682215,453.9032809536484,1134.758202384109,2269.5164047683365,4539.032809536431
0.9,81,se_st2,10,False,-1,0.23367281654205965,0.87,233.6728165420589,467.34563308411276,1168.3640827103227,2336.728165420702,4673.456330841526
0.9,82,se_st2,10,False,-1,0.22827998456848003,0.91,228.27998456847962,456.55996913695856,1141.399922842445,2282.799845684754,4565.599691369105
0.9,83,se_st2,10,False,-1,0.237330818429712,0.87,237.33081842971183,474.6616368594237,1186.6540921485653,2373.3081842971137,4746.6163685940755
0.9,84,se_st2,10,False,-1,0.24110121372478596,0.84,241.10121372478574,482.2024274495723,1205.5060686239428,2411.012137247957,4822.024274495874
0.9,85,se_st2,10,False,-1,0.2338251742909506,0.9,233.82517429094992,467.6503485819031,1169.1258714547616,2338.251742909556,4676.503485819064
0.9,86,se_st2,10,False,-1,0.24097416704641123,0.85,240.97416704641148,481.9483340928181,1204.870835232097,2409.7416704643106,4819.483340928329
0.9,87,se_st2,10,False,-1,0.2363627279323231,0.84,236.36272793232305,472.7254558646481,1181.8136396616012,2363.6272793232033,4727.254558646363
0.9,88,se_st2,10,False,-1,0.2305235036013656,0.82,230.52350360136623,461.0470072027338,1152.6175180067999,2305.2350360136343,4610.470072027335
0.9,89,se_st2,10,False,-1,0.2367312205294215,0.8,236.7312205294208,473.46244105884426,1183.6561026471159,2367.3122052942576,4734.624410588412
0.9,90,se_st2,10,False,-1,0.23250622859628184,0.85,232.50622859628257,465.0124571925593,1162.5311429814005,2325.062285962866,4650.124571925838
0.9,91,se_st2,10,False,-1,0.2377910724212311,0.84,237.79107242122967,475.5821448424584,1188.955362106158,2377.9107242123405,4755.821448424652
0.9,92,se_st2,10,False,-1,0.23990409863475762,0.79,239.90409863475574,479.80819726951665,1199.520493173785,2399.0409863475866,4798.081972695303
0.9,93,se_st2,10,False,-1,0.23583720892732704,0.87,235.83720892732651,471.67441785465195,1179.1860446365972,2358.3720892733095,4716.7441785467245
0.9,94,se_st2,10,False,-1,0.23148575729935333,0.8,231.48575729935288,462.97151459870605,1157.4287864967355,2314.8575729935383,4629.715145987124
0.9,95,se_st2,10,False,-1,0.2319556013033477,0.85,231.95560130334783,463.9112026066967,1159.7780065167103,2319.556013033495,4639.112026067111
0.9,96,se_st2,10,False,-1,0.23488221009804985,0.84,234.8822100980494,469.7644201960984,1174.4110504902376,2348.8221009805607,4697.644201960938
0.9,97,se_st2,10,False,-1,0.23479932284952007,0.83,234.79932284951948,469.59864569903397,1173.9966142476183,2347.993228495217,4695.986456990269
0.9,98,se_st2,10,False,-1,0.23446412874675832,0.82,234.4641287467573,468.9282574935166,1172.3206437337992,2344.64128746758,4689.282574935123
0.9,99,se_st2,10,False,-1,0.23523888492127443,0.78,235.23888492127284,470.477769842549,1176.1944246063492,2352.3888492127003,4704.777698425712
0.97,0,se_st2,10,False,-1,0.2516914160141988,0.83,251.69141601419818,503.38283202839983,1258.4570800710035,2516.9141601419005,5033.8283202837765
0.97,1,se_st2,10,False,-1,0.23365007040598446,0.85,233.65007040598366,467.3001408119666,1168.2503520299308,2336.5007040599176,4673.0014081200625
0.97,2,se_st2,10,False,-1,0.22059992754317811,0.87,220.5999275431787,441.19985508635284,1102.9996377158834,2205.999275431856,4411.998550863607
0.97,3,se_st2,10,False,-1,0.22825808964592495,0.82,228.25808964592497,456.5161792918498,1141.2904482296212,2282.580896459191,4565.161792918354
0.97,4,se_st2,10,False,-1,0.22822023578487363,0.88,228.22023578487335,456.4404715697423,1141.1011789243669,2282.2023578487624,4564.404715697497
0.97,5,se_st2,10,False,-1,0.2351257684204228,0.82,235.1257684204242,470.25153684084927,1175.6288421020868,2351.2576842041635,4702.515368408643
0.97,6,se_st2,10,False,-1,0.22801874088075566,0.77,228.018740880753,456.03748176150935,1140.093704403802,2280.1874088074956,4560.374817615019
0.97,7,se_st2,10,False,-1,0.2354158873035883,0.89,235.41588730358802,470.8317746071789,1177.07943651794,2354.158873035869,4708.317746072159
0.97,8,se_st2,10,False,-1,0.23946935689548537,0.83,239.4693568954865,478.93871379096976,1197.3467844774261,2394.693568954987,4789.387137910215
0.97,9,se_st2,10,False,-1,0.22949279099280545,0.83,229.492790992805,458.9855819856093,1147.4639549640274,2294.927909927981,4589.855819856075
0.97,10,se_st2,10,False,-1,0.24748120058215983,0.79,247.48120058215915,494.9624011643222,1237.4060029107945,2474.8120058215227,4949.624011643136
0.97,11,se_st2,10,False,-1,0.22709207715769292,0.86,227.09207715769338,454.18415431538847,1135.4603857884642,2270.92077157703,4541.841543154064
0.97,12,se_st2,10,False,-1,0.23491754450173571,0.84,234.91754450173562,469.8350890034762,1174.5877225086679,2349.175445017363,4698.3508900348215
0.97,13,se_st2,10,False,-1,0.23653762935148875,0.84,236.53762935148802,473.0752587029733,1182.6881467574715,2365.3762935149384,4730.752587029426
0.97,14,se_st2,10,False,-1,0.24794844866971544,0.84,247.9484486697164,495.89689733943624,1239.742243348578,2479.4844866970498,4958.968973394015
0.97,15,se_st2,10,False,-1,0.24019618984755414,0.81,240.19618984755388,480.39237969510356,1200.980949237785,2401.9618984755098,4803.923796950939
0.97,16,se_st2,10,False,-1,0.23245799883218812,0.86,232.45799883218854,464.9159976643721,1162.2899941609714,2324.579988321914,4649.1599766437475
0.97,17,se_st2,10,False,-1,0.24430937635919053,0.89,244.30937635918983,488.61875271838477,1221.5468817959766,2443.0937635918976,4886.187527183349
0.97,18,se_st2,10,False,-1,0.2400512163437433,0.8,240.05121634374348,480.10243268748735,1200.2560817187032,2400.512163437474,4801.024326875091
0.97,19,se_st2,10,False,-1,0.23115994755090047,0.85,231.15994755089915,462.3198951017966,1155.7997377545087,2311.599475509046,4623.198951018351
0.97,20,se_st2,10,False,-1,0.2497621681288793,0.9,249.76216812888063,499.52433625775205,1248.8108406443855,2497.621681288718,4995.243362577556
0.97,21,se_st2,10,False,-1,0.2299146711563574,0.78,229.91467115635788,459.82934231271486,1149.573355781787,2299.1467115636137,4598.293423126895
0.97,22,se_st2,10,False,-1,0.23138513480686004,0.82,231.38513480685972,462.7702696137223,1156.9256740343103,2313.851348068607,4627.702696137221
0.97,23,se_st2,10,False,-1,0.2274486861640686,0.79,227.44868616406788,454.897372328135,1137.2434308203376,2274.4868616405997,4548.973723281125
0.97,24,se_st2,10,False,-1,0.24332841650332024,0.78,243.32841650332085,486.65683300664654,1216.6420825165821,2433.2841650330806,4866.568330066067
0.97,25,se_st2,10,False,-1,0.2398452810660695,0.84,239.8452810660694,479.69056213213685,1199.2264053303209,2398.4528106606717,4796.905621321702
0.97,26,se_st2,10,False,-1,0.2438960086709409,0.89,243.89600867094228,487.7920173418814,1219.4800433547114,2438.96008670939,4877.920173419184
0.97,27,se_st2,10,False,-1,0.23278600638099856,0.8,232.78600638099817,465.57201276199777,1163.9300319050037,2327.8600638100143,4655.720127620147
0.97,28,se_st2,10,False,-1,0.2263601791146184,0.79,226.36017911461707,452.72035822923374,1131.8008955731011,2263.6017911461877,4527.2035822925445
0.97,29,se_st2,10,False,-1,0.2273652374668558,0.8,227.36523746685504,454.73047493371536,1136.8261873342688,2273.652374668458,4547.304749336844
0.97,30,se_st2,10,False,-1,0.23513868153206063,0.86,235.13868153206,470.27736306412316,1175.6934076602936,2351.386815320574,4702.773630641226
0.97,31,se_st2,10,False,-1,0.23440172694386335,0.85,234.40172694386374,468.8034538877244,1172.0086347193082,2344.017269438674,4688.034538877624
0.97,32,se_st2,10,False,-1,0.22643645129947298,0.81,226.43645129947373,452.8729025989455,1132.182256497376,2264.3645129947895,4528.729025989216
0.97,33,se_st2,10,False,-1,0.23297942268405775,0.82,232.9794226840577,465.95884536811394,1164.89711342031,2329.7942268406605,4659.5884536810945
0.97,34,se_st2,10,False,-1,0.23515529274175748,0.85,235.15529274175822,470.310585483516,1175.7764637087944,2351.5529274175565,4703.105854835123
0.97,35,se_st2,10,False,-1,0.22680461917130532,0.79,226.80461917130643,453.6092383426089,1134.0230958565242,2268.0461917131092,4536.092383426004
0.97,36,se_st2,10,False,-1,0.233971087446627,0.79,233.97108744662663,467.94217489325206,1169.8554372331291,2339.710874466329,4679.421748932893
0.97,37,se_st2,10,False,-1,0.2353885667218794,0.86,235.38856672187745,470.777133443765,1176.9428336094156,2353.8856672187844,4707.771334437513
0.97,38,se_st2,10,False,-1,0.24740854613713265,0.81,247.40854613713194,494.8170922742662,1237.0427306856782,2474.0854613713423,4948.170922742533
0.97,39,se_st2,10,False,-1,0.22824999660613862,0.83,228.24999660613938,456.4999932122785,1141.2499830306958,2282.4999660614026,4564.9999321226815
0.97,40,se_st2,10,False,-1,0.2387152565004081,0.84,238.71525650040752,477.43051300081527,1193.5762825020392,2387.1525650041262,4774.305130008561
0.97,41,se_st2,10,False,-1,0.2317306282663595,0.82,231.73062826635905,463.4612565327265,1158.6531413318382,2317.3062826636233,4634.612565326766
0.97,42,se_st2,10,False,-1,0.2268745060775072,0.82,226.87450607750765,453.7490121550097,1134.3725303875403,2268.745060775047,4537.490121550242
0.97,43,se_st2,10,False,-1,0.2369825975478605,0.8,236.98259754786034,473.9651950957166,1184.9129877392859,2369.8259754785345,4739.651950957451
0.97,44,se_st2,10,False,-1,0.2386597754370764,0.82,238.65977543707595,477.31955087414997,1193.2988771853916,2386.5977543708045,4773.195508741927
0.97,45,se_st2,10,False,-1,0.2391166039962698,0.81,239.1166039962698,478.2332079925414,1195.5830199813465,2391.1660399626735,4782.332079925373
0.97,46,se_st2,10,False,-1,0.23597173755952675,0.83,235.97173755952647,471.9434751190475,1179.8586877976545,2359.717375595273,4719.434751190316
0.97,47,se_st2,10,False,-1,0.24667449338689693,0.88,246.6744933868974,493.3489867737909,1233.3724669344595,2466.744933868916,4933.4898677380625
0.97,48,se_st2,10,False,-1,0.23241959537882098,0.79,232.41959537882178,464.8391907576449,1162.0979768940847,2324.195953788202,4648.3919075762415
0.97,49,se_st2,10,False,-1,0.23773694283728514,0.82,237.7369428372838,475.47388567457415,1188.6847141864628,2377.3694283729287,4754.738856745328
0.97,50,se_st2,10,False,-1,0.2333372890485993,0.86,233.33728904860013,466.67457809719764,1166.686445242963,2333.37289048591,4666.745780972112
0.97,51,se_st2,10,False,-1,0.23684798447234842,0.89,236.84798447234903,473.69596894470226,1184.2399223617037,2368.4798447234766,4736.959689446997
0.97,52,se_st2,10,False,-1,0.2276359078434599,0.84,227.63590784346007,455.27181568691844,1138.1795392173176,2276.359078434548,4552.718156869148
0.97,53,se_st2,10,False,-1,0.23589359887969358,0.81,235.89359887969343,471.787197759386,1179.4679943984893,2358.935988796954,4717.871977593879
0.97,54,se_st2,10,False,-1,0.2323934356634846,0.81,232.39343566348543,464.7868713269674,1161.9671783174153,2323.934356634979,4647.868713270315
0.97,55,se_st2,10,False,-1,0.2306947074650799,0.89,230.69470746507875,461.3894149301584,1153.4735373254152,2306.9470746508164,4613.894149301364
0.97,56,se_st2,10,False,-1,0.24148159234322292,0.93,241.48159234322222,482.96318468644483,1207.407961716117,2414.8159234322975,4829.631846864322
0.97,57,se_st2,10,False,-1,0.22831858323430318,0.84,228.31858323430475,456.6371664686067,1141.5929161715133,2283.185832342966,4566.371664686113
0.97,58,se_st2,10,False,-1,0.22939301029681058,0.87,229.39301029681044,458.7860205936218,1146.9650514840532,2293.9301029680914,4587.860205935994
0.97,59,se_st2,10,False,-1,0.2418566966266585,0.94,241.85669662665808,483.7133932533194,1209.2834831332962,2418.5669662666114,4837.133932533469
0.97,60,se_st2,10,False,-1,0.22765232525194012,0.91,227.65232525194116,455.3046505038847,1138.2616262597146,2276.523252519407,4553.046505038607
0.97,61,se_st2,10,False,-1,0.22578731149329417,0.9,225.78731149329394,451.5746229865906,1128.9365574664796,2257.8731149328887,4515.746229865729
0.97,62,se_st2,10,False,-1,0.2306711240717238,0.88,230.6711240717237,461.3422481434473,1153.3556203586234,2306.7112407171417,4613.422481433936
0.97,63,se_st2,10,False,-1,0.22589138350689547,0.89,225.89138350689515,451.7827670137921,1129.4569175344923,2258.9138350689977,4517.827670137862
0.97,64,se_st2,10,False,-1,0.22980890189531164,0.89,229.80890189531215,459.61780379061554,1149.0445094765557,2298.0890189532242,4596.178037906361
0.97,65,se_st2,10,False,-1,0.23577717197570694,0.88,235.77717197570726,471.554343951414,1178.8858598785544,2357.771719757029,4715.543439513813
0.97,66,se_st2,10,False,-1,0.24680860642736513,0.87,246.8086064273663,493.6172128547309,1234.0430321368303,2468.086064273564,4936.172128546804
0.97,67,se_st2,10,False,-1,0.23256945946057894,0.94,232.5694594605793,465.138918921154,1162.8472973029131,2325.69459460576,4651.389189211508
0.97,68,se_st2,10,False,-1,0.23443742939242315,0.89,234.43742939242335,468.874858784846,1172.1871469621246,2344.374293924181,4688.748587848053
0.97,69,se_st2,10,False,-1,0.23677972890880697,0.91,236.77972890880636,473.55945781761204,1183.8986445440385,2367.797289088133,4735.594578175913
0.97,70,se_st2,10,False,-1,0.23153307484797972,0.85,231.5330748479804,463.0661496959602,1157.6653742398823,2315.3307484797747,4630.6614969596385
0.97,71,se_st2,10,False,-1,0.2338594328986728,0.86,233.8594328986735,467.7188657973505,1169.2971644933386,2338.594328986712,4677.188657973731
0.97,72,se_st2,10,False,-1,0.23468567845097738,0.91,234.68567845097655,469.3713569019556,1173.4283922548884,2346.85678450972,4693.713569019657
0.97,73,se_st2,10,False,-1,0.2432486890780873,0.94,243.24868907808602,486.4973781561754,1216.243445390419,2432.4868907808063,4864.973781562054
0.97,74,se_st2,10,False,-1,0.2453949618913522,0.88,245.3949618913526,490.7899237826999,1226.9748094567813,2453.9496189135893,4907.899237827041
0.97,75,se_st2,10,False,-1,0.24281145547288668,0.9,242.811455472887,485.62291094577387,1214.0572773644158,2428.11455472887,4856.22910945787
0.97,76,se_st2,10,False,-1,0.22768772207078183,0.88,227.68772207078334,455.3754441415642,1138.4386103539148,2276.877220707827,4553.754441415412
0.97,77,se_st2,10,False,-1,0.22443297781914787,0.92,224.43297781914868,448.8659556382931,1122.1648890957263,2244.329778191451,4488.6595563830915
0.97,78,se_st2,10,False,-1,0.23659403213130356,0.86,236.59403213130426,473.18806426260556,1182.970160656502,2365.9403213129754,4731.880642626043
0.97,79,se_st2,10,False,-1,0.23524563210160096,0.89,235.2456321015995,470.49126420319715,1176.2281605080125,2352.456321016134,4704.912642032132
0.97,80,se_st2,10,False,-1,0.2269516404768217,0.93,226.95164047682215,453.9032809536484,1134.758202384109,2269.5164047683365,4539.032809536431
0.97,81,se_st2,10,False,-1,0.23367281654205965,0.93,233.6728165420589,467.34563308411276,1168.3640827103227,2336.728165420702,4673.456330841526
0.97,82,se_st2,10,False,-1,0.22827998456848003,0.95,228.27998456847962,456.55996913695856,1141.399922842445,2282.799845684754,4565.599691369105
0.97,83,se_st2,10,False,-1,0.237330818429712,0.93,237.33081842971183,474.6616368594237,1186.6540921485653,2373.3081842971137,4746.6163685940755
0.97,84,se_st2,10,False,-1,0.24110121372478596,0.87,241.10121372478574,482.2024274495723,1205.5060686239428,2411.012137247957,4822.024274495874
0.97,85,se_st2,10,False,-1,0.2338251742909506,0.9,233.82517429094992,467.6503485819031,1169.1258714547616,2338.251742909556,4676.503485819064
0.97,86,se_st2,10,False,-1,0.24097416704641123,0.88,240.97416704641148,481.9483340928181,1204.870835232097,2409.7416704643106,4819.483340928329
0.97,87,se_st2,10,False,-1,0.2363627279323231,0.88,236.36272793232305,472.7254558646481,1181.8136396616012,2363.6272793232033,4727.254558646363
0.97,88,se_st2,10,False,-1,0.2305235036013656,0.92,230.52350360136623,461.0470072027338,1152.6175180067999,2305.2350360136343,4610.470072027335
0.97,89,se_st2,10,False,-1,0.2367312205294215,0.92,236.7312205294208,473.46244105884426,1183.6561026471159,2367.3122052942576,4734.624410588412
0.97,90,se_st2,10,False,-1,0.23250622859628184,0.86,232.50622859628257,465.0124571925593,1162.5311429814005,2325.062285962866,4650.124571925838
0.97,91,se_st2,10,False,-1,0.2377910724212311,0.88,237.79107242122967,475.5821448424584,1188.955362106158,2377.9107242123405,4755.821448424652
0.97,92,se_st2,10,False,-1,0.23990409863475762,0.87,239.90409863475574,479.80819726951665,1199.520493173785,2399.0409863475866,4798.081972695303
0.97,93,se_st2,10,False,-1,0.23583720892732704,0.88,235.83720892732651,471.67441785465195,1179.1860446365972,2358.3720892733095,4716.7441785467245
0.97,94,se_st2,10,False,-1,0.23148575729935333,0.89,231.48575729935288,462.97151459870605,1157.4287864967355,2314.8575729935383,4629.715145987124
0.97,95,se_st2,10,False,-1,0.2319556013033477,0.94,231.95560130334783,463.9112026066967,1159.7780065167103,2319.556013033495,4639.112026067111
0.97,96,se_st2,10,False,-1,0.23488221009804985,0.95,234.8822100980494,469.7644201960984,1174.4110504902376,2348.8221009805607,4697.644201960938
0.97,97,se_st2,10,False,-1,0.23479932284952007,0.84,234.79932284951948,469.59864569903397,1173.9966142476183,2347.993228495217,4695.986456990269
0.97,98,se_st2,10,False,-1,0.23446412874675832,0.92,234.4641287467573,468.9282574935166,1172.3206437337992,2344.64128746758,4689.282574935123
0.97,99,se_st2,10,False,-1,0.23523888492127443,0.87,235.23888492127284,470.477769842549,1176.1944246063492,2352.3888492127003,4704.777698425712
0.0,0,se_st2,25,False,-1,0.13307907321651202,0.64,251.69141601419855,503.38283202839983,1258.457080071,2479.515570662996,4337.917005344537
0.0,1,se_st2,25,False,-1,0.11723419143303752,0.64,233.65007040598408,467.3001408119674,1168.2503520299306,2335.8877620952626,3885.42066570501
0.0,2,se_st2,25,False,-1,0.12181356950071892,0.67,220.59992754317892,441.19985508635256,1102.9996377158889,2202.130464945626,3880.9420311854274
0.0,3,se_st2,25,False,-1,0.08880582267588721,0.66,228.2580896459254,456.51617929185,1141.2904482296217,2266.736550607096,3646.5227861643493
0.0,4,se_st2,25,False,-1,0.15541386107199953,0.61,228.2202357848728,456.44047156974244,1141.1011789243662,2279.080771357018,4136.230197462717
0.0,5,se_st2,25,False,-1,0.19524483621543698,0.67,235.12576842042455,470.25153684084944,1175.6288421020868,2339.5960224579726,4445.265526105011
0.0,6,se_st2,25,False,-1,0.05615759578236309,0.57,228.0187408807528,456.03748176151043,1140.0937044038,2261.7275228727062,3678.381059639559
0.0,7,se_st2,25,False,-1,0.09415514984175972,0.64,235.41588730358765,470.8317746071779,1177.0794365179393,2219.9283988287016,3471.7871916676836
0.0,8,se_st2,25,False,-1,0.17177296675148995,0.68,239.4693568954869,478.93871379096987,1197.3467844774289,2391.6340735071417,4515.764330429632
0.0,9,se_st2,25,False,-1,0.021196351407375948,0.59,229.4927909928054,458.9855819856103,1147.4639549640283,2231.234404279453,3050.8900726586285
0.0,10,se_st2,25,False,-1,0.15889838854712288,0.58,247.4812005821598,494.9624011643224,1237.4060029107911,2449.9550152353518,4421.523886138103
0.0,11,se_st2,25,False,-1,0.13350941365944166,0.64,227.09207715769367,454.18415431538904,1135.4603857884695,2270.48107940778,4000.4051684176443
0.0,12,se_st2,25,False,-1,0.12808691838361025,0.62,234.91754450173588,469.835089003476,1174.5877225086695,2324.9698164187203,4039.2653598885795
0.0,13,se_st2,25,False,-1,0.17990980383175015,0.59,236.53762935148748,473.0752587029724,1182.6881467574676,2365.376293514937,4328.234629484329
0.0,14,se_st2,25,False,-1,0.07038625732395451,0.6,247.9484486697161,495.89689733943635,1220.432068578011,1978.6147584586124,2682.477331697961
0.0,15,se_st2,25,False,-1,0.10621807770638188,0.57,240.19618984755394,480.39237969510384,1200.980949237784,2390.1268993594545,4316.18927906806
0.0,16,se_st2,25,False,-1,0.04095672696248113,0.62,232.4579988321886,464.9159976643732,1162.2899941609717,2299.646797025611,3047.835673019728
0.0,17,se_st2,25,False,-1,0.1586111385204349,0.59,244.30937635918963,488.6187527183845,1221.5468817959775,2426.330171933391,4243.302434147095
0.0,18,se_st2,25,False,-1,0.14812503909179053,0.6,240.0512163437436,480.1024326874883,1200.2560817187077,2374.4604618931007,4121.008461039422
0.0,19,se_st2,25,False,-1,0.054473454841426704,0.61,231.15994755089895,462.31989510179596,1155.799737754513,2190.42349298737,3240.389158958951
0.0,20,se_st2,25,False,-1,0.14015070405212912,0.61,249.76216812888072,499.52433625775166,1248.8108406443862,2497.621681288711,4271.608250998127
0.0,21,se_st2,25,False,-1,0.1726270290654157,0.62,229.91467115635808,459.82934231271463,1149.5733557817857,2299.1467115636106,4302.3530583540505
0.0,22,se_st2,25,False,-1,0.11095050911277392,0.59,231.38513480685975,462.7702696137229,1156.9256740343076,2289.3104960924984,3903.230220656833
0.0,23,se_st2,25,False,-1,0.19354779969157063,0.66,227.44868616406873,454.8973723281362,1137.2434308203328,2269.5922807121187,4387.204131329089
0.0,24,se_st2,25,False,-1,0.1506656089071888,0.59,243.32841650332102,486.6568330066464,1216.642082516584,2396.325304713228,4167.0864687355115
0.0,25,se_st2,25,False,-1,0.1640650678205482,0.6,239.8452810660692,479.6905621321364,1199.2264053303256,2386.150188034146,4375.736119054234
0.0,26,se_st2,25,False,-1,0.14502681632648487,0.61,243.89600867094126,487.79201734188024,1219.4800433547102,2438.9600867093936,4349.316194348569
0.0,27,se_st2,25,False,-1,0.03560507749871299,0.58,232.78600638099778,465.57201276199834,1163.930031905004,2319.884238620914,3403.4211766562566
0.0,28,se_st2,25,False,-1,0.10644848844904299,0.59,226.36017911461732,452.72035822923385,1131.8008955730988,2242.3649839856653,4041.2529236656
0.0,29,se_st2,25,False,-1,0.18304339056829128,0.57,227.36523746685512,454.73047493371416,1136.826187334266,2267.9297993482974,4290.7967857829535
0.0,30,se_st2,25,False,-1,0.11710155978780329,0.6,235.1386815320605,470.2773630641223,1175.6934076602936,2351.3868153205694,4049.088144351157
0.0,31,se_st2,25,False,-1,0.06865422243035019,0.62,234.40172694386393,468.80345388772486,1172.008634719316,2181.6686337773544,3549.6521075048972
0.0,32,se_st2,25,False,-1,0.13798089945847353,0.6,226.4364512994741,452.8729025989445,1132.182256497374,2213.025755328556,3882.630957036008
0.0,33,se_st2,25,False,-1,0.03874143286192623,0.63,232.97942268405743,465.95884536811303,1164.897113420306,2205.8933396459583,3141.1158702578537
0.0,34,se_st2,25,False,-1,0.10910604161546984,0.6,235.15529274175796,470.31058548351587,1175.7764637087946,2351.5529274175606,3916.506351334965
0.0,35,se_st2,25,False,-1,0.07375976370678512,0.59,226.80461917130629,453.6092383426088,1134.02309585653,2033.333479928352,2989.1222788249693
0.0,36,se_st2,25,False,-1,0.1550517952266316,0.67,233.97108744662634,467.94217489325206,1169.8554372331278,2338.041240998299,4339.787445531234
0.0,37,se_st2,25,False,-1,0.12993832924560259,0.6,235.3885667218779,470.77713344376474,1176.9428336094174,2353.885667218777,4376.978373770384
0.0,38,se_st2,25,False,-1,0.07927928536555519,0.61,247.40854613713202,494.81709227426586,1237.0427306856764,2379.6927900047895,3703.3605986894845
0.0,39,se_st2,25,False,-1,0.08294104222773212,0.62,228.24999660613915,456.4999932122777,1141.2499830306954,2261.02942429719,3540.9234478856756
0.0,40,se_st2,25,False,-1,0.16928686025289455,0.64,238.7152565004074,477.43051300081595,1193.5762825020374,2387.1525650041217,4481.1961065209325
0.0,41,se_st2,25,False,-1,0.1544509549100009,0.63,231.7306282663584,463.461256532727,1158.653141331841,2299.792755889645,4044.370793215832
0.0,42,se_st2,25,False,-1,0.11738512478070566,0.58,226.8745060775072,453.74901215500915,1134.372530387539,2257.4755444159523,3865.6490053446037
0.0,43,se_st2,25,False,-1,0.13963953737388543,0.57,236.982597547861,473.96519509571624,1184.9129877392804,2346.6744681888335,4136.806585610777
0.0,44,se_st2,25,False,-1,0.03460846588489837,0.6,238.65977543707587,477.3195508741485,1193.2988771853877,2370.5515157341924,3441.3472246086744
0.0,45,se_st2,25,False,-1,0.1452390238831593,0.63,239.11660399626956,478.23320799254043,1195.5830199813456,2391.166039962678,4173.364889699411
0.0,46,se_st2,25,False,-1,0.08312004494342685,0.61,235.9717375595262,471.94347511904607,1179.8586877976543,2359.7173755952763,3926.551508409805
0.0,47,se_st2,25,False,-1,0.05801638059755926,0.55,246.674493386898,493.3489867737917,1233.3724669344635,2465.572627078808,3586.001722405803
0.0,48,se_st2,25,False,-1,0.047135764152218186,0.62,232.4195953788219,464.83919075764453,1162.0979768940917,2249.1661560475864,3092.179622753095
0.0,49,se_st2,25,False,-1,0.1705155771520214,0.59,237.7369428372841,475.4738856745724,1188.6847141864585,2377.3694283729305,4452.793971134822
0.0,50,se_st2,25,False,-1,0.19018724731501607,0.57,233.33728904860007,466.6745780971976,1166.6864452429647,2333.3728904859186,4481.602596223547
0.0,51,se_st2,25,False,-1,0.12584383791138978,0.58,236.84798447234866,473.69596894470175,1184.2399223616967,2362.3865617953447,4173.637812639195
0.0,52,se_st2,25,False,-1,0.07393666587851316,0.59,227.63590784346033,455.2718156869183,1138.179539217317,2268.375045223224,3456.8898127069765
0.0,53,se_st2,25,False,-1,0.10007663642688706,0.54,235.8935988796932,471.7871977593857,1179.4679943984868,2312.8354218846703,4002.9475449932697
0.0,54,se_st2,25,False,-1,0.1700710963603596,0.56,232.3934356634852,464.78687132696746,1161.967178317416,2323.9343566349808,4243.455213585458
0.0,55,se_st2,25,False,-1,0.026228090398731283,0.55,230.69470746507946,461.3894149301595,1149.946455681829,2129.1023300518827,3422.262618602356
0.0,56,se_st2,25,False,-1,0.15815821451270437,0.54,241.48159234322242,482.96318468644535,1207.4079617161167,2414.815923432296,4525.564199034301
0.0,57,se_st2,25,False,-1,0.11989400179854649,0.54,228.31858323430438,456.6371664686081,1141.592916171512,2266.7678393390497,3934.3164183373938
0.0,58,se_st2,25,False,-1,0.055839604180287127,0.56,229.39301029681047,458.78602059362095,1146.965051484051,2279.16740263595,3753.2923187160704
0.0,59,se_st2,25,False,-1,0.14449996112902436,0.54,241.85669662665782,483.71339325331985,1209.2834831332975,2418.566966266613,4367.6089016515125
0.0,60,se_st2,25,False,-1,0.19532918308768088,0.57,227.65232525194082,455.30465050388545,1138.2616262597144,2246.635630874591,4383.78645599916
0.0,61,se_st2,25,False,-1,0.13682687866732973,0.55,225.7873114932938,451.57462298659004,1128.936557466482,2179.8797361346574,3806.27291910898
0.0,62,se_st2,25,False,-1,0.20753206931926566,0.54,230.67112407172394,461.34224814344736,1153.3556203586224,2306.7112407171417,4533.990858415441
0.0,63,se_st2,25,False,-1,0.0848387634883232,0.55,225.891383506895,451.7827670137917,1129.4569175344895,2217.5382388191883,3588.712638084346
0.0,64,se_st2,25,False,-1,0.16244345625388235,0.54,229.80890189531186,459.6178037906154,1149.0445094765564,2269.901526965913,4040.7806203782175
0.0,65,se_st2,25,False,-1,0.15895120779465813,0.57,235.77717197570797,471.55434395141333,1178.8858598785494,2357.771719757021,4359.892007223208
0.0,66,se_st2,25,False,-1,0.09684083479174087,0.54,246.80860642736653,493.6172128547312,1234.043032136836,2059.4569495410865,3241.921383272259
0.0,67,se_st2,25,False,-1,0.1273934252549948,0.53,232.56945946057937,465.13891892115436,1162.8472973029159,2325.892989698725,3741.39421716015
0.0,68,se_st2,25,False,-1,0.06634981429514494,0.49,234.43742939242364,468.87485878484557,1172.1871469621267,2343.7691848582535,3833.8423269966843
0.0,69,se_st2,25,False,-1,0.13149311597362998,0.48,236.77972890880622,473.55945781761193,1184.1862168899038,2263.7527895831054,3771.5087346453797
0.0,70,se_st2,25,False,-1,0.08108021702965025,0.51,231.53307484798043,463.0661496959601,1157.6653742398792,2286.943894886954,3774.152701135713
0.0,71,se_st2,25,False,-1,0.05950012431349585,0.49,233.85943289867305,467.71886579735104,1169.2971644933386,2194.785372634312,2982.442742082282
0.0,72,se_st2,25,False,-1,0.0737034475013827,0.52,234.6856784509768,469.37135690195555,1173.4283922548846,2327.333027137821,3982.8577689972926
0.0,73,se_st2,25,False,-1,0.04666768829667425,0.52,243.24868907808678,486.4973781561761,1216.2434453904198,2429.282166070105,3881.8283176993064
0.0,74,se_st2,25,False,-1,0.12356346106041277,0.51,245.39496189135207,490.7899237826993,1226.9748094567813,2453.949618913591,4091.054483640246
0.0,75,se_st2,25,False,-1,0.18616182430952113,0.51,242.81145547288673,485.6229109457733,1214.0572773644108,2428.1145547288575,4500.327156588613
0.0,76,se_st2,25,False,-1,0.07233409649429538,0.48,227.6877220707833,455.3754441415638,1138.438610353915,2238.7353197465914,3872.6771263055966
0.0,77,se_st2,25,False,-1,0.18107586178868895,0.5,224.43297781914825,448.8659556382943,1122.1648890957294,2244.3297781914403,4310.293259006568
0.0,78,se_st2,25,False,-1,0.03719995297051473,0.48,236.59403213130386,473.1880642626052,1182.970160656501,2321.3813257359875,3181.290612938537
0.0,79,se_st2,25,False,-1,0.13347581199346464,0.47,235.24563210159977,470.4912642031969,1176.2281605080118,2329.0762028480713,4122.193836246382
0.0,80,se_st2,25,False,-1,0.09583861342446051,0.51,226.9516404768228,453.90328095364754,1134.7582023841123,2269.51640476834,4033.1229341972044
0.0,81,se_st2,25,False,-1,0.11359377347206723,0.5,233.67281654205868,467.34563308411236,1168.3640827103304,2336.7281654207127,4026.0017210160677
0.0,82,se_st2,25,False,-1,0.08376609591192896,0.5,228.27998456848,456.5599691369578,1141.3999228424418,2282.7998456847527,3797.4510492749746
0.0,83,se_st2,25,False,-1,0.12294352934917856,0.55,237.3308184297113,474.6616368594232,1186.6540921485664,2310.5704862062926,3916.492571037954
0.0,84,se_st2,25,False,-1,0.08092777361144926,0.54,241.10121372478585,482.2024274495732,1205.506068623944,2411.0121372479534,4187.693592974576
0.0,85,se_st2,25,False,-1,0.14166278188739312,0.5,233.82517429094935,467.6503485819028,1169.1258714547585,2309.507037608699,4249.199469879448
0.0,86,se_st2,25,False,-1,0.09936119926232669,0.5,240.97416704641174,481.9483340928182,1204.8708352320916,2385.7653241481416,3860.9721136309504
0.0,87,se_st2,25,False,-1,0.06503793673849839,0.49,236.36272793232294,472.7254558646483,1181.8136396616003,2334.628299079604,3675.5831304166277
0.0,88,se_st2,25,False,-1,0.13315489574951062,0.53,230.5235036013657,461.0470072027334,1152.6175180068017,2265.1130910499364,3812.379828764124
0.0,89,se_st2,25,False,-1,0.04915591984268016,0.48,236.73122052942034,473.46244105884307,1183.6561026471124,2352.9492120384352,3858.767449209812
0.0,90,se_st2,25,False,-1,0.17743287298661153,0.48,232.50622859628265,465.0124571925592,1162.5311429813996,2286.952622172064,4201.074357811397
0.0,91,se_st2,25,False,-1,0.20413547936175117,0.49,237.79107242122944,475.5821448424579,1188.955362106159,2374.2758442530003,4609.254593521248
0.0,92,se_st2,25,False,-1,0.047558378720451835,0.47,239.90409863475563,479.808197269517,1199.5204931737815,2391.4945587725183,3516.699825532913
0.0,93,se_st2,25,False,-1,0.07180129519777358,0.52,235.8372089273268,471.67441785465206,1179.1860446365918,2257.9030610098616,3591.796623900203
0.0,94,se_st2,25,False,-1,0.1411816923544165,0.51,231.4857572993525,462.9715145987057,1157.4287864967325,2314.8575729935365,4023.6278736656564
0.0,95,se_st2,25,False,-1,0.140081354823508,0.49,231.95560130334806,463.9112026066972,1159.7780065167142,2319.556013033497,4087.7235185788154
0.0,96,se_st2,25,False,-1,0.13682443527373828,0.52,234.88221009804977,469.7644201960993,1174.4110504902412,2348.82210098057,4000.5519894485733
0.0,97,se_st2,25,False,-1,0.08158003555759409,0.5,234.79932284951943,469.5986456990343,1173.9966142476237,2344.5955703664686,4061.4500697905078
0.0,98,se_st2,25,False,-1,0.12384662274595076,0.51,234.46412874675826,468.92825749351715,1172.3206437337988,2343.5110404731445,4249.46621508024
0.0,99,se_st2,25,False,-1,0.15242480838188213,0.51,235.2388849212723,470.4777698425484,1176.1944246063554,2352.388849212709,4320.017007079146
0.9,0,se_st2,25,False,-1,0.2516914160141988,0.5,251.69141601419855,503.38283202839983,1258.457080071,2516.914160141906,5033.828320283767
0.9,1,se_st2,25,False,-1,0.23365007040598446,0.49,233.65007040598408,467.3001408119674,1168.2503520299306,2336.5007040599153,4673.001408120068
0.9,2,se_st2,25,False,-1,0.22059992754317811,0.5,220.59992754317892,441.19985508635256,1102.9996377158889,2205.999275431859,4411.998550863598
0.9,3,se_st2,25,False,-1,0.22825808964592495,0.49,228.2580896459254,456.51617929185,1141.2904482296217,2282.580896459195,4565.161792918351
0.9,4,se_st2,25,False,-1,0.2282202357848736,0.48,228.2202357848728,456.44047156974244,1141.1011789243662,2282.2023578487565,4564.404715697497
0.9,5,se_st2,25,False,-1,0.2351257684204228,0.47,235.12576842042455,470.25153684084944,1175.6288421020868,2351.257684204158,4702.515368408619
0.9,6,se_st2,25,False,-1,0.22801874088075566,0.49,228.0187408807528,456.03748176151043,1140.0937044038,2280.1874088074937,4560.374817615007
0.9,7,se_st2,25,False,-1,0.2354158873035883,0.5,235.41588730358765,470.8317746071779,1177.0794365179393,2354.1588730358667,4708.317746072173
0.9,8,se_st2,25,False,-1,0.23946935689548535,0.52,239.4693568954869,478.93871379096987,1197.3467844774289,2394.6935689549905,4789.387137910227
0.9,9,se_st2,25,False,-1,0.22949279099280545,0.49,229.4927909928054,458.9855819856103,1147.4639549640283,2294.92790992799,4589.855819856085
0.9,10,se_st2,25,False,-1,0.2474812005821599,0.54,247.4812005821598,494.9624011643224,1237.4060029107911,2474.8120058215104,4949.6240116431145
0.9,11,se_st2,25,False,-1,0.22709207715769295,0.47,227.09207715769367,454.18415431538904,1135.4603857884695,2270.9207715770344,4541.8415431540725
0.9,12,se_st2,25,False,-1,0.23491754450173571,0.5,234.91754450173588,469.835089003476,1174.5877225086695,2349.1754450173717,4698.350890034837
0.9,13,se_st2,25,False,-1,0.23653762935148873,0.51,236.53762935148748,473.0752587029724,1182.6881467574676,2365.376293514937,4730.752587029435
0.9,14,se_st2,25,False,-1,0.24794844866971547,0.53,247.9484486697161,495.89689733943635,1239.7422433485722,2479.484486697055,4958.968973394019
0.9,15,se_st2,25,False,-1,0.24019618984755414,0.5,240.19618984755394,480.39237969510384,1200.980949237784,2401.9618984755016,4803.923796950949
0.9,16,se_st2,25,False,-1,0.2324579988321881,0.51,232.4579988321886,464.9159976643732,1162.2899941609717,2324.5799883219147,4649.159976643741
0.9,17,se_st2,25,False,-1,0.24430937635919053,0.5,244.30937635918963,488.6187527183845,1221.5468817959775,2443.093763591897,4886.187527183376
0.9,18,se_st2,25,False,-1,0.24005121634374327,0.52,240.0512163437436,480.1024326874883,1200.2560817187077,2400.5121634374837,4801.024326875095
0.9,19,se_st2,25,False,-1,0.2311599475509004,0.54,231.15994755089895,462.31989510179596,1155.799737754513,2311.599475509057,4623.198951018352
0.9,20,se_st2,25,False,-1,0.2497621681288793,0.45,249.76216812888072,499.52433625775166,1248.8108406443862,2497.621681288711,4995.243362577533
0.9,21,se_st2,25,False,-1,0.22991467115635744,0.41,229.91467115635808,459.82934231271463,1149.5733557817857,2299.1467115636106,4598.293423126886
0.9,22,se_st2,25,False,-1,0.23138513480686007,0.5,231.38513480685975,462.7702696137229,1156.9256740343076,2313.8513480686083,4627.702696137221
0.9,23,se_st2,25,False,-1,0.2274486861640686,0.51,227.44868616406873,454.8973723281362,1137.2434308203328,2274.4868616405947,4548.97372328112
0.9,24,se_st2,25,False,-1,0.24332841650332024,0.5,243.32841650332102,486.6568330066464,1216.642082516584,2433.2841650330793,4866.568330066092
0.9,25,se_st2,25,False,-1,0.2398452810660695,0.52,239.8452810660692,479.6905621321364,1199.2264053303256,2398.4528106606786,4796.905621321714
0.9,26,se_st2,25,False,-1,0.24389600867094086,0.52,243.89600867094126,487.79201734188024,1219.4800433547102,2438.9600867093936,4877.920173419184
0.9,27,se_st2,25,False,-1,0.23278600638099856,0.51,232.78600638099778,465.57201276199834,1163.930031905004,2327.8600638100147,4655.720127620127
0.9,28,se_st2,25,False,-1,0.2263601791146184,0.49,226.36017911461732,452.72035822923385,1131.8008955730988,2263.6017911461863,4527.20358229253
0.9,29,se_st2,25,False,-1,0.22736523746685577,0.5,227.36523746685512,454.73047493371416,1136.826187334266,2273.652374668455,4547.304749336843
0.9,30,se_st2,25,False,-1,0.23513868153206063,0.49,235.1386815320605,470.2773630641223,1175.6934076602936,2351.3868153205694,4702.773630641213
0.9,31,se_st2,25,False,-1,0.23440172694386338,0.52,234.40172694386393,468.80345388772486,1172.008634719316,2344.017269438676,4688.034538877617
0.9,32,se_st2,25,False,-1,0.226436451299473,0.48,226.4364512994741,452.8729025989445,1132.182256497374,2264.3645129947868,4528.729025989221
0.9,33,se_st2,25,False,-1,0.23297942268405775,0.46,232.97942268405743,465.95884536811303,1164.897113420306,2329.7942268406637,4659.588453681102
0.9,34,se_st2,25,False,-1,0.2351552927417575,0.42,235.15529274175796,470.31058548351587,1175.7764637087946,2351.5529274175606,4703.105854835146
0.9,35,se_st2,25,False,-1,0.22680461917130532,0.51,226.80461917130629,453.6092383426088,1134.02309585653,2268.046191713111,4536.092383426015
0.9,36,se_st2,25,False,-1,0.233971087446627,0.51,233.97108744662634,467.94217489325206,1169.8554372331278,2339.710874466331,4679.42174893289
0.9,37,se_st2,25,False,-1,0.2353885667218794,0.55,235.3885667218779,470.77713344376474,1176.9428336094174,2353.885667218777,4707.771334437496
0.9,38,se_st2,25,False,-1,0.24740854613713265,0.52,247.40854613713202,494.81709227426586,1237.0427306856764,2474.085461371335,4948.170922742538
0.9,39,se_st2,25,False,-1,0.22824999660613862,0.49,228.24999660613915,456.4999932122777,1141.2499830306954,2282.4999660614067,4564.999932122673
0.9,40,se_st2,25,False,-1,0.2387152565004081,0.48,238.7152565004074,477.43051300081595,1193.5762825020374,2387.1525650041217,4774.305130008578
0.9,41,se_st2,25,False,-1,0.2317306282663595,0.5,231.7306282663584,463.461256532727,1158.653141331841,2317.3062826636315,4634.612565326783
0.9,42,se_st2,25,False,-1,0.2268745060775072,0.48,226.8745060775072,453.74901215500915,1134.372530387539,2268.745060775048,4537.490121550248
0.9,43,se_st2,25,False,-1,0.23698259754786052,0.52,236.982597547861,473.96519509571624,1184.9129877392804,2369.8259754785304,4739.651950957451
0.9,44,se_st2,25,False,-1,0.23865977543707634,0.51,238.65977543707587,477.3195508741485,1193.2988771853877,2386.597754370805,4773.1955087419265
0.9,45,se_st2,25,False,-1,0.23911660399626983,0.56,239.11660399626956,478.23320799254043,1195.5830199813456,2391.166039962678,4782.332079925395
0.9,46,se_st2,25,False,-1,0.23597173755952677,0.54,235.9717375595262,471.94347511904607,1179.8586877976543,2359.7173755952763,4719.434751190333
0.9,47,se_st2,25,False,-1,0.24667449338689695,0.49,246.674493386898,493.3489867737917,1233.3724669344635,2466.744933868921,4933.489867738078
0.9,48,se_st2,25,False,-1,0.23241959537882095,0.52,232.4195953788219,464.83919075764453,1162.0979768940917,2324.1959537882162,4648.391907576256
0.9,49,se_st2,25,False,-1,0.2377369428372851,0.5,237.7369428372841,475.4738856745724,1188.6847141864585,2377.3694283729305,4754.738856745321
0.9,50,se_st2,25,False,-1,0.2333372890485993,0.62,233.33728904860007,466.6745780971976,1166.6864452429647,2333.3728904859186,4666.745780972132
0.9,51,se_st2,25,False,-1,0.2368479844723484,0.5,236.84798447234866,473.69596894470175,1184.2399223616967,2368.4798447234675,4736.959689446998
0.9,52,se_st2,25,False,-1,0.2276359078434599,0.6,227.63590784346033,455.2718156869183,1138.179539217317,2276.359078434547,4552.718156869147
0.9,53,se_st2,25,False,-1,0.23589359887969358,0.49,235.8935988796932,471.7871977593857,1179.4679943984868,2358.9359887969517,4717.871977593881
0.9,54,se_st2,25,False,-1,0.23239343566348458,0.5,232.3934356634852,464.78687132696746,1161.967178317416,2323.9343566349808,4647.868713270326
0.9,55,se_st2,25,False,-1,0.2306947074650799,0.57,230.69470746507946,461.3894149301595,1153.4735373254146,2306.947074650832,4613.894149301375
0.9,56,se_st2,25,False,-1,0.24148159234322292,0.48,241.48159234322242,482.96318468644535,1207.4079617161167,2414.815923432296,4829.631846864321
0.9,57,se_st2,25,False,-1,0.22831858323430315,0.61,228.31858323430438,456.6371664686081,1141.592916171512,2283.185832342965,4566.371664686109
0.9,58,se_st2,25,False,-1,0.22939301029681058,0.54,229.39301029681047,458.78602059362095,1146.965051484051,2293.9301029680964,4587.860205935978
0.9,59,se_st2,25,False,-1,0.2418566966266585,0.61,241.85669662665782,483.71339325331985,1209.2834831332975,2418.566966266613,4837.133932533481
0.9,60,se_st2,25,False,-1,0.22765232525194012,0.52,227.65232525194082,455.30465050388545,1138.2616262597144,2276.5232525194065,4553.0465050386065
0.9,61,se_st2,25,False,-1,0.22578731149329417,0.61,225.7873114932938,451.57462298659004,1128.936557466482,2257.8731149328887,4515.746229865741
0.9,62,se_st2,25,False,-1,0.2306711240717238,0.57,230.67112407172394,461.34224814344736,1153.3556203586224,2306.7112407171417,4613.422481433911
0.9,63,se_st2,25,False,-1,0.22589138350689547,0.56,225.891383506895,451.7827670137917,1129.4569175344895,2258.9138350689987,4517.827670137846
0.9,64,se_st2,25,False,-1,0.22980890189531164,0.59,229.80890189531186,459.6178037906154,1149.0445094765564,2298.089018953219,4596.178037906377
0.9,65,se_st2,25,False,-1,0.23577717197570694,0.56,235.77717197570797,471.55434395141333,1178.8858598785494,2357.771719757021,4715.543439513798
0.9,66,se_st2,25,False,-1,0.2468086064273651,0.51,246.80860642736653,493.6172128547312,1234.043032136836,2468.0860642735693,4936.1721285468375
0.9,67,se_st2,25,False,-1,0.23256945946057897,0.41,232.56945946057937,465.13891892115436,1162.8472973029159,2325.6945946057567,4651.389189211499
0.9,68,se_st2,25,False,-1,0.23443742939242315,0.52,234.43742939242364,468.87485878484557,1172.1871469621267,2344.3742939241884,4688.748587848051
0.9,69,se_st2,25,False,-1,0.236779728908807,0.46,236.77972890880622,473.55945781761193,1183.8986445440437,2367.797289088136,4735.594578175902
0.9,70,se_st2,25,False,-1,0.23153307484797972,0.41,231.53307484798043,463.0661496959601,1157.6653742398792,2315.330748479771,4630.6614969596485
0.9,71,se_st2,25,False,-1,0.23385943289867278,0.39,233.85943289867305,467.71886579735104,1169.2971644933386,2338.5943289867114,4677.188657973745
0.9,72,se_st2,25,False,-1,0.23468567845097738,0.39,234.6856784509768,469.37135690195555,1173.4283922548846,2346.8567845097123,4693.713569019672
0.9,73,se_st2,25,False,-1,0.24324868907808736,0.4,243.24868907808678,486.4973781561761,1216.2434453904198,2432.486890780807,4864.973781562035
0.9,74,se_st2,25,False,-1,0.24539496189135218,0.38,245.39496189135207,490.7899237826993,1226.9748094567813,2453.949618913591,4907.899237827032
0.9,75,se_st2,25,False,-1,0.24281145547288666,0.4,242.81145547288673,485.6229109457733,1214.0572773644108,2428.1145547288575,4856.229109457853
0.9,76,se_st2,25,False,-1,0.22768772207078183,0.41,227.6877220707833,455.3754441415638,1138.438610353915,2276.877220707829,4553.754441415409
0.9,77,se_st2,25,False,-1,0.22443297781914787,0.4,224.43297781914825,448.8659556382943,1122.1648890957294,2244.3297781914403,4488.6595563830815
0.9,78,se_st2,25,False,-1,0.23659403213130356,5.12,236.59403213130386,473.1880642626052,1182.970160656501,2365.940321312982,4731.880642626025
0.9,79,se_st2,25,False,-1,0.23524563210160093,0.38,235.24563210159977,470.4912642031969,1176.2281605080118,2352.456321016139,4704.912642032146
0.9,80,se_st2,25,False,-1,0.2269516404768217,5.08,226.9516404768228,453.90328095364754,1134.7582023841123,2269.51640476834,4539.032809536432
0.9,81,se_st2,25,False,-1,0.23367281654205965,0.39,233.67281654205868,467.34563308411236,1168.3640827103304,2336.7281654207127,4673.456330841535
0.9,82,se_st2,25,False,-1,0.22827998456848003,0.39,228.27998456848,456.5599691369578,1141.3999228424418,2282.7998456847527,4565.5996913691015
0.9,83,se_st2,25,False,-1,0.237330818429712,0.36,237.3308184297113,474.6616368594232,1186.6540921485664,2373.308184297102,4746.616368594059
0.9,84,se_st2,25,False,-1,0.24110121372478596,0.4,241.10121372478585,482.2024274495732,1205.506068623944,2411.0121372479534,4822.0242744958705
0.9,85,se_st2,25,False,-1,0.2338251742909506,0.38,233.82517429094935,467.6503485819028,1169.1258714547585,2338.2517429095456,4676.503485819044
0.9,86,se_st2,25,False,-1,0.24097416704641123,0.39,240.97416704641174,481.9483340928182,1204.8708352320916,2409.741670464305,4819.483340928324
0.9,87,se_st2,25,False,-1,0.2363627279323231,0.41,236.36272793232294,472.7254558646483,1181.8136396616003,2363.6272793232065,4727.254558646364
0.9,88,se_st2,25,False,-1,0.23052350360136553,0.41,230.5235036013657,461.0470072027334,1152.6175180068017,2305.235036013634,4610.470072027317
0.9,89,se_st2,25,False,-1,0.2367312205294215,0.41,236.73122052942034,473.46244105884307,1183.6561026471124,2367.312205294251,4734.624410588423
0.9,90,se_st2,25,False,-1,0.23250622859628187,0.39,232.50622859628265,465.0124571925592,1162.5311429813996,2325.062285962866,4650.124571925829
0.9,91,se_st2,25,False,-1,0.2377910724212311,0.44,237.79107242122944,475.5821448424579,1188.955362106159,2377.9107242123387,4755.821448424654
0.9,92,se_st2,25,False,-1,0.2399040986347576,0.4,239.90409863475563,479.808197269517,1199.5204931737815,2399.0409863475916,4798.081972695291
0.9,93,se_st2,25,False,-1,0.23583720892732704,0.44,235.8372089273268,471.67441785465206,1179.1860446365918,2358.3720892733168,4716.744178546722
0.9,94,se_st2,25,False,-1,0.23148575729935328,0.39,231.4857572993525,462.9715145987057,1157.4287864967325,2314.8575729935365,4629.715145987119
0.9,95,se_st2,25,False,-1,0.2319556013033477,0.37,231.95560130334806,463.9112026066972,1159.7780065167142,2319.556013033497,4639.112026067125
0.9,96,se_st2,25,False,-1,0.23488221009804988,0.39,234.88221009804977,469.7644201960993,1174.4110504902412,2348.82210098057,4697.644201960956
0.9,97,se_st2,25,False,-1,0.23479932284952007,0.38,234.79932284951943,469.5986456990343,1173.9966142476237,2347.9932284952247,4695.986456990292
0.9,98,se_st2,25,False,-1,0.23446412874675834,0.38,234.46412874675826,468.92825749351715,1172.3206437337988,2344.641287467577,4689.282574935116
0.9,99,se_st2,25,False,-1,0.2352388849212744,0.38,235.2388849212723,470.4777698425484,1176.1944246063554,2352.388849212709,4704.7776984257225
0.97,0,se_st2,25,False,-1,0.2516914160141988,0.38,251.69141601419855,503.38283202839983,1258.457080071,2516.914160141906,5033.828320283767
0.97,1,se_st2,25,False,-1,0.23365007040598446,0.38,233.65007040598408,467.3001408119674,1168.2503520299306,2336.5007040599153,4673.001408120068
0.97,2,se_st2,25,False,-1,0.22059992754317811,0.39,220.59992754317892,441.19985508635256,1102.9996377158889,2205.999275431859,4411.998550863598
0.97,3,se_st2,25,False,-1,0.22825808964592495,0.37,228.2580896459254,456.51617929185,1141.2904482296217,2282.580896459195,4565.161792918351
0.97,4,se_st2,25,False,-1,0.2282202357848736,0.38,228.2202357848728,456.44047156974244,1141.1011789243662,2282.2023578487565,4564.404715697497
0.97,5,se_st2,25,False,-1,0.2351257684204228,0.39,235.12576842042455,470.25153684084944,1175.6288421020868,2351.257684204158,4702.515368408619
0.97,6,se_st2,25,False,-1,0.22801874088075566,2.18,228.0187408807528,456.03748176151043,1140.0937044038,2280.1874088074937,4560.374817615007
0.97,7,se_st2,25,False,-1,0.2354158873035883,2.25,235.41588730358765,470.8317746071779,1177.0794365179393,2354.1588730358667,4708.317746072173
0.97,8,se_st2,25,False,-1,0.23946935689548535,1.76,239.4693568954869,478.93871379096987,1197.3467844774289,2394.6935689549905,4789.387137910227
0.97,9,se_st2,25,False,-1,0.22949279099280545,2.23,229.4927909928054,458.9855819856103,1147.4639549640283,2294.92790992799,4589.855819856085
0.97,10,se_st2,25,False,-1,0.2474812005821599,1004.87,247.4812005821598,494.9624011643224,1237.4060029107911,2474.8120058215104,4949.6240116431145
0.97,11,se_st2,25,False,-1,0.22709207715769295,0.45,227.09207715769367,454.18415431538904,1135.4603857884695,2270.9207715770344,4541.8415431540725
0.97,12,se_st2,25,False,-1,0.23491754450173571,1004.44,234.91754450173588,469.835089003476,1174.5877225086695,2349.1754450173717,4698.350890034837
0.97,13,se_st2,25,False,-1,0.23653762935148873,0.42,236.53762935148748,473.0752587029724,1182.6881467574676,2365.376293514937,4730.752587029435
0.97,14,se_st2,25,False,-1,0.24794844866971547,0.36,247.9484486697161,495.89689733943635,1239.7422433485722,2479.484486697055,4958.968973394019
0.97,15,se_st2,25,False,-1,0.24019618984755414,0.35,240.19618984755394,480.39237969510384,1200.980949237784,2401.9618984755016,4803.923796950949
0.97,16,se_st2,25,False,-1,0.2324579988321881,0.38,232.4579988321886,464.9159976643732,1162.2899941609717,2324.5799883219147,4649.159976643741
0.97,17,se_st2,25,False,-1,0.24430937635919053,0.38,244.30937635918963,488.6187527183845,1221.5468817959775,2443.093763591897,4886.187527183376
0.97,18,se_st2,25,False,-1,0.24005121634374327,0.37,240.0512163437436,480.1024326874883,1200.2560817187077,2400.5121634374837,4801.024326875095
0.97,19,se_st2,25,False,-1,0.2311599475509004,0.37,231.15994755089895,462.31989510179596,1155.799737754513,2311.599475509057,4623.198951018352
0.97,20,se_st2,25,False,-1,0.2497621681288793,0.37,249.76216812888072,499.52433625775166,1248.8108406443862,2497.621681288711,4995.243362577533
0.97,21,se_st2,25,False,-1,0.22991467115635744,0.36,229.91467115635808,459.82934231271463,1149.5733557817857,2299.1467115636106,4598.293423126886
0.97,22,se_st2,25,False,-1,0.23138513480686007,0.37,231.38513480685975,462.7702696137229,1156.9256740343076,2313.8513480686083,4627.702696137221
0.97,23,se_st2,25,False,-1,0.2274486861640686,0.37,227.44868616406873,454.8973723281362,1137.2434308203328,2274.4868616405947,4548.97372328112
0.97,24,se_st2,25,False,-1,0.24332841650332024,0.37,243.32841650332102,486.6568330066464,1216.642082516584,2433.2841650330793,4866.568330066092
0.97,25,se_st2,25,False,-1,0.2398452810660695,0.36,239.8452810660692,479.6905621321364,1199.2264053303256,2398.4528106606786,4796.905621321714
0.97,26,se_st2,25,False,-1,0.24389600867094086,0.36,243.89600867094126,487.79201734188024,1219.4800433547102,2438.9600867093936,4877.920173419184
0.97,27,se_st2,25,False,-1,0.23278600638099856,0.37,232.78600638099778,465.57201276199834,1163.930031905004,2327.8600638100147,4655.720127620127
0.97,28,se_st2,25,False,-1,0.2263601791146184,0.36,226.36017911461732,452.72035822923385,1131.8008955730988,2263.6017911461863,4527.20358229253
0.97,29,se_st2,25,False,-1,0.22736523746685577,0.38,227.36523746685512,454.73047493371416,1136.826187334266,2273.652374668455,4547.304749336843
0.97,30,se_st2,25,False,-1,0.23513868153206063,0.37,235.1386815320605,470.2773630641223,1175.6934076602936,2351.3868153205694,4702.773630641213
0.97,31,se_st2,25,False,-1,0.23440172694386338,0.36,234.40172694386393,468.80345388772486,1172.008634719316,2344.017269438676,4688.034538877617
0.97,32,se_st2,25,False,-1,0.226436451299473,0.36,226.4364512994741,452.8729025989445,1132.182256497374,2264.3645129947868,4528.729025989221
0.97,33,se_st2,25,False,-1,0.23297942268405775,0.37,232.97942268405743,465.95884536811303,1164.897113420306,2329.7942268406637,4659.588453681102
0.97,34,se_st2,25,False,-1,0.2351552927417575,0.36,235.15529274175796,470.31058548351587,1175.7764637087946,2351.5529274175606,4703.105854835146
0.97,35,se_st2,25,False,-1,0.22680461917130532,0.36,226.80461917130629,453.6092383426088,1134.02309585653,2268.046191713111,4536.092383426015
0.97,36,se_st2,25,False,-1,0.233971087446627,0.36,233.97108744662634,467.94217489325206,1169.8554372331278,2339.710874466331,4679.42174893289
0.97,37,se_st2,25,False,-1,0.2353885667218794,0.37,235.3885667218779,470.77713344376474,1176.9428336094174,2353.885667218777,4707.771334437496
0.97,38,se_st2,25,False,-1,0.24740854613713265,0.38,247.40854613713202,494.81709227426586,1237.0427306856764,2474.085461371335,4948.170922742538
0.97,39,se_st2,25,False,-1,0.22824999660613862,0.39,228.24999660613915,456.4999932122777,1141.2499830306954,2282.4999660614067,4564.999932122673
0.97,40,se_st2,25,False,-1,0.2387152565004081,0.37,238.7152565004074,477.43051300081595,1193.5762825020374,2387.1525650041217,4774.305130008578
0.97,41,se_st2,25,False,-1,0.2317306282663595,0.36,231.7306282663584,463.461256532727,1158.653141331841,2317.3062826636315,4634.612565326783
0.97,42,se_st2,25,False,-1,0.2268745060775072,0.36,226.8745060775072,453.74901215500915,1134.372530387539,2268.745060775048,4537.490121550248
0.97,43,se_st2,25,False,-1,0.23698259754786052,0.37,236.982597547861,473.96519509571624,1184.9129877392804,2369.8259754785304,4739.651950957451
0.97,44,se_st2,25,False,-1,0.23865977543707634,0.37,238.65977543707587,477.3195508741485,1193.2988771853877,2386.597754370805,4773.1955087419265
0.97,45,se_st2,25,False,-1,0.23911660399626983,0.36,239.11660399626956,478.23320799254043,1195.5830199813456,2391.166039962678,4782.332079925395
0.97,46,se_st2,25,False,-1,0.23597173755952677,0.37,235.9717375595262,471.94347511904607,1179.8586877976543,2359.7173755952763,4719.434751190333
0.97,47,se_st2,25,False,-1,0.24667449338689695,0.36,246.674493386898,493.3489867737917,1233.3724669344635,2466.744933868921,4933.489867738078
0.97,48,se_st2,25,False,-1,0.23241959537882095,0.37,232.4195953788219,464.83919075764453,1162.0979768940917,2324.1959537882162,4648.391907576256
0.97,49,se_st2,25,False,-1,0.2377369428372851,0.37,237.7369428372841,475.4738856745724,1188.6847141864585,2377.3694283729305,4754.738856745321
0.97,50,se_st2,25,False,-1,0.2333372890485993,0.36,233.33728904860007,466.6745780971976,1166.6864452429647,2333.3728904859186,4666.745780972132
0.97,51,se_st2,25,False,-1,0.2368479844723484,0.37,236.84798447234866,473.69596894470175,1184.2399223616967,2368.4798447234675,4736.959689446998
0.97,52,se_st2,25,False,-1,0.2276359078434599,0.37,227.63590784346033,455.2718156869183,1138.179539217317,2276.359078434547,4552.718156869147
0.97,53,se_st2,25,False,-1,0.23589359887969358,0.36,235.8935988796932,471.7871977593857,1179.4679943984868,2358.9359887969517,4717.871977593881
0.97,54,se_st2,25,False,-1,0.23239343566348458,0.38,232.3934356634852,464.78687132696746,1161.967178317416,2323.9343566349808,4647.868713270326
0.97,55,se_st2,25,False,-1,0.2306947074650799,0.37,230.69470746507946,461.3894149301595,1153.4735373254146,2306.947074650832,4613.894149301375
0.97,56,se_st2,25,False,-1,0.24148159234322292,0.37,241.48159234322242,482.96318468644535,1207.4079617161167,2414.815923432296,4829.631846864321
0.97,57,se_st2,25,False,-1,0.22831858323430315,0.36,228.31858323430438,456.6371664686081,1141.592916171512,2283.185832342965,4566.371664686109
0.97,58,se_st2,25,False,-1,0.22939301029681058,0.36,229.39301029681047,458.78602059362095,1146.965051484051,2293.9301029680964,4587.860205935978
0.97,59,se_st2,25,False,-1,0.2418566966266585,0.36,241.85669662665782,483.71339325331985,1209.2834831332975,2418.566966266613,4837.133932533481
0.97,60,se_st2,25,False,-1,0.22765232525194012,0.38,227.65232525194082,455.30465050388545,1138.2616262597144,2276.5232525194065,4553.0465050386065
0.97,61,se_st2,25,False,-1,0.22578731149329417,0.36,225.7873114932938,451.57462298659004,1128.936557466482,2257.8731149328887,4515.746229865741
0.97,62,se_st2,25,False,-1,0.2306711240717238,0.33,230.67112407172394,461.34224814344736,1153.3556203586224,2306.7112407171417,4613.422481433911
0.97,63,se_st2,25,False,-1,0.22589138350689547,0.37,225.891383506895,451.7827670137917,1129.4569175344895,2258.9138350689987,4517.827670137846
0.97,64,se_st2,25,False,-1,0.22980890189531164,0.34,229.80890189531186,459.6178037906154,1149.0445094765564,2298.089018953219,4596.178037906377
0.97,65,se_st2,25,False,-1,0.23577717197570694,0.34,235.77717197570797,471.55434395141333,1178.8858598785494,2357.771719757021,4715.543439513798
0.97,66,se_st2,25,False,-1,0.2468086064273651,0.36,246.80860642736653,493.6172128547312,1234.043032136836,2468.0860642735693,4936.1721285468375
0.97,67,se_st2,25,False,-1,0.23256945946057897,0.33,232.56945946057937,465.13891892115436,1162.8472973029159,2325.6945946057567,4651.389189211499
0.97,68,se_st2,25,False,-1,0.23443742939242315,0.36,234.43742939242364,468.87485878484557,1172.1871469621267,2344.3742939241884,4688.748587848051
0.97,69,se_st2,25,False,-1,0.236779728908807,0.33,236.77972890880622,473.55945781761193,1183.8986445440437,2367.797289088136,4735.594578175902
0.97,70,se_st2,25,False,-1,0.23153307484797972,0.35,231.53307484798043,463.0661496959601,1157.6653742398792,2315.330748479771,4630.6614969596485
0.97,71,se_st2,25,False,-1,0.23385943289867278,0.35,233.85943289867305,467.71886579735104,1169.2971644933386,2338.5943289867114,4677.188657973745
0.97,72,se_st2,25,False,-1,0.23468567845097738,0.35,234.6856784509768,469.37135690195555,1173.4283922548846,2346.8567845097123,4693.713569019672
0.97,73,se_st2,25,False,-1,0.24324868907808736,0.36,243.24868907808678,486.4973781561761,1216.2434453904198,2432.486890780807,4864.973781562035
0.97,74,se_st2,25,False,-1,0.24539496189135218,0.33,245.39496189135207,490.7899237826993,1226.9748094567813,2453.949618913591,4907.899237827032
0.97,75,se_st2,25,False,-1,0.24281145547288666,0.34,242.81145547288673,485.6229109457733,1214.0572773644108,2428.1145547288575,4856.229109457853
0.97,76,se_st2,25,False,-1,0.22768772207078183,0.33,227.6877220707833,455.3754441415638,1138.438610353915,2276.877220707829,4553.754441415409
0.97,77,se_st2,25,False,-1,0.22443297781914787,0.35,224.43297781914825,448.8659556382943,1122.1648890957294,2244.3297781914403,4488.6595563830815
0.97,78,se_st2,25,False,-1,0.23659403213130356,0.32,236.59403213130386,473.1880642626052,1182.970160656501,2365.940321312982,4731.880642626025
0.97,79,se_st2,25,False,-1,0.23524563210160093,0.33,235.24563210159977,470.4912642031969,1176.2281605080118,2352.456321016139,4704.912642032146
0.97,80,se_st2,25,False,-1,0.2269516404768217,0.33,226.9516404768228,453.90328095364754,1134.7582023841123,2269.51640476834,4539.032809536432
0.97,81,se_st2,25,False,-1,0.23367281654205965,0.33,233.67281654205868,467.34563308411236,1168.3640827103304,2336.7281654207127,4673.456330841535
0.97,82,se_st2,25,False,-1,0.22827998456848003,0.37,228.27998456848,456.5599691369578,1141.3999228424418,2282.7998456847527,4565.5996913691015
0.97,83,se_st2,25,False,-1,0.237330818429712,0.34,237.3308184297113,474.6616368594232,1186.6540921485664,2373.308184297102,4746.616368594059
0.97,84,se_st2,25,False,-1,0.24110121372478596,0.32,241.10121372478585,482.2024274495732,1205.506068623944,2411.0121372479534,4822.0242744958705
0.97,85,se_st2,25,False,-1,0.2338251742909506,0.33,233.82517429094935,467.6503485819028,1169.1258714547585,2338.2517429095456,4676.503485819044
0.97,86,se_st2,25,False,-1,0.24097416704641123,0.33,240.97416704641174,481.9483340928182,1204.8708352320916,2409.741670464305,4819.483340928324
0.97,87,se_st2,25,False,-1,0.2363627279323231,0.33,236.36272793232294,472.7254558646483,1181.8136396616003,2363.6272793232065,4727.254558646364
0.97,88,se_st2,25,False,-1,0.23052350360136553,0.34,230.5235036013657,461.0470072027334,1152.6175180068017,2305.235036013634,4610.470072027317
0.97,89,se_st2,25,False,-1,0.2367312205294215,0.34,236.73122052942034,473.46244105884307,1183.6561026471124,2367.312205294251,4734.624410588423
0.97,90,se_st2,25,False,-1,0.23250622859628187,0.31,232.50622859628265,465.0124571925592,1162.5311429813996,2325.062285962866,4650.124571925829
0.97,91,se_st2,25,False,-1,0.2377910724212311,0.34,237.79107242122944,475.5821448424579,1188.955362106159,2377.9107242123387,4755.821448424654
0.97,92,se_st2,25,False,-1,0.2399040986347576,0.34,239.90409863475563,479.808197269517,1199.5204931737815,2399.0409863475916,4798.081972695291
0.97,93,se_st2,25,False,-1,0.23583720892732704,0.33,235.8372089273268,471.67441785465206,1179.1860446365918,2358.3720892733168,4716.744178546722
0.97,94,se_st2,25,False,-1,0.23148575729935328,0.33,231.4857572993525,462.9715145987057,1157.4287864967325,2314.8575729935365,4629.715145987119
0.97,95,se_st2,25,False,-1,0.2319556013033477,0.34,231.95560130334806,463.9112026066972,1159.7780065167142,2319.556013033497,4639.112026067125
0.97,96,se_st2,25,False,-1,0.23488221009804988,0.33,234.88221009804977,469.7644201960993,1174.4110504902412,2348.82210098057,4697.644201960956
0.97,97,se_st2,25,False,-1,0.23479932284952007,0.34,234.79932284951943,469.5986456990343,1173.9966142476237,2347.9932284952247,4695.986456990292
0.97,98,se_st2,25,False,-1,0.23446412874675834,0.4,234.46412874675826,468.92825749351715,1172.3206437337988,2344.641287467577,4689.282574935116
0.97,99,se_st2,25,False,-1,0.2352388849212744,0.4,235.2388849212723,470.4777698425484,1176.1944246063554,2352.388849212709,4704.7776984257225
0.0,0,se_st2,100,False,-1,0.09318587145794113,0.32,253.2229972033572,503.38283202839244,1259.9886612601401,2483.1055263235066,3922.5497708195144
0.0,1,se_st2,100,False,-1,0.08303303514543134,0.29,243.62889946799095,467.3001408119671,1178.229181091927,2228.7746006135953,3591.586488435322
0.0,2,se_st2,100,False,-1,0.1829481261957897,0.34,228.73869512121945,441.1998550863497,1111.138405293923,2205.99927543185,4253.861181734692
0.0,3,se_st2,100,False,-1,0.16798210142822365,0.36,232.41560350727707,456.51617929185,1145.4479620909874,2282.5808964592065,4350.7340743748055
0.0,4,se_st2,100,False,-1,0.16305540759174067,0.35,187.7485156588782,456.4404715697399,1100.6294587983489,2239.4638339059534,4115.0902046176525
0.0,5,se_st2,100,False,-1,0.10149885922745272,0.36,262.46692385279044,470.25153684084313,1202.9699975344688,2351.257684204133,3995.157983058893
0.0,6,se_st2,100,False,-1,0.016623320251825825,0.35,225.83559140937265,456.0374817615127,1137.9105549324327,2260.024803050827,3140.96484320189
0.0,7,se_st2,100,False,-1,0.06862124965976135,0.36,262.4359987488886,470.8317746071813,1204.0995479632547,2318.0821100097082,3891.830998022214
0.0,8,se_st2,100,False,-1,0.17426492174070107,0.35,258.8762026848356,478.93871379096555,1216.7536302667615,2393.674578830373,4408.990886646859
0.0,9,se_st2,100,False,-1,0.10868025521285145,0.35,232.61867878218277,458.9855819856043,1150.5898427534146,2096.8683936897337,3190.6593895006113
0.0,10,se_st2,100,False,-1,0.13312490222979437,0.35,226.36990455687265,494.9624011643236,1216.2947068855208,2474.8120058215422,4277.234927641194
0.0,11,se_st2,100,False,-1,0.13660131608341494,0.34,279.886668219304,454.1841543153868,1188.2549768500633,2270.92077157699,4114.134716444092
0.0,12,se_st2,100,False,-1,0.1466158544300057,0.35,227.14161380814932,469.8350890034755,1166.8117918150922,2349.17544501738,4408.597308219958
0.0,13,se_st2,100,False,-1,0.1166158176140605,0.35,216.4406538576067,473.0752587029715,1162.591171263604,2359.7421812097095,3862.7518684204247
0.0,14,se_st2,100,False,-1,0.11015365194229683,0.33,267.02934533242984,495.8968973394413,1258.823140011325,2257.475310374958,3668.0274532353005
0.0,15,se_st2,100,False,-1,0.15404143686779018,0.35,216.77610329360337,480.3923796951078,1177.5608626838277,2401.9618984754575,4502.186206150691
0.0,16,se_st2,100,False,-1,0.20904839714306037,0.35,254.96220446763095,464.9159976643714,1184.7941997964072,2324.5799883219534,4563.4110860525325
0.0,17,se_st2,100,False,-1,0.1732891628260321,0.34,280.5611703354385,488.61875271839045,1257.7986757722376,2448.4991729907456,4555.763988634085
0.0,18,se_st2,100,False,-1,0.16421395315300893,0.34,241.84567264383801,480.102432687484,1202.0505380187972,2400.512163437456,4350.383850591384
0.0,19,se_st2,100,False,-1,0.1613655820268645,0.35,251.46087302156045,462.31989510178846,1176.1006632251715,2306.3941282772853,4069.5315556679056
0.0,20,se_st2,100,False,-1,0.11063808753146322,0.35,198.62890962121193,499.52433625774984,1197.6775821367114,2497.621681288692,4207.567457863488
0.0,21,se_st2,100,False,-1,0.1542858906648265,0.35,204.37826293640092,459.82934231271656,1124.0369475618236,2299.1467115635896,4252.58901261216
0.0,22,se_st2,100,False,-1,0.13759366208101523,0.36,203.02515388062756,462.770269613729,1128.5656931080782,2313.8513480686133,3984.521880395153
0.0,23,se_st2,100,False,-1,0.1557672581501104,0.35,232.9350368600352,454.89737232813894,1142.7297815162835,2256.0357660147993,4098.546025781122
0.0,24,se_st2,100,False,-1,0.12846395692974005,0.34,252.29259458650267,486.65683300665,1225.6062605997656,2433.2841650330715,4459.628692111305
0.0,25,se_st2,100,False,-1,0.0943341979727351,0.34,243.49747612868114,479.6905621321345,1202.8786003929226,2378.194277954498,4012.330176903487
0.0,26,se_st2,100,False,-1,0.08463678487680738,0.35,243.60577001517612,487.79201734188547,1219.1898046989713,2438.401366546413,4149.047860103309
0.0,27,se_st2,100,False,-1,0.06222419281669413,0.34,227.9631943399932,465.5720127619998,1159.1072198639915,2327.860063810009,3752.4375464823934
0.0,28,se_st2,100,False,-1,0.10174973230620181,0.35,222.0955402757409,452.7203582292365,1127.5362567342213,2264.4655484164573,4073.909274699328
0.0,29,se_st2,100,False,-1,0.19702228078115389,0.36,165.54012237410447,454.7304749337141,1075.0010722415223,2273.6523746684493,4294.007249459295
0.0,30,se_st2,100,False,-1,0.13597050882406353,0.35,261.934257869307,470.2773630641209,1202.48898399756,2351.3868153205663,4145.5332664299385
0.0,31,se_st2,100,False,-1,0.04487879126311057,0.36,200.8536150397544,468.80345388772304,1138.4605228151775,2293.452995889976,3584.2800002011986
0.0,32,se_st2,100,False,-1,0.14418630335630273,0.35,181.82638661715794,452.87290259894655,1087.5721918150723,2264.3645129948245,4271.247016164031
0.0,33,se_st2,100,False,-1,0.14757213497695146,0.34,297.15993711336245,465.95884536811417,1229.0776278495987,2329.794226840679,4433.48613145449
0.0,34,se_st2,100,False,-1,0.08301024934484526,0.33,222.23095874216742,470.31058548352263,1162.8521297092498,2334.5778627575264,3683.262538646425
0.0,35,se_st2,100,False,-1,0.08345991178860794,0.35,207.33398125169848,453.6092383426085,1114.5524579369298,2199.862393000922,3692.0124500756633
0.0,36,se_st2,100,False,-1,0.15258164100342414,0.35,194.05353343464196,467.94217489325104,1129.9378832211755,2339.710874466375,4510.550146258158
0.0,37,se_st2,100,False,-1,0.11597017285642987,0.35,238.6528531993227,470.77713344376576,1180.20712008686,2353.885667218768,4168.779944168338
0.0,38,se_st2,100,False,-1,0.13225050153694456,0.34,229.43915429292431,494.81709227426865,1219.0733388414794,2462.026343073574,4379.306915269208
0.0,39,se_st2,100,False,-1,0.11224123043519946,0.34,207.61212998545207,456.4999932122817,1120.6121164100207,2282.499966061395,4069.7795069193753
0.0,40,se_st2,100,False,-1,0.15621414702412625,0.34,259.62008620380425,477.430513000817,1214.4811122054389,2387.1525650041203,4484.687989552343
0.0,41,se_st2,100,False,-1,0.1898834710974626,0.35,252.04555758866434,463.46125653272736,1178.9680706541587,2309.0575300676933,4447.338670938933
0.0,42,se_st2,100,False,-1,0.1257326943531636,0.34,235.20104960201851,453.749012155005,1142.6990739120647,2230.4692111780987,3876.88861908485
0.0,43,se_st2,100,False,-1,0.13963953737388543,0.35,212.71867564294385,473.96519509571084,1160.6490658343635,2369.825975478543,4358.095303657907
0.0,44,se_st2,100,False,-1,0.03460846588489837,0.35,205.66813395980307,477.319550874146,1160.3072357081182,2219.3970601534184,3238.7180797417877
0.0,45,se_st2,100,False,-1,0.16435190407140027,0.35,254.25824326491465,478.2332079925459,1210.7246592499937,2344.801572856244,3967.1014667703676
0.0,46,se_st2,100,False,-1,0.10515824273786464,0.35,247.20175780935907,471.94347511904544,1191.0887080475027,2359.7173755952986,4037.5213332428734
0.0,47,se_st2,100,False,-1,0.17669124103947342,0.35,228.45885400133102,493.3489867737926,1215.156827548874,2466.7449338689003,4634.31730969855
0.0,48,se_st2,100,False,-1,0.13473092017748386,0.34,220.44823307030285,464.83919075764305,1150.1266145855616,2299.8327731434265,4059.2603670562503
0.0,49,se_st2,100,False,-1,0.17039238438610216,0.35,222.40346597925634,475.4738856745788,1173.3512373284386,2377.3694283729533,4446.522165011673
0.0,50,se_st2,100,False,-1,0.14471235905040844,0.34,279.16519147306,466.67457809719434,1212.5143476674148,2333.3728904858954,4134.601506687965
0.0,51,se_st2,100,False,-1,0.19663122446392992,0.33,268.6012494270511,473.69596894470016,1215.9931873164246,2361.150999082568,4565.7271043223345
0.0,52,se_st2,100,False,-1,0.12665400203501917,0.36,287.10788557719854,455.2718156869206,1197.6515169510399,2276.3590784345374,4113.191780666179
0.0,53,se_st2,100,False,-1,0.12608263198560096,0.35,155.88725109086278,471.78719775938015,1099.4616466096759,2217.5234580192778,3838.9163318059586
0.0,54,se_st2,100,False,-1,0.1723330866291728,1.93,230.46365446497794,464.7868713269643,1160.037397118898,2313.687556850164,4264.370124019297
0.0,55,se_st2,100,False,-1,0.09919688978695632,941.56,258.6764546297359,461.38941493016137,1181.4552844900759,2302.741493708109,3968.238426329563
0.0,56,se_st2,100,False,-1,0.15852016750288167,0.39,229.86542649698364,482.96318468644404,1195.7917958698679,2414.815923432265,4321.207105456201
0.0,57,se_st2,100,False,-1,0.09162733730208189,1.93,228.36217978486647,456.6371664686099,1141.6365127220747,2283.185832342942,3871.4309134213995
0.0,58,se_st2,100,False,-1,0.15092210830677041,941.52,217.09660045408407,458.7860205936206,1134.6686416413263,2256.6357432184623,4052.1551969421444
0.0,59,se_st2,100,False,-1,0.09373886864286016,0.34,279.4681385206269,483.71339325332144,1246.8949250272544,2418.566966266644,4082.3248802572834
0.0,60,se_st2,100,False,-1,0.19818921554419416,0.4,192.96245081751994,455.3046505038755,1103.571751825274,2276.5232525193996,4418.2016371344935
0.0,61,se_st2,100,False,-1,0.13219991264167155,0.38,249.47007866494283,451.5746229865873,1152.6193246381247,2147.348305257754,3642.3002630990486
0.0,62,se_st2,100,False,-1,0.15342779601710316,0.35,255.9142522347123,461.3422481434362,1178.598748521597,2306.7112407171294,4194.216141507296
0.0,63,se_st2,100,False,-1,0.1223120688256594,0.35,221.18230378568248,451.78276701379974,1124.7478378132882,2258.913835069029,4079.6426564369767
0.0,64,se_st2,100,False,-1,0.05643284834224473,0.35,222.04970134308311,459.6178037906148,1141.2853089243345,2257.922478667905,3468.967025734236
0.0,65,se_st2,100,False,-1,0.14192726297908484,0.36,191.34784108464873,471.5543439514129,1134.456528987492,2283.812503786838,3970.760122855789
0.0,66,se_st2,100,False,-1,0.09250745422481821,0.34,204.54862188676503,493.6172128547283,1191.7830475962132,2404.186757886341,3879.625607410585
0.0,67,se_st2,100,False,-1,0.13996120789681005,0.34,261.99521997972465,465.138918921145,1192.2730578220562,2326.5921672577388,4099.840999672686
0.0,68,se_st2,100,False,-1,0.13817928162707682,0.35,250.65100068919924,468.8748587848429,1188.400718258896,2344.374293924188,4401.455043205938
0.0,69,se_st2,100,False,-1,0.0549626207759318,0.34,227.74382374386175,473.55945781760636,1174.8627393790912,2322.1478540581984,3783.799969579036
0.0,70,se_st2,100,False,-1,0.08248269052832598,0.35,204.38544882725077,463.0661496959596,1130.5177482191546,2144.791993447455,3235.285262010023
0.0,71,se_st2,100,False,-1,0.13314150388604795,0.35,189.96263207648593,467.71886579735093,1125.400363671143,2338.59432898672,4051.33570117565
0.0,72,se_st2,100,False,-1,0.08435996109091226,0.35,231.69391228524213,469.37135690195925,1170.4366260891418,2331.998831221085,3856.2400448382273
0.0,73,se_st2,100,False,-1,0.03915557132354064,0.35,290.14626064410714,486.49737815618147,1263.141016956443,2432.4868907808295,3905.271208196119
0.0,74,se_st2,100,False,-1,0.1820998498818101,0.33,163.17752872194862,490.7899237827027,1144.7573762873706,2453.9496189136203,4573.672917177882
0.0,75,se_st2,100,False,-1,0.10093654101718871,0.35,276.0375139375542,485.6229109457688,1247.2833358290925,2428.1145547288647,4236.746127175202
0.0,76,se_st2,100,False,-1,0.13175127946422782,0.35,239.86380665438173,455.37544414156696,1150.6146949375257,2251.5212172551805,3917.873284589354
0.0,77,se_st2,100,False,-1,0.18890766577306237,0.35,186.2769782234816,448.86595563829223,1084.0088895000722,2244.3297781914257,4313.0688401199495
0.0,78,se_st2,100,False,-1,0.07344530120598784,0.34,221.1730064519532,473.1880642626027,1167.5491349771462,2365.9403213130036,3842.5875147286506
0.0,79,se_st2,100,False,-1,0.12881258507530433,0.35,242.69160043928073,470.4912642031956,1183.6741288456892,2352.456321016132,4086.246543843606
0.0,80,se_st2,100,False,-1,0.1721369769939043,0.34,226.40013881294485,453.9032809536475,1134.20670072025,2215.8849631286353,3978.7629484064632
0.0,81,se_st2,100,False,-1,0.022272113174111766,0.35,243.57243050910373,467.34563308411003,1178.2636966773505,2238.6477864747917,2524.947719566387
0.0,82,se_st2,100,False,-1,0.12010100148985378,0.33,166.15610888875742,456.55996913695947,1079.2760471627373,2211.141319794431,3910.4736873077836
0.0,83,se_st2,100,False,-1,0.04957858419687291,0.35,222.84638722075186,474.6616368594195,1172.169660939605,2260.3474641618022,3053.1101811573053
0.0,84,se_st2,100,False,-1,0.1547548328676292,0.35,240.09124806789438,482.202427449575,1204.496102967058,2411.0121372479657,4379.843381923278
0.0,85,se_st2,100,False,-1,0.11780768453185382,0.35,292.8419818211207,467.6503485819037,1228.1426789849609,2327.1116869211546,4307.612980364762
0.0,86,se_st2,100,False,-1,0.032805583075020295,0.35,262.68102570566697,481.94833409281244,1226.577693891369,2401.560276416018,3621.634775180252
0.0,87,se_st2,100,False,-1,0.035697314969500016,0.35,247.06690108464574,472.7254558646448,1192.5178128139305,2203.8048097563915,3474.647286648613
0.0,88,se_st2,100,False,-1,0.1392670910121809,0.34,234.93793971909474,461.04700720274,1157.0319541245146,2305.235036013634,4248.225976218875
0.0,89,se_st2,100,False,-1,0.07840648790337766,0.34,230.93242126677814,473.46244105883994,1177.8573033844834,2367.31220529424,3752.7269621558953
0.0,90,se_st2,100,False,-1,0.0704039203841401,0.34,263.300055604578,465.01245719256383,1193.324969989704,2325.062285962873,3976.9298123427925
0.0,91,se_st2,100,False,-1,0.09114108787724756,0.34,251.52426985561482,475.582144842461,1202.6885595405265,2264.432336170218,3676.763943171479
0.0,92,se_st2,100,False,-1,0.16508392714395564,0.35,250.39446295470387,479.80819726951563,1210.010857493737,2399.0409863476443,4398.246190738904
0.0,93,se_st2,100,False,-1,0.17864109836676903,0.34,237.5925972136599,471.6744178546605,1180.9414329229514,2358.3720892733486,4427.606788679601
0.0,94,se_st2,100,False,-1,0.11862204960535187,0.34,194.82121756406394,462.97151459870685,1120.7642467614476,2304.556309936574,3792.839367008732
0.0,95,se_st2,100,False,-1,0.07730334323839469,0.35,266.6796373640717,463.9112026066949,1194.5020425774371,2319.5560130335025,3619.223056954411
0.0,96,se_st2,100,False,-1,0.09120603074259091,0.36,273.2856192261113,469.76442019609294,1212.8144596182922,2239.285335397452,3509.034176782396
0.0,97,se_st2,100,False,-1,0.12061294085371276,0.34,248.21118466564482,469.5986456990357,1187.4084760637024,2347.9932284951956,3990.827698931005
0.0,98,se_st2,100,False,-1,0.06649415796355983,0.33,230.87129121457014,468.9282574935125,1168.7278062015844,2264.3751310339235,3305.784992814963
0.0,99,se_st2,100,False,-1,0.1850871745499579,0.33,243.50579173923015,470.47776984255466,1184.461331424289,2301.743256178564,4148.439307472687
0.9,0,se_st2,100,False,-1,0.2516914160141988,0.34,253.2229972033572,503.38283202839244,1259.9886612601401,2516.9141601419046,5033.828320283819
0.9,1,se_st2,100,False,-1,0.23365007040598448,0.36,243.62889946799095,467.3001408119671,1178.229181091927,2336.5007040598844,4673.001408120083
0.9,2,se_st2,100,False,-1,0.22059992754317811,0.35,228.73869512121945,441.1998550863497,1111.138405293923,2205.99927543185,4411.998550863588
0.9,3,se_st2,100,False,-1,0.22825808964592495,0.35,232.41560350727707,456.51617929185,1145.4479620909874,2282.5808964592065,4565.161792918355
0.9,4,se_st2,100,False,-1,0.22822023578487363,0.36,187.7485156588782,456.4404715697399,1100.6294587983489,2282.20235784876,4564.404715697507
0.9,5,se_st2,100,False,-1,0.2351257684204228,0.34,262.46692385279044,470.25153684084313,1202.9699975344688,2351.257684204133,4702.515368408482
0.9,6,se_st2,100,False,-1,0.2280187408807557,0.33,225.83559140937265,456.0374817615127,1137.9105549324327,2280.1874088075224,4560.374817615035
0.9,7,se_st2,100,False,-1,0.23541588730358834,0.35,262.4359987488886,470.8317746071813,1204.0995479632547,2354.1588730358844,4708.3177460722245
0.9,8,se_st2,100,False,-1,0.23946935689548535,0.34,258.8762026848356,478.93871379096555,1216.7536302667615,2394.693568954985,4789.387137910229
0.9,9,se_st2,100,False,-1,0.22949279099280545,0.33,232.61867878218277,458.9855819856043,1150.5898427534146,2294.927909928037,4589.855819856105
0.9,10,se_st2,100,False,-1,0.24748120058215986,0.35,226.36990455687265,494.9624011643236,1216.2947068855208,2474.8120058215422,4949.624011643029
0.9,11,se_st2,100,False,-1,0.22709207715769295,0.35,279.886668219304,454.1841543153868,1188.2549768500633,2270.92077157699,4541.841543154029
0.9,12,se_st2,100,False,-1,0.23491754450173574,0.35,227.14161380814932,469.8350890034755,1166.8117918150922,2349.17544501738,4698.350890034857
0.9,13,se_st2,100,False,-1,0.23653762935148875,0.35,216.4406538576067,473.0752587029715,1162.591171263604,2365.376293514943,4730.752587029498
0.9,14,se_st2,100,False,-1,0.24794844866971544,0.35,267.02934533242984,495.8968973394413,1258.823140011325,2479.4844866970566,4958.968973393959
0.9,15,se_st2,100,False,-1,0.2401961898475542,0.35,216.77610329360337,480.3923796951078,1177.5608626838277,2401.9618984754575,4803.923796950842
0.9,16,se_st2,100,False,-1,0.2324579988321881,0.35,254.96220446763095,464.9159976643714,1184.7941997964072,2324.5799883219534,4649.159976643821
0.9,17,se_st2,100,False,-1,0.2443093763591905,0.36,280.5611703354385,488.61875271839045,1257.7986757722376,2443.093763591873,4886.187527183373
0.9,18,se_st2,100,False,-1,0.2400512163437433,0.36,241.84567264383801,480.102432687484,1202.0505380187972,2400.512163437456,4801.024326875082
0.9,19,se_st2,100,False,-1,0.23115994755090047,0.35,251.46087302156045,462.31989510178846,1176.1006632251715,2311.5994755091074,4623.198951018427
0.9,20,se_st2,100,False,-1,0.2497621681288793,0.36,198.62890962121193,499.52433625774984,1197.6775821367114,2497.621681288692,4995.243362577598
0.9,21,se_st2,100,False,-1,0.22991467115635744,0.34,204.37826293640092,459.82934231271656,1124.0369475618236,2299.1467115635896,4598.293423126888
0.9,22,se_st2,100,False,-1,0.23138513480686007,0.34,203.02515388062756,462.770269613729,1128.5656931080782,2313.8513480686133,4627.702696137215
0.9,23,se_st2,100,False,-1,0.2274486861640686,0.34,232.9350368600352,454.89737232813894,1142.7297815162835,2274.4868616405547,4548.97372328108
0.9,24,se_st2,100,False,-1,0.24332841650332027,0.35,252.29259458650267,486.65683300665,1225.6062605997656,2433.2841650330715,4866.568330066087
0.9,25,se_st2,100,False,-1,0.23984528106606953,0.35,243.49747612868114,479.6905621321345,1202.8786003929226,2398.4528106606504,4796.905621321743
0.9,26,se_st2,100,False,-1,0.24389600867094088,0.35,243.60577001517612,487.79201734188547,1219.1898046989713,2438.960086709421,4877.920173419187
0.9,27,se_st2,100,False,-1,0.23278600638099858,0.35,227.9631943399932,465.5720127619998,1159.1072198639915,2327.860063810009,4655.7201276201995
0.9,28,se_st2,100,False,-1,0.2263601791146184,0.35,222.0955402757409,452.7203582292365,1127.5362567342213,2263.6017911461763,4527.2035822925045
0.9,29,se_st2,100,False,-1,0.2273652374668558,0.35,165.54012237410447,454.7304749337141,1075.0010722415223,2273.6523746684493,4547.304749336838
0.9,30,se_st2,100,False,-1,0.2351386815320606,0.35,261.934257869307,470.2773630641209,1202.48898399756,2351.3868153205663,4702.773630641207
0.9,31,se_st2,100,False,-1,0.23440172694386344,0.35,200.8536150397544,468.80345388772304,1138.4605228151775,2344.0172694386383,4688.03453887752
0.9,32,se_st2,100,False,-1,0.22643645129947298,0.36,181.82638661715794,452.87290259894655,1087.5721918150723,2264.3645129948245,4528.729025989276
0.9,33,se_st2,100,False,-1,0.23297942268405772,0.35,297.15993711336245,465.95884536811417,1229.0776278495987,2329.794226840679,4659.588453681108
0.9,34,se_st2,100,False,-1,0.23515529274175748,0.34,222.23095874216742,470.31058548352263,1162.8521297092498,2351.5529274175883,4703.105854835196
0.9,35,se_st2,100,False,-1,0.22680461917130532,0.35,207.33398125169848,453.6092383426085,1114.5524579369298,2268.0461917130974,4536.092383426036
0.9,36,se_st2,100,False,-1,0.233971087446627,0.35,194.05353343464196,467.94217489325104,1129.9378832211755,2339.710874466375,4679.421748932858
0.9,37,se_st2,100,False,-1,0.23538856672187944,0.35,238.6528531993227,470.77713344376576,1180.20712008686,2353.885667218768,4707.771334437485
0.9,38,se_st2,100,False,-1,0.24740854613713265,0.33,229.43915429292431,494.81709227426865,1219.0733388414794,2474.085461371322,4948.170922742491
0.9,39,se_st2,100,False,-1,0.22824999660613862,0.35,207.61212998545207,456.4999932122817,1120.6121164100207,2282.499966061395,4564.999932122655
0.9,40,se_st2,100,False,-1,0.2387152565004081,0.35,259.62008620380425,477.430513000817,1214.4811122054389,2387.1525650041203,4774.305130008642
0.9,41,se_st2,100,False,-1,0.2317306282663595,0.34,252.04555758866434,463.46125653272736,1178.9680706541587,2317.3062826636433,4634.612565326828
0.9,42,se_st2,100,False,-1,0.2268745060775072,0.35,235.20104960201851,453.749012155005,1142.6990739120647,2268.74506077503,4537.49012155023
0.9,43,se_st2,100,False,-1,0.23698259754786052,0.36,212.71867564294385,473.96519509571084,1160.6490658343635,2369.825975478543,4739.651950957447
0.9,44,se_st2,100,False,-1,0.23865977543707637,0.35,205.66813395980307,477.319550874146,1160.3072357081182,2386.597754370795,4773.195508741927
0.9,45,se_st2,100,False,-1,0.23911660399626983,0.33,254.25824326491465,478.2332079925459,1210.7246592499937,2391.166039962667,4782.332079925385
0.9,46,se_st2,100,False,-1,0.23597173755952672,0.35,247.20175780935907,471.94347511904544,1191.0887080475027,2359.7173755952986,4719.4347511904125
0.9,47,se_st2,100,False,-1,0.24667449338689695,0.33,228.45885400133102,493.3489867737926,1215.156827548874,2466.7449338689003,4933.489867738185
0.9,48,se_st2,100,False,-1,0.232419595378821,0.36,220.44823307030285,464.83919075764305,1150.1266145855616,2324.195953788213,4648.39190757618
0.9,49,se_st2,100,False,-1,0.23773694283728514,0.34,222.40346597925634,475.4738856745788,1173.3512373284386,2377.3694283729533,4754.738856745366
0.9,50,se_st2,100,False,-1,0.23333728904859927,0.35,279.16519147306,466.67457809719434,1212.5143476674148,2333.3728904858954,4666.7457809720645
0.9,51,se_st2,100,False,-1,0.2368479844723484,0.35,268.6012494270511,473.69596894470016,1215.9931873164246,2368.4798447234725,4736.959689447079
0.9,52,se_st2,100,False,-1,0.2276359078434599,0.36,287.10788557719854,455.2718156869206,1197.6515169510399,2276.3590784345374,4552.718156869138
0.9,53,se_st2,100,False,-1,0.2358935988796936,0.34,155.88725109086278,471.78719775938015,1099.4616466096759,2358.935988796962,4717.871977593892
0.9,54,se_st2,100,False,-1,0.23239343566348458,0.35,230.46365446497794,464.7868713269643,1160.037397118898,2323.9343566349366,4647.868713270328
0.9,55,se_st2,100,False,-1,0.2306947074650799,0.35,258.6764546297359,461.38941493016137,1181.4552844900759,2306.9470746508073,4613.89414930136
0.9,56,se_st2,100,False,-1,0.24148159234322292,0.36,229.86542649698364,482.96318468644404,1195.7917958698679,2414.815923432265,4829.63184686424
0.9,57,se_st2,100,False,-1,0.22831858323430315,0.35,228.36217978486647,456.6371664686099,1141.6365127220747,2283.185832342942,4566.371664686093
0.9,58,se_st2,100,False,-1,0.22939301029681058,0.34,217.09660045408407,458.7860205936206,1134.6686416413263,2293.930102968111,4587.860205935963
0.9,59,se_st2,100,False,-1,0.24185669662665846,0.35,279.4681385206269,483.71339325332144,1246.8949250272544,2418.566966266644,4837.133932533471
0.9,60,se_st2,100,False,-1,0.22765232525194012,0.34,192.96245081751994,455.3046505038755,1103.571751825274,2276.5232525193996,4553.0465050386
0.9,61,se_st2,100,False,-1,0.22578731149329415,0.35,249.47007866494283,451.5746229865873,1152.6193246381247,2257.8731149328933,4515.746229865745
0.9,62,se_st2,100,False,-1,0.2306711240717238,0.36,255.9142522347123,461.3422481434362,1178.598748521597,2306.7112407171294,4613.422481433951
0.9,63,se_st2,100,False,-1,0.22589138350689547,0.34,221.18230378568248,451.78276701379974,1124.7478378132882,2258.913835069029,4517.827670137899
0.9,64,se_st2,100,False,-1,0.22980890189531164,0.35,222.04970134308311,459.6178037906148,1141.2853089243345,2298.0890189531865,4596.178037906356
0.9,65,se_st2,100,False,-1,0.23577717197570697,0.36,191.34784108464873,471.5543439514129,1134.456528987492,2357.7717197570096,4715.543439513777
0.9,66,se_st2,100,False,-1,0.24680860642736507,0.35,204.54862188676503,493.6172128547283,1191.7830475962132,2468.0860642735433,4936.172128546891
0.9,67,se_st2,100,False,-1,0.23256945946057894,0.35,261.99521997972465,465.138918921145,1192.2730578220562,2325.6945946057367,4651.389189211547
0.9,68,se_st2,100,False,-1,0.23443742939242318,0.34,250.65100068919924,468.8748587848429,1188.400718258896,2344.374293924188,4688.748587848108
0.9,69,se_st2,100,False,-1,0.236779728908807,0.35,227.74382374386175,473.55945781760636,1174.8627393790912,2367.7972890881165,4735.5945781758155
0.9,70,se_st2,100,False,-1,0.2315330748479797,0.34,204.38544882725077,463.0661496959596,1130.5177482191546,2315.3307484797556,4630.661496959602
0.9,71,se_st2,100,False,-1,0.23385943289867278,0.35,189.96263207648593,467.71886579735093,1125.400363671143,2338.59432898672,4677.188657973703
0.9,72,se_st2,100,False,-1,0.23468567845097732,0.34,231.69391228524213,469.37135690195925,1170.4366260891418,2346.8567845097336,4693.7135690196965
0.9,73,se_st2,100,False,-1,0.24324868907808733,0.34,290.14626064410714,486.49737815618147,1263.141016956443,2432.4868907808295,4864.973781562019
0.9,74,se_st2,100,False,-1,0.24539496189135218,0.35,163.17752872194862,490.7899237827027,1144.7573762873706,2453.9496189136203,4907.899237827005
0.9,75,se_st2,100,False,-1,0.24281145547288666,0.36,276.0375139375542,485.6229109457688,1247.2833358290925,2428.1145547288647,4856.229109457928
0.9,76,se_st2,100,False,-1,0.22768772207078183,0.34,239.86380665438173,455.37544414156696,1150.6146949375257,2276.877220707815,4553.754441415391
0.9,77,se_st2,100,False,-1,0.22443297781914787,0.34,186.2769782234816,448.86595563829223,1084.0088895000722,2244.3297781914257,4488.659556383134
0.9,78,se_st2,100,False,-1,0.2365940321313035,0.34,221.1730064519532,473.1880642626027,1167.5491349771462,2365.9403213130036,4731.880642625954
0.9,79,se_st2,100,False,-1,0.2352456321016009,0.35,242.69160043928073,470.4912642031956,1183.6741288456892,2352.456321016132,4704.912642032184
0.9,80,se_st2,100,False,-1,0.2269516404768217,0.35,226.40013881294485,453.9032809536475,1134.20670072025,2269.516404768385,4539.0328095364775
0.9,81,se_st2,100,False,-1,0.23367281654205965,0.35,243.57243050910373,467.34563308411003,1178.2636966773505,2336.7281654206918,4673.456330841537
0.9,82,se_st2,100,False,-1,0.2282799845684801,0.36,166.15610888875742,456.55996913695947,1079.2760471627373,2282.7998456847395,4565.599691369089
0.9,83,se_st2,100,False,-1,0.237330818429712,0.36,222.84638722075186,474.6616368594195,1172.169660939605,2373.308184297045,4746.616368593988
0.9,84,se_st2,100,False,-1,0.241101213724786,0.36,240.09124806789438,482.202427449575,1204.496102967058,2411.0121372479657,4822.024274495883
0.9,85,se_st2,100,False,-1,0.2338251742909506,0.35,292.8419818211207,467.6503485819037,1228.1426789849609,2338.251742909535,4676.5034858190575
0.9,86,se_st2,100,False,-1,0.24097416704641123,0.35,262.68102570566697,481.94833409281244,1226.577693891369,2409.741670464297,4819.483340928373
0.9,87,se_st2,100,False,-1,0.23636272793232307,0.34,247.06690108464574,472.7254558646448,1192.5178128139305,2363.627279323253,4727.254558646398
0.9,88,se_st2,100,False,-1,0.2305235036013656,0.34,234.93793971909474,461.04700720274,1157.0319541245146,2305.235036013634,4610.470072027299
0.9,89,se_st2,100,False,-1,0.2367312205294215,0.35,230.93242126677814,473.46244105883994,1177.8573033844834,2367.31220529424,4734.624410588496
0.9,90,se_st2,100,False,-1,0.23250622859628187,0.34,263.300055604578,465.01245719256383,1193.324969989704,2325.062285962873,4650.124571925844
0.9,91,se_st2,100,False,-1,0.2377910724212311,0.35,251.52426985561482,475.582144842461,1202.6885595405265,2377.9107242123105,4755.82144842468
0.9,92,se_st2,100,False,-1,0.2399040986347576,0.36,250.39446295470387,479.80819726951563,1210.010857493737,2399.0409863476443,4798.081972695344
0.9,93,se_st2,100,False,-1,0.2358372089273271,0.35,237.5925972136599,471.6744178546605,1180.9414329229514,2358.3720892733486,4716.74417854672
0.9,94,se_st2,100,False,-1,0.2314857572993533,0.35,194.82121756406394,462.97151459870685,1120.7642467614476,2314.857572993528,4629.715145987043
0.9,95,se_st2,100,False,-1,0.2319556013033477,0.34,266.6796373640717,463.9112026066949,1194.5020425774371,2319.5560130335025,4639.112026067164
0.9,96,se_st2,100,False,-1,0.23488221009804983,0.35,273.2856192261113,469.76442019609294,1212.8144596182922,2348.8221009805816,4697.644201960942
0.9,97,se_st2,100,False,-1,0.23479932284952007,0.36,248.21118466564482,469.5986456990357,1187.4084760637024,2347.9932284951956,4695.986456990366
0.9,98,se_st2,100,False,-1,0.23446412874675834,0.35,230.87129121457014,468.9282574935125,1168.7278062015844,2344.641287467544,4689.282574935082
0.9,99,se_st2,100,False,-1,0.23523888492127443,0.34,243.50579173923015,470.47776984255466,1184.461331424289,2352.3888492127057,4704.7776984256625
0.97,0,se_st2,100,False,-1,0.2516914160141988,0.34,253.2229972033572,503.38283202839244,1259.9886612601401,2516.9141601419046,5033.828320283819
0.97,1,se_st2,100,False,-1,0.23365007040598448,0.36,243.62889946799095,467.3001408119671,1178.229181091927,2336.5007040598844,4673.001408120083
0.97,2,se_st2,100,False,-1,0.22059992754317811,0.34,228.73869512121945,441.1998550863497,1111.138405293923,2205.99927543185,4411.998550863588
0.97,3,se_st2,100,False,-1,0.22825808964592495,0.34,232.41560350727707,456.51617929185,1145.4479620909874,2282.5808964592065,4565.161792918355
0.97,4,se_st2,100,False,-1,0.22822023578487363,0.36,187.7485156588782,456.4404715697399,1100.6294587983489,2282.20235784876,4564.404715697507
0.97,5,se_st2,100,False,-1,0.2351257684204228,0.35,262.46692385279044,470.25153684084313,1202.9699975344688,2351.257684204133,4702.515368408482
0.97,6,se_st2,100,False,-1,0.2280187408807557,0.34,225.83559140937265,456.0374817615127,1137.9105549324327,2280.1874088075224,4560.374817615035
0.97,7,se_st2,100,False,-1,0.23541588730358834,0.67,262.4359987488886,470.8317746071813,1204.0995479632547,2354.1588730358844,4708.3177460722245
0.97,8,se_st2,100,False,-1,0.23946935689548535,0.36,258.8762026848356,478.93871379096555,1216.7536302667615,2394.693568954985,4789.387137910229
0.97,9,se_st2,100,False,-1,0.22949279099280545,0.33,232.61867878218277,458.9855819856043,1150.5898427534146,2294.927909928037,4589.855819856105
0.97,10,se_st2,100,False,-1,0.24748120058215986,0.36,226.36990455687265,494.9624011643236,1216.2947068855208,2474.8120058215422,4949.624011643029
0.97,11,se_st2,100,False,-1,0.22709207715769295,0.71,279.886668219304,454.1841543153868,1188.2549768500633,2270.92077157699,4541.841543154029
0.97,12,se_st2,100,False,-1,0.23491754450173574,2.03,227.14161380814932,469.8350890034755,1166.8117918150922,2349.17544501738,4698.350890034857
0.97,13,se_st2,100,False,-1,0.23653762935148875,1061.18,216.4406538576067,473.0752587029715,1162.591171263604,2365.376293514943,4730.752587029498
0.97,14,se_st2,100,False,-1,0.24794844866971544,0.64,267.02934533242984,495.8968973394413,1258.823140011325,2479.4844866970566,4958.968973393959
0.97,15,se_st2,100,False,-1,0.2401961898475542,0.41,216.77610329360337,480.3923796951078,1177.5608626838277,2401.9618984754575,4803.923796950842
0.97,16,se_st2,100,False,-1,0.2324579988321881,2.06,254.96220446763095,464.9159976643714,1184.7941997964072,2324.5799883219534,4649.159976643821
0.97,17,se_st2,100,False,-1,0.2443093763591905,1061.16,280.5611703354385,488.61875271839045,1257.7986757722376,2443.093763591873,4886.187527183373
0.97,18,se_st2,100,False,-1,0.2400512163437433,0.55,241.84567264383801,480.102432687484,1202.0505380187972,2400.512163437456,4801.024326875082
0.97,19,se_st2,100,False,-1,0.23115994755090047,0.41,251.46087302156045,462.31989510178846,1176.1006632251715,2311.5994755091074,4623.198951018427
0.97,20,se_st2,100,False,-1,0.2497621681288793,0.41,198.62890962121193,499.52433625774984,1197.6775821367114,2497.621681288692,4995.243362577598
0.97,21,se_st2,100,False,-1,0.22991467115635744,0.38,204.37826293640092,459.82934231271656,1124.0369475618236,2299.1467115635896,4598.293423126888
0.97,22,se_st2,100,False,-1,0.23138513480686007,0.38,203.02515388062756,462.770269613729,1128.5656931080782,2313.8513480686133,4627.702696137215
0.97,23,se_st2,100,False,-1,0.2274486861640686,0.34,232.9350368600352,454.89737232813894,1142.7297815162835,2274.4868616405547,4548.97372328108
0.97,24,se_st2,100,False,-1,0.24332841650332027,0.38,252.29259458650267,486.65683300665,1225.6062605997656,2433.2841650330715,4866.568330066087
0.97,25,se_st2,100,False,-1,0.23984528106606953,0.41,243.49747612868114,479.6905621321345,1202.8786003929226,2398.4528106606504,4796.905621321743
0.97,26,se_st2,100,False,-1,0.24389600867094088,0.36,243.60577001517612,487.79201734188547,1219.1898046989713,2438.960086709421,4877.920173419187
0.97,27,se_st2,100,False,-1,0.23278600638099858,0.34,227.9631943399932,465.5720127619998,1159.1072198639915,2327.860063810009,4655.7201276201995
0.97,28,se_st2,100,False,-1,0.2263601791146184,0.36,222.0955402757409,452.7203582292365,1127.5362567342213,2263.6017911461763,4527.2035822925045
0.97,29,se_st2,100,False,-1,0.2273652374668558,0.36,165.54012237410447,454.7304749337141,1075.0010722415223,2273.6523746684493,4547.304749336838
0.97,30,se_st2,100,False,-1,0.2351386815320606,0.33,261.934257869307,470.2773630641209,1202.48898399756,2351.3868153205663,4702.773630641207
0.97,31,se_st2,100,False,-1,0.23440172694386344,0.32,200.8536150397544,468.80345388772304,1138.4605228151775,2344.0172694386383,4688.03453887752
0.97,32,se_st2,100,False,-1,0.22643645129947298,0.36,181.82638661715794,452.87290259894655,1087.5721918150723,2264.3645129948245,4528.729025989276
0.97,33,se_st2,100,False,-1,0.23297942268405772,0.35,297.15993711336245,465.95884536811417,1229.0776278495987,2329.794226840679,4659.588453681108
0.97,34,se_st2,100,False,-1,0.23515529274175748,0.34,222.23095874216742,470.31058548352263,1162.8521297092498,2351.5529274175883,4703.105854835196
0.97,35,se_st2,100,False,-1,0.22680461917130532,0.35,207.33398125169848,453.6092383426085,1114.5524579369298,2268.0461917130974,4536.092383426036
0.97,36,se_st2,100,False,-1,0.233971087446627,0.35,194.05353343464196,467.94217489325104,1129.9378832211755,2339.710874466375,4679.421748932858
0.97,37,se_st2,100,False,-1,0.23538856672187944,0.34,238.6528531993227,470.77713344376576,1180.20712008686,2353.885667218768,4707.771334437485
0.97,38,se_st2,100,False,-1,0.24740854613713265,0.33,229.43915429292431,494.81709227426865,1219.0733388414794,2474.085461371322,4948.170922742491
0.97,39,se_st2,100,False,-1,0.22824999660613862,0.36,207.61212998545207,456.4999932122817,1120.6121164100207,2282.499966061395,4564.999932122655
0.97,40,se_st2,100,False,-1,0.2387152565004081,0.34,259.62008620380425,477.430513000817,1214.4811122054389,2387.1525650041203,4774.305130008642
0.97,41,se_st2,100,False,-1,0.2317306282663595,0.34,252.04555758866434,463.46125653272736,1178.9680706541587,2317.3062826636433,4634.612565326828
0.97,42,se_st2,100,False,-1,0.2268745060775072,0.35,235.20104960201851,453.749012155005,1142.6990739120647,2268.74506077503,4537.49012155023
0.97,43,se_st2,100,False,-1,0.23698259754786052,0.42,212.71867564294385,473.96519509571084,1160.6490658343635,2369.825975478543,4739.651950957447
0.97,44,se_st2,100,False,-1,0.23865977543707637,0.37,205.66813395980307,477.319550874146,1160.3072357081182,2386.597754370795,4773.195508741927
0.97,45,se_st2,100,False,-1,0.23911660399626983,0.34,254.25824326491465,478.2332079925459,1210.7246592499937,2391.166039962667,4782.332079925385
0.97,46,se_st2,100,False,-1,0.23597173755952672,0.32,247.20175780935907,471.94347511904544,1191.0887080475027,2359.7173755952986,4719.4347511904125
0.97,47,se_st2,100,False,-1,0.24667449338689695,0.35,228.45885400133102,493.3489867737926,1215.156827548874,2466.7449338689003,4933.489867738185
0.97,48,se_st2,100,False,-1,0.232419595378821,0.35,220.44823307030285,464.83919075764305,1150.1266145855616,2324.195953788213,4648.39190757618
0.97,49,se_st2,100,False,-1,0.23773694283728514,0.34,222.40346597925634,475.4738856745788,1173.3512373284386,2377.3694283729533,4754.738856745366
0.97,50,se_st2,100,False,-1,0.23333728904859927,0.36,279.16519147306,466.67457809719434,1212.5143476674148,2333.3728904858954,4666.7457809720645
0.97,51,se_st2,100,False,-1,0.2368479844723484,0.35,268.6012494270511,473.69596894470016,1215.9931873164246,2368.4798447234725,4736.959689447079
0.97,52,se_st2,100,False,-1,0.2276359078434599,0.35,287.10788557719854,455.2718156869206,1197.6515169510399,2276.3590784345374,4552.718156869138
0.97,53,se_st2,100,False,-1,0.2358935988796936,0.33,155.88725109086278,471.78719775938015,1099.4616466096759,2358.935988796962,4717.871977593892
0.97,54,se_st2,100,False,-1,0.23239343566348458,0.35,230.46365446497794,464.7868713269643,1160.037397118898,2323.9343566349366,4647.868713270328
0.97,55,se_st2,100,False,-1,0.2306947074650799,0.35,258.6764546297359,461.38941493016137,1181.4552844900759,2306.9470746508073,4613.89414930136
0.97,56,se_st2,100,False,-1,0.24148159234322292,0.37,229.86542649698364,482.96318468644404,1195.7917958698679,2414.815923432265,4829.63184686424
0.97,57,se_st2,100,False,-1,0.22831858323430315,0.35,228.36217978486647,456.6371664686099,1141.6365127220747,2283.185832342942,4566.371664686093
0.97,58,se_st2,100,False,-1,0.22939301029681058,0.34,217.09660045408407,458.7860205936206,1134.6686416413263,2293.930102968111,4587.860205935963
0.97,59,se_st2,100,False,-1,0.24185669662665846,0.34,279.4681385206269,483.71339325332144,1246.8949250272544,2418.566966266644,4837.133932533471
0.97,60,se_st2,100,False,-1,0.22765232525194012,0.36,192.96245081751994,455.3046505038755,1103.571751825274,2276.5232525193996,4553.0465050386
0.97,61,se_st2,100,False,-1,0.22578731149329415,0.36,249.47007866494283,451.5746229865873,1152.6193246381247,2257.8731149328933,4515.746229865745
0.97,62,se_st2,100,False,-1,0.2306711240717238,0.34,255.9142522347123,461.3422481434362,1178.598748521597,2306.7112407171294,4613.422481433951
0.97,63,se_st2,100,False,-1,0.22589138350689547,0.35,221.18230378568248,451.78276701379974,1124.7478378132882,2258.913835069029,4517.827670137899
0.97,64,se_st2,100,False,-1,0.22980890189531164,0.35,222.04970134308311,459.6178037906148,1141.2853089243345,2298.0890189531865,4596.178037906356
0.97,65,se_st2,100,False,-1,0.23577717197570697,0.36,191.34784108464873,471.5543439514129,1134.456528987492,2357.7717197570096,4715.543439513777
0.97,66,se_st2,100,False,-1,0.24680860642736507,0.36,204.54862188676503,493.6172128547283,1191.7830475962132,2468.0860642735433,4936.172128546891
0.97,67,se_st2,100,False,-1,0.23256945946057894,0.32,261.99521997972465,465.138918921145,1192.2730578220562,2325.6945946057367,4651.389189211547
0.97,68,se_st2,100,False,-1,0.23443742939242318,0.38,250.65100068919924,468.8748587848429,1188.400718258896,2344.374293924188,4688.748587848108
0.97,69,se_st2,100,False,-1,0.236779728908807,0.35,227.74382374386175,473.55945781760636,1174.8627393790912,2367.7972890881165,4735.5945781758155
0.97,70,se_st2,100,False,-1,0.2315330748479797,0.38,204.38544882725077,463.0661496959596,1130.5177482191546,2315.3307484797556,4630.661496959602
0.97,71,se_st2,100,False,-1,0.23385943289867278,0.6,189.96263207648593,467.71886579735093,1125.400363671143,2338.59432898672,4677.188657973703
0.97,72,se_st2,100,False,-1,0.23468567845097732,0.37,231.69391228524213,469.37135690195925,1170.4366260891418,2346.8567845097336,4693.7135690196965
0.97,73,se_st2,100,False,-1,0.24324868907808733,0.34,290.14626064410714,486.49737815618147,1263.141016956443,2432.4868907808295,4864.973781562019
0.97,74,se_st2,100,False,-1,0.24539496189135218,0.54,163.17752872194862,490.7899237827027,1144.7573762873706,2453.9496189136203,4907.899237827005
0.97,75,se_st2,100,False,-1,0.24281145547288666,0.52,276.0375139375542,485.6229109457688,1247.2833358290925,2428.1145547288647,4856.229109457928
0.97,76,se_st2,100,False,-1,0.22768772207078183,0.4,239.86380665438173,455.37544414156696,1150.6146949375257,2276.877220707815,4553.754441415391
0.97,77,se_st2,100,False,-1,0.22443297781914787,0.38,186.2769782234816,448.86595563829223,1084.0088895000722,2244.3297781914257,4488.659556383134
0.97,78,se_st2,100,False,-1,0.2365940321313035,0.37,221.1730064519532,473.1880642626027,1167.5491349771462,2365.9403213130036,4731.880642625954
0.97,79,se_st2,100,False,-1,0.2352456321016009,0.38,242.69160043928073,470.4912642031956,1183.6741288456892,2352.456321016132,4704.912642032184
0.97,80,se_st2,100,False,-1,0.2269516404768217,0.33,226.40013881294485,453.9032809536475,1134.20670072025,2269.516404768385,4539.0328095364775
0.97,81,se_st2,100,False,-1,0.23367281654205965,0.33,243.57243050910373,467.34563308411003,1178.2636966773505,2336.7281654206918,4673.456330841537
0.97,82,se_st2,100,False,-1,0.2282799845684801,0.39,166.15610888875742,456.55996913695947,1079.2760471627373,2282.7998456847395,4565.599691369089
0.97,83,se_st2,100,False,-1,0.237330818429712,0.36,222.84638722075186,474.6616368594195,1172.169660939605,2373.308184297045,4746.616368593988
0.97,84,se_st2,100,False,-1,0.241101213724786,0.36,240.09124806789438,482.202427449575,1204.496102967058,2411.0121372479657,4822.024274495883
0.97,85,se_st2,100,False,-1,0.2338251742909506,0.34,292.8419818211207,467.6503485819037,1228.1426789849609,2338.251742909535,4676.5034858190575
0.97,86,se_st2,100,False,-1,0.24097416704641123,0.35,262.68102570566697,481.94833409281244,1226.577693891369,2409.741670464297,4819.483340928373
0.97,87,se_st2,100,False,-1,0.23636272793232307,0.35,247.06690108464574,472.7254558646448,1192.5178128139305,2363.627279323253,4727.254558646398
0.97,88,se_st2,100,False,-1,0.2305235036013656,0.37,234.93793971909474,461.04700720274,1157.0319541245146,2305.235036013634,4610.470072027299
0.97,89,se_st2,100,False,-1,0.2367312205294215,0.34,230.93242126677814,473.46244105883994,1177.8573033844834,2367.31220529424,4734.624410588496
0.97,90,se_st2,100,False,-1,0.23250622859628187,0.35,263.300055604578,465.01245719256383,1193.324969989704,2325.062285962873,4650.124571925844
0.97,91,se_st2,100,False,-1,0.2377910724212311,0.42,251.52426985561482,475.582144842461,1202.6885595405265,2377.9107242123105,4755.82144842468
0.97,92,se_st2,100,False,-1,0.2399040986347576,0.37,250.39446295470387,479.80819726951563,1210.010857493737,2399.0409863476443,4798.081972695344
0.97,93,se_st2,100,False,-1,0.2358372089273271,0.4,237.5925972136599,471.6744178546605,1180.9414329229514,2358.3720892733486,4716.74417854672
0.97,94,se_st2,100,False,-1,0.2314857572993533,0.35,194.82121756406394,462.97151459870685,1120.7642467614476,2314.857572993528,4629.715145987043
0.97,95,se_st2,100,False,-1,0.2319556013033477,0.37,266.6796373640717,463.9112026066949,1194.5020425774371,2319.5560130335025,4639.112026067164
0.97,96,se_st2,100,False,-1,0.23488221009804983,0.37,273.2856192261113,469.76442019609294,1212.8144596182922,2348.8221009805816,4697.644201960942
0.97,97,se_st2,100,False,-1,0.23479932284952007,0.34,248.21118466564482,469.5986456990357,1187.4084760637024,2347.9932284951956,4695.986456990366
0.97,98,se_st2,100,False,-1,0.23446412874675834,0.39,230.87129121457014,468.9282574935125,1168.7278062015844,2344.641287467544,4689.282574935082
0.97,99,se_st2,100,False,-1,0.23523888492127443,0.33,243.50579173923015,470.47776984255466,1184.461331424289,2352.3888492127057,4704.7776984256625
0.0,0,se_iid,1,False,-1,0.2008078048962958,0.53,251.69141601419832,503.38283202840046,1258.457080071004,2516.5759197811863,4840.662326527834
0.0,1,se_iid,1,False,-1,0.16335709898716463,0.48,233.65007040598377,467.3001408119668,1168.2503520299308,2336.5007040599166,4401.116804083945
0.0,2,se_iid,1,False,-1,0.22059992754317811,0.42,220.59992754317864,441.19985508635295,1102.999637715882,2205.9992754318555,4411.998550863608
0.0,3,se_iid,1,False,-1,0.21328179072375364,0.44,228.258089645925,456.51617929184994,1141.2904482296224,2282.580896459196,4520.45156532018
0.0,4,se_iid,1,False,-1,0.18501657510563085,0.48,228.22023578487315,456.44047156974244,1141.101178924365,2282.202357848761,4415.835780849329
0.0,5,se_iid,1,False,-1,0.22388632856103385,0.45,235.1257684204241,470.25153684084967,1175.6288421020872,2351.257684204161,4664.084701787932
0.0,6,se_iid,1,False,-1,0.16823373339398104,0.45,228.0187408807533,456.037481761509,1140.0937044037998,2280.1874088074937,4429.308883053032
0.0,7,se_iid,1,False,-1,0.23009727729927346,0.41,235.41588730358785,470.83177460718144,1177.0794365179406,2354.158873035871,4685.001147791616
0.0,8,se_iid,1,False,-1,0.21798619595810118,0.42,239.46935689548647,478.9387137909702,1197.3467844774254,2393.871078768118,4679.669340072544
0.0,9,se_iid,1,False,-1,0.18642787474162173,0.42,229.49279099280508,458.9855819856099,1147.4639549640283,2294.9279099279797,4444.349264378369
0.0,10,se_iid,1,False,-1,0.22589621322682502,0.4,247.4812005821591,494.9624011643223,1237.406002910794,2474.8120058215195,4906.454036932467
0.0,11,se_iid,1,False,-1,0.2213407567036775,0.38,227.09207715769355,454.18415431538875,1135.4603857884656,2270.9207715770303,4510.050212477771
0.0,12,se_iid,1,False,-1,0.2349175445017357,0.44,234.91754450173553,469.83508900347584,1174.5877225086663,2349.1754450173576,4698.350890034819
0.0,13,se_iid,1,False,-1,0.22241336968254813,0.42,236.5376293514873,473.0752587029729,1182.6881467574738,2331.464135215381,4601.781612444431
0.0,14,se_iid,1,False,-1,0.19078952855427753,0.44,247.94844866971647,495.8968973394367,1239.7422433485772,2479.4844866970457,4792.807653978848
0.0,15,se_iid,1,False,-1,0.19385122820934328,0.42,240.19618984755397,480.3923796951034,1200.9809492377833,2401.9618984755093,4635.431467219371
0.0,16,se_iid,1,False,-1,0.1916104119279581,0.44,232.45799883218885,464.9159976643725,1162.2899941609714,2324.5799883219133,4417.722732386247
0.0,17,se_iid,1,False,-1,0.188523831204548,0.45,244.30937635918997,488.61875271838437,1221.5468817959775,2443.0937635918967,4663.132888059017
0.0,18,se_iid,1,False,-1,0.2130365907956175,0.46,240.05121634374342,480.10243268748746,1200.2560817187032,2400.512163437478,4738.968185026568
0.0,19,se_iid,1,False,-1,0.22199573114047036,0.45,231.15994755089932,462.3198951017975,1155.79973775451,2311.59947550904,4568.414136639308
0.0,20,se_iid,1,False,-1,0.23371044399145144,0.47,249.7621681288806,499.52433625775154,1248.8108406443869,2497.621681288719,4929.306639563781
0.0,21,se_iid,1,False,-1,0.2251668105756911,0.49,229.914671156358,459.82934231271474,1149.573355781786,2299.1467115636146,4588.79770196553
0.0,22,se_iid,1,False,-1,0.21990072356248122,0.42,231.3851348068597,462.7702696137218,1156.9256740343087,2313.851348068608,4597.228572493658
0.0,23,se_iid,1,False,-1,0.2274486861640686,0.44,227.44868616406822,454.897372328135,1137.2434308203344,2274.486861640597,4548.973723281123
0.0,24,se_iid,1,False,-1,0.1824437189029616,0.41,243.3284165033209,486.65683300664637,1216.6420825165824,2433.2841650330856,4693.65634640887
0.0,25,se_iid,1,False,-1,0.20155648245963093,0.44,239.84528106607,479.69056213213736,1199.2264053303225,2398.4528106606795,4688.487661030798
0.0,26,se_iid,1,False,-1,0.22916150901161172,0.42,243.89600867094182,487.7920173418807,1219.4800433547123,2438.9600867093914,4844.847398511586
0.0,27,se_iid,1,False,-1,0.17126423810270153,0.46,232.7860063809979,465.5720127619971,1163.930031905003,2303.1327312785484,4144.72105001959
0.0,28,se_iid,1,False,-1,0.2263601791146184,0.42,226.36017911461707,452.7203582292329,1131.8008955730982,2263.6017911461845,4527.203582292542
0.0,29,se_iid,1,False,-1,0.2085986857917823,0.47,227.36523746685467,454.730474933715,1136.8261873342674,2273.652374668458,4468.023487809776
0.0,30,se_iid,1,False,-1,0.14831231124090669,0.43,235.13868153206016,470.2773630641235,1175.6934076602956,2351.3868153205735,4367.423795733521
0.0,31,se_iid,1,False,-1,0.2189819806717711,0.46,234.40172694386374,468.80345388772486,1172.0086347193078,2344.01726943867,4611.850094412215
0.0,32,se_iid,1,False,-1,0.22325145788503659,0.47,226.4364512994736,452.87290259894564,1132.1822564973768,2264.3645129947913,4522.35903916035
0.0,33,se_iid,1,False,-1,0.13119338700241936,0.46,232.97942268405774,465.95884536811405,1164.89711342031,2329.7942268406623,4190.172272491885
0.0,34,se_iid,1,False,-1,0.22675708352703947,0.44,235.1552927417584,470.31058548351587,1175.776463708796,2351.5529274175537,4654.8523239864635
0.0,35,se_iid,1,False,-1,0.16813852358403725,0.47,226.8046191713064,453.6092383426085,1134.0230958565278,2268.046191713111,4247.28070883489
0.0,36,se_iid,1,False,-1,0.2203129352378821,0.47,233.97108744662683,467.94217489325456,1169.8554372331323,2339.7108744663283,4635.782791780163
0.0,37,se_iid,1,False,-1,0.18641333578238267,0.45,235.3885667218773,470.777133443765,1176.9428336094163,2353.8856672187885,4545.2423259790885
0.0,38,se_iid,1,False,-1,0.14413117829765917,0.43,247.40854613713205,494.81709227426654,1237.0427306856784,2474.0854613713454,4678.975583727851
0.0,39,se_iid,1,False,-1,0.2130720439385029,0.46,228.2499966061394,456.49999321227773,1141.2499830306947,2282.499966061401,4468.120936285008
0.0,40,se_iid,1,False,-1,0.22518453448252992,0.44,238.71525650040772,477.4305130008124,1193.5762825020377,2387.1525650041244,4739.22104755862
0.0,41,se_iid,1,False,-1,0.19600554885432225,0.42,231.73062826635885,463.46125653272594,1158.6531413318378,2317.306282663625,4490.717039710223
0.0,42,se_iid,1,False,-1,0.20891507231376852,0.41,226.8745060775074,453.7490121550099,1134.372530387541,2268.7450607750498,4438.929501545261
0.0,43,se_iid,1,False,-1,0.22837746595163194,0.47,236.98259754786017,473.96519509571664,1184.9129877392863,2369.8259754785327,4721.380352868726
0.0,44,se_iid,1,False,-1,0.1716352170302842,0.43,238.65977543707592,477.31955087415,1193.2988771853923,2386.597754370809,4302.116616297505
0.0,45,se_iid,1,False,-1,0.2160663752436243,0.45,239.1166039962698,478.233207992541,1195.5830199813465,2391.166039962676,4713.544227276796
0.0,46,se_iid,1,False,-1,0.23068427543677802,0.41,235.97173755952633,471.9434751190477,1179.8586877976552,2359.717375595272,4708.8598269448075
0.0,47,se_iid,1,False,-1,0.1887796643007961,0.45,246.67449338689772,493.3489867737917,1233.3724669344588,2466.7449338689194,4691.669572271688
0.0,48,se_iid,1,False,-1,0.13311366777046335,0.46,232.4195953788219,464.8391907576451,1162.0979768940856,2322.309113673162,4119.07078520247
0.0,49,se_iid,1,False,-1,0.23773694283728514,0.47,237.73694283728412,475.47388567457375,1188.6847141864637,2377.369428372931,4754.738856745333
0.0,50,se_iid,1,False,-1,0.22495150207080455,0.49,233.3372890485999,466.6745780971977,1166.6864452429638,2333.3728904859076,4639.931041363258
0.0,51,se_iid,1,False,-1,0.21944200718746976,0.46,236.84798447234888,473.6959689447023,1184.2399223617067,2368.4798447234803,4670.469083265276
0.0,52,se_iid,1,False,-1,0.1885039593916415,0.46,227.6359078434599,455.27181568691816,1138.1795392173174,2276.359078434548,4473.405005971647
0.0,53,se_iid,1,False,-1,0.21428484959305524,0.51,235.8935988796933,471.78719775938623,1179.4679943984897,2358.9359887969545,4616.931325305301
0.0,54,se_iid,1,False,-1,0.2202236643586291,0.46,232.39343566348492,464.78687132696746,1161.9671783174153,2323.9343566349808,4603.824661180009
0.0,55,se_iid,1,False,-1,0.15788441071338763,0.46,230.69470746507926,461.38941493015864,1153.4735373254155,2306.9470746508177,4314.831856873061
0.0,56,se_iid,1,False,-1,0.228300144837261,0.41,241.4815923432223,482.9631846864452,1207.4079617161158,2414.8159234322975,4803.268951852428
0.0,57,se_iid,1,False,-1,0.20862361099363866,0.43,228.3185832343047,456.63716646860627,1141.5929161715128,2283.1858323429665,4515.3252096437445
0.0,58,se_iid,1,False,-1,0.18744424449991304,0.41,229.3930102968103,458.78602059362197,1146.9650514840525,2293.93010296809,4458.923391237323
0.0,59,se_iid,1,False,-1,0.21136591741162467,0.46,241.85669662665808,483.71339325331894,1209.2834831332975,2418.5669662666096,4772.630753467822
0.0,60,se_iid,1,False,-1,0.22765232525194012,0.44,227.6523252519411,455.3046505038849,1138.2616262597137,2276.523252519405,4553.046505038605
0.0,61,se_iid,1,False,-1,0.18064879611943138,0.43,225.78731149329366,451.5746229865907,1128.9365574664785,2257.8731149328887,4138.007317169861
0.0,62,se_iid,1,False,-1,0.224458624414878,0.41,230.67112407172365,461.3422481434483,1153.3556203586245,2306.7112407171426,4594.85447829719
0.0,63,se_iid,1,False,-1,0.215509722188004,0.41,225.89138350689527,451.7827670137918,1129.4569175344923,2258.913835068997,4468.836248813187
0.0,64,se_iid,1,False,-1,0.2144043159481378,0.45,229.80890189531198,459.61780379061526,1149.0445094765562,2298.0890189532283,4555.869664489201
0.0,65,se_iid,1,False,-1,0.18087771317061657,0.43,235.77717197570723,471.55434395141407,1178.8858598785555,2357.771719757031,4601.043314363686
0.0,66,se_iid,1,False,-1,0.2389212803430146,0.45,246.80860642736656,493.6172128547316,1234.0430321368322,2468.086064273566,4920.397476378081
0.0,67,se_iid,1,False,-1,0.18544388748669458,0.43,232.5694594605793,465.13891892115475,1162.847297302914,2325.6945946057604,4468.454350689957
0.0,68,se_iid,1,False,-1,0.22375606034680157,0.48,234.43742939242333,468.87485878484654,1172.1871469621244,2344.374293924183,4663.003158716241
0.0,69,se_iid,1,False,-1,0.22852915550755226,0.45,236.77972890880648,473.55945781761244,1183.8986445440373,2367.7972890881324,4711.658596904389
0.0,70,se_iid,1,False,-1,0.2065086623787884,0.41,231.53307484798043,463.06614969596023,1157.6653742398817,2315.3307484797797,4527.7103534426105
0.0,71,se_iid,1,False,-1,0.18982831394704788,0.45,233.85943289867288,467.71886579734957,1169.297164493338,2338.5943289867096,4524.561549247747
0.0,72,se_iid,1,False,-1,0.1358198452012429,0.41,234.6856784509768,469.371356901955,1173.4283922548875,2346.8567845097227,4357.97132962226
0.0,73,se_iid,1,False,-1,0.1671655733490289,0.41,243.24868907808627,486.49737815617544,1216.2434453904202,2424.9049052255323,4306.602735391442
0.0,74,se_iid,1,False,-1,0.20067066721671079,0.45,245.39496189135255,490.78992378269976,1226.9748094567797,2453.949618913586,4748.421726823774
0.0,75,se_iid,1,False,-1,0.23041114450342978,0.44,242.81145547288693,485.62291094577347,1214.0572773644128,2428.114554728866,4827.411375150447
0.0,76,se_iid,1,False,-1,0.1872310688011727,0.45,227.687722070783,455.37544414156383,1138.4386103539152,2276.8772207078255,4402.625571889624
0.0,77,se_iid,1,False,-1,0.21004071682430578,0.43,224.43297781914873,448.8659556382926,1122.1648890957265,2244.3297781914553,4447.006318297884
0.0,78,se_iid,1,False,-1,0.16676992700152532,0.46,236.59403213130398,473.18806426260613,1182.970160656504,2365.940321312972,4482.185650944604
0.0,79,se_iid,1,False,-1,0.19803732568733615,0.41,235.24563210159954,470.4912642031974,1176.2281605080132,2352.4563210161305,4575.253142343022
0.0,80,se_iid,1,False,-1,0.21807330683474682,0.44,226.95164047682223,453.90328095364845,1134.7582023841092,2269.5164047683375,4505.9679477703
0.0,81,se_iid,1,False,-1,0.23367281654205965,0.44,233.67281654205883,467.3456330841131,1168.3640827103225,2336.7281654207054,4673.45633084153
0.0,82,se_iid,1,False,-1,0.22827998456848,0.47,228.27998456847942,456.55996913695844,1141.3999228424443,2282.7998456847536,4565.599691369108
0.0,83,se_iid,1,False,-1,0.1803158221333059,0.41,237.33081842971202,474.6616368594236,1186.6540921485662,2373.3081842971183,4598.984314682956
0.0,84,se_iid,1,False,-1,0.21343565674926598,0.45,241.10121372478602,482.20242744957267,1205.5060686239456,2411.0121372479553,4747.164120705307
0.0,85,se_iid,1,False,-1,0.22714857402344074,0.4,233.82517429094978,467.65034858190285,1169.1258714547623,2338.251742909558,4642.60713966432
0.0,86,se_iid,1,False,-1,0.20387769883797327,0.41,240.97416704641165,481.9483340928179,1204.8708352320934,2409.741670464307,4680.235300520028
0.0,87,se_iid,1,False,-1,0.2137975580237801,0.46,236.3627279323232,472.7254558646483,1181.8136396616003,2363.627279323199,4655.40062119506
0.0,88,se_iid,1,False,-1,0.2128171443809477,0.44,230.52350360136631,461.04700720273337,1152.6175180068012,2305.235036013635,4543.615595531315
0.0,89,se_iid,1,False,-1,0.1790155060637069,0.46,236.7312205294202,473.46244105884375,1183.6561026471152,2367.312205294259,4579.1735509596165
0.0,90,se_iid,1,False,-1,0.1812487025847894,0.47,232.50622859628288,465.01245719255957,1162.5311429814008,2303.463185709759,4301.707948071183
0.0,91,se_iid,1,False,-1,0.2015674219077976,0.48,237.79107242122973,475.58214484245826,1188.9553621061561,2377.9107242123405,4593.099153409807
0.0,92,se_iid,1,False,-1,0.0959806184023162,0.44,239.90409863475566,479.8081972695139,1199.5204931737815,2399.040986347584,4093.495495821184
0.0,93,se_iid,1,False,-1,0.22291494180026053,0.46,235.83720892732669,471.6744178546514,1179.1860446365993,2358.3720892733077,4674.4957547171725
0.0,94,se_iid,1,False,-1,0.2202202625640887,0.45,231.485757299353,462.97151459870605,1157.4287864967357,2314.857572993542,4602.459167597081
0.0,95,se_iid,1,False,-1,0.17299936653634715,0.43,231.95560130334766,463.91120260669663,1159.7780065167099,2319.556013033497,4338.548846415415
0.0,96,se_iid,1,False,-1,0.14843858699464077,0.42,234.88221009804937,469.764420196099,1174.4110504902399,2348.822100980561,4412.240698954815
0.0,97,se_iid,1,False,-1,0.22133248620530516,0.46,234.79932284951943,469.59864569903397,1173.9966142476164,2347.993228495215,4668.761291396949
0.0,98,se_iid,1,False,-1,0.22243217318940825,0.44,234.46412874675758,468.92825749351687,1172.3206437337992,2344.641287467582,4645.889500715495
0.0,99,se_iid,1,False,-1,0.21921912690603795,0.4,235.23888492127284,470.47776984254824,1176.1944246063604,2352.3888492127126,4672.73818239521
0.9,0,se_iid,1,False,-1,0.19927424519203232,0.43,251.69141601419832,503.38283202840046,1258.457080071004,2516.914160141902,4851.370038588922
0.9,1,se_iid,1,False,-1,0.1621816533787946,0.43,233.65007040598377,467.3001408119668,1168.2503520299308,2336.5007040599166,4464.251190266544
0.9,2,se_iid,1,False,-1,0.22059992754317811,0.46,220.59992754317864,441.19985508635295,1102.999637715882,2205.9992754318555,4411.998550863608
0.9,3,se_iid,1,False,-1,0.2024298785105608,0.46,228.258089645925,456.51617929184994,1141.2904482296224,2282.580896459196,4476.957415186328
0.9,4,se_iid,1,False,-1,0.21145398472513396,0.41,228.22023578487315,456.44047156974244,1141.101178924365,2282.202357848761,4520.364821918704
0.9,5,se_iid,1,False,-1,0.22245169944577403,0.46,235.1257684204241,470.25153684084967,1175.6288421020872,2351.257684204161,4598.517725592101
0.9,6,se_iid,1,False,-1,0.15617482168573382,0.46,228.0187408807533,456.037481761509,1140.0937044037998,2280.1874088074937,4357.1176068479135
0.9,7,se_iid,1,False,-1,0.23456173759648002,0.45,235.41588730358785,470.83177460718144,1177.0794365179406,2354.158873035871,4706.609446657952
0.9,8,se_iid,1,False,-1,0.21875539110657355,0.48,239.46935689548647,478.9387137909702,1197.3467844774254,2383.3585865186483,4673.945634545264
0.9,9,se_iid,1,False,-1,0.021196351407375948,0.43,229.49279099280508,458.9855819856099,1147.4639549640283,2141.3821401143077,2920.5358439076563
0.9,10,se_iid,1,False,-1,0.22548620914663425,0.48,247.4812005821591,494.9624011643223,1237.406002910794,2474.8120058215195,4902.953832739157
0.9,11,se_iid,1,False,-1,0.20627164877094903,0.46,227.09207715769355,454.18415431538875,1135.4603857884656,2270.9207715770303,4478.813770374562
0.9,12,se_iid,1,False,-1,0.2303580747987307,0.45,234.91754450173553,469.83508900347584,1174.5877225086663,2349.1754450173576,4689.2319506288395
0.9,13,se_iid,1,False,-1,0.19420262871645372,0.48,236.5376293514873,473.0752587029729,1182.6881467574738,2365.3762935149402,4578.04547906413
0.9,14,se_iid,1,False,-1,0.21929522906692417,0.45,247.94844866971647,495.8968973394367,1239.7422433485772,2479.4844866970457,4798.499826781254
0.9,15,se_iid,1,False,-1,0.17823823681646211,0.45,240.19618984755397,480.3923796951034,1200.9809492377833,2401.9618984755093,4539.1827378605785
0.9,16,se_iid,1,False,-1,0.2092388525953341,0.44,232.45799883218885,464.9159976643725,1162.2899941609714,2324.5799883219133,4572.230371623609
0.9,17,se_iid,1,False,-1,0.1898778722293933,0.43,244.30937635918997,488.61875271838437,1221.5468817959775,2435.2382480506258,4555.941843144036
0.9,18,se_iid,1,False,-1,0.20383204114123224,0.47,240.05121634374342,480.10243268748746,1200.2560817187032,2400.512163437478,4706.845557412903
0.9,19,se_iid,1,False,-1,0.18708231908337286,0.45,231.15994755089932,462.3198951017975,1155.79973775451,2311.59947550904,4450.104223858084
0.9,20,se_iid,1,False,-1,0.23354104162202333,0.43,249.7621681288806,499.52433625775154,1248.8108406443869,2497.621681288719,4899.864619079229
0.9,21,se_iid,1,False,-1,0.22991467115635736,0.46,229.914671156358,459.82934231271474,1149.573355781786,2299.1467115636146,4598.293423126896
0.9,22,se_iid,1,False,-1,0.23043922663811908,0.46,231.3851348068597,462.7702696137218,1156.9256740343087,2313.851348068608,4625.81087979974
0.9,23,se_iid,1,False,-1,0.21671644114674743,0.44,227.44868616406822,454.897372328135,1137.2434308203344,2274.486861640597,4523.734257746878
0.9,24,se_iid,1,False,-1,0.2031404786149851,0.43,243.3284165033209,486.65683300664637,1216.6420825165824,2433.2841650330856,4725.908991738996
0.9,25,se_iid,1,False,-1,0.22502702854007448,0.42,239.84528106607,479.69056213213736,1199.2264053303225,2398.4528106606795,4717.459580959633
0.9,26,se_iid,1,False,-1,0.1993677070121919,0.41,243.89600867094182,487.7920173418807,1219.4800433547123,2438.9600867093914,4720.8745131579535
0.9,27,se_iid,1,False,-1,0.11022973967070532,0.44,232.7860063809979,465.5720127619971,1163.930031905003,2285.497075225517,3783.383833001102
0.9,28,se_iid,1,False,-1,0.2203880544791323,0.43,226.36017911461707,452.7203582292329,1131.8008955730982,2263.6017911461845,4513.538852377115
0.9,29,se_iid,1,False,-1,0.20908644388780243,0.44,227.36523746685467,454.730474933715,1136.8261873342674,2273.652374668458,4424.299143687725
0.9,30,se_iid,1,False,-1,0.11252985673211334,0.46,235.13868153206016,470.2773630641235,1175.6934076602956,2303.821374945288,3818.152985938883
0.9,31,se_iid,1,False,-1,0.1707481135452414,0.42,234.40172694386374,468.80345388772486,1172.0086347193078,2331.0407505849876,4326.632257353338
0.9,32,se_iid,1,False,-1,0.21814391620797613,0.48,226.4364512994736,452.87290259894564,1132.1822564973768,2264.3645129947913,4497.157403786062
0.9,33,se_iid,1,False,-1,0.21240645362576185,0.45,232.97942268405774,465.95884536811405,1164.89711342031,2329.7942268406623,4567.275986427607
0.9,34,se_iid,1,False,-1,0.22061865729244498,0.45,235.1552927417584,470.31058548351587,1175.776463708796,2351.5529274175537,4674.032583936489
0.9,35,se_iid,1,False,-1,0.17637691016592746,0.45,226.8046191713064,453.6092383426085,1134.0230958565278,2266.950683598321,4316.021476676051
0.9,36,se_iid,1,False,-1,0.1862920872692942,0.45,233.97108744662683,467.94217489325456,1169.8554372331323,2339.7108744663283,4532.797077135462
0.9,37,se_iid,1,False,-1,0.17543459713609508,0.42,235.3885667218773,470.777133443765,1176.9428336094163,2353.8856672187885,4486.33196529659
0.9,38,se_iid,1,False,-1,0.1657723518616716,0.43,247.40854613713205,494.81709227426654,1237.0427306856784,2474.0854613713454,4709.115046770091
0.9,39,se_iid,1,False,-1,0.16135493927283784,0.45,228.2499966061394,456.49999321227773,1141.2499830306947,2275.9630943410534,4181.994023708038
0.9,40,se_iid,1,False,-1,0.21157029979101746,0.47,238.71525650040772,477.4305130008124,1193.5762825020377,2387.1525650041244,4707.96128141753
0.9,41,se_iid,1,False,-1,0.20473722900300362,0.47,231.73062826635885,463.46125653272594,1158.6531413318378,2317.306282663625,4555.29435610107
0.9,42,se_iid,1,False,-1,0.18355319797274366,0.43,226.8745060775074,453.7490121550099,1134.372530387541,2268.7450607750498,4315.604870155086
0.9,43,se_iid,1,False,-1,0.1820515147162626,0.47,236.98259754786017,473.96519509571664,1184.9129877392863,2369.8259754785327,4509.843107473843
0.9,44,se_iid,1,False,-1,0.1476835248335459,0.43,238.65977543707592,477.31955087415,1193.2988771853923,2386.597754370809,4280.925141216203
0.9,45,se_iid,1,False,-1,0.18440581051495278,0.42,239.1166039962698,478.233207992541,1195.5830199813465,2391.166039962676,4499.842855018469
0.9,46,se_iid,1,False,-1,0.22168284958084977,0.45,235.97173755952633,471.9434751190477,1179.8586877976552,2359.717375595272,4642.208071529047
0.9,47,se_iid,1,False,-1,0.05801638059755926,0.43,246.67449338689772,493.3489867737917,1233.3724669344588,2450.5082430979,3788.0017391565793
0.9,48,se_iid,1,False,-1,0.2225581984031388,0.48,232.4195953788219,464.8391907576451,1162.0979768940856,2324.1959537882035,4628.384172004145
0.9,49,se_iid,1,False,-1,0.22908388913051467,0.42,237.73694283728412,475.47388567457375,1188.6847141864637,2377.369428372931,4734.992207626893
0.9,50,se_iid,1,False,-1,0.22575316267340495,0.46,233.3372890485999,466.6745780971977,1166.6864452429638,2333.3728904859076,4651.577528221706
0.9,51,se_iid,1,False,-1,0.22286678007098407,0.44,236.84798447234888,473.6959689447023,1184.2399223617067,2368.4798447234803,4672.739055656649
0.9,52,se_iid,1,False,-1,0.1993374010054912,0.51,227.6359078434599,455.27181568691816,1138.1795392173174,2276.359078434548,4490.0129801852045
0.9,53,se_iid,1,False,-1,0.13591756150716672,0.44,235.8935988796933,471.78719775938623,1179.4679943984897,2339.4921017833044,4077.4353730465655
0.9,54,se_iid,1,False,-1,0.20689295532442975,0.44,232.39343566348492,464.78687132696746,1161.9671783174153,2323.9343566349808,4591.78203885942
0.9,55,se_iid,1,False,-1,0.16852903227873298,0.44,230.69470746507926,461.38941493015864,1153.4735373254155,2306.9470746508177,4418.307684461919
0.9,56,se_iid,1,False,-1,0.22756271240692533,0.48,241.4815923432223,482.9631846864452,1207.4079617161158,2414.8159234322975,4787.651737865776
0.9,57,se_iid,1,False,-1,0.13225655297654265,0.48,228.3185832343047,456.63716646860627,1141.5929161715128,2277.8191890321064,3808.0441867091945
0.9,58,se_iid,1,False,-1,0.18660385194663978,0.45,229.3930102968103,458.78602059362197,1146.9650514840525,2293.93010296809,4452.166584499405
0.9,59,se_iid,1,False,-1,0.23190657090044534,0.43,241.85669662665808,483.71339325331894,1209.2834831332975,2418.5669662666096,4793.082264263502
0.9,60,se_iid,1,False,-1,0.22765232525194012,0.42,227.6523252519411,455.3046505038849,1138.2616262597137,2276.523252519405,4553.046505038605
0.9,61,se_iid,1,False,-1,0.16710360441271097,0.42,225.78731149329366,451.5746229865907,1128.9365574664785,2248.174535172855,4019.9472179875647
0.9,62,se_iid,1,False,-1,0.18060320171406352,0.42,230.67112407172365,461.3422481434483,1153.3556203586245,2306.7112407171426,4467.334135399789
0.9,63,se_iid,1,False,-1,0.20867308404225543,0.44,225.89138350689527,451.7827670137918,1129.4569175344923,2258.913835068997,4431.615117101803
0.9,64,se_iid,1,False,-1,0.014557490291864407,0.44,229.80890189531198,459.61780379061526,1149.0445094765562,1886.75480544257,2500.0249769614393
0.9,65,se_iid,1,False,-1,0.17910933718835867,0.44,235.77717197570723,471.55434395141407,1178.8858598785555,2350.316161666643,4308.997201700184
0.9,66,se_iid,1,False,-1,0.18724490196532254,0.47,246.80860642736656,493.6172128547316,1234.0430321368322,2465.639926631972,4706.825320286366
0.9,67,se_iid,1,False,-1,0.22902858891722755,0.45,232.5694594605793,465.13891892115475,1162.847297302914,2325.6945946057604,4644.307448124845
0.9,68,se_iid,1,False,-1,0.22762186076204416,0.45,234.43742939242333,468.87485878484654,1172.1871469621244,2344.374293924183,4662.800488625851
0.9,69,se_iid,1,False,-1,0.1846503925792178,0.44,236.77972890880648,473.55945781761244,1183.8986445440373,2367.7972890881324,4548.615187758715
0.9,70,se_iid,1,False,-1,0.2204239898126298,0.42,231.53307484798043,463.06614969596023,1157.6653742398817,2315.3307484797797,4608.443326888928
0.9,71,se_iid,1,False,-1,0.20731024366605802,0.43,233.85943289867288,467.71886579734957,1169.297164493338,2338.5943289867096,4519.219960169307
0.9,72,se_iid,1,False,-1,0.18475861536638763,0.44,234.6856784509768,469.371356901955,1173.4283922548875,2346.8567845097227,4528.410762492485
0.9,73,se_iid,1,False,-1,0.20738733426869305,0.42,243.24868907808627,486.49737815617544,1216.2434453904202,2432.486890780808,4738.253737900803
0.9,74,se_iid,1,False,-1,0.1173753674540464,0.44,245.39496189135255,490.78992378269976,1226.9748094567797,2446.6523786635476,3833.1831116073613
0.9,75,se_iid,1,False,-1,0.23555023818813328,0.48,242.81145547288693,485.62291094577347,1214.0572773644128,2428.114554728866,4841.19527718301
0.9,76,se_iid,1,False,-1,0.20397760080558267,0.49,227.687722070783,455.37544414156383,1138.4386103539152,2276.8772207078255,4475.503514068127
0.9,77,se_iid,1,False,-1,0.2170435040132067,0.5,224.43297781914873,448.8659556382926,1122.1648890957265,2244.3297781914553,4473.880608771193
0.9,78,se_iid,1,False,-1,0.18930263834572458,0.44,236.59403213130398,473.18806426260613,1182.970160656504,2365.940321312972,4622.058340368679
0.9,79,se_iid,1,False,-1,0.23524563210160093,0.41,235.24563210159954,470.4912642031974,1176.2281605080132,2352.4563210161305,4704.91264203213
0.9,80,se_iid,1,False,-1,0.2179762614456081,0.49,226.95164047682223,453.90328095364845,1134.7582023841092,2269.5164047683375,4481.3381197904255
0.9,81,se_iid,1,False,-1,0.23161903128825123,0.49,233.67281654205883,467.3456330841131,1168.3640827103225,2336.7281654207054,4669.3487603339145
0.9,82,se_iid,1,False,-1,0.21369613905244722,0.45,228.27998456847942,456.55996913695844,1141.3999228424443,2282.7998456847536,4496.065515830742
0.9,83,se_iid,1,False,-1,0.22789464632774617,0.44,237.33081842971202,474.6616368594236,1186.6540921485662,2373.3081842971183,4719.112047888127
0.9,84,se_iid,1,False,-1,0.20596409327707657,0.46,241.10121372478602,482.20242744957267,1205.5060686239456,2411.0121372479553,4738.007372596543
0.9,85,se_iid,1,False,-1,0.22787419996474018,0.41,233.82517429094978,467.65034858190285,1169.1258714547623,2338.251742909558,4654.4896469020505
0.9,86,se_iid,1,False,-1,0.23392556518540908,0.5,240.97416704641165,481.9483340928179,1204.8708352320934,2409.741670464307,4794.176477551097
0.9,87,se_iid,1,False,-1,0.15818078982057152,0.43,236.3627279323232,472.7254558646483,1181.8136396616003,2347.0003833050305,4138.033083062938
0.9,88,se_iid,1,False,-1,0.2101517874093247,0.49,230.52350360136631,461.04700720273337,1152.6175180068012,2305.235036013635,4524.362124831517
0.9,89,se_iid,1,False,-1,0.18671846482729207,0.43,236.7312205294202,473.46244105884375,1183.6561026471152,2367.312205294259,4617.670133950095
0.9,90,se_iid,1,False,-1,0.19587591621123443,0.46,232.50622859628288,465.01245719255957,1162.5311429814008,2325.0622859628666,4525.604187114548
0.9,91,se_iid,1,False,-1,0.19340166801044106,0.46,237.79107242122973,475.58214484245826,1188.9553621061561,2377.9107242123405,4385.432440586977
0.9,92,se_iid,1,False,-1,0.11594866401663205,0.45,239.90409863475566,479.8081972695139,1199.5204931737815,2399.040986347584,4254.0864889725735
0.9,93,se_iid,1,False,-1,0.18767979231191217,0.45,235.83720892732669,471.6744178546514,1179.1860446365993,2358.3720892733077,4602.683326758989
0.9,94,se_iid,1,False,-1,0.1941651108797904,0.42,231.485757299353,462.97151459870605,1157.4287864967357,2314.857572993542,4547.397841278324
0.9,95,se_iid,1,False,-1,0.1535020574138109,0.43,231.95560130334766,463.91120260669663,1159.7780065167099,2319.556013033497,4337.889064837509
0.9,96,se_iid,1,False,-1,0.20190767918929572,0.43,234.88221009804937,469.764420196099,1174.4110504902399,2348.822100980561,4549.0977399256
0.9,97,se_iid,1,False,-1,0.16448877276906765,0.43,234.79932284951943,469.59864569903397,1173.9966142476164,2347.993228495215,4333.314951942034
0.9,98,se_iid,1,False,-1,0.10137192696447533,0.44,234.46412874675758,468.92825749351687,1172.3206437337992,2339.450579548987,4027.363626305126
0.9,99,se_iid,1,False,-1,0.20661864713275502,0.44,235.23888492127284,470.47776984254824,1176.1944246063604,2352.3888492127126,4612.002996483732
0.97,0,se_iid,1,False,-1,0.20435932708648136,0.47,251.69141601419832,503.38283202840046,1258.457080071004,2516.914160141902,4871.565386121343
0.97,1,se_iid,1,False,-1,0.12440710388242766,0.43,233.65007040598377,467.3001408119668,1168.2503520299308,2336.5007040599166,4348.883256810796
0.97,2,se_iid,1,False,-1,0.20997415640250972,0.42,220.59992754317864,441.19985508635295,1102.999637715882,2205.9992754318555,4372.8804142800145
0.97,3,se_iid,1,False,-1,0.12633972854522607,0.42,228.258089645925,456.51617929184994,1141.2904482296224,2282.580896459196,4256.535902781708
0.97,4,se_iid,1,False,-1,0.20801214240810664,0.43,228.22023578487315,456.44047156974244,1141.101178924365,2282.202357848761,4448.394032005219
0.97,5,se_iid,1,False,-1,0.19075375178252504,0.49,235.1257684204241,470.25153684084967,1175.6288421020872,2346.9025729251716,4461.19134039957
0.97,6,se_iid,1,False,-1,0.016623320251825825,0.47,228.0187408807533,456.037481761509,1127.4340800794323,2188.361067306883,2853.8506433583557
0.97,7,se_iid,1,False,-1,0.14102362728095516,0.45,235.41588730358785,470.83177460718144,1176.4799665441656,2166.3145033355363,3604.2560290578754
0.97,8,se_iid,1,False,-1,0.213106879459177,0.43,239.46935689548647,478.9387137909702,1197.3467844774254,2383.3585865186483,4613.353921506286
0.97,9,se_iid,1,False,-1,0.006122281048722728,0.48,229.49279099280508,458.9855819856099,1147.4639549640283,1800.3765159349396,1920.3163800456484
0.97,10,se_iid,1,False,-1,0.17173535499005982,0.42,247.4812005821591,494.9624011643223,1237.406002910794,2474.8120058215195,4740.880357943637
0.97,11,se_iid,1,False,-1,0.15760873931076866,0.42,227.09207715769355,454.18415431538875,1135.4603857884656,2059.3641798330045,3712.0415731592293
0.97,12,se_iid,1,False,-1,0.21373754465280728,0.46,234.91754450173553,469.83508900347584,1174.5877225086663,2347.360657723527,4597.052916382219
0.97,13,se_iid,1,False,-1,0.05931814184771785,0.44,236.5376293514873,473.0752587029729,1182.6881467574738,2330.401259843385,4058.960246065073
0.97,14,se_iid,1,False,-1,0.10956759360842468,0.46,247.94844866971647,495.8968973394367,1239.7422433485772,2465.7045729031424,3801.6808132380543
0.97,15,se_iid,1,False,-1,0.15211458813400522,0.47,240.19618984755397,480.3923796951034,1200.9809492377833,2401.9618984755093,4536.3634670198035
0.97,16,se_iid,1,False,-1,0.12400507349657178,0.44,232.45799883218885,464.9159976643725,1162.2899941609714,2300.8740168651625,3932.3789857814236
0.97,17,se_iid,1,False,-1,0.08713785829549736,0.43,244.30937635918997,488.61875271838437,1216.4684612879867,2399.2713761279874,3808.7730863039314
0.97,18,se_iid,1,False,-1,0.1249148751067498,0.45,240.05121634374342,480.10243268748746,1200.2560817187032,2380.3614619413374,3945.2949091593096
0.97,19,se_iid,1,False,-1,0.15355494428270833,0.45,231.15994755089932,462.3198951017975,1155.79973775451,2249.0905181740304,3922.6337578236034
0.97,20,se_iid,1,False,-1,0.2337143345755024,0.43,249.7621681288806,499.52433625775154,1248.8108406443869,2468.0370705322684,4859.207372581923
0.97,21,se_iid,1,False,-1,0.22440118592511693,0.44,229.914671156358,459.82934231271474,1149.573355781786,2299.1467115636146,4574.881362826094
0.97,22,se_iid,1,False,-1,0.2208644206800352,0.43,231.3851348068597,462.7702696137218,1156.9256740343087,2313.851348068608,4589.85197714896
0.97,23,se_iid,1,False,-1,0.04592549438455621,0.46,221.25686584355068,416.4681606721806,985.7334315636897,1435.574077611935,1894.8290214572157
0.97,24,se_iid,1,False,-1,0.21748592885965884,0.46,243.3284165033209,486.65683300664637,1216.6420825165824,2433.2841650330856,4776.059640960861
0.97,25,se_iid,1,False,-1,0.20808759549499511,0.42,239.84528106607,479.69056213213736,1199.2264053303225,2398.4528106606795,4594.33400355909
0.97,26,se_iid,1,False,-1,0.056074816283631486,0.42,243.89600867094182,487.7920173418807,1219.4800433547123,2437.336119802042,3501.258696992721
0.97,27,se_iid,1,False,-1,0.021640024321934157,0.47,232.7860063809979,465.5720127619971,1145.625941404485,1957.8622258921175,2611.0099460271767
0.97,28,se_iid,1,False,-1,0.17357553451684254,0.48,226.36017911461707,452.7203582292329,1131.8008955730982,2263.6017911461845,4353.598133685506
0.97,29,se_iid,1,False,-1,0.18096810174035738,0.43,227.36523746685467,454.730474933715,1136.8261873342674,2273.652374668458,4365.820861070724
0.97,30,se_iid,1,False,-1,0.03440419744783926,0.46,235.13868153206016,465.52065551673326,1146.6802150586386,2190.7199181552146,3217.5559504669886
0.97,31,se_iid,1,False,-1,0.03040127197248363,0.43,234.40172694386374,468.80345388772486,1172.0086347193078,2295.488358642777,3649.2115562111003
0.97,32,se_iid,1,False,-1,0.1646579038118743,0.42,226.4364512994736,452.87290259894564,1132.1822564973768,2264.3645129947913,4263.305465467161
0.97,33,se_iid,1,False,-1,0.15235213876685821,0.41,232.97942268405774,465.95884536811405,1164.89711342031,2329.7942268406623,4279.860091387132
0.97,34,se_iid,1,False,-1,0.10910604161546984,0.44,235.1552927417584,470.31058548351587,1175.776463708796,2351.5529274175537,4263.095694668022
0.97,35,se_iid,1,False,-1,0.05656400683365598,0.43,226.8046191713064,453.6092383426085,1134.0230958565278,2242.4898989263415,3199.472425456313
0.97,36,se_iid,1,False,-1,0.03160446811303469,0.48,233.97108744662683,467.94217489325456,1169.8554372331323,2339.7108744663283,3811.558296186443
0.97,37,se_iid,1,False,-1,0.17534997084281737,0.45,235.3885667218773,470.777133443765,1176.9428336094163,2339.53257290466,4283.132194485609
0.97,38,se_iid,1,False,-1,0.1408237435542735,0.47,247.40854613713205,494.81709227426654,1237.0427306856784,2469.081282495225,4598.801253677969
0.97,39,se_iid,1,False,-1,0.018123543077159077,0.47,228.2499966061394,456.49999321227773,1141.2499830306947,2217.774207590359,3123.0885918600575
0.97,40,se_iid,1,False,-1,0.18621847039065542,0.46,238.71525650040772,477.4305130008124,1193.5762825020377,2384.0184646019734,4342.76891333627
0.97,41,se_iid,1,False,-1,0.07863393378280693,0.44,231.73062826635885,463.46125653272594,1149.3341846567987,2280.1092208310783,4090.224872339926
0.97,42,se_iid,1,False,-1,0.1828246091723439,0.47,226.8745060775074,453.7490121550099,1134.372530387541,2261.934755776853,4173.834455881748
0.97,43,se_iid,1,False,-1,0.09610899969225871,0.45,236.98259754786017,473.96519509571664,1175.016191038381,2181.531461433548,3562.097944790751
0.97,44,se_iid,1,False,-1,0.02369425033986753,0.44,238.65977543707592,477.31955087415,1193.2988771853923,2377.7723414860775,3187.323279944885
0.97,45,se_iid,1,False,-1,0.16975846340178585,0.44,239.1166039962698,478.233207992541,1195.5830199813465,2375.442148880498,4358.8354455562
0.97,46,se_iid,1,False,-1,0.17899273948408984,0.45,235.97173755952633,471.9434751190477,1179.8586877976552,2267.6269470047755,4135.801977109037
0.97,47,se_iid,1,False,-1,0.0005071299303907118,0.45,246.67449338689772,493.3489867737917,1232.792897581126,2337.136116758422,3221.648931169571
0.97,48,se_iid,1,False,-1,0.14803875295333108,0.45,232.4195953788219,464.8391907576451,1162.0979768940856,2318.512112038154,4299.33904429946
0.97,49,se_iid,1,False,-1,0.22154268561945106,0.45,237.73694283728412,475.47388567457375,1188.6847141864637,2377.369428372931,4681.688910027368
0.97,50,se_iid,1,False,-1,0.2191672012139746,0.42,233.3372890485999,466.6745780971977,1166.6864452429638,2333.3728904859076,4586.289979860682
0.97,51,se_iid,1,False,-1,0.05881386591846851,0.46,236.84798447234888,473.6959689447023,1184.2399223617067,2359.6105746396474,3675.8674596733244
0.97,52,se_iid,1,False,-1,0.1967347413597642,0.45,227.6359078434599,455.27181568691816,1138.1795392173174,2276.359078434548,4472.1597293821305
0.97,53,se_iid,1,False,-1,0.12755923132999406,0.47,235.8935988796933,471.78719775938623,1170.940000804973,2291.141034097155,3989.192627846358
0.97,54,se_iid,1,False,-1,0.1706939681733067,0.43,232.39343566348492,464.78687132696746,1161.9671783174153,2323.9343566349808,4410.8023784187135
0.97,55,se_iid,1,False,-1,0.023780181000812448,0.43,230.69470746507926,461.38941493015864,1153.4735373254155,2295.0753595456968,3356.200683075459
0.97,56,se_iid,1,False,-1,0.15536360368570834,0.44,241.4815923432223,482.9631846864452,1207.4079617161158,2413.678253419237,4410.547662277554
0.97,57,se_iid,1,False,-1,0.019880998801172133,0.44,228.3185832343047,456.63716646860627,1141.5929161715128,2038.938423423696,2289.8478665960374
0.97,58,se_iid,1,False,-1,0.12360911166265304,0.43,229.3930102968103,458.78602059362197,1146.9650514840525,2277.8809455446053,3961.746398489133
0.97,59,se_iid,1,False,-1,0.18409658700217915,0.43,241.85669662665808,483.71339325331894,1209.2834831332975,2412.8581281430734,4658.51955971797
0.97,60,se_iid,1,False,-1,0.2082573605459575,0.45,227.6523252519411,455.3046505038849,1138.2616262597137,2276.149653066964,4427.617881600868
0.97,61,se_iid,1,False,-1,0.026314823062654223,0.44,225.78731149329366,451.5746229865907,1128.9365574664785,2034.52184639148,3039.983647926157
0.97,62,se_iid,1,False,-1,0.06429210094936769,0.47,230.67112407172365,461.3422481434483,1153.3556203586245,2292.7175593548477,4097.724374939334
0.97,63,se_iid,1,False,-1,0.16118721410620154,0.44,225.89138350689527,451.7827670137918,1129.4569175344923,2247.022253810038,4173.7698221702185
0.97,64,se_iid,1,False,-1,0.0,0.45,229.80890189531198,444.23101705146325,849.6171545429617,908.8928758934312,908.8928758934312
0.97,65,se_iid,1,False,-1,0.14857517777582235,0.46,235.77717197570723,471.55434395141407,1178.8858598785555,2331.4926670113855,3968.2853303467214
0.97,66,se_iid,1,False,-1,0.14974551767541305,0.43,246.80860642736656,493.6172128547316,1234.0430321368322,2442.125990024494,4344.026257366242
0.97,67,se_iid,1,False,-1,0.18117415043268317,0.45,232.5694594605793,465.13891892115475,1162.847297302914,2314.8416626638987,4296.057639720461
0.97,68,se_iid,1,False,-1,0.03490790131714332,0.42,234.43742939242333,468.87485878484654,1172.1871469621244,2316.4936219348547,2792.502547153811
0.97,69,se_iid,1,False,-1,0.13881015487805684,0.43,236.77972890880648,473.55945781761244,1183.8986445440373,2367.7972890881324,4330.145594550658
0.97,70,se_iid,1,False,-1,0.1956383976956685,0.47,231.53307484798043,463.06614969596023,1157.6653742398817,2315.3307484797797,4547.154957650173
0.97,71,se_iid,1,False,-1,0.12131541251168156,0.45,233.85943289867288,467.71886579734957,1169.297164493338,2331.369912814802,3958.4651285792365
0.97,72,se_iid,1,False,-1,0.1358198452012429,0.43,234.6856784509768,469.371356901955,1173.4283922548875,2314.175399913209,4192.192248516239
0.97,73,se_iid,1,False,-1,0.16428761168142114,0.44,243.24868907808627,486.49737815617544,1216.2434453904202,2432.486890780808,4448.707197275519
0.97,74,se_iid,1,False,-1,0.030754251966817938,0.43,245.39496189135255,490.78992378269976,1214.5893015890233,2155.83088938963,2676.163637792066
0.97,75,se_iid,1,False,-1,0.19830681670638392,0.44,242.81145547288693,485.62291094577347,1214.0572773644128,2428.114554728866,4684.739038422105
0.97,76,se_iid,1,False,-1,0.13613988161877108,0.44,227.687722070783,455.37544414156383,1138.4386103539152,2259.058436647488,3990.0578080393343
0.97,77,se_iid,1,False,-1,0.17252209295990925,0.46,224.43297781914873,448.8659556382926,1120.6673646939,2239.921080658814,4374.162777964477
0.97,78,se_iid,1,False,-1,0.16536530783084094,0.43,236.59403213130398,473.18806426260613,1182.970160656504,2358.3334440924637,4545.349796418572
0.97,79,se_iid,1,False,-1,0.223282052333321,0.46,235.24563210159954,470.4912642031974,1176.2281605080132,2352.4563210161305,4655.452720761879
0.97,80,se_iid,1,False,-1,0.16608475942040177,0.43,226.95164047682223,453.90328095364845,1134.7582023841092,2246.3296345234594,4246.639782944059
0.97,81,se_iid,1,False,-1,0.08438869663066725,0.48,233.67281654205883,467.3456330841131,1168.3640827103225,2335.8812818117754,4005.5093680216655
0.97,82,se_iid,1,False,-1,0.19089387866693847,0.47,228.27998456847942,456.55996913695844,1141.3999228424443,2282.7998456847536,4393.782374901384
0.97,83,se_iid,1,False,-1,0.10183667527320618,0.44,237.33081842971202,474.6616368594236,1186.6540921485662,2362.1389456580755,4206.47631602589
0.97,84,se_iid,1,False,-1,0.16672289495411133,0.43,241.10121372478602,482.20242744957267,1205.5060686239456,2387.870686842154,4292.483355098778
0.97,85,se_iid,1,False,-1,0.2170656034083396,0.44,233.82517429094978,467.65034858190285,1169.1258714547623,2338.251742909558,4575.36262910557
0.97,86,se_iid,1,False,-1,0.20768288562563042,0.45,240.97416704641165,481.9483340928179,1204.8708352320934,2409.741670464307,4712.526136289822
0.97,87,se_iid,1,False,-1,0.06479554236749598,0.45,236.3627279323232,467.9946724973155,1140.0715352427155,1859.047462307618,2686.136034258945
0.97,88,se_iid,1,False,-1,0.1608294228550735,0.46,230.52350360136631,461.04700720273337,1150.5595430710619,2257.312035657697,4052.4025175771017
0.97,89,se_iid,1,False,-1,0.19606214362909083,0.45,236.7312205294202,473.46244105884375,1183.6561026471152,2367.312205294259,4624.204938748792
0.97,90,se_iid,1,False,-1,0.19592112295097933,0.45,232.50622859628288,465.01245719255957,1162.5311429814008,2325.0622859628666,4487.110206761839
0.97,91,se_iid,1,False,-1,0.04239500152424202,0.46,237.79107242122973,475.58214484245826,1188.9553621061561,2356.2602977702395,3090.531592000518
0.97,92,se_iid,1,False,-1,0.04755837872045184,0.47,239.90409863475566,479.8081972695139,1199.5204931737815,2376.6529979708707,3395.2422454839034
0.97,93,se_iid,1,False,-1,0.18771081996272354,0.44,235.83720892732669,471.6744178546514,1179.1860446365993,2358.3720892733077,4553.106799374921
0.97,94,se_iid,1,False,-1,0.16835922677150922,0.43,231.485757299353,462.97151459870605,1157.4287864967357,2314.857572993542,4388.245484011434
0.97,95,se_iid,1,False,-1,0.0,0.43,231.95560130334766,463.91120260669663,1159.7780065167099,2307.624212458999,2465.387279062809
0.97,96,se_iid,1,False,-1,0.10205649824358809,0.47,234.88221009804937,469.764420196099,1174.4110504902399,2339.0190681703466,4122.290495979549
0.97,97,se_iid,1,False,-1,0.0813680170954993,0.51,231.02131315098083,458.9621099505971,1142.6995877140187,2277.4834630211844,3847.1265500234276
0.97,98,se_iid,1,False,-1,0.04337136080476347,0.43,234.46412874675758,468.92825749351687,1172.3206437337992,2330.543896707576,3470.605125948222
0.97,99,se_iid,1,False,-1,0.17527139385118454,0.45,235.23888492127284,464.23050530673817,1147.350521560062,2285.574696259939,4315.427634377464
0.0,0,se_iid,10,False,-1,0.22855045116225944,0.1,251.69141601419818,503.38283202839983,1258.4570800710035,2516.9141601419005,4961.375547274415
0.0,1,se_iid,10,False,-1,0.1819809243438336,0.1,233.65007040598366,467.3001408119666,1168.2503520299308,2336.5007040599176,4424.606020228911
0.0,2,se_iid,10,False,-1,0.21507641468426195,0.09,220.5999275431787,441.19985508635284,1102.9996377158834,2205.999275431856,4400.9515251457915
0.0,3,se_iid,10,False,-1,0.13790392508796329,0.1,228.25808964592497,456.5161792918498,1141.2904482296212,2282.580896459191,4305.839440329107
0.0,4,se_iid,10,False,-1,0.20642261884564903,0.09,228.22023578487335,456.4404715697423,1141.1011789243669,2282.2023578487624,4458.842575638899
0.0,5,se_iid,10,False,-1,0.21224171801168062,0.09,235.1257684204242,470.25153684084927,1175.6288421020868,2351.2576842041635,4563.882808880274
0.0,6,se_iid,10,False,-1,0.18260075954326163,0.12,228.018740880753,456.03748176150935,1140.093704403802,2278.1944098280874,4352.746410353561
0.0,7,se_iid,10,False,-1,0.17267994829625083,0.1,235.41588730358802,470.8317746071789,1177.07943651794,2354.158873035869,4487.265830837153
0.0,8,se_iid,10,False,-1,0.15991366864968387,0.1,239.4693568954865,478.93871379096976,1197.3467844774261,2394.693568954987,4542.109959088203
0.0,9,se_iid,10,False,-1,0.18101044706460578,0.09,229.492790992805,458.9855819856093,1147.4639549640274,2294.927909927981,4433.27806025244
0.0,10,se_iid,10,False,-1,0.17872656936352183,0.09,247.48120058215915,494.9624011643222,1237.4060029107945,2457.976949221974,4491.040983528609
0.0,11,se_iid,10,False,-1,0.2268600021848028,0.09,227.09207715769338,454.18415431538847,1135.4603857884642,2270.92077157703,4541.377393208281
0.0,12,se_iid,10,False,-1,0.2317821689846001,0.1,234.91754450173562,469.8350890034762,1174.5877225086679,2349.175445017363,4692.08013900055
0.0,13,se_iid,10,False,-1,0.1961170579490898,0.1,236.53762935148802,473.0752587029733,1182.6881467574715,2365.3762935149384,4360.815779744596
0.0,14,se_iid,10,False,-1,0.1924767364690259,0.1,247.9484486697164,495.89689733943624,1239.742243348578,2479.4844866970498,4740.495817220425
0.0,15,se_iid,10,False,-1,0.2222874635913925,0.08,240.19618984755388,480.39237969510356,1200.980949237785,2401.9618984755098,4752.918714244378
0.0,16,se_iid,10,False,-1,0.21899621031235744,0.1,232.45799883218854,464.9159976643721,1162.2899941609714,2324.579988321914,4611.164853972873
0.0,17,se_iid,10,False,-1,0.2356708911557673,0.09,244.30937635918983,488.61875271838477,1221.5468817959766,2443.0937635918976,4833.380521316479
0.0,18,se_iid,10,False,-1,0.18638849855845688,0.09,240.05121634374348,480.10243268748735,1200.2560817187032,2400.512163437474,4622.564771014368
0.0,19,se_iid,10,False,-1,0.17109459122114154,0.13,231.15994755089915,462.3198951017966,1155.7997377545087,2311.599475509046,4306.556741060748
0.0,20,se_iid,10,False,-1,0.19414634689753063,0.09,249.76216812888063,499.52433625775205,1248.8108406443855,2497.621681288718,4681.5383983146485
0.0,21,se_iid,10,False,-1,0.14023114178198123,0.09,229.91467115635788,459.82934231271486,1149.573355781787,2299.1467115636137,4313.937006993613
0.0,22,se_iid,10,False,-1,0.23138513480686004,0.09,231.38513480685972,462.7702696137223,1156.9256740343103,2313.851348068607,4627.702696137221
0.0,23,se_iid,10,False,-1,0.2274486861640686,0.08,227.44868616406788,454.897372328135,1137.2434308203376,2274.4868616405997,4548.973723281125
0.0,24,se_iid,10,False,-1,0.23726048805610975,0.09,243.32841650332085,486.65683300664654,1216.6420825165821,2433.2841650330806,4848.460196505916
0.0,25,se_iid,10,False,-1,0.20649449701187744,0.09,239.8452810660694,479.69056213213685,1199.2264053303209,2398.4528106606717,4653.452813003897
0.0,26,se_iid,10,False,-1,0.22499864858054333,0.1,243.89600867094228,487.7920173418814,1219.4800433547114,2438.96008670939,4840.125453238329
0.0,27,se_iid,10,False,-1,0.1846909382445331,0.09,232.78600638099817,465.57201276199777,1163.9300319050037,2327.8600638100143,4285.598348368899
0.0,28,se_iid,10,False,-1,0.2257407310904733,0.1,226.36017911461707,452.72035822923374,1131.8008955731011,2263.6017911461877,4525.964686244255
0.0,29,se_iid,10,False,-1,0.1753667284167252,0.1,227.36523746685504,454.73047493371536,1136.8261873342688,2273.652374668458,4247.725171725314
0.0,30,se_iid,10,False,-1,0.1713951582643252,0.09,235.13868153206,470.27736306412316,1175.6934076602936,2351.386815320574,4269.473165280023
0.0,31,se_iid,10,False,-1,0.19671990087161118,0.1,234.40172694386374,468.8034538877244,1172.0086347193082,2344.017269438674,4538.040358009331
0.0,32,se_iid,10,False,-1,0.2192953917202308,0.1,226.43645129947373,452.8729025989455,1132.182256497376,2264.3645129947895,4491.359379784647
0.0,33,se_iid,10,False,-1,0.136934510371623,0.08,232.9794226840577,465.95884536811394,1164.89711342031,2329.7942268406605,4231.719623778169
0.0,34,se_iid,10,False,-1,0.21143218597445343,0.1,235.15529274175822,470.310585483516,1175.7764637087944,2351.5529274175565,4652.34863457432
0.0,35,se_iid,10,False,-1,0.20818126540223683,0.09,226.80461917130643,453.6092383426089,1134.0230958565242,2268.0461917131092,4418.7720361889715
0.0,36,se_iid,10,False,-1,0.18913091467699383,0.08,233.97108744662663,467.94217489325206,1169.8554372331291,2339.710874466329,4549.895012446972
0.0,37,se_iid,10,False,-1,0.1612225385833206,0.1,235.38856672187745,470.777133443765,1176.9428336094156,2353.8856672187844,4462.519691543262
0.0,38,se_iid,10,False,-1,0.14135283628915501,0.08,247.40854613713194,494.8170922742662,1237.0427306856782,2472.2478436645774,4397.924840884244
0.0,39,se_iid,10,False,-1,0.1727598514094583,0.09,228.24999660613938,456.4999932122785,1141.2499830306958,2282.4999660614026,4276.80324665903
0.0,40,se_iid,10,False,-1,0.22120859179054492,0.1,238.71525650040752,477.43051300081527,1193.5762825020392,2387.1525650041262,4729.909053978818
0.0,41,se_iid,10,False,-1,0.19330095809792283,0.09,231.73062826635905,463.4612565327265,1158.6531413318382,2317.3062826636233,4525.545986983249
0.0,42,se_iid,10,False,-1,0.21032415729310933,0.11,226.87450607750765,453.7490121550097,1134.3725303875403,2268.745060775047,4475.08946442743
0.0,43,se_iid,10,False,-1,0.2282584386398911,0.1,236.98259754786034,473.9651950957166,1184.9129877392859,2369.8259754785345,4722.203633141545
0.0,44,se_iid,10,False,-1,0.16891494851641117,0.09,238.65977543707595,477.31955087414997,1193.2988771853916,2386.37843962113,4367.811342117751
0.0,45,se_iid,10,False,-1,0.18540940187224061,0.09,239.1166039962698,478.2332079925414,1195.5830199813465,2391.1660399626735,4503.646566415187
0.0,46,se_iid,10,False,-1,0.1966586706844076,0.1,235.97173755952647,471.9434751190475,1179.8586877976545,2359.717375595273,4601.265988781602
0.0,47,se_iid,10,False,-1,0.2032028258531219,0.09,246.6744933868974,493.3489867737909,1233.3724669344595,2466.744933868916,4681.874840996479
0.0,48,se_iid,10,False,-1,0.21316195058618997,0.12,232.41959537882178,464.8391907576449,1162.0979768940847,2324.195953788202,4578.20859445293
0.0,49,se_iid,10,False,-1,0.23050149360377453,0.1,237.7369428372838,475.47388567457415,1188.6847141864628,2377.3694283729287,4736.989519442744
0.0,50,se_iid,10,False,-1,0.20193786051339144,0.11,233.33728904860013,466.67457809719764,1166.686445242963,2333.37289048591,4555.016670604353
0.0,51,se_iid,10,False,-1,0.19368404913864784,0.09,236.84798447234903,473.69596894470226,1184.2399223617037,2368.4798447234766,4539.0969991981065
0.0,52,se_iid,10,False,-1,0.2276359078434599,0.08,227.63590784346007,455.27181568691844,1138.1795392173176,2276.359078434548,4552.718156869148
0.0,53,se_iid,10,False,-1,0.179390065878151,0.09,235.89359887969343,471.787197759386,1179.4679943984893,2358.935988796954,4341.799304948737
0.0,54,se_iid,10,False,-1,0.2182294990214126,0.09,232.39343566348543,464.7868713269674,1161.9671783174153,2323.934356634979,4609.923215885057
0.0,55,se_iid,10,False,-1,0.21844138703437904,0.09,230.69470746507875,461.3894149301584,1153.4735373254152,2306.9470746508164,4564.484498145665
0.0,56,se_iid,10,False,-1,0.19250117264473882,0.09,241.48159234322222,482.96318468644483,1207.407961716117,2414.8159234322975,4688.489629101377
0.0,57,se_iid,10,False,-1,0.20629753185912034,0.1,228.31858323430475,456.6371664686067,1141.5929161715133,2283.185832342966,4516.576600014231
0.0,58,se_iid,10,False,-1,0.22155048632860624,0.1,229.39301029681044,458.7860205936218,1146.9650514840532,2293.9301029680914,4556.02042169626
0.0,59,se_iid,10,False,-1,0.22231750517426072,0.1,241.85669662665808,483.7133932533194,1209.2834831332962,2418.5669662666114,4775.092062363368
0.0,60,se_iid,10,False,-1,0.22556999001443756,0.1,227.65232525194116,455.3046505038847,1138.2616262597146,2276.523252519407,4548.881834563596
0.0,61,se_iid,10,False,-1,0.17390648099218062,0.1,225.78731149329394,451.5746229865906,1128.9365574664796,2257.8731149328887,4094.3377423807196
0.0,62,se_iid,10,False,-1,0.18577283359823224,0.1,230.6711240717237,461.3422481434473,1153.3556203586234,2306.7112407171417,4408.211895038601
0.0,63,se_iid,10,False,-1,0.21236764925885224,0.08,225.89138350689515,451.7827670137921,1129.4569175344923,2258.9138350689977,4479.308326009683
0.0,64,se_iid,10,False,-1,0.18463165145437527,0.09,229.80890189531215,459.61780379061554,1149.0445094765557,2298.0890189532242,4342.5624719848975
0.0,65,se_iid,10,False,-1,0.19496859784720955,0.1,235.77717197570726,471.554343951414,1178.8858598785544,2357.771719757029,4567.599134518132
0.0,66,se_iid,10,False,-1,0.20483963173006586,0.09,246.8086064273663,493.6172128547309,1234.0430321368303,2468.086064273564,4820.458239683531
0.0,67,se_iid,10,False,-1,0.2137735534511868,0.08,232.5694594605793,465.138918921154,1162.8472973029131,2325.69459460576,4614.817583072178
0.0,68,se_iid,10,False,-1,0.23443742939242315,0.11,234.43742939242335,468.874858784846,1172.1871469621246,2344.374293924181,4688.748587848053
0.0,69,se_iid,10,False,-1,0.20715475751704548,0.09,236.77972890880636,473.55945781761204,1183.8986445440385,2367.797289088133,4646.527794448037
0.0,70,se_iid,10,False,-1,0.21235484566540724,0.1,231.5330748479804,463.0661496959602,1157.6653742398823,2315.3307484797747,4547.718571103948
0.0,71,se_iid,10,False,-1,0.20147263900892226,0.1,233.8594328986735,467.7188657973505,1169.2971644933386,2320.7039556348377,4498.255386135458
0.0,72,se_iid,10,False,-1,0.13581984520124285,0.09,234.68567845097655,469.3713569019556,1173.4283922548884,2346.85678450972,4133.61296418701
0.0,73,se_iid,10,False,-1,0.2432486890780873,0.08,243.24868907808602,486.4973781561754,1216.243445390419,2432.4868907808063,4864.973781562054
0.0,74,se_iid,10,False,-1,0.2270731835840082,0.11,245.3949618913526,490.7899237826999,1226.9748094567813,2453.9496189135893,4860.218718285578
0.0,75,se_iid,10,False,-1,0.22692174290305325,0.09,242.811455472887,485.62291094577387,1214.0572773644158,2428.11455472887,4791.648907795955
0.0,76,se_iid,10,False,-1,0.22420344405823153,0.09,227.68772207078334,455.3754441415642,1138.4386103539148,2276.877220707827,4546.785885390308
0.0,77,se_iid,10,False,-1,0.21725556084496356,0.11,224.43297781914868,448.8659556382931,1122.1648890957263,2244.329778191451,4457.643752568966
0.0,78,se_iid,10,False,-1,0.129609051334212,0.1,236.59403213130426,473.18806426260556,1182.970160656502,2365.9403213129754,4370.3287123993705
0.0,79,se_iid,10,False,-1,0.17884824902293903,0.1,235.2456321015995,470.49126420319715,1176.2281605080125,2352.456321016134,4466.879079090063
0.0,80,se_iid,10,False,-1,0.22600512089255495,0.1,226.95164047682215,453.9032809536484,1134.758202384109,2269.5164047683365,4537.139770367896
0.0,81,se_iid,10,False,-1,0.17844969385804238,0.1,233.6728165420589,467.34563308411276,1168.3640827103227,2336.728165420702,4484.266437134055
0.0,82,se_iid,10,False,-1,0.22147424030267324,0.1,228.27998456847962,456.55996913695856,1141.399922842445,2282.799845684754,4551.9882028374905
0.0,83,se_iid,10,False,-1,0.23559184454530924,0.11,237.33081842971183,474.6616368594237,1186.6540921485653,2373.3081842971137,4743.138420825278
0.0,84,se_iid,10,False,-1,0.11885712334955933,0.09,241.10121372478574,482.2024274495723,1205.5060686239428,2411.012137247957,4248.368535360918
0.0,85,se_iid,10,False,-1,0.21772374473394893,0.09,233.82517429094992,467.6503485819031,1169.1258714547616,2338.251742909556,4634.925806754668
0.0,86,se_iid,10,False,-1,0.19517026475199142,0.09,240.97416704641148,481.9483340928181,1204.870835232097,2408.6292963964584,4506.833357068261
0.0,87,se_iid,10,False,-1,0.13264731981487551,0.09,236.36272793232305,472.7254558646481,1181.8136396616012,2355.300686926424,4050.0220056612884
0.0,88,se_iid,10,False,-1,0.17799888109707518,0.1,230.52350360136623,461.0470072027338,1152.6175180067999,2305.2350360136343,4362.030304557586
0.0,89,se_iid,10,False,-1,0.22716796518502008,0.1,236.7312205294208,473.46244105884426,1183.6561026471159,2367.3122052942576,4715.4978998996185
0.0,90,se_iid,10,False,-1,0.1592526427002015,0.09,232.50622859628257,465.0124571925593,1162.5311429814005,2325.062285962866,4206.970155868347
0.0,91,se_iid,10,False,-1,0.22878177979311357,0.09,237.79107242122967,475.5821448424584,1188.955362106158,2377.9107242123405,4736.31210516149
0.0,92,se_iid,10,False,-1,0.15502919396697176,0.1,239.90409863475574,479.80819726951665,1199.520493173785,2399.0409863475866,4515.68922951148
0.0,93,se_iid,10,False,-1,0.20035222839484204,0.08,235.83720892732651,471.67441785465195,1179.1860446365972,2358.3720892733095,4623.6302532709005
0.0,94,se_iid,10,False,-1,0.23148575729935333,0.1,231.48575729935288,462.97151459870605,1157.4287864967355,2314.8575729935383,4629.715145987124
0.0,95,se_iid,10,False,-1,0.22442473051070597,0.09,231.95560130334783,463.9112026066967,1159.7780065167103,2319.556013033495,4624.050284481779
0.0,96,se_iid,10,False,-1,0.2122562274961016,0.09,234.8822100980494,469.7644201960984,1174.4110504902376,2348.8221009805607,4640.892786949212
0.0,97,se_iid,10,False,-1,0.21819846667470716,0.09,234.79932284951948,469.59864569903397,1173.9966142476183,2347.993228495217,4635.19285071755
0.0,98,se_iid,10,False,-1,0.21630992585708872,0.09,234.4641287467573,468.9282574935166,1172.3206437337992,2344.64128746758,4628.375938757296
0.0,99,se_iid,10,False,-1,0.18665717633170936,0.09,235.23888492127284,470.477769842549,1176.1944246063492,2352.3888492127003,4499.640281353756
0.9,0,se_iid,10,False,-1,0.020976610485311072,0.08,251.69141601419818,500.81589165012696,644.1719833701342,770.0050866241355,979.7711914773373
0.9,1,se_iid,10,False,-1,0.015054660554095368,0.09,229.75951307637737,442.4664710456686,1020.3550417287021,1869.224663429852,2253.009418017773
0.9,2,se_iid,10,False,-1,0.04042607488283914,0.08,219.92840065785575,430.65492538554935,1076.6249804173453,1992.0535261982964,2530.9767187449456
0.9,3,se_iid,10,False,-1,0.0344846155872488,0.11,228.25808964592497,456.5161792918498,1083.9995879467945,1779.183405555412,2304.3755914336916
0.9,4,se_iid,10,False,-1,0.03972773685492108,0.1,225.76009759504782,455.22182512867727,1123.5685318821888,2099.2640270845945,3155.609407358382
0.9,5,se_iid,10,False,-1,0.16510945271488223,0.1,235.1257684204242,470.25153684084927,1175.6288421020868,2329.3892085172106,4152.807329611028
0.9,6,se_iid,10,False,-1,0.016623320251825825,0.09,165.9460412576458,302.02845414624835,459.4115982748541,542.5281995340529,708.7614020525225
0.9,7,se_iid,10,False,-1,0.04162700581334518,0.08,127.68004283342704,169.30704864676926,294.18806608680035,502.3230951535391,918.5931532870165
0.9,8,se_iid,10,False,-1,0.12108027484371248,0.11,215.82408808422855,417.40742782397433,1020.4416915417471,1977.8828339597203,3457.3578384314487
0.9,9,se_iid,10,False,-1,0.05502501499473874,0.09,225.36750629921096,445.9164428183373,1053.0161017741707,1733.2595260013877,2380.759832807448
0.9,10,se_iid,10,False,-1,0.15118772519203452,0.09,247.48120058215915,494.9624011643222,1218.4361938584957,2198.9382669919596,3925.248588062869
0.9,11,se_iid,10,True,130,0.2896302384220642,0.09,285.46667874365346,577.7317057028497,1465.4003530394168,2947.080286843972,5854.518275759112
0.9,12,se_iid,10,False,-1,0.08408829444315209,0.1,236.16735625236035,468.5350066823625,1155.2794511327402,2090.203789573743,3140.7857616524416
0.9,13,se_iid,10,False,-1,0.17366761742980114,0.08,236.29123585338772,465.1099217104192,1161.6946645116527,2316.654790897375,4413.0786901342835
0.9,14,se_iid,10,False,-1,0.09422116067364313,0.09,247.15053053329038,482.4810356044886,1193.7484897593365,2093.2345410301064,3224.520962928946
0.9,15,se_iid,10,False,-1,0.17109535644573678,0.1,240.19618984755388,480.76664707327626,1224.17152940799,2238.190166256215,4142.792126497784
0.9,16,se_iid,10,False,-1,0.23472674644271824,0.09,235.11618393728486,478.8328332756385,1203.8887640143075,2418.0611669854093,4798.180107919094
0.9,17,se_iid,10,False,-1,0.21087846761918497,0.09,244.30937635918983,488.61875271838477,1220.8082392693746,2391.68959370994,4632.188786667202
0.9,18,se_iid,10,False,-1,0.04300841655167814,0.09,238.54787177478585,466.85985562436844,1154.8814797322248,2255.933388239982,3036.648885193567
0.9,19,se_iid,10,False,-1,0.17385276007855702,0.09,231.15994755089915,462.3198951017966,1155.7997377545087,2297.34844492695,4386.5946721537875
0.9,20,se_iid,10,False,-1,0.08053417367704677,0.1,249.76216812888063,505.0245098148719,1279.310186949643,2315.5450645944375,3334.203674041626
0.9,21,se_iid,10,False,-1,0.14972940851533617,0.09,226.7577730326251,453.8285612063048,1138.1217903085553,2276.164101059219,4060.3089745931243
0.9,22,se_iid,10,False,-1,0.13128207622085808,0.08,230.66986379604324,465.63558868992016,1151.982116647867,2201.460368844535,3738.783507132969
0.9,23,se_iid,10,False,-1,0.045925494384556204,0.09,227.44868616406788,454.897372328135,1067.1334761947228,1296.7609481173631,1756.0158919626438
0.9,24,se_iid,10,False,-1,0.1646476404097553,0.11,222.2558904219991,435.5576399628628,1064.2512865625922,2060.8700157268377,3807.9426273714043
0.9,25,se_iid,10,False,-1,0.0336090738907062,0.11,210.9827089950357,397.55869092393726,945.7952772660889,1830.5838805245776,2459.8867152487874
0.9,26,se_iid,10,True,170,0.3313459561421873,0.1,315.53580730033514,647.3613173466687,1641.9900817582768,3300.0966240574467,6614.401567241739
0.9,27,se_iid,10,False,-1,0.02172119495776173,0.09,232.00290335154392,425.16324568134394,977.6746263823037,1675.6081035238963,1892.8200531015277
0.9,28,se_iid,10,False,-1,0.040340693645287785,0.09,212.92600426055841,413.7908544302352,998.8892716324136,1823.124944508565,2864.1125937254283
0.9,29,se_iid,10,False,-1,0.15413825215400803,0.09,227.36523746685504,454.73047493371536,1136.8261873342688,2222.6658178084886,3876.37610105212
0.9,30,se_iid,10,False,-1,0.04816287758301245,0.1,228.37678717798633,447.7576926170677,1082.8076348146715,1984.30161413238,2997.052395471203
0.9,31,se_iid,10,False,-1,0.0971426443250943,0.11,228.25669775405328,458.6545585339398,1128.6909336384447,2180.618707075421,3513.2009535834663
0.9,32,se_iid,10,False,-1,0.012562889377021293,0.11,219.9192185227343,440.2419041787805,1044.6215973867352,1577.0531783882343,1822.85150074681
0.9,33,se_iid,10,False,-1,0.046091924004710697,0.1,245.98573677799956,487.72144740393213,1077.6324119669077,1308.0920319904742,1769.0112720376071
0.9,34,se_iid,10,False,-1,0.040092572226556475,0.08,182.29791048311665,341.93410449642766,819.7503334144667,1316.30646056581,1717.232182831507
0.9,35,se_iid,10,False,-1,0.15112868462043785,0.11,221.69394942565515,441.96924797312465,1080.4531005227848,2108.659200560454,3631.3182899181934
0.9,36,se_iid,10,False,-1,0.037108132812734555,0.1,233.97108744662663,476.95326004447367,1217.4392494669432,2420.070942217213,3747.0016886422272
0.9,37,se_iid,10,False,-1,0.09074958020189593,0.1,242.692960422424,480.08011088411746,1104.0314616427172,2026.6850844740752,3502.6131345355
0.9,38,se_iid,10,False,-1,0.03935520866809746,0.09,247.40854613713194,493.87107125004434,1205.9331575835438,1550.4221356350706,2013.6331342160804
0.9,39,se_iid,10,False,-1,0.031635032358317404,0.1,235.4919651971312,469.43849292129386,1066.0228061973173,1788.7266208039061,2505.673012772549
0.9,40,se_iid,10,False,-1,0.0844764592112817,0.09,239.50416667169975,481.6340950299816,1199.0120328614353,2385.023496408319,3794.9873718124604
0.9,41,se_iid,10,False,-1,0.025914812413101843,0.09,225.83964062533823,394.6589495113048,783.2188639076795,1462.353633641298,2075.2481984627907
0.9,42,se_iid,10,False,-1,0.03889501041596846,0.11,193.19146021875727,381.5808649979917,935.7476724086924,1770.4192048505315,2800.5814266398006
0.9,43,se_iid,10,False,-1,0.03958764036817585,0.11,236.3239203777867,423.25510654608576,994.4364538542394,1916.6892784477595,2349.3563364397883
0.9,44,se_iid,10,False,-1,0.023694250339867537,0.09,237.06185451437162,464.45195853702813,914.0281843870381,1613.7285641380388,1881.1810307784774
0.9,45,se_iid,10,False,-1,0.12500578978283602,0.1,205.21256592248952,394.97312807372697,962.5849329179631,1908.1954793645064,3520.5277161842155
0.9,46,se_iid,10,False,-1,0.10065854935466408,0.09,232.78899888908805,417.39013859487955,922.5000140540741,1622.2204823218137,2824.667893098843
0.9,47,se_iid,10,False,-1,0.0512242788043456,0.09,233.13591461766796,388.3527328864972,801.0257440062384,1436.8258692722904,2300.439986615904
0.9,48,se_iid,10,False,-1,0.12782840011332464,0.09,227.29511722498958,450.64902093372837,1119.948030038367,2168.2270742997166,3755.95406273681
0.9,49,se_iid,10,False,-1,0.12341949488605812,0.08,234.07085411715383,466.39756237829505,1163.847999653793,2295.9346284376657,3787.8663478479016
0.9,50,se_iid,10,True,560,0.04486668518165055,0.1,228.15939751028853,439.9662104924925,1068.4581897047926,2082.058691305229,2974.172816549604
0.9,51,se_iid,10,False,-1,0.05555397485228716,0.09,238.3464309818158,389.3743758685529,572.1399411373765,862.2564714537217,1418.408367615861
0.9,52,se_iid,10,False,-1,0.03913793918506805,0.09,228.29423088500596,458.25461229655707,1134.4338336097167,2267.6447257835343,3744.5338356248067
0.9,53,se_iid,10,False,-1,0.09462519344166133,0.1,229.22632108923162,471.4895659767737,1159.275600168241,2226.8622825409598,3795.3221394452107
0.9,54,se_iid,10,False,-1,0.10427939046058043,0.09,232.39343566348543,464.7868713269674,1110.017981080385,2165.65905393007,3389.126845502386
0.9,55,se_iid,10,False,-1,0.035921443043865166,0.09,243.13719057864063,475.7899038453429,1158.9449130180628,2250.993341094295,3045.9919123681902
0.9,56,se_iid,10,False,-1,0.029233345233258233,0.1,239.0242231958065,438.1417709980654,776.0396965271501,922.206422693407,1214.539875026218
0.9,57,se_iid,10,False,-1,0.020805449013413083,0.09,228.31858323430475,456.1057727672142,741.4907388559442,845.3970792563786,1053.4515693905075
0.9,58,se_iid,10,False,-1,0.017127271100778246,0.09,91.23264406255379,108.35991516333328,159.74172846566512,245.37808396954483,416.6507949774376
0.9,59,se_iid,10,False,-1,0.03278293205517065,0.12,241.85669662665808,483.7133932533194,1206.7976900002,1594.0920046082456,1921.9213251599458
0.9,60,se_iid,10,False,-1,0.17758210708187142,0.1,227.65232525194116,455.3046505038847,1125.0242201460453,2162.659289408172,3977.184811665785
0.9,61,se_iid,10,False,-1,0.026314823062654227,0.1,225.78731149329394,451.5746229865906,1128.9365574664796,2107.825452892783,2401.0729171208213
0.9,62,se_iid,10,False,-1,0.025107810370174944,0.12,230.6711240717237,458.0315750886505,1135.6911960784519,1682.453158606239,1933.5312623079685
0.9,63,se_iid,10,False,-1,0.08750007902328624,0.1,201.799985245805,384.5684101732501,930.0949676698581,1707.6964739827968,2586.077219918723
0.9,64,se_iid,10,False,-1,0.014557490291864403,0.09,229.80890189531215,426.65491676243323,793.4336521743056,1002.0277109110906,1147.60261382978
0.9,65,se_iid,10,False,-1,0.04026877183039423,0.09,235.77717197570726,464.81251257602696,1004.3447427952154,1207.3339641529371,1612.6542619860486
0.9,66,se_iid,10,False,-1,0.05057384051201162,0.09,240.4103656530088,474.29832549897844,1156.0191461593022,1839.733976293936,2549.330087929828
0.9,67,se_iid,10,False,-1,0.13745853198244068,0.09,232.5694594605793,432.8444327376748,1002.5793900860141,1884.4666117387183,3474.356484022502
0.9,68,se_iid,10,False,-1,0.027558112053933242,0.09,234.43742939242335,438.4951439974794,685.0272294407558,859.5667360265578,1172.794745158302
0.9,69,se_iid,10,False,-1,0.015749601164929822,0.1,236.77972890880636,473.55945781761204,1183.8986445440385,2298.917977219821,3132.119004841574
0.9,70,se_iid,10,False,-1,0.11344014121067958,0.1,242.95923252370875,481.98928345447433,1204.8701243717496,2007.5789309306529,3141.6159706247336
0.9,71,se_iid,10,False,-1,0.03199887127782852,0.11,231.66125772523128,445.75610168946184,1098.8018972702996,2002.2812161834502,2322.269928962631
0.9,72,se_iid,10,False,-1,0.020747732754247274,0.1,220.98833914795196,374.1635027342285,522.5505791764971,626.2892429478069,833.7665704904265
0.9,73,se_iid,10,False,-1,0.03915557132354064,0.09,239.6093545833268,462.56650090511226,670.7268659948018,866.504722612412,1258.0604358474961
0.9,74,se_iid,10,False,-1,0.05327573379458737,0.1,221.81565398122044,385.24353271101404,817.63494857208,1538.287308340533,2253.090602872968
0.9,75,se_iid,10,False,-1,0.034811232122878843,0.1,254.41014222114515,515.0461700733448,1130.77750328489,1305.458806940424,1653.7754184212195
0.9,76,se_iid,10,False,-1,0.15802454424765444,0.09,227.68772207078334,455.3754441415642,1138.38540946052,2254.894603039424,4183.985352462081
0.9,77,se_iid,10,False,-1,0.048810873421300374,0.11,224.43297781914868,446.7696361420472,824.6252959793974,1068.6796630859117,1556.7883972989403
0.9,78,se_iid,10,False,-1,0.02297881437592122,0.1,215.24456488235552,397.63797892874277,752.6327315059384,867.5268033855141,1097.3149471445927
0.9,79,se_iid,10,True,2160,0.05418591173523674,0.1,216.37198965807738,377.44153333773977,749.6601244000233,1020.5896830761817,1562.4488004282166
0.9,80,se_iid,10,False,-1,0.0769284640396801,0.09,224.7091366453627,451.1468334590732,1109.0241287945319,2122.1772785910944,3608.3789611122493
0.9,81,se_iid,10,False,-1,0.022272113174111763,0.09,202.10489611490053,372.57908096959477,860.4686436350383,1532.9003336221117,2079.4850595628177
0.9,82,se_iid,10,True,210,0.28871245057838546,0.09,277.17676884277233,571.9441843875744,1459.4185146908578,2925.382960825725,5817.854153156765
0.9,83,se_iid,10,False,-1,0.04957858419687291,0.1,230.66323567227977,463.388984703574,1137.8004738880275,1758.7284007820942,2254.514242750786
0.9,84,se_iid,10,False,-1,0.04677007693048648,0.09,241.10121372478574,482.2024274495723,1201.335712442586,2367.28936889972,3460.274516194273
0.9,85,se_iid,10,False,-1,0.03966847675937064,0.08,220.12104103662682,259.78951779599623,378.79494807413533,577.1373318709966,973.8220994645662
0.9,86,se_iid,10,False,-1,0.04416532449393306,0.08,215.2940834562979,417.9316038029815,947.4690482823478,1718.8297650473503,2711.5638027489886
0.9,87,se_iid,10,False,-1,0.02086726701466739,0.1,103.94679516415007,124.81406217881909,187.415863222816,291.75219829614355,500.42486844279813
0.9,88,se_iid,10,False,-1,0.11058944314577582,0.12,221.95627033215013,411.2521500027919,956.6439508277192,1800.2340229737047,2977.232560238856
0.9,89,se_iid,10,False,-1,0.06017603430525172,0.09,236.7312205294208,469.8526898321207,1162.9914236105813,2297.2175049417706,3957.048636352031
0.9,90,se_iid,10,False,-1,0.1352603478403646,0.09,213.08606378800732,409.9195355074801,995.0963100597949,1955.0964356196826,3516.415019572685
0.9,91,se_iid,10,False,-1,0.19887883418231178,0.1,237.79107242122967,475.5821448424584,1188.955362106158,2377.9107242123405,4604.550534483762
0.9,92,se_iid,10,False,-1,0.04565963267434437,0.08,248.40870519628052,497.40242548581205,1124.03485544619,1686.0377163398232,2143.4524772629643
0.9,93,se_iid,10,False,-1,0.11423317584704827,0.09,230.12431021606267,444.3547707857656,1087.281131356667,2022.6566930694137,3334.5840750341285
0.9,94,se_iid,10,False,-1,0.1949849083930162,0.09,235.17848116909798,475.38413278893444,1174.9609682934379,2209.0706134154384,4208.161190925935
0.9,95,se_iid,10,False,-1,0.0,0.09,233.22829788128556,443.5209717204029,545.0826402962902,706.4509651085201,735.9125244280666
0.9,96,se_iid,10,False,-1,0.00855860872955046,0.11,234.8822100980494,469.7644201960984,980.4866039358656,1023.0670354780632,1108.227032735497
0.9,97,se_iid,10,False,-1,0.015462265047979032,0.08,115.30692888330623,139.89041783677396,213.64088469717717,336.5583294645158,545.0547155457506
0.9,98,se_iid,10,False,-1,0.025033128745476974,0.09,234.4641287467573,443.6060606021772,1021.7875293890683,1295.3588014034874,1661.9088570216848
0.9,99,se_iid,10,False,-1,0.17525530158038855,0.11,233.62340669786414,467.35952419467134,1149.773320598282,2250.416069618403,4098.180757114004
0.97,0,se_iid,10,False,-1,0.08400739947658684,0.09,251.69141601419818,498.35307807639873,1222.9749483340734,2257.07764640102,3338.3137666491925
0.97,1,se_iid,10,True,320,0.11369036346828353,0.09,241.69248671808975,492.30344041965213,1200.827343048451,2311.9769408980223,3620.99710593364
0.97,2,se_iid,10,True,360,0.16827501981479998,0.09,209.62430425194827,424.68945666202546,1068.1693069858359,2079.363594221889,3920.534863628607
0.97,3,se_iid,10,False,-1,0.034484615587248794,0.11,222.85312784423667,442.669762539063,972.8331613188107,1761.8718661750481,2748.6816286688063
0.97,4,se_iid,10,False,-1,0.05089935152467552,0.1,221.45171954906073,447.3532783943558,1074.2643146119985,2066.7032908625406,3412.8986747747267
0.97,5,se_iid,10,False,-1,0.06982185137685429,0.1,235.35463153440105,456.60887006895877,967.8628823339877,1651.9410547707357,2417.2488239299278
0.97,6,se_iid,10,False,-1,0.013164208799408161,0.09,216.69369875334814,425.11868454601785,1045.742149416833,1755.1400954644737,1988.9821852251453
0.97,7,se_iid,10,False,-1,0.0,0.08,54.66530250546919,93.16451886108327,129.69641064831478,129.69641064831478,129.69641064831478
0.97,8,se_iid,10,True,450,0.25292961875001363,0.11,255.28792721507966,532.6705053087239,1342.7770058988,2693.012618996254,5327.890465415649
0.97,9,se_iid,10,True,13950,0.011180497473141869,0.1,221.00251268003598,442.38610191935027,1047.330912288599,1555.9759570007968,1651.7463656167438
0.97,10,se_iid,10,False,-1,0.05263444143312822,0.09,247.48120058215915,494.9624011643222,1175.169994090011,2243.2333479327453,3893.0181841234653
0.97,11,se_iid,10,False,-1,0.06411226255263616,0.08,227.5592531130006,450.5627661892515,1039.5145121292028,1686.4885639322204,2576.2422751144813
0.97,12,se_iid,10,False,-1,0.1453497880533132,0.1,227.0266561342434,452.18400179851983,1122.6524238143284,2158.253453916502,3872.397091172081
0.97,13,se_iid,10,False,-1,0.19134545026948177,0.11,236.29123585338772,465.1099217104192,1161.6946645116527,2316.654790897375,4459.451516367575
0.97,14,se_iid,10,False,-1,0.0,0.11,177.72489475737635,248.11115208132824,448.84703973517776,719.0429138051358,767.2900822201317
0.97,15,se_iid,10,False,-1,0.04724437191025087,0.09,240.19618984755388,480.39237969510356,1165.5971712520068,2261.749667630296,3313.2523273049387
0.97,16,se_iid,10,False,-1,0.1283238250106533,0.08,227.6473269909066,460.88936131023803,1130.7347443187932,2196.5483769615084,3814.651643892702
0.97,17,se_iid,10,False,-1,0.027405616167773737,0.09,247.68854780652904,490.67829346029214,1020.5184046163239,1151.80353568444,1425.8596973625579
0.97,18,se_iid,10,False,-1,0.03863147345938239,0.09,221.90238325676296,426.15605825161873,606.5150219428311,800.180503364296,1187.9064990677841
0.97,19,se_iid,10,True,1350,0.0685035520665832,0.09,228.5870029479036,435.0776834309838,622.6116782357365,886.0117582692094,1571.0472789355686
0.97,20,se_iid,10,False,-1,0.048023332320832,0.09,247.90237145832813,472.6024750140227,845.3379164290873,1087.2216231202638,1569.5406310736084
0.97,21,se_iid,10,False,-1,0.04561239585060437,0.09,229.91467115635788,459.82934231271486,1136.8420736037356,2237.5567605124857,2885.5092794781663
0.97,22,se_iid,10,True,15280,0.045048271781127525,0.11,226.4685070655095,453.59361057671737,1053.56037322881,1641.6536944902682,2012.8514539672224
0.97,23,se_iid,10,True,580,0.3622333816599186,0.11,197.66401673909678,559.8973983990096,1646.5975433788958,3457.7644516778214,7080.098268278915
0.97,24,se_iid,10,True,170,0.24336565217451953,0.11,243.24938853913997,480.3012593573034,1197.2655506595709,2414.093811532173,4847.750333275788
0.97,25,se_iid,10,False,-1,0.08398565800061092,0.1,181.3183734227731,317.1645127232016,724.7029306244802,1403.9336271264985,2504.139517959082
0.97,26,se_iid,10,True,170,0.31835813003080093,0.09,313.61949792655446,643.372819007104,1623.1919722653968,3254.464609329521,6484.013818376575
0.97,27,se_iid,10,False,-1,0.01636773396288787,0.09,159.78502409513038,302.61454462929186,731.103106231784,1389.6033128454085,2040.132865155815
0.97,28,se_iid,10,True,700,0.3286359116868473,0.08,253.91701453828105,583.4135725844236,1571.597671946495,3214.777230380769,6501.13634724965
0.97,29,se_iid,10,False,-1,0.04325214254246961,0.09,227.36523746685504,454.73047493371536,1140.21041246503,2191.7707041156127,3508.0562364978023
0.97,30,se_iid,10,False,-1,0.030165841888838293,0.09,228.37678717798633,442.14506323610334,1002.2037475531151,1880.5727924491753,2305.668875109239
0.97,31,se_iid,10,False,-1,0.0,0.09,234.40172694386374,460.18131981760945,1134.6800141506808,2192.4075458196876,2820.36179054654
0.97,32,se_iid,10,True,3930,0.04647417892440164,0.09,226.43645129947373,452.3674650239704,691.763454387503,922.668207696806,1387.4099969410777
0.97,33,se_iid,10,False,-1,0.02229786102639491,0.09,228.01102725536995,451.78949461033403,1086.815003113445,2067.7534918576753,2660.769759339783
0.97,34,se_iid,10,False,-1,0.03295457408863379,0.1,200.12309473937563,390.77600927384,936.6835550226701,1592.4548555339927,1922.000596420253
0.97,35,se_iid,10,True,620,0.22981515006474404,0.08,214.76325453285276,459.3873770457888,1168.6740634510315,2317.7498137749167,4615.901314423398
0.97,36,se_iid,10,False,-1,0.02044664240837846,0.09,152.22895500845215,183.31969845548304,276.59192879657087,384.45301300634173,588.2131914622413
0.97,37,se_iid,10,False,-1,0.13045501664524783,0.09,244.08160316675446,462.4727844192439,1090.987666722414,2129.0984528394747,3771.529193226519
0.97,38,se_iid,10,False,-1,0.11922810530482107,0.09,245.51113410914408,487.9175287984255,1130.126007824126,2147.113244099544,3895.4082721927693
0.97,39,se_iid,10,False,-1,0.015383088855238036,0.09,221.5185776793086,411.9679052616211,925.1411990368555,1719.327555831206,2126.6608834703293
0.97,40,se_iid,10,False,-1,0.11176943416246925,0.1,239.50416667169975,481.6340950299816,1199.0120328614353,2358.416801084727,3990.4947655549267
0.97,41,se_iid,10,False,-1,0.035561588271409976,0.1,223.93394121435443,424.9785960427291,950.2656928919529,1737.0696125805487,2465.443160526242
0.97,42,se_iid,10,False,-1,0.09416548147466619,0.1,182.94872885025313,350.1300242310026,862.7476974709521,1686.2076980328618,2949.6157716357693
0.97,43,se_iid,10,True,1340,0.018258289927855168,0.09,204.69818769412524,224.76143354074463,279.53630332431015,370.827752963667,553.4106522423807
0.97,44,se_iid,10,False,-1,0.010374084470795594,0.11,239.72992906344808,475.19768375085556,1183.7824076481602,2326.732705504763,2777.056917056592
0.97,45,se_iid,10,True,310,0.27314967201485285,0.09,247.03160051064674,520.1812725254987,1339.6302885699718,2705.3786486440936,5436.875368794569
0.97,46,se_iid,10,False,-1,0.09926399290392073,0.1,231.1972685468502,425.6099746387875,999.7192750995947,1926.1607811594724,3243.4782071766585
0.97,47,se_iid,10,False,-1,0.0,0.1,233.13591461766796,383.40985183505603,807.8393408583405,1405.8105995028402,1700.7261590222581
0.97,48,se_iid,10,True,680,0.01639786055728576,0.09,229.72828944204392,462.67675312701294,1128.260220414386,2049.6007996664207,2727.3930666274714
0.97,49,se_iid,10,False,-1,0.04428197363438624,0.09,220.16955460800102,379.2121497137474,860.6636855164799,1427.5471644209697,1870.3669007648055
0.97,50,se_iid,10,True,160,0.05477073012690602,0.11,241.37083160054576,448.74251171119,955.7500514222312,1229.6037020567526,1777.3110033257951
0.97,51,se_iid,10,False,-1,0.06026742453932536,0.09,196.3338256463949,335.5814568284721,757.254745306358,1462.2213818469734,2336.7310960010313
0.97,52,se_iid,10,False,-1,0.030004063822224262,0.09,228.29423088500596,457.7305698400662,1077.6366550979699,1702.094304905004,2164.5199859807694
0.97,53,se_iid,10,False,-1,0.08495726586694943,0.12,226.44265427987074,467.0257227711352,1132.2349047188118,1785.1396089769196,2901.142634402001
0.97,54,se_iid,10,False,-1,0.04110011061108492,0.1,219.00374949424102,430.4753596670338,842.8594096886405,1117.9974991369536,1587.6918895518897
0.97,55,se_iid,10,True,940,0.2880486028459431,0.08,224.6146072147623,511.36120085647246,1375.507009394314,2815.750023623444,5696.236052083169
0.97,56,se_iid,10,False,-1,0.011918670233515677,0.1,235.62689810374866,433.5740965448152,613.8911579406016,723.4117608103458,842.2184227680549
0.97,57,se_iid,10,False,-1,0.02756416960970294,0.09,199.98329287163352,220.54803009830886,293.1370618592442,431.8385322429132,709.0808592908318
0.97,58,se_iid,10,False,-1,0.10585186356827023,0.09,220.14886395138794,434.150944083215,1058.0515494070944,2073.346388477483,3556.533511985702
0.97,59,se_iid,10,False,-1,0.018331287892223627,0.09,241.85669662665808,483.7133932533194,1199.550378925484,1634.72980218466,1818.0426811070392
0.97,60,se_iid,10,False,-1,0.09516240392003789,0.1,218.3227738967945,437.88441677247516,1085.0069777041008,2059.2283748175932,3164.4497123161445
0.97,61,se_iid,10,True,300,0.28567620576157277,0.12,266.2193437740973,547.0341326163805,1404.0627499011725,2832.443778709163,5689.205836325901
0.97,62,se_iid,10,False,-1,0.026279717047337066,0.09,227.6575866596594,455.1297987574325,1131.042556752264,2079.234588965149,2820.286683257949
0.97,63,se_iid,10,False,-1,0.02860128778823192,0.1,191.31285929521275,322.19864454229867,725.982048710914,1119.0516273291169,1456.7463097555506
0.97,64,se_iid,10,True,120,0.2662237856721755,0.09,264.86043131152223,525.2599996786287,1324.0582485402201,2655.1771769014586,5317.415033623509
0.97,65,se_iid,10,True,11300,0.030552416595001537,0.1,235.77717197570726,442.4051035764494,904.3793036876285,1436.0330669039613,1859.1873992846613
0.97,66,se_iid,10,False,-1,0.04158048696351296,0.11,171.94032106435782,224.91557602064643,383.84134088951225,609.7318523308367,1023.7193091827011
0.97,67,se_iid,10,False,-1,0.03764131705071275,0.08,220.89867454901994,375.81696929351136,834.7820869173715,1579.588192297969,2287.6865394137753
0.97,68,se_iid,10,False,-1,0.03427336923299964,0.09,231.79594136050886,451.41170585929893,801.3383177660795,985.6862949741411,1329.0990301194754
0.97,69,se_iid,10,False,-1,0.004544278119171306,0.09,225.2620144515806,441.94639967882273,947.4441940771425,1368.302986661535,1505.9816084359766
0.97,70,se_iid,10,False,-1,0.1075235393477989,0.11,230.00308306209325,448.6233310856185,1102.4081410386025,2143.1205265621616,3613.987111003726
0.97,71,se_iid,10,False,-1,0.09440745102562675,0.09,231.66125772523128,451.9965895872514,1098.204971025264,2085.59214838445,3253.54933522298
0.97,72,se_iid,10,False,-1,0.020747732754247274,0.09,230.6340329422655,459.7392710757781,570.6170141649413,674.3556779362511,881.8330054788707
0.97,73,se_iid,10,False,-1,0.02040198207043609,0.1,244.05505033522965,478.4441629379581,1157.1939388370006,2026.0645009300756,2233.7282133603835
0.97,74,se_iid,10,False,-1,0.02954338964914491,0.1,211.67613328063234,407.9181699838291,912.9390248129962,1590.7511612174685,2076.895916420011
0.97,75,se_iid,10,True,1330,0.3033353394666514,0.1,246.065729140402,528.4145388869066,1446.1127802810765,2973.7650247500533,6023.956012366079
0.97,76,se_iid,10,False,-1,0.10625505339407397,0.1,227.68772207078334,455.3754441415642,1140.2798417625927,2257.3342068431325,3971.569508407282
0.97,77,se_iid,10,False,-1,0.0,0.1,224.43297781914868,436.510696500979,707.1731337064201,707.1731337064201,707.1731337064201
0.97,78,se_iid,10,False,-1,0.022978814375921218,0.09,192.70521628693496,379.8044963834629,941.292463438662,1354.3514000899,1584.139543848824
0.97,79,se_iid,10,True,390,0.020047873827146567,0.09,211.78415801796976,413.4460198852813,986.1193199831181,1219.1743770962892,1492.0190045310726
0.97,80,se_iid,10,False,-1,0.1389289400000373,0.08,224.7091366453627,444.7424207742868,1001.1231952158164,1944.0171668349649,3634.1385067362603
0.97,81,se_iid,10,False,-1,0.09542101842435081,0.08,230.13732937516374,446.46905326493305,1089.873652940564,2069.7536899789143,3600.129720415847
0.97,82,se_iid,10,True,150,0.284522833656944,0.1,289.6542427908781,592.0727791005598,1502.9861981847275,3001.7709587152776,5905.022935565825
0.97,83,se_iid,10,True,2250,0.050692679978176954,0.1,214.76640865748368,411.9613196425353,1024.706178596958,1730.4443516217596,2577.2338454873766
0.97,84,se_iid,10,False,-1,0.04012709484312847,0.09,241.10121372478574,482.2024274495723,1200.0112276016523,2119.145311395149,2539.0784878670624
0.97,85,se_iid,10,True,2240,0.03650950739492997,0.11,212.90907461228318,252.5775513716515,403.20539938214137,676.0235037012129,1169.3027832792075
0.97,86,se_iid,10,False,-1,0.1442432562456534,0.09,240.97416704641148,470.0565426588241,1146.960921560441,2029.1981809344466,3661.2598987764195
0.97,87,se_iid,10,False,-1,0.005893387311639743,0.11,163.1884843377123,184.05575135237777,225.3997361559548,254.8666727141771,313.80054583048235
0.97,88,se_iid,10,False,-1,0.03900492714606274,0.1,202.33181948372103,341.8224884586186,650.1571341224827,1039.909108510233,1429.9583799711856
0.97,89,se_iid,10,False,-1,0.04426295724414895,0.1,236.7312205294208,480.07253506454975,1050.5694785204735,1271.88426474119,1714.513837182623
0.97,90,se_iid,10,False,-1,0.022371598460074752,0.1,208.66509677055157,402.51362996416304,755.8975062534156,1233.368249554853,1808.2601929511382
0.97,91,se_iid,10,False,-1,0.12180944577196642,0.09,237.79107242122967,475.5821448424584,1175.9464126582914,2052.2402245231874,3655.774346112406
0.97,92,se_iid,10,False,-1,0.002792724336890151,0.09,242.00976996012938,355.92246000776265,428.9793627154895,481.50101347712587,509.4282568461184
0.97,93,se_iid,10,True,1050,0.3154176856089613,0.09,233.5883805676246,553.8013881259835,1530.118034605815,3157.426218921406,6384.780903763127
0.97,94,se_iid,10,False,-1,0.040299256943161964,0.09,227.0637168583991,454.34576259871557,1111.8772858719885,2117.4960284652916,3123.9452707678793
0.97,95,se_iid,10,True,10880,0.2793482392581211,0.08,179.4169207317102,339.5990191087699,481.96616453869376,643.3344893509368,3201.5769692182475
0.97,96,se_iid,10,False,-1,0.029822884072585907,0.12,232.5579107639812,422.09998914850314,1005.1363622655937,1849.2151607188134,2147.4440014446827
0.97,97,se_iid,10,True,490,0.011868273611414626,0.08,54.162009802335604,67.22398809073822,102.82880892497543,162.17017698203747,280.85291309616156
0.97,98,se_iid,10,False,-1,0.025033128745476974,0.1,208.91381362380145,376.50901503165016,480.67066425348685,654.2734129564894,949.2032377976614
0.97,99,se_iid,10,False,-1,0.02451629564226908,0.1,233.79276878843166,458.49394742428933,1049.6967484221195,1768.4634933903012,2049.271849489261
0.0,0,se_iid,25,False,-1,0.06453902091723977,0.06,251.69141601419855,503.38283202839983,1258.457080071,2516.914160141906,4169.183427126987
0.0,1,se_iid,25,False,-1,0.18814194928554262,0.07,233.65007040598408,467.3001408119674,1168.2503520299306,2336.5007040599153,4580.731492191818
0.0,2,se_iid,25,False,-1,0.21777619808920876,0.09,220.59992754317892,441.19985508635256,1102.9996377158889,2205.999275431859,4406.351091955694
0.0,3,se_iid,25,False,-1,0.2203004971491037,0.07,228.2580896459254,456.51617929185,1141.2904482296217,2282.580896459195,4536.835842643348
0.0,4,se_iid,25,False,-1,0.21650567037601864,0.09,228.2202357848728,456.44047156974244,1141.1011789243662,2282.2023578487565,4484.025937421197
0.0,5,se_iid,25,False,-1,0.12886616624280667,0.07,235.12576842042455,470.25153684084944,1175.6288421020868,2351.257684204158,4135.680484475919
0.0,6,se_iid,25,False,-1,0.1903100104897827,0.09,228.0187408807528,456.03748176151043,1140.0937044038,2280.1874088074937,4449.587884549715
0.0,7,se_iid,25,False,-1,0.19398267841500733,0.08,235.41588730358765,470.8317746071779,1177.0794365179393,2354.1588730358667,4609.3727934659155
0.0,8,se_iid,25,False,-1,0.22792188594416626,0.07,239.4693568954869,478.93871379096987,1197.3467844774289,2394.6935689549905,4765.434910699933
0.0,9,se_iid,25,False,-1,0.17706250091977452,0.06,229.4927909928054,458.9855819856103,1147.4639549640283,2294.92790992799,4360.886030237734
0.0,10,se_iid,25,False,-1,0.2439304505042847,0.07,247.4812005821598,494.9624011643224,1237.4060029107911,2474.8120058215104,4942.522511487365
0.0,11,se_iid,25,False,-1,0.16950311801086168,0.07,227.09207715769367,454.18415431538904,1135.4603857884695,2270.9207715770344,4392.31360832463
0.0,12,se_iid,25,False,-1,0.22136107858839768,0.07,234.91754450173588,469.835089003476,1174.5877225086695,2349.1754450173717,4666.948065728204
0.0,13,se_iid,25,False,-1,0.22005466726685932,0.06,236.53762935148748,473.0752587029724,1182.6881467574676,2365.376293514937,4654.13538940111
0.0,14,se_iid,25,False,-1,0.14387478497852,0.08,247.9484486697161,495.89689733943635,1239.7422433485722,2452.2033084854197,4268.723937525575
0.0,15,se_iid,25,False,-1,0.22722236877365737,0.08,240.19618984755394,480.39237969510384,1200.980949237784,2401.9618984755016,4770.389058568094
0.0,16,se_iid,25,False,-1,0.2151035906987237,0.06,232.4579988321886,464.9159976643732,1162.2899941609717,2324.5799883219147,4574.911665298612
0.0,17,se_iid,25,False,-1,0.21647396093862054,0.07,244.30937635918963,488.6187527183845,1221.5468817959775,2443.093763591897,4754.152343465816
0.0,18,se_iid,25,False,-1,0.23195484592928386,0.08,240.0512163437436,480.1024326874883,1200.2560817187077,2400.5121634374837,4747.675425608622
0.0,19,se_iid,25,False,-1,0.1725051936339658,0.07,231.15994755089895,462.31989510179596,1155.799737754513,2311.599475509057,4303.534797576297
0.0,20,se_iid,25,False,-1,0.20571687272533282,0.07,249.76216812888072,499.52433625775166,1248.8108406443862,2497.621681288711,4701.551521094552
0.0,21,se_iid,25,False,-1,0.21936282386433437,0.07,229.91467115635808,459.82934231271463,1149.5733557817857,2299.1467115636106,4577.189728542788
0.0,22,se_iid,25,False,-1,0.17602589119170822,0.07,231.38513480685975,462.7702696137229,1156.9256740343076,2313.8513480686083,4316.4549071414585
0.0,23,se_iid,25,False,-1,0.22082736432422764,0.06,227.44868616406873,454.8973723281362,1137.2434308203328,2274.4868616405947,4533.516252237292
0.0,24,se_iid,25,False,-1,0.22516354709484468,0.09,243.32841650332102,486.6568330066464,1216.642082516584,2433.2841650330793,4816.614832407596
0.0,25,se_iid,25,False,-1,0.20743681375937784,0.08,239.8452810660692,479.6905621321364,1199.2264053303256,2398.4528106606786,4651.974655483221
0.0,26,se_iid,25,False,-1,0.23706252370669728,0.08,243.89600867094126,487.79201734188024,1219.4800433547102,2438.9600867093936,4864.253203490684
0.0,27,se_iid,25,False,-1,0.2197481812899558,0.07,232.78600638099778,465.57201276199834,1163.930031905004,2327.8600638100147,4605.882853695596
0.0,28,se_iid,25,False,-1,0.21247814694033088,0.07,226.36017911461732,452.72035822923385,1131.8008955730988,2263.6017911461863,4459.718667169943
0.0,29,se_iid,25,False,-1,0.22097737112981655,0.08,227.36523746685512,454.73047493371416,1136.826187334266,2273.652374668455,4477.7612827688645
0.0,30,se_iid,25,False,-1,0.1836269388055448,0.07,235.1386815320605,470.2773630641223,1175.6934076602936,2351.3868153205694,4495.655265621446
0.0,31,se_iid,25,False,-1,0.18590478126787285,0.08,234.40172694386393,468.80345388772486,1172.008634719316,2344.017269438676,4461.887992824107
0.0,32,se_iid,25,False,-1,0.21635748435124938,0.06,226.4364512994741,452.8729025989445,1132.182256497374,2264.3645129947868,4486.13922062287
0.0,33,se_iid,25,False,-1,0.13440026282663706,0.06,232.97942268405743,465.95884536811303,1164.897113420306,2329.7942268406637,4251.277231132446
0.0,34,se_iid,25,False,-1,0.2161864664825956,0.06,235.15529274175796,470.31058548351587,1175.7764637087946,2351.5529274175606,4665.16820231682
0.0,35,se_iid,25,False,-1,0.16916038679763198,0.07,226.80461917130629,453.6092383426088,1134.02309585653,2268.046191713111,4338.594449326106
0.0,36,se_iid,25,False,-1,0.22258796390986857,0.05,233.97108744662634,467.94217489325206,1169.8554372331278,2339.710874466331,4636.990589805551
0.0,37,se_iid,25,False,-1,0.23255695581289473,0.05,235.3885667218779,470.77713344376474,1176.9428336094174,2353.885667218777,4704.172659310655
0.0,38,se_iid,25,False,-1,0.18962431826465512,0.09,247.40854613713202,494.81709227426586,1237.0427306856764,2474.085461371335,4699.548204809464
0.0,39,se_iid,25,False,-1,0.17564487169504117,0.06,228.24999660613915,456.4999932122777,1141.2499830306954,2282.4999660614067,4397.009947171117
0.0,40,se_iid,25,False,-1,0.17837480119764706,0.06,238.7152565004074,477.43051300081595,1193.5762825020374,2387.1525650041217,4615.17975307904
0.0,41,se_iid,25,False,-1,0.2273823506337944,0.06,231.7306282663584,463.461256532727,1158.653141331841,2317.3062826636315,4617.151484007676
0.0,42,se_iid,25,False,-1,0.20538557334543314,0.07,226.8745060775072,453.74901215500915,1134.372530387539,2268.745060775048,4483.2427397269685
0.0,43,se_iid,25,False,-1,0.21273743438545484,0.07,236.982597547861,473.96519509571624,1184.9129877392804,2369.8259754785304,4636.019533378051
0.0,44,se_iid,25,False,-1,0.22226714223725008,0.06,238.65977543707587,477.3195508741485,1193.2988771853877,2386.597754370805,4739.861955468066
0.0,45,se_iid,25,False,-1,0.23275489846643557,0.08,239.11660399626956,478.23320799254043,1195.5830199813456,2391.166039962678,4769.608668865708
0.0,46,se_iid,25,False,-1,0.21199753963553092,0.07,235.9717375595262,471.94347511904607,1179.8586877976543,2359.7173755952763,4642.281352320164
0.0,47,se_iid,25,False,-1,0.17814941734619555,0.08,246.674493386898,493.3489867737917,1233.3724669344635,2466.744933868921,4641.568559026915
0.0,48,se_iid,25,False,-1,0.2251394288140912,0.07,232.4195953788219,464.83919075764453,1162.0979768940917,2324.1959537882162,4610.303910366429
0.0,49,se_iid,25,False,-1,0.2377369428372851,0.06,237.7369428372841,475.4738856745724,1188.6847141864585,2377.3694283729305,4754.738856745321
0.0,50,se_iid,25,False,-1,0.22971929125895146,0.08,233.33728904860007,466.6745780971976,1166.6864452429647,2333.3728904859186,4655.61801072979
0.0,51,se_iid,25,False,-1,0.1915319845701024,0.08,236.84798447234866,473.69596894470175,1184.2399223616967,2368.4798447234675,4540.176789658743
0.0,52,se_iid,25,False,-1,0.15019564106943672,0.06,227.63590784346033,455.2718156869183,1138.179539217317,2276.359078434547,4347.108332202137
0.0,53,se_iid,25,False,-1,0.173386939271134,0.06,235.8935988796932,471.7871977593857,1179.4679943984868,2358.9359887969517,4464.788243563167
0.0,54,se_iid,25,False,-1,0.2299583005765703,0.07,232.3934356634852,464.78687132696746,1161.967178317416,2323.9343566349808,4642.998443096484
0.0,55,se_iid,25,False,-1,0.21556165734035154,0.07,230.69470746507946,461.3894149301595,1153.4735373254146,2306.947074650832,4543.135302157355
0.0,56,se_iid,25,False,-1,0.2373022027181429,0.08,241.48159234322242,482.96318468644535,1207.4079617161167,2414.815923432296,4821.273067614174
0.0,57,se_iid,25,False,-1,0.2208772450131069,0.06,228.31858323430438,456.6371664686081,1141.592916171512,2283.185832342965,4535.070995239762
0.0,58,se_iid,25,False,-1,0.20936692875828858,0.08,229.39301029681047,458.78602059362095,1146.965051484051,2293.9301029680964,4508.167906691536
0.0,59,se_iid,25,False,-1,0.2418566966266585,0.07,241.85669662665782,483.71339325331985,1209.2834831332975,2418.566966266613,4837.133932533481
0.0,60,se_iid,25,False,-1,0.17769810449052142,0.06,227.65232525194082,455.30465050388545,1138.2616262597144,2276.5232525194065,4276.204543515316
0.0,61,se_iid,25,False,-1,0.20876310179591268,0.06,225.7873114932938,451.57462298659004,1128.936557466482,2257.8731149328887,4383.75312660943
0.0,62,se_iid,25,False,-1,0.22535352351693938,0.06,230.67112407172394,461.34224814344736,1153.3556203586224,2306.7112407171417,4602.787280324349
0.0,63,se_iid,25,False,-1,0.19027324065166204,0.06,225.891383506895,451.7827670137917,1129.4569175344895,2258.9138350689987,4414.674496527887
0.0,64,se_iid,25,False,-1,0.20059106709144822,0.06,229.80890189531186,459.6178037906154,1149.0445094765564,2298.089018953219,4431.984496346051
0.0,65,se_iid,25,False,-1,0.2230009470594353,0.06,235.77717197570797,471.55434395141333,1178.8858598785494,2357.771719757021,4642.468655591084
0.0,66,se_iid,25,False,-1,0.14540676530285654,0.07,246.80860642736653,493.6172128547312,1234.043032136836,2468.0860642735693,4237.859737803503
0.0,67,se_iid,25,False,-1,0.1411123356835162,0.05,232.56945946057937,465.13891892115436,1162.8472973029159,2325.6945946057567,4114.680927642367
0.0,68,se_iid,25,False,-1,0.23443742939242315,0.05,234.43742939242364,468.87485878484557,1172.1871469621267,2344.3742939241884,4688.748587848051
0.0,69,se_iid,25,False,-1,0.1883789328018451,0.05,236.77972890880622,473.55945781761193,1183.8986445440437,2367.797289088136,4448.844869116753
0.0,70,se_iid,25,False,-1,0.15546275317639022,0.05,231.53307484798043,463.0661496959601,1157.6653742398792,2315.330748479771,4434.412837251698
0.0,71,se_iid,25,False,-1,0.13408546070971203,0.07,233.85943289867305,467.71886579735104,1169.2971644933386,2338.5943289867114,4298.404232155018
0.0,72,se_iid,25,False,-1,0.18520812949219664,0.07,234.6856784509768,469.37135690195555,1173.4283922548846,2346.8567845097123,4507.308356290105
0.0,73,se_iid,25,False,-1,0.21507482220791227,0.05,243.24868907808678,486.4973781561761,1216.2434453904198,2432.486890780807,4801.846655774489
0.0,74,se_iid,25,False,-1,0.2325767592252153,0.05,245.39496189135207,490.7899237826993,1226.9748094567813,2453.949618913591,4851.227862931064
0.0,75,se_iid,25,False,-1,0.20586919959439892,0.06,242.81145547288673,485.6229109457733,1214.0572773644108,2428.1145547288575,4647.123795987725
0.0,76,se_iid,25,False,-1,0.21099212974436096,0.05,227.6877220707833,455.3754441415638,1138.438610353915,2276.877220707829,4451.030146202963
0.0,77,se_iid,25,False,-1,0.22443297781914787,0.05,224.43297781914825,448.8659556382943,1122.1648890957294,2244.3297781914403,4488.6595563830815
0.0,78,se_iid,25,False,-1,0.20782972311132533,0.05,236.59403213130386,473.1880642626052,1182.970160656501,2365.940321312982,4674.352024586061
0.0,79,se_iid,25,False,-1,0.19057981194216797,0.06,235.24563210159977,470.4912642031969,1176.2281605080118,2352.456321016139,4571.294150891006
0.0,80,se_iid,25,False,-1,0.21888623295083165,0.06,226.9516404768228,453.90328095364754,1134.7582023841123,2269.51640476834,4509.494134074508
0.0,81,se_iid,25,False,-1,0.17721157069325807,0.05,233.67281654205868,467.34563308411236,1168.3640827103304,2336.7281654207127,4441.955411207792
0.0,82,se_iid,25,False,-1,0.18147376476398344,0.06,228.27998456848,456.5599691369578,1141.3999228424418,2282.7998456847527,4302.3511565322
0.0,83,se_iid,25,False,-1,0.13989738563133505,0.06,237.3308184297113,474.6616368594232,1186.6540921485664,2373.308184297102,4459.234089705624
0.0,84,se_iid,25,False,-1,0.23637577169174653,0.05,241.10121372478585,482.2024274495732,1205.506068623944,2411.0121372479534,4812.573390429807
0.0,85,se_iid,25,False,-1,0.21629378387135262,0.05,233.82517429094935,467.6503485819028,1169.1258714547585,2338.2517429095456,4614.687662800329
0.0,86,se_iid,25,False,-1,0.2333978774238974,0.06,240.97416704641174,481.9483340928182,1204.8708352320916,2409.741670464305,4804.330761683255
0.0,87,se_iid,25,False,-1,0.191959742931283,0.06,236.36272793232294,472.7254558646483,1181.8136396616003,2363.6272793232065,4463.401989203762
0.0,88,se_iid,25,False,-1,0.17432604731258614,0.05,230.5235036013657,461.0470072027334,1152.6175180068017,2305.235036013634,4292.137826485138
0.0,89,se_iid,25,False,-1,0.202199214457407,0.05,236.73122052942034,473.46244105884307,1183.6561026471124,2367.312205294251,4624.123216756697
0.0,90,se_iid,25,False,-1,0.18399538011624492,0.05,232.50622859628265,465.0124571925592,1162.5311429813996,2325.062285962866,4402.5709633548095
0.0,91,se_iid,25,False,-1,0.23027126041978035,0.06,237.79107242122944,475.5821448424579,1188.955362106159,2377.9107242123387,4736.8684978164
0.0,92,se_iid,25,False,-1,0.19526997787159364,0.05,239.90409863475563,479.808197269517,1199.5204931737815,2399.0409863475916,4520.936071736281
0.0,93,se_iid,25,False,-1,0.15584968862962678,0.06,235.8372089273268,471.67441785465206,1179.1860446365918,2358.3720892733168,4345.766746781581
0.0,94,se_iid,25,False,-1,0.21974978037278053,0.05,231.4857572993525,462.9715145987057,1157.4287864967325,2314.8575729935365,4567.770975330892
0.0,95,se_iid,25,False,-1,0.22646199574413534,0.06,231.95560130334806,463.9112026066972,1159.7780065167142,2319.556013033497,4628.124814948666
0.0,96,se_iid,25,False,-1,0.20510518148903514,0.05,234.88221009804977,469.7644201960993,1174.4110504902412,2348.82210098057,4638.090144742936
0.0,97,se_iid,25,False,-1,0.23479932284952007,0.05,234.79932284951943,469.5986456990343,1173.9966142476237,2347.9932284952247,4695.986456990292
0.0,98,se_iid,25,False,-1,0.2001905139553193,0.06,234.46412874675826,468.92825749351715,1172.3206437337988,2344.641287467577,4540.362989334501
0.0,99,se_iid,25,False,-1,0.19707152852102508,0.05,235.2388849212723,470.4777698425484,1176.1944246063554,2352.388849212709,4556.0763390666725
0.9,0,se_iid,25,False,-1,0.1234397777733542,0.05,251.69141601419855,498.67159046208764,1172.3643650080626,1932.1520765259643,3195.5519764485057
0.9,1,se_iid,25,True,400,0.2103345149205972,0.06,267.96304980960116,564.5777965748374,1317.3049364629314,2368.9775110659916,4472.32266027172
0.9,2,se_iid,25,True,1700,0.04658734808394699,0.05,225.15704700514223,447.58030951493765,638.536886015164,871.4736264349664,1337.347107274952
0.9,3,se_iid,25,True,4900,0.11777319881794598,0.06,233.34135314048325,488.07268852385687,1193.6535474457935,2303.973013583778,3926.5241234521122
0.9,4,se_iid,25,True,1100,0.06466235211902915,0.05,122.93692486100144,186.3549449873302,381.4873146068203,706.25776752255,1357.1491627041298
0.9,5,se_iid,25,False,-1,0.10785231609783778,0.06,235.12576842042455,470.0512013285557,1110.1066234351865,2085.530022746801,3706.746519000106
0.9,6,se_iid,25,True,1100,0.025587303403703368,0.05,170.50773449272228,311.58890382177276,716.0366923661908,992.1315541490341,1248.0543013464942
0.9,7,se_iid,25,False,-1,0.024683710667045448,0.05,160.96518894235055,208.7153801473273,355.324543745882,530.7305772225299,777.5676838928711
0.9,8,se_iid,25,False,-1,0.08670675967537014,0.06,241.31294436960198,475.87517004300935,985.5514955683842,1762.6137048735213,2892.783124190245
0.9,9,se_iid,25,False,-1,0.006344568563614482,0.05,229.4927909928054,458.73012728813956,1135.7418982660276,2028.9377618805786,2110.742615588708
0.9,10,se_iid,25,False,-1,0.05242341748810795,0.05,247.96253656929542,482.9472245561221,650.5258694698256,929.8236109926648,1481.5468324049577
0.9,11,se_iid,25,False,-1,0.008594533356632064,0.05,212.60055236457563,388.55892087755956,794.8974678504777,1457.3474299227262,2079.6722497783917
0.9,12,se_iid,25,False,-1,0.05662820306372298,0.05,203.37902525826686,397.54098139521614,877.0253136935106,1602.67739716086,2343.11012266712
0.9,13,se_iid,25,True,925,0.2967234810127055,0.06,222.04204972378497,521.9508078899555,1413.8390883476054,2898.4669985799533,5868.9260495010985
0.9,14,se_iid,25,True,425,0.23560173243648092,0.06,277.33436027603403,537.1207035401446,1265.4796606767961,2447.0806161637397,4803.097940528497
0.9,15,se_iid,25,False,-1,0.04641636523526912,0.05,240.19618984755394,475.9233066424456,1006.4575632081645,1809.0754642307163,2783.163643114017
0.9,16,se_iid,25,True,7025,0.04260172217372382,0.05,238.0819613367087,458.0937147768948,930.790514009598,1165.3094662957963,1591.3266880337894
0.9,17,se_iid,25,False,-1,0.027405616167773733,0.05,236.38237123880896,447.33113125282955,693.3663985468144,820.0947668000765,1094.1509284777715
0.9,18,se_iid,25,False,-1,0.01786218126293271,0.06,123.35996598452446,140.58552967078018,193.51051119057448,282.1349105438937,458.13541878943727
0.9,19,se_iid,25,True,11525,0.05167357620467522,0.05,224.61548403769862,354.16958234945827,706.6714463917525,1223.1977294572325,1752.537796511357
0.9,20,se_iid,25,False,-1,0.08767524951576047,0.05,203.44459907905636,407.8095594080986,967.0776219643906,1826.5323743373685,2869.701222870376
0.9,21,se_iid,25,False,-1,0.03781637219364271,0.06,192.55821531870745,383.148380866511,656.2885116382657,842.1298410330278,1216.5310626551125
0.9,22,se_iid,25,True,1000,0.05346540737161796,0.05,228.54297303953234,386.72496469640754,874.9477141673478,1656.7034585730935,2312.89775192705
0.9,23,se_iid,25,False,-1,0.029830855127595163,0.05,157.54489920454876,186.91479032620964,277.2836860851662,428.65158648141846,729.1281648799494
0.9,24,se_iid,25,True,500,0.23073808946178873,0.06,248.87759906575502,479.61568852755,1171.8299569127723,2325.520404221463,4632.901298838845
0.9,25,se_iid,25,False,-1,0.03704331021767274,0.06,238.518953509645,457.7058047918395,568.1742096885292,751.7980860699614,1122.3903318750465
0.9,26,se_iid,25,True,1825,0.020414400568997456,0.05,233.58895230223362,453.34388604262153,1140.9783338370387,2199.6241775874564,2625.6314789158223
0.9,27,se_iid,25,False,-1,0.021721194957761727,0.06,228.59427189712977,415.08284655926565,659.8063012885791,768.4122760773948,985.6242256550263
0.9,28,se_iid,25,False,-1,0.08460959042878957,0.05,218.7674455882154,422.8369006934018,982.2642752151936,1572.862644307059,2472.603291001155
0.9,29,se_iid,25,False,-1,0.03967648485738573,0.08,225.7730162329161,344.3237128316654,463.3531674038509,661.7355916907727,1058.5004402646077
0.9,30,se_iid,25,False,-1,0.0,0.05,224.92206638182597,415.2181406458648,810.9473504562114,1088.7606555765822,1170.4861576779856
0.9,31,se_iid,25,True,1350,0.22718483892728478,0.05,210.04908555241553,427.4461263568531,1109.0006431387756,2244.9248377753484,4516.773227048494
0.9,32,se_iid,25,True,7850,0.26099457074516486,0.06,211.06968556413813,409.8021454022813,991.6060754459153,2101.310956326508,4740.889668968814
0.9,33,se_iid,25,False,-1,0.10185803397246944,0.06,232.97942268405743,457.97001082863807,979.4879120803735,1785.0748040425965,3097.9938101215903
0.9,34,se_iid,25,False,-1,0.013086309879746587,0.05,230.1184449663055,414.60168386608495,970.4647829847717,1463.1242151624385,1600.6800541010002
0.9,35,se_iid,25,False,-1,0.013969035396130994,0.07,220.75540501659333,443.572588232778,1111.5919671732067,1539.7255357534912,1691.0263285582469
0.9,36,se_iid,25,False,-1,0.028079643133925913,0.05,216.24877600238966,305.0606902766919,390.16500119734764,531.8732378199935,815.6865558002205
0.9,37,se_iid,25,False,-1,0.023757377390013573,0.05,235.82700543496202,470.794534761671,1165.3939455986103,2317.8513774223275,3474.4344260686985
0.9,38,se_iid,25,False,-1,0.11742441458079685,0.07,216.14877330277076,360.9378722086475,773.311762888619,1450.4831097072126,2617.3279736172644
0.9,39,se_iid,25,False,-1,0.015239277242994951,0.05,215.50416818850252,424.32858354236004,644.3632482150641,834.8802711366354,1071.7664737359682
0.9,40,se_iid,25,True,1300,0.05491885214015445,0.05,237.11899467646393,435.71900165853685,1050.9721328911885,1842.7890937125587,2749.9767544880506
0.9,41,se_iid,25,False,-1,0.02244727384278783,0.05,226.45196439490857,454.3936598913825,746.6233554097266,858.8597246235872,1083.3324630513084
0.9,42,se_iid,25,False,-1,0.026309497506781826,0.06,226.21661701919928,442.7804685946276,999.3068854763555,1320.7458007951736,1583.8407758627618
0.9,43,se_iid,25,False,-1,0.028004046662336548,0.06,241.42258739939268,480.97347752195026,981.9429827548632,1121.9632160664944,1402.0036826896715
0.9,44,se_iid,25,True,1200,0.07001598583942051,0.07,162.1584208732633,219.2725328302101,429.3204903484385,779.400419545461,1479.5602779402457
0.9,45,se_iid,25,True,1575,0.28498168707513755,0.05,239.11660399626956,502.2061773775442,1391.4121877044972,2870.763791179705,5800.383732384861
0.9,46,se_iid,25,True,450,0.27461841437345186,0.05,251.30024692618417,519.0581507550005,1321.8041306611494,2676.425597215939,5422.609740950293
0.9,47,se_iid,25,True,75,0.2476303069058823,0.05,256.7873161677689,504.41762307364473,1247.3085437912791,2485.4600783204764,4961.763147380029
0.9,48,se_iid,25,True,8050,0.03717907516107932,0.05,231.4592113045108,443.2738917383731,1018.4288008236551,1803.9244517614677,2261.988616067701
0.9,49,se_iid,25,False,-1,0.09859134300321239,0.05,226.32976784445907,456.9517491732862,1162.1925684636717,2277.861381442978,3824.837958304392
0.9,50,se_iid,25,False,-1,0.028914075372937303,0.06,233.33728904860007,457.8067511264456,1071.1924434428872,1567.6328605261822,1865.4414922658552
0.9,51,se_iid,25,False,-1,0.0,0.06,233.7949824253938,283.385738788464,384.4084728783249,533.3902851573655,677.9026430679168
0.9,52,se_iid,25,False,-1,0.033003297670919404,0.05,226.58002016274816,415.86901221175873,860.0262081412719,1544.7079910481282,2398.5586211740815
0.9,53,se_iid,25,False,-1,0.06731582089560852,0.06,223.66878660398467,441.63983493122237,963.075553155944,1768.742593507589,2667.4766845524837
0.9,54,se_iid,25,False,-1,0.051487796765600495,0.06,205.12564113024706,411.31988114922063,968.5700439615813,1229.5504404406497,1747.616003600589
0.9,55,se_iid,25,False,-1,0.03312007480037924,0.06,230.69470746507946,460.7930171666348,1147.4657450438772,2091.6900882541545,2787.0578570939874
0.9,56,se_iid,25,False,-1,0.022367011768223352,0.05,225.75476103571967,470.5303031590811,1116.9109771135904,1834.529193159548,2058.1993108421966
0.9,57,se_iid,25,True,800,0.013898921392557063,0.05,161.74714620305684,175.890678264523,217.90140075521015,287.779313675097,427.9550132085294
0.9,58,se_iid,25,False,-1,0.019658105734417886,0.05,225.78348862910218,426.8998249011771,961.9460858526155,1780.0554394636445,2274.362103049495
0.9,59,se_iid,25,False,-1,0.018331287892223627,0.05,241.0081670970005,487.81797726328955,1003.1439022823167,1344.663419661298,1527.9762985836771
0.9,60,se_iid,25,False,-1,0.0445126286651859,0.05,227.65232525194082,448.59016149564843,1097.5204718180114,2139.129690942962,2801.3939828908797
0.9,61,se_iid,25,False,-1,0.0189884806276738,0.06,215.33349018103218,392.80378697582415,707.394253000583,955.1928844663358,1145.07769074281
0.9,62,se_iid,25,False,-1,0.0,0.05,224.6231491432025,444.759256890156,631.6617470890695,690.037654077057,690.037654077057
0.9,63,se_iid,25,False,-1,0.00527390646000081,0.05,212.14234354961243,397.98949707558114,854.9808216621101,909.3756352379613,965.3678527323818
0.9,64,se_iid,25,False,-1,0.0020693176959563323,0.07,205.55831875664225,252.79601853049016,296.60285165166187,339.1369362191003,359.6769291676313
0.9,65,se_iid,25,False,-1,0.030536106642950124,0.05,225.4351501875289,374.00326098550613,772.2447439387023,1078.337732494182,1381.1643477177452
0.9,66,se_iid,25,False,-1,0.04667544233522158,0.06,186.76321422178304,236.96441780916274,376.9907448148453,610.3679564910175,1077.1223798434442
0.9,67,se_iid,25,False,-1,0.0182388582082244,0.06,233.2124326423377,371.61358912554346,442.2554032491193,545.0814551402204,729.109438334723
0.9,68,se_iid,25,False,-1,0.003552750362359025,0.05,149.3973876769811,172.78410690088003,244.1966659955906,363.6350649611128,504.05256865693354
0.9,69,se_iid,25,True,3225,0.006804293452652265,0.05,239.29675345389566,471.1483999833599,735.052239825746,769.073707089047,837.1166416156491
0.9,70,se_iid,25,False,-1,0.0034500353286698315,0.06,234.5019756208958,476.8783318876025,1008.1718090871412,1041.5692389707833,1076.0695922576137
0.9,71,se_iid,25,False,-1,0.02794013157284723,0.06,233.61670082359828,453.44635936051833,1079.7459912659658,1580.058276891472,1877.6456610585026
0.9,72,se_iid,25,False,-1,0.0009761064306441081,0.05,232.6608965284528,399.5790293280476,461.23031304052637,501.21767169518256,542.9882876010977
0.9,73,se_iid,25,False,-1,0.044130395290003836,0.05,233.43672978640205,363.19380993671695,497.5768602715214,722.6684695821405,1169.4921119449873
0.9,74,se_iid,25,False,-1,0.0,0.05,164.3553054758017,194.20736437210465,282.8375333195511,430.5544815652952,510.321633617997
0.9,75,se_iid,25,True,1600,0.052521204104532114,0.06,235.9749176027836,453.0936611172418,950.2566612882443,1283.0250705933506,1775.5878801622541
0.9,76,se_iid,25,False,-1,0.00422578748464042,0.06,228.17478470505552,459.28619689687844,1138.230522222312,1967.0869446334218,2270.6869064638117
0.9,77,se_iid,25,False,-1,0.03413072234003427,0.06,185.50982394154835,376.5163503916804,876.4882306715548,1065.39051298366,1406.6977363838957
0.9,78,se_iid,25,False,-1,0.02297881437592122,0.05,199.06911484562144,370.4951308746487,725.6954386372088,840.5895105167845,1070.3776542758903
0.9,79,se_iid,25,False,-1,0.029292007508966336,0.06,235.24563210159977,470.2548788611237,1126.8781537297332,1896.2332946820923,2444.899520462562
0.9,80,se_iid,25,False,-1,0.026632535572198676,0.06,174.86583981527826,318.02490499081824,733.9461195327201,985.0662513528332,1251.3916070754633
0.9,81,se_iid,25,True,350,0.34224032717829983,0.05,302.3242538522537,644.5645810305278,1671.2855625655652,3382.4871984575043,6804.890470237783
0.9,82,se_iid,25,False,-1,0.030495726506672875,0.05,191.37952293258382,387.60595354496473,995.8377613156482,1966.8461675657304,3517.203186458658
0.9,83,se_iid,25,True,750,0.2546383528164222,0.05,238.26190086529567,492.9002536817099,1256.8153121310565,2530.007076213696,5076.390604377224
0.9,84,se_iid,25,False,-1,0.019869379001297923,0.05,241.10121372478585,459.7765138111576,632.9761557192746,822.1707389178483,1165.389751426563
0.9,85,se_iid,25,True,425,0.05776325699766007,0.06,125.74229091109399,183.6210776709859,356.12367275278524,643.2500761564352,1218.6366481613088
0.9,86,se_iid,25,False,-1,0.02484551502071354,0.05,237.8942787339052,382.42000615346353,460.9365852427639,585.1641603463813,833.6193105536731
0.9,87,se_iid,25,False,-1,0.005893387311639741,0.06,195.02786167314605,266.3555039234206,296.0649087194762,325.53184527762744,384.46571839392993
0.9,88,se_iid,25,False,-1,0.05493442096832943,0.06,230.5235036013657,450.31858374577155,1010.4137657516952,1383.0144162744114,1932.3586259582066
0.9,89,se_iid,25,False,-1,0.04426295724414895,0.06,210.36555851427025,273.43489159613887,406.2237633286114,627.5385495493621,1070.1681219907953
0.9,90,se_iid,25,True,450,0.26997501097613097,0.05,252.3981907158478,527.366510539809,1340.651600016284,2689.5822038963074,5394.9179185241655
0.9,91,se_iid,25,False,-1,0.03888058145802636,0.06,206.9807746031336,255.72895318535546,382.91395775807865,590.5883411957927,975.6991663788892
0.9,92,se_iid,25,False,-1,0.035656699815535216,0.06,238.195636687186,391.87428902045184,558.0323435128637,803.7937095124338,1160.3607076676883
0.9,93,se_iid,25,False,-1,0.04258593144206948,0.05,222.1035164650909,409.98205036434024,917.8321226083274,1537.8699676906951,2378.666417107887
0.9,94,se_iid,25,False,-1,0.04612633207471103,0.06,223.65285487091745,420.34853573667255,827.7077651283416,1343.6158364894402,1816.5095816032965
0.9,95,se_iid,25,False,-1,0.0,0.06,231.95560130334806,463.9112026066972,982.4076340146175,1408.1564662032915,1419.885444330117
0.9,96,se_iid,25,False,-1,0.008530459042237426,0.06,196.4876790392252,274.4773405630489,302.95874437806486,345.61103958930556,430.91563001178696
0.9,97,se_iid,25,True,5825,0.011868273611414626,0.06,119.45472736992694,144.03821632339503,213.27789826814598,363.857111343763,574.0572060270873
0.9,98,se_iid,25,False,-1,0.0347205497406101,0.05,208.81095510696946,407.83660401778,850.1651690935421,1464.815952893615,2256.322745809125
0.9,99,se_iid,25,False,-1,0.14958706916075526,0.05,235.2388849212723,464.4257993662005,1147.2494894951008,2242.3101175514066,4067.171296277994
0.97,0,se_iid,25,True,175,0.3659611698870928,0.06,332.47900736026156,706.0326038273272,1827.9886726996463,3679.089166607835,7338.700865479715
0.97,1,se_iid,25,True,275,0.2555417163802466,0.06,235.28724924770424,490.8289656279664,1257.4541147686978,2535.1626966703043,5090.579860473517
0.97,2,se_iid,25,True,125,0.310725736957859,0.06,289.7004617046472,600.4261986624944,1532.6034095361,3086.2320943257005,6193.489463901832
0.97,3,se_iid,25,True,500,0.23974078646753622,0.05,223.33215134080737,467.10566640918483,1186.3280258118775,2385.031958149379,4782.439822822748
0.97,4,se_iid,25,True,425,0.20788548789233016,0.05,170.79261638053885,378.6781042728655,1002.3345679498455,2041.7620074114786,4120.616886334799
0.97,5,se_iid,25,True,250,0.221474281840468,0.05,258.42501519265704,500.4246895461764,1224.7497545574622,2376.7069645072816,4643.353034317949
0.97,6,se_iid,25,True,175,0.0,0.06,50.41253521482414,50.41253521482414,50.41253521482414,50.41253521482414,50.41253521482414
0.97,7,se_iid,25,False,-1,0.0,0.06,143.2572008725687,191.00739207754543,238.84200779754266,238.84200779754266,238.84200779754266
0.97,8,se_iid,25,True,2525,0.09987817785327872,0.05,240.95915837994804,450.1933896246766,1043.0091243029137,1760.4137811597623,2882.8627074589785
0.97,9,se_iid,25,True,350,0.20597357919508033,0.05,245.42191412371588,545.3898800726606,1373.3328898645134,2556.5301051566457,4616.265897107401
0.97,10,se_iid,25,True,1700,0.28650458021607106,0.05,229.94470860797375,480.7776386530655,1340.2913793013308,2772.814280381557,5637.860082543334
0.97,11,se_iid,25,False,-1,0.0033433539445976157,0.06,189.8645356319523,347.6341893515847,436.3695670916694,453.08633681460253,486.5198762604688
0.97,12,se_iid,25,False,-1,0.057151006752753045,0.05,211.47921186626394,403.15805745224054,961.0153649902454,1718.8377336029018,2766.118150930606
0.97,13,se_iid,25,False,-1,0.044531775965254726,0.05,148.21640224890308,193.87181794536167,337.10971784023235,575.3002433534795,1047.525177503133
0.97,14,se_iid,25,True,300,0.33623531127769307,0.05,307.94409319917656,644.1794044768749,1652.8853383100732,3334.0618946978675,6696.415007476438
0.97,15,se_iid,25,True,525,0.22102718733959661,0.06,210.80966241767717,431.836849757264,1094.9184117760246,2200.0543484739587,4410.326221870474
0.97,16,se_iid,25,True,125,0.260984104120634,0.06,285.959368208475,581.5224417459993,1401.9175509587703,2706.838071562108,5316.679112767782
0.97,17,se_iid,25,False,-1,0.027405616167773733,0.05,185.90214684905976,335.0457483505958,563.0599268941938,700.0880077329685,974.144169410518
0.97,18,se_iid,25,True,775,0.3004538720376547,0.05,224.15940299757986,524.6132750352555,1425.9748911482911,2928.244251336018,5932.78297171331
0.97,19,se_iid,25,True,125,0.21701921014050776,0.05,291.991534518551,580.5441137627535,1246.7286498601889,2331.824700562719,4502.016801968213
0.97,20,se_iid,25,True,2275,0.04519063085950792,0.05,197.9733889359478,301.9470759575077,438.44583357106814,664.3989878684188,1116.305296462935
0.97,21,se_iid,25,True,250,0.33523181571356464,0.06,303.0619542979741,638.2937700115156,1643.9892171521399,3320.1482957198473,6672.466452858756
0.97,22,se_iid,25,False,-1,0.05103995004556995,0.05,220.77488549355743,434.3077043177183,1036.3772125246599,1350.9760942586965,1861.3755947147567
0.97,23,se_iid,25,True,625,0.24966365030510473,0.05,201.37420145756033,451.0378517626474,1200.0288026780465,2448.347054203735,4944.983557253566
0.97,24,se_iid,25,True,900,0.3126225470002097,0.06,209.0014932074714,521.6240402076866,1459.491681208325,3022.6044162089847,6148.829886212434
0.97,25,se_iid,25,True,2300,0.02930224239528645,0.05,200.4082132325449,261.7288696931949,346.54622901085884,493.0574409871623,786.0798649397692
0.97,26,se_iid,25,True,1425,0.34043273384923184,0.06,215.469436908624,492.8235335113588,1514.1217350589138,3216.2854043056136,6620.612742799726
0.97,27,se_iid,25,True,2550,0.04102453569157855,0.06,228.38110965973823,327.4904901581655,443.844327165491,648.9670056233751,1059.2123625391405
0.97,28,se_iid,25,False,-1,0.0,0.05,192.1994026496476,233.91251127735356,352.49285660843583,544.2221602779259,689.9364310667384
0.97,29,se_iid,25,False,-1,0.01672805295616223,0.05,203.43071313814625,394.5515912300198,499.4175827893077,624.625727497956,862.3668179048555
0.97,30,se_iid,25,True,575,0.25167646966298285,0.05,239.0621978694799,490.738667532462,1245.7680765214736,2504.1504248361,5020.915121465352
0.97,31,se_iid,25,False,-1,0.0,0.05,134.15607437761122,174.14898187496615,286.46642811943275,417.552454080735,473.4876913930895
0.97,32,se_iid,25,True,12125,0.230489844353664,0.06,228.05647969846441,440.71720791007516,1056.956762084849,2083.0884031054043,4358.774085845534
0.97,33,se_iid,25,True,950,0.31626672526223626,0.05,239.65280034935412,547.012471024074,1495.8126468108744,3077.1462731222086,6239.813525741794
0.97,34,se_iid,25,True,200,0.3181974750335379,0.05,297.1695954796422,614.25975888421,1566.682703290292,3154.43842869776,6332.616587818174
0.97,35,se_iid,25,False,-1,0.0,0.05,212.21793043707197,394.5891414296642,938.7686257502626,1530.3161514989913,1601.6769109406116
0.97,36,se_iid,25,True,1900,0.25944379110378246,0.06,219.29514321548479,447.044604233324,1219.5961940539075,2516.815149573291,5111.253060612058
0.97,37,se_iid,25,False,-1,0.0030451404058353115,0.06,162.65060573936987,193.36631920500986,281.5605205934018,427.23320990460803,609.9488943021837
0.97,38,se_iid,25,False,-1,0.05026528265453578,0.06,104.73505018263836,157.86171290876695,308.69662692756987,555.7158896074163,1053.3674810689326
0.97,39,se_iid,25,True,1300,0.011249440112170328,0.05,127.35804329777176,136.92006739312458,170.66838772966688,226.9155882905707,339.4099894123783
0.97,40,se_iid,25,True,125,0.26423909913500326,0.05,263.1641600932916,527.4032592283028,1320.1205566333363,2641.3160523083925,5283.707043658502
0.97,41,se_iid,25,False,-1,0.0,0.07,214.43273526492277,366.6792364024971,569.3148576321774,589.5174040906724,589.5174040906724
0.97,42,se_iid,25,False,-1,0.0,0.06,194.04623996937755,352.85594168323826,484.5295819092331,572.218471191407,611.2218218401597
0.97,43,se_iid,25,False,-1,0.0139171127964772,0.05,242.7823707705669,481.0374432505646,650.060281995055,720.2630875639435,859.6208956335281
0.97,44,se_iid,25,True,1175,0.3950924648730328,0.07,202.0064462248734,509.1083835717378,1694.3857781907645,3669.848102555563,7620.772751289217
0.97,45,se_iid,25,True,300,0.22357659407964633,0.06,247.91039354589577,471.48698762554125,1142.2167698645378,2260.099740263118,4495.865681058436
0.97,46,se_iid,25,True,250,0.2810891473900594,0.05,259.90512760211897,519.1163498607897,1362.3837920309347,2767.8295289811763,5578.72100288166
0.97,47,se_iid,25,True,75,0.2384929798599345,0.05,270.53832078133695,512.1792208176686,1227.6581603974023,2420.1230596969313,4805.052858296774
0.97,48,se_iid,25,True,550,0.338790840056643,0.05,246.77031855895223,585.5611586155705,1601.9336787854231,3295.8878790693484,6683.796279634324
0.97,49,se_iid,25,True,725,0.31424564464456056,0.05,212.75353392035362,520.7980184489926,1463.53495238274,3034.7631756052415,6177.21962205241
0.97,50,se_iid,25,True,725,0.23763388325369397,0.06,167.27210240420789,404.90598565790094,1117.8076354189802,2305.9770516874455,4682.3158842243765
0.97,51,se_iid,25,False,-1,0.029796362455802885,0.05,137.52109081887158,186.30615850706636,322.57372234700244,549.3320736561222,882.0275027179171
0.97,52,se_iid,25,True,800,0.2519205967570847,0.06,242.7371812906796,494.6577780477679,1250.4195683189685,2510.022552104277,5029.22851967514
0.97,53,se_iid,25,True,225,0.038933240251181944,0.05,143.48451079705347,185.13203168373556,301.9317524372999,496.597953693284,885.9303562052522
0.97,54,se_iid,25,True,150,0.087824440802543,0.06,125.48623586570652,213.3106766682422,476.783999075848,915.9062030887858,1794.1506111137098
0.97,55,se_iid,25,True,350,0.28493330579544685,0.05,268.61314880403904,552.5229432244006,1407.322860610745,2831.9893895879864,5681.32244754373
0.97,56,se_iid,25,True,925,0.37373056379228786,0.05,253.0493080127487,621.5614469040006,1742.7531382808568,3611.4059572417023,7348.7115951651895
0.97,57,se_iid,25,True,1575,0.011204416205486234,0.05,169.6771620966725,192.81166556249863,269.9294301625238,356.1059804922757,468.1501425471475
0.97,58,se_iid,25,False,-1,0.014756031137229344,0.06,216.8552732534691,311.73890561216297,367.0476227371216,462.28028488390066,609.8405962561
0.97,59,se_iid,25,True,575,0.26408491229435804,0.06,251.44626360730237,506.46703202089316,1277.3101058325394,2562.048562185096,5191.521632475572
0.97,60,se_iid,25,True,225,0.2874633055657824,0.05,278.181403665411,571.4753813313523,1433.865298028691,2871.1818258575863,5745.814881515387
0.97,61,se_iid,25,True,275,0.36078331013428316,0.06,310.80151285042274,671.5848229847065,1753.934753387693,3557.851304058571,7165.684405399956
0.97,62,se_iid,25,True,325,0.2570464557493932,0.05,245.70823304009699,526.3765744875682,1364.922451190574,2695.622058002192,5266.027400717809
0.97,63,se_iid,25,True,75,0.0,0.05,120.04150705182307,120.04150705182307,120.04150705182307,120.04150705182307,120.04150705182307
0.97,64,se_iid,25,True,175,0.05175942933760842,0.05,280.6334392781032,493.1542015194516,648.432489532275,907.229636220314,1424.823929596392
0.97,65,se_iid,25,True,350,0.22513003541976315,0.05,308.5320971793006,547.8526332618085,1223.2427395211241,2348.89291662008,4600.1932708173445
0.97,66,se_iid,25,False,-1,0.041170533833412334,0.06,134.67217858739716,181.34762092261852,316.7263190839425,524.6287539015601,937.3306021216071
0.97,67,se_iid,25,True,950,0.03018375567929754,0.06,207.60050989554355,237.78426557484676,328.33553261268827,479.2543110090622,781.0918678023168
0.97,68,se_iid,25,True,500,0.26784818043952713,0.05,251.14280491597634,518.9909853554774,1322.5355266741058,2661.776428872177,5340.258233268319
0.97,69,se_iid,25,False,-1,0.0045564018452759975,0.06,236.77972890880622,469.7701538563493,966.6561888809283,1605.5232172822425,1978.1783618105205
0.97,70,se_iid,25,False,-1,0.0049210204840857705,0.05,235.28281565496366,449.37703772873715,871.0027978709556,930.8621549842835,980.0723598249031
0.97,71,se_iid,25,True,500,0.2242345433627339,0.05,193.9790800124965,417.74684690555165,1090.4504769937398,2211.6231938070405,4453.968627434858
0.97,72,se_iid,25,False,-1,0.0009761064306441081,0.06,212.20102387609217,242.17611779899855,245.1044370909237,249.98496924413232,259.74603355054956
0.97,73,se_iid,25,True,475,0.27575354490015414,0.05,253.1533143789969,517.154164883585,1306.9079914410347,2559.729350947184,5234.569881030613
0.97,74,se_iid,25,False,-1,0.02954338964914491,0.07,161.2468832135076,291.96902257976063,437.8599676467883,585.5769158924616,881.0108123836656
0.97,75,se_iid,25,True,300,0.28043621743247943,0.07,277.1625653370914,551.3376955439521,1417.3209113251883,2826.70431339404,5631.066487721053
0.97,76,se_iid,25,True,525,0.22927057551384686,0.05,208.85787986092708,312.5086176166068,682.925144944561,1829.2780225134184,4121.9837776528
0.97,77,se_iid,25,True,1950,0.33001657262350537,0.06,130.9693011264535,189.24250027610864,1179.292218146647,2829.3750812643625,6129.540807498189
0.97,78,se_iid,25,False,-1,0.02254563371191982,0.06,146.17751421927312,166.83427998072733,233.6361576456706,345.24300167702467,567.645545970387
0.97,79,se_iid,25,True,975,0.020047873827146567,0.05,199.67694555396045,363.1000223987554,423.24364388017113,523.483013015864,723.9617512872497
0.97,80,se_iid,25,True,50,0.311724223614228,0.05,296.4057792382043,608.1300028524355,1543.3026736950114,3101.9237917667397,6219.166027907835
0.97,81,se_iid,25,True,350,0.2530199254991102,0.06,237.35865119052187,491.46979678672005,1252.7440848080985,2513.9646176495557,5039.662830878997
0.97,82,se_iid,25,False,-1,0.018345197626437493,0.06,139.21822329578643,158.28893317600713,213.32452605529963,305.0505141874918,488.5024904519422
0.97,83,se_iid,25,True,425,0.23986242659646678,0.05,249.82761715975184,490.2431684267158,1209.8304482160952,2409.142581198567,4807.766847164303
0.97,84,se_iid,25,True,3025,0.03340435501103711,0.05,241.10121372478585,318.1803635433759,430.1216901978314,597.1434652530497,931.1870153634864
0.97,85,se_iid,25,True,375,0.3085975548646163,0.05,283.89569867879413,592.4932535433989,1518.2859181373951,3061.273692460987,6147.249241108171
0.97,86,se_iid,25,True,1200,0.035097259731657386,0.05,240.12760299502983,467.0271891999853,1079.8337197509077,1935.8874852779727,2710.2290581547513
0.97,87,se_iid,25,True,650,0.2319046951302455,0.05,191.61553333917297,423.52022846942685,1119.2343138600397,2278.7577895110253,4597.80474081398
0.97,88,se_iid,25,True,350,0.2139237217300453,0.06,233.7222204017473,447.645942131802,1089.4171073218474,2159.0357159723435,4298.272933272538
0.97,89,se_iid,25,False,-1,0.03222461636258731,0.06,205.2539251566293,263.8453052216504,376.28834788645224,533.9374238871937,853.6900717766582
0.97,90,se_iid,25,True,200,0.2162082337091537,0.05,248.25215666980668,489.37132533451745,1212.7288313287754,2307.471014100378,4469.553351190774
0.97,91,se_iid,25,True,350,0.3065992725525157,0.06,271.57199928440815,578.1712718368975,1497.969089494541,3030.965452256827,6096.958177780583
0.97,92,se_iid,25,False,-1,0.0,0.05,128.36068646745906,160.18846584169017,160.18846584169017,160.18846584169017,160.18846584169017
0.97,93,se_iid,25,True,575,0.33757880692977016,0.06,273.0028494592028,622.908284152605,1677.2357966170275,3402.8076405404395,6819.590324053539
0.97,94,se_iid,25,False,-1,0.04507739870344985,0.06,85.02535970159788,129.28418388232924,265.4651813615157,493.56835213915355,946.3701687574506
0.97,95,se_iid,25,True,10350,0.2793482392581211,0.05,204.7179529557322,390.2967971920436,862.4975525984258,1213.834531286939,3913.00651185547
0.97,96,se_iid,25,True,950,0.3025975054956317,0.05,212.07072122549272,514.6682267211094,1422.460743208116,2935.44827068646,5961.423325640346
0.97,97,se_iid,25,True,425,0.36463500468626286,0.05,289.7701282965952,654.4051329828668,1748.3101470417855,3571.485170472367,7217.8352173370495
0.97,98,se_iid,25,False,-1,0.0,0.06,216.66509433748354,433.47839882624606,1088.2390103436524,1644.2026205149193,1657.5961049190926
0.97,99,se_iid,25,True,950,0.2655196549958272,0.06,201.06838265398255,466.58803764981855,1263.147002637344,2590.7452776165533,5245.941827574971
0.0,0,se_iid,100,False,-1,0.1877890159892701,0.04,253.2229972033572,503.38283202839244,1259.9886612601401,2516.9141601419046,4790.462535990529
0.0,1,se_iid,100,False,-1,0.1642580843894303,0.04,243.62889946799095,467.3001408119671,1178.229181091927,2336.5007040598844,4430.275776481451
0.0,2,se_iid,100,False,-1,0.21605400352802528,0.05,228.73869512121945,441.1998550863497,1111.138405293923,2205.99927543185,4402.9067028332765
0.0,3,se_iid,100,False,-1,0.22129474555211776,0.04,232.41560350727707,456.51617929185,1145.4479620909874,2282.5808964592065,4515.518731793066
0.0,4,se_iid,100,False,-1,0.16349747742696424,0.05,187.7485156588782,456.4404715697399,1100.6294587983489,2282.20235784876,4142.1292183961805
0.0,5,se_iid,100,False,-1,0.2151978493249982,0.05,262.46692385279044,470.25153684084313,1202.9699975344688,2351.257684204133,4646.11676838137
0.0,6,se_iid,100,False,-1,0.22406881036361184,0.05,225.83559140937265,456.0374817615127,1137.9105549324327,2280.1874088075224,4522.903382664585
0.0,7,se_iid,100,False,-1,0.2295621096565302,0.04,262.4359987488886,470.8317746071813,1204.0995479632547,2354.1588730358844,4660.533427751867
0.0,8,se_iid,100,False,-1,0.23396520876607885,0.04,258.8762026848356,478.93871379096555,1216.7536302667615,2394.693568954985,4772.358229085729
0.0,9,se_iid,100,False,-1,0.18559613676869544,0.04,232.61867878218277,458.9855819856043,1150.5898427534146,2294.927909928037,4256.341318315859
0.0,10,se_iid,100,False,-1,0.20348395607012018,0.05,226.36990455687265,494.9624011643236,1216.2947068855208,2474.8120058215422,4830.215054121009
0.0,11,se_iid,100,False,-1,0.22824453027406277,0.05,279.886668219304,454.1841543153868,1188.2549768500633,2270.92077157699,4543.196633831196
0.0,12,se_iid,100,False,-1,0.23491754450173574,0.05,227.14161380814932,469.8350890034755,1166.8117918150922,2349.17544501738,4698.350890034857
0.0,13,se_iid,100,False,-1,0.23653762935148875,0.06,216.4406538576067,473.0752587029715,1162.591171263604,2365.376293514943,4730.752587029498
0.0,14,se_iid,100,False,-1,0.1475642315816928,0.04,267.02934533242984,495.8968973394413,1258.823140011325,2479.4844866970566,4424.651530914453
0.0,15,se_iid,100,False,-1,0.2401961898475542,0.05,216.77610329360337,480.3923796951078,1177.5608626838277,2401.9618984754575,4803.923796950842
0.0,16,se_iid,100,False,-1,0.2324579988321881,0.04,254.96220446763095,464.9159976643714,1184.7941997964072,2324.5799883219534,4649.159976643821
0.0,17,se_iid,100,False,-1,0.18212393660274404,0.04,280.5611703354385,488.61875271839045,1257.7986757722376,2443.093763591873,4685.736962072856
0.0,18,se_iid,100,False,-1,0.21883516135739764,0.05,241.84567264383801,480.102432687484,1202.0505380187972,2400.512163437456,4536.6346790190655
0.0,19,se_iid,100,False,-1,0.20774454101447185,0.04,251.46087302156045,462.31989510178846,1176.1006632251715,2311.5994755091074,4553.359673687979
0.0,20,se_iid,100,False,-1,0.1984292206729213,0.05,198.62890962121193,499.52433625774984,1197.6775821367114,2497.621681288692,4809.09290624939
0.0,21,se_iid,100,False,-1,0.20181035748235382,0.05,204.37826293640092,459.82934231271656,1124.0369475618236,2299.1467115635896,4542.084795778937
0.0,22,se_iid,100,False,-1,0.23138513480686007,0.05,203.02515388062756,462.770269613729,1128.5656931080782,2313.8513480686133,4627.702696137215
0.0,23,se_iid,100,False,-1,0.2274486861640686,0.05,232.9350368600352,454.89737232813894,1142.7297815162835,2274.4868616405547,4548.97372328108
0.0,24,se_iid,100,False,-1,0.21739056354263483,0.04,252.29259458650267,486.65683300665,1225.6062605997656,2433.2841650330715,4814.692624144748
0.0,25,se_iid,100,False,-1,0.185596400792471,0.04,243.49747612868114,479.6905621321345,1202.8786003929226,2398.4528106606504,4548.802851358745
0.0,26,se_iid,100,False,-1,0.20060080401728583,0.04,243.60577001517612,487.79201734188547,1219.1898046989713,2438.960086709421,4657.57192650546
0.0,27,se_iid,100,False,-1,0.19090856870274364,0.05,227.9631943399932,465.5720127619998,1159.1072198639915,2327.860063810009,4335.893535379279
0.0,28,se_iid,100,False,-1,0.19472408399153296,0.04,222.0955402757409,452.7203582292365,1127.5362567342213,2263.6017911461763,4454.657826066149
0.0,29,se_iid,100,False,-1,0.21965654492808595,0.05,165.54012237410447,454.7304749337141,1075.0010722415223,2273.6523746684493,4531.887364259257
0.0,30,se_iid,100,False,-1,0.2351386815320606,0.05,261.934257869307,470.2773630641209,1202.48898399756,2351.3868153205663,4702.773630641207
0.0,31,se_iid,100,False,-1,0.19222697490358798,0.04,200.8536150397544,468.80345388772304,1138.4605228151775,2344.0172694386383,4432.2111230764385
0.0,32,se_iid,100,False,-1,0.21997376485488357,0.05,181.82638661715794,452.87290259894655,1087.5721918150723,2264.3645129948245,4515.803653100091
0.0,33,se_iid,100,False,-1,0.2300755437269266,0.05,297.15993711336245,465.95884536811417,1229.0776278495987,2329.794226840679,4653.780695766791
0.0,34,se_iid,100,False,-1,0.18741340617640054,0.06,222.23095874216742,470.31058548352263,1162.8521297092498,2351.5529274175883,4481.000327230002
0.0,35,se_iid,100,False,-1,0.16899340793912226,0.04,207.33398125169848,453.6092383426085,1114.5524579369298,2268.0461917130974,4235.299969045871
0.0,36,se_iid,100,False,-1,0.233971087446627,0.06,194.05353343464196,467.94217489325104,1129.9378832211755,2339.710874466375,4679.421748932858
0.0,37,se_iid,100,False,-1,0.22652160484656966,0.05,238.6528531993227,470.77713344376576,1180.20712008686,2353.885667218768,4661.815811465159
0.0,38,se_iid,100,False,-1,0.24057147950331825,0.04,229.43915429292431,494.81709227426865,1219.0733388414794,2474.085461371322,4934.496789474786
0.0,39,se_iid,100,False,-1,0.1868903790727107,0.05,207.61212998545207,456.4999932122817,1120.6121164100207,2282.499966061395,4390.264959354571
0.0,40,se_iid,100,False,-1,0.20646914831827493,0.04,259.62008620380425,477.430513000817,1214.4811122054389,2387.1525650041203,4704.054001271513
0.0,41,se_iid,100,False,-1,0.2131825238934365,0.04,252.04555758866434,463.46125653272736,1178.9680706541587,2317.3062826636433,4547.509860832309
0.0,42,se_iid,100,False,-1,0.19638200259121202,0.05,235.20104960201851,453.749012155005,1142.6990739120647,2268.74506077503,4298.749217296848
0.0,43,se_iid,100,False,-1,0.2174208706597853,0.05,212.71867564294385,473.96519509571084,1160.6490658343635,2369.825975478543,4687.75720433051
0.0,44,se_iid,100,False,-1,0.1940906566461505,0.05,205.66813395980307,477.319550874146,1160.3072357081182,2386.597754370795,4495.879360700838
0.0,45,se_iid,100,False,-1,0.17171164578799977,0.05,254.25824326491465,478.2332079925459,1210.7246592499937,2391.166039962667,4530.395644800219
0.0,46,se_iid,100,False,-1,0.1836897351972586,0.05,247.20175780935907,471.94347511904544,1191.0887080475027,2359.7173755952986,4508.46875105485
0.0,47,se_iid,100,False,-1,0.20119947023762583,0.04,228.45885400133102,493.3489867737926,1215.156827548874,2466.7449338689003,4842.539821439473
0.0,48,se_iid,100,False,-1,0.18979724078484475,0.04,220.44823307030285,464.83919075764305,1150.1266145855616,2324.195953788213,4515.303431169442
0.0,49,se_iid,100,False,-1,0.22811560948271908,0.05,222.40346597925634,475.4738856745788,1173.3512373284386,2377.3694283729533,4702.711801680648
0.0,50,se_iid,100,False,-1,0.22818938095806082,0.05,279.16519147306,466.67457809719434,1212.5143476674148,2333.3728904858954,4640.882866138861
0.0,51,se_iid,100,False,-1,0.2368479844723484,0.04,268.6012494270511,473.69596894470016,1215.9931873164246,2368.4798447234725,4736.959689447079
0.0,52,se_iid,100,False,-1,0.16725215523115936,0.05,287.10788557719854,455.2718156869206,1197.6515169510399,2276.3590784345374,4421.1584921558015
0.0,53,se_iid,100,False,-1,0.19766620327414774,0.05,155.88725109086278,471.78719775938015,1099.4616466096759,2358.935988796962,4472.924648473167
0.0,54,se_iid,100,False,-1,0.21182551210481027,0.04,230.46365446497794,464.7868713269643,1160.037397118898,2323.9343566349366,4578.209223877138
0.0,55,se_iid,100,False,-1,0.2306947074650799,0.04,258.6764546297359,461.38941493016137,1181.4552844900759,2306.9470746508073,4613.89414930136
0.0,56,se_iid,100,False,-1,0.24148159234322292,0.05,229.86542649698364,482.96318468644404,1195.7917958698679,2414.815923432265,4829.63184686424
0.0,57,se_iid,100,False,-1,0.221326386546374,0.05,228.36217978486647,456.6371664686099,1141.6365127220747,2283.185832342942,4540.209645839729
0.0,58,se_iid,100,False,-1,0.1953082804407597,0.04,217.09660045408407,458.7860205936206,1134.6686416413263,2293.930102968111,4419.775116252426
0.0,59,se_iid,100,False,-1,0.22932121842440928,0.04,279.4681385206269,483.71339325332144,1246.8949250272544,2418.566966266644,4812.062976128983
0.0,60,se_iid,100,False,-1,0.2261590574521395,0.05,192.96245081751994,455.3046505038755,1103.571751825274,2276.5232525193996,4550.059969439025
0.0,61,se_iid,100,False,-1,0.19154815641194983,0.05,249.47007866494283,451.5746229865873,1152.6193246381247,2257.8731149328933,4416.8349789348185
0.0,62,se_iid,100,False,-1,0.2306711240717238,0.04,255.9142522347123,461.3422481434362,1178.598748521597,2306.7112407171294,4613.422481433951
0.0,63,se_iid,100,False,-1,0.21681269054997448,0.05,221.18230378568248,451.78276701379974,1124.7478378132882,2258.913835069029,4459.644659912108
0.0,64,se_iid,100,False,-1,0.14853429295519766,0.04,222.04970134308311,459.6178037906148,1141.2853089243345,2298.0890189531865,4314.882152679337
0.0,65,se_iid,100,False,-1,0.18052580883985211,0.05,191.34784108464873,471.5543439514129,1134.456528987492,2357.7717197570096,4458.775907603921
0.0,66,se_iid,100,False,-1,0.1717423904775779,0.04,204.54862188676503,493.6172128547283,1191.7830475962132,2468.0860642735433,4734.929529888191
0.0,67,se_iid,100,False,-1,0.23256945946057894,0.05,261.99521997972465,465.138918921145,1192.2730578220562,2325.6945946057367,4651.389189211547
0.0,68,se_iid,100,False,-1,0.21092318132211677,0.04,250.65100068919924,468.8748587848429,1188.400718258896,2344.374293924188,4638.831861349022
0.0,69,se_iid,100,False,-1,0.18734739917046567,0.04,227.74382374386175,473.55945781760636,1174.8627393790912,2367.7972890881165,4414.186237931904
0.0,70,se_iid,100,False,-1,0.1306392721903884,0.04,204.38544882725077,463.0661496959596,1130.5177482191546,2315.3307484797556,4093.108755815229
0.0,71,se_iid,100,False,-1,0.1819855309869832,0.05,189.96263207648593,467.71886579735093,1125.400363671143,2338.59432898672,4515.682126891453
0.0,72,se_iid,100,False,-1,0.21044853125648305,0.05,231.69391228524213,469.37135690195925,1170.4366260891418,2346.8567845097336,4640.43458802572
0.0,73,se_iid,100,False,-1,0.23906755234268684,0.04,290.14626064410714,486.49737815618147,1263.141016956443,2432.4868907808295,4844.688291617963
0.0,74,se_iid,100,False,-1,0.22198251011626388,0.05,163.17752872194862,490.7899237827027,1144.7573762873706,2453.9496189136203,4861.074334276836
0.0,75,se_iid,100,False,-1,0.22259931940543937,0.04,276.0375139375542,485.6229109457688,1247.2833358290925,2428.1145547288647,4784.697934911202
0.0,76,se_iid,100,False,-1,0.19694718550577303,0.04,239.86380665438173,455.37544414156696,1150.6146949375257,2276.877220707815,4285.03586633014
0.0,77,se_iid,100,False,-1,0.22443297781914787,0.05,186.2769782234816,448.86595563829223,1084.0088895000722,2244.3297781914257,4488.659556383134
0.0,78,se_iid,100,False,-1,0.2365940321313035,0.04,221.1730064519532,473.1880642626027,1167.5491349771462,2365.9403213130036,4731.880642625954
0.0,79,se_iid,100,False,-1,0.2352456321016009,0.04,242.69160043928073,470.4912642031956,1183.6741288456892,2352.456321016132,4704.912642032184
0.0,80,se_iid,100,False,-1,0.19187705930345572,0.05,226.40013881294485,453.9032809536475,1134.20670072025,2269.516404768385,4415.252205549975
0.0,81,se_iid,100,False,-1,0.19215674280777223,0.04,243.57243050910373,467.34563308411003,1178.2636966773505,2336.7281654206918,4551.897620822666
0.0,82,se_iid,100,False,-1,0.21232341287103135,0.05,166.15610888875742,456.55996913695947,1079.2760471627373,2282.7998456847395,4493.383037797985
0.0,83,se_iid,100,False,-1,0.13911287841314532,0.05,222.84638722075186,474.6616368594195,1172.169660939605,2373.308184297045,4341.532838101145
0.0,84,se_iid,100,False,-1,0.241101213724786,0.04,240.09124806789438,482.202427449575,1204.496102967058,2411.0121372479657,4822.024274495883
0.0,85,se_iid,100,False,-1,0.2266207355729776,0.05,292.8419818211207,467.6503485819037,1228.1426789849609,2338.251742909535,4648.524304604172
0.0,86,se_iid,100,False,-1,0.2289581630850259,0.05,262.68102570566697,481.94833409281244,1226.577693891369,2409.741670464297,4789.633366379959
0.0,87,se_iid,100,False,-1,0.20064282959804933,0.05,247.06690108464574,472.7254558646448,1192.5178128139305,2363.627279323253,4405.166941159694
0.0,88,se_iid,100,False,-1,0.22862981268572077,0.05,234.93793971909474,461.04700720274,1157.0319541245146,2305.235036013634,4561.8875243989505
0.0,89,se_iid,100,False,-1,0.14908061859884333,0.06,230.93242126677814,473.46244105883994,1177.8573033844834,2367.31220529424,4533.061383290753
0.0,90,se_iid,100,False,-1,0.2293465342124134,0.06,263.300055604578,465.01245719256383,1193.324969989704,2325.062285962873,4643.805183158165
0.0,91,se_iid,100,False,-1,0.19436089381953206,0.04,251.52426985561482,475.582144842461,1202.6885595405265,2377.9107242123105,4524.434005470025
0.0,92,se_iid,100,False,-1,0.2399040986347576,0.04,250.39446295470387,479.80819726951563,1210.010857493737,2399.0409863476443,4798.081972695344
0.0,93,se_iid,100,False,-1,0.22536011948752305,0.05,237.5925972136599,471.6744178546605,1180.9414329229514,2358.3720892733486,4695.789999667137
0.0,94,se_iid,100,False,-1,0.11215448215673775,0.05,194.82121756406394,462.97151459870685,1120.7642467614476,2314.857572993528,4025.2433504510595
0.0,95,se_iid,100,False,-1,0.1967532950641309,0.05,266.6796373640717,463.9112026066949,1194.5020425774371,2319.5560130335025,4528.846719878999
0.0,96,se_iid,100,False,-1,0.1813161528190771,0.05,273.2856192261113,469.76442019609294,1212.8144596182922,2348.8221009805816,4450.402754879648
0.0,97,se_iid,100,False,-1,0.2111762050065535,0.04,248.21118466564482,469.5986456990357,1187.4084760637024,2347.9932284951956,4616.176628544761
0.0,98,se_iid,100,False,-1,0.1925848237235498,0.04,230.87129121457014,468.9282574935125,1168.7278062015844,2344.641287467544,4559.495544391443
0.0,99,se_iid,100,False,-1,0.183612682415247,0.04,243.50579173923015,470.47776984255466,1184.461331424289,2352.3888492127057,4348.392503731811
0.9,0,se_iid,100,False,-1,0.047833322103927954,0.05,229.95544637730873,308.216563488595,451.71652980038283,690.8831403200293,1169.2163613592493
0.9,1,se_iid,100,False,-1,0.02579667375964463,0.04,243.62889946799095,437.79197859971754,941.1412048796659,1357.869997245241,1615.8367348418165
0.9,2,se_iid,100,True,2400,0.05563712039123426,0.04,228.73869512121945,429.79176105468144,914.5628683095442,1665.9017134055537,2583.961972323725
0.9,3,se_iid,100,True,6200,0.04278964406575447,0.04,232.41560350727707,456.51617929185,1108.0453112373912,1508.4291205229997,1936.3255611804911
0.9,4,se_iid,100,True,1300,0.3615883994639663,0.05,178.17851458856273,474.5485611407042,1559.3137595324886,3367.2557568521197,6983.139751495012
0.9,5,se_iid,100,False,-1,0.03895347940937047,0.05,262.46692385279044,461.7531222159901,812.0789407095547,1092.312930408102,1481.8477245018219
0.9,6,se_iid,100,False,-1,0.01005210880891527,0.04,225.83559140937265,453.6032769218025,847.159007345698,1437.1547199472104,2267.7700979504552
0.9,7,se_iid,100,False,-1,0.021534052913858747,0.05,229.38852714167257,431.64229306488966,800.0672968400753,902.7559222836661,1107.696624180988
0.9,8,se_iid,100,False,-1,0.04601485297547525,0.05,272.87231687209635,447.162822647235,924.6812278112233,1209.1256158482731,1669.2741456035885
0.9,9,se_iid,100,False,-1,0.007826348231199308,0.05,232.61867878218277,458.9855819856043,697.8707990049261,729.4938475334734,793.9119794608987
0.9,10,se_iid,100,False,-1,0.0,0.04,226.36990455687265,458.46221094932656,943.1025118868065,1626.4671120171301,2231.412814775976
0.9,11,se_iid,100,False,-1,0.02711629632431309,0.05,223.41913384078572,409.56738937885183,914.6650139067002,1399.0037179803483,1670.166681223576
0.9,12,se_iid,100,True,15200,0.0636742531635999,0.04,227.14161380814932,446.24696521415166,971.4247315100175,1421.826905795211,2022.012023595408
0.9,13,se_iid,100,False,-1,0.03457979874037855,0.05,216.4406538576067,380.91451065067264,512.2279153860585,693.0829991401719,1055.7380919837508
0.9,14,se_iid,100,False,-1,0.14422299524374513,0.05,242.4359784875482,409.9049619547239,855.4438234231365,1565.779192401025,2998.5813946858984
0.9,15,se_iid,100,False,-1,0.04643225689373168,0.04,189.0349065480399,305.0318865953818,441.626561797583,681.6659060793233,1132.3427661281619
0.9,16,se_iid,100,True,400,0.305568012347625,0.04,264.75852096471374,594.8664409284447,1519.0143291221466,3046.8543908607007,6102.534514336702
0.9,17,se_iid,100,False,-1,0.05277144194119681,0.05,280.5611703354385,439.9854461289647,782.6049220327305,1033.4422310850114,1536.4826640502697
0.9,18,se_iid,100,False,-1,0.043008416551678134,0.05,241.84567264383801,480.102432687484,1151.1996228743023,1864.0366758694804,2621.066296224292
0.9,19,se_iid,100,False,-1,0.017421800171383617,0.04,251.46087302156045,419.18160349264053,568.9910926607478,748.915512789166,923.1335145032186
0.9,20,se_iid,100,True,1700,0.3900054272743318,0.04,189.34012608781083,474.12879722977556,1644.1450790525903,3594.1722154245826,7494.226488169038
0.9,21,se_iid,100,False,-1,0.055078580190501415,0.04,204.37826293640092,459.82934231271656,755.5655972796352,1030.9584982321462,1581.744300137168
0.9,22,se_iid,100,False,-1,0.03724572076477013,0.05,203.02515388062756,462.770269613729,1160.1490408511024,2042.8378190157543,2786.6755442143913
0.9,23,se_iid,100,True,700,0.3153790848406926,0.05,244.4660774891282,585.7430168933183,1597.4137001256145,3285.18548633573,6525.503632183781
0.9,24,se_iid,100,True,2600,0.11993279018386954,0.04,252.29259458650267,486.65683300665,1201.6531003013433,1932.1941179631558,3186.5720744162054
0.9,25,se_iid,100,False,-1,0.03354765498408038,0.05,225.87629097492666,440.7052516033875,1033.485450744951,1995.1792604441782,2518.0067931224535
0.9,26,se_iid,100,False,-1,0.1286479738061475,0.04,243.60577001517612,487.79201734188547,1191.8658127419753,2226.30382091781,3754.972946567859
0.9,27,se_iid,100,False,-1,0.038845449736713375,0.05,153.3881438340655,188.99322133277798,302.2891983049147,494.68790532477675,883.1424026920344
0.9,28,se_iid,100,False,-1,0.023458432056282612,0.04,222.0955402757409,452.7203582292365,1119.9447264121786,2053.0725860670914,2983.786989336804
0.9,29,se_iid,100,False,-1,0.015392728296421021,0.04,158.6365958426093,344.90603134599417,495.7183171914611,602.4822341568441,756.4095171211765
0.9,30,se_iid,100,True,1000,0.21864517445312415,0.05,224.48123499410002,436.57499596173636,1118.2474209962606,2224.7084742464367,4409.073152399024
0.9,31,se_iid,100,True,4800,0.04559589058462681,0.05,200.18028654691426,245.05907781002185,375.743411415414,649.7550831593569,1162.2799221588136
0.9,32,se_iid,100,False,-1,0.02323708946220082,0.04,181.82638661715794,308.46592598037637,380.5355825843683,496.72102989543623,729.0919245175721
0.9,33,se_iid,100,False,-1,0.008517029581791511,0.04,297.15993711336245,437.5764740009817,765.6088746973741,934.633862049758,1019.8041578678602
0.9,34,se_iid,100,True,8000,0.03087600064398601,0.05,222.23095874216742,438.70225221257584,873.5327515153612,1009.5340777409459,1318.2940841805387
0.9,35,se_iid,100,True,6200,0.021198515461140488,0.06,207.33398125169848,384.7349278137806,951.2730758949594,1800.2651025951075,2012.250257206619
0.9,36,se_iid,100,True,12500,0.04878497492131419,0.04,194.05353343464196,467.94217489325104,1131.00952436437,1868.4115295781367,2496.871511648126
0.9,37,se_iid,100,False,-1,0.03017448892331538,0.04,207.2059096840539,237.38039860736166,327.90386537733747,478.77630999398997,780.5211992270928
0.9,38,se_iid,100,True,600,0.2837505450402151,0.04,285.29285275661164,581.9728406664573,1436.5980247515145,2865.147923243684,5731.559723682531
0.9,39,se_iid,100,False,-1,0.015239277242994951,0.04,207.61212998545207,379.7768630964811,972.6678792338533,1468.8962614220998,1636.787171997588
0.9,40,se_iid,100,False,-1,0.0,0.05,259.62008620380425,477.430513000817,1123.6409392038283,1331.5967386674217,1419.535127947465
0.9,41,se_iid,100,False,-1,0.036264674426348675,0.04,252.04555758866434,463.46125653272736,1143.2938037205186,2146.2796262846337,2483.5848342762188
0.9,42,se_iid,100,False,-1,0.05243873010283235,0.05,235.20104960201851,414.7214379282403,832.06664483629,1354.4317554559977,2295.5785691445767
0.9,43,se_iid,100,False,-1,0.013486551314681993,0.04,212.71867564294385,473.96519509571084,1051.975719484428,1277.370061686431,1417.5058956802352
0.9,44,se_iid,100,True,1500,0.2616452270131931,0.07,191.0829989736214,457.9678667707639,1304.2193179060623,2677.151559535332,5397.133699088226
0.9,45,se_iid,100,False,-1,0.03774663989554178,0.04,254.25824326491465,478.2332079925459,1063.9612926899222,1813.3712108264294,2901.478249011942
0.9,46,se_iid,100,True,3800,0.37970758429352114,0.04,247.20175780935907,293.1526236522678,819.9084731941737,2718.446394661951,6515.522237594609
0.9,47,se_iid,100,False,-1,0.0,0.05,182.62598425523538,364.955569716431,547.6106835749256,800.2533136507686,959.2179273336292
0.9,48,se_iid,100,False,-1,0.00819893027864288,0.04,220.44823307030285,464.83919075764305,1032.6580971789176,1833.2164706448416,2254.5343222571623
0.9,49,se_iid,100,True,4100,0.07543650132702828,0.04,223.79209028038505,425.27459161327243,883.2621229818258,1260.444629617173,2014.809642888072
0.9,50,se_iid,100,True,10600,0.0018585973613300943,0.05,279.16519147306,466.67457809719434,1041.8800293152738,1653.1826215197664,1679.5376338616445
0.9,51,se_iid,100,False,-1,0.06136768562490147,0.04,229.53756260754832,463.38821244840034,645.8879516815913,945.9803400044465,1556.090551970904
0.9,52,se_iid,100,False,-1,0.030004063822224262,0.05,287.10788557719854,450.80513046765293,1070.6637484475768,1770.5336635282483,2071.8592027390278
0.9,53,se_iid,100,False,-1,0.02164919772843507,0.04,180.3813691242251,206.30425849065512,271.875508003944,379.4978403181457,595.9898176025089
0.9,54,se_iid,100,False,-1,0.034766910517174836,0.04,230.46365446497794,463.5227361281179,1101.0157621073174,1989.157559525415,2341.4675210819946
0.9,55,se_iid,100,False,-1,0.028837580842232396,0.05,258.6764546297359,461.38941493016137,1052.7035957036928,1445.8573781198452,1734.233186542488
0.9,56,se_iid,100,False,-1,0.012331046153348329,0.05,220.9449614292008,434.5521633483638,684.4214650658482,827.1619991665016,944.5697954965435
0.9,57,se_iid,100,True,9300,0.011204416205486232,0.04,228.36217978486647,456.6371664686099,814.2117548222102,1178.7913993955349,1290.5581708740178
0.9,58,se_iid,100,True,500,0.03345920295387217,0.04,131.7417148893136,164.38455150784333,263.99967043300677,431.29568520239815,765.8877147413968
0.9,59,se_iid,100,False,-1,0.16460587867578583,0.05,279.4681385206269,483.71339325332144,1255.212369829001,2387.6389868547726,4362.604012615975
0.9,60,se_iid,100,True,800,0.23876218620800854,0.05,192.96245081751994,455.3046505038755,1045.841011329557,2239.6519423699456,4627.273804450723
0.9,61,se_iid,100,False,-1,0.023953580161880317,0.05,249.47007866494283,396.46429218386504,923.0096465180656,1707.1303635047602,2526.7990980242107
0.9,62,se_iid,100,False,-1,0.027602898310584566,0.05,255.9142522347123,461.3422481434362,1172.480763842255,1856.6999878459417,2132.728970951662
0.9,63,se_iid,100,False,-1,0.1286540100464432,0.05,221.18230378568248,451.78276701379974,1113.7096077256454,1985.7175573841184,3352.1673773302787
0.9,64,se_iid,100,False,-1,0.0,0.04,222.04970134308311,263.90566962907815,278.80234313147,278.80234313147,278.80234313147
0.9,65,se_iid,100,False,-1,0.12977953361292002,0.04,191.34784108464873,471.5543439514129,1030.8465600469212,1893.1528557048346,3463.9884555169824
0.9,66,se_iid,100,True,2300,0.24275093111922416,0.05,204.54862188676503,485.21621200366513,1199.4854242505012,2400.706869279524,4803.985134504173
0.9,67,se_iid,100,False,-1,0.03764131705071276,0.04,261.99521997972465,465.138918921145,942.1659536850718,1130.372538938628,1506.7857094456492
0.9,68,se_iid,100,False,-1,0.03367966601220803,0.05,250.65100068919924,468.8748587848429,1009.3018008941783,1200.2033965432597,1546.0054867936728
0.9,69,se_iid,100,True,1600,0.2518570750877552,0.04,222.27376745544245,438.71963138209946,1239.9020936236936,2576.4875729476516,5191.080920458228
0.9,70,se_iid,100,True,2200,0.3475624163716207,0.05,204.38544882725077,380.6501144669773,1354.5148873731996,3092.3269692312097,6567.951132950464
0.9,71,se_iid,100,False,-1,0.0038790062707503292,0.04,189.96263207648593,474.02738576851317,925.8734329099547,1398.8578323900429,1604.741372397105
0.9,72,se_iid,100,False,-1,0.020747732754247274,0.05,231.69391228524213,469.37135690195925,985.7024890398661,1828.2815059463046,2896.374275475358
0.9,73,se_iid,100,True,1800,0.04894446415442579,0.05,290.14626064410714,486.49737815618147,1061.078778645362,1302.1023504879686,1791.54699203171
0.9,74,se_iid,100,False,-1,0.04316389017813694,0.05,163.17752872194862,490.7899237827027,1144.7573762873706,2165.0063298107484,2976.8415719977925
0.9,75,se_iid,100,False,-1,0.09461034853948737,0.05,276.0375139375542,485.6229109457688,1110.0449599579422,2000.177592910133,3404.65419538116
0.9,76,se_iid,100,False,-1,0.023781155638129187,0.04,239.86380665438173,430.01944068894386,991.4013210849141,1919.3395239986678,2322.195370911731
0.9,77,se_iid,100,False,-1,0.014594208679358234,0.04,186.2769782234816,210.11202838904615,256.0671933060159,329.0382367028637,474.98032349655927
0.9,78,se_iid,100,False,-1,0.12902187453203173,0.05,221.1730064519532,473.1880642626027,1157.273592438407,2133.824492907622,3777.2420755776757
0.9,79,se_iid,100,False,-1,0.10308178765204115,0.04,242.69160043928073,470.4912642031956,1105.9602110534115,1848.2514834938456,3146.449133492456
0.9,80,se_iid,100,True,200,0.311724223614228,0.04,256.09632743486,567.8205510490985,1502.9932218916745,3061.6143399633734,6178.856576104528
0.9,81,se_iid,100,True,6200,0.028660085985157402,0.04,243.57243050910373,467.34563308411003,1180.6204948682444,1554.0096212118578,1840.610481063518
0.9,82,se_iid,100,False,-1,0.03425032648318775,0.05,166.15610888875742,423.0438495020745,920.0255317651578,1244.2869722984265,1575.5204499850502
0.9,83,se_iid,100,True,3000,0.049617453397331875,0.05,222.84638722075186,443.94218514533094,951.6696242261629,1273.6206432590122,1769.7951772323293
0.9,84,se_iid,100,False,-1,0.04677007693048649,0.05,240.09124806789438,381.0117535972797,521.3219843887448,755.1723690411866,1222.8731383462634
0.9,85,se_iid,100,True,2000,0.2396982265480772,0.04,292.8419818211207,467.6503485819037,1212.6832823671195,2404.616392246255,4824.287970276312
0.9,86,se_iid,100,True,1200,0.008368414661505508,0.05,265.85548611602405,462.94065143914906,768.266066167908,821.3636276015819,905.0477742166237
0.9,87,se_iid,100,True,8600,0.024414053814774295,0.04,247.06690108464574,472.7254558646448,960.9143058188894,1469.6929309047819,1713.8334690525853
0.9,88,se_iid,100,False,-1,0.03900492714606275,0.04,243.1020089574108,398.64375950906236,722.6600435799272,1094.5724412874822,1484.621712748435
0.9,89,se_iid,100,True,2200,0.08639577214991909,0.05,230.93242126677814,424.40024924766675,642.9355453644753,1060.686653617126,1924.6443751161173
0.9,90,se_iid,100,True,1200,0.3001165162632786,0.05,270.42956930538236,559.7619502032488,1517.142222389108,3108.1197709264557,6155.738087803106
0.9,91,se_iid,100,False,-1,0.027189141629185735,0.05,234.3564313604316,447.2617143798471,741.7029487355583,877.6486568815974,1149.5400731734132
0.9,92,se_iid,100,True,2700,0.0713133996310704,0.04,250.39446295470387,479.80819726951563,746.4053026244616,1102.9723007798077,1816.1062970896148
0.9,93,se_iid,100,True,4500,0.04480321681123467,0.04,237.5925972136599,471.6744178546605,1095.9497125213238,2099.061525361558,2671.561459536506
0.9,94,se_iid,100,True,3600,0.0706950356617715,0.05,194.82121756406394,457.7240962511615,800.5813949007239,1154.056573209646,1861.0069298282092
0.9,95,se_iid,100,True,1500,0.25247664354477795,0.05,233.81475542419375,447.96507763377923,1211.1109788482615,2473.494196572515,4998.260632021752
0.9,96,se_iid,100,False,-1,0.02317540363462102,0.05,273.2856192261113,469.76442019609294,1137.98980770764,1973.3360495490383,2260.7078814519805
0.9,97,se_iid,100,True,500,0.28789151438194144,0.04,280.98589450659614,557.0134062149855,1462.6267495817779,2917.8459039334534,5836.125917369332
0.9,98,se_iid,100,False,-1,0.04337136080476347,0.04,230.87129121457014,423.66127239562746,1026.5190351635729,2006.9444166751728,3133.0720878929233
0.9,99,se_iid,100,True,3200,0.004345572152470223,0.04,243.50579173923015,470.47776984255466,728.319141181003,750.0470019434424,793.5027234683212
0.97,0,se_iid,100,True,900,0.22409553640922417,0.05,217.54175596527958,408.7356278034172,1081.0222370310723,2201.499919077529,4442.455283169183
0.97,1,se_iid,100,True,200,0.07193569533913025,0.04,292.18601599736644,587.328943344121,852.1392975139543,1211.8177742094895,1931.17472760056
0.97,2,se_iid,100,True,3800,0.07675325577490455,0.05,220.46906219724707,320.87307198834725,466.64096274624814,850.4072416205863,1617.9397993700752
0.97,3,se_iid,100,True,15200,0.04487972565910081,0.05,232.41560350727707,456.51617929185,788.9181308098737,911.8976960421728,1244.0076659192762
0.97,4,se_iid,100,True,200,0.3194124453530052,0.04,272.50233676382976,635.1205424425787,1660.2361813786417,3337.4327209544304,6531.557174484524
0.97,5,se_iid,100,True,1300,0.30978428613237086,0.05,262.46692385279044,436.4889429005448,1365.841801297643,2914.7632319597733,6012.606093285035
0.97,6,se_iid,100,True,500,0.27855522469242067,0.05,249.20019888583906,520.0173862434086,1339.2914014401913,2719.898476967892,5505.450723891436
0.97,7,se_iid,100,True,800,0.3379167043679681,0.04,235.76892761795128,573.6856319859176,1587.435745089766,3277.019266930088,6656.186310607906
0.97,8,se_iid,100,True,2200,0.23916766122601318,0.04,260.14901748853424,436.38867854687794,1116.6006074234715,2312.4389135535707,4704.115525813769
0.97,9,se_iid,100,True,1500,0.3688231139968154,0.04,232.61867878218277,494.16597062692085,1600.6353126172287,3444.7508826010708,7132.9820225687545
0.97,10,se_iid,100,False,-1,0.03799103566773046,0.05,193.3601863672809,351.39572112052554,584.7133860135617,817.7595101674914,1197.6698668446736
0.97,11,se_iid,100,True,1600,0.23073611034314603,0.05,208.6207473494557,313.61930809923456,1005.8276391287538,2159.5081908440598,4466.869294274654
0.97,12,se_iid,100,False,-1,0.04933672802726736,0.05,227.14161380814932,396.0130990929981,584.2573799175123,858.3721072383648,1351.739387510788
0.97,13,se_iid,100,True,1900,0.03938376289096435,0.04,172.4668121506575,317.72006405399867,480.77311703313586,689.6657353032044,1083.5033642134097
0.97,14,se_iid,100,True,1300,0.30681286794978163,0.05,249.78985352316744,483.472687188575,1403.9112910378765,2937.9756307863877,6006.10431028341
0.97,15,se_iid,100,False,-1,0.03267103637651303,0.05,187.85324169412038,227.65231903160614,325.6654281611452,489.02061004371035,815.7309738091049
0.97,16,se_iid,100,True,400,0.28235530566267947,0.04,257.48809963915255,539.8434053018432,1386.9093222897689,2798.685850603258,5622.238907228843
0.97,17,se_iid,100,True,800,0.2094643128616602,0.05,219.60179262467364,465.28769802734683,1205.250587747914,2416.208080388414,4510.851209005868
0.97,18,se_iid,100,True,700,0.3004538720376547,0.04,245.23387321735171,561.8493282556094,1480.0439895906968,2982.313349778383,5986.852070155757
0.97,19,se_iid,100,True,600,0.3670610164722022,0.05,280.6238309471738,647.6848474193728,1748.867896836077,3584.1729791972507,7254.783143915685
0.97,20,se_iid,100,True,600,0.3056164017190618,0.05,257.70207961490723,565.874383385584,1475.393202931649,3002.0091344049197,6058.173151594805
0.97,21,se_iid,100,True,1200,0.3350791385948036,0.04,204.37826293640092,508.1541302102642,1513.3915459947664,3188.787238968454,6539.578624915104
0.97,22,se_iid,100,True,2100,0.3350120894160868,0.04,203.02515388062756,400.96251624094594,1375.5334324723603,3050.5938795527013,6400.714773716511
0.97,23,se_iid,100,True,600,0.2765076434639156,0.05,218.98302753051235,495.4906709944175,1325.0136013861215,2707.551818705628,5472.628253346906
0.97,24,se_iid,100,False,-1,0.0,0.04,118.11856150165318,144.2975423348802,171.25554045139532,173.05274032582966,173.05274032582966
0.97,25,se_iid,100,True,13900,0.08154098204208782,0.04,155.2239277432564,188.83300163396672,291.0192674912226,498.26723175729927,1122.6475203730306
0.97,26,se_iid,100,True,2600,0.25976044916394286,0.04,243.60577001517612,487.79201734188547,1270.9847226091376,2569.786968428526,5167.391460067302
0.97,27,se_iid,100,True,2600,0.059405482836445644,0.04,153.3881438340655,183.0908852522851,343.48568891067094,640.5131030929899,1234.5679314575475
0.97,28,se_iid,100,True,1500,0.25409973122983087,0.05,205.71598267179186,452.49680384452637,1297.9627491920453,2644.190599932092,5185.1879122308055
0.97,29,se_iid,100,True,400,0.3157903855304029,0.05,192.54740826405694,520.2322723541683,1492.1768147644925,3071.1287424163074,6229.032597723009
0.97,30,se_iid,100,True,400,0.3745302287520505,0.04,245.65825818819036,500.540953507172,1624.1316397633652,3496.782783523687,7242.085071040511
0.97,31,se_iid,100,True,3700,0.022374094924917935,0.04,200.8536150397544,274.0688441965245,359.5509991200925,471.4214737448015,695.1624229937541
0.97,32,se_iid,100,True,700,0.31978525218189247,0.04,200.51144841937707,538.6127662511685,1565.3646878970508,3164.2909488063956,6362.143470626759
0.97,33,se_iid,100,True,1300,0.33837167914043936,0.05,284.2724057965956,432.5744813053024,1229.8544169197996,2921.7128126219836,6305.429604026352
0.97,34,se_iid,100,True,1900,0.35135276904338675,0.05,222.23095874216742,367.9417371724722,1422.0000443026347,3178.7638895195723,6692.291579950087
0.97,35,se_iid,100,True,1000,0.3319679892759994,0.04,174.13718232409897,425.66321748342824,1331.5281912436394,2991.368137624183,6311.048030382236
0.97,36,se_iid,100,False,-1,0.014657721166235997,0.05,193.34863649516035,275.94655522444623,333.8692798056554,404.0269424830781,550.1151602618604
0.97,37,se_iid,100,True,1300,0.3450891250001665,0.04,244.58700648774033,473.43894681958966,1485.1800289715643,3203.044435006787,6653.935685009744
0.97,38,se_iid,100,True,600,0.09781893829803581,0.05,257.79952921546015,355.6184675134792,649.0752824075363,1138.169973897764,2116.359356879091
0.97,39,se_iid,100,True,800,0.2901008065439319,0.05,207.61212998545207,486.22825310445995,1353.0916113013016,2803.5956440209657,5704.603709461567
0.97,40,se_iid,100,True,1600,0.24323311630769495,0.05,259.62008620380425,502.71385597758604,1232.4132049006632,2448.5787864391255,4880.909949517517
0.97,41,se_iid,100,True,300,0.28930746582129657,0.04,290.7754042193607,585.3441786694509,1440.9132201608911,2887.4505492677226,5780.525207481386
0.97,42,se_iid,100,True,1700,0.3052070800429568,0.04,234.10181660424743,416.87242947711957,1274.2884996765881,2800.3238998917445,5852.39470032321
0.97,43,se_iid,100,True,1600,0.20557240673070298,0.05,198.71518754127354,438.86061202936656,1098.0212132938866,2133.6082916059186,4189.332358914514
0.97,44,se_iid,100,True,300,0.3377560994574804,0.05,295.8012533975867,633.5573528550518,1646.8256512274472,3335.6061485156397,6713.167143092564
0.97,45,se_iid,100,True,700,0.33317837732510514,0.05,223.83763715378015,523.6005995735597,1489.1781407391716,3155.0700273647476,6486.853800615866
0.97,46,se_iid,100,True,700,0.38024918588469847,0.04,172.1304523180726,520.5522514983776,1661.2998091523953,3562.5457385755076,7365.037597425641
0.97,47,se_iid,100,True,300,0.3763192208702424,0.05,182.62598425523538,478.4517660671604,1607.4094286779018,3489.0055330294035,7252.1977417285925
0.97,48,se_iid,100,True,500,0.3093758878645741,0.04,214.98719494678355,484.32379207762307,1412.4514556712077,2959.3308949935185,6053.089773641016
0.97,49,se_iid,100,True,1500,0.317034223391795,0.04,223.79209028038505,473.88767882000735,1424.9903489954877,3010.161465953943,6180.503699869961
0.97,50,se_iid,100,True,1400,0.31477496007914907,0.06,279.16519147306,363.3887743917732,874.8050102926634,2448.6798106886954,5596.429411482454
0.97,51,se_iid,100,True,5100,0.39063686819497323,0.05,207.02260676075215,326.10241634605615,508.0705035081124,2320.962221447529,6227.330903395928
0.97,52,se_iid,100,False,-1,0.0,0.05,219.41980186170886,284.5463111787995,401.8344565265141,583.4507140539798,583.4507140539798
0.97,53,se_iid,100,True,2300,0.02476747936833784,0.04,146.29803295754905,165.23898541107977,235.4609586835583,359.2983555252373,606.9731492085963
0.97,54,se_iid,100,True,1700,0.3403743949234607,0.05,234.59159368325356,399.03622301648295,1420.1594077868767,3122.031382403883,6525.775331641142
0.97,55,se_iid,100,True,2600,0.3235623250614167,0.04,258.6764546297359,459.65803259724385,1344.6119675899893,2962.423592897645,6198.046843510991
0.97,56,se_iid,100,True,500,0.0024259176333609744,0.06,162.63488049500367,165.06079812836376,172.33855102844402,184.46813919524445,208.7273155288453
0.97,57,se_iid,100,True,1100,0.38639497348600066,0.05,211.4987053617168,559.2574851558494,1718.442405613696,3650.4172730434407,7514.36700790293
0.97,58,se_iid,100,True,500,0.2941015677661198,0.04,214.45910536728513,508.560673133405,1390.8653764317644,2861.3732152623634,5802.388892923562
0.97,59,se_iid,100,True,1100,0.3391688220164618,0.04,293.0773867334261,601.9645260054377,1619.8069609082922,3315.6510709900317,6707.339291152937
0.97,60,se_iid,100,True,200,0.3069913688236553,0.05,273.19912558220847,561.9248502447352,1526.147140784143,3061.103984902512,6131.017673136236
0.97,61,se_iid,100,True,900,0.36078331013428316,0.04,243.85467968256586,595.2319679246933,1677.5818983276556,3481.4984489985814,7089.331550339966
0.97,62,se_iid,100,True,900,0.3633291149914094,0.05,161.07090501553827,489.5798543686656,1579.5671993427388,3396.2127742992493,7029.503924215941
0.97,63,se_iid,100,True,600,0.25182545301520354,0.05,250.41826662585513,512.2207769396484,1267.6971359852407,2526.824401061235,5045.078931213088
0.97,64,se_iid,100,True,1200,0.27993841562115834,0.06,225.65374822055034,450.21751587481907,1290.0327627383224,2689.724840844028,5489.108997056472
0.97,65,se_iid,100,True,300,0.04609905937505876,0.04,254.97762900927972,339.2216088706011,477.5187869958433,708.0140838710053,1169.0046776216018
0.97,66,se_iid,100,True,1600,0.33976879981790203,0.04,204.54862188676503,480.33477473859836,1441.6104858510625,3140.4544849411704,6538.142483118929
0.97,67,se_iid,100,True,2100,0.2657643204079994,0.04,261.99521997972465,358.3137457521623,1131.5277971909402,2460.3493992305653,5117.9926033115635
0.97,68,se_iid,100,False,-1,0.0,0.04,191.54402987757564,313.62713816640894,385.0396972611195,442.16974453688795,442.16974453688795
0.97,69,se_iid,100,True,1100,0.3530802836023073,0.05,222.27376745544245,499.8334985988721,1559.0743494058056,3324.4757674168172,6855.278603438212
0.97,70,se_iid,100,True,900,0.08944047650490415,0.04,234.45052662661746,478.99796195040733,747.3193914651855,1194.5217739898505,2088.9265390391806
0.97,71,se_iid,100,True,1400,0.2242345433627339,0.04,189.96263207648593,519.7022990036298,1237.7953255829573,2358.9680423964073,4601.313476023925
0.97,72,se_iid,100,True,900,0.21211056165366934,0.04,247.51202215446605,459.62258380813984,1095.9542687690048,2156.507077037206,4277.61269357526
0.97,73,se_iid,100,True,1300,0.2837870591681054,0.05,279.86776687341273,546.8405393538912,1398.2017168583777,2817.137012698572,5655.007604380418
0.97,74,se_iid,100,True,900,0.09579387681117682,0.05,172.72492424980643,397.1184441963718,689.5005832998197,1168.4699673558496,2126.408735468517
0.97,75,se_iid,100,True,5700,0.04592563825464802,0.05,233.8023414680736,273.8089520830885,382.9103085702729,598.5107364936416,1057.767119039942
0.97,76,se_iid,100,True,1700,0.3920795619867371,0.04,221.88720833751245,429.0982684196201,1605.336954379863,3565.7347643127214,7486.530384181857
0.97,77,se_iid,100,False,-1,0.0,0.05,158.89508806397188,176.3417687871997,196.02735808132977,196.02735808132977,196.02735808132977
0.97,78,se_iid,100,True,200,0.004398685393935398,0.05,199.83215660488904,204.23084199882632,217.42689818063818,239.4203251503246,283.4071790896974
0.97,79,se_iid,100,True,3200,0.2784985420516421,0.04,236.9415560164554,404.6845240272649,1097.9300777442295,2451.4791551161925,5236.464575631262
0.97,80,se_iid,100,True,200,0.311724223614228,0.04,260.78921284231404,572.5134364565517,1507.6861072991276,3066.30722537083,6183.549461511978
0.97,81,se_iid,100,True,2900,0.2958898836775902,0.06,243.57243050910373,469.04353909996763,1237.4680276704307,2716.917446058675,5675.816282836409
0.97,82,se_iid,100,True,2700,0.03285544270224116,0.05,182.0514030512273,360.9859727780874,515.3750521233065,679.6522656346611,1008.2066926573704
0.97,83,se_iid,100,True,900,0.24047196171974286,0.04,222.84638722075186,512.8130651039036,1268.4139484273746,2470.4080359522695,4875.12765315004
0.97,84,se_iid,100,True,600,0.24364204586520755,0.05,295.13034837330406,588.2430738810093,1319.1692114766217,2537.379440802981,4973.7998994557
0.97,85,se_iid,100,True,2100,0.20153370692285136,0.05,201.69039458201638,241.3588713413847,795.4883661080482,1803.156900722416,3818.493969951151
0.97,86,se_iid,100,True,1200,0.3443836665586965,0.04,265.85548611602405,537.7572018075637,1567.346477074251,3281.259073347895,6715.292853407857
0.97,87,se_iid,100,False,-1,0.0,0.05,209.11179493182107,300.84354477445817,304.77436771149445,304.77436771149445,304.77436771149445
0.97,88,se_iid,100,True,800,0.2713392835551157,0.05,171.93770745902162,443.27699101412924,1257.2948416794522,2613.9912594554644,5327.384095006751
0.97,89,se_iid,100,True,900,0.33032101478190057,0.04,220.18042460218558,553.1424805742649,1544.105524920055,3195.710598829705,6498.920746645696
0.97,90,se_iid,100,True,1200,0.2800846258462588,0.05,225.49182771611964,489.3779058152533,1335.4017868512885,2735.824916082574,5536.671174546326
0.97,91,se_iid,100,True,1200,0.3065992725525157,0.05,197.66458576261363,456.64221910937465,1376.4400367669732,2909.4363995293493,5975.429125053106
0.97,92,se_iid,100,False,-1,0.0,0.05,271.0998807940701,415.2838646098747,573.2972834647614,678.9747081625126,678.9747081625126
0.97,93,se_iid,100,True,700,0.28108990167101905,0.04,256.6811063071952,560.241110309488,1378.8916447007477,2718.102064729733,5501.210014548583
0.97,94,se_iid,100,False,-1,0.0327429809087024,0.05,194.82121756406394,267.9513563954177,375.9346353181232,539.6495398616155,867.0793489488362
0.97,95,se_iid,100,True,700,0.2432628264987518,0.05,255.02024938537554,499.0655794101821,1223.932752519533,2440.2468850135074,4872.875150002269
0.97,96,se_iid,100,True,1400,0.34936337539698786,0.04,239.19799845395224,484.41969072975377,1532.5098169205585,3279.3266939052255,6772.96044787456
0.97,97,se_iid,100,True,500,0.05165842951108346,0.05,280.98589450659614,534.9627392918059,689.9380278251705,948.2301753807782,1464.8144704910235
0.97,98,se_iid,100,True,1900,0.2924676599037936,0.05,139.28922184792825,186.0883392687036,1063.4913189800673,2525.8296184990836,5450.506217537692
0.97,99,se_iid,100,True,500,0.27663157506679315,0.04,271.5869310671794,551.3238654287227,1418.036525828112,2810.1418836017087,5576.457634270314
