case,run,policy,t,regret
homogeneous_0,0,long_kg,1000,1198.4349847735598
homogeneous_0,0,past_state_genie,1000,1198.4349847735598
homogeneous_0,0,long_kg,2500,2933.5102776896056
homogeneous_0,0,past_state_genie,2500,2933.5102776896056
homogeneous_0,0,long_kg,5000,5836.556352945906
homogeneous_0,0,past_state_genie,5000,5836.556352945906
homogeneous_0,0,long_kg,10000,11633.2609240343
homogeneous_0,0,past_state_genie,10000,11633.2609240343
homogeneous_0,0,long_kg,20000,23301.30362727739
homogeneous_0,0,past_state_genie,20000,23301.30362727739
homogeneous_0,0,long_kg,30000,34823.682455679
homogeneous_0,0,past_state_genie,30000,34823.682455679
homogeneous_0,1,long_kg,1000,1121.5689492113693
homogeneous_0,1,past_state_genie,1000,1121.5689492113693
homogeneous_0,1,long_kg,2500,2787.886350073977
homogeneous_0,1,past_state_genie,2500,2787.886350073977
homogeneous_0,1,long_kg,5000,5832.1244187983375
homogeneous_0,1,past_state_genie,5000,5832.1244187983375
homogeneous_0,1,long_kg,10000,11698.34870354523
homogeneous_0,1,past_state_genie,10000,11698.34870354523
homogeneous_0,1,long_kg,20000,23369.89133101185
homogeneous_0,1,past_state_genie,20000,23369.89133101185
homogeneous_0,1,long_kg,30000,35211.405099208896
homogeneous_0,1,past_state_genie,30000,35211.405099208896
homogeneous_0,2,long_kg,1000,1139.2476732111227
homogeneous_0,2,past_state_genie,1000,1139.2476732111227
homogeneous_0,2,long_kg,2500,2859.9309372764646
homogeneous_0,2,past_state_genie,2500,2859.9309372764646
homogeneous_0,2,long_kg,5000,5697.874438777575
homogeneous_0,2,past_state_genie,5000,5697.874438777575
homogeneous_0,2,long_kg,10000,11574.690130299678
homogeneous_0,2,past_state_genie,10000,11574.690130299678
homogeneous_0,2,long_kg,20000,23227.01416033672
homogeneous_0,2,past_state_genie,20000,23227.01416033672
homogeneous_0,2,long_kg,30000,34796.165630224445
homogeneous_0,2,past_state_genie,30000,34796.165630224445
homogeneous_0,3,long_kg,1000,1206.7895616629928
homogeneous_0,3,past_state_genie,1000,1206.7895616629928
homogeneous_0,3,long_kg,2500,2917.0291249678494
homogeneous_0,3,past_state_genie,2500,2917.0291249678494
homogeneous_0,3,long_kg,5000,5808.790374019032
homogeneous_0,3,past_state_genie,5000,5808.790374019032
homogeneous_0,3,long_kg,10000,11577.374045706614
homogeneous_0,3,past_state_genie,10000,11577.374045706614
homogeneous_0,3,long_kg,20000,23266.494359315242
homogeneous_0,3,past_state_genie,20000,23266.494359315242
homogeneous_0,3,long_kg,30000,34935.4410647883
homogeneous_0,3,past_state_genie,30000,34935.4410647883
homogeneous_0,4,long_kg,1000,1188.627587391326
homogeneous_0,4,past_state_genie,1000,1188.627587391326
homogeneous_0,4,long_kg,2500,2931.9268005467206
homogeneous_0,4,past_state_genie,2500,2931.9268005467206
homogeneous_0,4,long_kg,5000,5823.695413327057
homogeneous_0,4,past_state_genie,5000,5823.695413327057
homogeneous_0,4,long_kg,10000,11684.122313146385
homogeneous_0,4,past_state_genie,10000,11684.122313146385
homogeneous_0,4,long_kg,20000,23440.684658911323
homogeneous_0,4,past_state_genie,20000,23440.684658911323
homogeneous_0,4,long_kg,30000,35066.15317473316
homogeneous_0,4,past_state_genie,30000,35066.15317473316
homogeneous_0,5,long_kg,1000,1202.4384646106093
homogeneous_0,5,past_state_genie,1000,1202.4384646106093
homogeneous_0,5,long_kg,2500,2840.347816673205
homogeneous_0,5,past_state_genie,2500,2840.347816673205
homogeneous_0,5,long_kg,5000,5739.884359226766
homogeneous_0,5,past_state_genie,5000,5739.884359226766
homogeneous_0,5,long_kg,10000,11522.010884959967
homogeneous_0,5,past_state_genie,10000,11522.010884959967
homogeneous_0,5,long_kg,20000,23105.32709992209
homogeneous_0,5,past_state_genie,20000,23105.32709992209
homogeneous_0,5,long_kg,30000,34713.33470543809
homogeneous_0,5,past_state_genie,30000,34713.33470543809
homogeneous_0,6,long_kg,1000,1146.772216378287
homogeneous_0,6,past_state_genie,1000,1146.772216378287
homogeneous_0,6,long_kg,2500,2978.2415225516147
homogeneous_0,6,past_state_genie,2500,2978.2415225516147
homogeneous_0,6,long_kg,5000,5960.630099026328
homogeneous_0,6,past_state_genie,5000,5960.630099026328
homogeneous_0,6,long_kg,10000,11828.513318781343
homogeneous_0,6,past_state_genie,10000,11828.513318781343
homogeneous_0,6,long_kg,20000,23668.66263001109
homogeneous_0,6,past_state_genie,20000,23668.66263001109
homogeneous_0,6,long_kg,30000,35101.31063449492
homogeneous_0,6,past_state_genie,30000,35101.31063449492
homogeneous_0,7,long_kg,1000,1164.7564052323066
homogeneous_0,7,past_state_genie,1000,1164.7564052323066
homogeneous_0,7,long_kg,2500,2871.187060440871
homogeneous_0,7,past_state_genie,2500,2871.187060440871
homogeneous_0,7,long_kg,5000,5714.493729804662
homogeneous_0,7,past_state_genie,5000,5714.493729804662
homogeneous_0,7,long_kg,10000,11479.868278394735
homogeneous_0,7,past_state_genie,10000,11479.868278394735
homogeneous_0,7,long_kg,20000,23131.31112056372
homogeneous_0,7,past_state_genie,20000,23131.31112056372
homogeneous_0,7,long_kg,30000,34709.20248411329
homogeneous_0,7,past_state_genie,30000,34709.20248411329
homogeneous_0,8,long_kg,1000,1143.5818159985129
homogeneous_0,8,past_state_genie,1000,1143.5818159985129
homogeneous_0,8,long_kg,2500,2863.5343604157583
homogeneous_0,8,past_state_genie,2500,2863.5343604157583
homogeneous_0,8,long_kg,5000,5830.717827117328
homogeneous_0,8,past_state_genie,5000,5830.717827117328
homogeneous_0,8,long_kg,10000,11735.189948252237
homogeneous_0,8,past_state_genie,10000,11735.189948252237
homogeneous_0,8,long_kg,20000,23305.079708438592
homogeneous_0,8,past_state_genie,20000,23305.079708438592
homogeneous_0,8,long_kg,30000,34947.597615853505
homogeneous_0,8,past_state_genie,30000,34947.597615853505
homogeneous_0,9,long_kg,1000,1173.9016745438164
homogeneous_0,9,past_state_genie,1000,1173.9016745438164
homogeneous_0,9,long_kg,2500,2941.9550225365397
homogeneous_0,9,past_state_genie,2500,2941.9550225365397
homogeneous_0,9,long_kg,5000,5932.723825543804
homogeneous_0,9,past_state_genie,5000,5932.723825543804
homogeneous_0,9,long_kg,10000,11746.323288958363
homogeneous_0,9,past_state_genie,10000,11746.323288958363
homogeneous_0,9,long_kg,20000,23330.41765037223
homogeneous_0,9,past_state_genie,20000,23330.41765037223
homogeneous_0,9,long_kg,30000,35000.68952866675
homogeneous_0,9,past_state_genie,30000,35000.68952866675
homogeneous_0,10,long_kg,1000,1214.925577810811
homogeneous_0,10,past_state_genie,1000,1214.925577810811
homogeneous_0,10,long_kg,2500,2923.9700574353083
homogeneous_0,10,past_state_genie,2500,2923.9700574353083
homogeneous_0,10,long_kg,5000,5749.776152384906
homogeneous_0,10,past_state_genie,5000,5749.776152384906
homogeneous_0,10,long_kg,10000,11453.44781847152
homogeneous_0,10,past_state_genie,10000,11453.44781847152
homogeneous_0,10,long_kg,20000,23294.78964756276
homogeneous_0,10,past_state_genie,20000,23294.78964756276
homogeneous_0,10,long_kg,30000,34938.116981673775
homogeneous_0,10,past_state_genie,30000,34938.116981673775
homogeneous_0,11,long_kg,1000,1205.9872598637228
homogeneous_0,11,past_state_genie,1000,1205.9872598637228
homogeneous_0,11,long_kg,2500,2899.219665102306
homogeneous_0,11,past_state_genie,2500,2899.219665102306
homogeneous_0,11,long_kg,5000,5787.3221568004265
homogeneous_0,11,past_state_genie,5000,5787.3221568004265
homogeneous_0,11,long_kg,10000,11583.258120641207
homogeneous_0,11,past_state_genie,10000,11583.258120641207
homogeneous_0,11,long_kg,20000,23156.919985335662
homogeneous_0,11,past_state_genie,20000,23156.919985335662
homogeneous_0,11,long_kg,30000,34878.92823761367
homogeneous_0,11,past_state_genie,30000,34878.92823761367
homogeneous_0,12,long_kg,1000,1222.4132122607582
homogeneous_0,12,past_state_genie,1000,1222.4132122607582
homogeneous_0,12,long_kg,2500,2957.2474171374506
homogeneous_0,12,past_state_genie,2500,2957.2474171374506
homogeneous_0,12,long_kg,5000,5924.788489488848
homogeneous_0,12,past_state_genie,5000,5924.788489488848
homogeneous_0,12,long_kg,10000,11784.605298778235
homogeneous_0,12,past_state_genie,10000,11784.605298778235
homogeneous_0,12,long_kg,20000,23398.556194117933
homogeneous_0,12,past_state_genie,20000,23398.556194117933
homogeneous_0,12,long_kg,30000,35014.26046975993
homogeneous_0,12,past_state_genie,30000,35014.26046975993
homogeneous_0,13,long_kg,1000,1184.3988013683575
homogeneous_0,13,past_state_genie,1000,1184.3988013683575
homogeneous_0,13,long_kg,2500,2914.3732767916963
homogeneous_0,13,past_state_genie,2500,2914.3732767916963
homogeneous_0,13,long_kg,5000,5880.922822150285
homogeneous_0,13,past_state_genie,5000,5880.922822150285
homogeneous_0,13,long_kg,10000,11518.848500949636
homogeneous_0,13,past_state_genie,10000,11518.848500949636
homogeneous_0,13,long_kg,20000,23142.64907783966
homogeneous_0,13,past_state_genie,20000,23142.64907783966
homogeneous_0,13,long_kg,30000,34789.629717001284
homogeneous_0,13,past_state_genie,30000,34789.629717001284
homogeneous_0,14,long_kg,1000,1136.241522888861
homogeneous_0,14,past_state_genie,1000,1136.241522888861
homogeneous_0,14,long_kg,2500,2882.894602058805
homogeneous_0,14,past_state_genie,2500,2882.894602058805
homogeneous_0,14,long_kg,5000,5761.523081111741
homogeneous_0,14,past_state_genie,5000,5761.523081111741
homogeneous_0,14,long_kg,10000,11711.816061235095
homogeneous_0,14,past_state_genie,10000,11711.816061235095
homogeneous_0,14,long_kg,20000,23334.917766593124
homogeneous_0,14,past_state_genie,20000,23334.917766593124
homogeneous_0,14,long_kg,30000,34950.46150332497
homogeneous_0,14,past_state_genie,30000,34950.46150332497
homogeneous_0,15,long_kg,1000,1172.8631897974547
homogeneous_0,15,past_state_genie,1000,1172.8631897974547
homogeneous_0,15,long_kg,2500,2997.9087065275485
homogeneous_0,15,past_state_genie,2500,2997.9087065275485
homogeneous_0,15,long_kg,5000,5920.474262594489
homogeneous_0,15,past_state_genie,5000,5920.474262594489
homogeneous_0,15,long_kg,10000,11721.402717247342
homogeneous_0,15,past_state_genie,10000,11721.402717247342
homogeneous_0,15,long_kg,20000,23424.713995954487
homogeneous_0,15,past_state_genie,20000,23424.713995954487
homogeneous_0,15,long_kg,30000,35013.090816912074
homogeneous_0,15,past_state_genie,30000,35013.090816912074
homogeneous_0,16,long_kg,1000,1178.7835212406799
homogeneous_0,16,past_state_genie,1000,1178.7835212406799
homogeneous_0,16,long_kg,2500,2879.127630239716
homogeneous_0,16,past_state_genie,2500,2879.127630239716
homogeneous_0,16,long_kg,5000,5794.301828973168
homogeneous_0,16,past_state_genie,5000,5794.301828973168
homogeneous_0,16,long_kg,10000,11652.288685386942
homogeneous_0,16,past_state_genie,10000,11652.288685386942
homogeneous_0,16,long_kg,20000,23297.165392856055
homogeneous_0,16,past_state_genie,20000,23297.165392856055
homogeneous_0,16,long_kg,30000,35101.61826421215
homogeneous_0,16,past_state_genie,30000,35101.61826421215
homogeneous_0,17,long_kg,1000,1101.2236286503573
homogeneous_0,17,past_state_genie,1000,1101.2236286503573
homogeneous_0,17,long_kg,2500,2887.473364857233
homogeneous_0,17,past_state_genie,2500,2887.473364857233
homogeneous_0,17,long_kg,5000,5897.706980682846
homogeneous_0,17,past_state_genie,5000,5897.706980682846
homogeneous_0,17,long_kg,10000,11722.177752026662
homogeneous_0,17,past_state_genie,10000,11722.177752026662
homogeneous_0,17,long_kg,20000,23372.357209166486
homogeneous_0,17,past_state_genie,20000,23372.357209166486
homogeneous_0,17,long_kg,30000,35093.65698357077
homogeneous_0,17,past_state_genie,30000,35093.65698357077
homogeneous_0,18,long_kg,1000,1146.3615155339894
homogeneous_0,18,past_state_genie,1000,1146.3615155339894
homogeneous_0,18,long_kg,2500,2942.6340284569433
homogeneous_0,18,past_state_genie,2500,2942.6340284569433
homogeneous_0,18,long_kg,5000,5846.374464442007
homogeneous_0,18,past_state_genie,5000,5846.374464442007
homogeneous_0,18,long_kg,10000,11709.773360082836
homogeneous_0,18,past_state_genie,10000,11709.773360082836
homogeneous_0,18,long_kg,20000,23206.23533539525
homogeneous_0,18,past_state_genie,20000,23206.23533539525
homogeneous_0,18,long_kg,30000,34767.54001049392
homogeneous_0,18,past_state_genie,30000,34767.54001049392
homogeneous_0,19,long_kg,1000,1171.253192624621
homogeneous_0,19,past_state_genie,1000,1171.253192624621
homogeneous_0,19,long_kg,2500,2898.70353886806
homogeneous_0,19,past_state_genie,2500,2898.70353886806
homogeneous_0,19,long_kg,5000,5776.868173144297
homogeneous_0,19,past_state_genie,5000,5776.868173144297
homogeneous_0,19,long_kg,10000,11638.429231859958
homogeneous_0,19,past_state_genie,10000,11638.429231859958
homogeneous_0,19,long_kg,20000,23256.35446633836
homogeneous_0,19,past_state_genie,20000,23256.35446633836
homogeneous_0,19,long_kg,30000,34827.27877398698
homogeneous_0,19,past_state_genie,30000,34827.27877398698
homogeneous_0,20,long_kg,1000,1141.023742037887
homogeneous_0,20,past_state_genie,1000,1141.023742037887
homogeneous_0,20,long_kg,2500,2920.8066325548302
homogeneous_0,20,past_state_genie,2500,2920.8066325548302
homogeneous_0,20,long_kg,5000,5738.838558051525
homogeneous_0,20,past_state_genie,5000,5738.838558051525
homogeneous_0,20,long_kg,10000,11528.866221641783
homogeneous_0,20,past_state_genie,10000,11528.866221641783
homogeneous_0,20,long_kg,20000,23005.09259989314
homogeneous_0,20,past_state_genie,20000,23005.09259989314
homogeneous_0,20,long_kg,30000,34588.201326409
homogeneous_0,20,past_state_genie,30000,34588.201326409
homogeneous_0,21,long_kg,1000,1142.6315652026617
homogeneous_0,21,past_state_genie,1000,1142.6315652026617
homogeneous_0,21,long_kg,2500,2973.9193709251917
homogeneous_0,21,past_state_genie,2500,2973.9193709251917
homogeneous_0,21,long_kg,5000,5835.770480961426
homogeneous_0,21,past_state_genie,5000,5835.770480961426
homogeneous_0,21,long_kg,10000,11612.834140119887
homogeneous_0,21,past_state_genie,10000,11612.834140119887
homogeneous_0,21,long_kg,20000,23206.787747813625
homogeneous_0,21,past_state_genie,20000,23206.787747813625
homogeneous_0,21,long_kg,30000,34827.46976939048
homogeneous_0,21,past_state_genie,30000,34827.46976939048
homogeneous_0,22,long_kg,1000,1191.3497212558789
homogeneous_0,22,past_state_genie,1000,1191.3497212558789
homogeneous_0,22,long_kg,2500,2954.8147837543993
homogeneous_0,22,past_state_genie,2500,2954.8147837543993
homogeneous_0,22,long_kg,5000,5907.870237734144
homogeneous_0,22,past_state_genie,5000,5907.870237734144
homogeneous_0,22,long_kg,10000,11762.623373489625
homogeneous_0,22,past_state_genie,10000,11762.623373489625
homogeneous_0,22,long_kg,20000,23343.134166679098
homogeneous_0,22,past_state_genie,20000,23343.134166679098
homogeneous_0,22,long_kg,30000,35077.22245726925
homogeneous_0,22,past_state_genie,30000,35077.22245726925
homogeneous_0,23,long_kg,1000,1135.6619688249334
homogeneous_0,23,past_state_genie,1000,1135.6619688249334
homogeneous_0,23,long_kg,2500,2832.5517972581442
homogeneous_0,23,past_state_genie,2500,2832.5517972581442
homogeneous_0,23,long_kg,5000,5663.521739600248
homogeneous_0,23,past_state_genie,5000,5663.521739600248
homogeneous_0,23,long_kg,10000,11512.845889636334
homogeneous_0,23,past_state_genie,10000,11512.845889636334
homogeneous_0,23,long_kg,20000,22996.33048550442
homogeneous_0,23,past_state_genie,20000,22996.33048550442
homogeneous_0,23,long_kg,30000,34773.4545506527
homogeneous_0,23,past_state_genie,30000,34773.4545506527
homogeneous_0,24,long_kg,1000,1156.4114717711136
homogeneous_0,24,past_state_genie,1000,1156.4114717711136
homogeneous_0,24,long_kg,2500,2935.3603432723767
homogeneous_0,24,past_state_genie,2500,2935.3603432723767
homogeneous_0,24,long_kg,5000,5800.037687106741
homogeneous_0,24,past_state_genie,5000,5800.037687106741
homogeneous_0,24,long_kg,10000,11621.348636114582
homogeneous_0,24,past_state_genie,10000,11621.348636114582
homogeneous_0,24,long_kg,20000,23264.69530217006
homogeneous_0,24,past_state_genie,20000,23264.69530217006
homogeneous_0,24,long_kg,30000,34924.08119708156
homogeneous_0,24,past_state_genie,30000,34924.08119708156
homogeneous_0,25,long_kg,1000,1158.1592667765199
homogeneous_0,25,past_state_genie,1000,1158.1592667765199
homogeneous_0,25,long_kg,2500,2845.9130004932213
homogeneous_0,25,past_state_genie,2500,2845.9130004932213
homogeneous_0,25,long_kg,5000,5700.613472835177
homogeneous_0,25,past_state_genie,5000,5700.613472835177
homogeneous_0,25,long_kg,10000,11614.402702955449
homogeneous_0,25,past_state_genie,10000,11614.402702955449
homogeneous_0,25,long_kg,20000,23134.996918549015
homogeneous_0,25,past_state_genie,20000,23134.996918549015
homogeneous_0,25,long_kg,30000,34801.671564300625
homogeneous_0,25,past_state_genie,30000,34801.671564300625
homogeneous_0,26,long_kg,1000,1137.4082054483993
homogeneous_0,26,past_state_genie,1000,1137.4082054483993
homogeneous_0,26,long_kg,2500,2910.016637092266
homogeneous_0,26,past_state_genie,2500,2910.016637092266
homogeneous_0,26,long_kg,5000,5819.981231487892
homogeneous_0,26,past_state_genie,5000,5819.981231487892
homogeneous_0,26,long_kg,10000,11575.22855805337
homogeneous_0,26,past_state_genie,10000,11575.22855805337
homogeneous_0,26,long_kg,20000,23195.057287269625
homogeneous_0,26,past_state_genie,20000,23195.057287269625
homogeneous_0,26,long_kg,30000,35001.76211838015
homogeneous_0,26,past_state_genie,30000,35001.76211838015
homogeneous_0,27,long_kg,1000,1148.2655544609622
homogeneous_0,27,past_state_genie,1000,1148.2655544609622
homogeneous_0,27,long_kg,2500,2900.785012446489
homogeneous_0,27,past_state_genie,2500,2900.785012446489
homogeneous_0,27,long_kg,5000,5791.080032535048
homogeneous_0,27,past_state_genie,5000,5791.080032535048
homogeneous_0,27,long_kg,10000,11630.328300511079
homogeneous_0,27,past_state_genie,10000,11630.328300511079
homogeneous_0,27,long_kg,20000,23112.418780253458
homogeneous_0,27,past_state_genie,20000,23112.418780253458
homogeneous_0,27,long_kg,30000,34841.632486850765
homogeneous_0,27,past_state_genie,30000,34841.632486850765
homogeneous_0,28,long_kg,1000,1178.7265956768235
homogeneous_0,28,past_state_genie,1000,1178.7265956768235
homogeneous_0,28,long_kg,2500,2934.2666278924744
homogeneous_0,28,past_state_genie,2500,2934.2666278924744
homogeneous_0,28,long_kg,5000,5844.874441189413
homogeneous_0,28,past_state_genie,5000,5844.874441189413
homogeneous_0,28,long_kg,10000,11698.724365738066
homogeneous_0,28,past_state_genie,10000,11698.724365738066
homogeneous_0,28,long_kg,20000,23434.210864206125
homogeneous_0,28,past_state_genie,20000,23434.210864206125
homogeneous_0,28,long_kg,30000,35068.8615017888
homogeneous_0,28,past_state_genie,30000,35068.8615017888
homogeneous_0,29,long_kg,1000,1160.2570303761768
homogeneous_0,29,past_state_genie,1000,1160.2570303761768
homogeneous_0,29,long_kg,2500,2941.3809226287103
homogeneous_0,29,past_state_genie,2500,2941.3809226287103
homogeneous_0,29,long_kg,5000,5864.04383591883
homogeneous_0,29,past_state_genie,5000,5864.04383591883
homogeneous_0,29,long_kg,10000,11706.862192738232
homogeneous_0,29,past_state_genie,10000,11706.862192738232
homogeneous_0,29,long_kg,20000,23236.662624328626
homogeneous_0,29,past_state_genie,20000,23236.662624328626
homogeneous_0,29,long_kg,30000,34941.35338009039
homogeneous_0,29,past_state_genie,30000,34941.35338009039
homogeneous_0,30,long_kg,1000,1206.8651618371493
homogeneous_0,30,past_state_genie,1000,1206.8651618371493
homogeneous_0,30,long_kg,2500,2982.9858655579283
homogeneous_0,30,past_state_genie,2500,2982.9858655579283
homogeneous_0,30,long_kg,5000,5920.336381392692
homogeneous_0,30,past_state_genie,5000,5920.336381392692
homogeneous_0,30,long_kg,10000,11775.47710737463
homogeneous_0,30,past_state_genie,10000,11775.47710737463
homogeneous_0,30,long_kg,20000,23536.39644336513
homogeneous_0,30,past_state_genie,20000,23536.39644336513
homogeneous_0,30,long_kg,30000,35210.505771534794
homogeneous_0,30,past_state_genie,30000,35210.505771534794
homogeneous_0,31,long_kg,1000,1170.4505647726162
homogeneous_0,31,past_state_genie,1000,1170.4505647726162
homogeneous_0,31,long_kg,2500,2988.533694459102
homogeneous_0,31,past_state_genie,2500,2988.533694459102
homogeneous_0,31,long_kg,5000,5846.804914912566
homogeneous_0,31,past_state_genie,5000,5846.804914912566
homogeneous_0,31,long_kg,10000,11511.163431386658
homogeneous_0,31,past_state_genie,10000,11511.163431386658
homogeneous_0,31,long_kg,20000,22960.208123781988
homogeneous_0,31,past_state_genie,20000,22960.208123781988
homogeneous_0,31,long_kg,30000,34523.7545254854
homogeneous_0,31,past_state_genie,30000,34523.7545254854
homogeneous_0,32,long_kg,1000,1187.8566244826795
homogeneous_0,32,past_state_genie,1000,1187.8566244826795
homogeneous_0,32,long_kg,2500,2943.9850370976155
homogeneous_0,32,past_state_genie,2500,2943.9850370976155
homogeneous_0,32,long_kg,5000,5913.476363224611
homogeneous_0,32,past_state_genie,5000,5913.476363224611
homogeneous_0,32,long_kg,10000,11670.18618341971
homogeneous_0,32,past_state_genie,10000,11670.18618341971
homogeneous_0,32,long_kg,20000,23231.467742748126
homogeneous_0,32,past_state_genie,20000,23231.467742748126
homogeneous_0,32,long_kg,30000,34973.992860220336
homogeneous_0,32,past_state_genie,30000,34973.992860220336
homogeneous_0,33,long_kg,1000,1208.7997125331506
homogeneous_0,33,past_state_genie,1000,1208.7997125331506
homogeneous_0,33,long_kg,2500,3014.215955033862
homogeneous_0,33,past_state_genie,2500,3014.215955033862
homogeneous_0,33,long_kg,5000,5852.927856469242
homogeneous_0,33,past_state_genie,5000,5852.927856469242
homogeneous_0,33,long_kg,10000,11695.885497639489
homogeneous_0,33,past_state_genie,10000,11695.885497639489
homogeneous_0,33,long_kg,20000,23459.714399124605
homogeneous_0,33,past_state_genie,20000,23459.714399124605
homogeneous_0,33,long_kg,30000,35108.68254333093
homogeneous_0,33,past_state_genie,30000,35108.68254333093
homogeneous_0,34,long_kg,1000,1134.3023537418865
homogeneous_0,34,past_state_genie,1000,1134.3023537418865
homogeneous_0,34,long_kg,2500,2833.465536578465
homogeneous_0,34,past_state_genie,2500,2833.465536578465
homogeneous_0,34,long_kg,5000,5733.8641076658105
homogeneous_0,34,past_state_genie,5000,5733.8641076658105
homogeneous_0,34,long_kg,10000,11593.576167267558
homogeneous_0,34,past_state_genie,10000,11593.576167267558
homogeneous_0,34,long_kg,20000,23366.272102618255
homogeneous_0,34,past_state_genie,20000,23366.272102618255
homogeneous_0,34,long_kg,30000,35011.80267163152
homogeneous_0,34,past_state_genie,30000,35011.80267163152
homogeneous_0,35,long_kg,1000,1082.4350004573757
homogeneous_0,35,past_state_genie,1000,1082.4350004573757
homogeneous_0,35,long_kg,2500,2836.793792237705
homogeneous_0,35,past_state_genie,2500,2836.793792237705
homogeneous_0,35,long_kg,5000,5792.427873631554
homogeneous_0,35,past_state_genie,5000,5792.427873631554
homogeneous_0,35,long_kg,10000,11457.348571139084
homogeneous_0,35,past_state_genie,10000,11457.348571139084
homogeneous_0,35,long_kg,20000,23272.04747073355
homogeneous_0,35,past_state_genie,20000,23272.04747073355
homogeneous_0,35,long_kg,30000,34716.02816232671
homogeneous_0,35,past_state_genie,30000,34716.02816232671
homogeneous_0,36,long_kg,1000,1143.6558946974435
homogeneous_0,36,past_state_genie,1000,1143.6558946974435
homogeneous_0,36,long_kg,2500,2951.314798264573
homogeneous_0,36,past_state_genie,2500,2951.314798264573
homogeneous_0,36,long_kg,5000,5880.068348880987
homogeneous_0,36,past_state_genie,5000,5880.068348880987
homogeneous_0,36,long_kg,10000,11792.149910864235
homogeneous_0,36,past_state_genie,10000,11792.149910864235
homogeneous_0,36,long_kg,20000,23253.972574797357
homogeneous_0,36,past_state_genie,20000,23253.972574797357
homogeneous_0,36,long_kg,30000,34854.110569095865
homogeneous_0,36,past_state_genie,30000,34854.110569095865
homogeneous_0,37,long_kg,1000,1192.8601484544263
homogeneous_0,37,past_state_genie,1000,1192.8601484544263
homogeneous_0,37,long_kg,2500,2928.4370541683675
homogeneous_0,37,past_state_genie,2500,2928.4370541683675
homogeneous_0,37,long_kg,5000,5911.518732426356
homogeneous_0,37,past_state_genie,5000,5911.518732426356
homogeneous_0,37,long_kg,10000,11628.454463249687
homogeneous_0,37,past_state_genie,10000,11628.454463249687
homogeneous_0,37,long_kg,20000,23158.30677378205
homogeneous_0,37,past_state_genie,20000,23158.30677378205
homogeneous_0,37,long_kg,30000,34751.27368762068
homogeneous_0,37,past_state_genie,30000,34751.27368762068
homogeneous_0,38,long_kg,1000,1205.8241068194247
homogeneous_0,38,past_state_genie,1000,1205.8241068194247
homogeneous_0,38,long_kg,2500,2914.9107158210822
homogeneous_0,38,past_state_genie,2500,2914.9107158210822
homogeneous_0,38,long_kg,5000,5771.6696260278395
homogeneous_0,38,past_state_genie,5000,5771.6696260278395
homogeneous_0,38,long_kg,10000,11571.196199187812
homogeneous_0,38,past_state_genie,10000,11571.196199187812
homogeneous_0,38,long_kg,20000,23149.658741773896
homogeneous_0,38,past_state_genie,20000,23149.658741773896
homogeneous_0,38,long_kg,30000,34637.66932611681
homogeneous_0,38,past_state_genie,30000,34637.66932611681
homogeneous_0,39,long_kg,1000,1177.3533264345651
homogeneous_0,39,past_state_genie,1000,1177.3533264345651
homogeneous_0,39,long_kg,2500,2894.779038916385
homogeneous_0,39,past_state_genie,2500,2894.779038916385
homogeneous_0,39,long_kg,5000,5884.678223818137
homogeneous_0,39,past_state_genie,5000,5884.678223818137
homogeneous_0,39,long_kg,10000,11749.195871844728
homogeneous_0,39,past_state_genie,10000,11749.195871844728
homogeneous_0,39,long_kg,20000,23318.860116738124
homogeneous_0,39,past_state_genie,20000,23318.860116738124
homogeneous_0,39,long_kg,30000,35005.51753552985
homogeneous_0,39,past_state_genie,30000,35005.51753552985
homogeneous_0.5,0,long_kg,1000,916.3608931352646
homogeneous_0.5,0,past_state_genie,1000,565.6876935634754
homogeneous_0.5,0,long_kg,2500,2229.8312429993466
homogeneous_0.5,0,past_state_genie,2500,1433.9352551588188
homogeneous_0.5,0,long_kg,5000,4397.012672770286
homogeneous_0.5,0,past_state_genie,5000,2856.5583323512656
homogeneous_0.5,0,long_kg,10000,8877.498280815938
homogeneous_0.5,0,past_state_genie,10000,5751.119165888535
homogeneous_0.5,0,long_kg,20000,17771.654299789552
homogeneous_0.5,0,past_state_genie,20000,11569.533987829009
homogeneous_0.5,0,long_kg,30000,26760.343502819636
homogeneous_0.5,0,past_state_genie,30000,17308.69477646719
homogeneous_0.5,1,long_kg,1000,919.3813009738296
homogeneous_0.5,1,past_state_genie,1000,601.2213303305963
homogeneous_0.5,1,long_kg,2500,2279.264453258608
homogeneous_0.5,1,past_state_genie,2500,1430.1146893924997
homogeneous_0.5,1,long_kg,5000,4545.394346502048
homogeneous_0.5,1,past_state_genie,5000,2884.9324526878477
homogeneous_0.5,1,long_kg,10000,9035.03607749018
homogeneous_0.5,1,past_state_genie,10000,5825.213339133671
homogeneous_0.5,1,long_kg,20000,17984.046532286222
homogeneous_0.5,1,past_state_genie,20000,11631.007143588444
homogeneous_0.5,1,long_kg,30000,26943.018558912034
homogeneous_0.5,1,past_state_genie,30000,17478.28017817698
homogeneous_0.5,2,long_kg,1000,870.6166578294137
homogeneous_0.5,2,past_state_genie,1000,578.9163919214723
homogeneous_0.5,2,long_kg,2500,2168.2183686694216
homogeneous_0.5,2,past_state_genie,2500,1451.721991638421
homogeneous_0.5,2,long_kg,5000,4427.88835408272
homogeneous_0.5,2,past_state_genie,5000,2955.1170285738353
homogeneous_0.5,2,long_kg,10000,9001.222071556806
homogeneous_0.5,2,past_state_genie,10000,5892.410305916798
homogeneous_0.5,2,long_kg,20000,17786.7464503799
homogeneous_0.5,2,past_state_genie,20000,11521.624481595685
homogeneous_0.5,2,long_kg,30000,26959.284051913204
homogeneous_0.5,2,past_state_genie,30000,17404.53406223513
homogeneous_0.5,3,long_kg,1000,886.4260797892347
homogeneous_0.5,3,past_state_genie,1000,560.4475605662159
homogeneous_0.5,3,long_kg,2500,2223.2910359928364
homogeneous_0.5,3,past_state_genie,2500,1444.7075926651303
homogeneous_0.5,3,long_kg,5000,4430.635423858664
homogeneous_0.5,3,past_state_genie,5000,2911.3098734823684
homogeneous_0.5,3,long_kg,10000,8823.298821489685
homogeneous_0.5,3,past_state_genie,10000,5750.963313396645
homogeneous_0.5,3,long_kg,20000,17715.70702046235
homogeneous_0.5,3,past_state_genie,20000,11613.366543707758
homogeneous_0.5,3,long_kg,30000,26710.32093091089
homogeneous_0.5,3,past_state_genie,30000,17454.55662671671
homogeneous_0.5,4,long_kg,1000,924.0057214961995
homogeneous_0.5,4,past_state_genie,1000,587.7353933291201
homogeneous_0.5,4,long_kg,2500,2223.938079516605
homogeneous_0.5,4,past_state_genie,2500,1430.8936222814316
homogeneous_0.5,4,long_kg,5000,4517.490691266074
homogeneous_0.5,4,past_state_genie,5000,2938.465248766463
homogeneous_0.5,4,long_kg,10000,9035.181357762232
homogeneous_0.5,4,past_state_genie,10000,5810.453730375439
homogeneous_0.5,4,long_kg,20000,17856.802394020786
homogeneous_0.5,4,past_state_genie,20000,11656.874019204744
homogeneous_0.5,4,long_kg,30000,26790.516363683717
homogeneous_0.5,4,past_state_genie,30000,17353.205129042624
homogeneous_0.5,5,long_kg,1000,905.9267980262005
homogeneous_0.5,5,past_state_genie,1000,555.7438646019164
homogeneous_0.5,5,long_kg,2500,2185.969893360302
homogeneous_0.5,5,past_state_genie,2500,1456.2148960368786
homogeneous_0.5,5,long_kg,5000,4439.407508512078
homogeneous_0.5,5,past_state_genie,5000,2899.8167754066267
homogeneous_0.5,5,long_kg,10000,8871.657021980509
homogeneous_0.5,5,past_state_genie,10000,5794.722128490522
homogeneous_0.5,5,long_kg,20000,17820.808696318018
homogeneous_0.5,5,past_state_genie,20000,11517.68916608445
homogeneous_0.5,5,long_kg,30000,26598.90780444136
homogeneous_0.5,5,past_state_genie,30000,17332.731792967934
homogeneous_0.5,6,long_kg,1000,878.6352549593659
homogeneous_0.5,6,past_state_genie,1000,560.0837386891633
homogeneous_0.5,6,long_kg,2500,2217.784643585736
homogeneous_0.5,6,past_state_genie,2500,1468.1762678370812
homogeneous_0.5,6,long_kg,5000,4448.3887245618635
homogeneous_0.5,6,past_state_genie,5000,2908.9198204229924
homogeneous_0.5,6,long_kg,10000,8860.521868625636
homogeneous_0.5,6,past_state_genie,10000,5987.850740398125
homogeneous_0.5,6,long_kg,20000,17742.505962143954
homogeneous_0.5,6,past_state_genie,20000,11873.49507992891
homogeneous_0.5,6,long_kg,30000,26821.99381291781
homogeneous_0.5,6,past_state_genie,30000,17690.66952148149
homogeneous_0.5,7,long_kg,1000,843.8346827311152
homogeneous_0.5,7,past_state_genie,1000,577.5878525092188
homogeneous_0.5,7,long_kg,2500,2221.0069664693865
homogeneous_0.5,7,past_state_genie,2500,1454.4234259038924
homogeneous_0.5,7,long_kg,5000,4386.784697084613
homogeneous_0.5,7,past_state_genie,5000,2903.5493066379454
homogeneous_0.5,7,long_kg,10000,8799.635831640051
homogeneous_0.5,7,past_state_genie,10000,5857.708589726856
homogeneous_0.5,7,long_kg,20000,17711.925405995287
homogeneous_0.5,7,past_state_genie,20000,11741.173073266089
homogeneous_0.5,7,long_kg,30000,26533.397668491318
homogeneous_0.5,7,past_state_genie,30000,17491.376956811484
homogeneous_0.5,8,long_kg,1000,888.4293785139715
homogeneous_0.5,8,past_state_genie,1000,588.8185829540859
homogeneous_0.5,8,long_kg,2500,2224.397097303649
homogeneous_0.5,8,past_state_genie,2500,1424.1801212432147
homogeneous_0.5,8,long_kg,5000,4477.7740736151745
homogeneous_0.5,8,past_state_genie,5000,2968.656942338399
homogeneous_0.5,8,long_kg,10000,9037.983499831147
homogeneous_0.5,8,past_state_genie,10000,5852.926990220185
homogeneous_0.5,8,long_kg,20000,17881.45929503706
homogeneous_0.5,8,past_state_genie,20000,11727.165350957232
homogeneous_0.5,8,long_kg,30000,26747.32875709619
homogeneous_0.5,8,past_state_genie,30000,17483.30614000306
homogeneous_0.5,9,long_kg,1000,885.1872510841705
homogeneous_0.5,9,past_state_genie,1000,582.7989126843453
homogeneous_0.5,9,long_kg,2500,2258.139457920084
homogeneous_0.5,9,past_state_genie,2500,1456.6658210063997
homogeneous_0.5,9,long_kg,5000,4533.166642457674
homogeneous_0.5,9,past_state_genie,5000,2983.9091848484695
homogeneous_0.5,9,long_kg,10000,9048.874541808129
homogeneous_0.5,9,past_state_genie,10000,5964.804644522742
homogeneous_0.5,9,long_kg,20000,18018.211808270346
homogeneous_0.5,9,past_state_genie,20000,11790.60354003001
homogeneous_0.5,9,long_kg,30000,26959.41255923803
homogeneous_0.5,9,past_state_genie,30000,17541.060304490515
homogeneous_0.5,10,long_kg,1000,913.361477249713
homogeneous_0.5,10,past_state_genie,1000,589.0147198033503
homogeneous_0.5,10,long_kg,2500,2271.9070681167614
homogeneous_0.5,10,past_state_genie,2500,1471.569771415585
homogeneous_0.5,10,long_kg,5000,4444.100700851254
homogeneous_0.5,10,past_state_genie,5000,2917.9405484991485
homogeneous_0.5,10,long_kg,10000,9047.905528062971
homogeneous_0.5,10,past_state_genie,10000,5797.001895275473
homogeneous_0.5,10,long_kg,20000,17902.705147869692
homogeneous_0.5,10,past_state_genie,20000,11696.645947205016
homogeneous_0.5,10,long_kg,30000,27021.74428210705
homogeneous_0.5,10,past_state_genie,30000,17561.549093761703
homogeneous_0.5,11,long_kg,1000,912.9374425035634
homogeneous_0.5,11,past_state_genie,1000,547.1812971407735
homogeneous_0.5,11,long_kg,2500,2220.3881858427526
homogeneous_0.5,11,past_state_genie,2500,1415.437717599755
homogeneous_0.5,11,long_kg,5000,4445.0580259114995
homogeneous_0.5,11,past_state_genie,5000,2884.1426759206606
homogeneous_0.5,11,long_kg,10000,8876.508809907984
homogeneous_0.5,11,past_state_genie,10000,5770.32082382864
homogeneous_0.5,11,long_kg,20000,17871.758786404185
homogeneous_0.5,11,past_state_genie,20000,11681.86110332356
homogeneous_0.5,11,long_kg,30000,26887.10564814239
homogeneous_0.5,11,past_state_genie,30000,17497.02853571087
homogeneous_0.5,12,long_kg,1000,930.442331044382
homogeneous_0.5,12,past_state_genie,1000,592.8465234858958
homogeneous_0.5,12,long_kg,2500,2240.646541336497
homogeneous_0.5,12,past_state_genie,2500,1472.616574537655
homogeneous_0.5,12,long_kg,5000,4484.710396913493
homogeneous_0.5,12,past_state_genie,5000,2961.1299089511513
homogeneous_0.5,12,long_kg,10000,8968.61705901839
homogeneous_0.5,12,past_state_genie,10000,5912.568100765873
homogeneous_0.5,12,long_kg,20000,17979.279437295776
homogeneous_0.5,12,past_state_genie,20000,11684.303781146096
homogeneous_0.5,12,long_kg,30000,26912.297328291435
homogeneous_0.5,12,past_state_genie,30000,17523.628414198167
homogeneous_0.5,13,long_kg,1000,855.2887589301861
homogeneous_0.5,13,past_state_genie,1000,570.6224203975698
homogeneous_0.5,13,long_kg,2500,2214.2114652229448
homogeneous_0.5,13,past_state_genie,2500,1436.2701892062066
homogeneous_0.5,13,long_kg,5000,4451.534605184652
homogeneous_0.5,13,past_state_genie,5000,2929.4469435766705
homogeneous_0.5,13,long_kg,10000,8787.089831677311
homogeneous_0.5,13,past_state_genie,10000,5874.5107657355
homogeneous_0.5,13,long_kg,20000,17770.681011100754
homogeneous_0.5,13,past_state_genie,20000,11718.125297868948
homogeneous_0.5,13,long_kg,30000,26721.827131048638
homogeneous_0.5,13,past_state_genie,30000,17578.487977987712
homogeneous_0.5,14,long_kg,1000,908.7418351559504
homogeneous_0.5,14,past_state_genie,1000,588.0735936956216
homogeneous_0.5,14,long_kg,2500,2267.569873029221
homogeneous_0.5,14,past_state_genie,2500,1455.0432414926652
homogeneous_0.5,14,long_kg,5000,4532.316322264914
homogeneous_0.5,14,past_state_genie,5000,2984.6668497598052
homogeneous_0.5,14,long_kg,10000,8975.674100267506
homogeneous_0.5,14,past_state_genie,10000,5863.821335383891
homogeneous_0.5,14,long_kg,20000,18052.022893929057
homogeneous_0.5,14,past_state_genie,20000,11742.954760414867
homogeneous_0.5,14,long_kg,30000,27121.80302339007
homogeneous_0.5,14,past_state_genie,30000,17497.279156726087
homogeneous_0.5,15,long_kg,1000,948.0626413884447
homogeneous_0.5,15,past_state_genie,1000,569.0311034256414
homogeneous_0.5,15,long_kg,2500,2323.7206166572496
homogeneous_0.5,15,past_state_genie,2500,1441.8009357046215
homogeneous_0.5,15,long_kg,5000,4628.6895318242505
homogeneous_0.5,15,past_state_genie,5000,2894.6987200203357
homogeneous_0.5,15,long_kg,10000,9163.575278158361
homogeneous_0.5,15,past_state_genie,10000,5791.888334118355
homogeneous_0.5,15,long_kg,20000,18001.526298334444
homogeneous_0.5,15,past_state_genie,20000,11624.274792346307
homogeneous_0.5,15,long_kg,30000,27146.36469527649
homogeneous_0.5,15,past_state_genie,30000,17470.24367293496
homogeneous_0.5,16,long_kg,1000,890.0845016535998
homogeneous_0.5,16,past_state_genie,1000,580.4142389223007
homogeneous_0.5,16,long_kg,2500,2224.413030242226
homogeneous_0.5,16,past_state_genie,2500,1426.7206642822746
homogeneous_0.5,16,long_kg,5000,4437.430672960241
homogeneous_0.5,16,past_state_genie,5000,2885.9740691331413
homogeneous_0.5,16,long_kg,10000,8790.032153664486
homogeneous_0.5,16,past_state_genie,10000,5692.835621118638
homogeneous_0.5,16,long_kg,20000,17844.576334412304
homogeneous_0.5,16,past_state_genie,20000,11552.668613376316
homogeneous_0.5,16,long_kg,30000,27028.33440381654
homogeneous_0.5,16,past_state_genie,30000,17482.271185112997
homogeneous_0.5,17,long_kg,1000,924.5258592488251
homogeneous_0.5,17,past_state_genie,1000,550.7658145282232
homogeneous_0.5,17,long_kg,2500,2299.9650304930356
homogeneous_0.5,17,past_state_genie,2500,1437.769617805919
homogeneous_0.5,17,long_kg,5000,4469.330182510931
homogeneous_0.5,17,past_state_genie,5000,2891.585801205985
homogeneous_0.5,17,long_kg,10000,8834.450066549476
homogeneous_0.5,17,past_state_genie,10000,5714.78692451464
homogeneous_0.5,17,long_kg,20000,17673.74638262254
homogeneous_0.5,17,past_state_genie,20000,11515.14132904429
homogeneous_0.5,17,long_kg,30000,26485.777134290536
homogeneous_0.5,17,past_state_genie,30000,17362.0732183136
homogeneous_0.5,18,long_kg,1000,851.0813857844104
homogeneous_0.5,18,past_state_genie,1000,531.7462283001698
homogeneous_0.5,18,long_kg,2500,2177.163507009924
homogeneous_0.5,18,past_state_genie,2500,1436.1950156514774
homogeneous_0.5,18,long_kg,5000,4448.746941028949
homogeneous_0.5,18,past_state_genie,5000,2986.7935795586927
homogeneous_0.5,18,long_kg,10000,8888.774593870674
homogeneous_0.5,18,past_state_genie,10000,5904.549419625297
homogeneous_0.5,18,long_kg,20000,17699.416521310195
homogeneous_0.5,18,past_state_genie,20000,11710.751105417981
homogeneous_0.5,18,long_kg,30000,26565.085448730642
homogeneous_0.5,18,past_state_genie,30000,17476.66465719044
homogeneous_0.5,19,long_kg,1000,874.8987740780216
homogeneous_0.5,19,past_state_genie,1000,569.2917368534643
homogeneous_0.5,19,long_kg,2500,2242.3976183679665
homogeneous_0.5,19,past_state_genie,2500,1401.1541125720978
homogeneous_0.5,19,long_kg,5000,4413.412621940397
homogeneous_0.5,19,past_state_genie,5000,2850.965133279669
homogeneous_0.5,19,long_kg,10000,8704.506306802974
homogeneous_0.5,19,past_state_genie,10000,5723.3224301411565
homogeneous_0.5,19,long_kg,20000,17727.444025193054
homogeneous_0.5,19,past_state_genie,20000,11651.644765349538
homogeneous_0.5,19,long_kg,30000,26708.606663167975
homogeneous_0.5,19,past_state_genie,30000,17498.543805029916
homogeneous_0.5,20,long_kg,1000,844.7233119390833
homogeneous_0.5,20,past_state_genie,1000,574.4142950292074
homogeneous_0.5,20,long_kg,2500,2227.4708944982694
homogeneous_0.5,20,past_state_genie,2500,1421.932225313758
homogeneous_0.5,20,long_kg,5000,4404.395418161265
homogeneous_0.5,20,past_state_genie,5000,2862.7234142179655
homogeneous_0.5,20,long_kg,10000,8841.021671650296
homogeneous_0.5,20,past_state_genie,10000,5749.032013929147
homogeneous_0.5,20,long_kg,20000,17807.489996379216
homogeneous_0.5,20,past_state_genie,20000,11402.28811110244
homogeneous_0.5,20,long_kg,30000,26667.530574363034
homogeneous_0.5,20,past_state_genie,30000,17150.591949880036
homogeneous_0.5,21,long_kg,1000,893.5963852401678
homogeneous_0.5,21,past_state_genie,1000,589.9464289418605
homogeneous_0.5,21,long_kg,2500,2223.020687567668
homogeneous_0.5,21,past_state_genie,2500,1488.1800034996274
homogeneous_0.5,21,long_kg,5000,4475.985354966834
homogeneous_0.5,21,past_state_genie,5000,2961.8385550984253
homogeneous_0.5,21,long_kg,10000,9056.528930194885
homogeneous_0.5,21,past_state_genie,10000,5892.128003495212
homogeneous_0.5,21,long_kg,20000,17875.426081712572
homogeneous_0.5,21,past_state_genie,20000,11872.260698394612
homogeneous_0.5,21,long_kg,30000,26938.572087272147
homogeneous_0.5,21,past_state_genie,30000,17748.155883248055
homogeneous_0.5,22,long_kg,1000,900.496963822116
homogeneous_0.5,22,past_state_genie,1000,571.4546163957576
homogeneous_0.5,22,long_kg,2500,2252.0840890865948
homogeneous_0.5,22,past_state_genie,2500,1405.3770302472328
homogeneous_0.5,22,long_kg,5000,4397.282010631403
homogeneous_0.5,22,past_state_genie,5000,2873.162508249781
homogeneous_0.5,22,long_kg,10000,8992.351365529337
homogeneous_0.5,22,past_state_genie,10000,5779.1267404923865
homogeneous_0.5,22,long_kg,20000,17829.13580218516
homogeneous_0.5,22,past_state_genie,20000,11486.138982151067
homogeneous_0.5,22,long_kg,30000,26739.426811019584
homogeneous_0.5,22,past_state_genie,30000,17294.468731525143
homogeneous_0.5,23,long_kg,1000,879.8070268306537
homogeneous_0.5,23,past_state_genie,1000,581.6582952330476
homogeneous_0.5,23,long_kg,2500,2227.9856478654256
homogeneous_0.5,23,past_state_genie,2500,1434.706355413054
homogeneous_0.5,23,long_kg,5000,4489.608614887959
homogeneous_0.5,23,past_state_genie,5000,2833.047637184245
homogeneous_0.5,23,long_kg,10000,8953.803911320163
homogeneous_0.5,23,past_state_genie,10000,5689.161380373215
homogeneous_0.5,23,long_kg,20000,17797.514594532546
homogeneous_0.5,23,past_state_genie,20000,11479.76255122487
homogeneous_0.5,23,long_kg,30000,26824.662853225982
homogeneous_0.5,23,past_state_genie,30000,17352.958417114052
homogeneous_0.5,24,long_kg,1000,907.8967738642733
homogeneous_0.5,24,past_state_genie,1000,602.3931696396701
homogeneous_0.5,24,long_kg,2500,2283.565840203466
homogeneous_0.5,24,past_state_genie,2500,1552.5965727178177
homogeneous_0.5,24,long_kg,5000,4439.158525360416
homogeneous_0.5,24,past_state_genie,5000,3005.434980043943
homogeneous_0.5,24,long_kg,10000,8874.116801214337
homogeneous_0.5,24,past_state_genie,10000,5880.17176663082
homogeneous_0.5,24,long_kg,20000,17740.88437414853
homogeneous_0.5,24,past_state_genie,20000,11698.925622764695
homogeneous_0.5,24,long_kg,30000,26711.998694772774
homogeneous_0.5,24,past_state_genie,30000,17443.18290240933
homogeneous_0.5,25,long_kg,1000,896.5960238240081
homogeneous_0.5,25,past_state_genie,1000,563.1787117723451
homogeneous_0.5,25,long_kg,2500,2226.1686050230187
homogeneous_0.5,25,past_state_genie,2500,1439.6242322243065
homogeneous_0.5,25,long_kg,5000,4499.133317861508
homogeneous_0.5,25,past_state_genie,5000,2908.6895909073583
homogeneous_0.5,25,long_kg,10000,9050.534747548207
homogeneous_0.5,25,past_state_genie,10000,5800.880304870667
homogeneous_0.5,25,long_kg,20000,18122.63308536837
homogeneous_0.5,25,past_state_genie,20000,11513.192753420035
homogeneous_0.5,25,long_kg,30000,27086.169276894125
homogeneous_0.5,25,past_state_genie,30000,17374.82945572543
homogeneous_0.5,26,long_kg,1000,903.8550702877181
homogeneous_0.5,26,past_state_genie,1000,565.2327515572211
homogeneous_0.5,26,long_kg,2500,2167.460234242057
homogeneous_0.5,26,past_state_genie,2500,1466.4708449226362
homogeneous_0.5,26,long_kg,5000,4340.454129243153
homogeneous_0.5,26,past_state_genie,5000,2900.087778926513
homogeneous_0.5,26,long_kg,10000,8739.693263264953
homogeneous_0.5,26,past_state_genie,10000,5753.006774074547
homogeneous_0.5,26,long_kg,20000,17874.831175592943
homogeneous_0.5,26,past_state_genie,20000,11667.036086108528
homogeneous_0.5,26,long_kg,30000,26810.505530676393
homogeneous_0.5,26,past_state_genie,30000,17597.839928296715
homogeneous_0.5,27,long_kg,1000,890.7349086161154
homogeneous_0.5,27,past_state_genie,1000,550.5632921851616
homogeneous_0.5,27,long_kg,2500,2257.3878218790996
homogeneous_0.5,27,past_state_genie,2500,1484.3534516667942
homogeneous_0.5,27,long_kg,5000,4456.3341866933615
homogeneous_0.5,27,past_state_genie,5000,2862.929961034499
homogeneous_0.5,27,long_kg,10000,8909.296394009438
homogeneous_0.5,27,past_state_genie,10000,5749.631062106625
homogeneous_0.5,27,long_kg,20000,17626.150780139742
homogeneous_0.5,27,past_state_genie,20000,11515.051491136715
homogeneous_0.5,27,long_kg,30000,26422.07833446319
homogeneous_0.5,27,past_state_genie,30000,17344.578976879904
homogeneous_0.5,28,long_kg,1000,967.1643449273853
homogeneous_0.5,28,past_state_genie,1000,626.287384917767
homogeneous_0.5,28,long_kg,2500,2325.507269862387
homogeneous_0.5,28,past_state_genie,2500,1539.178596778913
homogeneous_0.5,28,long_kg,5000,4586.340380165162
homogeneous_0.5,28,past_state_genie,5000,3077.0332576865812
homogeneous_0.5,28,long_kg,10000,9223.30861059564
homogeneous_0.5,28,past_state_genie,10000,6078.62128687453
homogeneous_0.5,28,long_kg,20000,18095.07334435161
homogeneous_0.5,28,past_state_genie,20000,11883.340561333123
homogeneous_0.5,28,long_kg,30000,26885.086637133973
homogeneous_0.5,28,past_state_genie,30000,17741.54945127136
homogeneous_0.5,29,long_kg,1000,878.5746515220741
homogeneous_0.5,29,past_state_genie,1000,567.6868484087781
homogeneous_0.5,29,long_kg,2500,2189.8128347395764
homogeneous_0.5,29,past_state_genie,2500,1387.2784394183361
homogeneous_0.5,29,long_kg,5000,4587.607610447663
homogeneous_0.5,29,past_state_genie,5000,2862.808543897623
homogeneous_0.5,29,long_kg,10000,9027.00045200753
homogeneous_0.5,29,past_state_genie,10000,5859.947965898233
homogeneous_0.5,29,long_kg,20000,17998.403881584865
homogeneous_0.5,29,past_state_genie,20000,11674.273221606763
homogeneous_0.5,29,long_kg,30000,26894.39796296485
homogeneous_0.5,29,past_state_genie,30000,17430.42411839387
homogeneous_0.5,30,long_kg,1000,909.2682485181834
homogeneous_0.5,30,past_state_genie,1000,551.7815366394776
homogeneous_0.5,30,long_kg,2500,2232.401697430314
homogeneous_0.5,30,past_state_genie,2500,1416.0210665967986
homogeneous_0.5,30,long_kg,5000,4522.288786818222
homogeneous_0.5,30,past_state_genie,5000,2942.4896741099797
homogeneous_0.5,30,long_kg,10000,8903.188213716416
homogeneous_0.5,30,past_state_genie,10000,5802.066182140051
homogeneous_0.5,30,long_kg,20000,17791.443988751835
homogeneous_0.5,30,past_state_genie,20000,11612.12281869288
homogeneous_0.5,30,long_kg,30000,26731.830889113462
homogeneous_0.5,30,past_state_genie,30000,17568.814644363476
homogeneous_0.5,31,long_kg,1000,874.3694095342289
homogeneous_0.5,31,past_state_genie,1000,578.0464405561496
homogeneous_0.5,31,long_kg,2500,2270.961496296626
homogeneous_0.5,31,past_state_genie,2500,1443.6621771464102
homogeneous_0.5,31,long_kg,5000,4520.958242342792
homogeneous_0.5,31,past_state_genie,5000,2906.5358195330905
homogeneous_0.5,31,long_kg,10000,8968.62743128852
homogeneous_0.5,31,past_state_genie,10000,5732.234343985025
homogeneous_0.5,31,long_kg,20000,18051.820516161348
homogeneous_0.5,31,past_state_genie,20000,11535.859845447203
homogeneous_0.5,31,long_kg,30000,26833.157899985832
homogeneous_0.5,31,past_state_genie,30000,17315.40141631702
homogeneous_0.5,32,long_kg,1000,912.8630539016909
homogeneous_0.5,32,past_state_genie,1000,603.5278970618073
homogeneous_0.5,32,long_kg,2500,2275.741149774136
homogeneous_0.5,32,past_state_genie,2500,1495.124645139553
homogeneous_0.5,32,long_kg,5000,4546.964040505206
homogeneous_0.5,32,past_state_genie,5000,2995.5879606312233
homogeneous_0.5,32,long_kg,10000,9048.379820155056
homogeneous_0.5,32,past_state_genie,10000,5887.176036488569
homogeneous_0.5,32,long_kg,20000,17901.84228102121
homogeneous_0.5,32,past_state_genie,20000,11684.060026094425
homogeneous_0.5,32,long_kg,30000,27055.668955529774
homogeneous_0.5,32,past_state_genie,30000,17483.8808484084
homogeneous_0.5,33,long_kg,1000,823.4014780109943
homogeneous_0.5,33,past_state_genie,1000,561.0475333884868
homogeneous_0.5,33,long_kg,2500,2125.6429585582114
homogeneous_0.5,33,past_state_genie,2500,1425.6759989419936
homogeneous_0.5,33,long_kg,5000,4396.620867829689
homogeneous_0.5,33,past_state_genie,5000,2850.5185234757255
homogeneous_0.5,33,long_kg,10000,8835.312259875736
homogeneous_0.5,33,past_state_genie,10000,5751.195644399838
homogeneous_0.5,33,long_kg,20000,17779.222515283513
homogeneous_0.5,33,past_state_genie,20000,11600.05080074744
homogeneous_0.5,33,long_kg,30000,26648.038738083986
homogeneous_0.5,33,past_state_genie,30000,17500.41098725362
homogeneous_0.5,34,long_kg,1000,897.7344180678093
homogeneous_0.5,34,past_state_genie,1000,627.3539867486143
homogeneous_0.5,34,long_kg,2500,2218.588573954978
homogeneous_0.5,34,past_state_genie,2500,1480.5956938213462
homogeneous_0.5,34,long_kg,5000,4444.093747568369
homogeneous_0.5,34,past_state_genie,5000,2907.5907852020287
homogeneous_0.5,34,long_kg,10000,8880.477707554266
homogeneous_0.5,34,past_state_genie,10000,5808.715485277057
homogeneous_0.5,34,long_kg,20000,17799.23483714655
homogeneous_0.5,34,past_state_genie,20000,11642.255222316344
homogeneous_0.5,34,long_kg,30000,26722.59944506747
homogeneous_0.5,34,past_state_genie,30000,17543.975803550347
homogeneous_0.5,35,long_kg,1000,910.8037268465056
homogeneous_0.5,35,past_state_genie,1000,592.3434903729923
homogeneous_0.5,35,long_kg,2500,2266.903838049248
homogeneous_0.5,35,past_state_genie,2500,1475.8627018622162
homogeneous_0.5,35,long_kg,5000,4509.963042477628
homogeneous_0.5,35,past_state_genie,5000,2911.8070906346143
homogeneous_0.5,35,long_kg,10000,8854.480576389591
homogeneous_0.5,35,past_state_genie,10000,5826.2670135064145
homogeneous_0.5,35,long_kg,20000,17826.377386787197
homogeneous_0.5,35,past_state_genie,20000,11632.642016859265
homogeneous_0.5,35,long_kg,30000,26675.168869230372
homogeneous_0.5,35,past_state_genie,30000,17402.810349543164
homogeneous_0.5,36,long_kg,1000,876.6782386242074
homogeneous_0.5,36,past_state_genie,1000,578.33669939258
homogeneous_0.5,36,long_kg,2500,2100.255285362202
homogeneous_0.5,36,past_state_genie,2500,1447.271179900128
homogeneous_0.5,36,long_kg,5000,4466.185286994667
homogeneous_0.5,36,past_state_genie,5000,2850.115678207067
homogeneous_0.5,36,long_kg,10000,8985.464063043895
homogeneous_0.5,36,past_state_genie,10000,5786.144100366784
homogeneous_0.5,36,long_kg,20000,17854.814198584936
homogeneous_0.5,36,past_state_genie,20000,11623.967748784115
homogeneous_0.5,36,long_kg,30000,26902.862089638766
homogeneous_0.5,36,past_state_genie,30000,17394.6091079966
homogeneous_0.5,37,long_kg,1000,865.1328897664971
homogeneous_0.5,37,past_state_genie,1000,556.004845749434
homogeneous_0.5,37,long_kg,2500,2159.4171549917855
homogeneous_0.5,37,past_state_genie,2500,1386.57914058707
homogeneous_0.5,37,long_kg,5000,4374.403387716773
homogeneous_0.5,37,past_state_genie,5000,2846.33737203948
homogeneous_0.5,37,long_kg,10000,8788.513599869893
homogeneous_0.5,37,past_state_genie,10000,5791.044210570193
homogeneous_0.5,37,long_kg,20000,17599.638756301763
homogeneous_0.5,37,past_state_genie,20000,11530.808665388871
homogeneous_0.5,37,long_kg,30000,26485.387825789905
homogeneous_0.5,37,past_state_genie,30000,17273.563332122063
homogeneous_0.5,38,long_kg,1000,885.2577232553834
homogeneous_0.5,38,past_state_genie,1000,585.079194725064
homogeneous_0.5,38,long_kg,2500,2190.6330211324575
homogeneous_0.5,38,past_state_genie,2500,1457.2711990279795
homogeneous_0.5,38,long_kg,5000,4450.594231326869
homogeneous_0.5,38,past_state_genie,5000,2904.9262798364375
homogeneous_0.5,38,long_kg,10000,8794.312994905675
homogeneous_0.5,38,past_state_genie,10000,5834.372505109161
homogeneous_0.5,38,long_kg,20000,17768.17058942241
homogeneous_0.5,38,past_state_genie,20000,11611.605948622535
homogeneous_0.5,38,long_kg,30000,26736.837242120324
homogeneous_0.5,38,past_state_genie,30000,17460.592923509994
homogeneous_0.5,39,long_kg,1000,948.1202137883881
homogeneous_0.5,39,past_state_genie,1000,605.8508907582002
homogeneous_0.5,39,long_kg,2500,2251.8384263195703
homogeneous_0.5,39,past_state_genie,2500,1486.3169632815575
homogeneous_0.5,39,long_kg,5000,4357.812120754589
homogeneous_0.5,39,past_state_genie,5000,2935.3849906909836
homogeneous_0.5,39,long_kg,10000,8835.625733702838
homogeneous_0.5,39,past_state_genie,10000,5868.166814143846
homogeneous_0.5,39,long_kg,20000,17791.624886141526
homogeneous_0.5,39,past_state_genie,20000,11608.230626889123
homogeneous_0.5,39,long_kg,30000,26666.71329916634
homogeneous_0.5,39,past_state_genie,30000,17428.672899190784
homogeneous_0.9,0,long_kg,1000,442.59906590205685
homogeneous_0.9,0,past_state_genie,1000,133.50292298970695
homogeneous_0.9,0,long_kg,2500,1143.0612904045347
homogeneous_0.9,0,past_state_genie,2500,305.32348208372156
homogeneous_0.9,0,long_kg,5000,2303.185472546125
homogeneous_0.9,0,past_state_genie,5000,587.8492162036453
homogeneous_0.9,0,long_kg,10000,4659.125102254932
homogeneous_0.9,0,past_state_genie,10000,1173.1464244100996
homogeneous_0.9,0,long_kg,20000,9362.345756833598
homogeneous_0.9,0,past_state_genie,20000,2317.125633985202
homogeneous_0.9,0,long_kg,30000,13906.220628763931
homogeneous_0.9,0,past_state_genie,30000,3425.4497899446155
homogeneous_0.9,1,long_kg,1000,458.51416308253556
homogeneous_0.9,1,past_state_genie,1000,96.20163938338519
homogeneous_0.9,1,long_kg,2500,1116.503938996917
homogeneous_0.9,1,past_state_genie,2500,274.1542812737488
homogeneous_0.9,1,long_kg,5000,2302.118812505767
homogeneous_0.9,1,past_state_genie,5000,561.6093269436424
homogeneous_0.9,1,long_kg,10000,4558.8503397134355
homogeneous_0.9,1,past_state_genie,10000,1170.9715783263546
homogeneous_0.9,1,long_kg,20000,9097.437567100545
homogeneous_0.9,1,past_state_genie,20000,2335.3977338209543
homogeneous_0.9,1,long_kg,30000,13598.359208462502
homogeneous_0.9,1,past_state_genie,30000,3522.418023056367
homogeneous_0.9,2,long_kg,1000,490.23393916932224
homogeneous_0.9,2,past_state_genie,1000,115.78367939605276
homogeneous_0.9,2,long_kg,2500,1106.2254524262262
homogeneous_0.9,2,past_state_genie,2500,295.76245302188283
homogeneous_0.9,2,long_kg,5000,2278.2133336363527
homogeneous_0.9,2,past_state_genie,5000,596.4154172752845
homogeneous_0.9,2,long_kg,10000,4539.256756891645
homogeneous_0.9,2,past_state_genie,10000,1191.8390721333553
homogeneous_0.9,2,long_kg,20000,9030.152922230263
homogeneous_0.9,2,past_state_genie,20000,2324.8370316169244
homogeneous_0.9,2,long_kg,30000,13671.823489664075
homogeneous_0.9,2,past_state_genie,30000,3525.0700560788596
homogeneous_0.9,3,long_kg,1000,460.71491577536426
homogeneous_0.9,3,past_state_genie,1000,99.07256270930057
homogeneous_0.9,3,long_kg,2500,1138.7795300384162
homogeneous_0.9,3,past_state_genie,2500,291.16223847356855
homogeneous_0.9,3,long_kg,5000,2404.220528430619
homogeneous_0.9,3,past_state_genie,5000,601.6242985190459
homogeneous_0.9,3,long_kg,10000,4694.134810150317
homogeneous_0.9,3,past_state_genie,10000,1145.181383196025
homogeneous_0.9,3,long_kg,20000,9208.932813953908
homogeneous_0.9,3,past_state_genie,20000,2261.1033933047447
homogeneous_0.9,3,long_kg,30000,13834.433423857994
homogeneous_0.9,3,past_state_genie,30000,3420.0987932185876
homogeneous_0.9,4,long_kg,1000,441.99118607113905
homogeneous_0.9,4,past_state_genie,1000,116.37500737513975
homogeneous_0.9,4,long_kg,2500,1158.4019726392282
homogeneous_0.9,4,past_state_genie,2500,279.2782987425672
homogeneous_0.9,4,long_kg,5000,2334.690676906212
homogeneous_0.9,4,past_state_genie,5000,579.8446269060689
homogeneous_0.9,4,long_kg,10000,4696.353166732014
homogeneous_0.9,4,past_state_genie,10000,1148.7112875778628
homogeneous_0.9,4,long_kg,20000,9316.338767020488
homogeneous_0.9,4,past_state_genie,20000,2331.656169484875
homogeneous_0.9,4,long_kg,30000,13864.71763190774
homogeneous_0.9,4,past_state_genie,30000,3459.4500629314025
homogeneous_0.9,5,long_kg,1000,442.42729848875996
homogeneous_0.9,5,past_state_genie,1000,103.01756243570212
homogeneous_0.9,5,long_kg,2500,1139.6324322976557
homogeneous_0.9,5,past_state_genie,2500,277.8581458589599
homogeneous_0.9,5,long_kg,5000,2245.7070371205778
homogeneous_0.9,5,past_state_genie,5000,567.7217631040896
homogeneous_0.9,5,long_kg,10000,4458.415594430711
homogeneous_0.9,5,past_state_genie,10000,1136.3627413821596
homogeneous_0.9,5,long_kg,20000,9054.213629341075
homogeneous_0.9,5,past_state_genie,20000,2253.081519401296
homogeneous_0.9,5,long_kg,30000,13611.578544537786
homogeneous_0.9,5,past_state_genie,30000,3403.1118307756456
homogeneous_0.9,6,long_kg,1000,443.98585404648986
homogeneous_0.9,6,past_state_genie,1000,109.61606686742869
homogeneous_0.9,6,long_kg,2500,1120.4120490794053
homogeneous_0.9,6,past_state_genie,2500,285.98555057464955
homogeneous_0.9,6,long_kg,5000,2266.6183369651153
homogeneous_0.9,6,past_state_genie,5000,565.6549363831497
homogeneous_0.9,6,long_kg,10000,4573.231328995494
homogeneous_0.9,6,past_state_genie,10000,1187.31178520349
homogeneous_0.9,6,long_kg,20000,9252.771986248832
homogeneous_0.9,6,past_state_genie,20000,2417.4349711876703
homogeneous_0.9,6,long_kg,30000,13880.547979538083
homogeneous_0.9,6,past_state_genie,30000,3581.52990333255
homogeneous_0.9,7,long_kg,1000,464.7369897973157
homogeneous_0.9,7,past_state_genie,1000,129.86379150750514
homogeneous_0.9,7,long_kg,2500,1196.2978942637521
homogeneous_0.9,7,past_state_genie,2500,306.49078949277265
homogeneous_0.9,7,long_kg,5000,2306.94792441435
homogeneous_0.9,7,past_state_genie,5000,570.1025603974862
homogeneous_0.9,7,long_kg,10000,4553.312162503987
homogeneous_0.9,7,past_state_genie,10000,1159.1401579234616
homogeneous_0.9,7,long_kg,20000,9174.603242554036
homogeneous_0.9,7,past_state_genie,20000,2377.496513214814
homogeneous_0.9,7,long_kg,30000,13919.322603740846
homogeneous_0.9,7,past_state_genie,30000,3495.049668046864
homogeneous_0.9,8,long_kg,1000,464.4124629141417
homogeneous_0.9,8,past_state_genie,1000,119.41368044757498
homogeneous_0.9,8,long_kg,2500,1141.959335688225
homogeneous_0.9,8,past_state_genie,2500,308.16837386773665
homogeneous_0.9,8,long_kg,5000,2302.387593972097
homogeneous_0.9,8,past_state_genie,5000,598.7200898642143
homogeneous_0.9,8,long_kg,10000,4626.952767231623
homogeneous_0.9,8,past_state_genie,10000,1182.0363527813915
homogeneous_0.9,8,long_kg,20000,9250.6586579378
homogeneous_0.9,8,past_state_genie,20000,2371.9966578429417
homogeneous_0.9,8,long_kg,30000,13858.101488993638
homogeneous_0.9,8,past_state_genie,30000,3556.4732987043785
homogeneous_0.9,9,long_kg,1000,456.86837889419274
homogeneous_0.9,9,past_state_genie,1000,116.01815573236986
homogeneous_0.9,9,long_kg,2500,1166.7905277150335
homogeneous_0.9,9,past_state_genie,2500,323.8481026981885
homogeneous_0.9,9,long_kg,5000,2308.648323930373
homogeneous_0.9,9,past_state_genie,5000,623.9308974036433
homogeneous_0.9,9,long_kg,10000,4653.768597787962
homogeneous_0.9,9,past_state_genie,10000,1237.3126124381515
homogeneous_0.9,9,long_kg,20000,9190.333909824305
homogeneous_0.9,9,past_state_genie,20000,2371.276005186753
homogeneous_0.9,9,long_kg,30000,13804.40912527561
homogeneous_0.9,9,past_state_genie,30000,3504.1256362384543
homogeneous_0.9,10,long_kg,1000,469.468513183426
homogeneous_0.9,10,past_state_genie,1000,126.17289019042198
homogeneous_0.9,10,long_kg,2500,1183.8722201905825
homogeneous_0.9,10,past_state_genie,2500,298.7091189313007
homogeneous_0.9,10,long_kg,5000,2327.4579991777678
homogeneous_0.9,10,past_state_genie,5000,573.0065192677265
homogeneous_0.9,10,long_kg,10000,4658.957123249168
homogeneous_0.9,10,past_state_genie,10000,1160.3377063312278
homogeneous_0.9,10,long_kg,20000,9151.742992945261
homogeneous_0.9,10,past_state_genie,20000,2292.3770791689053
homogeneous_0.9,10,long_kg,30000,13820.71654699893
homogeneous_0.9,10,past_state_genie,30000,3430.260905743332
homogeneous_0.9,11,long_kg,1000,446.0292747949227
homogeneous_0.9,11,past_state_genie,1000,111.46636324428394
homogeneous_0.9,11,long_kg,2500,1123.940529814308
homogeneous_0.9,11,past_state_genie,2500,269.74407313600085
homogeneous_0.9,11,long_kg,5000,2254.709641108351
homogeneous_0.9,11,past_state_genie,5000,581.2887439910621
homogeneous_0.9,11,long_kg,10000,4464.49203155311
homogeneous_0.9,11,past_state_genie,10000,1126.888032204329
homogeneous_0.9,11,long_kg,20000,8972.993255850615
homogeneous_0.9,11,past_state_genie,20000,2308.0999738631053
homogeneous_0.9,11,long_kg,30000,13478.373286459739
homogeneous_0.9,11,past_state_genie,30000,3499.661896739538
homogeneous_0.9,12,long_kg,1000,428.4988142465655
homogeneous_0.9,12,past_state_genie,1000,134.1123746577534
homogeneous_0.9,12,long_kg,2500,1127.2077755184987
homogeneous_0.9,12,past_state_genie,2500,303.1370341165331
homogeneous_0.9,12,long_kg,5000,2174.549234851448
homogeneous_0.9,12,past_state_genie,5000,596.7973045272075
homogeneous_0.9,12,long_kg,10000,4585.3813313810615
homogeneous_0.9,12,past_state_genie,10000,1183.817788921432
homogeneous_0.9,12,long_kg,20000,9201.516701121618
homogeneous_0.9,12,past_state_genie,20000,2318.0571820300497
homogeneous_0.9,12,long_kg,30000,13799.493226031773
homogeneous_0.9,12,past_state_genie,30000,3466.442415094206
homogeneous_0.9,13,long_kg,1000,450.82420944295177
homogeneous_0.9,13,past_state_genie,1000,119.89241694606693
homogeneous_0.9,13,long_kg,2500,1149.0509322568416
homogeneous_0.9,13,past_state_genie,2500,306.9998147521668
homogeneous_0.9,13,long_kg,5000,2300.2411496282075
homogeneous_0.9,13,past_state_genie,5000,632.138551568109
homogeneous_0.9,13,long_kg,10000,4637.932715360567
homogeneous_0.9,13,past_state_genie,10000,1224.9901663676474
homogeneous_0.9,13,long_kg,20000,9244.991779320206
homogeneous_0.9,13,past_state_genie,20000,2360.6872491507
homogeneous_0.9,13,long_kg,30000,13820.217043803776
homogeneous_0.9,13,past_state_genie,30000,3557.6038066905157
homogeneous_0.9,14,long_kg,1000,453.8853660765999
homogeneous_0.9,14,past_state_genie,1000,117.12542091572672
homogeneous_0.9,14,long_kg,2500,1203.3056143285423
homogeneous_0.9,14,past_state_genie,2500,292.29040329548667
homogeneous_0.9,14,long_kg,5000,2333.135585113457
homogeneous_0.9,14,past_state_genie,5000,618.8823920178156
homogeneous_0.9,14,long_kg,10000,4606.326361029951
homogeneous_0.9,14,past_state_genie,10000,1183.6541354470728
homogeneous_0.9,14,long_kg,20000,9179.673326384975
homogeneous_0.9,14,past_state_genie,20000,2375.3710927643206
homogeneous_0.9,14,long_kg,30000,13589.438083731167
homogeneous_0.9,14,past_state_genie,30000,3536.815857946347
homogeneous_0.9,15,long_kg,1000,462.23865343517815
homogeneous_0.9,15,past_state_genie,1000,131.25283799374384
homogeneous_0.9,15,long_kg,2500,1117.4043889349357
homogeneous_0.9,15,past_state_genie,2500,295.0357288454707
homogeneous_0.9,15,long_kg,5000,2249.8144396163652
homogeneous_0.9,15,past_state_genie,5000,567.8010469801634
homogeneous_0.9,15,long_kg,10000,4486.715932571371
homogeneous_0.9,15,past_state_genie,10000,1166.0891741745613
homogeneous_0.9,15,long_kg,20000,9113.012146543682
homogeneous_0.9,15,past_state_genie,20000,2312.7925847877395
homogeneous_0.9,15,long_kg,30000,13542.924764175068
homogeneous_0.9,15,past_state_genie,30000,3455.5893963694098
homogeneous_0.9,16,long_kg,1000,482.6918213699218
homogeneous_0.9,16,past_state_genie,1000,115.66786159191396
homogeneous_0.9,16,long_kg,2500,1172.1083688013025
homogeneous_0.9,16,past_state_genie,2500,289.82774053920986
homogeneous_0.9,16,long_kg,5000,2326.2440710271458
homogeneous_0.9,16,past_state_genie,5000,583.6118024758766
homogeneous_0.9,16,long_kg,10000,4554.440183520752
homogeneous_0.9,16,past_state_genie,10000,1152.1863919188668
homogeneous_0.9,16,long_kg,20000,9313.360620485893
homogeneous_0.9,16,past_state_genie,20000,2355.577689399471
homogeneous_0.9,16,long_kg,30000,13764.848768717522
homogeneous_0.9,16,past_state_genie,30000,3510.3246281690117
homogeneous_0.9,17,long_kg,1000,417.07307205357836
homogeneous_0.9,17,past_state_genie,1000,129.815799023476
homogeneous_0.9,17,long_kg,2500,1213.24618004975
homogeneous_0.9,17,past_state_genie,2500,299.63893053473464
homogeneous_0.9,17,long_kg,5000,2432.9288077304172
homogeneous_0.9,17,past_state_genie,5000,585.980095018316
homogeneous_0.9,17,long_kg,10000,4652.6241890822985
homogeneous_0.9,17,past_state_genie,10000,1140.4345973360967
homogeneous_0.9,17,long_kg,20000,9220.205178237684
homogeneous_0.9,17,past_state_genie,20000,2325.9382922213094
homogeneous_0.9,17,long_kg,30000,13780.53674986763
homogeneous_0.9,17,past_state_genie,30000,3469.1280442643947
homogeneous_0.9,18,long_kg,1000,407.37584870630155
homogeneous_0.9,18,past_state_genie,1000,95.33881049346576
homogeneous_0.9,18,long_kg,2500,1152.3844626530138
homogeneous_0.9,18,past_state_genie,2500,276.13535129191723
homogeneous_0.9,18,long_kg,5000,2293.990932693238
homogeneous_0.9,18,past_state_genie,5000,547.9193539782127
homogeneous_0.9,18,long_kg,10000,4668.966171959847
homogeneous_0.9,18,past_state_genie,10000,1136.2727531393778
homogeneous_0.9,18,long_kg,20000,9228.309278629395
homogeneous_0.9,18,past_state_genie,20000,2253.666045741891
homogeneous_0.9,18,long_kg,30000,13888.672817969338
homogeneous_0.9,18,past_state_genie,30000,3424.9320093416904
homogeneous_0.9,19,long_kg,1000,466.3826098587612
homogeneous_0.9,19,past_state_genie,1000,103.25761904986523
homogeneous_0.9,19,long_kg,2500,1212.2666115459972
homogeneous_0.9,19,past_state_genie,2500,264.52047658935413
homogeneous_0.9,19,long_kg,5000,2398.7987289585462
homogeneous_0.9,19,past_state_genie,5000,537.2273905710696
homogeneous_0.9,19,long_kg,10000,4619.346679043341
homogeneous_0.9,19,past_state_genie,10000,1124.0085601849555
homogeneous_0.9,19,long_kg,20000,9324.110624821704
homogeneous_0.9,19,past_state_genie,20000,2313.56479240584
homogeneous_0.9,19,long_kg,30000,13635.208259244459
homogeneous_0.9,19,past_state_genie,30000,3437.5760835203005
homogeneous_0.9,20,long_kg,1000,429.2419206485495
homogeneous_0.9,20,past_state_genie,1000,124.49938910052987
homogeneous_0.9,20,long_kg,2500,1096.754799615023
homogeneous_0.9,20,past_state_genie,2500,303.58594064290253
homogeneous_0.9,20,long_kg,5000,2266.9877744660016
homogeneous_0.9,20,past_state_genie,5000,606.4448489932302
homogeneous_0.9,20,long_kg,10000,4540.149050184795
homogeneous_0.9,20,past_state_genie,10000,1196.1504647037234
homogeneous_0.9,20,long_kg,20000,9074.04650122072
homogeneous_0.9,20,past_state_genie,20000,2320.654835577764
homogeneous_0.9,20,long_kg,30000,13732.616705209466
homogeneous_0.9,20,past_state_genie,30000,3438.222447419108
homogeneous_0.9,21,long_kg,1000,449.2169882524085
homogeneous_0.9,21,past_state_genie,1000,126.53391742932673
homogeneous_0.9,21,long_kg,2500,1161.1905604417302
homogeneous_0.9,21,past_state_genie,2500,312.47222067964844
homogeneous_0.9,21,long_kg,5000,2301.218394480822
homogeneous_0.9,21,past_state_genie,5000,608.6271021039244
homogeneous_0.9,21,long_kg,10000,4558.586232608866
homogeneous_0.9,21,past_state_genie,10000,1184.4128510625185
homogeneous_0.9,21,long_kg,20000,9190.992430924249
homogeneous_0.9,21,past_state_genie,20000,2346.33492005783
homogeneous_0.9,21,long_kg,30000,13730.847875830405
homogeneous_0.9,21,past_state_genie,30000,3497.0126244101307
homogeneous_0.9,22,long_kg,1000,472.2163718122789
homogeneous_0.9,22,past_state_genie,1000,120.94043739844302
homogeneous_0.9,22,long_kg,2500,1162.0593400943471
homogeneous_0.9,22,past_state_genie,2500,303.15003854482575
homogeneous_0.9,22,long_kg,5000,2305.4693843247906
homogeneous_0.9,22,past_state_genie,5000,617.2341166373583
homogeneous_0.9,22,long_kg,10000,4524.312076357371
homogeneous_0.9,22,past_state_genie,10000,1210.448367956211
homogeneous_0.9,22,long_kg,20000,8915.496509248109
homogeneous_0.9,22,past_state_genie,20000,2326.9963706492845
homogeneous_0.9,22,long_kg,30000,13229.621531480463
homogeneous_0.9,22,past_state_genie,30000,3485.768469655484
homogeneous_0.9,23,long_kg,1000,439.3107585598362
homogeneous_0.9,23,past_state_genie,1000,122.9774498209808
homogeneous_0.9,23,long_kg,2500,1131.3701623029272
homogeneous_0.9,23,past_state_genie,2500,290.4269191289533
homogeneous_0.9,23,long_kg,5000,2142.161188218152
homogeneous_0.9,23,past_state_genie,5000,546.4591581785692
homogeneous_0.9,23,long_kg,10000,4534.36540333865
homogeneous_0.9,23,past_state_genie,10000,1134.3397873362933
homogeneous_0.9,23,long_kg,20000,9145.678814944129
homogeneous_0.9,23,past_state_genie,20000,2289.6467125776708
homogeneous_0.9,23,long_kg,30000,13702.295627041587
homogeneous_0.9,23,past_state_genie,30000,3460.5824749929457
homogeneous_0.9,24,long_kg,1000,387.9340902040313
homogeneous_0.9,24,past_state_genie,1000,104.67809061437309
homogeneous_0.9,24,long_kg,2500,1059.0951478114087
homogeneous_0.9,24,past_state_genie,2500,281.58338292849777
homogeneous_0.9,24,long_kg,5000,2181.987585695773
homogeneous_0.9,24,past_state_genie,5000,550.8989271177019
homogeneous_0.9,24,long_kg,10000,4386.282961361424
homogeneous_0.9,24,past_state_genie,10000,1144.67977551269
homogeneous_0.9,24,long_kg,20000,9017.668236041247
homogeneous_0.9,24,past_state_genie,20000,2334.3266004303446
homogeneous_0.9,24,long_kg,30000,13675.889404015783
homogeneous_0.9,24,past_state_genie,30000,3471.6726056775283
homogeneous_0.9,25,long_kg,1000,451.4349325352176
homogeneous_0.9,25,past_state_genie,1000,109.6271702541428
homogeneous_0.9,25,long_kg,2500,1138.8194835100246
homogeneous_0.9,25,past_state_genie,2500,294.5034528680142
homogeneous_0.9,25,long_kg,5000,2285.371524333249
homogeneous_0.9,25,past_state_genie,5000,592.3045208647143
homogeneous_0.9,25,long_kg,10000,4547.0549164741005
homogeneous_0.9,25,past_state_genie,10000,1159.3989442871434
homogeneous_0.9,25,long_kg,20000,9205.957435873988
homogeneous_0.9,25,past_state_genie,20000,2316.0780929943426
homogeneous_0.9,25,long_kg,30000,13781.447925602071
homogeneous_0.9,25,past_state_genie,30000,3491.07872630149
homogeneous_0.9,26,long_kg,1000,449.6527675505101
homogeneous_0.9,26,past_state_genie,1000,105.01912031004316
homogeneous_0.9,26,long_kg,2500,1061.0553389184538
homogeneous_0.9,26,past_state_genie,2500,275.8659941267144
homogeneous_0.9,26,long_kg,5000,2199.3916891919607
homogeneous_0.9,26,past_state_genie,5000,544.1768300211829
homogeneous_0.9,26,long_kg,10000,4489.296056982367
homogeneous_0.9,26,past_state_genie,10000,1119.8050480319123
homogeneous_0.9,26,long_kg,20000,9020.808958118852
homogeneous_0.9,26,past_state_genie,20000,2289.5804626079266
homogeneous_0.9,26,long_kg,30000,13657.089604856179
homogeneous_0.9,26,past_state_genie,30000,3484.6447212905537
homogeneous_0.9,27,long_kg,1000,431.38177538786596
homogeneous_0.9,27,past_state_genie,1000,100.5534399746186
homogeneous_0.9,27,long_kg,2500,1105.8060505121125
homogeneous_0.9,27,past_state_genie,2500,281.64655730940837
homogeneous_0.9,27,long_kg,5000,2254.265932984965
homogeneous_0.9,27,past_state_genie,5000,565.8919039801154
homogeneous_0.9,27,long_kg,10000,4519.805151097133
homogeneous_0.9,27,past_state_genie,10000,1109.0610257361227
homogeneous_0.9,27,long_kg,20000,9002.464391976226
homogeneous_0.9,27,past_state_genie,20000,2243.530187090488
homogeneous_0.9,27,long_kg,30000,13749.476599767766
homogeneous_0.9,27,past_state_genie,30000,3419.502229452043
homogeneous_0.9,28,long_kg,1000,454.4678041327841
homogeneous_0.9,28,past_state_genie,1000,119.7999493358326
homogeneous_0.9,28,long_kg,2500,1215.5558472913112
homogeneous_0.9,28,past_state_genie,2500,299.99729665282933
homogeneous_0.9,28,long_kg,5000,2361.794848202912
homogeneous_0.9,28,past_state_genie,5000,598.011893895225
homogeneous_0.9,28,long_kg,10000,4673.501428416352
homogeneous_0.9,28,past_state_genie,10000,1182.4285370745515
homogeneous_0.9,28,long_kg,20000,9194.98381429552
homogeneous_0.9,28,past_state_genie,20000,2354.2559022551495
homogeneous_0.9,28,long_kg,30000,13787.620752712803
homogeneous_0.9,28,past_state_genie,30000,3540.612803939873
homogeneous_0.9,29,long_kg,1000,443.6345100004684
homogeneous_0.9,29,past_state_genie,1000,105.64793392069559
homogeneous_0.9,29,long_kg,2500,1148.8827307437268
homogeneous_0.9,29,past_state_genie,2500,279.76308318279956
homogeneous_0.9,29,long_kg,5000,2305.709938668225
homogeneous_0.9,29,past_state_genie,5000,580.9160999367659
homogeneous_0.9,29,long_kg,10000,4514.52297276827
homogeneous_0.9,29,past_state_genie,10000,1173.1122178909784
homogeneous_0.9,29,long_kg,20000,9080.138460991708
homogeneous_0.9,29,past_state_genie,20000,2305.032038159616
homogeneous_0.9,29,long_kg,30000,13730.735131169802
homogeneous_0.9,29,past_state_genie,30000,3475.0598835223977
homogeneous_0.9,30,long_kg,1000,444.88456271854676
homogeneous_0.9,30,past_state_genie,1000,104.28743146583918
homogeneous_0.9,30,long_kg,2500,1162.4117010699633
homogeneous_0.9,30,past_state_genie,2500,278.23742972461355
homogeneous_0.9,30,long_kg,5000,2238.973208970343
homogeneous_0.9,30,past_state_genie,5000,574.0630402144993
homogeneous_0.9,30,long_kg,10000,4541.098228240202
homogeneous_0.9,30,past_state_genie,10000,1138.1938866419455
homogeneous_0.9,30,long_kg,20000,9303.728427818593
homogeneous_0.9,30,past_state_genie,20000,2272.7293352914467
homogeneous_0.9,30,long_kg,30000,13773.15325526379
homogeneous_0.9,30,past_state_genie,30000,3440.024282315947
homogeneous_0.9,31,long_kg,1000,453.72949666179136
homogeneous_0.9,31,past_state_genie,1000,121.73661588620953
homogeneous_0.9,31,long_kg,2500,1140.3575439817464
homogeneous_0.9,31,past_state_genie,2500,292.1148161955282
homogeneous_0.9,31,long_kg,5000,2307.3798460522644
homogeneous_0.9,31,past_state_genie,5000,584.7483412400181
homogeneous_0.9,31,long_kg,10000,4615.093933718107
homogeneous_0.9,31,past_state_genie,10000,1157.4545955089059
homogeneous_0.9,31,long_kg,20000,9147.051977593243
homogeneous_0.9,31,past_state_genie,20000,2343.899173760818
homogeneous_0.9,31,long_kg,30000,13812.587503030783
homogeneous_0.9,31,past_state_genie,30000,3515.349359166929
homogeneous_0.9,32,long_kg,1000,427.91300171613034
homogeneous_0.9,32,past_state_genie,1000,118.89691088527209
homogeneous_0.9,32,long_kg,2500,1135.4870797964875
homogeneous_0.9,32,past_state_genie,2500,297.9579876738737
homogeneous_0.9,32,long_kg,5000,2307.542088465429
homogeneous_0.9,32,past_state_genie,5000,605.438696810757
homogeneous_0.9,32,long_kg,10000,4548.130667010481
homogeneous_0.9,32,past_state_genie,10000,1201.475690958338
homogeneous_0.9,32,long_kg,20000,8954.590210683562
homogeneous_0.9,32,past_state_genie,20000,2375.135824933657
homogeneous_0.9,32,long_kg,30000,13552.462038178748
homogeneous_0.9,32,past_state_genie,30000,3558.7802037800025
homogeneous_0.9,33,long_kg,1000,472.2580578016592
homogeneous_0.9,33,past_state_genie,1000,126.40119803281763
homogeneous_0.9,33,long_kg,2500,1138.8845046220995
homogeneous_0.9,33,past_state_genie,2500,302.91971135608776
homogeneous_0.9,33,long_kg,5000,2278.3383490731385
homogeneous_0.9,33,past_state_genie,5000,598.131520867812
homogeneous_0.9,33,long_kg,10000,4437.390508185903
homogeneous_0.9,33,past_state_genie,10000,1173.9296931067943
homogeneous_0.9,33,long_kg,20000,9018.117158341976
homogeneous_0.9,33,past_state_genie,20000,2333.574789564803
homogeneous_0.9,33,long_kg,30000,13550.394467794316
homogeneous_0.9,33,past_state_genie,30000,3506.4325525983063
homogeneous_0.9,34,long_kg,1000,471.2534605035279
homogeneous_0.9,34,past_state_genie,1000,118.67852379178679
homogeneous_0.9,34,long_kg,2500,1142.1752184891807
homogeneous_0.9,34,past_state_genie,2500,296.41894940124837
homogeneous_0.9,34,long_kg,5000,2246.107355163746
homogeneous_0.9,34,past_state_genie,5000,572.0479628156188
homogeneous_0.9,34,long_kg,10000,4662.763739570819
homogeneous_0.9,34,past_state_genie,10000,1175.2733946832911
homogeneous_0.9,34,long_kg,20000,9102.775880214962
homogeneous_0.9,34,past_state_genie,20000,2365.9972995652965
homogeneous_0.9,34,long_kg,30000,13729.34063378588
homogeneous_0.9,34,past_state_genie,30000,3528.1772559889855
homogeneous_0.9,35,long_kg,1000,410.0713966711238
homogeneous_0.9,35,past_state_genie,1000,97.65590559594814
homogeneous_0.9,35,long_kg,2500,1070.104716654941
homogeneous_0.9,35,past_state_genie,2500,275.278526782181
homogeneous_0.9,35,long_kg,5000,2235.191343969078
homogeneous_0.9,35,past_state_genie,5000,570.4490416542569
homogeneous_0.9,35,long_kg,10000,4516.137850717198
homogeneous_0.9,35,past_state_genie,10000,1146.8303666306144
homogeneous_0.9,35,long_kg,20000,9152.049536352642
homogeneous_0.9,35,past_state_genie,20000,2231.9764836039863
homogeneous_0.9,35,long_kg,30000,13638.896313095007
homogeneous_0.9,35,past_state_genie,30000,3363.3687128714523
homogeneous_0.9,36,long_kg,1000,483.2018544644837
homogeneous_0.9,36,past_state_genie,1000,130.87215106908621
homogeneous_0.9,36,long_kg,2500,1102.9599325118581
homogeneous_0.9,36,past_state_genie,2500,290.9364368722889
homogeneous_0.9,36,long_kg,5000,2306.3086308427783
homogeneous_0.9,36,past_state_genie,5000,587.0148638197453
homogeneous_0.9,36,long_kg,10000,4566.662888962444
homogeneous_0.9,36,past_state_genie,10000,1161.0374086930553
homogeneous_0.9,36,long_kg,20000,9223.931039889025
homogeneous_0.9,36,past_state_genie,20000,2371.046460476829
homogeneous_0.9,36,long_kg,30000,14046.348836986788
homogeneous_0.9,36,past_state_genie,30000,3562.4903164790444
homogeneous_0.9,37,long_kg,1000,451.7015137533532
homogeneous_0.9,37,past_state_genie,1000,109.80914052851186
homogeneous_0.9,37,long_kg,2500,1125.3112225910118
homogeneous_0.9,37,past_state_genie,2500,292.3706145221937
homogeneous_0.9,37,long_kg,5000,2259.1769777670766
homogeneous_0.9,37,past_state_genie,5000,596.5933748124543
homogeneous_0.9,37,long_kg,10000,4512.831432884107
homogeneous_0.9,37,past_state_genie,10000,1172.2273172282048
homogeneous_0.9,37,long_kg,20000,9044.993365255645
homogeneous_0.9,37,past_state_genie,20000,2275.6981578374
homogeneous_0.9,37,long_kg,30000,13537.302413835016
homogeneous_0.9,37,past_state_genie,30000,3460.1570339216278
homogeneous_0.9,38,long_kg,1000,426.57976381383827
homogeneous_0.9,38,past_state_genie,1000,128.67420755291917
homogeneous_0.9,38,long_kg,2500,1111.0468438491207
homogeneous_0.9,38,past_state_genie,2500,300.79898422028026
homogeneous_0.9,38,long_kg,5000,2388.746204729929
homogeneous_0.9,38,past_state_genie,5000,602.749628450961
homogeneous_0.9,38,long_kg,10000,4671.406852664537
homogeneous_0.9,38,past_state_genie,10000,1184.9251988750407
homogeneous_0.9,38,long_kg,20000,9245.637679770824
homogeneous_0.9,38,past_state_genie,20000,2336.7296180810145
homogeneous_0.9,38,long_kg,30000,13839.056435540908
homogeneous_0.9,38,past_state_genie,30000,3493.024615061938
homogeneous_0.9,39,long_kg,1000,458.0241880534027
homogeneous_0.9,39,past_state_genie,1000,123.59462291768683
homogeneous_0.9,39,long_kg,2500,1092.3543862121703
homogeneous_0.9,39,past_state_genie,2500,278.75807064205185
homogeneous_0.9,39,long_kg,5000,2158.553551780247
homogeneous_0.9,39,past_state_genie,5000,536.0982769310608
homogeneous_0.9,39,long_kg,10000,4395.007687916859
homogeneous_0.9,39,past_state_genie,10000,1118.8690865074248
homogeneous_0.9,39,long_kg,20000,8957.495292227695
homogeneous_0.9,39,past_state_genie,20000,2296.69827022501
homogeneous_0.9,39,long_kg,30000,13535.146530822876
homogeneous_0.9,39,past_state_genie,30000,3463.7473431377825
homogeneous_0.1,0,long_kg,1000,1121.4317664911016
homogeneous_0.1,0,past_state_genie,1000,1036.8581953533899
homogeneous_0.1,0,long_kg,2500,2782.748499852897
homogeneous_0.1,0,past_state_genie,2500,2663.6975907300894
homogeneous_0.1,0,long_kg,5000,5600.527729935139
homogeneous_0.1,0,past_state_genie,5000,5248.436134571468
homogeneous_0.1,0,long_kg,10000,11174.743032577544
homogeneous_0.1,0,past_state_genie,10000,10407.42327563023
homogeneous_0.1,0,long_kg,20000,22451.905381630742
homogeneous_0.1,0,past_state_genie,20000,20843.77102946817
homogeneous_0.1,0,long_kg,30000,33485.76438076059
homogeneous_0.1,0,past_state_genie,30000,31214.951965149074
homogeneous_0.1,1,long_kg,1000,1097.1448761917372
homogeneous_0.1,1,past_state_genie,1000,1080.7092826975104
homogeneous_0.1,1,long_kg,2500,2728.5952549043377
homogeneous_0.1,1,past_state_genie,2500,2624.4473469577665
homogeneous_0.1,1,long_kg,5000,5548.591141385046
homogeneous_0.1,1,past_state_genie,5000,5284.0137840215875
homogeneous_0.1,1,long_kg,10000,11121.449608614146
homogeneous_0.1,1,past_state_genie,10000,10530.896401022645
homogeneous_0.1,1,long_kg,20000,22299.2720022552
homogeneous_0.1,1,past_state_genie,20000,20959.016312721727
homogeneous_0.1,1,long_kg,30000,33584.60501827305
homogeneous_0.1,1,past_state_genie,30000,31366.119070908557
homogeneous_0.1,2,long_kg,1000,1089.1776289333216
homogeneous_0.1,2,past_state_genie,1000,1056.87050211857
homogeneous_0.1,2,long_kg,2500,2811.5409655744656
homogeneous_0.1,2,past_state_genie,2500,2643.699333615407
homogeneous_0.1,2,long_kg,5000,5624.893552247241
homogeneous_0.1,2,past_state_genie,5000,5246.154125264966
homogeneous_0.1,2,long_kg,10000,11229.801301806408
homogeneous_0.1,2,past_state_genie,10000,10523.703980298216
homogeneous_0.1,2,long_kg,20000,22473.10378645157
homogeneous_0.1,2,past_state_genie,20000,20856.38809272117
homogeneous_0.1,2,long_kg,30000,33799.28355962263
homogeneous_0.1,2,past_state_genie,30000,31233.012275676418
homogeneous_0.1,3,long_kg,1000,1094.8448115732347
homogeneous_0.1,3,past_state_genie,1000,1027.9952646720067
homogeneous_0.1,3,long_kg,2500,2732.563651591087
homogeneous_0.1,3,past_state_genie,2500,2654.5178374625075
homogeneous_0.1,3,long_kg,5000,5542.169541736299
homogeneous_0.1,3,past_state_genie,5000,5292.368816939072
homogeneous_0.1,3,long_kg,10000,11025.992782124988
homogeneous_0.1,3,past_state_genie,10000,10477.962099180153
homogeneous_0.1,3,long_kg,20000,22187.729947567936
homogeneous_0.1,3,past_state_genie,20000,20966.059504742567
homogeneous_0.1,3,long_kg,30000,33249.222603161295
homogeneous_0.1,3,past_state_genie,30000,31459.392791573377
homogeneous_0.1,4,long_kg,1000,1087.1841101919156
homogeneous_0.1,4,past_state_genie,1000,1054.8240418395071
homogeneous_0.1,4,long_kg,2500,2734.9898066973738
homogeneous_0.1,4,past_state_genie,2500,2556.073721174078
homogeneous_0.1,4,long_kg,5000,5562.356023752051
homogeneous_0.1,4,past_state_genie,5000,5237.9051724429755
homogeneous_0.1,4,long_kg,10000,11140.60355872103
homogeneous_0.1,4,past_state_genie,10000,10458.540607128609
homogeneous_0.1,4,long_kg,20000,22250.087874579916
homogeneous_0.1,4,past_state_genie,20000,20900.49875649381
homogeneous_0.1,4,long_kg,30000,33353.85300116778
homogeneous_0.1,4,past_state_genie,30000,31184.301119228006
homogeneous_0.1,5,long_kg,1000,1113.393922366181
homogeneous_0.1,5,past_state_genie,1000,1047.5468158159208
homogeneous_0.1,5,long_kg,2500,2678.9045568034594
homogeneous_0.1,5,past_state_genie,2500,2527.942847882833
homogeneous_0.1,5,long_kg,5000,5498.787887852128
homogeneous_0.1,5,past_state_genie,5000,5172.535044151237
homogeneous_0.1,5,long_kg,10000,11171.924528768825
homogeneous_0.1,5,past_state_genie,10000,10403.060579775449
homogeneous_0.1,5,long_kg,20000,22520.691988947012
homogeneous_0.1,5,past_state_genie,20000,20846.303643259726
homogeneous_0.1,5,long_kg,30000,33565.274671950094
homogeneous_0.1,5,past_state_genie,30000,31305.7009558411
homogeneous_0.1,6,long_kg,1000,1089.428480277737
homogeneous_0.1,6,past_state_genie,1000,1026.8438034885114
homogeneous_0.1,6,long_kg,2500,2801.67549473085
homogeneous_0.1,6,past_state_genie,2500,2604.4633595117234
homogeneous_0.1,6,long_kg,5000,5593.198050343937
homogeneous_0.1,6,past_state_genie,5000,5219.423146581313
homogeneous_0.1,6,long_kg,10000,11259.95686089401
homogeneous_0.1,6,past_state_genie,10000,10577.578501868436
homogeneous_0.1,6,long_kg,20000,22515.933018014803
homogeneous_0.1,6,past_state_genie,20000,21122.139872573298
homogeneous_0.1,6,long_kg,30000,33726.36121104497
homogeneous_0.1,6,past_state_genie,30000,31629.766673838192
homogeneous_0.1,7,long_kg,1000,1146.4514660351765
homogeneous_0.1,7,past_state_genie,1000,1069.4418074209873
homogeneous_0.1,7,long_kg,2500,2819.9379565633385
homogeneous_0.1,7,past_state_genie,2500,2612.476662326905
homogeneous_0.1,7,long_kg,5000,5605.100216517166
homogeneous_0.1,7,past_state_genie,5000,5306.020555717145
homogeneous_0.1,7,long_kg,10000,11163.042170820157
homogeneous_0.1,7,past_state_genie,10000,10506.072367371926
homogeneous_0.1,7,long_kg,20000,22402.772172338355
homogeneous_0.1,7,past_state_genie,20000,21135.223862106017
homogeneous_0.1,7,long_kg,30000,33491.31752194586
homogeneous_0.1,7,past_state_genie,30000,31655.469732222857
homogeneous_0.1,8,long_kg,1000,1131.9494478776057
homogeneous_0.1,8,past_state_genie,1000,1090.9610317954834
homogeneous_0.1,8,long_kg,2500,2831.4528526387544
homogeneous_0.1,8,past_state_genie,2500,2668.6107901959535
homogeneous_0.1,8,long_kg,5000,5562.321654420507
homogeneous_0.1,8,past_state_genie,5000,5284.557808880341
homogeneous_0.1,8,long_kg,10000,11168.132530530947
homogeneous_0.1,8,past_state_genie,10000,10584.383828873533
homogeneous_0.1,8,long_kg,20000,22299.372779630103
homogeneous_0.1,8,past_state_genie,20000,21174.944454972752
homogeneous_0.1,8,long_kg,30000,33477.524516853075
homogeneous_0.1,8,past_state_genie,30000,31664.10850971529
homogeneous_0.1,9,long_kg,1000,1102.3062914882896
homogeneous_0.1,9,past_state_genie,1000,1040.8026856880367
homogeneous_0.1,9,long_kg,2500,2806.07323559045
homogeneous_0.1,9,past_state_genie,2500,2614.2751421622356
homogeneous_0.1,9,long_kg,5000,5657.8128993258115
homogeneous_0.1,9,past_state_genie,5000,5317.96666475014
homogeneous_0.1,9,long_kg,10000,11421.30849670512
homogeneous_0.1,9,past_state_genie,10000,10634.554821072223
homogeneous_0.1,9,long_kg,20000,22591.553650631096
homogeneous_0.1,9,past_state_genie,20000,21165.787739650495
homogeneous_0.1,9,long_kg,30000,33575.79731611533
homogeneous_0.1,9,past_state_genie,30000,31637.785596390055
homogeneous_0.1,10,long_kg,1000,1132.1468563982694
homogeneous_0.1,10,past_state_genie,1000,1053.8632978392716
homogeneous_0.1,10,long_kg,2500,2828.7917501519687
homogeneous_0.1,10,past_state_genie,2500,2623.9459457172793
homogeneous_0.1,10,long_kg,5000,5575.8208502575235
homogeneous_0.1,10,past_state_genie,5000,5138.030881059034
homogeneous_0.1,10,long_kg,10000,11127.680677162189
homogeneous_0.1,10,past_state_genie,10000,10260.864978980597
homogeneous_0.1,10,long_kg,20000,22443.89494914439
homogeneous_0.1,10,past_state_genie,20000,20847.448021932094
homogeneous_0.1,10,long_kg,30000,33580.03978432718
homogeneous_0.1,10,past_state_genie,30000,31426.276855060303
homogeneous_0.1,11,long_kg,1000,1124.1201240366524
homogeneous_0.1,11,past_state_genie,1000,1020.2316315675718
homogeneous_0.1,11,long_kg,2500,2811.5220835061727
homogeneous_0.1,11,past_state_genie,2500,2570.608818256595
homogeneous_0.1,11,long_kg,5000,5666.503802889594
homogeneous_0.1,11,past_state_genie,5000,5209.008309574475
homogeneous_0.1,11,long_kg,10000,11237.667107174128
homogeneous_0.1,11,past_state_genie,10000,10447.756757107376
homogeneous_0.1,11,long_kg,20000,22516.808630132033
homogeneous_0.1,11,past_state_genie,20000,21017.229327941623
homogeneous_0.1,11,long_kg,30000,33799.681294927046
homogeneous_0.1,11,past_state_genie,30000,31547.14081941798
homogeneous_0.1,12,long_kg,1000,1133.1822580733392
homogeneous_0.1,12,past_state_genie,1000,1095.9057884998333
homogeneous_0.1,12,long_kg,2500,2736.638941323248
homogeneous_0.1,12,past_state_genie,2500,2676.7489845917744
homogeneous_0.1,12,long_kg,5000,5548.195367234744
homogeneous_0.1,12,past_state_genie,5000,5334.585466108462
homogeneous_0.1,12,long_kg,10000,11197.725775083632
homogeneous_0.1,12,past_state_genie,10000,10570.89637475575
homogeneous_0.1,12,long_kg,20000,22355.16337388867
homogeneous_0.1,12,past_state_genie,20000,21006.225170499965
homogeneous_0.1,12,long_kg,30000,33716.48378832793
homogeneous_0.1,12,past_state_genie,30000,31447.444501115777
homogeneous_0.1,13,long_kg,1000,1074.5597865668067
homogeneous_0.1,13,past_state_genie,1000,1071.1351553142083
homogeneous_0.1,13,long_kg,2500,2792.694322473502
homogeneous_0.1,13,past_state_genie,2500,2613.505788325449
homogeneous_0.1,13,long_kg,5000,5647.447490670917
homogeneous_0.1,13,past_state_genie,5000,5268.221639681397
homogeneous_0.1,13,long_kg,10000,11187.994470930353
homogeneous_0.1,13,past_state_genie,10000,10379.258247533811
homogeneous_0.1,13,long_kg,20000,22342.54328241654
homogeneous_0.1,13,past_state_genie,20000,20688.38535461274
homogeneous_0.1,13,long_kg,30000,33638.95056530524
homogeneous_0.1,13,past_state_genie,30000,31085.595986500208
homogeneous_0.1,14,long_kg,1000,1098.4280818419381
homogeneous_0.1,14,past_state_genie,1000,1050.3117402326122
homogeneous_0.1,14,long_kg,2500,2813.737428402669
homogeneous_0.1,14,past_state_genie,2500,2603.2255675929596
homogeneous_0.1,14,long_kg,5000,5557.625021152328
homogeneous_0.1,14,past_state_genie,5000,5236.889774612661
homogeneous_0.1,14,long_kg,10000,11127.42082610339
homogeneous_0.1,14,past_state_genie,10000,10431.818389132237
homogeneous_0.1,14,long_kg,20000,22406.78685330415
homogeneous_0.1,14,past_state_genie,20000,21074.96618672031
homogeneous_0.1,14,long_kg,30000,33635.21357071443
homogeneous_0.1,14,past_state_genie,30000,31392.50440251978
homogeneous_0.1,15,long_kg,1000,1094.6564219869024
homogeneous_0.1,15,past_state_genie,1000,1047.6786857449658
homogeneous_0.1,15,long_kg,2500,2751.7816301242524
homogeneous_0.1,15,past_state_genie,2500,2613.2765379613707
homogeneous_0.1,15,long_kg,5000,5552.179058916633
homogeneous_0.1,15,past_state_genie,5000,5257.681059599011
homogeneous_0.1,15,long_kg,10000,11090.535507142968
homogeneous_0.1,15,past_state_genie,10000,10489.180770973913
homogeneous_0.1,15,long_kg,20000,22466.529713116877
homogeneous_0.1,15,past_state_genie,20000,21031.89162107552
homogeneous_0.1,15,long_kg,30000,33670.4057111529
homogeneous_0.1,15,past_state_genie,30000,31521.68789481262
homogeneous_0.1,16,long_kg,1000,1186.3981997741855
homogeneous_0.1,16,past_state_genie,1000,1017.3382968051702
homogeneous_0.1,16,long_kg,2500,2899.7536099393556
homogeneous_0.1,16,past_state_genie,2500,2564.2998662354344
homogeneous_0.1,16,long_kg,5000,5625.5580492397185
homogeneous_0.1,16,past_state_genie,5000,5134.1044603000055
homogeneous_0.1,16,long_kg,10000,11277.84012651698
homogeneous_0.1,16,past_state_genie,10000,10291.503251118804
homogeneous_0.1,16,long_kg,20000,22645.111975877917
homogeneous_0.1,16,past_state_genie,20000,20878.477999340765
homogeneous_0.1,16,long_kg,30000,34082.30228119942
homogeneous_0.1,16,past_state_genie,30000,31447.879618348976
homogeneous_0.1,17,long_kg,1000,1115.0012592678886
homogeneous_0.1,17,past_state_genie,1000,1062.7598796362684
homogeneous_0.1,17,long_kg,2500,2808.6390427716915
homogeneous_0.1,17,past_state_genie,2500,2664.855578062821
homogeneous_0.1,17,long_kg,5000,5720.64635788963
homogeneous_0.1,17,past_state_genie,5000,5279.296922124726
homogeneous_0.1,17,long_kg,10000,11353.334217648724
homogeneous_0.1,17,past_state_genie,10000,10459.872606181627
homogeneous_0.1,17,long_kg,20000,22579.32567558808
homogeneous_0.1,17,past_state_genie,20000,20951.093469459953
homogeneous_0.1,17,long_kg,30000,33847.87021432257
homogeneous_0.1,17,past_state_genie,30000,31513.310416283115
homogeneous_0.1,18,long_kg,1000,1057.602350769562
homogeneous_0.1,18,past_state_genie,1000,1020.0503813526946
homogeneous_0.1,18,long_kg,2500,2779.7205487256742
homogeneous_0.1,18,past_state_genie,2500,2624.7596497868763
homogeneous_0.1,18,long_kg,5000,5608.097957309748
homogeneous_0.1,18,past_state_genie,5000,5371.303309024511
homogeneous_0.1,18,long_kg,10000,11252.620383113675
homogeneous_0.1,18,past_state_genie,10000,10541.558154717452
homogeneous_0.1,18,long_kg,20000,22450.428912880452
homogeneous_0.1,18,past_state_genie,20000,20904.61123334243
homogeneous_0.1,18,long_kg,30000,33725.816609326816
homogeneous_0.1,18,past_state_genie,30000,31273.37704141277
homogeneous_0.1,19,long_kg,1000,1142.4090922108994
homogeneous_0.1,19,past_state_genie,1000,1066.5796095359826
homogeneous_0.1,19,long_kg,2500,2856.717911027858
homogeneous_0.1,19,past_state_genie,2500,2599.6413382758506
homogeneous_0.1,19,long_kg,5000,5618.395430707766
homogeneous_0.1,19,past_state_genie,5000,5174.749088947136
homogeneous_0.1,19,long_kg,10000,11125.536587506645
homogeneous_0.1,19,past_state_genie,10000,10358.714759638204
homogeneous_0.1,19,long_kg,20000,22251.472600010715
homogeneous_0.1,19,past_state_genie,20000,20881.19799468436
homogeneous_0.1,19,long_kg,30000,33554.35969749989
homogeneous_0.1,19,past_state_genie,30000,31550.92984415479
homogeneous_0.1,20,long_kg,1000,1066.5764380768678
homogeneous_0.1,20,past_state_genie,1000,1046.7017210886954
homogeneous_0.1,20,long_kg,2500,2742.960628122231
homogeneous_0.1,20,past_state_genie,2500,2573.6548130415867
homogeneous_0.1,20,long_kg,5000,5532.61177442117
homogeneous_0.1,20,past_state_genie,5000,5128.8894638840775
homogeneous_0.1,20,long_kg,10000,11026.843980935404
homogeneous_0.1,20,past_state_genie,10000,10380.348628610202
homogeneous_0.1,20,long_kg,20000,22221.190962599696
homogeneous_0.1,20,past_state_genie,20000,20654.442438062273
homogeneous_0.1,20,long_kg,30000,33398.873203176976
homogeneous_0.1,20,past_state_genie,30000,31008.20640166769
homogeneous_0.1,21,long_kg,1000,1109.881522870817
homogeneous_0.1,21,past_state_genie,1000,1058.2071260681373
homogeneous_0.1,21,long_kg,2500,2850.3264021120262
homogeneous_0.1,21,past_state_genie,2500,2637.6866593087734
homogeneous_0.1,21,long_kg,5000,5610.934004682229
homogeneous_0.1,21,past_state_genie,5000,5365.526204270371
homogeneous_0.1,21,long_kg,10000,11183.707643366644
homogeneous_0.1,21,past_state_genie,10000,10584.832607214077
homogeneous_0.1,21,long_kg,20000,22269.18871264759
homogeneous_0.1,21,past_state_genie,20000,21046.253079399343
homogeneous_0.1,21,long_kg,30000,33520.25343579664
homogeneous_0.1,21,past_state_genie,30000,31529.93838338384
homogeneous_0.1,22,long_kg,1000,1078.4814475045189
homogeneous_0.1,22,past_state_genie,1000,1047.9188397679918
homogeneous_0.1,22,long_kg,2500,2740.8020363390647
homogeneous_0.1,22,past_state_genie,2500,2602.2884222427115
homogeneous_0.1,22,long_kg,5000,5513.6741296575165
homogeneous_0.1,22,past_state_genie,5000,5182.423402139304
homogeneous_0.1,22,long_kg,10000,11224.278740006517
homogeneous_0.1,22,past_state_genie,10000,10433.786076831755
homogeneous_0.1,22,long_kg,20000,22493.02891411537
homogeneous_0.1,22,past_state_genie,20000,20836.145638279177
homogeneous_0.1,22,long_kg,30000,33719.98852671242
homogeneous_0.1,22,past_state_genie,30000,31315.958242166194
homogeneous_0.1,23,long_kg,1000,1130.9608544927373
homogeneous_0.1,23,past_state_genie,1000,1041.6543167916839
homogeneous_0.1,23,long_kg,2500,2789.211530117684
homogeneous_0.1,23,past_state_genie,2500,2587.8082723307457
homogeneous_0.1,23,long_kg,5000,5689.95783493398
homogeneous_0.1,23,past_state_genie,5000,5130.623512708794
homogeneous_0.1,23,long_kg,10000,11261.037569044798
homogeneous_0.1,23,past_state_genie,10000,10344.289431789632
homogeneous_0.1,23,long_kg,20000,22359.680193274075
homogeneous_0.1,23,past_state_genie,20000,20779.95593309473
homogeneous_0.1,23,long_kg,30000,33542.103477237964
homogeneous_0.1,23,past_state_genie,30000,31234.850279129878
homogeneous_0.1,24,long_kg,1000,1103.6945761897855
homogeneous_0.1,24,past_state_genie,1000,1046.2149690852002
homogeneous_0.1,24,long_kg,2500,2794.794535560226
homogeneous_0.1,24,past_state_genie,2500,2656.457072246994
homogeneous_0.1,24,long_kg,5000,5582.50374442294
homogeneous_0.1,24,past_state_genie,5000,5311.139081029586
homogeneous_0.1,24,long_kg,10000,11272.308810302527
homogeneous_0.1,24,past_state_genie,10000,10566.389039851096
homogeneous_0.1,24,long_kg,20000,22550.002312189525
homogeneous_0.1,24,past_state_genie,20000,21132.4048871411
homogeneous_0.1,24,long_kg,30000,33632.18054699646
homogeneous_0.1,24,past_state_genie,30000,31612.49086798433
homogeneous_0.1,25,long_kg,1000,1081.2814303984294
homogeneous_0.1,25,past_state_genie,1000,1027.942920860142
homogeneous_0.1,25,long_kg,2500,2796.3029650614303
homogeneous_0.1,25,past_state_genie,2500,2595.6561420339767
homogeneous_0.1,25,long_kg,5000,5650.16197499836
homogeneous_0.1,25,past_state_genie,5000,5204.722480300528
homogeneous_0.1,25,long_kg,10000,11209.079857054861
homogeneous_0.1,25,past_state_genie,10000,10481.428078364184
homogeneous_0.1,25,long_kg,20000,22510.936073625347
homogeneous_0.1,25,past_state_genie,20000,20845.07334125043
homogeneous_0.1,25,long_kg,30000,33792.983219080284
homogeneous_0.1,25,past_state_genie,30000,31389.004818221005
homogeneous_0.1,26,long_kg,1000,1129.467183590366
homogeneous_0.1,26,past_state_genie,1000,1040.5164913194712
homogeneous_0.1,26,long_kg,2500,2827.9595650515985
homogeneous_0.1,26,past_state_genie,2500,2644.2247987936844
homogeneous_0.1,26,long_kg,5000,5574.586317095385
homogeneous_0.1,26,past_state_genie,5000,5269.690638543262
homogeneous_0.1,26,long_kg,10000,11179.007802129721
homogeneous_0.1,26,past_state_genie,10000,10407.993663776404
homogeneous_0.1,26,long_kg,20000,22448.445253541664
homogeneous_0.1,26,past_state_genie,20000,20924.317348087156
homogeneous_0.1,26,long_kg,30000,33818.35978173208
homogeneous_0.1,26,past_state_genie,30000,31422.85100251267
homogeneous_0.1,27,long_kg,1000,1075.2744617250535
homogeneous_0.1,27,past_state_genie,1000,1033.085264979979
homogeneous_0.1,27,long_kg,2500,2793.6245016582498
homogeneous_0.1,27,past_state_genie,2500,2617.8463950188648
homogeneous_0.1,27,long_kg,5000,5462.193404010794
homogeneous_0.1,27,past_state_genie,5000,5076.162695076116
homogeneous_0.1,27,long_kg,10000,10994.73941456268
homogeneous_0.1,27,past_state_genie,10000,10273.815290776873
homogeneous_0.1,27,long_kg,20000,22149.387771326918
homogeneous_0.1,27,past_state_genie,20000,20640.52942291426
homogeneous_0.1,27,long_kg,30000,33419.86803904787
homogeneous_0.1,27,past_state_genie,30000,31182.35510502206
homogeneous_0.1,28,long_kg,1000,1153.0735833585538
homogeneous_0.1,28,past_state_genie,1000,1114.7398209780006
homogeneous_0.1,28,long_kg,2500,2874.0013348599678
homogeneous_0.1,28,past_state_genie,2500,2747.077285793264
homogeneous_0.1,28,long_kg,5000,5697.966396117111
homogeneous_0.1,28,past_state_genie,5000,5407.34605315108
homogeneous_0.1,28,long_kg,10000,11443.709423852468
homogeneous_0.1,28,past_state_genie,10000,10788.911784439268
homogeneous_0.1,28,long_kg,20000,22687.679369436533
homogeneous_0.1,28,past_state_genie,20000,21260.370462000257
homogeneous_0.1,28,long_kg,30000,33754.5402084298
homogeneous_0.1,28,past_state_genie,30000,31763.66256252428
homogeneous_0.1,29,long_kg,1000,1064.3257292218375
homogeneous_0.1,29,past_state_genie,1000,1014.1246437329346
homogeneous_0.1,29,long_kg,2500,2710.3942366959914
homogeneous_0.1,29,past_state_genie,2500,2552.914817921463
homogeneous_0.1,29,long_kg,5000,5465.441003560966
homogeneous_0.1,29,past_state_genie,5000,5192.486769224676
homogeneous_0.1,29,long_kg,10000,10944.51074147698
homogeneous_0.1,29,past_state_genie,10000,10590.081490940933
homogeneous_0.1,29,long_kg,20000,22071.03886352942
homogeneous_0.1,29,past_state_genie,20000,21104.01283483026
homogeneous_0.1,29,long_kg,30000,33198.6045822492
homogeneous_0.1,29,past_state_genie,30000,31545.222929194715
homogeneous_0.1,30,long_kg,1000,1108.2924794985258
homogeneous_0.1,30,past_state_genie,1000,977.777051434041
homogeneous_0.1,30,long_kg,2500,2715.6708390297354
homogeneous_0.1,30,past_state_genie,2500,2590.623206527236
homogeneous_0.1,30,long_kg,5000,5557.103717128855
homogeneous_0.1,30,past_state_genie,5000,5274.404874562484
homogeneous_0.1,30,long_kg,10000,11270.246060069381
homogeneous_0.1,30,past_state_genie,10000,10496.035636368933
homogeneous_0.1,30,long_kg,20000,22576.46946317372
homogeneous_0.1,30,past_state_genie,20000,20893.782817057603
homogeneous_0.1,30,long_kg,30000,33735.84252692335
homogeneous_0.1,30,past_state_genie,30000,31558.175285819907
homogeneous_0.1,31,long_kg,1000,1084.1116241614159
homogeneous_0.1,31,past_state_genie,1000,1021.3247107064824
homogeneous_0.1,31,long_kg,2500,2808.2340221643867
homogeneous_0.1,31,past_state_genie,2500,2612.289543329365
homogeneous_0.1,31,long_kg,5000,5676.625303869748
homogeneous_0.1,31,past_state_genie,5000,5248.554462881215
homogeneous_0.1,31,long_kg,10000,11174.544049177524
homogeneous_0.1,31,past_state_genie,10000,10388.517143378775
homogeneous_0.1,31,long_kg,20000,22369.304791461986
homogeneous_0.1,31,past_state_genie,20000,20776.300924183568
homogeneous_0.1,31,long_kg,30000,33474.681620563104
homogeneous_0.1,31,past_state_genie,30000,31233.011458542354
homogeneous_0.1,32,long_kg,1000,1145.9359106275504
homogeneous_0.1,32,past_state_genie,1000,1078.5681179581622
homogeneous_0.1,32,long_kg,2500,2882.0681151892727
homogeneous_0.1,32,past_state_genie,2500,2684.817575944326
homogeneous_0.1,32,long_kg,5000,5698.336572339331
homogeneous_0.1,32,past_state_genie,5000,5339.271437950872
homogeneous_0.1,32,long_kg,10000,11399.49560947274
homogeneous_0.1,32,past_state_genie,10000,10493.455692775882
homogeneous_0.1,32,long_kg,20000,22644.32326998009
homogeneous_0.1,32,past_state_genie,20000,20782.641699669242
homogeneous_0.1,32,long_kg,30000,33827.86731631694
homogeneous_0.1,32,past_state_genie,30000,31226.569365816835
homogeneous_0.1,33,long_kg,1000,1085.5543957012528
homogeneous_0.1,33,past_state_genie,1000,1042.634988615393
homogeneous_0.1,33,long_kg,2500,2761.5604613267506
homogeneous_0.1,33,past_state_genie,2500,2639.4314396231694
homogeneous_0.1,33,long_kg,5000,5528.144066092766
homogeneous_0.1,33,past_state_genie,5000,5144.524954920352
homogeneous_0.1,33,long_kg,10000,11125.7763753778
homogeneous_0.1,33,past_state_genie,10000,10245.400302797663
homogeneous_0.1,33,long_kg,20000,22319.936731512826
homogeneous_0.1,33,past_state_genie,20000,20762.338384535236
homogeneous_0.1,33,long_kg,30000,33426.62148186712
homogeneous_0.1,33,past_state_genie,30000,31246.772889365446
homogeneous_0.1,34,long_kg,1000,1132.9449444643976
homogeneous_0.1,34,past_state_genie,1000,1087.7222092182099
homogeneous_0.1,34,long_kg,2500,2830.0032504159744
homogeneous_0.1,34,past_state_genie,2500,2654.0451159510444
homogeneous_0.1,34,long_kg,5000,5625.42347841029
homogeneous_0.1,34,past_state_genie,5000,5195.911500999403
homogeneous_0.1,34,long_kg,10000,11184.176327586725
homogeneous_0.1,34,past_state_genie,10000,10447.87291219243
homogeneous_0.1,34,long_kg,20000,22574.384495628154
homogeneous_0.1,34,past_state_genie,20000,20960.96481405482
homogeneous_0.1,34,long_kg,30000,33699.12499290176
homogeneous_0.1,34,past_state_genie,30000,31568.98435414809
homogeneous_0.1,35,long_kg,1000,1068.0555910909418
homogeneous_0.1,35,past_state_genie,1000,1034.1705458216188
homogeneous_0.1,35,long_kg,2500,2753.4036281020576
homogeneous_0.1,35,past_state_genie,2500,2590.3455297984265
homogeneous_0.1,35,long_kg,5000,5594.6430015335945
homogeneous_0.1,35,past_state_genie,5000,5183.2173814575835
homogeneous_0.1,35,long_kg,10000,11146.530250403503
homogeneous_0.1,35,past_state_genie,10000,10456.769312101042
homogeneous_0.1,35,long_kg,20000,22165.190177735232
homogeneous_0.1,35,past_state_genie,20000,20898.04993326067
homogeneous_0.1,35,long_kg,30000,33237.978191162096
homogeneous_0.1,35,past_state_genie,30000,31295.595315503386
homogeneous_0.1,36,long_kg,1000,1094.1412970571319
homogeneous_0.1,36,past_state_genie,1000,1019.4238799179238
homogeneous_0.1,36,long_kg,2500,2764.866831917892
homogeneous_0.1,36,past_state_genie,2500,2590.713698089506
homogeneous_0.1,36,long_kg,5000,5555.485327549574
homogeneous_0.1,36,past_state_genie,5000,5147.800288021628
homogeneous_0.1,36,long_kg,10000,11256.647616370949
homogeneous_0.1,36,past_state_genie,10000,10436.78055646932
homogeneous_0.1,36,long_kg,20000,22391.52979708757
homogeneous_0.1,36,past_state_genie,20000,20945.844560048758
homogeneous_0.1,36,long_kg,30000,33587.96588845519
homogeneous_0.1,36,past_state_genie,30000,31373.427491141974
homogeneous_0.1,37,long_kg,1000,1127.6798241322133
homogeneous_0.1,37,past_state_genie,1000,1028.419570286582
homogeneous_0.1,37,long_kg,2500,2749.1132780392522
homogeneous_0.1,37,past_state_genie,2500,2532.064368369786
homogeneous_0.1,37,long_kg,5000,5535.085829317818
homogeneous_0.1,37,past_state_genie,5000,5204.401786853036
homogeneous_0.1,37,long_kg,10000,10958.36624999399
homogeneous_0.1,37,past_state_genie,10000,10522.514081234545
homogeneous_0.1,37,long_kg,20000,22101.528227864044
homogeneous_0.1,37,past_state_genie,20000,20714.915214948418
homogeneous_0.1,37,long_kg,30000,33082.606244596056
homogeneous_0.1,37,past_state_genie,30000,31157.83497319078
homogeneous_0.1,38,long_kg,1000,1123.972436315144
homogeneous_0.1,38,past_state_genie,1000,1040.3471586756277
homogeneous_0.1,38,long_kg,2500,2848.465365902195
homogeneous_0.1,38,past_state_genie,2500,2588.281786489084
homogeneous_0.1,38,long_kg,5000,5629.829896321881
homogeneous_0.1,38,past_state_genie,5000,5223.560614774083
homogeneous_0.1,38,long_kg,10000,11246.318728604187
homogeneous_0.1,38,past_state_genie,10000,10519.492527380615
homogeneous_0.1,38,long_kg,20000,22397.063588332516
homogeneous_0.1,38,past_state_genie,20000,20987.62268495039
homogeneous_0.1,38,long_kg,30000,33464.63011901196
homogeneous_0.1,38,past_state_genie,30000,31454.466494146014
homogeneous_0.1,39,long_kg,1000,1141.3532840800997
homogeneous_0.1,39,past_state_genie,1000,1110.458324607013
homogeneous_0.1,39,long_kg,2500,2833.8930741099007
homogeneous_0.1,39,past_state_genie,2500,2733.9714959622124
homogeneous_0.1,39,long_kg,5000,5660.630511991265
homogeneous_0.1,39,past_state_genie,5000,5410.590742310493
homogeneous_0.1,39,long_kg,10000,11264.079031508683
homogeneous_0.1,39,past_state_genie,10000,10620.805842075986
homogeneous_0.1,39,long_kg,20000,22421.73890752903
homogeneous_0.1,39,past_state_genie,20000,20982.72085025272
homogeneous_0.1,39,long_kg,30000,33496.140600353414
homogeneous_0.1,39,past_state_genie,30000,31397.080481707624
homogeneous_0.99,0,long_kg,1000,132.71272428808163
homogeneous_0.99,0,past_state_genie,1000,7.215226160041806
homogeneous_0.99,0,long_kg,2500,418.76020012574963
homogeneous_0.99,0,past_state_genie,2500,33.067531715983705
homogeneous_0.99,0,long_kg,5000,819.4757080444207
homogeneous_0.99,0,past_state_genie,5000,64.22241298502703
homogeneous_0.99,0,long_kg,10000,1649.4106868960744
homogeneous_0.99,0,past_state_genie,10000,123.12751278930699
homogeneous_0.99,0,long_kg,20000,3272.084577652539
homogeneous_0.99,0,past_state_genie,20000,231.4162284195322
homogeneous_0.99,0,long_kg,30000,4869.028639559901
homogeneous_0.99,0,past_state_genie,30000,338.4668672582567
homogeneous_0.99,1,long_kg,1000,184.9769752618437
homogeneous_0.99,1,past_state_genie,1000,14.04375155770462
homogeneous_0.99,1,long_kg,2500,415.11367903718764
homogeneous_0.99,1,past_state_genie,2500,30.945059722608775
homogeneous_0.99,1,long_kg,5000,838.9565434904657
homogeneous_0.99,1,past_state_genie,5000,60.143225445564134
homogeneous_0.99,1,long_kg,10000,1604.6511571560566
homogeneous_0.99,1,past_state_genie,10000,108.19751807702116
homogeneous_0.99,1,long_kg,20000,3297.4732969039937
homogeneous_0.99,1,past_state_genie,20000,227.41584928444115
homogeneous_0.99,1,long_kg,30000,4936.848923587677
homogeneous_0.99,1,past_state_genie,30000,338.1017847679118
homogeneous_0.99,2,long_kg,1000,181.30841876502532
homogeneous_0.99,2,past_state_genie,1000,13.821338108565895
homogeneous_0.99,2,long_kg,2500,420.5599415043953
homogeneous_0.99,2,past_state_genie,2500,27.714318116847252
homogeneous_0.99,2,long_kg,5000,789.0564314242594
homogeneous_0.99,2,past_state_genie,5000,51.44277443764754
homogeneous_0.99,2,long_kg,10000,1599.1175704073537
homogeneous_0.99,2,past_state_genie,10000,103.34233487659736
homogeneous_0.99,2,long_kg,20000,3232.1818484301643
homogeneous_0.99,2,past_state_genie,20000,221.44088653588668
homogeneous_0.99,2,long_kg,30000,4932.764792376791
homogeneous_0.99,2,past_state_genie,30000,352.41024083951964
homogeneous_0.99,3,long_kg,1000,164.98278368505117
homogeneous_0.99,3,past_state_genie,1000,10.407076663816838
homogeneous_0.99,3,long_kg,2500,421.55535513428606
homogeneous_0.99,3,past_state_genie,2500,27.814340787446817
homogeneous_0.99,3,long_kg,5000,886.9338901622043
homogeneous_0.99,3,past_state_genie,5000,57.792870712720706
homogeneous_0.99,3,long_kg,10000,1665.0248305592718
homogeneous_0.99,3,past_state_genie,10000,113.8633705950286
homogeneous_0.99,3,long_kg,20000,3321.9333427421884
homogeneous_0.99,3,past_state_genie,20000,225.68316341211073
homogeneous_0.99,3,long_kg,30000,4955.690371939772
homogeneous_0.99,3,past_state_genie,30000,343.0278020669175
homogeneous_0.99,4,long_kg,1000,164.93067713462875
homogeneous_0.99,4,past_state_genie,1000,13.045382138266534
homogeneous_0.99,4,long_kg,2500,378.2652198465951
homogeneous_0.99,4,past_state_genie,2500,27.38147831622425
homogeneous_0.99,4,long_kg,5000,793.3957145212249
homogeneous_0.99,4,past_state_genie,5000,54.31263887019142
homogeneous_0.99,4,long_kg,10000,1623.4583800111486
homogeneous_0.99,4,past_state_genie,10000,103.91048521830842
homogeneous_0.99,4,long_kg,20000,3356.2381517265694
homogeneous_0.99,4,past_state_genie,20000,211.15958684759985
homogeneous_0.99,4,long_kg,30000,5069.6211887505415
homogeneous_0.99,4,past_state_genie,30000,329.0081920936385
homogeneous_0.99,5,long_kg,1000,166.57999045098694
homogeneous_0.99,5,past_state_genie,1000,8.991947895921589
homogeneous_0.99,5,long_kg,2500,400.18012405516015
homogeneous_0.99,5,past_state_genie,2500,28.031310611244493
homogeneous_0.99,5,long_kg,5000,870.8606071083502
homogeneous_0.99,5,past_state_genie,5000,63.08370845602667
homogeneous_0.99,5,long_kg,10000,1648.6172675431826
homogeneous_0.99,5,past_state_genie,10000,115.3243660925018
homogeneous_0.99,5,long_kg,20000,3266.660640510213
homogeneous_0.99,5,past_state_genie,20000,210.57007714882084
homogeneous_0.99,5,long_kg,30000,5009.52166415095
homogeneous_0.99,5,past_state_genie,30000,317.2782961483512
homogeneous_0.99,6,long_kg,1000,171.12670429292928
homogeneous_0.99,6,past_state_genie,1000,11.457810632233523
homogeneous_0.99,6,long_kg,2500,384.166425305691
homogeneous_0.99,6,past_state_genie,2500,19.995336607730884
homogeneous_0.99,6,long_kg,5000,734.3744703372596
homogeneous_0.99,6,past_state_genie,5000,37.16826213333453
homogeneous_0.99,6,long_kg,10000,1607.6302352686914
homogeneous_0.99,6,past_state_genie,10000,100.2869663649827
homogeneous_0.99,6,long_kg,20000,3424.919716571019
homogeneous_0.99,6,past_state_genie,20000,226.1979121882085
homogeneous_0.99,6,long_kg,30000,5172.144008584007
homogeneous_0.99,6,past_state_genie,30000,344.53198297600784
homogeneous_0.99,7,long_kg,1000,173.48603934789216
homogeneous_0.99,7,past_state_genie,1000,14.203451914765395
homogeneous_0.99,7,long_kg,2500,424.58578238945984
homogeneous_0.99,7,past_state_genie,2500,29.380305278514477
homogeneous_0.99,7,long_kg,5000,844.7153365774486
homogeneous_0.99,7,past_state_genie,5000,57.7587791181784
homogeneous_0.99,7,long_kg,10000,1631.4917028324328
homogeneous_0.99,7,past_state_genie,10000,106.76950692439628
homogeneous_0.99,7,long_kg,20000,3312.573660664313
homogeneous_0.99,7,past_state_genie,20000,228.8391602660154
homogeneous_0.99,7,long_kg,30000,4915.111698577551
homogeneous_0.99,7,past_state_genie,30000,338.0926659981123
homogeneous_0.99,8,long_kg,1000,167.54469453155446
homogeneous_0.99,8,past_state_genie,1000,10.512752663459464
homogeneous_0.99,8,long_kg,2500,432.77054535440027
homogeneous_0.99,8,past_state_genie,2500,31.198114836266104
homogeneous_0.99,8,long_kg,5000,860.8973647150202
homogeneous_0.99,8,past_state_genie,5000,59.30530092869021
homogeneous_0.99,8,long_kg,10000,1663.2425524101857
homogeneous_0.99,8,past_state_genie,10000,122.3717195958971
homogeneous_0.99,8,long_kg,20000,3440.2218657684703
homogeneous_0.99,8,past_state_genie,20000,248.92604341107926
homogeneous_0.99,8,long_kg,30000,5050.972899106691
homogeneous_0.99,8,past_state_genie,30000,363.86565403030977
homogeneous_0.99,9,long_kg,1000,153.18905425139926
homogeneous_0.99,9,past_state_genie,1000,9.742229858519735
homogeneous_0.99,9,long_kg,2500,418.75659833958713
homogeneous_0.99,9,past_state_genie,2500,28.57010071675373
homogeneous_0.99,9,long_kg,5000,825.6087724360684
homogeneous_0.99,9,past_state_genie,5000,58.2563398798714
homogeneous_0.99,9,long_kg,10000,1684.8148827471396
homogeneous_0.99,9,past_state_genie,10000,118.08546926111944
homogeneous_0.99,9,long_kg,20000,3310.4006006385316
homogeneous_0.99,9,past_state_genie,20000,231.14892878558578
homogeneous_0.99,9,long_kg,30000,4988.816746976716
homogeneous_0.99,9,past_state_genie,30000,351.1044987488522
homogeneous_0.99,10,long_kg,1000,166.78810182142536
homogeneous_0.99,10,past_state_genie,1000,9.800941075606174
homogeneous_0.99,10,long_kg,2500,412.9244950440318
homogeneous_0.99,10,past_state_genie,2500,23.94103815850954
homogeneous_0.99,10,long_kg,5000,811.5870598430984
homogeneous_0.99,10,past_state_genie,5000,61.315513725216
homogeneous_0.99,10,long_kg,10000,1651.240065148596
homogeneous_0.99,10,past_state_genie,10000,120.14614328178492
homogeneous_0.99,10,long_kg,20000,3254.607509319418
homogeneous_0.99,10,past_state_genie,20000,218.74572848579535
homogeneous_0.99,10,long_kg,30000,4949.402932862967
homogeneous_0.99,10,past_state_genie,30000,343.10083659057244
homogeneous_0.99,11,long_kg,1000,181.54606814944088
homogeneous_0.99,11,past_state_genie,1000,19.01391862079812
homogeneous_0.99,11,long_kg,2500,439.98780332844956
homogeneous_0.99,11,past_state_genie,2500,34.22520963193693
homogeneous_0.99,11,long_kg,5000,838.2090194132742
homogeneous_0.99,11,past_state_genie,5000,62.10008961151107
homogeneous_0.99,11,long_kg,10000,1606.8915195255258
homogeneous_0.99,11,past_state_genie,10000,117.77722200750937
homogeneous_0.99,11,long_kg,20000,3359.254962835038
homogeneous_0.99,11,past_state_genie,20000,238.850701774325
homogeneous_0.99,11,long_kg,30000,5032.7802132851975
homogeneous_0.99,11,past_state_genie,30000,357.07533047061435
homogeneous_0.99,12,long_kg,1000,176.2761285451982
homogeneous_0.99,12,past_state_genie,1000,12.94378441993476
homogeneous_0.99,12,long_kg,2500,410.08657603382363
homogeneous_0.99,12,past_state_genie,2500,27.806628667437828
homogeneous_0.99,12,long_kg,5000,787.6162037183593
homogeneous_0.99,12,past_state_genie,5000,58.29894052184548
homogeneous_0.99,12,long_kg,10000,1619.6519535016153
homogeneous_0.99,12,past_state_genie,10000,114.67726883469216
homogeneous_0.99,12,long_kg,20000,3444.716319811345
homogeneous_0.99,12,past_state_genie,20000,237.41563213275904
homogeneous_0.99,12,long_kg,30000,5107.910108207332
homogeneous_0.99,12,past_state_genie,30000,358.88758211526334
homogeneous_0.99,13,long_kg,1000,164.6763528543088
homogeneous_0.99,13,past_state_genie,1000,11.449281061473705
homogeneous_0.99,13,long_kg,2500,430.94290324795986
homogeneous_0.99,13,past_state_genie,2500,27.763066680745062
homogeneous_0.99,13,long_kg,5000,915.7895150349054
homogeneous_0.99,13,past_state_genie,5000,59.90991519666007
homogeneous_0.99,13,long_kg,10000,1756.3025715360352
homogeneous_0.99,13,past_state_genie,10000,114.54058475783033
homogeneous_0.99,13,long_kg,20000,3428.5358663726006
homogeneous_0.99,13,past_state_genie,20000,228.58196965596005
homogeneous_0.99,13,long_kg,30000,4957.082851056378
homogeneous_0.99,13,past_state_genie,30000,344.4799226299875
homogeneous_0.99,14,long_kg,1000,156.82445455926532
homogeneous_0.99,14,past_state_genie,1000,8.296227721242959
homogeneous_0.99,14,long_kg,2500,467.3961624894878
homogeneous_0.99,14,past_state_genie,2500,28.99988926097176
homogeneous_0.99,14,long_kg,5000,892.9030598798436
homogeneous_0.99,14,past_state_genie,5000,58.0117021829546
homogeneous_0.99,14,long_kg,10000,1740.2169187030927
homogeneous_0.99,14,past_state_genie,10000,117.11733621068663
homogeneous_0.99,14,long_kg,20000,3430.685357341216
homogeneous_0.99,14,past_state_genie,20000,238.71797763886048
homogeneous_0.99,14,long_kg,30000,4989.248060693725
homogeneous_0.99,14,past_state_genie,30000,332.48856218292235
homogeneous_0.99,15,long_kg,1000,161.34737722421826
homogeneous_0.99,15,past_state_genie,1000,11.026309096439535
homogeneous_0.99,15,long_kg,2500,397.1152064267412
homogeneous_0.99,15,past_state_genie,2500,26.617645069934348
homogeneous_0.99,15,long_kg,5000,816.7945159462575
homogeneous_0.99,15,past_state_genie,5000,56.46283420434061
homogeneous_0.99,15,long_kg,10000,1658.4865274690742
homogeneous_0.99,15,past_state_genie,10000,118.7112132857401
homogeneous_0.99,15,long_kg,20000,3309.8394602374433
homogeneous_0.99,15,past_state_genie,20000,223.83965144579176
homogeneous_0.99,15,long_kg,30000,5050.871623414621
homogeneous_0.99,15,past_state_genie,30000,335.76887604592434
homogeneous_0.99,16,long_kg,1000,142.85554684707026
homogeneous_0.99,16,past_state_genie,1000,8.383393297342927
homogeneous_0.99,16,long_kg,2500,406.7289557920763
homogeneous_0.99,16,past_state_genie,2500,25.91484672393032
homogeneous_0.99,16,long_kg,5000,817.9619725457572
homogeneous_0.99,16,past_state_genie,5000,54.73862794918114
homogeneous_0.99,16,long_kg,10000,1672.1535289275826
homogeneous_0.99,16,past_state_genie,10000,115.87482006918916
homogeneous_0.99,16,long_kg,20000,3418.519566996342
homogeneous_0.99,16,past_state_genie,20000,241.96761107537137
homogeneous_0.99,16,long_kg,30000,5090.40699197816
homogeneous_0.99,16,past_state_genie,30000,351.07964904187855
homogeneous_0.99,17,long_kg,1000,157.45080470257173
homogeneous_0.99,17,past_state_genie,1000,15.823018325052157
homogeneous_0.99,17,long_kg,2500,440.2166090002039
homogeneous_0.99,17,past_state_genie,2500,35.33266874698443
homogeneous_0.99,17,long_kg,5000,897.7786750130961
homogeneous_0.99,17,past_state_genie,5000,70.02375830831414
homogeneous_0.99,17,long_kg,10000,1720.8335320401334
homogeneous_0.99,17,past_state_genie,10000,126.22485285820365
homogeneous_0.99,17,long_kg,20000,3402.219210000101
homogeneous_0.99,17,past_state_genie,20000,240.03590287576105
homogeneous_0.99,17,long_kg,30000,5024.4886085951175
homogeneous_0.99,17,past_state_genie,30000,348.11826373543056
homogeneous_0.99,18,long_kg,1000,135.04859582586593
homogeneous_0.99,18,past_state_genie,1000,6.534882386525536
homogeneous_0.99,18,long_kg,2500,394.3035611514824
homogeneous_0.99,18,past_state_genie,2500,19.073095941623667
homogeneous_0.99,18,long_kg,5000,823.952325399633
homogeneous_0.99,18,past_state_genie,5000,48.81191533923828
homogeneous_0.99,18,long_kg,10000,1680.5914521789816
homogeneous_0.99,18,past_state_genie,10000,111.11718656926274
homogeneous_0.99,18,long_kg,20000,3345.344996878918
homogeneous_0.99,18,past_state_genie,20000,225.38410312759873
homogeneous_0.99,18,long_kg,30000,4995.2258015268435
homogeneous_0.99,18,past_state_genie,30000,351.75045238860855
homogeneous_0.99,19,long_kg,1000,154.03522781815283
homogeneous_0.99,19,past_state_genie,1000,10.687033620671968
homogeneous_0.99,19,long_kg,2500,423.7842517098471
homogeneous_0.99,19,past_state_genie,2500,29.032094033943086
homogeneous_0.99,19,long_kg,5000,836.3123443076512
homogeneous_0.99,19,past_state_genie,5000,53.5887124052717
homogeneous_0.99,19,long_kg,10000,1598.8371285157089
homogeneous_0.99,19,past_state_genie,10000,109.38618606865242
homogeneous_0.99,19,long_kg,20000,3289.7832924059526
homogeneous_0.99,19,past_state_genie,20000,224.2052781378095
homogeneous_0.99,19,long_kg,30000,4899.0554443221345
homogeneous_0.99,19,past_state_genie,30000,328.4715092829326
homogeneous_0.99,20,long_kg,1000,166.86850881588447
homogeneous_0.99,20,past_state_genie,1000,12.844124762230056
homogeneous_0.99,20,long_kg,2500,434.2675436392489
homogeneous_0.99,20,past_state_genie,2500,33.24757251678886
homogeneous_0.99,20,long_kg,5000,870.8523888932853
homogeneous_0.99,20,past_state_genie,5000,58.29777194434478
homogeneous_0.99,20,long_kg,10000,1703.072071866451
homogeneous_0.99,20,past_state_genie,10000,117.74099626040358
homogeneous_0.99,20,long_kg,20000,3338.9423773268577
homogeneous_0.99,20,past_state_genie,20000,228.45660209595985
homogeneous_0.99,20,long_kg,30000,5034.413600223938
homogeneous_0.99,20,past_state_genie,30000,343.7905021216814
homogeneous_0.99,21,long_kg,1000,196.09895079124544
homogeneous_0.99,21,past_state_genie,1000,16.69043445494732
homogeneous_0.99,21,long_kg,2500,414.02196953910516
homogeneous_0.99,21,past_state_genie,2500,28.454632553436653
homogeneous_0.99,21,long_kg,5000,887.8588481216728
homogeneous_0.99,21,past_state_genie,5000,61.016638916927
homogeneous_0.99,21,long_kg,10000,1786.0799521237047
homogeneous_0.99,21,past_state_genie,10000,113.9983653221582
homogeneous_0.99,21,long_kg,20000,3310.842926562312
homogeneous_0.99,21,past_state_genie,20000,213.2822755403789
homogeneous_0.99,21,long_kg,30000,4937.371644057372
homogeneous_0.99,21,past_state_genie,30000,319.53304962872016
homogeneous_0.99,22,long_kg,1000,164.48517997751378
homogeneous_0.99,22,past_state_genie,1000,9.50531663301509
homogeneous_0.99,22,long_kg,2500,410.00057501074957
homogeneous_0.99,22,past_state_genie,2500,30.547060485661767
homogeneous_0.99,22,long_kg,5000,840.2540368700197
homogeneous_0.99,22,past_state_genie,5000,63.10821557704178
homogeneous_0.99,22,long_kg,10000,1624.0199676333473
homogeneous_0.99,22,past_state_genie,10000,108.43541327342407
homogeneous_0.99,22,long_kg,20000,3189.823968619346
homogeneous_0.99,22,past_state_genie,20000,227.68859268642564
homogeneous_0.99,22,long_kg,30000,4735.79640577163
homogeneous_0.99,22,past_state_genie,30000,333.0924058823375
homogeneous_0.99,23,long_kg,1000,177.96106558827663
homogeneous_0.99,23,past_state_genie,1000,11.250636391648026
homogeneous_0.99,23,long_kg,2500,428.7327332772913
homogeneous_0.99,23,past_state_genie,2500,29.386512504128845
homogeneous_0.99,23,long_kg,5000,841.2854932668653
homogeneous_0.99,23,past_state_genie,5000,58.41926562304471
homogeneous_0.99,23,long_kg,10000,1723.6934316030079
homogeneous_0.99,23,past_state_genie,10000,114.07070154546594
homogeneous_0.99,23,long_kg,20000,3404.406645228546
homogeneous_0.99,23,past_state_genie,20000,229.94825130343338
homogeneous_0.99,23,long_kg,30000,5093.453489895483
homogeneous_0.99,23,past_state_genie,30000,356.81813750464397
homogeneous_0.99,24,long_kg,1000,180.38003240009942
homogeneous_0.99,24,past_state_genie,1000,12.93330261302931
homogeneous_0.99,24,long_kg,2500,480.7408770951757
homogeneous_0.99,24,past_state_genie,2500,31.52215147051927
homogeneous_0.99,24,long_kg,5000,860.2543828180773
homogeneous_0.99,24,past_state_genie,5000,53.68122049030437
homogeneous_0.99,24,long_kg,10000,1629.84431065418
homogeneous_0.99,24,past_state_genie,10000,107.24278458333026
homogeneous_0.99,24,long_kg,20000,3283.728611464002
homogeneous_0.99,24,past_state_genie,20000,219.7612507331194
homogeneous_0.99,24,long_kg,30000,4911.879963337267
homogeneous_0.99,24,past_state_genie,30000,338.1257616993251
homogeneous_0.99,25,long_kg,1000,185.23655448146943
homogeneous_0.99,25,past_state_genie,1000,13.436312538112443
homogeneous_0.99,25,long_kg,2500,411.49427983620154
homogeneous_0.99,25,past_state_genie,2500,27.93761867378644
homogeneous_0.99,25,long_kg,5000,774.8812249830681
homogeneous_0.99,25,past_state_genie,5000,54.98582775490351
homogeneous_0.99,25,long_kg,10000,1538.5065694349155
homogeneous_0.99,25,past_state_genie,10000,103.71539157793622
homogeneous_0.99,25,long_kg,20000,3255.1368242435815
homogeneous_0.99,25,past_state_genie,20000,213.94440323498623
homogeneous_0.99,25,long_kg,30000,4995.9587710238075
homogeneous_0.99,25,past_state_genie,30000,325.21979551389165
homogeneous_0.99,26,long_kg,1000,179.92943026203582
homogeneous_0.99,26,past_state_genie,1000,11.196620979949817
homogeneous_0.99,26,long_kg,2500,429.62351387098687
homogeneous_0.99,26,past_state_genie,2500,28.515922070196762
homogeneous_0.99,26,long_kg,5000,859.3844666535025
homogeneous_0.99,26,past_state_genie,5000,58.47211090867594
homogeneous_0.99,26,long_kg,10000,1769.4335961229135
homogeneous_0.99,26,past_state_genie,10000,119.18957089410644
homogeneous_0.99,26,long_kg,20000,3306.612054223355
homogeneous_0.99,26,past_state_genie,20000,219.24777039938368
homogeneous_0.99,26,long_kg,30000,5022.752127810024
homogeneous_0.99,26,past_state_genie,30000,340.8812503583064
homogeneous_0.99,27,long_kg,1000,143.0239968589282
homogeneous_0.99,27,past_state_genie,1000,9.64557468925617
homogeneous_0.99,27,long_kg,2500,415.1564403577643
homogeneous_0.99,27,past_state_genie,2500,29.492850484637145
homogeneous_0.99,27,long_kg,5000,834.6165723224054
homogeneous_0.99,27,past_state_genie,5000,60.59058029699895
homogeneous_0.99,27,long_kg,10000,1723.730545913126
homogeneous_0.99,27,past_state_genie,10000,119.91351510233451
homogeneous_0.99,27,long_kg,20000,3381.5357444344945
homogeneous_0.99,27,past_state_genie,20000,237.86293143545026
homogeneous_0.99,27,long_kg,30000,5140.245247135612
homogeneous_0.99,27,past_state_genie,30000,361.78869955947914
homogeneous_0.99,28,long_kg,1000,163.49777179403037
homogeneous_0.99,28,past_state_genie,1000,10.499158463087639
homogeneous_0.99,28,long_kg,2500,385.25171963200825
homogeneous_0.99,28,past_state_genie,2500,20.778868916740887
homogeneous_0.99,28,long_kg,5000,809.9190330096206
homogeneous_0.99,28,past_state_genie,5000,48.005618326451156
homogeneous_0.99,28,long_kg,10000,1703.2323481668802
homogeneous_0.99,28,past_state_genie,10000,121.22969036450615
homogeneous_0.99,28,long_kg,20000,3284.7388027899738
homogeneous_0.99,28,past_state_genie,20000,232.53139620090442
homogeneous_0.99,28,long_kg,30000,4949.552134292747
homogeneous_0.99,28,past_state_genie,30000,350.6229555409226
homogeneous_0.99,29,long_kg,1000,168.23494238695423
homogeneous_0.99,29,past_state_genie,1000,11.02315310979128
homogeneous_0.99,29,long_kg,2500,381.9170062528228
homogeneous_0.99,29,past_state_genie,2500,24.82090977513552
homogeneous_0.99,29,long_kg,5000,790.4501882338951
homogeneous_0.99,29,past_state_genie,5000,55.647324484943745
homogeneous_0.99,29,long_kg,10000,1638.2672276382912
homogeneous_0.99,29,past_state_genie,10000,121.7271234790478
homogeneous_0.99,29,long_kg,20000,3232.089839992438
homogeneous_0.99,29,past_state_genie,20000,224.81947087320268
homogeneous_0.99,29,long_kg,30000,4842.734011675415
homogeneous_0.99,29,past_state_genie,30000,329.7682225821013
homogeneous_0.99,30,long_kg,1000,149.05469602789336
homogeneous_0.99,30,past_state_genie,1000,9.722505154606097
homogeneous_0.99,30,long_kg,2500,389.64628276277375
homogeneous_0.99,30,past_state_genie,2500,26.814523100218175
homogeneous_0.99,30,long_kg,5000,756.6648723190459
homogeneous_0.99,30,past_state_genie,5000,51.34280929563442
homogeneous_0.99,30,long_kg,10000,1581.246250517281
homogeneous_0.99,30,past_state_genie,10000,109.60505988675887
homogeneous_0.99,30,long_kg,20000,3134.6713437556255
homogeneous_0.99,30,past_state_genie,20000,220.79332248417063
homogeneous_0.99,30,long_kg,30000,4711.658197270235
homogeneous_0.99,30,past_state_genie,30000,324.6121746032563
homogeneous_0.99,31,long_kg,1000,168.1469597317953
homogeneous_0.99,31,past_state_genie,1000,11.903479321074531
homogeneous_0.99,31,long_kg,2500,430.16522316679203
homogeneous_0.99,31,past_state_genie,2500,32.076805130627754
homogeneous_0.99,31,long_kg,5000,851.6567272365185
homogeneous_0.99,31,past_state_genie,5000,58.3864793844431
homogeneous_0.99,31,long_kg,10000,1672.6525777855798
homogeneous_0.99,31,past_state_genie,10000,115.03889842859428
homogeneous_0.99,31,long_kg,20000,3347.6708761890104
homogeneous_0.99,31,past_state_genie,20000,229.6059698198986
homogeneous_0.99,31,long_kg,30000,4909.423867636638
homogeneous_0.99,31,past_state_genie,30000,339.16549537090555
homogeneous_0.99,32,long_kg,1000,152.76441203952177
homogeneous_0.99,32,past_state_genie,1000,7.254936192773845
homogeneous_0.99,32,long_kg,2500,439.9638798670095
homogeneous_0.99,32,past_state_genie,2500,32.33060620844857
homogeneous_0.99,32,long_kg,5000,860.2529409462738
homogeneous_0.99,32,past_state_genie,5000,63.208479568699005
homogeneous_0.99,32,long_kg,10000,1540.155742757726
homogeneous_0.99,32,past_state_genie,10000,101.76222699982583
homogeneous_0.99,32,long_kg,20000,3160.972183539751
homogeneous_0.99,32,past_state_genie,20000,221.47312352066558
homogeneous_0.99,32,long_kg,30000,4889.995051828126
homogeneous_0.99,32,past_state_genie,30000,334.56730149840666
homogeneous_0.99,33,long_kg,1000,155.34920896025844
homogeneous_0.99,33,past_state_genie,1000,13.61068655470504
homogeneous_0.99,33,long_kg,2500,372.30793393069996
homogeneous_0.99,33,past_state_genie,2500,30.343135251269363
homogeneous_0.99,33,long_kg,5000,793.9810743870169
homogeneous_0.99,33,past_state_genie,5000,53.66708230142014
homogeneous_0.99,33,long_kg,10000,1615.9692227589176
homogeneous_0.99,33,past_state_genie,10000,105.73468345560345
homogeneous_0.99,33,long_kg,20000,3329.3730374262464
homogeneous_0.99,33,past_state_genie,20000,242.26191503813558
homogeneous_0.99,33,long_kg,30000,4983.232569961536
homogeneous_0.99,33,past_state_genie,30000,355.2871509084628
homogeneous_0.99,34,long_kg,1000,188.24777265180316
homogeneous_0.99,34,past_state_genie,1000,14.7776035767705
homogeneous_0.99,34,long_kg,2500,440.9698593573912
homogeneous_0.99,34,past_state_genie,2500,29.74228354094027
homogeneous_0.99,34,long_kg,5000,852.0183372713965
homogeneous_0.99,34,past_state_genie,5000,66.7612321497102
homogeneous_0.99,34,long_kg,10000,1727.488844194401
homogeneous_0.99,34,past_state_genie,10000,136.2840972813956
homogeneous_0.99,34,long_kg,20000,3279.0538912834736
homogeneous_0.99,34,past_state_genie,20000,239.26858804314304
homogeneous_0.99,34,long_kg,30000,4983.39805851626
homogeneous_0.99,34,past_state_genie,30000,381.482024589918
homogeneous_0.99,35,long_kg,1000,178.60868864676527
homogeneous_0.99,35,past_state_genie,1000,8.649720356165144
homogeneous_0.99,35,long_kg,2500,456.89535765400814
homogeneous_0.99,35,past_state_genie,2500,35.78316690347451
homogeneous_0.99,35,long_kg,5000,840.7719062740503
homogeneous_0.99,35,past_state_genie,5000,60.65799849019774
homogeneous_0.99,35,long_kg,10000,1696.6471371879531
homogeneous_0.99,35,past_state_genie,10000,122.175434161032
homogeneous_0.99,35,long_kg,20000,3367.592421244167
homogeneous_0.99,35,past_state_genie,20000,251.23559214333872
homogeneous_0.99,35,long_kg,30000,4876.940163908705
homogeneous_0.99,35,past_state_genie,30000,360.5967825711201
homogeneous_0.99,36,long_kg,1000,192.2353699186526
homogeneous_0.99,36,past_state_genie,1000,8.312870457984033
homogeneous_0.99,36,long_kg,2500,414.6587995920224
homogeneous_0.99,36,past_state_genie,2500,20.14809382702788
homogeneous_0.99,36,long_kg,5000,877.3429018073931
homogeneous_0.99,36,past_state_genie,5000,56.21186687114878
homogeneous_0.99,36,long_kg,10000,1745.7281541647874
homogeneous_0.99,36,past_state_genie,10000,121.687143934928
homogeneous_0.99,36,long_kg,20000,3334.0514453765823
homogeneous_0.99,36,past_state_genie,20000,244.184789473884
homogeneous_0.99,36,long_kg,30000,5101.399613357311
homogeneous_0.99,36,past_state_genie,30000,359.7083693371646
homogeneous_0.99,37,long_kg,1000,162.16802757868757
homogeneous_0.99,37,past_state_genie,1000,11.776657279938513
homogeneous_0.99,37,long_kg,2500,429.4996751465733
homogeneous_0.99,37,past_state_genie,2500,32.66104438084208
homogeneous_0.99,37,long_kg,5000,841.6796987012455
homogeneous_0.99,37,past_state_genie,5000,62.867028332979956
homogeneous_0.99,37,long_kg,10000,1622.9556444659188
homogeneous_0.99,37,past_state_genie,10000,111.53179315832628
homogeneous_0.99,37,long_kg,20000,3230.683709539496
homogeneous_0.99,37,past_state_genie,20000,226.86437963065868
homogeneous_0.99,37,long_kg,30000,4822.850365920537
homogeneous_0.99,37,past_state_genie,30000,348.3297181700538
homogeneous_0.99,38,long_kg,1000,144.0588062143862
homogeneous_0.99,38,past_state_genie,1000,9.544123822701115
homogeneous_0.99,38,long_kg,2500,418.64972773337706
homogeneous_0.99,38,past_state_genie,2500,29.357167126400206
homogeneous_0.99,38,long_kg,5000,830.2494359101375
homogeneous_0.99,38,past_state_genie,5000,61.35075251476891
homogeneous_0.99,38,long_kg,10000,1669.9016559183647
homogeneous_0.99,38,past_state_genie,10000,124.88532527336524
homogeneous_0.99,38,long_kg,20000,3329.997704706547
homogeneous_0.99,38,past_state_genie,20000,232.13037224895893
homogeneous_0.99,38,long_kg,30000,4956.465044001246
homogeneous_0.99,38,past_state_genie,30000,337.3756626355929
homogeneous_0.99,39,long_kg,1000,182.61493161762894
homogeneous_0.99,39,past_state_genie,1000,16.50556406521339
homogeneous_0.99,39,long_kg,2500,419.383001314899
homogeneous_0.99,39,past_state_genie,2500,27.42009154234295
homogeneous_0.99,39,long_kg,5000,830.305589577544
homogeneous_0.99,39,past_state_genie,5000,55.671457277037966
homogeneous_0.99,39,long_kg,10000,1620.6509582231938
homogeneous_0.99,39,past_state_genie,10000,114.11248862066125
homogeneous_0.99,39,long_kg,20000,3417.0276115110823
homogeneous_0.99,39,past_state_genie,20000,244.29111092865372
homogeneous_0.99,39,long_kg,30000,5134.282009180635
homogeneous_0.99,39,past_state_genie,30000,368.0468610194294
homogeneous_0.995,0,long_kg,1000,83.77579156562228
homogeneous_0.995,0,past_state_genie,1000,2.591161096331253
homogeneous_0.995,0,long_kg,2500,293.5129174865465
homogeneous_0.995,0,past_state_genie,2500,12.994359106059498
homogeneous_0.995,0,long_kg,5000,614.1257351910458
homogeneous_0.995,0,past_state_genie,5000,28.382432808805437
homogeneous_0.995,0,long_kg,10000,1198.5758246284713
homogeneous_0.995,0,past_state_genie,10000,56.878354785014125
homogeneous_0.995,0,long_kg,20000,2317.67264066224
homogeneous_0.995,0,past_state_genie,20000,113.89903779828579
homogeneous_0.995,0,long_kg,30000,3489.702914397977
homogeneous_0.995,0,past_state_genie,30000,161.2022057534451
homogeneous_0.995,1,long_kg,1000,127.06060406377637
homogeneous_0.995,1,past_state_genie,1000,8.278316932456661
homogeneous_0.995,1,long_kg,2500,298.0423832950291
homogeneous_0.995,1,past_state_genie,2500,15.792550354488368
homogeneous_0.995,1,long_kg,5000,577.4843116086788
homogeneous_0.995,1,past_state_genie,5000,30.737175655490272
homogeneous_0.995,1,long_kg,10000,1091.8714581822164
homogeneous_0.995,1,past_state_genie,10000,59.813794233497696
homogeneous_0.995,1,long_kg,20000,2280.870063459983
homogeneous_0.995,1,past_state_genie,20000,115.88642915706623
homogeneous_0.995,1,long_kg,30000,3435.047801661665
homogeneous_0.995,1,past_state_genie,30000,173.34958532050612
homogeneous_0.995,2,long_kg,1000,142.57026059263666
homogeneous_0.995,2,past_state_genie,1000,5.718252890642469
homogeneous_0.995,2,long_kg,2500,290.07109347860904
homogeneous_0.995,2,past_state_genie,2500,14.916783953628748
homogeneous_0.995,2,long_kg,5000,565.0873724418597
homogeneous_0.995,2,past_state_genie,5000,24.060945211807077
homogeneous_0.995,2,long_kg,10000,1141.451036497685
homogeneous_0.995,2,past_state_genie,10000,53.31163638728642
homogeneous_0.995,2,long_kg,20000,2277.160949722263
homogeneous_0.995,2,past_state_genie,20000,103.50092105133554
homogeneous_0.995,2,long_kg,30000,3529.5440736702453
homogeneous_0.995,2,past_state_genie,30000,164.76728572638868
homogeneous_0.995,3,long_kg,1000,116.27110790446609
homogeneous_0.995,3,past_state_genie,1000,3.4095742224011953
homogeneous_0.995,3,long_kg,2500,311.37306906527914
homogeneous_0.995,3,past_state_genie,2500,13.505603724653817
homogeneous_0.995,3,long_kg,5000,637.8066103112927
homogeneous_0.995,3,past_state_genie,5000,32.051577987107116
homogeneous_0.995,3,long_kg,10000,1177.3167700768115
homogeneous_0.995,3,past_state_genie,10000,64.33606727121064
homogeneous_0.995,3,long_kg,20000,2363.490085594865
homogeneous_0.995,3,past_state_genie,20000,120.32334460880917
homogeneous_0.995,3,long_kg,30000,3516.195066597702
homogeneous_0.995,3,past_state_genie,30000,169.38494025639196
homogeneous_0.995,4,long_kg,1000,112.64897535361929
homogeneous_0.995,4,past_state_genie,1000,7.641167464632149
homogeneous_0.995,4,long_kg,2500,250.7637922508733
homogeneous_0.995,4,past_state_genie,2500,13.141337701142033
homogeneous_0.995,4,long_kg,5000,530.0694884491578
homogeneous_0.995,4,past_state_genie,5000,29.544510949497898
homogeneous_0.995,4,long_kg,10000,1133.1960990775656
homogeneous_0.995,4,past_state_genie,10000,57.94938475097332
homogeneous_0.995,4,long_kg,20000,2376.433054569871
homogeneous_0.995,4,past_state_genie,20000,121.16359122306368
homogeneous_0.995,4,long_kg,30000,3585.2529574879127
homogeneous_0.995,4,past_state_genie,30000,182.15284045870098
homogeneous_0.995,5,long_kg,1000,133.70797668694243
homogeneous_0.995,5,past_state_genie,1000,3.6817845436617027
homogeneous_0.995,5,long_kg,2500,340.28362539512574
homogeneous_0.995,5,past_state_genie,2500,14.342346664358226
homogeneous_0.995,5,long_kg,5000,667.5854016604283
homogeneous_0.995,5,past_state_genie,5000,33.805110949414136
homogeneous_0.995,5,long_kg,10000,1243.1452730424853
homogeneous_0.995,5,past_state_genie,10000,66.09842241089345
homogeneous_0.995,5,long_kg,20000,2359.6327739015665
homogeneous_0.995,5,past_state_genie,20000,118.03800538482976
homogeneous_0.995,5,long_kg,30000,3596.984395823454
homogeneous_0.995,5,past_state_genie,30000,170.06216631694505
homogeneous_0.995,6,long_kg,1000,134.83926025864722
homogeneous_0.995,6,past_state_genie,1000,6.7302068663142425
homogeneous_0.995,6,long_kg,2500,272.22097094472196
homogeneous_0.995,6,past_state_genie,2500,11.972430654260755
homogeneous_0.995,6,long_kg,5000,495.9442628299895
homogeneous_0.995,6,past_state_genie,5000,22.677031119916148
homogeneous_0.995,6,long_kg,10000,1097.1403455814918
homogeneous_0.995,6,past_state_genie,10000,50.02714759470284
homogeneous_0.995,6,long_kg,20000,2431.4874514180383
homogeneous_0.995,6,past_state_genie,20000,113.59545936666272
homogeneous_0.995,6,long_kg,30000,3633.046658999566
homogeneous_0.995,6,past_state_genie,30000,175.22966499907864
homogeneous_0.995,7,long_kg,1000,124.04884024570936
homogeneous_0.995,7,past_state_genie,1000,6.909065099639978
homogeneous_0.995,7,long_kg,2500,294.9790993629374
homogeneous_0.995,7,past_state_genie,2500,17.862967605347716
homogeneous_0.995,7,long_kg,5000,599.3090902022886
homogeneous_0.995,7,past_state_genie,5000,33.18138048180966
homogeneous_0.995,7,long_kg,10000,1161.4443982660105
homogeneous_0.995,7,past_state_genie,10000,59.280909292043894
homogeneous_0.995,7,long_kg,20000,2389.0276746579475
homogeneous_0.995,7,past_state_genie,20000,127.13827023550151
homogeneous_0.995,7,long_kg,30000,3515.4185867166725
homogeneous_0.995,7,past_state_genie,30000,168.5198577780392
homogeneous_0.995,8,long_kg,1000,123.88789205661814
homogeneous_0.995,8,past_state_genie,1000,6.958992852319445
homogeneous_0.995,8,long_kg,2500,309.90802349299264
homogeneous_0.995,8,past_state_genie,2500,12.570850542571478
homogeneous_0.995,8,long_kg,5000,599.9507845806354
homogeneous_0.995,8,past_state_genie,5000,22.835087154222567
homogeneous_0.995,8,long_kg,10000,1181.2055328458837
homogeneous_0.995,8,past_state_genie,10000,54.25800393002985
homogeneous_0.995,8,long_kg,20000,2480.8620126857254
homogeneous_0.995,8,past_state_genie,20000,129.94005331515453
homogeneous_0.995,8,long_kg,30000,3646.702324409787
homogeneous_0.995,8,past_state_genie,30000,186.51404064008875
homogeneous_0.995,9,long_kg,1000,102.89568249027803
homogeneous_0.995,9,past_state_genie,1000,3.960027307427209
homogeneous_0.995,9,long_kg,2500,289.0184887960958
homogeneous_0.995,9,past_state_genie,2500,14.54727211647547
homogeneous_0.995,9,long_kg,5000,584.2999064014576
homogeneous_0.995,9,past_state_genie,5000,24.303492640409324
homogeneous_0.995,9,long_kg,10000,1175.4347386179059
homogeneous_0.995,9,past_state_genie,10000,54.6273185640846
homogeneous_0.995,9,long_kg,20000,2282.00938770576
homogeneous_0.995,9,past_state_genie,20000,108.52719836681628
homogeneous_0.995,9,long_kg,30000,3483.251076472433
homogeneous_0.995,9,past_state_genie,30000,170.9707383885518
homogeneous_0.995,10,long_kg,1000,98.50912351721115
homogeneous_0.995,10,past_state_genie,1000,3.791943216914699
homogeneous_0.995,10,long_kg,2500,277.3150273304592
homogeneous_0.995,10,past_state_genie,2500,15.061245468584008
homogeneous_0.995,10,long_kg,5000,556.3756882423339
homogeneous_0.995,10,past_state_genie,5000,29.728090194267743
homogeneous_0.995,10,long_kg,10000,1123.5338902823041
homogeneous_0.995,10,past_state_genie,10000,60.84764470413553
homogeneous_0.995,10,long_kg,20000,2257.832165778428
homogeneous_0.995,10,past_state_genie,20000,102.28564758770389
homogeneous_0.995,10,long_kg,30000,3409.7819925554686
homogeneous_0.995,10,past_state_genie,30000,162.9833190615227
homogeneous_0.995,11,long_kg,1000,145.83327985337706
homogeneous_0.995,11,past_state_genie,1000,7.141124105614944
homogeneous_0.995,11,long_kg,2500,347.7898629345395
homogeneous_0.995,11,past_state_genie,2500,17.638733268630816
homogeneous_0.995,11,long_kg,5000,646.6262741114389
homogeneous_0.995,11,past_state_genie,5000,26.323274083706313
homogeneous_0.995,11,long_kg,10000,1190.8217047624921
homogeneous_0.995,11,past_state_genie,10000,49.82825219676467
homogeneous_0.995,11,long_kg,20000,2454.4101955100473
homogeneous_0.995,11,past_state_genie,20000,108.88680509128919
homogeneous_0.995,11,long_kg,30000,3649.1387940491927
homogeneous_0.995,11,past_state_genie,30000,174.06593517061373
homogeneous_0.995,12,long_kg,1000,150.13318212261888
homogeneous_0.995,12,past_state_genie,1000,7.473167878690141
homogeneous_0.995,12,long_kg,2500,296.4114272629811
homogeneous_0.995,12,past_state_genie,2500,13.630197159460227
homogeneous_0.995,12,long_kg,5000,615.0777456098972
homogeneous_0.995,12,past_state_genie,5000,30.096101986059246
homogeneous_0.995,12,long_kg,10000,1206.9490720028646
homogeneous_0.995,12,past_state_genie,10000,53.00003808547536
homogeneous_0.995,12,long_kg,20000,2472.243487676702
homogeneous_0.995,12,past_state_genie,20000,112.08768352531625
homogeneous_0.995,12,long_kg,30000,3629.38017817445
homogeneous_0.995,12,past_state_genie,30000,178.1075340409643
homogeneous_0.995,13,long_kg,1000,101.63223101521757
homogeneous_0.995,13,past_state_genie,1000,4.336408880290361
homogeneous_0.995,13,long_kg,2500,299.6799204816353
homogeneous_0.995,13,past_state_genie,2500,13.514651132301774
homogeneous_0.995,13,long_kg,5000,674.2189074500476
homogeneous_0.995,13,past_state_genie,5000,32.41682952478356
homogeneous_0.995,13,long_kg,10000,1290.8991989347214
homogeneous_0.995,13,past_state_genie,10000,61.14590547020979
homogeneous_0.995,13,long_kg,20000,2495.545320747861
homogeneous_0.995,13,past_state_genie,20000,122.33481697445983
homogeneous_0.995,13,long_kg,30000,3588.4730481434144
homogeneous_0.995,13,past_state_genie,30000,183.38218167353955
homogeneous_0.995,14,long_kg,1000,97.28042719125929
homogeneous_0.995,14,past_state_genie,1000,2.0101870870664964
homogeneous_0.995,14,long_kg,2500,318.5501067756936
homogeneous_0.995,14,past_state_genie,2500,13.982136567119248
homogeneous_0.995,14,long_kg,5000,623.4934421431725
homogeneous_0.995,14,past_state_genie,5000,27.59696973871966
homogeneous_0.995,14,long_kg,10000,1227.7684443990233
homogeneous_0.995,14,past_state_genie,10000,56.00592079163861
homogeneous_0.995,14,long_kg,20000,2436.5026603756296
homogeneous_0.995,14,past_state_genie,20000,123.06994340493391
homogeneous_0.995,14,long_kg,30000,3504.3008223567736
homogeneous_0.995,14,past_state_genie,30000,174.88452717033982
homogeneous_0.995,15,long_kg,1000,129.18304760657887
homogeneous_0.995,15,past_state_genie,1000,5.070473238008473
homogeneous_0.995,15,long_kg,2500,288.43072837723395
homogeneous_0.995,15,past_state_genie,2500,13.888861664809909
homogeneous_0.995,15,long_kg,5000,564.948528030415
homogeneous_0.995,15,past_state_genie,5000,24.69225315827846
homogeneous_0.995,15,long_kg,10000,1174.3608033932583
homogeneous_0.995,15,past_state_genie,10000,60.981402449531
homogeneous_0.995,15,long_kg,20000,2339.044004457136
homogeneous_0.995,15,past_state_genie,20000,112.50598501521931
homogeneous_0.995,15,long_kg,30000,3536.564263732427
homogeneous_0.995,15,past_state_genie,30000,171.5992900886003
homogeneous_0.995,16,long_kg,1000,97.59350054852722
homogeneous_0.995,16,past_state_genie,1000,2.4145653601185826
homogeneous_0.995,16,long_kg,2500,266.77531133746106
homogeneous_0.995,16,past_state_genie,2500,11.043336154573744
homogeneous_0.995,16,long_kg,5000,547.3783325268286
homogeneous_0.995,16,past_state_genie,5000,25.21425760937121
homogeneous_0.995,16,long_kg,10000,1134.0035067454207
homogeneous_0.995,16,past_state_genie,10000,51.287348006693136
homogeneous_0.995,16,long_kg,20000,2365.96303688512
homogeneous_0.995,16,past_state_genie,20000,119.48172254056776
homogeneous_0.995,16,long_kg,30000,3541.4620564992256
homogeneous_0.995,16,past_state_genie,30000,168.7792680649099
homogeneous_0.995,17,long_kg,1000,105.88814708270023
homogeneous_0.995,17,past_state_genie,1000,8.883747501488227
homogeneous_0.995,17,long_kg,2500,314.42186007876563
homogeneous_0.995,17,past_state_genie,2500,19.809796952280276
homogeneous_0.995,17,long_kg,5000,627.1688765502382
homogeneous_0.995,17,past_state_genie,5000,36.209587475317306
homogeneous_0.995,17,long_kg,10000,1227.0080833824973
homogeneous_0.995,17,past_state_genie,10000,70.09977365977619
homogeneous_0.995,17,long_kg,20000,2437.9286353455927
homogeneous_0.995,17,past_state_genie,20000,127.17234047545236
homogeneous_0.995,17,long_kg,30000,3621.313810967685
homogeneous_0.995,17,past_state_genie,30000,188.55022385513186
homogeneous_0.995,18,long_kg,1000,81.9881781516071
homogeneous_0.995,18,past_state_genie,1000,2.6283943024853396
homogeneous_0.995,18,long_kg,2500,262.9241309574477
homogeneous_0.995,18,past_state_genie,2500,8.17464121407718
homogeneous_0.995,18,long_kg,5000,575.7165796858417
homogeneous_0.995,18,past_state_genie,5000,21.557101431241144
homogeneous_0.995,18,long_kg,10000,1189.2829125159944
homogeneous_0.995,18,past_state_genie,10000,53.54627077064892
homogeneous_0.995,18,long_kg,20000,2352.607192416522
homogeneous_0.995,18,past_state_genie,20000,105.7787200235843
homogeneous_0.995,18,long_kg,30000,3497.231469371675
homogeneous_0.995,18,past_state_genie,30000,161.46185455853723
homogeneous_0.995,19,long_kg,1000,107.74968395663267
homogeneous_0.995,19,past_state_genie,1000,5.483142787432878
homogeneous_0.995,19,long_kg,2500,290.38154692249026
homogeneous_0.995,19,past_state_genie,2500,14.87016581242237
homogeneous_0.995,19,long_kg,5000,582.7243011474982
homogeneous_0.995,19,past_state_genie,5000,23.199512774447882
homogeneous_0.995,19,long_kg,10000,1128.0642428454773
homogeneous_0.995,19,past_state_genie,10000,53.56178338852549
homogeneous_0.995,19,long_kg,20000,2322.0364674550283
homogeneous_0.995,19,past_state_genie,20000,109.48572442988112
homogeneous_0.995,19,long_kg,30000,3380.940625888902
homogeneous_0.995,19,past_state_genie,30000,157.13518645019752
homogeneous_0.995,20,long_kg,1000,99.4725618698488
homogeneous_0.995,20,past_state_genie,1000,5.008758925876259
homogeneous_0.995,20,long_kg,2500,291.2209920163139
homogeneous_0.995,20,past_state_genie,2500,14.16091413633431
homogeneous_0.995,20,long_kg,5000,595.636214452904
homogeneous_0.995,20,past_state_genie,5000,25.56667947805948
homogeneous_0.995,20,long_kg,10000,1230.4705028471476
homogeneous_0.995,20,past_state_genie,10000,60.1095858930946
homogeneous_0.995,20,long_kg,20000,2341.8854705952313
homogeneous_0.995,20,past_state_genie,20000,111.4439962432882
homogeneous_0.995,20,long_kg,30000,3550.7571775485894
homogeneous_0.995,20,past_state_genie,30000,167.97638898908514
homogeneous_0.995,21,long_kg,1000,142.6375653744297
homogeneous_0.995,21,past_state_genie,1000,7.8183849593637715
homogeneous_0.995,21,long_kg,2500,298.4967501560534
homogeneous_0.995,21,past_state_genie,2500,14.183456709923169
homogeneous_0.995,21,long_kg,5000,622.8988499639894
homogeneous_0.995,21,past_state_genie,5000,31.67033847681123
homogeneous_0.995,21,long_kg,10000,1227.1702174077343
homogeneous_0.995,21,past_state_genie,10000,59.67835227940906
homogeneous_0.995,21,long_kg,20000,2259.117431470532
homogeneous_0.995,21,past_state_genie,20000,103.7662125769828
homogeneous_0.995,21,long_kg,30000,3363.3071386343554
homogeneous_0.995,21,past_state_genie,30000,154.10461624336713
homogeneous_0.995,22,long_kg,1000,123.84984986432264
homogeneous_0.995,22,past_state_genie,1000,4.797562397486299
homogeneous_0.995,22,long_kg,2500,299.2167901475831
homogeneous_0.995,22,past_state_genie,2500,14.075832607932341
homogeneous_0.995,22,long_kg,5000,581.1132360905366
homogeneous_0.995,22,past_state_genie,5000,26.94938214199166
homogeneous_0.995,22,long_kg,10000,1118.9230476776158
homogeneous_0.995,22,past_state_genie,10000,53.38534381813829
homogeneous_0.995,22,long_kg,20000,2181.56202186465
homogeneous_0.995,22,past_state_genie,20000,107.83504056195854
homogeneous_0.995,22,long_kg,30000,3288.4809729490075
homogeneous_0.995,22,past_state_genie,30000,157.0572297647772
homogeneous_0.995,23,long_kg,1000,123.02822653350061
homogeneous_0.995,23,past_state_genie,1000,7.013842893398806
homogeneous_0.995,23,long_kg,2500,296.1543756268751
homogeneous_0.995,23,past_state_genie,2500,18.155944269060605
homogeneous_0.995,23,long_kg,5000,574.0737630527968
homogeneous_0.995,23,past_state_genie,5000,31.071449475036506
homogeneous_0.995,23,long_kg,10000,1198.7360325433406
homogeneous_0.995,23,past_state_genie,10000,55.55905287276889
homogeneous_0.995,23,long_kg,20000,2411.104495755883
homogeneous_0.995,23,past_state_genie,20000,110.3594670425867
homogeneous_0.995,23,long_kg,30000,3650.1828216152862
homogeneous_0.995,23,past_state_genie,30000,174.35015627920288
homogeneous_0.995,24,long_kg,1000,125.34281204695232
homogeneous_0.995,24,past_state_genie,1000,8.136329598741398
homogeneous_0.995,24,long_kg,2500,330.87427163462564
homogeneous_0.995,24,past_state_genie,2500,21.298031618755104
homogeneous_0.995,24,long_kg,5000,581.2842430866993
homogeneous_0.995,24,past_state_genie,5000,31.08235695195857
homogeneous_0.995,24,long_kg,10000,1125.9049349538054
homogeneous_0.995,24,past_state_genie,10000,59.882213125231665
homogeneous_0.995,24,long_kg,20000,2301.0893025502883
homogeneous_0.995,24,past_state_genie,20000,111.23555313659595
homogeneous_0.995,24,long_kg,30000,3469.0666298800675
homogeneous_0.995,24,past_state_genie,30000,168.78610894503322
homogeneous_0.995,25,long_kg,1000,134.9994672287065
homogeneous_0.995,25,past_state_genie,1000,8.183887711952039
homogeneous_0.995,25,long_kg,2500,289.58562797086967
homogeneous_0.995,25,past_state_genie,2500,18.470712765119142
homogeneous_0.995,25,long_kg,5000,532.6526960935121
homogeneous_0.995,25,past_state_genie,5000,33.76430707308826
homogeneous_0.995,25,long_kg,10000,1064.540229890146
homogeneous_0.995,25,past_state_genie,10000,57.80317987011541
homogeneous_0.995,25,long_kg,20000,2264.6542199656983
homogeneous_0.995,25,past_state_genie,20000,118.89191317248918
homogeneous_0.995,25,long_kg,30000,3500.4795969620764
homogeneous_0.995,25,past_state_genie,30000,183.20816464269805
homogeneous_0.995,26,long_kg,1000,129.47906704280842
homogeneous_0.995,26,past_state_genie,1000,5.97659905156793
homogeneous_0.995,26,long_kg,2500,310.1915867382387
homogeneous_0.995,26,past_state_genie,2500,12.948797330262787
homogeneous_0.995,26,long_kg,5000,624.4729168060418
homogeneous_0.995,26,past_state_genie,5000,28.899459352181765
homogeneous_0.995,26,long_kg,10000,1238.7778032843948
homogeneous_0.995,26,past_state_genie,10000,62.921048818059354
homogeneous_0.995,26,long_kg,20000,2354.6377240391525
homogeneous_0.995,26,past_state_genie,20000,115.76666870648033
homogeneous_0.995,26,long_kg,30000,3564.118158456997
homogeneous_0.995,26,past_state_genie,30000,172.73011245706925
homogeneous_0.995,27,long_kg,1000,112.21759515231032
homogeneous_0.995,27,past_state_genie,1000,6.606138942602038
homogeneous_0.995,27,long_kg,2500,293.40865260830606
homogeneous_0.995,27,past_state_genie,2500,15.636286823899903
homogeneous_0.995,27,long_kg,5000,618.8085170791691
homogeneous_0.995,27,past_state_genie,5000,30.990711790604443
homogeneous_0.995,27,long_kg,10000,1274.8753001281127
homogeneous_0.995,27,past_state_genie,10000,63.2439698883051
homogeneous_0.995,27,long_kg,20000,2452.5941078733185
homogeneous_0.995,27,past_state_genie,20000,124.20945705566528
homogeneous_0.995,27,long_kg,30000,3710.4260578647613
homogeneous_0.995,27,past_state_genie,30000,177.43099685070567
homogeneous_0.995,28,long_kg,1000,118.71805225473679
homogeneous_0.995,28,past_state_genie,1000,5.923631978350811
homogeneous_0.995,28,long_kg,2500,263.2428962173092
homogeneous_0.995,28,past_state_genie,2500,11.625817785884035
homogeneous_0.995,28,long_kg,5000,581.5627830447247
homogeneous_0.995,28,past_state_genie,5000,27.481235389965253
homogeneous_0.995,28,long_kg,10000,1225.2672441255038
homogeneous_0.995,28,past_state_genie,10000,62.910713731921966
homogeneous_0.995,28,long_kg,20000,2365.118363671043
homogeneous_0.995,28,past_state_genie,20000,114.88433835802925
homogeneous_0.995,28,long_kg,30000,3558.0627563211533
homogeneous_0.995,28,past_state_genie,30000,175.23657306125142
homogeneous_0.995,29,long_kg,1000,140.76462386781188
homogeneous_0.995,29,past_state_genie,1000,8.046113110924692
homogeneous_0.995,29,long_kg,2500,305.6581165453259
homogeneous_0.995,29,past_state_genie,2500,17.091577503494886
homogeneous_0.995,29,long_kg,5000,620.7529453118873
homogeneous_0.995,29,past_state_genie,5000,32.73354133609773
homogeneous_0.995,29,long_kg,10000,1213.2662095738617
homogeneous_0.995,29,past_state_genie,10000,59.901024237064405
homogeneous_0.995,29,long_kg,20000,2338.477022557363
homogeneous_0.995,29,past_state_genie,20000,102.05327271729277
homogeneous_0.995,29,long_kg,30000,3479.6033842637808
homogeneous_0.995,29,past_state_genie,30000,155.5133131895079
homogeneous_0.995,30,long_kg,1000,100.3558346552942
homogeneous_0.995,30,past_state_genie,1000,4.211658921510553
homogeneous_0.995,30,long_kg,2500,272.33564695986996
homogeneous_0.995,30,past_state_genie,2500,13.119129853505102
homogeneous_0.995,30,long_kg,5000,529.890347152931
homogeneous_0.995,30,past_state_genie,5000,25.16288872192689
homogeneous_0.995,30,long_kg,10000,1104.8409485427803
homogeneous_0.995,30,past_state_genie,10000,50.08414519449112
homogeneous_0.995,30,long_kg,20000,2236.150531408553
homogeneous_0.995,30,past_state_genie,20000,110.20796081054283
homogeneous_0.995,30,long_kg,30000,3287.410905359416
homogeneous_0.995,30,past_state_genie,30000,163.5831571155832
homogeneous_0.995,31,long_kg,1000,111.32243884598624
homogeneous_0.995,31,past_state_genie,1000,6.404964104059017
homogeneous_0.995,31,long_kg,2500,270.2533570304309
homogeneous_0.995,31,past_state_genie,2500,15.456055757713901
homogeneous_0.995,31,long_kg,5000,582.8460694990504
homogeneous_0.995,31,past_state_genie,5000,27.436318089679013
homogeneous_0.995,31,long_kg,10000,1178.8369263514028
homogeneous_0.995,31,past_state_genie,10000,56.098588480210026
homogeneous_0.995,31,long_kg,20000,2349.968350548248
homogeneous_0.995,31,past_state_genie,20000,108.56308547466581
homogeneous_0.995,31,long_kg,30000,3422.0051247289225
homogeneous_0.995,31,past_state_genie,30000,165.90554467415456
homogeneous_0.995,32,long_kg,1000,95.26861398300444
homogeneous_0.995,32,past_state_genie,1000,3.7189351528772816
homogeneous_0.995,32,long_kg,2500,341.56389935185973
homogeneous_0.995,32,past_state_genie,2500,15.7378186469299
homogeneous_0.995,32,long_kg,5000,654.8723063423746
homogeneous_0.995,32,past_state_genie,5000,33.04482540537817
homogeneous_0.995,32,long_kg,10000,1101.1637231316229
homogeneous_0.995,32,past_state_genie,10000,52.51678706668066
homogeneous_0.995,32,long_kg,20000,2199.9129994090486
homogeneous_0.995,32,past_state_genie,20000,110.9465274322664
homogeneous_0.995,32,long_kg,30000,3368.177513534468
homogeneous_0.995,32,past_state_genie,30000,160.8749708752144
homogeneous_0.995,33,long_kg,1000,100.95233371419579
homogeneous_0.995,33,past_state_genie,1000,6.400640779966508
homogeneous_0.995,33,long_kg,2500,241.90548149983815
homogeneous_0.995,33,past_state_genie,2500,12.744877345905026
homogeneous_0.995,33,long_kg,5000,559.8912216126292
homogeneous_0.995,33,past_state_genie,5000,26.693563967019497
homogeneous_0.995,33,long_kg,10000,1134.3730015673705
homogeneous_0.995,33,past_state_genie,10000,54.53784028079265
homogeneous_0.995,33,long_kg,20000,2339.10282661749
homogeneous_0.995,33,past_state_genie,20000,121.80597999246488
homogeneous_0.995,33,long_kg,30000,3466.6905059929823
homogeneous_0.995,33,past_state_genie,30000,177.74599308945085
homogeneous_0.995,34,long_kg,1000,136.358025772992
homogeneous_0.995,34,past_state_genie,1000,5.481033790622661
homogeneous_0.995,34,long_kg,2500,329.97595318444166
homogeneous_0.995,34,past_state_genie,2500,13.216436479771197
homogeneous_0.995,34,long_kg,5000,627.0504892400742
homogeneous_0.995,34,past_state_genie,5000,33.86736898912203
homogeneous_0.995,34,long_kg,10000,1263.3533285072508
homogeneous_0.995,34,past_state_genie,10000,70.47212353038339
homogeneous_0.995,34,long_kg,20000,2287.039883160029
homogeneous_0.995,34,past_state_genie,20000,123.1691816233265
homogeneous_0.995,34,long_kg,30000,3593.285259487593
homogeneous_0.995,34,past_state_genie,30000,202.9261718183958
homogeneous_0.995,35,long_kg,1000,148.25093159777063
homogeneous_0.995,35,past_state_genie,1000,6.5002307863776725
homogeneous_0.995,35,long_kg,2500,360.9027106707502
homogeneous_0.995,35,past_state_genie,2500,17.899180148218832
homogeneous_0.995,35,long_kg,5000,599.1145892652258
homogeneous_0.995,35,past_state_genie,5000,28.619813254262453
homogeneous_0.995,35,long_kg,10000,1220.3053124139426
homogeneous_0.995,35,past_state_genie,10000,58.133361533411424
homogeneous_0.995,35,long_kg,20000,2432.520233680613
homogeneous_0.995,35,past_state_genie,20000,121.5083409223749
homogeneous_0.995,35,long_kg,30000,3428.8174594961397
homogeneous_0.995,35,past_state_genie,30000,168.0540055939619
homogeneous_0.995,36,long_kg,1000,137.24711927295104
homogeneous_0.995,36,past_state_genie,1000,6.3659752734517525
homogeneous_0.995,36,long_kg,2500,293.2552232794174
homogeneous_0.995,36,past_state_genie,2500,13.58177106132166
homogeneous_0.995,36,long_kg,5000,630.0199423362234
homogeneous_0.995,36,past_state_genie,5000,28.466831830775245
homogeneous_0.995,36,long_kg,10000,1228.4092271278803
homogeneous_0.995,36,past_state_genie,10000,60.03701498184869
homogeneous_0.995,36,long_kg,20000,2376.1867225897704
homogeneous_0.995,36,past_state_genie,20000,119.54859986748376
homogeneous_0.995,36,long_kg,30000,3672.6697530221327
homogeneous_0.995,36,past_state_genie,30000,181.76095022024333
homogeneous_0.995,37,long_kg,1000,117.22166210557815
homogeneous_0.995,37,past_state_genie,1000,4.652950710438151
homogeneous_0.995,37,long_kg,2500,307.39752324098305
homogeneous_0.995,37,past_state_genie,2500,12.39340945953953
homogeneous_0.995,37,long_kg,5000,577.2825653990384
homogeneous_0.995,37,past_state_genie,5000,22.005316169746298
homogeneous_0.995,37,long_kg,10000,1092.3442925149511
homogeneous_0.995,37,past_state_genie,10000,41.90919799534845
homogeneous_0.995,37,long_kg,20000,2225.093603088254
homogeneous_0.995,37,past_state_genie,20000,101.92468053358864
homogeneous_0.995,37,long_kg,30000,3309.3749181084872
homogeneous_0.995,37,past_state_genie,30000,155.4142662481153
homogeneous_0.995,38,long_kg,1000,92.8482493682406
homogeneous_0.995,38,past_state_genie,1000,5.039321366209963
homogeneous_0.995,38,long_kg,2500,283.28658234046065
homogeneous_0.995,38,past_state_genie,2500,13.10951793600158
homogeneous_0.995,38,long_kg,5000,568.4334257062197
homogeneous_0.995,38,past_state_genie,5000,25.269037656881572
homogeneous_0.995,38,long_kg,10000,1140.872011050216
homogeneous_0.995,38,past_state_genie,10000,60.93446956413991
homogeneous_0.995,38,long_kg,20000,2206.705699185443
homogeneous_0.995,38,past_state_genie,20000,113.21931986917872
homogeneous_0.995,38,long_kg,30000,3344.9508095836063
homogeneous_0.995,38,past_state_genie,30000,171.38700924192
homogeneous_0.995,39,long_kg,1000,130.5844460776093
homogeneous_0.995,39,past_state_genie,1000,4.960290923037832
homogeneous_0.995,39,long_kg,2500,307.7333391049151
homogeneous_0.995,39,past_state_genie,2500,13.907371843809115
homogeneous_0.995,39,long_kg,5000,587.2494321370679
homogeneous_0.995,39,past_state_genie,5000,25.94273298840745
homogeneous_0.995,39,long_kg,10000,1174.0273080636655
homogeneous_0.995,39,past_state_genie,10000,55.7160308505355
homogeneous_0.995,39,long_kg,20000,2440.5536246336524
homogeneous_0.995,39,past_state_genie,20000,123.67387897332564
homogeneous_0.995,39,long_kg,30000,3650.44289803919
homogeneous_0.995,39,past_state_genie,30000,190.72101552674846
