phi,rho,level_spread,world,policy,oracle_loss_per_round,mean_pseudo_regret_per_round,horizon,prefix_readings
0.0,0.0,0.25,0,iid_ts,1.6228601837612655,0.01589999999999998,500,1920
0.0,0.0,0.25,0,discounted_ts,1.7631611641267546,0.09293333333333334,500,1920
0.0,0.0,0.25,0,ar_greedy,1.6826995241903906,0.006299999999999983,500,1920
0.0,0.0,0.25,0,ar_ucb,1.7015464309820032,0.01979999999999998,500,1920
0.0,0.0,0.25,0,st_greedy,1.6826995241903906,0.006299999999999983,500,1920
0.0,0.0,0.25,0,st_ucb,1.7015464309820032,0.01979999999999998,500,1920
0.0,0.0,0.25,0,corrupt_ucb,1.7015464309820032,0.01979999999999998,500,1920
0.0,0.0,0.25,1,iid_ts,1.859290800882824,0.10196666666666697,500,1920
0.0,0.0,0.25,1,discounted_ts,1.9177656540051884,0.10806666666666667,500,1920
0.0,0.0,0.25,1,ar_greedy,1.79071020850069,0.10626666666666681,500,1920
0.0,0.0,0.25,1,ar_ucb,1.8662253811237253,0.09886666666666603,500,1920
0.0,0.0,0.25,1,st_greedy,1.79071020850069,0.10626666666666681,500,1920
0.0,0.0,0.25,1,st_ucb,1.8662253811237253,0.09886666666666603,500,1920
0.0,0.0,0.25,1,corrupt_ucb,1.8662253811237253,0.09886666666666603,500,1920
0.0,0.0,0.25,2,iid_ts,1.6687786323490157,0.04060000000000013,500,1920
0.0,0.0,0.25,2,discounted_ts,1.7481308890577247,0.10653333333333333,500,1920
0.0,0.0,0.25,2,ar_greedy,1.6369738867036538,0.01636666666666663,500,1920
0.0,0.0,0.25,2,ar_ucb,1.6381161263267632,0.016966666666666665,500,1920
0.0,0.0,0.25,2,st_greedy,1.6369738867036538,0.01636666666666663,500,1920
0.0,0.0,0.25,2,st_ucb,1.6381161263267632,0.016966666666666665,500,1920
0.0,0.0,0.25,2,corrupt_ucb,1.6381161263267632,0.016966666666666665,500,1920
0.0,0.0,0.25,3,iid_ts,1.7308172852206454,0.042366666666666816,500,1920
0.0,0.0,0.25,3,discounted_ts,1.8129901565074733,0.10536666666666668,500,1920
0.0,0.0,0.25,3,ar_greedy,1.6790881876932062,0.017066666666666612,500,1920
0.0,0.0,0.25,3,ar_ucb,1.6758147887474746,0.007833333333333322,500,1920
0.0,0.0,0.25,3,st_greedy,1.6790881876932062,0.017066666666666612,500,1920
0.0,0.0,0.25,3,st_ucb,1.6758147887474746,0.007833333333333322,500,1920
0.0,0.0,0.25,3,corrupt_ucb,1.6758147887474746,0.007833333333333322,500,1920
0.0,0.0,0.25,4,iid_ts,1.6953021118724514,0.05063333333333332,500,1920
0.0,0.0,0.25,4,discounted_ts,1.7401769978812611,0.10476666666666663,500,1920
0.0,0.0,0.25,4,ar_greedy,1.6246351409108746,0.0038666666666666654,500,1920
0.0,0.0,0.25,4,ar_ucb,1.6697638343907173,0.019066666666666666,500,1920
0.0,0.0,0.25,4,st_greedy,1.6246351409108746,0.0038666666666666654,500,1920
0.0,0.0,0.25,4,st_ucb,1.6697638343907173,0.019066666666666666,500,1920
0.0,0.0,0.25,4,corrupt_ucb,1.6697638343907173,0.019066666666666666,500,1920
0.0,0.0,0.25,5,iid_ts,1.718697961622659,0.06290000000000019,500,1920
0.0,0.0,0.25,5,discounted_ts,1.7814343234517267,0.1032999999999999,500,1920
0.0,0.0,0.25,5,ar_greedy,1.7771147801191522,0.04350000000000033,500,1920
0.0,0.0,0.25,5,ar_ucb,1.7283540262193984,0.038700000000000144,500,1920
0.0,0.0,0.25,5,st_greedy,1.7771147801191522,0.04350000000000033,500,1920
0.0,0.0,0.25,5,st_ucb,1.7283540262193984,0.038700000000000144,500,1920
0.0,0.0,0.25,5,corrupt_ucb,1.7283540262193984,0.038700000000000144,500,1920
0.0,0.0,0.25,6,iid_ts,1.6906789000836966,0.03590000000000002,500,1920
0.0,0.0,0.25,6,discounted_ts,1.7951576537879759,0.11390000000000007,500,1920
0.0,0.0,0.25,6,ar_greedy,1.6434155100670487,0.0,500,1920
0.0,0.0,0.25,6,ar_ucb,1.6434155100670487,0.0,500,1920
0.0,0.0,0.25,6,st_greedy,1.6434155100670487,0.0,500,1920
0.0,0.0,0.25,6,st_ucb,1.6434155100670487,0.0,500,1920
0.0,0.0,0.25,6,corrupt_ucb,1.6434155100670487,0.0,500,1920
0.0,0.0,0.25,7,iid_ts,1.6241817865930013,0.041266666666666806,500,1920
0.0,0.0,0.25,7,discounted_ts,1.7270733572981753,0.0986,500,1920
0.0,0.0,0.25,7,ar_greedy,1.6602476426013468,0.02006666666666682,500,1920
0.0,0.0,0.25,7,ar_ucb,1.6695526221565815,0.017833333333333375,500,1920
0.0,0.0,0.25,7,st_greedy,1.6602476426013468,0.02006666666666682,500,1920
0.0,0.0,0.25,7,st_ucb,1.6695526221565815,0.017833333333333375,500,1920
0.0,0.0,0.25,7,corrupt_ucb,1.6695526221565815,0.017833333333333375,500,1920
0.0,0.0,0.25,8,iid_ts,1.7031829590007046,0.039800000000000134,500,1920
0.0,0.0,0.25,8,discounted_ts,1.7276234366659273,0.09896666666666669,500,1920
0.0,0.0,0.25,8,ar_greedy,1.6795555805081988,0.0011999999999999997,500,1920
0.0,0.0,0.25,8,ar_ucb,1.702243166241616,0.012699999999999972,500,1920
0.0,0.0,0.25,8,st_greedy,1.6795555805081988,0.0011999999999999997,500,1920
0.0,0.0,0.25,8,st_ucb,1.702243166241616,0.012699999999999972,500,1920
0.0,0.0,0.25,8,corrupt_ucb,1.702243166241616,0.012699999999999972,500,1920
0.0,0.0,0.25,9,iid_ts,1.6817393166531103,0.07773333333333343,500,1920
0.0,0.0,0.25,9,discounted_ts,1.7824195260144908,0.10993333333333342,500,1920
0.0,0.0,0.25,9,ar_greedy,1.7062694106017837,0.06666666666666661,500,1920
0.0,0.0,0.25,9,ar_ucb,1.7234274568347208,0.0708666666666665,500,1920
0.0,0.0,0.25,9,st_greedy,1.7062694106017837,0.06666666666666661,500,1920
0.0,0.0,0.25,9,st_ucb,1.7234274568347208,0.0708666666666665,500,1920
0.0,0.0,0.25,9,corrupt_ucb,1.7234274568347208,0.0708666666666665,500,1920
0.0,0.0,0.25,10,iid_ts,1.73945011021447,0.05700000000000031,500,1920
0.0,0.0,0.25,10,discounted_ts,1.7240290369963907,0.10383333333333332,500,1920
0.0,0.0,0.25,10,ar_greedy,1.7754933257290229,0.03600000000000009,500,1920
0.0,0.0,0.25,10,ar_ucb,1.7627660071166225,0.07446666666666625,500,1920
0.0,0.0,0.25,10,st_greedy,1.7754933257290229,0.03600000000000009,500,1920
0.0,0.0,0.25,10,st_ucb,1.7627660071166225,0.07446666666666625,500,1920
0.0,0.0,0.25,10,corrupt_ucb,1.7627660071166225,0.07446666666666625,500,1920
0.0,0.0,0.25,11,iid_ts,1.7392097234270054,0.059466666666666626,500,1920
0.0,0.0,0.25,11,discounted_ts,1.731346129130581,0.11246666666666658,500,1920
0.0,0.0,0.25,11,ar_greedy,1.6931774045518575,0.07353333333333331,500,1920
0.0,0.0,0.25,11,ar_ucb,1.7050349641491724,0.0626666666666667,500,1920
0.0,0.0,0.25,11,st_greedy,1.6931774045518575,0.07353333333333331,500,1920
0.0,0.0,0.25,11,st_ucb,1.7050349641491724,0.0626666666666667,500,1920
0.0,0.0,0.25,11,corrupt_ucb,1.7050349641491724,0.0626666666666667,500,1920
0.0,0.0,0.25,12,iid_ts,1.7486402090545854,0.06463333333333345,500,1920
0.0,0.0,0.25,12,discounted_ts,1.8568406732862015,0.11086666666666668,500,1920
0.0,0.0,0.25,12,ar_greedy,1.6993201761886718,0.03263333333333395,500,1920
0.0,0.0,0.25,12,ar_ucb,1.7112903382648486,0.047133333333333846,500,1920
0.0,0.0,0.25,12,st_greedy,1.6993201761886718,0.03263333333333395,500,1920
0.0,0.0,0.25,12,st_ucb,1.7112903382648486,0.047133333333333846,500,1920
0.0,0.0,0.25,12,corrupt_ucb,1.7112903382648486,0.047133333333333846,500,1920
0.0,0.0,0.25,13,iid_ts,1.7946334405733375,0.06950000000000023,500,1920
0.0,0.0,0.25,13,discounted_ts,1.8114382200445527,0.10549999999999998,500,1920
0.0,0.0,0.25,13,ar_greedy,1.765852056004176,0.028799999999999923,500,1920
0.0,0.0,0.25,13,ar_ucb,1.7236935055559222,0.03449999999999993,500,1920
0.0,0.0,0.25,13,st_greedy,1.765852056004176,0.028799999999999923,500,1920
0.0,0.0,0.25,13,st_ucb,1.7236935055559222,0.03449999999999993,500,1920
0.0,0.0,0.25,13,corrupt_ucb,1.7236935055559222,0.03449999999999993,500,1920
0.0,0.0,0.25,14,iid_ts,1.7035451988855483,0.013566666666666657,500,1920
0.0,0.0,0.25,14,discounted_ts,1.7534621474510501,0.10173333333333329,500,1920
0.0,0.0,0.25,14,ar_greedy,1.6562650248222455,0.0,500,1920
0.0,0.0,0.25,14,ar_ucb,1.664702189198918,0.00016666666666666663,500,1920
0.0,0.0,0.25,14,st_greedy,1.6562650248222455,0.0,500,1920
0.0,0.0,0.25,14,st_ucb,1.664702189198918,0.00016666666666666663,500,1920
0.0,0.0,0.25,14,corrupt_ucb,1.664702189198918,0.00016666666666666663,500,1920
0.0,0.0,0.25,15,iid_ts,1.703065688873421,0.039400000000000046,500,1920
0.0,0.0,0.25,15,discounted_ts,1.7427703427346335,0.0995333333333333,500,1920
0.0,0.0,0.25,15,ar_greedy,1.629147889333853,0.0028000000000000004,500,1920
0.0,0.0,0.25,15,ar_ucb,1.703424067173623,0.01763333333333331,500,1920
0.0,0.0,0.25,15,st_greedy,1.629147889333853,0.0028000000000000004,500,1920
0.0,0.0,0.25,15,st_ucb,1.703424067173623,0.01763333333333331,500,1920
0.0,0.0,0.25,15,corrupt_ucb,1.703424067173623,0.01763333333333331,500,1920
0.0,0.0,0.25,16,iid_ts,1.715324219309418,0.06250000000000007,500,1920
0.0,0.0,0.25,16,discounted_ts,1.6923279679800887,0.10590000000000016,500,1920
0.0,0.0,0.25,16,ar_greedy,1.7123189239855632,0.029966666666667377,500,1920
0.0,0.0,0.25,16,ar_ucb,1.7595703463683947,0.07173333333333341,500,1920
0.0,0.0,0.25,16,st_greedy,1.7123189239855632,0.029966666666667377,500,1920
0.0,0.0,0.25,16,st_ucb,1.7595703463683947,0.07173333333333341,500,1920
0.0,0.0,0.25,16,corrupt_ucb,1.7595703463683947,0.07173333333333341,500,1920
0.0,0.0,0.25,17,iid_ts,1.711182335365633,0.03183333333333333,500,1920
0.0,0.0,0.25,17,discounted_ts,1.745150189853253,0.09403333333333339,500,1920
0.0,0.0,0.25,17,ar_greedy,1.7291112679887854,0.015333333333333303,500,1920
0.0,0.0,0.25,17,ar_ucb,1.6996927225462533,0.015733333333333304,500,1920
0.0,0.0,0.25,17,st_greedy,1.7291112679887854,0.015333333333333303,500,1920
0.0,0.0,0.25,17,st_ucb,1.6996927225462533,0.015733333333333304,500,1920
0.0,0.0,0.25,17,corrupt_ucb,1.6996927225462533,0.015733333333333304,500,1920
0.0,0.0,0.25,18,iid_ts,1.5793045363500726,0.03480000000000013,500,1920
0.0,0.0,0.25,18,discounted_ts,1.6661928781312472,0.09309999999999999,500,1920
0.0,0.0,0.25,18,ar_greedy,1.5703425022531565,0.011366666666666652,500,1920
0.0,0.0,0.25,18,ar_ucb,1.555743199015639,0.011100000000000004,500,1920
0.0,0.0,0.25,18,st_greedy,1.5703425022531565,0.011366666666666652,500,1920
0.0,0.0,0.25,18,st_ucb,1.555743199015639,0.011100000000000004,500,1920
0.0,0.0,0.25,18,corrupt_ucb,1.555743199015639,0.011100000000000004,500,1920
0.0,0.0,0.25,19,iid_ts,1.8633503798653435,0.0936666666666667,500,1920
0.0,0.0,0.25,19,discounted_ts,1.8058223300277292,0.11733333333333329,500,1920
0.0,0.0,0.25,19,ar_greedy,1.6994890218282928,0.05670000000000035,500,1920
0.0,0.0,0.25,19,ar_ucb,1.7321745845701744,0.10179999999999993,500,1920
0.0,0.0,0.25,19,st_greedy,1.6994890218282928,0.05670000000000035,500,1920
0.0,0.0,0.25,19,st_ucb,1.7321745845701744,0.10179999999999993,500,1920
0.0,0.0,0.25,19,corrupt_ucb,1.7321745845701744,0.10179999999999993,500,1920
0.0,0.0,1.0,0,iid_ts,1.3039360061783523,0.019599999999999947,500,1920
0.0,0.0,1.0,0,discounted_ts,1.5734276318066702,0.2511999999999998,500,1920
0.0,0.0,1.0,0,ar_greedy,1.4396299844777785,0.03399999999999989,500,1920
0.0,0.0,1.0,0,ar_ucb,1.4054335617745806,0.03053333333333324,500,1920
0.0,0.0,1.0,0,st_greedy,1.4396299844777785,0.03399999999999989,500,1920
0.0,0.0,1.0,0,st_ucb,1.4054335617745806,0.03053333333333324,500,1920
0.0,0.0,1.0,0,corrupt_ucb,1.4054335617745806,0.03053333333333324,500,1920
0.0,0.0,1.0,1,iid_ts,1.5347284273594264,0.053066666666666554,500,1920
0.0,0.0,1.0,1,discounted_ts,1.7398323059827854,0.28306666666666686,500,1920
0.0,0.0,1.0,1,ar_greedy,1.5522822411661141,0.11586666666666678,500,1920
0.0,0.0,1.0,1,ar_ucb,1.5320538949982851,0.08506666666666642,500,1920
0.0,0.0,1.0,1,st_greedy,1.5522822411661141,0.11586666666666678,500,1920
0.0,0.0,1.0,1,st_ucb,1.5320538949982851,0.08506666666666642,500,1920
0.0,0.0,1.0,1,corrupt_ucb,1.5320538949982851,0.08506666666666642,500,1920
0.0,0.0,1.0,2,iid_ts,1.3495406649348984,0.04066666666666656,500,1920
0.0,0.0,1.0,2,discounted_ts,1.6607498816730948,0.2799999999999999,500,1920
0.0,0.0,1.0,2,ar_greedy,1.3529357528797252,0.028799999999999912,500,1920
0.0,0.0,1.0,2,ar_ucb,1.358537857829161,0.031333333333333234,500,1920
0.0,0.0,1.0,2,st_greedy,1.3529357528797252,0.028799999999999912,500,1920
0.0,0.0,1.0,2,st_ucb,1.358537857829161,0.031333333333333234,500,1920
0.0,0.0,1.0,2,corrupt_ucb,1.358537857829161,0.031333333333333234,500,1920
0.0,0.0,1.0,3,iid_ts,1.382047911980536,0.011333333333333322,500,1920
0.0,0.0,1.0,3,discounted_ts,1.7604155851916903,0.2888000000000001,500,1920
0.0,0.0,1.0,3,ar_greedy,1.3611177185733139,0.0,500,1920
0.0,0.0,1.0,3,ar_ucb,1.3611177185733139,0.0,500,1920
0.0,0.0,1.0,3,st_greedy,1.3611177185733139,0.0,500,1920
0.0,0.0,1.0,3,st_ucb,1.3611177185733139,0.0,500,1920
0.0,0.0,1.0,3,corrupt_ucb,1.3611177185733139,0.0,500,1920
0.0,0.0,1.0,4,iid_ts,1.3899379240266931,0.017733333333333292,500,1920
0.0,0.0,1.0,4,discounted_ts,1.6425856296525543,0.25240000000000007,500,1920
0.0,0.0,1.0,4,ar_greedy,1.3347577566797144,0.0019999999999999996,500,1920
0.0,0.0,1.0,4,ar_ucb,1.352743959837371,0.0023999999999999994,500,1920
0.0,0.0,1.0,4,st_greedy,1.3347577566797144,0.0019999999999999996,500,1920
0.0,0.0,1.0,4,st_ucb,1.352743959837371,0.0023999999999999994,500,1920
0.0,0.0,1.0,4,corrupt_ucb,1.352743959837371,0.0023999999999999994,500,1920
0.0,0.0,1.0,5,iid_ts,1.5207612335474807,0.10026666666666709,500,1920
0.0,0.0,1.0,5,discounted_ts,1.682561698123077,0.3304000000000001,500,1920
0.0,0.0,1.0,5,ar_greedy,1.4409607502870785,0.02573333333333327,500,1920
0.0,0.0,1.0,5,ar_ucb,1.48511172934479,0.06346666666666646,500,1920
0.0,0.0,1.0,5,st_greedy,1.4409607502870785,0.02573333333333327,500,1920
0.0,0.0,1.0,5,st_ucb,1.48511172934479,0.06346666666666646,500,1920
0.0,0.0,1.0,5,corrupt_ucb,1.48511172934479,0.06346666666666646,500,1920
0.0,0.0,1.0,6,iid_ts,1.388293600748446,0.011733333333333333,500,1920
0.0,0.0,1.0,6,discounted_ts,1.6900915186612981,0.30986666666666646,500,1920
0.0,0.0,1.0,6,ar_greedy,1.3541357248035293,0.0,500,1920
0.0,0.0,1.0,6,ar_ucb,1.3541357248035293,0.0,500,1920
0.0,0.0,1.0,6,st_greedy,1.3541357248035293,0.0,500,1920
0.0,0.0,1.0,6,st_ucb,1.3541357248035293,0.0,500,1920
0.0,0.0,1.0,6,corrupt_ucb,1.3541357248035293,0.0,500,1920
0.0,0.0,1.0,7,iid_ts,1.4255894562505707,0.06959999999999994,500,1920
0.0,0.0,1.0,7,discounted_ts,1.6028670589766163,0.2636000000000001,500,1920
0.0,0.0,1.0,7,ar_greedy,1.49138152720595,0.013066666666666634,500,1920
0.0,0.0,1.0,7,ar_ucb,1.4881826874868045,0.02173333333333327,500,1920
0.0,0.0,1.0,7,st_greedy,1.49138152720595,0.013066666666666634,500,1920
0.0,0.0,1.0,7,st_ucb,1.4881826874868045,0.02173333333333327,500,1920
0.0,0.0,1.0,7,corrupt_ucb,1.4881826874868045,0.02173333333333327,500,1920
0.0,0.0,1.0,8,iid_ts,1.3998755226751793,0.023199999999999964,500,1920
0.0,0.0,1.0,8,discounted_ts,1.6169987795676957,0.2801333333333336,500,1920
0.0,0.0,1.0,8,ar_greedy,1.357580500845315,0.0,500,1920
0.0,0.0,1.0,8,ar_ucb,1.357580500845315,0.0,500,1920
0.0,0.0,1.0,8,st_greedy,1.357580500845315,0.0,500,1920
0.0,0.0,1.0,8,st_ucb,1.357580500845315,0.0,500,1920
0.0,0.0,1.0,8,corrupt_ucb,1.357580500845315,0.0,500,1920
0.0,0.0,1.0,9,iid_ts,1.459018464971424,0.07986666666666685,500,1920
0.0,0.0,1.0,9,discounted_ts,1.650895090492764,0.313466666666667,500,1920
0.0,0.0,1.0,9,ar_greedy,1.434579820113366,0.0,500,1920
0.0,0.0,1.0,9,ar_ucb,1.4477717872703042,0.0032,500,1920
0.0,0.0,1.0,9,st_greedy,1.434579820113366,0.0,500,1920
0.0,0.0,1.0,9,st_ucb,1.4477717872703042,0.0032,500,1920
0.0,0.0,1.0,9,corrupt_ucb,1.4477717872703042,0.0032,500,1920
0.0,0.0,1.0,10,iid_ts,1.4505583929264596,0.04533333333333324,500,1920
0.0,0.0,1.0,10,discounted_ts,1.5976226662295487,0.2766666666666668,500,1920
0.0,0.0,1.0,10,ar_greedy,1.411144474629742,0.0,500,1920
0.0,0.0,1.0,10,ar_ucb,1.411144474629742,0.0,500,1920
0.0,0.0,1.0,10,st_greedy,1.411144474629742,0.0,500,1920
0.0,0.0,1.0,10,st_ucb,1.411144474629742,0.0,500,1920
0.0,0.0,1.0,10,corrupt_ucb,1.411144474629742,0.0,500,1920
0.0,0.0,1.0,11,iid_ts,1.4366253124050044,0.04839999999999996,500,1920
0.0,0.0,1.0,11,discounted_ts,1.602707020458948,0.2938666666666664,500,1920
0.0,0.0,1.0,11,ar_greedy,1.357259368216877,0.0,500,1920
0.0,0.0,1.0,11,ar_ucb,1.3871514865715675,0.036000000000000025,500,1920
0.0,0.0,1.0,11,st_greedy,1.357259368216877,0.0,500,1920
0.0,0.0,1.0,11,st_ucb,1.3871514865715675,0.036000000000000025,500,1920
0.0,0.0,1.0,11,corrupt_ucb,1.3871514865715675,0.036000000000000025,500,1920
0.0,0.0,1.0,12,iid_ts,1.3421730531386638,0.03533333333333324,500,1920
0.0,0.0,1.0,12,discounted_ts,1.7144568259140986,0.2699999999999998,500,1920
0.0,0.0,1.0,12,ar_greedy,1.3523708986339404,0.026533333333333266,500,1920
0.0,0.0,1.0,12,ar_ucb,1.5026643197700427,0.08706666666666657,500,1920
0.0,0.0,1.0,12,st_greedy,1.3523708986339404,0.026533333333333266,500,1920
0.0,0.0,1.0,12,st_ucb,1.5026643197700427,0.08706666666666657,500,1920
0.0,0.0,1.0,12,corrupt_ucb,1.5026643197700427,0.08706666666666657,500,1920
0.0,0.0,1.0,13,iid_ts,1.4230582462935482,0.030399999999999917,500,1920
0.0,0.0,1.0,13,discounted_ts,1.673233924554538,0.30293333333333367,500,1920
0.0,0.0,1.0,13,ar_greedy,1.4403625264671087,0.0,500,1920
0.0,0.0,1.0,13,ar_ucb,1.4307812570361749,0.01119999999999999,500,1920
0.0,0.0,1.0,13,st_greedy,1.4403625264671087,0.0,500,1920
0.0,0.0,1.0,13,st_ucb,1.4307812570361749,0.01119999999999999,500,1920
0.0,0.0,1.0,13,corrupt_ucb,1.4307812570361749,0.01119999999999999,500,1920
0.0,0.0,1.0,14,iid_ts,1.3804803108755785,0.009466666666666651,500,1920
0.0,0.0,1.0,14,discounted_ts,1.6503556742436014,0.26066666666666716,500,1920
0.0,0.0,1.0,14,ar_greedy,1.354614003298206,0.0,500,1920
0.0,0.0,1.0,14,ar_ucb,1.354614003298206,0.0,500,1920
0.0,0.0,1.0,14,st_greedy,1.354614003298206,0.0,500,1920
0.0,0.0,1.0,14,st_ucb,1.354614003298206,0.0,500,1920
0.0,0.0,1.0,14,corrupt_ucb,1.354614003298206,0.0,500,1920
0.0,0.0,1.0,15,iid_ts,1.441207873320744,0.034666666666666617,500,1920
0.0,0.0,1.0,15,discounted_ts,1.6123568368772974,0.28239999999999993,500,1920
0.0,0.0,1.0,15,ar_greedy,1.3423686935343726,0.0,500,1920
0.0,0.0,1.0,15,ar_ucb,1.3423686935343726,0.0,500,1920
0.0,0.0,1.0,15,st_greedy,1.3423686935343726,0.0,500,1920
0.0,0.0,1.0,15,st_ucb,1.3423686935343726,0.0,500,1920
0.0,0.0,1.0,15,corrupt_ucb,1.3423686935343726,0.0,500,1920
0.0,0.0,1.0,16,iid_ts,1.4006909372513598,0.016533333333333313,500,1920
0.0,0.0,1.0,16,discounted_ts,1.6528521650110837,0.30400000000000027,500,1920
0.0,0.0,1.0,16,ar_greedy,1.3417795122339862,0.0001333333333333333,500,1920
0.0,0.0,1.0,16,ar_ucb,1.3477842782582656,0.0018666666666666662,500,1920
0.0,0.0,1.0,16,st_greedy,1.3417795122339862,0.0001333333333333333,500,1920
0.0,0.0,1.0,16,st_ucb,1.3477842782582656,0.0018666666666666662,500,1920
0.0,0.0,1.0,16,corrupt_ucb,1.3477842782582656,0.0018666666666666662,500,1920
0.0,0.0,1.0,17,iid_ts,1.4373712090430033,0.020266666666666638,500,1920
0.0,0.0,1.0,17,discounted_ts,1.6439188226462553,0.25240000000000007,500,1920
0.0,0.0,1.0,17,ar_greedy,1.3938841396912605,0.0,500,1920
0.0,0.0,1.0,17,ar_ucb,1.4183718961393204,0.0029333333333333325,500,1920
0.0,0.0,1.0,17,st_greedy,1.3938841396912605,0.0,500,1920
0.0,0.0,1.0,17,st_ucb,1.4183718961393204,0.0029333333333333325,500,1920
0.0,0.0,1.0,17,corrupt_ucb,1.4183718961393204,0.0029333333333333325,500,1920
0.0,0.0,1.0,18,iid_ts,1.2216527383447153,0.017066666666666626,500,1920
0.0,0.0,1.0,18,discounted_ts,1.5455166026696507,0.24706666666666666,500,1920
0.0,0.0,1.0,18,ar_greedy,1.2243184142750103,0.0,500,1920
0.0,0.0,1.0,18,ar_ucb,1.2243184142750103,0.0,500,1920
0.0,0.0,1.0,18,st_greedy,1.2243184142750103,0.0,500,1920
0.0,0.0,1.0,18,st_ucb,1.2243184142750103,0.0,500,1920
0.0,0.0,1.0,18,corrupt_ucb,1.2243184142750103,0.0,500,1920
0.0,0.0,1.0,19,iid_ts,1.4147561783302733,0.06066666666666655,500,1920
0.0,0.0,1.0,19,discounted_ts,1.6996916582990826,0.3288000000000001,500,1920
0.0,0.0,1.0,19,ar_greedy,1.4651717604477457,0.1327999999999998,500,1920
0.0,0.0,1.0,19,ar_ucb,1.34824134035306,0.027733333333333263,500,1920
0.0,0.0,1.0,19,st_greedy,1.4651717604477457,0.1327999999999998,500,1920
0.0,0.0,1.0,19,st_ucb,1.34824134035306,0.027733333333333263,500,1920
0.0,0.0,1.0,19,corrupt_ucb,1.34824134035306,0.027733333333333263,500,1920
0.0,0.4,0.25,0,iid_ts,1.5516266563117826,0.01253333333333332,500,1920
0.0,0.4,0.25,0,discounted_ts,1.7017373415977428,0.09676666666666671,500,1920
0.0,0.4,0.25,0,ar_greedy,1.6554035506554996,0.012633333333333293,500,1920
0.0,0.4,0.25,0,ar_ucb,1.6705099290556757,0.012133333333333314,500,1920
0.0,0.4,0.25,0,st_greedy,1.68780768125713,0.013733333333333316,500,1920
0.0,0.4,0.25,0,st_ucb,1.6881772089141942,0.01776666666666669,500,1920
0.0,0.4,0.25,0,corrupt_ucb,1.6846990667745874,0.0166,500,1920
0.0,0.4,0.25,1,iid_ts,1.792128467884943,0.10590000000000012,500,1920
0.0,0.4,0.25,1,discounted_ts,1.8333266518030111,0.10830000000000004,500,1920
0.0,0.4,0.25,1,ar_greedy,1.7743461317934943,0.10993333333333294,500,1920
0.0,0.4,0.25,1,ar_ucb,1.8090448552984328,0.09563333333333345,500,1920
0.0,0.4,0.25,1,st_greedy,1.8055340738501606,0.11933333333333299,500,1920
0.0,0.4,0.25,1,st_ucb,1.8437673653107587,0.08800000000000022,500,1920
0.0,0.4,0.25,1,corrupt_ucb,1.8018067689165649,0.135966666666666,500,1920
0.0,0.4,0.25,2,iid_ts,1.5647025812562814,0.027766666666666714,500,1920
0.0,0.4,0.25,2,discounted_ts,1.6506110700180254,0.09673333333333335,500,1920
0.0,0.4,0.25,2,ar_greedy,1.5567132122783882,0.011233333333333297,500,1920
0.0,0.4,0.25,2,ar_ucb,1.5466556715087927,0.011199999999999963,500,1920
0.0,0.4,0.25,2,st_greedy,1.5915656631230193,0.016566666666666643,500,1920
0.0,0.4,0.25,2,st_ucb,1.5751682953512989,0.013366666666666622,500,1920
0.0,0.4,0.25,2,corrupt_ucb,1.589373561252542,0.012766666666666624,500,1920
0.0,0.4,0.25,3,iid_ts,1.6685240438197964,0.03946666666666683,500,1920
0.0,0.4,0.25,3,discounted_ts,1.717299444969087,0.09913333333333312,500,1920
0.0,0.4,0.25,3,ar_greedy,1.5874496736196626,0.0002666666666666666,500,1920
0.0,0.4,0.25,3,ar_ucb,1.5872722133114592,0.013866666666666624,500,1920
0.0,0.4,0.25,3,st_greedy,1.581560429147399,0.0,500,1920
0.0,0.4,0.25,3,st_ucb,1.594511110721265,0.01803333333333328,500,1920
0.0,0.4,0.25,3,corrupt_ucb,1.6171677343838613,0.014833333333333308,500,1920
0.0,0.4,0.25,4,iid_ts,1.634025941140934,0.05949999999999996,500,1920
0.0,0.4,0.25,4,discounted_ts,1.639256925722157,0.1016333333333333,500,1920
0.0,0.4,0.25,4,ar_greedy,1.6038061917464808,0.043166666666666735,500,1920
0.0,0.4,0.25,4,ar_ucb,1.6481442361274836,0.02920000000000001,500,1920
0.0,0.4,0.25,4,st_greedy,1.5761943295537455,0.010166666666666666,500,1920
0.0,0.4,0.25,4,st_ucb,1.6153872851419488,0.03556666666666663,500,1920
0.0,0.4,0.25,4,corrupt_ucb,1.5499467637110877,0.03053333333333353,500,1920
0.0,0.4,0.25,5,iid_ts,1.6572342555849624,0.05783333333333346,500,1920
0.0,0.4,0.25,5,discounted_ts,1.6956277785465927,0.10206666666666664,500,1920
0.0,0.4,0.25,5,ar_greedy,1.645277294593822,0.03266666666666682,500,1920
0.0,0.4,0.25,5,ar_ucb,1.6769972381744167,0.03810000000000001,500,1920
0.0,0.4,0.25,5,st_greedy,1.6314371948692887,0.029133333333333712,500,1920
0.0,0.4,0.25,5,st_ucb,1.6272717464481037,0.03466666666666685,500,1920
0.0,0.4,0.25,5,corrupt_ucb,1.6324087390857929,0.03243333333333348,500,1920
0.0,0.4,0.25,6,iid_ts,1.6307095956353626,0.040400000000000026,500,1920
0.0,0.4,0.25,6,discounted_ts,1.7222761828339346,0.12136666666666673,500,1920
0.0,0.4,0.25,6,ar_greedy,1.5931022287512575,0.0,500,1920
0.0,0.4,0.25,6,ar_ucb,1.5931022287512575,0.0,500,1920
0.0,0.4,0.25,6,st_greedy,1.5931022287512575,0.0,500,1920
0.0,0.4,0.25,6,st_ucb,1.5931022287512575,0.0,500,1920
0.0,0.4,0.25,6,corrupt_ucb,1.5931022287512575,0.0,500,1920
0.0,0.4,0.25,7,iid_ts,1.5730351580529955,0.04373333333333349,500,1920
0.0,0.4,0.25,7,discounted_ts,1.6890174237324576,0.0980333333333333,500,1920
0.0,0.4,0.25,7,ar_greedy,1.6291153499951299,0.018033333333333384,500,1920
0.0,0.4,0.25,7,ar_ucb,1.737416658937947,0.009866666666666643,500,1920
0.0,0.4,0.25,7,st_greedy,1.5984668139258864,0.016633333333333312,500,1920
0.0,0.4,0.25,7,st_ucb,1.7103703073608059,0.011366666666666662,500,1920
0.0,0.4,0.25,7,corrupt_ucb,1.7132611454988609,0.00926666666666665,500,1920
0.0,0.4,0.25,8,iid_ts,1.669025597220884,0.037533333333333446,500,1920
0.0,0.4,0.25,8,discounted_ts,1.6994776827825946,0.09316666666666659,500,1920
0.0,0.4,0.25,8,ar_greedy,1.5791848196801217,0.0,500,1920
0.0,0.4,0.25,8,ar_ucb,1.602898409331746,0.003066666666666668,500,1920
0.0,0.4,0.25,8,st_greedy,1.5791848196801217,0.0,500,1920
0.0,0.4,0.25,8,st_ucb,1.5876591297771063,0.01339999999999997,500,1920
0.0,0.4,0.25,8,corrupt_ucb,1.6254208119991134,0.007133333333333315,500,1920
0.0,0.4,0.25,9,iid_ts,1.6272405345791465,0.07940000000000018,500,1920
0.0,0.4,0.25,9,discounted_ts,1.6964475914526438,0.10956666666666674,500,1920
0.0,0.4,0.25,9,ar_greedy,1.6427028151302243,0.06666666666666661,500,1920
0.0,0.4,0.25,9,ar_ucb,1.6486364027023122,0.07216666666666655,500,1920
0.0,0.4,0.25,9,st_greedy,1.6427028151302243,0.06666666666666661,500,1920
0.0,0.4,0.25,9,st_ucb,1.6542985409328643,0.06826666666666664,500,1920
0.0,0.4,0.25,9,corrupt_ucb,1.6540507386804522,0.06983333333333334,500,1920
0.0,0.4,0.25,10,iid_ts,1.731245052810737,0.07036666666666684,500,1920
0.0,0.4,0.25,10,discounted_ts,1.6569837305980626,0.10446666666666667,500,1920
0.0,0.4,0.25,10,ar_greedy,1.6908762780632922,0.12116666666666599,500,1920
0.0,0.4,0.25,10,ar_ucb,1.7226068303357969,0.07606666666666628,500,1920
0.0,0.4,0.25,10,st_greedy,1.7264087317971026,0.09216666666666655,500,1920
0.0,0.4,0.25,10,st_ucb,1.7337490655488712,0.07923333333333316,500,1920
0.0,0.4,0.25,10,corrupt_ucb,1.7434178852459483,0.09146666666666652,500,1920
0.0,0.4,0.25,11,iid_ts,1.5887451589108856,0.04726666666666668,500,1920
0.0,0.4,0.25,11,discounted_ts,1.6541168478189183,0.10859999999999992,500,1920
0.0,0.4,0.25,11,ar_greedy,1.6085379035039935,0.05433333333333372,500,1920
0.0,0.4,0.25,11,ar_ucb,1.5996143409353114,0.03466666666666672,500,1920
0.0,0.4,0.25,11,st_greedy,1.604678735193576,0.042633333333333405,500,1920
0.0,0.4,0.25,11,st_ucb,1.549599542562379,0.03503333333333349,500,1920
0.0,0.4,0.25,11,corrupt_ucb,1.5845903247752064,0.052333333333333426,500,1920
0.0,0.4,0.25,12,iid_ts,1.6839502305411884,0.06693333333333346,500,1920
0.0,0.4,0.25,12,discounted_ts,1.787264502388563,0.1118333333333334,500,1920
0.0,0.4,0.25,12,ar_greedy,1.6087474726094537,0.053100000000001014,500,1920
0.0,0.4,0.25,12,ar_ucb,1.5891016994016012,0.03920000000000035,500,1920
0.0,0.4,0.25,12,st_greedy,1.58859828862604,0.05440000000000108,500,1920
0.0,0.4,0.25,12,st_ucb,1.5976851021882916,0.03333333333333344,500,1920
0.0,0.4,0.25,12,corrupt_ucb,1.6423241788400003,0.04803333333333333,500,1920
0.0,0.4,0.25,13,iid_ts,1.6983248407774827,0.05856666666666685,500,1920
0.0,0.4,0.25,13,discounted_ts,1.7215676058892913,0.11056666666666662,500,1920
0.0,0.4,0.25,13,ar_greedy,1.6831558895206964,0.015066666666666643,500,1920
0.0,0.4,0.25,13,ar_ucb,1.6514796797097275,0.038200000000000046,500,1920
0.0,0.4,0.25,13,st_greedy,1.6672347329722237,0.023999999999999945,500,1920
0.0,0.4,0.25,13,st_ucb,1.676568425369451,0.035599999999999944,500,1920
0.0,0.4,0.25,13,corrupt_ucb,1.6638448100477556,0.026499999999999937,500,1920
0.0,0.4,0.25,14,iid_ts,1.6275940977467882,0.01353333333333332,500,1920
0.0,0.4,0.25,14,discounted_ts,1.6814813020019237,0.10153333333333334,500,1920
0.0,0.4,0.25,14,ar_greedy,1.5890433648726794,0.0,500,1920
0.0,0.4,0.25,14,ar_ucb,1.5874218007173722,0.005033333333333324,500,1920
0.0,0.4,0.25,14,st_greedy,1.5890433648726794,0.0,500,1920
0.0,0.4,0.25,14,st_ucb,1.5893502221735007,0.0013333333333333337,500,1920
0.0,0.4,0.25,14,corrupt_ucb,1.5939088945013924,0.0002,500,1920
0.0,0.4,0.25,15,iid_ts,1.6288338436652359,0.040400000000000116,500,1920
0.0,0.4,0.25,15,discounted_ts,1.6972245528164438,0.09666666666666664,500,1920
0.0,0.4,0.25,15,ar_greedy,1.5800972072771347,0.004466666666666667,500,1920
0.0,0.4,0.25,15,ar_ucb,1.5792770585040785,0.011966666666666652,500,1920
0.0,0.4,0.25,15,st_greedy,1.5704936088096229,0.0008,500,1920
0.0,0.4,0.25,15,st_ucb,1.6086242071409302,0.011133333333333323,500,1920
0.0,0.4,0.25,15,corrupt_ucb,1.6223645585451512,0.015866666666666647,500,1920
0.0,0.4,0.25,16,iid_ts,1.617002202879916,0.07859999999999999,500,1920
0.0,0.4,0.25,16,discounted_ts,1.6464633145299783,0.10633333333333343,500,1920
0.0,0.4,0.25,16,ar_greedy,1.6899951901196777,0.04206666666666627,500,1920
0.0,0.4,0.25,16,ar_ucb,1.687109888912119,0.0630000000000002,500,1920
0.0,0.4,0.25,16,st_greedy,1.7348956034092748,0.06960000000000015,500,1920
0.0,0.4,0.25,16,st_ucb,1.6985846169364436,0.04556666666666604,500,1920
0.0,0.4,0.25,16,corrupt_ucb,1.7473022595036496,0.0656999999999994,500,1920
0.0,0.4,0.25,17,iid_ts,1.6506703896742527,0.0278666666666667,500,1920
0.0,0.4,0.25,17,discounted_ts,1.6520482826876244,0.09303333333333334,500,1920
0.0,0.4,0.25,17,ar_greedy,1.6867994021500956,0.010399999999999986,500,1920
0.0,0.4,0.25,17,ar_ucb,1.6584191364628893,0.024566666666666678,500,1920
0.0,0.4,0.25,17,st_greedy,1.647403501383417,0.005399999999999995,500,1920
0.0,0.4,0.25,17,st_ucb,1.6718694947046706,0.0052,500,1920
0.0,0.4,0.25,17,corrupt_ucb,1.669443849304194,0.017199999999999962,500,1920
0.0,0.4,0.25,18,iid_ts,1.5147610514708176,0.032433333333333494,500,1920
0.0,0.4,0.25,18,discounted_ts,1.6323400457105586,0.09246666666666663,500,1920
0.0,0.4,0.25,18,ar_greedy,1.5230710619670889,0.020100000000000166,500,1920
0.0,0.4,0.25,18,ar_ucb,1.498652879145224,0.03130000000000001,500,1920
0.0,0.4,0.25,18,st_greedy,1.5088922146119015,0.016766666666666676,500,1920
0.0,0.4,0.25,18,st_ucb,1.532564975430351,0.04570000000000013,500,1920
0.0,0.4,0.25,18,corrupt_ucb,1.5197530082089745,0.03220000000000019,500,1920
0.0,0.4,0.25,19,iid_ts,1.7830545713893087,0.09416666666666665,500,1920
0.0,0.4,0.25,19,discounted_ts,1.7819270200201458,0.11376666666666667,500,1920
0.0,0.4,0.25,19,ar_greedy,1.716919280013048,0.08030000000000033,500,1920
0.0,0.4,0.25,19,ar_ucb,1.6742826726124065,0.09780000000000012,500,1920
0.0,0.4,0.25,19,st_greedy,1.6795936364439892,0.07840000000000051,500,1920
0.0,0.4,0.25,19,st_ucb,1.7110930642348978,0.07130000000000039,500,1920
0.0,0.4,0.25,19,corrupt_ucb,1.7802438375342131,0.10423333333333334,500,1920
0.0,0.4,1.0,0,iid_ts,1.2687570925454978,0.01773333333333329,500,1920
0.0,0.4,1.0,0,discounted_ts,1.5003992745761738,0.2558666666666666,500,1920
0.0,0.4,1.0,0,ar_greedy,1.3668028291957401,0.02999999999999991,500,1920
0.0,0.4,1.0,0,ar_ucb,1.3285329879783485,0.02439999999999993,500,1920
0.0,0.4,1.0,0,st_greedy,1.3580563735644309,0.02586666666666659,500,1920
0.0,0.4,1.0,0,st_ucb,1.3129838213516916,0.032666666666666566,500,1920
0.0,0.4,1.0,0,corrupt_ucb,1.3927525663926876,0.036533333333333216,500,1920
0.0,0.4,1.0,1,iid_ts,1.4947251297618662,0.097466666666667,500,1920
0.0,0.4,1.0,1,discounted_ts,1.6772318100321413,0.28853333333333336,500,1920
0.0,0.4,1.0,1,ar_greedy,1.430383502023423,0.107333333333334,500,1920
0.0,0.4,1.0,1,ar_ucb,1.5006740040951643,0.11373333333333308,500,1920
0.0,0.4,1.0,1,st_greedy,1.430383502023423,0.107333333333334,500,1920
0.0,0.4,1.0,1,st_ucb,1.4312974806545464,0.10840000000000068,500,1920
0.0,0.4,1.0,1,corrupt_ucb,1.4311185734382892,0.10840000000000069,500,1920
0.0,0.4,1.0,2,iid_ts,1.2810574766356595,0.03466666666666657,500,1920
0.0,0.4,1.0,2,discounted_ts,1.5960772487877257,0.2978666666666666,500,1920
0.0,0.4,1.0,2,ar_greedy,1.3077927214592446,0.031466666666666566,500,1920
0.0,0.4,1.0,2,ar_ucb,1.3110235246747641,0.02786666666666658,500,1920
0.0,0.4,1.0,2,st_greedy,1.30654133261384,0.034133333333333224,500,1920
0.0,0.4,1.0,2,st_ucb,1.3346961023417363,0.04573333333333319,500,1920
0.0,0.4,1.0,2,corrupt_ucb,1.3011874928372325,0.034266666666666556,500,1920
0.0,0.4,1.0,3,iid_ts,1.3123429305644998,0.00813333333333333,500,1920
0.0,0.4,1.0,3,discounted_ts,1.5601463645670965,0.2598666666666671,500,1920
0.0,0.4,1.0,3,ar_greedy,1.2799007569507899,0.0,500,1920
0.0,0.4,1.0,3,ar_ucb,1.2799007569507899,0.0,500,1920
0.0,0.4,1.0,3,st_greedy,1.2799007569507899,0.0,500,1920
0.0,0.4,1.0,3,st_ucb,1.2799007569507899,0.0,500,1920
0.0,0.4,1.0,3,corrupt_ucb,1.2799007569507899,0.0,500,1920
0.0,0.4,1.0,4,iid_ts,1.3130187743941713,0.01906666666666662,500,1920
0.0,0.4,1.0,4,discounted_ts,1.559317149980539,0.25253333333333344,500,1920
0.0,0.4,1.0,4,ar_greedy,1.2555264221330464,0.0,500,1920
0.0,0.4,1.0,4,ar_ucb,1.2848225684209797,0.006533333333333324,500,1920
0.0,0.4,1.0,4,st_greedy,1.2555264221330464,0.0,500,1920
0.0,0.4,1.0,4,st_ucb,1.2555264221330464,0.0,500,1920
0.0,0.4,1.0,4,corrupt_ucb,1.2648041918605126,0.0005333333333333333,500,1920
0.0,0.4,1.0,5,iid_ts,1.437070755001808,0.087466666666667,500,1920
0.0,0.4,1.0,5,discounted_ts,1.5763539281866858,0.30919999999999986,500,1920
0.0,0.4,1.0,5,ar_greedy,1.3479688771425438,0.026933333333333264,500,1920
0.0,0.4,1.0,5,ar_ucb,1.3973596672962139,0.04399999999999987,500,1920
0.0,0.4,1.0,5,st_greedy,1.3452206288996287,0.022799999999999945,500,1920
0.0,0.4,1.0,5,st_ucb,1.40290313172516,0.0538666666666665,500,1920
0.0,0.4,1.0,5,corrupt_ucb,1.3841312564099002,0.03133333333333325,500,1920
0.0,0.4,1.0,6,iid_ts,1.3354111090939207,0.011866666666666657,500,1920
0.0,0.4,1.0,6,discounted_ts,1.6149715454234217,0.30719999999999975,500,1920
0.0,0.4,1.0,6,ar_greedy,1.3032746807060684,0.0,500,1920
0.0,0.4,1.0,6,ar_ucb,1.3032746807060684,0.0,500,1920
0.0,0.4,1.0,6,st_greedy,1.3032746807060684,0.0,500,1920
0.0,0.4,1.0,6,st_ucb,1.3032746807060684,0.0,500,1920
0.0,0.4,1.0,6,corrupt_ucb,1.3032746807060684,0.0,500,1920
0.0,0.4,1.0,7,iid_ts,1.3401746261537075,0.05733333333333316,500,1920
0.0,0.4,1.0,7,discounted_ts,1.5526455736968032,0.2714666666666666,500,1920
0.0,0.4,1.0,7,ar_greedy,1.3543251099430977,0.05973333333333314,500,1920
0.0,0.4,1.0,7,ar_ucb,1.3764087534179332,0.01799999999999995,500,1920
0.0,0.4,1.0,7,st_greedy,1.3913145664641924,0.013066666666666634,500,1920
0.0,0.4,1.0,7,st_ucb,1.3584959440987106,0.036399999999999884,500,1920
0.0,0.4,1.0,7,corrupt_ucb,1.3764087534179332,0.01799999999999995,500,1920
0.0,0.4,1.0,8,iid_ts,1.3156494765581868,0.014266666666666648,500,1920
0.0,0.4,1.0,8,discounted_ts,1.5439180436143938,0.28386666666666704,500,1920
0.0,0.4,1.0,8,ar_greedy,1.2821280749548876,0.0,500,1920
0.0,0.4,1.0,8,ar_ucb,1.2821280749548876,0.0,500,1920
0.0,0.4,1.0,8,st_greedy,1.2821280749548876,0.0,500,1920
0.0,0.4,1.0,8,st_ucb,1.2821280749548876,0.0,500,1920
0.0,0.4,1.0,8,corrupt_ucb,1.2821280749548876,0.0,500,1920
0.0,0.4,1.0,9,iid_ts,1.3918626873316184,0.06853333333333336,500,1920
0.0,0.4,1.0,9,discounted_ts,1.6134980960591632,0.31466666666666687,500,1920
0.0,0.4,1.0,9,ar_greedy,1.3447738907185753,0.0,500,1920
0.0,0.4,1.0,9,ar_ucb,1.3447738907185753,0.0,500,1920
0.0,0.4,1.0,9,st_greedy,1.3447738907185753,0.0,500,1920
0.0,0.4,1.0,9,st_ucb,1.3447738907185753,0.0,500,1920
0.0,0.4,1.0,9,corrupt_ucb,1.3447738907185753,0.0,500,1920
0.0,0.4,1.0,10,iid_ts,1.395071268720679,0.0459999999999999,500,1920
0.0,0.4,1.0,10,discounted_ts,1.5557181889223286,0.26800000000000007,500,1920
0.0,0.4,1.0,10,ar_greedy,1.3343901813504913,0.0,500,1920
0.0,0.4,1.0,10,ar_ucb,1.3448184959879805,0.002133333333333333,500,1920
0.0,0.4,1.0,10,st_greedy,1.3343901813504913,0.0,500,1920
0.0,0.4,1.0,10,st_ucb,1.3426210734521267,0.0010666666666666665,500,1920
0.0,0.4,1.0,10,corrupt_ucb,1.3385517662723871,0.001333333333333333,500,1920
0.0,0.4,1.0,11,iid_ts,1.3519522958315213,0.060799999999999896,500,1920
0.0,0.4,1.0,11,discounted_ts,1.54925033958607,0.2790666666666667,500,1920
0.0,0.4,1.0,11,ar_greedy,1.2686389978701444,0.0,500,1920
0.0,0.4,1.0,11,ar_ucb,1.27961284773847,0.0033333333333333335,500,1920
0.0,0.4,1.0,11,st_greedy,1.2686389978701444,0.0,500,1920
0.0,0.4,1.0,11,st_ucb,1.2852488155053048,0.015999999999999997,500,1920
0.0,0.4,1.0,11,corrupt_ucb,1.2746906269220677,0.0006666666666666668,500,1920
0.0,0.4,1.0,12,iid_ts,1.2887243351507227,0.03693333333333323,500,1920
0.0,0.4,1.0,12,discounted_ts,1.6615478109647355,0.28293333333333304,500,1920
0.0,0.4,1.0,12,ar_greedy,1.2967949833076877,0.01546666666666664,500,1920
0.0,0.4,1.0,12,ar_ucb,1.2839155560498359,0.01906666666666662,500,1920
0.0,0.4,1.0,12,st_greedy,1.3005588961048813,0.01253333333333331,500,1920
0.0,0.4,1.0,12,st_ucb,1.2930052226564759,0.015066666666666641,500,1920
0.0,0.4,1.0,12,corrupt_ucb,1.4270896682427672,0.06533333333333319,500,1920
0.0,0.4,1.0,13,iid_ts,1.3555947244191346,0.03506666666666657,500,1920
0.0,0.4,1.0,13,discounted_ts,1.6086249107093018,0.30506666666666643,500,1920
0.0,0.4,1.0,13,ar_greedy,1.354790551085385,0.0,500,1920
0.0,0.4,1.0,13,ar_ucb,1.3609513711862096,0.0005333333333333333,500,1920
0.0,0.4,1.0,13,st_greedy,1.354790551085385,0.0,500,1920
0.0,0.4,1.0,13,st_ucb,1.3565122531642397,0.0002666666666666666,500,1920
0.0,0.4,1.0,13,corrupt_ucb,1.3542204084469047,0.007466666666666665,500,1920
0.0,0.4,1.0,14,iid_ts,1.3262496447871195,0.008799999999999988,500,1920
0.0,0.4,1.0,14,discounted_ts,1.5722230207210135,0.27453333333333346,500,1920
0.0,0.4,1.0,14,ar_greedy,1.283674809728683,0.0,500,1920
0.0,0.4,1.0,14,ar_ucb,1.283674809728683,0.0,500,1920
0.0,0.4,1.0,14,st_greedy,1.283674809728683,0.0,500,1920
0.0,0.4,1.0,14,st_ucb,1.283674809728683,0.0,500,1920
0.0,0.4,1.0,14,corrupt_ucb,1.283674809728683,0.0,500,1920
0.0,0.4,1.0,15,iid_ts,1.3561508620362432,0.028799999999999968,500,1920
0.0,0.4,1.0,15,discounted_ts,1.6139557027863924,0.29946666666666666,500,1920
0.0,0.4,1.0,15,ar_greedy,1.2751865088566625,0.0,500,1920
0.0,0.4,1.0,15,ar_ucb,1.2751865088566625,0.0,500,1920
0.0,0.4,1.0,15,st_greedy,1.2751865088566625,0.0,500,1920
0.0,0.4,1.0,15,st_ucb,1.2751865088566625,0.0,500,1920
0.0,0.4,1.0,15,corrupt_ucb,1.2751865088566625,0.0,500,1920
0.0,0.4,1.0,16,iid_ts,1.326777798352477,0.011199999999999991,500,1920
0.0,0.4,1.0,16,discounted_ts,1.570783260518199,0.2972000000000004,500,1920
0.0,0.4,1.0,16,ar_greedy,1.289546550329203,0.0,500,1920
0.0,0.4,1.0,16,ar_ucb,1.289546550329203,0.0,500,1920
0.0,0.4,1.0,16,st_greedy,1.289546550329203,0.0,500,1920
0.0,0.4,1.0,16,st_ucb,1.289546550329203,0.0,500,1920
0.0,0.4,1.0,16,corrupt_ucb,1.289546550329203,0.0,500,1920
0.0,0.4,1.0,17,iid_ts,1.3616109815633768,0.02666666666666662,500,1920
0.0,0.4,1.0,17,discounted_ts,1.5702524306953218,0.26480000000000015,500,1920
0.0,0.4,1.0,17,ar_greedy,1.3360748694644924,0.0023999999999999994,500,1920
0.0,0.4,1.0,17,ar_ucb,1.3556240876491863,0.005866666666666665,500,1920
0.0,0.4,1.0,17,st_greedy,1.3270872448584268,0.0,500,1920
0.0,0.4,1.0,17,st_ucb,1.3454283225506118,0.0029333333333333325,500,1920
0.0,0.4,1.0,17,corrupt_ucb,1.339853596365053,0.007733333333333332,500,1920
0.0,0.4,1.0,18,iid_ts,1.1620738534612507,0.01679999999999996,500,1920
0.0,0.4,1.0,18,discounted_ts,1.4838830492005857,0.2505333333333332,500,1920
0.0,0.4,1.0,18,ar_greedy,1.1666991063187007,0.0,500,1920
0.0,0.4,1.0,18,ar_ucb,1.1666991063187007,0.0,500,1920
0.0,0.4,1.0,18,st_greedy,1.1666991063187007,0.0,500,1920
0.0,0.4,1.0,18,st_ucb,1.1666991063187007,0.0,500,1920
0.0,0.4,1.0,18,corrupt_ucb,1.1666991063187007,0.0,500,1920
0.0,0.4,1.0,19,iid_ts,1.4266058711797869,0.09773333333333357,500,1920
0.0,0.4,1.0,19,discounted_ts,1.605712382685503,0.32306666666666667,500,1920
0.0,0.4,1.0,19,ar_greedy,1.4401249179171045,0.0921333333333341,500,1920
0.0,0.4,1.0,19,ar_ucb,1.453461661992881,0.09813333333333377,500,1920
0.0,0.4,1.0,19,st_greedy,1.3506060887538238,0.08160000000000067,500,1920
0.0,0.4,1.0,19,st_ucb,1.2912154131578035,0.029999999999999923,500,1920
0.0,0.4,1.0,19,corrupt_ucb,1.3197458299075806,0.03719999999999989,500,1920
0.0,0.8,0.25,0,iid_ts,1.4957627237309215,0.011066666666666652,500,1920
0.0,0.8,0.25,0,discounted_ts,1.602030687821717,0.09650000000000011,500,1920
0.0,0.8,0.25,0,ar_greedy,1.5970090633799843,0.010666666666666632,500,1920
0.0,0.8,0.25,0,ar_ucb,1.542111745489475,0.005433333333333318,500,1920
0.0,0.8,0.25,0,st_greedy,1.5220569099676469,0.00043333333333333326,500,1920
0.0,0.8,0.25,0,st_ucb,1.5200984798715775,0.0012999999999999989,500,1920
0.0,0.8,0.25,0,corrupt_ucb,1.5132382941858489,0.00483333333333332,500,1920
0.0,0.8,0.25,1,iid_ts,1.6569629261248822,0.10929999999999992,500,1920
0.0,0.8,0.25,1,discounted_ts,1.7091778769306465,0.10943333333333331,500,1920
0.0,0.8,0.25,1,ar_greedy,1.6784744879619704,0.10746666666666736,500,1920
0.0,0.8,0.25,1,ar_ucb,1.6714577415865237,0.11653333333333352,500,1920
0.0,0.8,0.25,1,st_greedy,1.7217315594154816,0.10106666666666651,500,1920
0.0,0.8,0.25,1,st_ucb,1.6687873547132235,0.1201666666666662,500,1920
0.0,0.8,0.25,1,corrupt_ucb,1.7260098242652966,0.10643333333333403,500,1920
0.0,0.8,0.25,2,iid_ts,1.5114790909346307,0.023633333333333364,500,1920
0.0,0.8,0.25,2,discounted_ts,1.591374377435191,0.10660000000000018,500,1920
0.0,0.8,0.25,2,ar_greedy,1.5008954425505445,0.012266666666666627,500,1920
0.0,0.8,0.25,2,ar_ucb,1.5395289547200068,0.014033333333333287,500,1920
0.0,0.8,0.25,2,st_greedy,1.5361446527300069,0.01623333333333329,500,1920
0.0,0.8,0.25,2,st_ucb,1.5703855052083049,0.01689999999999997,500,1920
0.0,0.8,0.25,2,corrupt_ucb,1.5353553435878586,0.014899999999999951,500,1920
0.0,0.8,0.25,3,iid_ts,1.550227666106245,0.03703333333333335,500,1920
0.0,0.8,0.25,3,discounted_ts,1.6596751785970139,0.10669999999999999,500,1920
0.0,0.8,0.25,3,ar_greedy,1.4814603903841552,0.0,500,1920
0.0,0.8,0.25,3,ar_ucb,1.4790236050700467,0.0005333333333333333,500,1920
0.0,0.8,0.25,3,st_greedy,1.4814603903841552,0.0,500,1920
0.0,0.8,0.25,3,st_ucb,1.4814603903841552,0.0,500,1920
0.0,0.8,0.25,3,corrupt_ucb,1.4882226295028802,0.00019999999999999996,500,1920
0.0,0.8,0.25,4,iid_ts,1.535795475507086,0.06743333333333322,500,1920
0.0,0.8,0.25,4,discounted_ts,1.512943690218116,0.10156666666666658,500,1920
0.0,0.8,0.25,4,ar_greedy,1.5259636545367512,0.028300000000000446,500,1920
0.0,0.8,0.25,4,ar_ucb,1.4842525878027677,0.02950000000000002,500,1920
0.0,0.8,0.25,4,st_greedy,1.47408435799393,0.014199999999999994,500,1920
0.0,0.8,0.25,4,st_ucb,1.5982152752660814,0.05916666666666653,500,1920
0.0,0.8,0.25,4,corrupt_ucb,1.489801942210035,0.014233333333333336,500,1920
0.0,0.8,0.25,5,iid_ts,1.607361079113539,0.050633333333333454,500,1920
0.0,0.8,0.25,5,discounted_ts,1.5706863793301908,0.10236666666666668,500,1920
0.0,0.8,0.25,5,ar_greedy,1.5645230933830985,0.019633333333333274,500,1920
0.0,0.8,0.25,5,ar_ucb,1.5797300996143004,0.04416666666666692,500,1920
0.0,0.8,0.25,5,st_greedy,1.5573248613320263,0.025300000000000135,500,1920
0.0,0.8,0.25,5,st_ucb,1.5811867303498282,0.04506666666666701,500,1920
0.0,0.8,0.25,5,corrupt_ucb,1.5945979334046936,0.03003333333333333,500,1920
0.0,0.8,0.25,6,iid_ts,1.5616930981221044,0.036666666666666736,500,1920
0.0,0.8,0.25,6,discounted_ts,1.6280792432243179,0.12049999999999997,500,1920
0.0,0.8,0.25,6,ar_greedy,1.510187857366513,0.0,500,1920
0.0,0.8,0.25,6,ar_ucb,1.5146912264506553,0.0003999999999999999,500,1920
0.0,0.8,0.25,6,st_greedy,1.510187857366513,0.0,500,1920
0.0,0.8,0.25,6,st_ucb,1.510187857366513,0.0,500,1920
0.0,0.8,0.25,6,corrupt_ucb,1.510187857366513,0.0,500,1920
0.0,0.8,0.25,7,iid_ts,1.5309725700304928,0.0483333333333334,500,1920
0.0,0.8,0.25,7,discounted_ts,1.5804512523155818,0.09753333333333339,500,1920
0.0,0.8,0.25,7,ar_greedy,1.5270206610994201,0.016566666666666643,500,1920
0.0,0.8,0.25,7,ar_ucb,1.634197672243039,0.015333333333333327,500,1920
0.0,0.8,0.25,7,st_greedy,1.5171264019161714,0.016633333333333312,500,1920
0.0,0.8,0.25,7,st_ucb,1.6436997149022645,0.016166666666666652,500,1920
0.0,0.8,0.25,7,corrupt_ucb,1.5548206943789236,0.01569999999999995,500,1920
0.0,0.8,0.25,8,iid_ts,1.5356455724985045,0.027966666666666726,500,1920
0.0,0.8,0.25,8,discounted_ts,1.54441229431268,0.09433333333333338,500,1920
0.0,0.8,0.25,8,ar_greedy,1.485830140904663,0.0,500,1920
0.0,0.8,0.25,8,ar_ucb,1.5254658470161448,0.006699999999999989,500,1920
0.0,0.8,0.25,8,st_greedy,1.485830140904663,0.0,500,1920
0.0,0.8,0.25,8,st_ucb,1.5272489306861023,0.010033333333333314,500,1920
0.0,0.8,0.25,8,corrupt_ucb,1.4951510993270136,0.0004999999999999999,500,1920
0.0,0.8,0.25,9,iid_ts,1.5486236536730018,0.08323333333333353,500,1920
0.0,0.8,0.25,9,discounted_ts,1.6048346010863885,0.11160000000000013,500,1920
0.0,0.8,0.25,9,ar_greedy,1.5580001607325669,0.06666666666666661,500,1920
0.0,0.8,0.25,9,ar_ucb,1.5568154331417958,0.06676666666666657,500,1920
0.0,0.8,0.25,9,st_greedy,1.5580001607325669,0.06666666666666661,500,1920
0.0,0.8,0.25,9,st_ucb,1.5356310585558028,0.07296666666666655,500,1920
0.0,0.8,0.25,9,corrupt_ucb,1.5640546918959155,0.06719999999999995,500,1920
0.0,0.8,0.25,10,iid_ts,1.5939509053563314,0.07863333333333337,500,1920
0.0,0.8,0.25,10,discounted_ts,1.6340959117307294,0.1108333333333332,500,1920
0.0,0.8,0.25,10,ar_greedy,1.6176864468273746,0.09276666666666628,500,1920
0.0,0.8,0.25,10,ar_ucb,1.5984552438978998,0.0811999999999992,500,1920
0.0,0.8,0.25,10,st_greedy,1.5785951210531668,0.04253333333333378,500,1920
0.0,0.8,0.25,10,st_ucb,1.6009566466309002,0.08446666666666588,500,1920
0.0,0.8,0.25,10,corrupt_ucb,1.579117065519509,0.07383333333333301,500,1920
0.0,0.8,0.25,11,iid_ts,1.5114896662183193,0.0469666666666667,500,1920
0.0,0.8,0.25,11,discounted_ts,1.58057073014638,0.10679999999999987,500,1920
0.0,0.8,0.25,11,ar_greedy,1.5496707511368275,0.05823333333333341,500,1920
0.0,0.8,0.25,11,ar_ucb,1.486264714654185,0.04463333333333358,500,1920
0.0,0.8,0.25,11,st_greedy,1.5314998109258815,0.05003333333333355,500,1920
0.0,0.8,0.25,11,st_ucb,1.4799869019910559,0.02856666666666661,500,1920
0.0,0.8,0.25,11,corrupt_ucb,1.5396477088448592,0.04769999999999996,500,1920
0.0,0.8,0.25,12,iid_ts,1.636406464630251,0.07930000000000001,500,1920
0.0,0.8,0.25,12,discounted_ts,1.7343720135573377,0.11110000000000009,500,1920
0.0,0.8,0.25,12,ar_greedy,1.5329482351933765,0.06320000000000106,500,1920
0.0,0.8,0.25,12,ar_ucb,1.5340859633671535,0.046633333333332874,500,1920
0.0,0.8,0.25,12,st_greedy,1.5428220916369102,0.04849999999999936,500,1920
0.0,0.8,0.25,12,st_ucb,1.5161569552926175,0.04276666666666684,500,1920
0.0,0.8,0.25,12,corrupt_ucb,1.528583567650154,0.05639999999999946,500,1920
0.0,0.8,0.25,13,iid_ts,1.6182202461586095,0.061666666666666765,500,1920
0.0,0.8,0.25,13,discounted_ts,1.6465914086871052,0.11103333333333332,500,1920
0.0,0.8,0.25,13,ar_greedy,1.578864024135813,0.006533333333333336,500,1920
0.0,0.8,0.25,13,ar_ucb,1.5838592071491862,0.023733333333333325,500,1920
0.0,0.8,0.25,13,st_greedy,1.5638877013016028,0.002933333333333334,500,1920
0.0,0.8,0.25,13,st_ucb,1.5540782967150155,0.011933333333333317,500,1920
0.0,0.8,0.25,13,corrupt_ucb,1.566851346583408,0.013899999999999982,500,1920
0.0,0.8,0.25,14,iid_ts,1.5815219324894103,0.02670000000000011,500,1920
0.0,0.8,0.25,14,discounted_ts,1.5828075222730391,0.09396666666666653,500,1920
0.0,0.8,0.25,14,ar_greedy,1.4898198778250336,0.0,500,1920
0.0,0.8,0.25,14,ar_ucb,1.4818934616731623,0.0006333333333333333,500,1920
0.0,0.8,0.25,14,st_greedy,1.4898198778250336,0.0,500,1920
0.0,0.8,0.25,14,st_ucb,1.489566966590899,0.0003333333333333334,500,1920
0.0,0.8,0.25,14,corrupt_ucb,1.4903636653750907,6.666666666666666e-05,500,1920
0.0,0.8,0.25,15,iid_ts,1.572245503532802,0.038300000000000146,500,1920
0.0,0.8,0.25,15,discounted_ts,1.6050077955616824,0.09396666666666667,500,1920
0.0,0.8,0.25,15,ar_greedy,1.5265173663755935,0.017799999999999972,500,1920
0.0,0.8,0.25,15,ar_ucb,1.5718642641790297,0.03163333333333325,500,1920
0.0,0.8,0.25,15,st_greedy,1.5422361616459943,0.013666666666666653,500,1920
0.0,0.8,0.25,15,st_ucb,1.5741413192282152,0.01799999999999997,500,1920
0.0,0.8,0.25,15,corrupt_ucb,1.5480393010281244,0.010766666666666662,500,1920
0.0,0.8,0.25,16,iid_ts,1.4908506855537418,0.07993333333333341,500,1920
0.0,0.8,0.25,16,discounted_ts,1.5491172454357327,0.10836666666666671,500,1920
0.0,0.8,0.25,16,ar_greedy,1.5410826463627927,0.03196666666666672,500,1920
0.0,0.8,0.25,16,ar_ucb,1.649532014084881,0.06219999999999942,500,1920
0.0,0.8,0.25,16,st_greedy,1.5323073465469028,0.03360000000000004,500,1920
0.0,0.8,0.25,16,st_ucb,1.5352670525210186,0.03000000000000005,500,1920
0.0,0.8,0.25,16,corrupt_ucb,1.5250609183326156,0.028200000000000044,500,1920
0.0,0.8,0.25,17,iid_ts,1.5607549520916364,0.03166666666666671,500,1920
0.0,0.8,0.25,17,discounted_ts,1.5622272187219954,0.09813333333333345,500,1920
0.0,0.8,0.25,17,ar_greedy,1.5788719093308283,0.018766666666666623,500,1920
0.0,0.8,0.25,17,ar_ucb,1.5530837190639502,0.026166666666666602,500,1920
0.0,0.8,0.25,17,st_greedy,1.5391869228708555,0.001533333333333333,500,1920
0.0,0.8,0.25,17,st_ucb,1.5823884461610085,0.022966666666666604,500,1920
0.0,0.8,0.25,17,corrupt_ucb,1.5530341904778473,0.012633333333333295,500,1920
0.0,0.8,0.25,18,iid_ts,1.5156123009809026,0.05153333333333323,500,1920
0.0,0.8,0.25,18,discounted_ts,1.5475334994219627,0.09246666666666653,500,1920
0.0,0.8,0.25,18,ar_greedy,1.5000310273646271,0.04449999999999998,500,1920
0.0,0.8,0.25,18,ar_ucb,1.5671522665374944,0.0627333333333341,500,1920
0.0,0.8,0.25,18,st_greedy,1.5564963896207509,0.05636666666666644,500,1920
0.0,0.8,0.25,18,st_ucb,1.4307014414510988,0.02763333333333333,500,1920
0.0,0.8,0.25,18,corrupt_ucb,1.536382868435652,0.05866666666666652,500,1920
0.0,0.8,0.25,19,iid_ts,1.6973506629452566,0.09306666666666676,500,1920
0.0,0.8,0.25,19,discounted_ts,1.6327957631891752,0.1189666666666667,500,1920
0.0,0.8,0.25,19,ar_greedy,1.6045947451023914,0.0846666666666671,500,1920
0.0,0.8,0.25,19,ar_ucb,1.6266034319508258,0.10409999999999951,500,1920
0.0,0.8,0.25,19,st_greedy,1.5489659228327097,0.06713333333333334,500,1920
0.0,0.8,0.25,19,st_ucb,1.6416611898984061,0.0897999999999998,500,1920
0.0,0.8,0.25,19,corrupt_ucb,1.613988281417333,0.09346666666666667,500,1920
0.0,0.8,1.0,0,iid_ts,1.200877574008003,0.015066666666666631,500,1920
0.0,0.8,1.0,0,discounted_ts,1.423973778918861,0.24973333333333322,500,1920
0.0,0.8,1.0,0,ar_greedy,1.2104530929722868,0.0023999999999999994,500,1920
0.0,0.8,1.0,0,ar_ucb,1.2573379865633538,0.017733333333333285,500,1920
0.0,0.8,1.0,0,st_greedy,1.2031714760205094,0.0,500,1920
0.0,0.8,1.0,0,st_ucb,1.2140626746010965,0.002133333333333333,500,1920
0.0,0.8,1.0,0,corrupt_ucb,1.2146998170420398,0.007866666666666654,500,1920
0.0,0.8,1.0,1,iid_ts,1.4014948536427885,0.09546666666666663,500,1920
0.0,0.8,1.0,1,discounted_ts,1.6177662132794943,0.2973333333333334,500,1920
0.0,0.8,1.0,1,ar_greedy,1.3917964016223319,0.1339999999999999,500,1920
0.0,0.8,1.0,1,ar_ucb,1.3408769699730594,0.12520000000000012,500,1920
0.0,0.8,1.0,1,st_greedy,1.3718328401184157,0.13106666666666608,500,1920
0.0,0.8,1.0,1,st_ucb,1.3385640069747244,0.125866666666667,500,1920
0.0,0.8,1.0,1,corrupt_ucb,1.3534955501356136,0.13426666666666615,500,1920
0.0,0.8,1.0,2,iid_ts,1.2085036790543502,0.03266666666666657,500,1920
0.0,0.8,1.0,2,discounted_ts,1.5345988170427343,0.28479999999999994,500,1920
0.0,0.8,1.0,2,ar_greedy,1.2619512253422398,0.04026666666666654,500,1920
0.0,0.8,1.0,2,ar_ucb,1.2512699557649969,0.0327999999999999,500,1920
0.0,0.8,1.0,2,st_greedy,1.258536618461723,0.02733333333333325,500,1920
0.0,0.8,1.0,2,st_ucb,1.2513540598430257,0.031333333333333234,500,1920
0.0,0.8,1.0,2,corrupt_ucb,1.2412650170838462,0.03013333333333324,500,1920
0.0,0.8,1.0,3,iid_ts,1.1973659182449017,0.006533333333333328,500,1920
0.0,0.8,1.0,3,discounted_ts,1.535333723536838,0.2753333333333336,500,1920
0.0,0.8,1.0,3,ar_greedy,1.183162543392794,0.0,500,1920
0.0,0.8,1.0,3,ar_ucb,1.183162543392794,0.0,500,1920
0.0,0.8,1.0,3,st_greedy,1.183162543392794,0.0,500,1920
0.0,0.8,1.0,3,st_ucb,1.183162543392794,0.0,500,1920
0.0,0.8,1.0,3,corrupt_ucb,1.183162543392794,0.0,500,1920
0.0,0.8,1.0,4,iid_ts,1.2274724371076022,0.018933333333333285,500,1920
0.0,0.8,1.0,4,discounted_ts,1.4612649043750947,0.2549333333333335,500,1920
0.0,0.8,1.0,4,ar_greedy,1.1804303790512711,0.0,500,1920
0.0,0.8,1.0,4,ar_ucb,1.2095845923435549,0.006133333333333326,500,1920
0.0,0.8,1.0,4,st_greedy,1.1804303790512711,0.0,500,1920
0.0,0.8,1.0,4,st_ucb,1.1804303790512711,0.0,500,1920
0.0,0.8,1.0,4,corrupt_ucb,1.1850218797098182,0.0002666666666666666,500,1920
0.0,0.8,1.0,5,iid_ts,1.3400925459130792,0.08933333333333372,500,1920
0.0,0.8,1.0,5,discounted_ts,1.4616848870459902,0.3175999999999997,500,1920
0.0,0.8,1.0,5,ar_greedy,1.2932583887478208,0.036799999999999895,500,1920
0.0,0.8,1.0,5,ar_ucb,1.2513072052460776,0.03333333333333324,500,1920
0.0,0.8,1.0,5,st_greedy,1.2871458502431665,0.01719999999999997,500,1920
0.0,0.8,1.0,5,st_ucb,1.2980046687052758,0.01639999999999997,500,1920
0.0,0.8,1.0,5,corrupt_ucb,1.2990158129357456,0.04053333333333322,500,1920
0.0,0.8,1.0,6,iid_ts,1.2531126434088202,0.012399999999999991,500,1920
0.0,0.8,1.0,6,discounted_ts,1.465518980712184,0.30133333333333306,500,1920
0.0,0.8,1.0,6,ar_greedy,1.2159073527806252,0.0,500,1920
0.0,0.8,1.0,6,ar_ucb,1.2159073527806252,0.0,500,1920
0.0,0.8,1.0,6,st_greedy,1.2159073527806252,0.0,500,1920
0.0,0.8,1.0,6,st_ucb,1.2159073527806252,0.0,500,1920
0.0,0.8,1.0,6,corrupt_ucb,1.2159073527806252,0.0,500,1920
0.0,0.8,1.0,7,iid_ts,1.2601251984972712,0.031733333333333245,500,1920
0.0,0.8,1.0,7,discounted_ts,1.4407892768471815,0.2704,500,1920
0.0,0.8,1.0,7,ar_greedy,1.3137165483606765,0.0023999999999999994,500,1920
0.0,0.8,1.0,7,ar_ucb,1.2992558544294717,0.00866666666666665,500,1920
0.0,0.8,1.0,7,st_greedy,1.3212690144276575,0.02079999999999994,500,1920
0.0,0.8,1.0,7,st_ucb,1.3196695835537573,0.0029333333333333325,500,1920
0.0,0.8,1.0,7,corrupt_ucb,1.2992558544294717,0.00866666666666665,500,1920
0.0,0.8,1.0,8,iid_ts,1.2151239385983894,0.011999999999999986,500,1920
0.0,0.8,1.0,8,discounted_ts,1.401771808672089,0.25813333333333377,500,1920
0.0,0.8,1.0,8,ar_greedy,1.187480945624638,0.0,500,1920
0.0,0.8,1.0,8,ar_ucb,1.187480945624638,0.0,500,1920
0.0,0.8,1.0,8,st_greedy,1.187480945624638,0.0,500,1920
0.0,0.8,1.0,8,st_ucb,1.187480945624638,0.0,500,1920
0.0,0.8,1.0,8,corrupt_ucb,1.187480945624638,0.0,500,1920
0.0,0.8,1.0,9,iid_ts,1.264731332397964,0.057066666666666606,500,1920
0.0,0.8,1.0,9,discounted_ts,1.5054043789951286,0.31506666666666683,500,1920
0.0,0.8,1.0,9,ar_greedy,1.228078573775371,0.0,500,1920
0.0,0.8,1.0,9,ar_ucb,1.228078573775371,0.0,500,1920
0.0,0.8,1.0,9,st_greedy,1.228078573775371,0.0,500,1920
0.0,0.8,1.0,9,st_ucb,1.228078573775371,0.0,500,1920
0.0,0.8,1.0,9,corrupt_ucb,1.228078573775371,0.0,500,1920
0.0,0.8,1.0,10,iid_ts,1.2889587054298297,0.05239999999999986,500,1920
0.0,0.8,1.0,10,discounted_ts,1.483645501761274,0.2886666666666671,500,1920
0.0,0.8,1.0,10,ar_greedy,1.3037772981292246,0.05573333333333316,500,1920
0.0,0.8,1.0,10,ar_ucb,1.289742219726063,0.058133333333333155,500,1920
0.0,0.8,1.0,10,st_greedy,1.2329351038237746,0.0,500,1920
0.0,0.8,1.0,10,st_ucb,1.263069992520442,0.029599999999999925,500,1920
0.0,0.8,1.0,10,corrupt_ucb,1.2865610467415571,0.051466666666666515,500,1920
0.0,0.8,1.0,11,iid_ts,1.232694677974715,0.06346666666666655,500,1920
0.0,0.8,1.0,11,discounted_ts,1.4268849358692004,0.27186666666666676,500,1920
0.0,0.8,1.0,11,ar_greedy,1.1651882347035654,0.0,500,1920
0.0,0.8,1.0,11,ar_ucb,1.1774726824536683,0.016133333333333333,500,1920
0.0,0.8,1.0,11,st_greedy,1.1651882347035654,0.0,500,1920
0.0,0.8,1.0,11,st_ucb,1.2028835736032124,0.022400000000000017,500,1920
0.0,0.8,1.0,11,corrupt_ucb,1.1651882347035654,0.0,500,1920
0.0,0.8,1.0,12,iid_ts,1.1915787874005717,0.03266666666666659,500,1920
0.0,0.8,1.0,12,discounted_ts,1.5903104355647417,0.30119999999999975,500,1920
0.0,0.8,1.0,12,ar_greedy,1.190024323890944,0.011066666666666641,500,1920
0.0,0.8,1.0,12,ar_ucb,1.3069749579373002,0.0603999999999998,500,1920
0.0,0.8,1.0,12,st_greedy,1.1827826719256664,0.00999999999999998,500,1920
0.0,0.8,1.0,12,st_ucb,1.191970044950048,0.007066666666666656,500,1920
0.0,0.8,1.0,12,corrupt_ucb,1.2036929071586917,0.012133333333333305,500,1920
0.0,0.8,1.0,13,iid_ts,1.2330123629703948,0.030799999999999918,500,1920
0.0,0.8,1.0,13,discounted_ts,1.520495580198976,0.3180000000000002,500,1920
0.0,0.8,1.0,13,ar_greedy,1.2430228781248995,0.0,500,1920
0.0,0.8,1.0,13,ar_ucb,1.2430228781248995,0.0,500,1920
0.0,0.8,1.0,13,st_greedy,1.2430228781248995,0.0,500,1920
0.0,0.8,1.0,13,st_ucb,1.2430228781248995,0.0,500,1920
0.0,0.8,1.0,13,corrupt_ucb,1.2430228781248995,0.0,500,1920
0.0,0.8,1.0,14,iid_ts,1.1940961717686618,0.011733333333333307,500,1920
0.0,0.8,1.0,14,discounted_ts,1.4409500897825573,0.25813333333333377,500,1920
0.0,0.8,1.0,14,ar_greedy,1.1837249623934198,0.0,500,1920
0.0,0.8,1.0,14,ar_ucb,1.1837249623934198,0.0,500,1920
0.0,0.8,1.0,14,st_greedy,1.1837249623934198,0.0,500,1920
0.0,0.8,1.0,14,st_ucb,1.1837249623934198,0.0,500,1920
0.0,0.8,1.0,14,corrupt_ucb,1.1837249623934198,0.0,500,1920
0.0,0.8,1.0,15,iid_ts,1.2703275137177947,0.04679999999999988,500,1920
0.0,0.8,1.0,15,discounted_ts,1.4654218219778954,0.2833333333333334,500,1920
0.0,0.8,1.0,15,ar_greedy,1.1907800376055808,0.0,500,1920
0.0,0.8,1.0,15,ar_ucb,1.1907422666756944,0.0001333333333333333,500,1920
0.0,0.8,1.0,15,st_greedy,1.1907800376055808,0.0,500,1920
0.0,0.8,1.0,15,st_ucb,1.1907800376055808,0.0,500,1920
0.0,0.8,1.0,15,corrupt_ucb,1.1907422666756944,0.0001333333333333333,500,1920
0.0,0.8,1.0,16,iid_ts,1.2305842822183146,0.007599999999999989,500,1920
0.0,0.8,1.0,16,discounted_ts,1.4500363394509308,0.28506666666666713,500,1920
0.0,0.8,1.0,16,ar_greedy,1.2056912723022872,0.0,500,1920
0.0,0.8,1.0,16,ar_ucb,1.2056912723022872,0.0,500,1920
0.0,0.8,1.0,16,st_greedy,1.2056912723022872,0.0,500,1920
0.0,0.8,1.0,16,st_ucb,1.2056912723022872,0.0,500,1920
0.0,0.8,1.0,16,corrupt_ucb,1.2056912723022872,0.0,500,1920
0.0,0.8,1.0,17,iid_ts,1.27969905612557,0.03279999999999995,500,1920
0.0,0.8,1.0,17,discounted_ts,1.4280208077843028,0.2598666666666669,500,1920
0.0,0.8,1.0,17,ar_greedy,1.237804348646439,0.003466666666666666,500,1920
0.0,0.8,1.0,17,ar_ucb,1.240991657372612,0.008533333333333332,500,1920
0.0,0.8,1.0,17,st_greedy,1.2259937982870124,0.0,500,1920
0.0,0.8,1.0,17,st_ucb,1.2328591145829617,0.0010666666666666665,500,1920
0.0,0.8,1.0,17,corrupt_ucb,1.2408450252116434,0.005599999999999999,500,1920
0.0,0.8,1.0,18,iid_ts,1.101750147588123,0.019599999999999958,500,1920
0.0,0.8,1.0,18,discounted_ts,1.3851154358888655,0.2553333333333335,500,1920
0.0,0.8,1.0,18,ar_greedy,1.0983406523215111,0.0,500,1920
0.0,0.8,1.0,18,ar_ucb,1.1033592423233518,0.0002666666666666666,500,1920
0.0,0.8,1.0,18,st_greedy,1.0983406523215111,0.0,500,1920
0.0,0.8,1.0,18,st_ucb,1.0983406523215111,0.0,500,1920
0.0,0.8,1.0,18,corrupt_ucb,1.1009985883030713,0.0001333333333333333,500,1920
0.0,0.8,1.0,19,iid_ts,1.325900349508584,0.11333333333333401,500,1920
0.0,0.8,1.0,19,discounted_ts,1.5770728599200357,0.3145333333333334,500,1920
0.0,0.8,1.0,19,ar_greedy,1.2794918133314253,0.08226666666666739,500,1920
0.0,0.8,1.0,19,ar_ucb,1.2018859392026815,0.025999999999999943,500,1920
0.0,0.8,1.0,19,st_greedy,1.3608025215082409,0.1339999999999999,500,1920
0.0,0.8,1.0,19,st_ucb,1.3721006134981768,0.13586666666666666,500,1920
0.0,0.8,1.0,19,corrupt_ucb,1.3130969768333434,0.08600000000000012,500,1920
0.5,0.0,0.25,0,iid_ts,1.568822434118786,0.020900000000000012,500,1920
0.5,0.0,0.25,0,discounted_ts,1.6931118718316576,0.08460000000000005,500,1920
0.5,0.0,0.25,0,ar_greedy,1.4504108746474405,0.02630000000000011,500,1920
0.5,0.0,0.25,0,ar_ucb,1.5108562916770854,0.03143333333333345,500,1920
0.5,0.0,0.25,0,st_greedy,1.4504108746474405,0.02630000000000011,500,1920
0.5,0.0,0.25,0,st_ucb,1.5108562916770854,0.03143333333333345,500,1920
0.5,0.0,0.25,0,corrupt_ucb,1.5108562916770854,0.03143333333333345,500,1920
0.5,0.0,0.25,1,iid_ts,1.8840466132146352,0.11953333333333374,500,1920
0.5,0.0,0.25,1,discounted_ts,1.8498048569892491,0.11396666666666681,500,1920
0.5,0.0,0.25,1,ar_greedy,1.5822191327326047,0.08303333333333347,500,1920
0.5,0.0,0.25,1,ar_ucb,1.6191133845624253,0.11673333333333333,500,1920
0.5,0.0,0.25,1,st_greedy,1.5822191327326047,0.08303333333333347,500,1920
0.5,0.0,0.25,1,st_ucb,1.6191133845624253,0.11673333333333333,500,1920
0.5,0.0,0.25,1,corrupt_ucb,1.6191133845624253,0.11673333333333333,500,1920
0.5,0.0,0.25,2,iid_ts,1.6843263604784595,0.04530000000000002,500,1920
0.5,0.0,0.25,2,discounted_ts,1.6685429368157707,0.1064333333333333,500,1920
0.5,0.0,0.25,2,ar_greedy,1.3188772172757297,0.045233333333333355,500,1920
0.5,0.0,0.25,2,ar_ucb,1.4415991989970989,0.04560000000000019,500,1920
0.5,0.0,0.25,2,st_greedy,1.3188772172757297,0.045233333333333355,500,1920
0.5,0.0,0.25,2,st_ucb,1.4415991989970989,0.04560000000000019,500,1920
0.5,0.0,0.25,2,corrupt_ucb,1.4415991989970989,0.04560000000000019,500,1920
0.5,0.0,0.25,3,iid_ts,1.6683092700213635,0.05910000000000021,500,1920
0.5,0.0,0.25,3,discounted_ts,1.699506196682463,0.10456666666666642,500,1920
0.5,0.0,0.25,3,ar_greedy,1.4175299400594175,0.055533333333333705,500,1920
0.5,0.0,0.25,3,ar_ucb,1.4816241993922212,0.0695666666666667,500,1920
0.5,0.0,0.25,3,st_greedy,1.4175299400594175,0.055533333333333705,500,1920
0.5,0.0,0.25,3,st_ucb,1.4816241993922212,0.0695666666666667,500,1920
0.5,0.0,0.25,3,corrupt_ucb,1.4816241993922212,0.0695666666666667,500,1920
0.5,0.0,0.25,4,iid_ts,1.6918919027684876,0.06059999999999992,500,1920
0.5,0.0,0.25,4,discounted_ts,1.6903719936126385,0.11403333333333335,500,1920
0.5,0.0,0.25,4,ar_greedy,1.47157442421336,0.05526666666666676,500,1920
0.5,0.0,0.25,4,ar_ucb,1.519572985954766,0.055900000000000075,500,1920
0.5,0.0,0.25,4,st_greedy,1.47157442421336,0.05526666666666676,500,1920
0.5,0.0,0.25,4,st_ucb,1.519572985954766,0.055900000000000075,500,1920
0.5,0.0,0.25,4,corrupt_ucb,1.519572985954766,0.055900000000000075,500,1920
0.5,0.0,0.25,5,iid_ts,1.7697316296017926,0.07746666666666685,500,1920
0.5,0.0,0.25,5,discounted_ts,1.7300492414910835,0.10203333333333325,500,1920
0.5,0.0,0.25,5,ar_greedy,1.5613901172775044,0.06696666666666704,500,1920
0.5,0.0,0.25,5,ar_ucb,1.4744239453753685,0.09773333333333349,500,1920
0.5,0.0,0.25,5,st_greedy,1.5613901172775044,0.06696666666666704,500,1920
0.5,0.0,0.25,5,st_ucb,1.4744239453753685,0.09773333333333349,500,1920
0.5,0.0,0.25,5,corrupt_ucb,1.4744239453753685,0.09773333333333349,500,1920
0.5,0.0,0.25,6,iid_ts,1.6640664547091317,0.03046666666666672,500,1920
0.5,0.0,0.25,6,discounted_ts,1.688060701877587,0.11450000000000002,500,1920
0.5,0.0,0.25,6,ar_greedy,1.3905254209760187,0.03913333333333348,500,1920
0.5,0.0,0.25,6,ar_ucb,1.4348284998875385,0.043199999999999995,500,1920
0.5,0.0,0.25,6,st_greedy,1.3905254209760187,0.03913333333333348,500,1920
0.5,0.0,0.25,6,st_ucb,1.4348284998875385,0.043199999999999995,500,1920
0.5,0.0,0.25,6,corrupt_ucb,1.4348284998875385,0.043199999999999995,500,1920
0.5,0.0,0.25,7,iid_ts,1.6323398799729998,0.06619999999999977,500,1920
0.5,0.0,0.25,7,discounted_ts,1.6530921422093003,0.09929999999999992,500,1920
0.5,0.0,0.25,7,ar_greedy,1.493075398409638,0.06843333333333307,500,1920
0.5,0.0,0.25,7,ar_ucb,1.5264801496824172,0.10923333333333327,500,1920
0.5,0.0,0.25,7,st_greedy,1.493075398409638,0.06843333333333307,500,1920
0.5,0.0,0.25,7,st_ucb,1.5264801496824172,0.10923333333333327,500,1920
0.5,0.0,0.25,7,corrupt_ucb,1.5264801496824172,0.10923333333333327,500,1920
0.5,0.0,0.25,8,iid_ts,1.7559404194589994,0.052100000000000236,500,1920
0.5,0.0,0.25,8,discounted_ts,1.6553138395301668,0.09823333333333333,500,1920
0.5,0.0,0.25,8,ar_greedy,1.392905061734137,0.027900000000000005,500,1920
0.5,0.0,0.25,8,ar_ucb,1.494567352867903,0.028400000000000043,500,1920
0.5,0.0,0.25,8,st_greedy,1.392905061734137,0.027900000000000005,500,1920
0.5,0.0,0.25,8,st_ucb,1.494567352867903,0.028400000000000043,500,1920
0.5,0.0,0.25,8,corrupt_ucb,1.494567352867903,0.028400000000000043,500,1920
0.5,0.0,0.25,9,iid_ts,1.7279570958205437,0.08860000000000036,500,1920
0.5,0.0,0.25,9,discounted_ts,1.6582138016789876,0.10670000000000006,500,1920
0.5,0.0,0.25,9,ar_greedy,1.5212230871163144,0.09800000000000048,500,1920
0.5,0.0,0.25,9,ar_ucb,1.6004048310199135,0.11270000000000058,500,1920
0.5,0.0,0.25,9,st_greedy,1.5212230871163144,0.09800000000000048,500,1920
0.5,0.0,0.25,9,st_ucb,1.6004048310199135,0.11270000000000058,500,1920
0.5,0.0,0.25,9,corrupt_ucb,1.6004048310199135,0.11270000000000058,500,1920
0.5,0.0,0.25,10,iid_ts,1.7684137140082237,0.08463333333333332,500,1920
0.5,0.0,0.25,10,discounted_ts,1.7138256400722114,0.10776666666666664,500,1920
0.5,0.0,0.25,10,ar_greedy,1.5377358142558741,0.043866666666666845,500,1920
0.5,0.0,0.25,10,ar_ucb,1.5713526160111195,0.09646666666666631,500,1920
0.5,0.0,0.25,10,st_greedy,1.5377358142558741,0.043866666666666845,500,1920
0.5,0.0,0.25,10,st_ucb,1.5713526160111195,0.09646666666666631,500,1920
0.5,0.0,0.25,10,corrupt_ucb,1.5713526160111195,0.09646666666666631,500,1920
0.5,0.0,0.25,11,iid_ts,1.8133993143713358,0.06159999999999992,500,1920
0.5,0.0,0.25,11,discounted_ts,1.6533076605302204,0.11176666666666664,500,1920
0.5,0.0,0.25,11,ar_greedy,1.4823475453022608,0.0888666666666668,500,1920
0.5,0.0,0.25,11,ar_ucb,1.5015584591583344,0.05713333333333323,500,1920
0.5,0.0,0.25,11,st_greedy,1.4823475453022608,0.0888666666666668,500,1920
0.5,0.0,0.25,11,st_ucb,1.5015584591583344,0.05713333333333323,500,1920
0.5,0.0,0.25,11,corrupt_ucb,1.5015584591583344,0.05713333333333323,500,1920
0.5,0.0,0.25,12,iid_ts,1.7156744750308237,0.08216666666666647,500,1920
0.5,0.0,0.25,12,discounted_ts,1.7657615080651052,0.11729999999999997,500,1920
0.5,0.0,0.25,12,ar_greedy,1.4490068567251548,0.07749999999999947,500,1920
0.5,0.0,0.25,12,ar_ucb,1.501570435354202,0.055200000000000034,500,1920
0.5,0.0,0.25,12,st_greedy,1.4490068567251548,0.07749999999999947,500,1920
0.5,0.0,0.25,12,st_ucb,1.501570435354202,0.055200000000000034,500,1920
0.5,0.0,0.25,12,corrupt_ucb,1.501570435354202,0.055200000000000034,500,1920
0.5,0.0,0.25,13,iid_ts,1.8143938317269002,0.07306666666666697,500,1920
0.5,0.0,0.25,13,discounted_ts,1.7962334817325165,0.11489999999999999,500,1920
0.5,0.0,0.25,13,ar_greedy,1.4610192080522935,0.05846666666666716,500,1920
0.5,0.0,0.25,13,ar_ucb,1.557981427133381,0.065966666666667,500,1920
0.5,0.0,0.25,13,st_greedy,1.4610192080522935,0.05846666666666716,500,1920
0.5,0.0,0.25,13,st_ucb,1.557981427133381,0.065966666666667,500,1920
0.5,0.0,0.25,13,corrupt_ucb,1.557981427133381,0.065966666666667,500,1920
0.5,0.0,0.25,14,iid_ts,1.735261227103981,0.014299999999999998,500,1920
0.5,0.0,0.25,14,discounted_ts,1.7035534454776133,0.09106666666666668,500,1920
0.5,0.0,0.25,14,ar_greedy,1.5302952366018003,0.02346666666666676,500,1920
0.5,0.0,0.25,14,ar_ucb,1.5185590077406594,0.044633333333333226,500,1920
0.5,0.0,0.25,14,st_greedy,1.5302952366018003,0.02346666666666676,500,1920
0.5,0.0,0.25,14,st_ucb,1.5185590077406594,0.044633333333333226,500,1920
0.5,0.0,0.25,14,corrupt_ucb,1.5185590077406594,0.044633333333333226,500,1920
0.5,0.0,0.25,15,iid_ts,1.7085969954015718,0.0410333333333334,500,1920
0.5,0.0,0.25,15,discounted_ts,1.7102937388934054,0.09636666666666664,500,1920
0.5,0.0,0.25,15,ar_greedy,1.501837190843966,0.055933333333333515,500,1920
0.5,0.0,0.25,15,ar_ucb,1.5579815583767465,0.03796666666666671,500,1920
0.5,0.0,0.25,15,st_greedy,1.501837190843966,0.055933333333333515,500,1920
0.5,0.0,0.25,15,st_ucb,1.5579815583767465,0.03796666666666671,500,1920
0.5,0.0,0.25,15,corrupt_ucb,1.5579815583767465,0.03796666666666671,500,1920
0.5,0.0,0.25,16,iid_ts,1.7989932847941694,0.08593333333333303,500,1920
0.5,0.0,0.25,16,discounted_ts,1.7307805560782714,0.11546666666666677,500,1920
0.5,0.0,0.25,16,ar_greedy,1.5101182999790341,0.04613333333333339,500,1920
0.5,0.0,0.25,16,ar_ucb,1.5873767390974525,0.06543333333333322,500,1920
0.5,0.0,0.25,16,st_greedy,1.5101182999790341,0.04613333333333339,500,1920
0.5,0.0,0.25,16,st_ucb,1.5873767390974525,0.06543333333333322,500,1920
0.5,0.0,0.25,16,corrupt_ucb,1.5873767390974525,0.06543333333333322,500,1920
0.5,0.0,0.25,17,iid_ts,1.7163758009735064,0.024799999999999996,500,1920
0.5,0.0,0.25,17,discounted_ts,1.7609986980472312,0.1060333333333334,500,1920
0.5,0.0,0.25,17,ar_greedy,1.456099062897907,0.03720000000000003,500,1920
0.5,0.0,0.25,17,ar_ucb,1.571077678166366,0.043900000000000126,500,1920
0.5,0.0,0.25,17,st_greedy,1.456099062897907,0.03720000000000003,500,1920
0.5,0.0,0.25,17,st_ucb,1.571077678166366,0.043900000000000126,500,1920
0.5,0.0,0.25,17,corrupt_ucb,1.571077678166366,0.043900000000000126,500,1920
0.5,0.0,0.25,18,iid_ts,1.6065526553808416,0.04459999999999992,500,1920
0.5,0.0,0.25,18,discounted_ts,1.6929696144917237,0.09879999999999987,500,1920
0.5,0.0,0.25,18,ar_greedy,1.342097298840933,0.03466666666666678,500,1920
0.5,0.0,0.25,18,ar_ucb,1.4716342124068955,0.06026666666666667,500,1920
0.5,0.0,0.25,18,st_greedy,1.342097298840933,0.03466666666666678,500,1920
0.5,0.0,0.25,18,st_ucb,1.4716342124068955,0.06026666666666667,500,1920
0.5,0.0,0.25,18,corrupt_ucb,1.4716342124068955,0.06026666666666667,500,1920
0.5,0.0,0.25,19,iid_ts,1.8574519136236145,0.10853333333333327,500,1920
0.5,0.0,0.25,19,discounted_ts,1.7369855389070852,0.11633333333333341,500,1920
0.5,0.0,0.25,19,ar_greedy,1.5685234754218844,0.09543333333333352,500,1920
0.5,0.0,0.25,19,ar_ucb,1.6174473919824335,0.1012666666666666,500,1920
0.5,0.0,0.25,19,st_greedy,1.5685234754218844,0.09543333333333352,500,1920
0.5,0.0,0.25,19,st_ucb,1.6174473919824335,0.1012666666666666,500,1920
0.5,0.0,0.25,19,corrupt_ucb,1.6174473919824335,0.1012666666666666,500,1920
0.5,0.0,1.0,0,iid_ts,1.2366397184767752,0.02066666666666661,500,1920
0.5,0.0,1.0,0,discounted_ts,1.4838502062024759,0.24413333333333295,500,1920
0.5,0.0,1.0,0,ar_greedy,1.161737719924589,0.039333333333333206,500,1920
0.5,0.0,1.0,0,ar_ucb,1.1913100991063894,0.047333333333333207,500,1920
0.5,0.0,1.0,0,st_greedy,1.161737719924589,0.039333333333333206,500,1920
0.5,0.0,1.0,0,st_ucb,1.1913100991063894,0.047333333333333207,500,1920
0.5,0.0,1.0,0,corrupt_ucb,1.1913100991063894,0.047333333333333207,500,1920
0.5,0.0,1.0,1,iid_ts,1.6149531339153171,0.11933333333333333,500,1920
0.5,0.0,1.0,1,discounted_ts,1.7724606488809282,0.3029333333333333,500,1920
0.5,0.0,1.0,1,ar_greedy,1.1482692922041509,0.11533333333333377,500,1920
0.5,0.0,1.0,1,ar_ucb,1.298029182829846,0.09653333333333368,500,1920
0.5,0.0,1.0,1,st_greedy,1.1482692922041509,0.11533333333333377,500,1920
0.5,0.0,1.0,1,st_ucb,1.298029182829846,0.09653333333333368,500,1920
0.5,0.0,1.0,1,corrupt_ucb,1.298029182829846,0.09653333333333368,500,1920
0.5,0.0,1.0,2,iid_ts,1.4113802674411269,0.06146666666666647,500,1920
0.5,0.0,1.0,2,discounted_ts,1.6170985077395794,0.30346666666666644,500,1920
0.5,0.0,1.0,2,ar_greedy,1.1857709055574914,0.05559999999999983,500,1920
0.5,0.0,1.0,2,ar_ucb,1.2893087477768292,0.07253333333333338,500,1920
0.5,0.0,1.0,2,st_greedy,1.1857709055574914,0.05559999999999983,500,1920
0.5,0.0,1.0,2,st_ucb,1.2893087477768292,0.07253333333333338,500,1920
0.5,0.0,1.0,2,corrupt_ucb,1.2893087477768292,0.07253333333333338,500,1920
0.5,0.0,1.0,3,iid_ts,1.3694463437603437,0.014666666666666644,500,1920
0.5,0.0,1.0,3,discounted_ts,1.6193771444749039,0.25973333333333376,500,1920
0.5,0.0,1.0,3,ar_greedy,1.173423354337437,0.047999999999999855,500,1920
0.5,0.0,1.0,3,ar_ucb,1.2602374154365206,0.0650666666666665,500,1920
0.5,0.0,1.0,3,st_greedy,1.173423354337437,0.047999999999999855,500,1920
0.5,0.0,1.0,3,st_ucb,1.2602374154365206,0.0650666666666665,500,1920
0.5,0.0,1.0,3,corrupt_ucb,1.2602374154365206,0.0650666666666665,500,1920
0.5,0.0,1.0,4,iid_ts,1.3478207532469562,0.014399999999999967,500,1920
0.5,0.0,1.0,4,discounted_ts,1.5183588088556064,0.2616000000000001,500,1920
0.5,0.0,1.0,4,ar_greedy,1.1441509930845672,0.04013333333333326,500,1920
0.5,0.0,1.0,4,ar_ucb,1.1836663038273416,0.05719999999999986,500,1920
0.5,0.0,1.0,4,st_greedy,1.1441509930845672,0.04013333333333326,500,1920
0.5,0.0,1.0,4,st_ucb,1.1836663038273416,0.05719999999999986,500,1920
0.5,0.0,1.0,4,corrupt_ucb,1.1836663038273416,0.05719999999999986,500,1920
0.5,0.0,1.0,5,iid_ts,1.5655294110063178,0.11813333333333377,500,1920
0.5,0.0,1.0,5,discounted_ts,1.683502091946987,0.333466666666667,500,1920
0.5,0.0,1.0,5,ar_greedy,1.2542925025730804,0.0881333333333336,500,1920
0.5,0.0,1.0,5,ar_ucb,1.3536970174409626,0.08746666666666682,500,1920
0.5,0.0,1.0,5,st_greedy,1.2542925025730804,0.0881333333333336,500,1920
0.5,0.0,1.0,5,st_ucb,1.3536970174409626,0.08746666666666682,500,1920
0.5,0.0,1.0,5,corrupt_ucb,1.3536970174409626,0.08746666666666682,500,1920
0.5,0.0,1.0,6,iid_ts,1.3501570962497387,0.0075999999999999965,500,1920
0.5,0.0,1.0,6,discounted_ts,1.6036758841429681,0.28893333333333326,500,1920
0.5,0.0,1.0,6,ar_greedy,1.1226829536153684,0.0375999999999999,500,1920
0.5,0.0,1.0,6,ar_ucb,1.2387245685643886,0.07960000000000017,500,1920
0.5,0.0,1.0,6,st_greedy,1.1226829536153684,0.0375999999999999,500,1920
0.5,0.0,1.0,6,st_ucb,1.2387245685643886,0.07960000000000017,500,1920
0.5,0.0,1.0,6,corrupt_ucb,1.2387245685643886,0.07960000000000017,500,1920
0.5,0.0,1.0,7,iid_ts,1.3510381594340581,0.07373333333333346,500,1920
0.5,0.0,1.0,7,discounted_ts,1.5529967446958821,0.2778666666666667,500,1920
0.5,0.0,1.0,7,ar_greedy,1.1210075342741408,0.06959999999999991,500,1920
0.5,0.0,1.0,7,ar_ucb,1.2048017856230178,0.0738666666666667,500,1920
0.5,0.0,1.0,7,st_greedy,1.1210075342741408,0.06959999999999991,500,1920
0.5,0.0,1.0,7,st_ucb,1.2048017856230178,0.0738666666666667,500,1920
0.5,0.0,1.0,7,corrupt_ucb,1.2048017856230178,0.0738666666666667,500,1920
0.5,0.0,1.0,8,iid_ts,1.4161053453718442,0.022399999999999972,500,1920
0.5,0.0,1.0,8,discounted_ts,1.5529845044478345,0.2692000000000001,500,1920
0.5,0.0,1.0,8,ar_greedy,1.1427588127622166,0.057866666666666504,500,1920
0.5,0.0,1.0,8,ar_ucb,1.2085748783623658,0.05853333333333317,500,1920
0.5,0.0,1.0,8,st_greedy,1.1427588127622166,0.057866666666666504,500,1920
0.5,0.0,1.0,8,st_ucb,1.2085748783623658,0.05853333333333317,500,1920
0.5,0.0,1.0,8,corrupt_ucb,1.2085748783623658,0.05853333333333317,500,1920
0.5,0.0,1.0,9,iid_ts,1.5176608291531015,0.12253333333333338,500,1920
0.5,0.0,1.0,9,discounted_ts,1.5497958036310773,0.31506666666666644,500,1920
0.5,0.0,1.0,9,ar_greedy,1.3180558170633263,0.10879999999999991,500,1920
0.5,0.0,1.0,9,ar_ucb,1.3252155436276976,0.11866666666666688,500,1920
0.5,0.0,1.0,9,st_greedy,1.3180558170633263,0.10879999999999991,500,1920
0.5,0.0,1.0,9,st_ucb,1.3252155436276976,0.11866666666666688,500,1920
0.5,0.0,1.0,9,corrupt_ucb,1.3252155436276976,0.11866666666666688,500,1920
0.5,0.0,1.0,10,iid_ts,1.4792472266721453,0.06986666666666656,500,1920
0.5,0.0,1.0,10,discounted_ts,1.5784305192746835,0.27506666666666696,500,1920
0.5,0.0,1.0,10,ar_greedy,1.3069558628691487,0.09800000000000007,500,1920
0.5,0.0,1.0,10,ar_ucb,1.3929107366298523,0.09293333333333346,500,1920
0.5,0.0,1.0,10,st_greedy,1.3069558628691487,0.09800000000000007,500,1920
0.5,0.0,1.0,10,st_ucb,1.3929107366298523,0.09293333333333346,500,1920
0.5,0.0,1.0,10,corrupt_ucb,1.3929107366298523,0.09293333333333346,500,1920
0.5,0.0,1.0,11,iid_ts,1.5157486559171713,0.09760000000000014,500,1920
0.5,0.0,1.0,11,discounted_ts,1.6268513586509565,0.31119999999999975,500,1920
0.5,0.0,1.0,11,ar_greedy,1.2942012867671444,0.12493333333333385,500,1920
0.5,0.0,1.0,11,ar_ucb,1.3799405438808798,0.1221333333333336,500,1920
0.5,0.0,1.0,11,st_greedy,1.2942012867671444,0.12493333333333385,500,1920
0.5,0.0,1.0,11,st_ucb,1.3799405438808798,0.1221333333333336,500,1920
0.5,0.0,1.0,11,corrupt_ucb,1.3799405438808798,0.1221333333333336,500,1920
0.5,0.0,1.0,12,iid_ts,1.3511579015718835,0.05759999999999985,500,1920
0.5,0.0,1.0,12,discounted_ts,1.6690740628761318,0.27413333333333323,500,1920
0.5,0.0,1.0,12,ar_greedy,1.1671352358330933,0.0667999999999999,500,1920
0.5,0.0,1.0,12,ar_ucb,1.252716221300537,0.07893333333333344,500,1920
0.5,0.0,1.0,12,st_greedy,1.1671352358330933,0.0667999999999999,500,1920
0.5,0.0,1.0,12,st_ucb,1.252716221300537,0.07893333333333344,500,1920
0.5,0.0,1.0,12,corrupt_ucb,1.252716221300537,0.07893333333333344,500,1920
0.5,0.0,1.0,13,iid_ts,1.5043615383059772,0.03613333333333325,500,1920
0.5,0.0,1.0,13,discounted_ts,1.672374075715322,0.3129333333333335,500,1920
0.5,0.0,1.0,13,ar_greedy,1.2446333699166159,0.0981333333333332,500,1920
0.5,0.0,1.0,13,ar_ucb,1.3384148331063104,0.06626666666666654,500,1920
0.5,0.0,1.0,13,st_greedy,1.2446333699166159,0.0981333333333332,500,1920
0.5,0.0,1.0,13,st_ucb,1.3384148331063104,0.06626666666666654,500,1920
0.5,0.0,1.0,13,corrupt_ucb,1.3384148331063104,0.06626666666666654,500,1920
0.5,0.0,1.0,14,iid_ts,1.377787085229532,0.0033333333333333327,500,1920
0.5,0.0,1.0,14,discounted_ts,1.5679598782427269,0.25906666666666694,500,1920
0.5,0.0,1.0,14,ar_greedy,1.229083172476816,0.03319999999999992,500,1920
0.5,0.0,1.0,14,ar_ucb,1.2648590176019923,0.04133333333333322,500,1920
0.5,0.0,1.0,14,st_greedy,1.229083172476816,0.03319999999999992,500,1920
0.5,0.0,1.0,14,st_ucb,1.2648590176019923,0.04133333333333322,500,1920
0.5,0.0,1.0,14,corrupt_ucb,1.2648590176019923,0.04133333333333322,500,1920
0.5,0.0,1.0,15,iid_ts,1.4260145639992436,0.0446666666666666,500,1920
0.5,0.0,1.0,15,discounted_ts,1.5752531857928618,0.27440000000000003,500,1920
0.5,0.0,1.0,15,ar_greedy,1.2181011932688315,0.08213333333333314,500,1920
0.5,0.0,1.0,15,ar_ucb,1.2437939923138381,0.06746666666666655,500,1920
0.5,0.0,1.0,15,st_greedy,1.2181011932688315,0.08213333333333314,500,1920
0.5,0.0,1.0,15,st_ucb,1.2437939923138381,0.06746666666666655,500,1920
0.5,0.0,1.0,15,corrupt_ucb,1.2437939923138381,0.06746666666666655,500,1920
0.5,0.0,1.0,16,iid_ts,1.401104639629744,0.027066666666666614,500,1920
0.5,0.0,1.0,16,discounted_ts,1.6454619447470733,0.29946666666666677,500,1920
0.5,0.0,1.0,16,ar_greedy,1.2530373418453669,0.061866666666666535,500,1920
0.5,0.0,1.0,16,ar_ucb,1.2938575651291142,0.06893333333333329,500,1920
0.5,0.0,1.0,16,st_greedy,1.2530373418453669,0.061866666666666535,500,1920
0.5,0.0,1.0,16,st_ucb,1.2938575651291142,0.06893333333333329,500,1920
0.5,0.0,1.0,16,corrupt_ucb,1.2938575651291142,0.06893333333333329,500,1920
0.5,0.0,1.0,17,iid_ts,1.4153340045845955,0.02719999999999998,500,1920
0.5,0.0,1.0,17,discounted_ts,1.5451220110044814,0.2630666666666667,500,1920
0.5,0.0,1.0,17,ar_greedy,1.2650293374582675,0.0646666666666665,500,1920
0.5,0.0,1.0,17,ar_ucb,1.2827749234401074,0.06693333333333326,500,1920
0.5,0.0,1.0,17,st_greedy,1.2650293374582675,0.0646666666666665,500,1920
0.5,0.0,1.0,17,st_ucb,1.2827749234401074,0.06693333333333326,500,1920
0.5,0.0,1.0,17,corrupt_ucb,1.2827749234401074,0.06693333333333326,500,1920
0.5,0.0,1.0,18,iid_ts,1.178731032283889,0.015199999999999967,500,1920
0.5,0.0,1.0,18,discounted_ts,1.5154222258595387,0.23279999999999998,500,1920
0.5,0.0,1.0,18,ar_greedy,1.063221456973728,0.03466666666666661,500,1920
0.5,0.0,1.0,18,ar_ucb,1.1118754418419678,0.05813333333333318,500,1920
0.5,0.0,1.0,18,st_greedy,1.063221456973728,0.03466666666666661,500,1920
0.5,0.0,1.0,18,st_ucb,1.1118754418419678,0.05813333333333318,500,1920
0.5,0.0,1.0,18,corrupt_ucb,1.1118754418419678,0.05813333333333318,500,1920
0.5,0.0,1.0,19,iid_ts,1.539662600283515,0.19346666666666795,500,1920
0.5,0.0,1.0,19,discounted_ts,1.6387748845729253,0.33213333333333345,500,1920
0.5,0.0,1.0,19,ar_greedy,1.217744191402224,0.08746666666666658,500,1920
0.5,0.0,1.0,19,ar_ucb,1.359860653658144,0.14360000000000053,500,1920
0.5,0.0,1.0,19,st_greedy,1.217744191402224,0.08746666666666658,500,1920
0.5,0.0,1.0,19,st_ucb,1.359860653658144,0.14360000000000053,500,1920
0.5,0.0,1.0,19,corrupt_ucb,1.359860653658144,0.14360000000000053,500,1920
0.5,0.4,0.25,0,iid_ts,1.5293018174196222,0.013433333333333327,500,1920
0.5,0.4,0.25,0,discounted_ts,1.602248691640698,0.08893333333333343,500,1920
0.5,0.4,0.25,0,ar_greedy,1.4562585072395908,0.03396666666666682,500,1920
0.5,0.4,0.25,0,ar_ucb,1.4794219738047838,0.04066666666666673,500,1920
0.5,0.4,0.25,0,st_greedy,1.412891134356688,0.04083333333333336,500,1920
0.5,0.4,0.25,0,st_ucb,1.5016049564838119,0.049766666666666695,500,1920
0.5,0.4,0.25,0,corrupt_ucb,1.5151122288291268,0.034100000000000096,500,1920
0.5,0.4,0.25,1,iid_ts,1.7583106820161276,0.11940000000000049,500,1920
0.5,0.4,0.25,1,discounted_ts,1.7915308743783256,0.11836666666666684,500,1920
0.5,0.4,0.25,1,ar_greedy,1.5467829505278943,0.11433333333333293,500,1920
0.5,0.4,0.25,1,ar_ucb,1.657129289867095,0.11876666666666731,500,1920
0.5,0.4,0.25,1,st_greedy,1.4584548099548462,0.1134333333333332,500,1920
0.5,0.4,0.25,1,st_ucb,1.5016868218294233,0.11463333333333357,500,1920
0.5,0.4,0.25,1,corrupt_ucb,1.6407969964157318,0.10256666666666688,500,1920
0.5,0.4,0.25,2,iid_ts,1.6085067663782782,0.03530000000000011,500,1920
0.5,0.4,0.25,2,discounted_ts,1.5611321985220972,0.10076666666666662,500,1920
0.5,0.4,0.25,2,ar_greedy,1.398834222547781,0.036900000000000086,500,1920
0.5,0.4,0.25,2,ar_ucb,1.444606112643422,0.047666666666666614,500,1920
0.5,0.4,0.25,2,st_greedy,1.353726793969771,0.04509999999999998,500,1920
0.5,0.4,0.25,2,st_ucb,1.422874699078933,0.04006666666666673,500,1920
0.5,0.4,0.25,2,corrupt_ucb,1.4307231079472864,0.05099999999999989,500,1920
0.5,0.4,0.25,3,iid_ts,1.5889941917194643,0.06709999999999999,500,1920
0.5,0.4,0.25,3,discounted_ts,1.6730837654164663,0.10959999999999968,500,1920
0.5,0.4,0.25,3,ar_greedy,1.3471495203649202,0.06050000000000033,500,1920
0.5,0.4,0.25,3,ar_ucb,1.4534352179970806,0.06396666666666684,500,1920
0.5,0.4,0.25,3,st_greedy,1.4294383499486645,0.07163333333333313,500,1920
0.5,0.4,0.25,3,st_ucb,1.4967237774088538,0.07709999999999982,500,1920
0.5,0.4,0.25,3,corrupt_ucb,1.4280963780029758,0.08546666666666637,500,1920
0.5,0.4,0.25,4,iid_ts,1.6124057830242249,0.06286666666666661,500,1920
0.5,0.4,0.25,4,discounted_ts,1.6209575727014638,0.11149999999999992,500,1920
0.5,0.4,0.25,4,ar_greedy,1.3437581256304476,0.08190000000000024,500,1920
0.5,0.4,0.25,4,ar_ucb,1.3732733033585705,0.10826666666666696,500,1920
0.5,0.4,0.25,4,st_greedy,1.385210001303868,0.07550000000000018,500,1920
0.5,0.4,0.25,4,st_ucb,1.418123193782801,0.08466666666666689,500,1920
0.5,0.4,0.25,4,corrupt_ucb,1.4605040642042257,0.04663333333333335,500,1920
0.5,0.4,0.25,5,iid_ts,1.6624667106722895,0.061333333333333566,500,1920
0.5,0.4,0.25,5,discounted_ts,1.620664903037444,0.10469999999999988,500,1920
0.5,0.4,0.25,5,ar_greedy,1.3961405142652574,0.06813333333333368,500,1920
0.5,0.4,0.25,5,ar_ucb,1.532825907255857,0.09383333333333348,500,1920
0.5,0.4,0.25,5,st_greedy,1.318678503792655,0.07396666666666712,500,1920
0.5,0.4,0.25,5,st_ucb,1.4823776467758956,0.0860000000000002,500,1920
0.5,0.4,0.25,5,corrupt_ucb,1.4957507069129352,0.051700000000000204,500,1920
0.5,0.4,0.25,6,iid_ts,1.5842317758837745,0.03916666666666676,500,1920
0.5,0.4,0.25,6,discounted_ts,1.6324965936557003,0.12039999999999995,500,1920
0.5,0.4,0.25,6,ar_greedy,1.2976507697194786,0.06376666666666687,500,1920
0.5,0.4,0.25,6,ar_ucb,1.4419781337845063,0.04170000000000018,500,1920
0.5,0.4,0.25,6,st_greedy,1.3050036839533197,0.07046666666666669,500,1920
0.5,0.4,0.25,6,st_ucb,1.4084976688940838,0.059666666666666715,500,1920
0.5,0.4,0.25,6,corrupt_ucb,1.4235626352034818,0.06639999999999982,500,1920
0.5,0.4,0.25,7,iid_ts,1.5672967633071242,0.05806666666666663,500,1920
0.5,0.4,0.25,7,discounted_ts,1.6119395390404885,0.09896666666666662,500,1920
0.5,0.4,0.25,7,ar_greedy,1.4210164372440706,0.07986666666666645,500,1920
0.5,0.4,0.25,7,ar_ucb,1.474158341875539,0.06596666666666655,500,1920
0.5,0.4,0.25,7,st_greedy,1.4817353777861084,0.08156666666666673,500,1920
0.5,0.4,0.25,7,st_ucb,1.4707949610645672,0.07356666666666649,500,1920
0.5,0.4,0.25,7,corrupt_ucb,1.5904190446229454,0.07583333333333343,500,1920
0.5,0.4,0.25,8,iid_ts,1.6519221406084803,0.04620000000000023,500,1920
0.5,0.4,0.25,8,discounted_ts,1.6651274384083294,0.10106666666666668,500,1920
0.5,0.4,0.25,8,ar_greedy,1.348583874003687,0.029066666666666678,500,1920
0.5,0.4,0.25,8,ar_ucb,1.4489111712586544,0.058700000000000245,500,1920
0.5,0.4,0.25,8,st_greedy,1.4041496121154755,0.05476666666666685,500,1920
0.5,0.4,0.25,8,st_ucb,1.4598043066356978,0.04020000000000007,500,1920
0.5,0.4,0.25,8,corrupt_ucb,1.447914589840235,0.06666666666666689,500,1920
0.5,0.4,0.25,9,iid_ts,1.6693337873013356,0.08976666666666706,500,1920
0.5,0.4,0.25,9,discounted_ts,1.6345526839967535,0.10640000000000008,500,1920
0.5,0.4,0.25,9,ar_greedy,1.4708153520393692,0.09640000000000057,500,1920
0.5,0.4,0.25,9,ar_ucb,1.5614982194985794,0.10600000000000034,500,1920
0.5,0.4,0.25,9,st_greedy,1.421970324168172,0.10240000000000052,500,1920
0.5,0.4,0.25,9,st_ucb,1.4650283323589703,0.11076666666666739,500,1920
0.5,0.4,0.25,9,corrupt_ucb,1.5837938421045965,0.10686666666666712,500,1920
0.5,0.4,0.25,10,iid_ts,1.6967279291017705,0.08696666666666648,500,1920
0.5,0.4,0.25,10,discounted_ts,1.6236602020882824,0.11516666666666663,500,1920
0.5,0.4,0.25,10,ar_greedy,1.4609336074769843,0.08163333333333313,500,1920
0.5,0.4,0.25,10,ar_ucb,1.5455179648388098,0.08303333333333322,500,1920
0.5,0.4,0.25,10,st_greedy,1.483998646228458,0.07,500,1920
0.5,0.4,0.25,10,st_ucb,1.492352203142555,0.06929999999999978,500,1920
0.5,0.4,0.25,10,corrupt_ucb,1.5180538212546995,0.08963333333333302,500,1920
0.5,0.4,0.25,11,iid_ts,1.6708593131230842,0.05506666666666662,500,1920
0.5,0.4,0.25,11,discounted_ts,1.6568175087032095,0.11083333333333331,500,1920
0.5,0.4,0.25,11,ar_greedy,1.4825067720801037,0.0499333333333333,500,1920
0.5,0.4,0.25,11,ar_ucb,1.434449372617693,0.05170000000000005,500,1920
0.5,0.4,0.25,11,st_greedy,1.4115507603935742,0.05680000000000007,500,1920
0.5,0.4,0.25,11,st_ucb,1.447128613951282,0.07176666666666665,500,1920
0.5,0.4,0.25,11,corrupt_ucb,1.490814949392766,0.05906666666666649,500,1920
0.5,0.4,0.25,12,iid_ts,1.6657944454431124,0.08076666666666651,500,1920
0.5,0.4,0.25,12,discounted_ts,1.677068932747667,0.11283333333333334,500,1920
0.5,0.4,0.25,12,ar_greedy,1.4668842988493453,0.07003333333333295,500,1920
0.5,0.4,0.25,12,ar_ucb,1.50329356623806,0.08843333333333295,500,1920
0.5,0.4,0.25,12,st_greedy,1.4118852238959771,0.0894333333333333,500,1920
0.5,0.4,0.25,12,st_ucb,1.4456237539046877,0.08843333333333327,500,1920
0.5,0.4,0.25,12,corrupt_ucb,1.461662891850021,0.06526666666666651,500,1920
0.5,0.4,0.25,13,iid_ts,1.7535359764886458,0.0733666666666669,500,1920
0.5,0.4,0.25,13,discounted_ts,1.7135214704010193,0.1145666666666667,500,1920
0.5,0.4,0.25,13,ar_greedy,1.3786848096598923,0.06680000000000047,500,1920
0.5,0.4,0.25,13,ar_ucb,1.522829324519762,0.094866666666667,500,1920
0.5,0.4,0.25,13,st_greedy,1.4821701910868124,0.06596666666666694,500,1920
0.5,0.4,0.25,13,st_ucb,1.4789881641290703,0.08140000000000006,500,1920
0.5,0.4,0.25,13,corrupt_ucb,1.5021699909825017,0.06530000000000036,500,1920
0.5,0.4,0.25,14,iid_ts,1.6857076946892107,0.014,500,1920
0.5,0.4,0.25,14,discounted_ts,1.6471771805705886,0.08993333333333334,500,1920
0.5,0.4,0.25,14,ar_greedy,1.5033306132046507,0.024066666666666736,500,1920
0.5,0.4,0.25,14,ar_ucb,1.5151836629041593,0.03600000000000008,500,1920
0.5,0.4,0.25,14,st_greedy,1.5077167945746888,0.04303333333333329,500,1920
0.5,0.4,0.25,14,st_ucb,1.500424144335954,0.0411333333333333,500,1920
0.5,0.4,0.25,14,corrupt_ucb,1.5470443293763765,0.04013333333333335,500,1920
0.5,0.4,0.25,15,iid_ts,1.6908531036840686,0.04260000000000009,500,1920
0.5,0.4,0.25,15,discounted_ts,1.6367494180022868,0.09279999999999991,500,1920
0.5,0.4,0.25,15,ar_greedy,1.4058738876643373,0.04300000000000016,500,1920
0.5,0.4,0.25,15,ar_ucb,1.471492052669744,0.0471333333333335,500,1920
0.5,0.4,0.25,15,st_greedy,1.4644188588454745,0.03976666666666678,500,1920
0.5,0.4,0.25,15,st_ucb,1.5075987572728065,0.040500000000000105,500,1920
0.5,0.4,0.25,15,corrupt_ucb,1.5338893933117448,0.039433333333333494,500,1920
0.5,0.4,0.25,16,iid_ts,1.6620987730101477,0.09809999999999991,500,1920
0.5,0.4,0.25,16,discounted_ts,1.650782820358232,0.11873333333333336,500,1920
0.5,0.4,0.25,16,ar_greedy,1.4446437164915402,0.09046666666666625,500,1920
0.5,0.4,0.25,16,ar_ucb,1.5600098988614843,0.08656666666666656,500,1920
0.5,0.4,0.25,16,st_greedy,1.4665959665469628,0.09293333333333276,500,1920
0.5,0.4,0.25,16,st_ucb,1.522414933282069,0.08823333333333307,500,1920
0.5,0.4,0.25,16,corrupt_ucb,1.539700593911463,0.09176666666666644,500,1920
0.5,0.4,0.25,17,iid_ts,1.598989029227502,0.032233333333333336,500,1920
0.5,0.4,0.25,17,discounted_ts,1.621114271651792,0.09539999999999996,500,1920
0.5,0.4,0.25,17,ar_greedy,1.3891555226682653,0.047000000000000076,500,1920
0.5,0.4,0.25,17,ar_ucb,1.5075589786018122,0.048999999999999995,500,1920
0.5,0.4,0.25,17,st_greedy,1.3716637191263505,0.050133333333333356,500,1920
0.5,0.4,0.25,17,st_ucb,1.5442040263625436,0.05033333333333323,500,1920
0.5,0.4,0.25,17,corrupt_ucb,1.5693747025368165,0.043166666666666687,500,1920
0.5,0.4,0.25,18,iid_ts,1.5971926088159736,0.05806666666666652,500,1920
0.5,0.4,0.25,18,discounted_ts,1.6134295994843595,0.09126666666666655,500,1920
0.5,0.4,0.25,18,ar_greedy,1.3525645528191217,0.05670000000000001,500,1920
0.5,0.4,0.25,18,ar_ucb,1.3982808091718488,0.0572333333333335,500,1920
0.5,0.4,0.25,18,st_greedy,1.3852751998047537,0.05249999999999997,500,1920
0.5,0.4,0.25,18,st_ucb,1.420615626804475,0.057966666666666826,500,1920
0.5,0.4,0.25,18,corrupt_ucb,1.4293799702593468,0.059000000000000025,500,1920
0.5,0.4,0.25,19,iid_ts,1.7595266246441283,0.12196666666666645,500,1920
0.5,0.4,0.25,19,discounted_ts,1.6766800476288428,0.11286666666666659,500,1920
0.5,0.4,0.25,19,ar_greedy,1.5514892610865185,0.10773333333333324,500,1920
0.5,0.4,0.25,19,ar_ucb,1.5838868943112752,0.10806666666666638,500,1920
0.5,0.4,0.25,19,st_greedy,1.5169563507781325,0.10736666666666687,500,1920
0.5,0.4,0.25,19,st_ucb,1.5784015548035397,0.10813333333333301,500,1920
0.5,0.4,0.25,19,corrupt_ucb,1.6412996480756024,0.11460000000000038,500,1920
0.5,0.4,1.0,0,iid_ts,1.2306512090740769,0.01799999999999995,500,1920
0.5,0.4,1.0,0,discounted_ts,1.4607455844124766,0.24893333333333317,500,1920
0.5,0.4,1.0,0,ar_greedy,1.1210752520081038,0.0401333333333332,500,1920
0.5,0.4,1.0,0,ar_ucb,1.176408421249501,0.043733333333333214,500,1920
0.5,0.4,1.0,0,st_greedy,1.1465739643406878,0.03346666666666658,500,1920
0.5,0.4,1.0,0,st_ucb,1.2084117851599627,0.04266666666666656,500,1920
0.5,0.4,1.0,0,corrupt_ucb,1.1905453750401913,0.03946666666666655,500,1920
0.5,0.4,1.0,1,iid_ts,1.6355430272862144,0.21920000000000053,500,1920
0.5,0.4,1.0,1,discounted_ts,1.744745207215541,0.34586666666666666,500,1920
0.5,0.4,1.0,1,ar_greedy,1.166531275126393,0.14493333333333347,500,1920
0.5,0.4,1.0,1,ar_ucb,1.301368804536436,0.1461333333333334,500,1920
0.5,0.4,1.0,1,st_greedy,1.2080191780808855,0.14146666666666682,500,1920
0.5,0.4,1.0,1,st_ucb,1.1856534167356707,0.12546666666666684,500,1920
0.5,0.4,1.0,1,corrupt_ucb,1.3087288441257896,0.15560000000000018,500,1920
0.5,0.4,1.0,2,iid_ts,1.371496909940329,0.059733333333333145,500,1920
0.5,0.4,1.0,2,discounted_ts,1.5367774847822917,0.2937333333333331,500,1920
0.5,0.4,1.0,2,ar_greedy,1.1768674381720223,0.048399999999999846,500,1920
0.5,0.4,1.0,2,ar_ucb,1.2383108800330314,0.06266666666666647,500,1920
0.5,0.4,1.0,2,st_greedy,1.1602388453454204,0.05066666666666652,500,1920
0.5,0.4,1.0,2,st_ucb,1.2124869453613405,0.09000000000000033,500,1920
0.5,0.4,1.0,2,corrupt_ucb,1.2541741412845562,0.058666666666666485,500,1920
0.5,0.4,1.0,3,iid_ts,1.284272042263062,0.004533333333333333,500,1920
0.5,0.4,1.0,3,discounted_ts,1.5271928664758276,0.26640000000000064,500,1920
0.5,0.4,1.0,3,ar_greedy,1.061798312698532,0.06186666666666647,500,1920
0.5,0.4,1.0,3,ar_ucb,1.2291518865319067,0.06173333333333315,500,1920
0.5,0.4,1.0,3,st_greedy,1.0874336123563686,0.06186666666666649,500,1920
0.5,0.4,1.0,3,st_ucb,1.18069011600087,0.055199999999999846,500,1920
0.5,0.4,1.0,3,corrupt_ucb,1.2304779009014037,0.05679999999999983,500,1920
0.5,0.4,1.0,4,iid_ts,1.2605247426098543,0.010266666666666644,500,1920
0.5,0.4,1.0,4,discounted_ts,1.479183611239061,0.2613333333333332,500,1920
0.5,0.4,1.0,4,ar_greedy,1.095569968807386,0.03799999999999992,500,1920
0.5,0.4,1.0,4,ar_ucb,1.1347154030206683,0.05119999999999986,500,1920
0.5,0.4,1.0,4,st_greedy,1.097475566668175,0.03866666666666659,500,1920
0.5,0.4,1.0,4,st_ucb,1.185507300725437,0.06573333333333327,500,1920
0.5,0.4,1.0,4,corrupt_ucb,1.1482589319063858,0.04853333333333321,500,1920
0.5,0.4,1.0,5,iid_ts,1.4692793648226758,0.11066666666666708,500,1920
0.5,0.4,1.0,5,discounted_ts,1.5691453578481038,0.33799999999999963,500,1920
0.5,0.4,1.0,5,ar_greedy,1.1929978646771788,0.0833333333333336,500,1920
0.5,0.4,1.0,5,ar_ucb,1.3081572495506428,0.1318666666666668,500,1920
0.5,0.4,1.0,5,st_greedy,1.2092424606788978,0.08800000000000034,500,1920
0.5,0.4,1.0,5,st_ucb,1.3130344704216421,0.12306666666666742,500,1920
0.5,0.4,1.0,5,corrupt_ucb,1.245494298989683,0.08466666666666685,500,1920
0.5,0.4,1.0,6,iid_ts,1.3003198680189014,0.005866666666666663,500,1920
0.5,0.4,1.0,6,discounted_ts,1.576980236458143,0.31133333333333324,500,1920
0.5,0.4,1.0,6,ar_greedy,1.1321481321835623,0.0818666666666668,500,1920
0.5,0.4,1.0,6,ar_ucb,1.2010616894722161,0.07253333333333324,500,1920
0.5,0.4,1.0,6,st_greedy,1.1742385794252128,0.09253333333333356,500,1920
0.5,0.4,1.0,6,st_ucb,1.1324120529934043,0.07493333333333342,500,1920
0.5,0.4,1.0,6,corrupt_ucb,1.1667180844017226,0.06346666666666646,500,1920
0.5,0.4,1.0,7,iid_ts,1.3565997852097667,0.05186666666666652,500,1920
0.5,0.4,1.0,7,discounted_ts,1.5375938545598287,0.286,500,1920
0.5,0.4,1.0,7,ar_greedy,1.1333433887466915,0.07079999999999986,500,1920
0.5,0.4,1.0,7,ar_ucb,1.1456023150580719,0.07119999999999996,500,1920
0.5,0.4,1.0,7,st_greedy,1.1905367359958543,0.07066666666666657,500,1920
0.5,0.4,1.0,7,st_ucb,1.1997490956761439,0.07573333333333344,500,1920
0.5,0.4,1.0,7,corrupt_ucb,1.1697345382459279,0.06586666666666652,500,1920
0.5,0.4,1.0,8,iid_ts,1.307746273921565,0.010933333333333331,500,1920
0.5,0.4,1.0,8,discounted_ts,1.4887316913130941,0.2733333333333337,500,1920
0.5,0.4,1.0,8,ar_greedy,1.124332418608367,0.05986666666666649,500,1920
0.5,0.4,1.0,8,ar_ucb,1.1454840776698796,0.055466666666666505,500,1920
0.5,0.4,1.0,8,st_greedy,1.0953091010504141,0.060133333333333164,500,1920
0.5,0.4,1.0,8,st_ucb,1.2243206304596306,0.06839999999999982,500,1920
0.5,0.4,1.0,8,corrupt_ucb,1.1717297178005244,0.05893333333333316,500,1920
0.5,0.4,1.0,9,iid_ts,1.4660423716228894,0.12026666666666655,500,1920
0.5,0.4,1.0,9,discounted_ts,1.5417879454405157,0.32133333333333325,500,1920
0.5,0.4,1.0,9,ar_greedy,1.2184892821273405,0.12266666666666691,500,1920
0.5,0.4,1.0,9,ar_ucb,1.2570897366052214,0.14093333333333363,500,1920
0.5,0.4,1.0,9,st_greedy,1.2397144526112398,0.1209333333333335,500,1920
0.5,0.4,1.0,9,st_ucb,1.2490438490854305,0.1101333333333335,500,1920
0.5,0.4,1.0,9,corrupt_ucb,1.2873906364984142,0.15266666666666678,500,1920
0.5,0.4,1.0,10,iid_ts,1.3815029030564159,0.050133333333333224,500,1920
0.5,0.4,1.0,10,discounted_ts,1.5350100307340597,0.2917333333333334,500,1920
0.5,0.4,1.0,10,ar_greedy,1.1307826241413925,0.08333333333333359,500,1920
0.5,0.4,1.0,10,ar_ucb,1.1492592034431692,0.08146666666666691,500,1920
0.5,0.4,1.0,10,st_greedy,1.3255394792243582,0.1218666666666667,500,1920
0.5,0.4,1.0,10,st_ucb,1.1839595485250083,0.10693333333333375,500,1920
0.5,0.4,1.0,10,corrupt_ucb,1.2038883121525794,0.07986666666666688,500,1920
0.5,0.4,1.0,11,iid_ts,1.3827802448263664,0.10040000000000031,500,1920
0.5,0.4,1.0,11,discounted_ts,1.5619461756528439,0.3045333333333333,500,1920
0.5,0.4,1.0,11,ar_greedy,1.2181605968882017,0.1014666666666671,500,1920
0.5,0.4,1.0,11,ar_ucb,1.2703086051296029,0.11213333333333364,500,1920
0.5,0.4,1.0,11,st_greedy,1.221900751514507,0.10026666666666688,500,1920
0.5,0.4,1.0,11,st_ucb,1.2405305803685367,0.12746666666666712,500,1920
0.5,0.4,1.0,11,corrupt_ucb,1.215932535090094,0.11800000000000041,500,1920
0.5,0.4,1.0,12,iid_ts,1.2775982576209592,0.05133333333333324,500,1920
0.5,0.4,1.0,12,discounted_ts,1.5979311560060168,0.27946666666666675,500,1920
0.5,0.4,1.0,12,ar_greedy,1.201758266920105,0.07146666666666665,500,1920
0.5,0.4,1.0,12,ar_ucb,1.2625790874246743,0.0926666666666669,500,1920
0.5,0.4,1.0,12,st_greedy,1.198820438048668,0.11320000000000084,500,1920
0.5,0.4,1.0,12,st_ucb,1.2335952242972503,0.09760000000000037,500,1920
0.5,0.4,1.0,12,corrupt_ucb,1.2708441186064328,0.09480000000000025,500,1920
0.5,0.4,1.0,13,iid_ts,1.4043664782979157,0.026933333333333274,500,1920
0.5,0.4,1.0,13,discounted_ts,1.5982010366964008,0.3090666666666669,500,1920
0.5,0.4,1.0,13,ar_greedy,1.222439049011072,0.06186666666666649,500,1920
0.5,0.4,1.0,13,ar_ucb,1.2629130137073363,0.06986666666666658,500,1920
0.5,0.4,1.0,13,st_greedy,1.2497445623739325,0.09839999999999983,500,1920
0.5,0.4,1.0,13,st_ucb,1.3188168537332527,0.11133333333333309,500,1920
0.5,0.4,1.0,13,corrupt_ucb,1.2681445696081242,0.07146666666666658,500,1920
0.5,0.4,1.0,14,iid_ts,1.3034143260271462,0.003999999999999999,500,1920
0.5,0.4,1.0,14,discounted_ts,1.4979276486287334,0.2758666666666664,500,1920
0.5,0.4,1.0,14,ar_greedy,1.215875325009802,0.040266666666666596,500,1920
0.5,0.4,1.0,14,ar_ucb,1.2463543631023253,0.05426666666666656,500,1920
0.5,0.4,1.0,14,st_greedy,1.2122433196142723,0.04199999999999992,500,1920
0.5,0.4,1.0,14,st_ucb,1.2608281469025517,0.05719999999999988,500,1920
0.5,0.4,1.0,14,corrupt_ucb,1.2410964590624238,0.044399999999999905,500,1920
0.5,0.4,1.0,15,iid_ts,1.3748141726624017,0.044666666666666605,500,1920
0.5,0.4,1.0,15,discounted_ts,1.5252672586762215,0.2661333333333337,500,1920
0.5,0.4,1.0,15,ar_greedy,1.2726299573318922,0.07853333333333315,500,1920
0.5,0.4,1.0,15,ar_ucb,1.1703418128763858,0.08079999999999991,500,1920
0.5,0.4,1.0,15,st_greedy,1.235731170667632,0.07573333333333315,500,1920
0.5,0.4,1.0,15,st_ucb,1.2177750218395438,0.09346666666666659,500,1920
0.5,0.4,1.0,15,corrupt_ucb,1.2230251501450187,0.07706666666666653,500,1920
0.5,0.4,1.0,16,iid_ts,1.3303346984597497,0.014133333333333324,500,1920
0.5,0.4,1.0,16,discounted_ts,1.5488542997898347,0.2993333333333336,500,1920
0.5,0.4,1.0,16,ar_greedy,1.2446208017169782,0.06253333333333318,500,1920
0.5,0.4,1.0,16,ar_ucb,1.2425197200280045,0.07600000000000015,500,1920
0.5,0.4,1.0,16,st_greedy,1.2562558543730449,0.06826666666666666,500,1920
0.5,0.4,1.0,16,st_ucb,1.2543592789114675,0.08640000000000041,500,1920
0.5,0.4,1.0,16,corrupt_ucb,1.2527708323883269,0.07360000000000014,500,1920
0.5,0.4,1.0,17,iid_ts,1.354506258930409,0.03439999999999997,500,1920
0.5,0.4,1.0,17,discounted_ts,1.5127627729829896,0.262,500,1920
0.5,0.4,1.0,17,ar_greedy,1.193149871091919,0.08119999999999981,500,1920
0.5,0.4,1.0,17,ar_ucb,1.2187960530002921,0.06866666666666668,500,1920
0.5,0.4,1.0,17,st_greedy,1.1644485396208577,0.0879999999999998,500,1920
0.5,0.4,1.0,17,st_ucb,1.2748112632187223,0.10733333333333309,500,1920
0.5,0.4,1.0,17,corrupt_ucb,1.244217481543832,0.09306666666666658,500,1920
0.5,0.4,1.0,18,iid_ts,1.1485530210599164,0.017466666666666634,500,1920
0.5,0.4,1.0,18,discounted_ts,1.4286646423218268,0.2315999999999998,500,1920
0.5,0.4,1.0,18,ar_greedy,1.0273662566342145,0.04373333333333325,500,1920
0.5,0.4,1.0,18,ar_ucb,1.1405942098486919,0.06186666666666654,500,1920
0.5,0.4,1.0,18,st_greedy,1.0071442469327643,0.058266666666666564,500,1920
0.5,0.4,1.0,18,st_ucb,1.1171898670955824,0.06693333333333329,500,1920
0.5,0.4,1.0,18,corrupt_ucb,1.1635340329778736,0.06639999999999988,500,1920
0.5,0.4,1.0,19,iid_ts,1.533054372210424,0.16946666666666635,500,1920
0.5,0.4,1.0,19,discounted_ts,1.639662954464284,0.3391999999999999,500,1920
0.5,0.4,1.0,19,ar_greedy,1.21605638994072,0.13706666666666706,500,1920
0.5,0.4,1.0,19,ar_ucb,1.3404591603931133,0.15866666666666718,500,1920
0.5,0.4,1.0,19,st_greedy,1.2885409939731247,0.20106666666666742,500,1920
0.5,0.4,1.0,19,st_ucb,1.2570173442593071,0.11213333333333377,500,1920
0.5,0.4,1.0,19,corrupt_ucb,1.3748365299294618,0.17720000000000055,500,1920
0.5,0.8,0.25,0,iid_ts,1.4740513735988283,0.010499999999999992,500,1920
0.5,0.8,0.25,0,discounted_ts,1.552187454511528,0.0860666666666667,500,1920
0.5,0.8,0.25,0,ar_greedy,1.4241896749154233,0.03316666666666682,500,1920
0.5,0.8,0.25,0,ar_ucb,1.5008443294845866,0.03160000000000016,500,1920
0.5,0.8,0.25,0,st_greedy,1.3947709711147949,0.04123333333333338,500,1920
0.5,0.8,0.25,0,st_ucb,1.4408319048638878,0.04243333333333333,500,1920
0.5,0.8,0.25,0,corrupt_ucb,1.4636346120452033,0.026133333333333373,500,1920
0.5,0.8,0.25,1,iid_ts,1.6808484576108502,0.11996666666666703,500,1920
0.5,0.8,0.25,1,discounted_ts,1.712152632089142,0.1161333333333334,500,1920
0.5,0.8,0.25,1,ar_greedy,1.5245062930194342,0.1230666666666667,500,1920
0.5,0.8,0.25,1,ar_ucb,1.6277162645577261,0.1142,500,1920
0.5,0.8,0.25,1,st_greedy,1.4322446047259856,0.11660000000000015,500,1920
0.5,0.8,0.25,1,st_ucb,1.5216145326622161,0.09936666666666673,500,1920
0.5,0.8,0.25,1,corrupt_ucb,1.5047182636616432,0.1132333333333335,500,1920
0.5,0.8,0.25,2,iid_ts,1.5637511378843494,0.0350000000000001,500,1920
0.5,0.8,0.25,2,discounted_ts,1.5558391166960002,0.10020000000000005,500,1920
0.5,0.8,0.25,2,ar_greedy,1.4151764393267503,0.03400000000000005,500,1920
0.5,0.8,0.25,2,ar_ucb,1.4525149112558353,0.04526666666666666,500,1920
0.5,0.8,0.25,2,st_greedy,1.2710043095614203,0.06089999999999982,500,1920
0.5,0.8,0.25,2,st_ucb,1.3513975007037948,0.06423333333333306,500,1920
0.5,0.8,0.25,2,corrupt_ucb,1.4863778972353583,0.03910000000000009,500,1920
0.5,0.8,0.25,3,iid_ts,1.545962712340078,0.06299999999999983,500,1920
0.5,0.8,0.25,3,discounted_ts,1.5959210459283577,0.10769999999999996,500,1920
0.5,0.8,0.25,3,ar_greedy,1.3453170710664288,0.06683333333333329,500,1920
0.5,0.8,0.25,3,ar_ucb,1.3953980856490484,0.06343333333333355,500,1920
0.5,0.8,0.25,3,st_greedy,1.3565738973921422,0.09193333333333308,500,1920
0.5,0.8,0.25,3,st_ucb,1.3760000759217619,0.0694666666666667,500,1920
0.5,0.8,0.25,3,corrupt_ucb,1.3782577614389802,0.08113333333333289,500,1920
0.5,0.8,0.25,4,iid_ts,1.555280687825106,0.07206666666666654,500,1920
0.5,0.8,0.25,4,discounted_ts,1.5696723836806157,0.11466666666666651,500,1920
0.5,0.8,0.25,4,ar_greedy,1.3313018577072753,0.05666666666666689,500,1920
0.5,0.8,0.25,4,ar_ucb,1.4108321758918363,0.0923999999999999,500,1920
0.5,0.8,0.25,4,st_greedy,1.3739344257623725,0.08713333333333327,500,1920
0.5,0.8,0.25,4,st_ucb,1.390117834389629,0.07673333333333326,500,1920
0.5,0.8,0.25,4,corrupt_ucb,1.4345756067872892,0.0666333333333334,500,1920
0.5,0.8,0.25,5,iid_ts,1.5794804776410973,0.05480000000000019,500,1920
0.5,0.8,0.25,5,discounted_ts,1.5487438844116754,0.10553333333333324,500,1920
0.5,0.8,0.25,5,ar_greedy,1.3135594009375842,0.06090000000000038,500,1920
0.5,0.8,0.25,5,ar_ucb,1.4775053071956474,0.047666666666666795,500,1920
0.5,0.8,0.25,5,st_greedy,1.2974575417395573,0.09123333333333355,500,1920
0.5,0.8,0.25,5,st_ucb,1.3713870999336883,0.08470000000000015,500,1920
0.5,0.8,0.25,5,corrupt_ucb,1.493459051398132,0.04986666666666684,500,1920
0.5,0.8,0.25,6,iid_ts,1.5533636735442493,0.05110000000000013,500,1920
0.5,0.8,0.25,6,discounted_ts,1.5499611045354689,0.11683333333333315,500,1920
0.5,0.8,0.25,6,ar_greedy,1.2872229298634443,0.07083333333333318,500,1920
0.5,0.8,0.25,6,ar_ucb,1.3188113765887637,0.07539999999999983,500,1920
0.5,0.8,0.25,6,st_greedy,1.2926576628124036,0.07513333333333325,500,1920
0.5,0.8,0.25,6,st_ucb,1.3790268269898847,0.08026666666666653,500,1920
0.5,0.8,0.25,6,corrupt_ucb,1.335104867209019,0.06476666666666661,500,1920
0.5,0.8,0.25,7,iid_ts,1.5273936992353836,0.07276666666666662,500,1920
0.5,0.8,0.25,7,discounted_ts,1.5626472939670535,0.10336666666666679,500,1920
0.5,0.8,0.25,7,ar_greedy,1.4161666627900626,0.09496666666666674,500,1920
0.5,0.8,0.25,7,ar_ucb,1.4212054411473243,0.05,500,1920
0.5,0.8,0.25,7,st_greedy,1.316759575770966,0.10319999999999997,500,1920
0.5,0.8,0.25,7,st_ucb,1.3319405689233368,0.07873333333333313,500,1920
0.5,0.8,0.25,7,corrupt_ucb,1.4482546578122968,0.09453333333333339,500,1920
0.5,0.8,0.25,8,iid_ts,1.5354493843625534,0.027800000000000043,500,1920
0.5,0.8,0.25,8,discounted_ts,1.5515326334747703,0.09293333333333335,500,1920
0.5,0.8,0.25,8,ar_greedy,1.3685760009736787,0.03103333333333336,500,1920
0.5,0.8,0.25,8,ar_ucb,1.3366546645416104,0.021533333333333363,500,1920
0.5,0.8,0.25,8,st_greedy,1.3234252241688655,0.0655000000000001,500,1920
0.5,0.8,0.25,8,st_ucb,1.3886807875977678,0.0544333333333332,500,1920
0.5,0.8,0.25,8,corrupt_ucb,1.399140370437326,0.026333333333333354,500,1920
0.5,0.8,0.25,9,iid_ts,1.600640568854788,0.09066666666666706,500,1920
0.5,0.8,0.25,9,discounted_ts,1.5571397712619524,0.1101000000000001,500,1920
0.5,0.8,0.25,9,ar_greedy,1.4861850898313222,0.0909666666666671,500,1920
0.5,0.8,0.25,9,ar_ucb,1.4213121695443296,0.09656666666666716,500,1920
0.5,0.8,0.25,9,st_greedy,1.3903548897196323,0.10926666666666726,500,1920
0.5,0.8,0.25,9,st_ucb,1.4406289250639908,0.10313333333333381,500,1920
0.5,0.8,0.25,9,corrupt_ucb,1.3867004851663127,0.07770000000000019,500,1920
0.5,0.8,0.25,10,iid_ts,1.6607149229608238,0.10969999999999959,500,1920
0.5,0.8,0.25,10,discounted_ts,1.5482156185939504,0.12103333333333326,500,1920
0.5,0.8,0.25,10,ar_greedy,1.449510338423532,0.10233333333333301,500,1920
0.5,0.8,0.25,10,ar_ucb,1.4758711726170262,0.11703333333333264,500,1920
0.5,0.8,0.25,10,st_greedy,1.4331702135342426,0.08499999999999955,500,1920
0.5,0.8,0.25,10,st_ucb,1.4302486376210204,0.11636666666666644,500,1920
0.5,0.8,0.25,10,corrupt_ucb,1.526274702615016,0.08526666666666655,500,1920
0.5,0.8,0.25,11,iid_ts,1.5457415376041768,0.05603333333333349,500,1920
0.5,0.8,0.25,11,discounted_ts,1.5367730349674245,0.10840000000000002,500,1920
0.5,0.8,0.25,11,ar_greedy,1.3796753126720203,0.06970000000000008,500,1920
0.5,0.8,0.25,11,ar_ucb,1.48856897232186,0.07773333333333368,500,1920
0.5,0.8,0.25,11,st_greedy,1.3414788918417346,0.058633333333333204,500,1920
0.5,0.8,0.25,11,st_ucb,1.3744958972838919,0.0607999999999999,500,1920
0.5,0.8,0.25,11,corrupt_ucb,1.444713735466972,0.06739999999999992,500,1920
0.5,0.8,0.25,12,iid_ts,1.7406722772907346,0.11786666666666638,500,1920
0.5,0.8,0.25,12,discounted_ts,1.5923873663887504,0.11366666666666678,500,1920
0.5,0.8,0.25,12,ar_greedy,1.3836677023589035,0.077233333333333,500,1920
0.5,0.8,0.25,12,ar_ucb,1.418683835250065,0.09073333333333275,500,1920
0.5,0.8,0.25,12,st_greedy,1.3939188929984416,0.10206666666666639,500,1920
0.5,0.8,0.25,12,st_ucb,1.447263838332589,0.0904999999999998,500,1920
0.5,0.8,0.25,12,corrupt_ucb,1.4947917082758666,0.09106666666666642,500,1920
0.5,0.8,0.25,13,iid_ts,1.6180352750228049,0.08793333333333331,500,1920
0.5,0.8,0.25,13,discounted_ts,1.6128787679845262,0.11253333333333333,500,1920
0.5,0.8,0.25,13,ar_greedy,1.351935400831406,0.07453333333333335,500,1920
0.5,0.8,0.25,13,ar_ucb,1.414828218139889,0.06470000000000037,500,1920
0.5,0.8,0.25,13,st_greedy,1.3798992384004671,0.04663333333333348,500,1920
0.5,0.8,0.25,13,st_ucb,1.4194794624487552,0.07743333333333358,500,1920
0.5,0.8,0.25,13,corrupt_ucb,1.4335991999207987,0.07026666666666694,500,1920
0.5,0.8,0.25,14,iid_ts,1.5417178472277207,0.01,500,1920
0.5,0.8,0.25,14,discounted_ts,1.5063708183790518,0.09673333333333331,500,1920
0.5,0.8,0.25,14,ar_greedy,1.3608145443876292,0.036833333333333274,500,1920
0.5,0.8,0.25,14,ar_ucb,1.4021128182611569,0.03210000000000015,500,1920
0.5,0.8,0.25,14,st_greedy,1.4061804815754466,0.036400000000000036,500,1920
0.5,0.8,0.25,14,st_ucb,1.4866991132864085,0.04156666666666666,500,1920
0.5,0.8,0.25,14,corrupt_ucb,1.4615377676328585,0.0275000000000001,500,1920
0.5,0.8,0.25,15,iid_ts,1.5899543970928454,0.0426333333333334,500,1920
0.5,0.8,0.25,15,discounted_ts,1.5604259181870386,0.0938,500,1920
0.5,0.8,0.25,15,ar_greedy,1.3899055959884423,0.048066666666666744,500,1920
0.5,0.8,0.25,15,ar_ucb,1.3644838910928097,0.037200000000000025,500,1920
0.5,0.8,0.25,15,st_greedy,1.335932439188375,0.04116666666666674,500,1920
0.5,0.8,0.25,15,st_ucb,1.4040235488885418,0.0381666666666667,500,1920
0.5,0.8,0.25,15,corrupt_ucb,1.3876429602783111,0.03350000000000015,500,1920
0.5,0.8,0.25,16,iid_ts,1.5795558675508343,0.12016666666666666,500,1920
0.5,0.8,0.25,16,discounted_ts,1.4978917526531805,0.12336666666666661,500,1920
0.5,0.8,0.25,16,ar_greedy,1.4766680150501823,0.12139999999999966,500,1920
0.5,0.8,0.25,16,ar_ucb,1.4552645587732893,0.10956666666666706,500,1920
0.5,0.8,0.25,16,st_greedy,1.436590396424736,0.10603333333333287,500,1920
0.5,0.8,0.25,16,st_ucb,1.4271027746970069,0.12623333333333348,500,1920
0.5,0.8,0.25,16,corrupt_ucb,1.4936474385999776,0.12786666666666643,500,1920
0.5,0.8,0.25,17,iid_ts,1.553547201513925,0.0362333333333334,500,1920
0.5,0.8,0.25,17,discounted_ts,1.5982719845090347,0.09919999999999993,500,1920
0.5,0.8,0.25,17,ar_greedy,1.3637855615493477,0.04086666666666659,500,1920
0.5,0.8,0.25,17,ar_ucb,1.4551695640265359,0.04523333333333332,500,1920
0.5,0.8,0.25,17,st_greedy,1.3420569180833593,0.04926666666666661,500,1920
0.5,0.8,0.25,17,st_ucb,1.4060740762796593,0.045699999999999866,500,1920
0.5,0.8,0.25,17,corrupt_ucb,1.4584814591678734,0.04653333333333349,500,1920
0.5,0.8,0.25,18,iid_ts,1.5296679565059896,0.06453333333333314,500,1920
0.5,0.8,0.25,18,discounted_ts,1.575038250922123,0.10166666666666652,500,1920
0.5,0.8,0.25,18,ar_greedy,1.3753858491868585,0.07846666666666656,500,1920
0.5,0.8,0.25,18,ar_ucb,1.3784800575585425,0.06663333333333338,500,1920
0.5,0.8,0.25,18,st_greedy,1.2972491485273088,0.06693333333333333,500,1920
0.5,0.8,0.25,18,st_ucb,1.389789397104247,0.06886666666666665,500,1920
0.5,0.8,0.25,18,corrupt_ucb,1.3898775152959804,0.07323333333333323,500,1920
0.5,0.8,0.25,19,iid_ts,1.690593728123402,0.10486666666666669,500,1920
0.5,0.8,0.25,19,discounted_ts,1.6432713720807826,0.11639999999999998,500,1920
0.5,0.8,0.25,19,ar_greedy,1.4562092344564501,0.08513333333333341,500,1920
0.5,0.8,0.25,19,ar_ucb,1.5417284986148732,0.10143333333333307,500,1920
0.5,0.8,0.25,19,st_greedy,1.446707013737306,0.0984000000000001,500,1920
0.5,0.8,0.25,19,st_ucb,1.486385325762596,0.09793333333333358,500,1920
0.5,0.8,0.25,19,corrupt_ucb,1.5104335164049605,0.10806666666666673,500,1920
0.5,0.8,1.0,0,iid_ts,1.1974586260764637,0.017866666666666618,500,1920
0.5,0.8,1.0,0,discounted_ts,1.4114269397757224,0.2627999999999997,500,1920
0.5,0.8,1.0,0,ar_greedy,1.1411977895408298,0.04786666666666653,500,1920
0.5,0.8,1.0,0,ar_ucb,1.1752363730587432,0.04119999999999989,500,1920
0.5,0.8,1.0,0,st_greedy,1.156111586506211,0.04199999999999995,500,1920
0.5,0.8,1.0,0,st_ucb,1.2027980571331918,0.06306666666666655,500,1920
0.5,0.8,1.0,0,corrupt_ucb,1.1703726481433112,0.032666666666666566,500,1920
0.5,0.8,1.0,1,iid_ts,1.598048873658053,0.2680000000000008,500,1920
0.5,0.8,1.0,1,discounted_ts,1.622775025176875,0.34079999999999994,500,1920
0.5,0.8,1.0,1,ar_greedy,1.2353485266663875,0.19240000000000076,500,1920
0.5,0.8,1.0,1,ar_ucb,1.2854106814125097,0.16173333333333417,500,1920
0.5,0.8,1.0,1,st_greedy,1.2504387487676003,0.13119999999999993,500,1920
0.5,0.8,1.0,1,st_ucb,1.3103330535229205,0.17106666666666687,500,1920
0.5,0.8,1.0,1,corrupt_ucb,1.2855907934412196,0.16160000000000058,500,1920
0.5,0.8,1.0,2,iid_ts,1.264054838991483,0.0437333333333332,500,1920
0.5,0.8,1.0,2,discounted_ts,1.4874057954594277,0.31479999999999964,500,1920
0.5,0.8,1.0,2,ar_greedy,1.1937094526898606,0.049199999999999855,500,1920
0.5,0.8,1.0,2,ar_ucb,1.1829661470814519,0.06333333333333313,500,1920
0.5,0.8,1.0,2,st_greedy,1.172585941126905,0.05959999999999986,500,1920
0.5,0.8,1.0,2,st_ucb,1.2348399762330307,0.08386666666666673,500,1920
0.5,0.8,1.0,2,corrupt_ucb,1.2599725338284367,0.05653333333333316,500,1920
0.5,0.8,1.0,3,iid_ts,1.1618805156136158,0.0014666666666666662,500,1920
0.5,0.8,1.0,3,discounted_ts,1.4211357234290005,0.261466666666667,500,1920
0.5,0.8,1.0,3,ar_greedy,1.0171029410365098,0.056399999999999825,500,1920
0.5,0.8,1.0,3,ar_ucb,1.073626486942217,0.06039999999999983,500,1920
0.5,0.8,1.0,3,st_greedy,1.0292768689807605,0.06559999999999985,500,1920
0.5,0.8,1.0,3,st_ucb,1.093965652423423,0.09026666666666654,500,1920
0.5,0.8,1.0,3,corrupt_ucb,1.07739308627469,0.05119999999999985,500,1920
0.5,0.8,1.0,4,iid_ts,1.214201508940557,0.014399999999999963,500,1920
0.5,0.8,1.0,4,discounted_ts,1.455282313020628,0.26106666666666695,500,1920
0.5,0.8,1.0,4,ar_greedy,1.046489593401164,0.0431999999999999,500,1920
0.5,0.8,1.0,4,ar_ucb,1.0989963242444596,0.05026666666666652,500,1920
0.5,0.8,1.0,4,st_greedy,1.0646296333981073,0.06533333333333322,500,1920
0.5,0.8,1.0,4,st_ucb,1.122853133606092,0.07880000000000016,500,1920
0.5,0.8,1.0,4,corrupt_ucb,1.1076431820332209,0.05333333333333321,500,1920
0.5,0.8,1.0,5,iid_ts,1.3728640837720854,0.10293333333333365,500,1920
0.5,0.8,1.0,5,discounted_ts,1.4306724967467497,0.3382666666666666,500,1920
0.5,0.8,1.0,5,ar_greedy,1.170488382600148,0.0765333333333332,500,1920
0.5,0.8,1.0,5,ar_ucb,1.2650321387992924,0.07999999999999995,500,1920
0.5,0.8,1.0,5,st_greedy,1.1433151380513795,0.11706666666666644,500,1920
0.5,0.8,1.0,5,st_ucb,1.1726090081687952,0.14653333333333368,500,1920
0.5,0.8,1.0,5,corrupt_ucb,1.256675293089256,0.08213333333333343,500,1920
0.5,0.8,1.0,6,iid_ts,1.2248206271870647,0.005466666666666665,500,1920
0.5,0.8,1.0,6,discounted_ts,1.4662597271157383,0.3017333333333329,500,1920
0.5,0.8,1.0,6,ar_greedy,1.087147384997343,0.06879999999999983,500,1920
0.5,0.8,1.0,6,ar_ucb,1.1301489439475114,0.07346666666666647,500,1920
0.5,0.8,1.0,6,st_greedy,1.0897072994931902,0.08333333333333341,500,1920
0.5,0.8,1.0,6,st_ucb,1.1802996138541668,0.08133333333333317,500,1920
0.5,0.8,1.0,6,corrupt_ucb,1.102787535010722,0.05959999999999982,500,1920
0.5,0.8,1.0,7,iid_ts,1.26960915179025,0.04613333333333319,500,1920
0.5,0.8,1.0,7,discounted_ts,1.4422138091528154,0.2760000000000001,500,1920
0.5,0.8,1.0,7,ar_greedy,1.1401436417893693,0.06399999999999981,500,1920
0.5,0.8,1.0,7,ar_ucb,1.148554828089663,0.06999999999999995,500,1920
0.5,0.8,1.0,7,st_greedy,1.1954065816559818,0.07266666666666656,500,1920
0.5,0.8,1.0,7,st_ucb,1.2082844960284231,0.08133333333333356,500,1920
0.5,0.8,1.0,7,corrupt_ucb,1.1712620184625235,0.059599999999999834,500,1920
0.5,0.8,1.0,8,iid_ts,1.2200537036657022,0.02426666666666663,500,1920
0.5,0.8,1.0,8,discounted_ts,1.4822190434072664,0.2633333333333336,500,1920
0.5,0.8,1.0,8,ar_greedy,1.0733360636880547,0.062133333333333145,500,1920
0.5,0.8,1.0,8,ar_ucb,1.1288924274265275,0.06106666666666649,500,1920
0.5,0.8,1.0,8,st_greedy,1.0223416360678061,0.06359999999999984,500,1920
0.5,0.8,1.0,8,st_ucb,1.129604656591522,0.06199999999999985,500,1920
0.5,0.8,1.0,8,corrupt_ucb,1.1377755417753037,0.05813333333333316,500,1920
0.5,0.8,1.0,9,iid_ts,1.3537353588014969,0.16240000000000007,500,1920
0.5,0.8,1.0,9,discounted_ts,1.4875252785916697,0.31586666666666646,500,1920
0.5,0.8,1.0,9,ar_greedy,1.1298006483356064,0.11600000000000028,500,1920
0.5,0.8,1.0,9,ar_ucb,1.203148375989279,0.14960000000000037,500,1920
0.5,0.8,1.0,9,st_greedy,1.1624924581174527,0.12106666666666648,500,1920
0.5,0.8,1.0,9,st_ucb,1.1840385420889095,0.12053333333333367,500,1920
0.5,0.8,1.0,9,corrupt_ucb,1.1686289007519441,0.18120000000000036,500,1920
0.5,0.8,1.0,10,iid_ts,1.3346953044420269,0.07359999999999998,500,1920
0.5,0.8,1.0,10,discounted_ts,1.4741646021033663,0.31879999999999986,500,1920
0.5,0.8,1.0,10,ar_greedy,1.1720584329915906,0.08720000000000042,500,1920
0.5,0.8,1.0,10,ar_ucb,1.194503245884124,0.08840000000000031,500,1920
0.5,0.8,1.0,10,st_greedy,1.186771391670455,0.11186666666666652,500,1920
0.5,0.8,1.0,10,st_ucb,1.24992750259889,0.11480000000000014,500,1920
0.5,0.8,1.0,10,corrupt_ucb,1.1679804295823688,0.07466666666666674,500,1920
0.5,0.8,1.0,11,iid_ts,1.2555913498424278,0.09106666666666688,500,1920
0.5,0.8,1.0,11,discounted_ts,1.426444474009631,0.29733333333333306,500,1920
0.5,0.8,1.0,11,ar_greedy,1.122919520194266,0.09266666666666669,500,1920
0.5,0.8,1.0,11,ar_ucb,1.121031149014527,0.08466666666666675,500,1920
0.5,0.8,1.0,11,st_greedy,1.1070613084743486,0.09026666666666666,500,1920
0.5,0.8,1.0,11,st_ucb,1.1487568438458187,0.10306666666666701,500,1920
0.5,0.8,1.0,11,corrupt_ucb,1.2166121879051173,0.09533333333333353,500,1920
0.5,0.8,1.0,12,iid_ts,1.1785094933387663,0.06186666666666659,500,1920
0.5,0.8,1.0,12,discounted_ts,1.5007684008588849,0.2904000000000002,500,1920
0.5,0.8,1.0,12,ar_greedy,1.1585459790346944,0.08440000000000043,500,1920
0.5,0.8,1.0,12,ar_ucb,1.1742564909914763,0.10826666666666726,500,1920
0.5,0.8,1.0,12,st_greedy,1.1122911987419952,0.1669333333333335,500,1920
0.5,0.8,1.0,12,st_ucb,1.164822640523488,0.13653333333333395,500,1920
0.5,0.8,1.0,12,corrupt_ucb,1.1773111993716125,0.08306666666666696,500,1920
0.5,0.8,1.0,13,iid_ts,1.2842367448129457,0.026933333333333278,500,1920
0.5,0.8,1.0,13,discounted_ts,1.5077660796838557,0.3089333333333334,500,1920
0.5,0.8,1.0,13,ar_greedy,1.136970818137032,0.06586666666666649,500,1920
0.5,0.8,1.0,13,ar_ucb,1.1919760893584366,0.10933333333333356,500,1920
0.5,0.8,1.0,13,st_greedy,1.1537658574220746,0.06813333333333317,500,1920
0.5,0.8,1.0,13,st_ucb,1.2420985085558558,0.11359999999999988,500,1920
0.5,0.8,1.0,13,corrupt_ucb,1.1968939042035922,0.0538666666666665,500,1920
0.5,0.8,1.0,14,iid_ts,1.1903738626556635,0.001333333333333333,500,1920
0.5,0.8,1.0,14,discounted_ts,1.3803242668001454,0.26666666666666694,500,1920
0.5,0.8,1.0,14,ar_greedy,1.1734182102171558,0.04866666666666658,500,1920
0.5,0.8,1.0,14,ar_ucb,1.1664632460949516,0.06146666666666653,500,1920
0.5,0.8,1.0,14,st_greedy,1.1717791332264778,0.0566666666666666,500,1920
0.5,0.8,1.0,14,st_ucb,1.1622917430699113,0.06599999999999989,500,1920
0.5,0.8,1.0,14,corrupt_ucb,1.15792317494696,0.04693333333333325,500,1920
0.5,0.8,1.0,15,iid_ts,1.2725669207717198,0.04119999999999995,500,1920
0.5,0.8,1.0,15,discounted_ts,1.4453600561883362,0.2765333333333335,500,1920
0.5,0.8,1.0,15,ar_greedy,1.0701189235877824,0.050399999999999875,500,1920
0.5,0.8,1.0,15,ar_ucb,1.1233980910229202,0.06519999999999984,500,1920
0.5,0.8,1.0,15,st_greedy,1.1447547433166407,0.07813333333333315,500,1920
0.5,0.8,1.0,15,st_ucb,1.1218268272776613,0.08426666666666681,500,1920
0.5,0.8,1.0,15,corrupt_ucb,1.1488945950997551,0.06359999999999982,500,1920
0.5,0.8,1.0,16,iid_ts,1.2542189394272902,0.008533333333333332,500,1920
0.5,0.8,1.0,16,discounted_ts,1.4572657054433482,0.3097333333333338,500,1920
0.5,0.8,1.0,16,ar_greedy,1.1902054821349515,0.05546666666666654,500,1920
0.5,0.8,1.0,16,ar_ucb,1.169887284111558,0.07933333333333356,500,1920
0.5,0.8,1.0,16,st_greedy,1.20364310668592,0.10853333333333381,500,1920
0.5,0.8,1.0,16,st_ucb,1.2436302722513213,0.14386666666666692,500,1920
0.5,0.8,1.0,16,corrupt_ucb,1.1997703129170427,0.10346666666666712,500,1920
0.5,0.8,1.0,17,iid_ts,1.2824199256541347,0.035733333333333284,500,1920
0.5,0.8,1.0,17,discounted_ts,1.4055912930993273,0.2794666666666664,500,1920
0.5,0.8,1.0,17,ar_greedy,1.0771408415084636,0.09533333333333334,500,1920
0.5,0.8,1.0,17,ar_ucb,1.1956266143726004,0.10106666666666647,500,1920
0.5,0.8,1.0,17,st_greedy,1.0823559621722612,0.08119999999999986,500,1920
0.5,0.8,1.0,17,st_ucb,1.1469417229915169,0.09626666666666649,500,1920
0.5,0.8,1.0,17,corrupt_ucb,1.177282836257399,0.0578666666666665,500,1920
0.5,0.8,1.0,18,iid_ts,1.079015147804671,0.02066666666666663,500,1920
0.5,0.8,1.0,18,discounted_ts,1.4215966724792994,0.24093333333333308,500,1920
0.5,0.8,1.0,18,ar_greedy,1.0621455886502205,0.061066666666666575,500,1920
0.5,0.8,1.0,18,ar_ucb,1.0996013958712685,0.07893333333333355,500,1920
0.5,0.8,1.0,18,st_greedy,1.0356386834863354,0.07800000000000021,500,1920
0.5,0.8,1.0,18,st_ucb,1.1341106563456713,0.117066666666667,500,1920
0.5,0.8,1.0,18,corrupt_ucb,1.1494039463005392,0.07880000000000009,500,1920
0.5,0.8,1.0,19,iid_ts,1.513570877298363,0.18613333333333335,500,1920
0.5,0.8,1.0,19,discounted_ts,1.5495560990275123,0.3210666666666666,500,1920
0.5,0.8,1.0,19,ar_greedy,1.1049958722464286,0.10680000000000052,500,1920
0.5,0.8,1.0,19,ar_ucb,1.3200093008812692,0.16453333333333423,500,1920
0.5,0.8,1.0,19,st_greedy,1.1955925280720197,0.17920000000000003,500,1920
0.5,0.8,1.0,19,st_ucb,1.2890915692437503,0.20946666666666694,500,1920
0.5,0.8,1.0,19,corrupt_ucb,1.2843581426967348,0.16653333333333367,500,1920
0.9,0.0,0.25,0,iid_ts,1.5253720362077623,0.04393333333333331,500,1920
0.9,0.0,0.25,0,discounted_ts,1.4501332156651598,0.08393333333333336,500,1920
0.9,0.0,0.25,0,ar_greedy,0.977070226460782,0.060666666666666605,500,1920
0.9,0.0,0.25,0,ar_ucb,1.0788191859289389,0.06869999999999986,500,1920
0.9,0.0,0.25,0,st_greedy,0.977070226460782,0.060666666666666605,500,1920
0.9,0.0,0.25,0,st_ucb,1.0788191859289389,0.06869999999999986,500,1920
0.9,0.0,0.25,0,corrupt_ucb,1.0788191859289389,0.06869999999999986,500,1920
0.9,0.0,0.25,1,iid_ts,1.880325773388973,0.13223333333333398,500,1920
0.9,0.0,0.25,1,discounted_ts,1.4988027224255942,0.11506666666666684,500,1920
0.9,0.0,0.25,1,ar_greedy,0.9530412190636195,0.11150000000000021,500,1920
0.9,0.0,0.25,1,ar_ucb,1.0387477020625668,0.08343333333333344,500,1920
0.9,0.0,0.25,1,st_greedy,0.9530412190636195,0.11150000000000021,500,1920
0.9,0.0,0.25,1,st_ucb,1.0387477020625668,0.08343333333333344,500,1920
0.9,0.0,0.25,1,corrupt_ucb,1.0387477020625668,0.08343333333333344,500,1920
0.9,0.0,0.25,2,iid_ts,1.629255947325323,0.08216666666666651,500,1920
0.9,0.0,0.25,2,discounted_ts,1.3688809611482788,0.10450000000000008,500,1920
0.9,0.0,0.25,2,ar_greedy,0.856694405180363,0.0741666666666666,500,1920
0.9,0.0,0.25,2,ar_ucb,0.9363471105593635,0.08466666666666658,500,1920
0.9,0.0,0.25,2,st_greedy,0.856694405180363,0.0741666666666666,500,1920
0.9,0.0,0.25,2,st_ucb,0.9363471105593635,0.08466666666666658,500,1920
0.9,0.0,0.25,2,corrupt_ucb,0.9363471105593635,0.08466666666666658,500,1920
0.9,0.0,0.25,3,iid_ts,1.6173731160924887,0.07619999999999971,500,1920
0.9,0.0,0.25,3,discounted_ts,1.3537050168926243,0.12039999999999965,500,1920
0.9,0.0,0.25,3,ar_greedy,1.016476274568126,0.11653333333333328,500,1920
0.9,0.0,0.25,3,ar_ucb,1.0095725826909787,0.11603333333333307,500,1920
0.9,0.0,0.25,3,st_greedy,1.016476274568126,0.11653333333333328,500,1920
0.9,0.0,0.25,3,st_ucb,1.0095725826909787,0.11603333333333307,500,1920
0.9,0.0,0.25,3,corrupt_ucb,1.0095725826909787,0.11603333333333307,500,1920
0.9,0.0,0.25,4,iid_ts,1.6865549585794566,0.08833333333333351,500,1920
0.9,0.0,0.25,4,discounted_ts,1.3187848538905973,0.12270000000000027,500,1920
0.9,0.0,0.25,4,ar_greedy,1.0853386226735302,0.08296666666666662,500,1920
0.9,0.0,0.25,4,ar_ucb,0.8650031879696584,0.13446666666666673,500,1920
0.9,0.0,0.25,4,st_greedy,1.0853386226735302,0.08296666666666662,500,1920
0.9,0.0,0.25,4,st_ucb,0.8650031879696584,0.13446666666666673,500,1920
0.9,0.0,0.25,4,corrupt_ucb,0.8650031879696584,0.13446666666666673,500,1920
0.9,0.0,0.25,5,iid_ts,1.6137819657353145,0.10430000000000018,500,1920
0.9,0.0,0.25,5,discounted_ts,1.494419842431111,0.11953333333333326,500,1920
0.9,0.0,0.25,5,ar_greedy,0.7893320547855937,0.11206666666666683,500,1920
0.9,0.0,0.25,5,ar_ucb,0.8328528140745696,0.09453333333333341,500,1920
0.9,0.0,0.25,5,st_greedy,0.7893320547855937,0.11206666666666683,500,1920
0.9,0.0,0.25,5,st_ucb,0.8328528140745696,0.09453333333333341,500,1920
0.9,0.0,0.25,5,corrupt_ucb,0.8328528140745696,0.09453333333333341,500,1920
0.9,0.0,0.25,6,iid_ts,1.7089261917188714,0.014999999999999989,500,1920
0.9,0.0,0.25,6,discounted_ts,1.3402649788035859,0.11263333333333342,500,1920
0.9,0.0,0.25,6,ar_greedy,0.9314416678440437,0.06913333333333319,500,1920
0.9,0.0,0.25,6,ar_ucb,0.9430654850413911,0.11729999999999965,500,1920
0.9,0.0,0.25,6,st_greedy,0.9314416678440437,0.06913333333333319,500,1920
0.9,0.0,0.25,6,st_ucb,0.9430654850413911,0.11729999999999965,500,1920
0.9,0.0,0.25,6,corrupt_ucb,0.9430654850413911,0.11729999999999965,500,1920
0.9,0.0,0.25,7,iid_ts,1.434213953527786,0.13006666666666702,500,1920
0.9,0.0,0.25,7,discounted_ts,1.3675516440787474,0.11006666666666644,500,1920
0.9,0.0,0.25,7,ar_greedy,0.8641826507024517,0.13216666666666685,500,1920
0.9,0.0,0.25,7,ar_ucb,0.859125358941341,0.11836666666666663,500,1920
0.9,0.0,0.25,7,st_greedy,0.8641826507024517,0.13216666666666685,500,1920
0.9,0.0,0.25,7,st_ucb,0.859125358941341,0.11836666666666663,500,1920
0.9,0.0,0.25,7,corrupt_ucb,0.859125358941341,0.11836666666666663,500,1920
0.9,0.0,0.25,8,iid_ts,1.7620446062089745,0.08129999999999978,500,1920
0.9,0.0,0.25,8,discounted_ts,1.4380766139056056,0.10689999999999998,500,1920
0.9,0.0,0.25,8,ar_greedy,0.8665830626940535,0.09039999999999938,500,1920
0.9,0.0,0.25,8,ar_ucb,1.0608052286709357,0.06916666666666678,500,1920
0.9,0.0,0.25,8,st_greedy,0.8665830626940535,0.09039999999999938,500,1920
0.9,0.0,0.25,8,st_ucb,1.0608052286709357,0.06916666666666678,500,1920
0.9,0.0,0.25,8,corrupt_ucb,1.0608052286709357,0.06916666666666678,500,1920
0.9,0.0,0.25,9,iid_ts,1.5410115089958751,0.07850000000000011,500,1920
0.9,0.0,0.25,9,discounted_ts,1.2807391122075085,0.09960000000000004,500,1920
0.9,0.0,0.25,9,ar_greedy,0.9391243152595073,0.10540000000000048,500,1920
0.9,0.0,0.25,9,ar_ucb,0.8966593683947645,0.10383333333333351,500,1920
0.9,0.0,0.25,9,st_greedy,0.9391243152595073,0.10540000000000048,500,1920
0.9,0.0,0.25,9,st_ucb,0.8966593683947645,0.10383333333333351,500,1920
0.9,0.0,0.25,9,corrupt_ucb,0.8966593683947645,0.10383333333333351,500,1920
0.9,0.0,0.25,10,iid_ts,1.5228906999587613,0.1496000000000004,500,1920
0.9,0.0,0.25,10,discounted_ts,1.416215764608517,0.12433333333333356,500,1920
0.9,0.0,0.25,10,ar_greedy,0.9300858947317403,0.13589999999999988,500,1920
0.9,0.0,0.25,10,ar_ucb,0.9883516619912005,0.1116666666666665,500,1920
0.9,0.0,0.25,10,st_greedy,0.9300858947317403,0.13589999999999988,500,1920
0.9,0.0,0.25,10,st_ucb,0.9883516619912005,0.1116666666666665,500,1920
0.9,0.0,0.25,10,corrupt_ucb,0.9883516619912005,0.1116666666666665,500,1920
0.9,0.0,0.25,11,iid_ts,1.5531849710076344,0.07176666666666667,500,1920
0.9,0.0,0.25,11,discounted_ts,1.30432577589997,0.10460000000000003,500,1920
0.9,0.0,0.25,11,ar_greedy,1.0426495544165548,0.1029000000000007,500,1920
0.9,0.0,0.25,11,ar_ucb,0.9565668798107834,0.07473333333333357,500,1920
0.9,0.0,0.25,11,st_greedy,1.0426495544165548,0.1029000000000007,500,1920
0.9,0.0,0.25,11,st_ucb,0.9565668798107834,0.07473333333333357,500,1920
0.9,0.0,0.25,11,corrupt_ucb,0.9565668798107834,0.07473333333333357,500,1920
0.9,0.0,0.25,12,iid_ts,1.5618647161152655,0.10006666666666604,500,1920
0.9,0.0,0.25,12,discounted_ts,1.4822102776322807,0.09923333333333337,500,1920
0.9,0.0,0.25,12,ar_greedy,1.1114098790871303,0.12276666666666633,500,1920
0.9,0.0,0.25,12,ar_ucb,0.9541098945487394,0.09349999999999976,500,1920
0.9,0.0,0.25,12,st_greedy,1.1114098790871303,0.12276666666666633,500,1920
0.9,0.0,0.25,12,st_ucb,0.9541098945487394,0.09349999999999976,500,1920
0.9,0.0,0.25,12,corrupt_ucb,0.9541098945487394,0.09349999999999976,500,1920
0.9,0.0,0.25,13,iid_ts,1.847483146456495,0.11763333333333312,500,1920
0.9,0.0,0.25,13,discounted_ts,1.4763909323250852,0.1258000000000002,500,1920
0.9,0.0,0.25,13,ar_greedy,0.9986807018938613,0.1398999999999997,500,1920
0.9,0.0,0.25,13,ar_ucb,1.0333125362805644,0.1440999999999998,500,1920
0.9,0.0,0.25,13,st_greedy,0.9986807018938613,0.1398999999999997,500,1920
0.9,0.0,0.25,13,st_ucb,1.0333125362805644,0.1440999999999998,500,1920
0.9,0.0,0.25,13,corrupt_ucb,1.0333125362805644,0.1440999999999998,500,1920
0.9,0.0,0.25,14,iid_ts,1.628091860874932,0.014766666666666664,500,1920
0.9,0.0,0.25,14,discounted_ts,1.313752605234917,0.09983333333333329,500,1920
0.9,0.0,0.25,14,ar_greedy,1.049020697156166,0.05499999999999982,500,1920
0.9,0.0,0.25,14,ar_ucb,1.0427331370107988,0.07179999999999985,500,1920
0.9,0.0,0.25,14,st_greedy,1.049020697156166,0.05499999999999982,500,1920
0.9,0.0,0.25,14,st_ucb,1.0427331370107988,0.07179999999999985,500,1920
0.9,0.0,0.25,14,corrupt_ucb,1.0427331370107988,0.07179999999999985,500,1920
0.9,0.0,0.25,15,iid_ts,1.700108410631784,0.05093333333333346,500,1920
0.9,0.0,0.25,15,discounted_ts,1.4192090797585488,0.08926666666666624,500,1920
0.9,0.0,0.25,15,ar_greedy,0.9785608168009297,0.057800000000000226,500,1920
0.9,0.0,0.25,15,ar_ucb,1.0608101956005567,0.06823333333333355,500,1920
0.9,0.0,0.25,15,st_greedy,0.9785608168009297,0.057800000000000226,500,1920
0.9,0.0,0.25,15,st_ucb,1.0608101956005567,0.06823333333333355,500,1920
0.9,0.0,0.25,15,corrupt_ucb,1.0608101956005567,0.06823333333333355,500,1920
0.9,0.0,0.25,16,iid_ts,1.8417008131526833,0.12366666666666622,500,1920
0.9,0.0,0.25,16,discounted_ts,1.4375806983657056,0.13386666666666666,500,1920
0.9,0.0,0.25,16,ar_greedy,1.095279456054858,0.15809999999999935,500,1920
0.9,0.0,0.25,16,ar_ucb,1.0171608412319535,0.11536666666666623,500,1920
0.9,0.0,0.25,16,st_greedy,1.095279456054858,0.15809999999999935,500,1920
0.9,0.0,0.25,16,st_ucb,1.0171608412319535,0.11536666666666623,500,1920
0.9,0.0,0.25,16,corrupt_ucb,1.0171608412319535,0.11536666666666623,500,1920
0.9,0.0,0.25,17,iid_ts,1.6743914399600925,0.03066666666666666,500,1920
0.9,0.0,0.25,17,discounted_ts,1.4470314499876182,0.0901666666666665,500,1920
0.9,0.0,0.25,17,ar_greedy,1.055435539429726,0.0603333333333334,500,1920
0.9,0.0,0.25,17,ar_ucb,0.9987261941463724,0.0659,500,1920
0.9,0.0,0.25,17,st_greedy,1.055435539429726,0.0603333333333334,500,1920
0.9,0.0,0.25,17,st_ucb,0.9987261941463724,0.0659,500,1920
0.9,0.0,0.25,17,corrupt_ucb,0.9987261941463724,0.0659,500,1920
0.9,0.0,0.25,18,iid_ts,1.6582463032839563,0.0677333333333332,500,1920
0.9,0.0,0.25,18,discounted_ts,1.3402158717602575,0.10336666666666648,500,1920
0.9,0.0,0.25,18,ar_greedy,0.8859207561844183,0.1155333333333334,500,1920
0.9,0.0,0.25,18,ar_ucb,0.8698300439022116,0.12276666666666655,500,1920
0.9,0.0,0.25,18,st_greedy,0.8859207561844183,0.1155333333333334,500,1920
0.9,0.0,0.25,18,st_ucb,0.8698300439022116,0.12276666666666655,500,1920
0.9,0.0,0.25,18,corrupt_ucb,0.8698300439022116,0.12276666666666655,500,1920
0.9,0.0,0.25,19,iid_ts,1.7483812984294422,0.1321666666666666,500,1920
0.9,0.0,0.25,19,discounted_ts,1.466563717055837,0.11890000000000016,500,1920
0.9,0.0,0.25,19,ar_greedy,0.9070080219701226,0.14280000000000043,500,1920
0.9,0.0,0.25,19,ar_ucb,0.9249948989238367,0.1460333333333341,500,1920
0.9,0.0,0.25,19,st_greedy,0.9070080219701226,0.14280000000000043,500,1920
0.9,0.0,0.25,19,st_ucb,0.9249948989238367,0.1460333333333341,500,1920
0.9,0.0,0.25,19,corrupt_ucb,0.9249948989238367,0.1460333333333341,500,1920
0.9,0.0,1.0,0,iid_ts,1.1303244225883171,0.03146666666666659,500,1920
0.9,0.0,1.0,0,discounted_ts,1.2739345729051788,0.2082666666666666,500,1920
0.9,0.0,1.0,0,ar_greedy,0.7362190037900391,0.13133333333333388,500,1920
0.9,0.0,1.0,0,ar_ucb,0.8745299418129314,0.14880000000000035,500,1920
0.9,0.0,1.0,0,st_greedy,0.7362190037900391,0.13133333333333388,500,1920
0.9,0.0,1.0,0,st_ucb,0.8745299418129314,0.14880000000000035,500,1920
0.9,0.0,1.0,0,corrupt_ucb,0.8745299418129314,0.14880000000000035,500,1920
0.9,0.0,1.0,1,iid_ts,1.7716839465030008,0.36600000000000027,500,1920
0.9,0.0,1.0,1,discounted_ts,1.4413371955401426,0.3537333333333341,500,1920
0.9,0.0,1.0,1,ar_greedy,0.7874038965310622,0.18666666666666673,500,1920
0.9,0.0,1.0,1,ar_ucb,0.78009546547461,0.2378666666666669,500,1920
0.9,0.0,1.0,1,st_greedy,0.7874038965310622,0.18666666666666673,500,1920
0.9,0.0,1.0,1,st_ucb,0.78009546547461,0.2378666666666669,500,1920
0.9,0.0,1.0,1,corrupt_ucb,0.78009546547461,0.2378666666666669,500,1920
0.9,0.0,1.0,2,iid_ts,1.4128541784554625,0.1376000000000006,500,1920
0.9,0.0,1.0,2,discounted_ts,1.259630590319234,0.3147999999999997,500,1920
0.9,0.0,1.0,2,ar_greedy,0.8940037941790038,0.19679999999999978,500,1920
0.9,0.0,1.0,2,ar_ucb,0.8126249495071414,0.1825333333333335,500,1920
0.9,0.0,1.0,2,st_greedy,0.8940037941790038,0.19679999999999978,500,1920
0.9,0.0,1.0,2,st_ucb,0.8126249495071414,0.1825333333333335,500,1920
0.9,0.0,1.0,2,corrupt_ucb,0.8126249495071414,0.1825333333333335,500,1920
0.9,0.0,1.0,3,iid_ts,1.3437846249241274,0.017066666666666647,500,1920
0.9,0.0,1.0,3,discounted_ts,1.2703973167725515,0.27333333333333387,500,1920
0.9,0.0,1.0,3,ar_greedy,0.8174975884719344,0.21000000000000177,500,1920
0.9,0.0,1.0,3,ar_ucb,0.8112037394643278,0.19853333333333403,500,1920
0.9,0.0,1.0,3,st_greedy,0.8174975884719344,0.21000000000000177,500,1920
0.9,0.0,1.0,3,st_ucb,0.8112037394643278,0.19853333333333403,500,1920
0.9,0.0,1.0,3,corrupt_ucb,0.8112037394643278,0.19853333333333403,500,1920
0.9,0.0,1.0,4,iid_ts,1.3635476559320145,0.06506666666666663,500,1920
0.9,0.0,1.0,4,discounted_ts,1.2974731646517772,0.3152000000000009,500,1920
0.9,0.0,1.0,4,ar_greedy,0.8811669130235781,0.12480000000000012,500,1920
0.9,0.0,1.0,4,ar_ucb,0.865669097577527,0.17506666666666693,500,1920
0.9,0.0,1.0,4,st_greedy,0.8811669130235781,0.12480000000000012,500,1920
0.9,0.0,1.0,4,st_ucb,0.865669097577527,0.17506666666666693,500,1920
0.9,0.0,1.0,4,corrupt_ucb,0.865669097577527,0.17506666666666693,500,1920
0.9,0.0,1.0,5,iid_ts,1.6712233732740143,0.24400000000000086,500,1920
0.9,0.0,1.0,5,discounted_ts,1.4250826186034526,0.37973333333333287,500,1920
0.9,0.0,1.0,5,ar_greedy,0.813272518182616,0.3217333333333342,500,1920
0.9,0.0,1.0,5,ar_ucb,0.6864390783366865,0.23173333333333346,500,1920
0.9,0.0,1.0,5,st_greedy,0.813272518182616,0.3217333333333342,500,1920
0.9,0.0,1.0,5,st_ucb,0.6864390783366865,0.23173333333333346,500,1920
0.9,0.0,1.0,5,corrupt_ucb,0.6864390783366865,0.23173333333333346,500,1920
0.9,0.0,1.0,6,iid_ts,1.3438857000342885,0.015199999999999998,500,1920
0.9,0.0,1.0,6,discounted_ts,1.2958750251130196,0.3033333333333326,500,1920
0.9,0.0,1.0,6,ar_greedy,0.7752654661137127,0.16320000000000062,500,1920
0.9,0.0,1.0,6,ar_ucb,0.8188697008609299,0.14466666666666683,500,1920
0.9,0.0,1.0,6,st_greedy,0.7752654661137127,0.16320000000000062,500,1920
0.9,0.0,1.0,6,st_ucb,0.8188697008609299,0.14466666666666683,500,1920
0.9,0.0,1.0,6,corrupt_ucb,0.8188697008609299,0.14466666666666683,500,1920
0.9,0.0,1.0,7,iid_ts,1.2522987970247796,0.08813333333333433,500,1920
0.9,0.0,1.0,7,discounted_ts,1.1988441609163418,0.2914666666666666,500,1920
0.9,0.0,1.0,7,ar_greedy,0.7482606208917861,0.24973333333333328,500,1920
0.9,0.0,1.0,7,ar_ucb,0.7312908702855576,0.2470666666666673,500,1920
0.9,0.0,1.0,7,st_greedy,0.7482606208917861,0.24973333333333328,500,1920
0.9,0.0,1.0,7,st_ucb,0.7312908702855576,0.2470666666666673,500,1920
0.9,0.0,1.0,7,corrupt_ucb,0.7312908702855576,0.2470666666666673,500,1920
0.9,0.0,1.0,8,iid_ts,1.3522261340125579,0.022133333333333317,500,1920
0.9,0.0,1.0,8,discounted_ts,1.324533394543082,0.23666666666666675,500,1920
0.9,0.0,1.0,8,ar_greedy,0.8607376438546303,0.12640000000000015,500,1920
0.9,0.0,1.0,8,ar_ucb,0.7624837924192048,0.14493333333333386,500,1920
0.9,0.0,1.0,8,st_greedy,0.8607376438546303,0.12640000000000015,500,1920
0.9,0.0,1.0,8,st_ucb,0.7624837924192048,0.14493333333333386,500,1920
0.9,0.0,1.0,8,corrupt_ucb,0.7624837924192048,0.14493333333333386,500,1920
0.9,0.0,1.0,9,iid_ts,1.4634541617253933,0.2618666666666662,500,1920
0.9,0.0,1.0,9,discounted_ts,1.2477730053903149,0.3129333333333332,500,1920
0.9,0.0,1.0,9,ar_greedy,0.8674544399443214,0.20973333333333388,500,1920
0.9,0.0,1.0,9,ar_ucb,0.7933339039583538,0.23906666666666762,500,1920
0.9,0.0,1.0,9,st_greedy,0.8674544399443214,0.20973333333333388,500,1920
0.9,0.0,1.0,9,st_ucb,0.7933339039583538,0.23906666666666762,500,1920
0.9,0.0,1.0,9,corrupt_ucb,0.7933339039583538,0.23906666666666762,500,1920
0.9,0.0,1.0,10,iid_ts,1.4861382033153994,0.1051999999999999,500,1920
0.9,0.0,1.0,10,discounted_ts,1.2359789376800996,0.3123999999999992,500,1920
0.9,0.0,1.0,10,ar_greedy,0.854748893260042,0.18546666666666733,500,1920
0.9,0.0,1.0,10,ar_ucb,0.833392960503864,0.2531999999999999,500,1920
0.9,0.0,1.0,10,st_greedy,0.854748893260042,0.18546666666666733,500,1920
0.9,0.0,1.0,10,st_ucb,0.833392960503864,0.2531999999999999,500,1920
0.9,0.0,1.0,10,corrupt_ucb,0.833392960503864,0.2531999999999999,500,1920
0.9,0.0,1.0,11,iid_ts,1.4380177891416603,0.17173333333333304,500,1920
0.9,0.0,1.0,11,discounted_ts,1.1931192391315413,0.28093333333333387,500,1920
0.9,0.0,1.0,11,ar_greedy,0.9755560977825626,0.2113333333333327,500,1920
0.9,0.0,1.0,11,ar_ucb,0.8888005550394228,0.2354666666666669,500,1920
0.9,0.0,1.0,11,st_greedy,0.9755560977825626,0.2113333333333327,500,1920
0.9,0.0,1.0,11,st_ucb,0.8888005550394228,0.2354666666666669,500,1920
0.9,0.0,1.0,11,corrupt_ucb,0.8888005550394228,0.2354666666666669,500,1920
0.9,0.0,1.0,12,iid_ts,1.3813456680270007,0.15240000000000128,500,1920
0.9,0.0,1.0,12,discounted_ts,1.4193619127195545,0.24746666666666717,500,1920
0.9,0.0,1.0,12,ar_greedy,0.775452589824397,0.14973333333333466,500,1920
0.9,0.0,1.0,12,ar_ucb,0.8442540471274307,0.18586666666666704,500,1920
0.9,0.0,1.0,12,st_greedy,0.775452589824397,0.14973333333333466,500,1920
0.9,0.0,1.0,12,st_ucb,0.8442540471274307,0.18586666666666704,500,1920
0.9,0.0,1.0,12,corrupt_ucb,0.8442540471274307,0.18586666666666704,500,1920
0.9,0.0,1.0,13,iid_ts,1.5885373980172035,0.07333333333333313,500,1920
0.9,0.0,1.0,13,discounted_ts,1.3450595154710938,0.2945333333333333,500,1920
0.9,0.0,1.0,13,ar_greedy,1.1532057910976605,0.24880000000000116,500,1920
0.9,0.0,1.0,13,ar_ucb,0.9446206924347582,0.25680000000000147,500,1920
0.9,0.0,1.0,13,st_greedy,1.1532057910976605,0.24880000000000116,500,1920
0.9,0.0,1.0,13,st_ucb,0.9446206924347582,0.25680000000000147,500,1920
0.9,0.0,1.0,13,corrupt_ucb,0.9446206924347582,0.25680000000000147,500,1920
0.9,0.0,1.0,14,iid_ts,1.2861191177380136,0.002533333333333333,500,1920
0.9,0.0,1.0,14,discounted_ts,1.281959370155839,0.25893333333333357,500,1920
0.9,0.0,1.0,14,ar_greedy,0.8457956567577937,0.08346666666666679,500,1920
0.9,0.0,1.0,14,ar_ucb,0.9561920664535334,0.16240000000000002,500,1920
0.9,0.0,1.0,14,st_greedy,0.8457956567577937,0.08346666666666679,500,1920
0.9,0.0,1.0,14,st_ucb,0.9561920664535334,0.16240000000000002,500,1920
0.9,0.0,1.0,14,corrupt_ucb,0.9561920664535334,0.16240000000000002,500,1920
0.9,0.0,1.0,15,iid_ts,1.4310974656068052,0.056133333333333264,500,1920
0.9,0.0,1.0,15,discounted_ts,1.3602603858029054,0.25480000000000064,500,1920
0.9,0.0,1.0,15,ar_greedy,0.8448730853438137,0.15693333333333342,500,1920
0.9,0.0,1.0,15,ar_ucb,0.8385574838897447,0.14973333333333347,500,1920
0.9,0.0,1.0,15,st_greedy,0.8448730853438137,0.15693333333333342,500,1920
0.9,0.0,1.0,15,st_ucb,0.8385574838897447,0.14973333333333347,500,1920
0.9,0.0,1.0,15,corrupt_ucb,0.8385574838897447,0.14973333333333347,500,1920
0.9,0.0,1.0,16,iid_ts,1.5431350361393947,0.15640000000000023,500,1920
0.9,0.0,1.0,16,discounted_ts,1.466408092468977,0.3776000000000011,500,1920
0.9,0.0,1.0,16,ar_greedy,1.0024998657756123,0.11973333333333422,500,1920
0.9,0.0,1.0,16,ar_ucb,0.8774152789478792,0.23013333333333347,500,1920
0.9,0.0,1.0,16,st_greedy,1.0024998657756123,0.11973333333333422,500,1920
0.9,0.0,1.0,16,st_ucb,0.8774152789478792,0.23013333333333347,500,1920
0.9,0.0,1.0,16,corrupt_ucb,0.8774152789478792,0.23013333333333347,500,1920
0.9,0.0,1.0,17,iid_ts,1.404622527877716,0.04093333333333331,500,1920
0.9,0.0,1.0,17,discounted_ts,1.3278302383778129,0.2525333333333331,500,1920
0.9,0.0,1.0,17,ar_greedy,0.8375228545127087,0.12853333333333347,500,1920
0.9,0.0,1.0,17,ar_ucb,0.8790053718115357,0.17893333333333367,500,1920
0.9,0.0,1.0,17,st_greedy,0.8375228545127087,0.12853333333333347,500,1920
0.9,0.0,1.0,17,st_ucb,0.8790053718115357,0.17893333333333367,500,1920
0.9,0.0,1.0,17,corrupt_ucb,0.8790053718115357,0.17893333333333367,500,1920
0.9,0.0,1.0,18,iid_ts,1.1781204101577547,0.09453333333333368,500,1920
0.9,0.0,1.0,18,discounted_ts,1.3602122947385589,0.23946666666666672,500,1920
0.9,0.0,1.0,18,ar_greedy,0.7720800939075871,0.0984000000000003,500,1920
0.9,0.0,1.0,18,ar_ucb,0.7797720627333119,0.16000000000000028,500,1920
0.9,0.0,1.0,18,st_greedy,0.7720800939075871,0.0984000000000003,500,1920
0.9,0.0,1.0,18,st_ucb,0.7797720627333119,0.16000000000000028,500,1920
0.9,0.0,1.0,18,corrupt_ucb,0.7797720627333119,0.16000000000000028,500,1920
0.9,0.0,1.0,19,iid_ts,1.5960213021726597,0.29093333333333415,500,1920
0.9,0.0,1.0,19,discounted_ts,1.3527388186876892,0.34146666666666703,500,1920
0.9,0.0,1.0,19,ar_greedy,1.0663505446112305,0.37199999999999983,500,1920
0.9,0.0,1.0,19,ar_ucb,0.9298624144578916,0.29320000000000024,500,1920
0.9,0.0,1.0,19,st_greedy,1.0663505446112305,0.37199999999999983,500,1920
0.9,0.0,1.0,19,st_ucb,0.9298624144578916,0.29320000000000024,500,1920
0.9,0.0,1.0,19,corrupt_ucb,0.9298624144578916,0.29320000000000024,500,1920
0.9,0.4,0.25,0,iid_ts,1.403912326691796,0.02853333333333334,500,1920
0.9,0.4,0.25,0,discounted_ts,1.413853717999937,0.08536666666666669,500,1920
0.9,0.4,0.25,0,ar_greedy,0.9927322582618527,0.06409999999999998,500,1920
0.9,0.4,0.25,0,ar_ucb,0.950355756658118,0.07176666666666665,500,1920
0.9,0.4,0.25,0,st_greedy,0.983603038110436,0.07689999999999984,500,1920
0.9,0.4,0.25,0,st_ucb,1.0213834254577996,0.08196666666666652,500,1920
0.9,0.4,0.25,0,corrupt_ucb,1.0437431656644018,0.07589999999999979,500,1920
0.9,0.4,0.25,1,iid_ts,1.7929689411679712,0.1325333333333339,500,1920
0.9,0.4,0.25,1,discounted_ts,1.4624997718768777,0.11123333333333368,500,1920
0.9,0.4,0.25,1,ar_greedy,0.995644093453995,0.13056666666666653,500,1920
0.9,0.4,0.25,1,ar_ucb,1.0296443581099184,0.10293333333333327,500,1920
0.9,0.4,0.25,1,st_greedy,1.005000151625731,0.10699999999999985,500,1920
0.9,0.4,0.25,1,st_ucb,1.0295252923380462,0.09763333333333328,500,1920
0.9,0.4,0.25,1,corrupt_ucb,1.1195045169988986,0.09696666666666656,500,1920
0.9,0.4,0.25,2,iid_ts,1.5764294042591105,0.05756666666666648,500,1920
0.9,0.4,0.25,2,discounted_ts,1.3776118350247035,0.10340000000000017,500,1920
0.9,0.4,0.25,2,ar_greedy,0.8458290599996355,0.07239999999999971,500,1920
0.9,0.4,0.25,2,ar_ucb,0.9074468407868315,0.07423333333333326,500,1920
0.9,0.4,0.25,2,st_greedy,0.9406730380122128,0.07300000000000002,500,1920
0.9,0.4,0.25,2,st_ucb,0.8415734739841308,0.08273333333333335,500,1920
0.9,0.4,0.25,2,corrupt_ucb,0.8434940527610917,0.0885,500,1920
0.9,0.4,0.25,3,iid_ts,1.5161630627541691,0.08406666666666632,500,1920
0.9,0.4,0.25,3,discounted_ts,1.2043965604064424,0.12043333333333292,500,1920
0.9,0.4,0.25,3,ar_greedy,0.9092395689539491,0.09419999999999967,500,1920
0.9,0.4,0.25,3,ar_ucb,1.1229681262259437,0.11716666666666654,500,1920
0.9,0.4,0.25,3,st_greedy,0.944280494456513,0.09373333333333292,500,1920
0.9,0.4,0.25,3,st_ucb,1.0369709659034188,0.09439999999999996,500,1920
0.9,0.4,0.25,3,corrupt_ucb,0.9755374090618976,0.10726666666666644,500,1920
0.9,0.4,0.25,4,iid_ts,1.6609419098435498,0.08476666666666664,500,1920
0.9,0.4,0.25,4,discounted_ts,1.2953734645501618,0.13566666666666669,500,1920
0.9,0.4,0.25,4,ar_greedy,1.1308803012394169,0.08336666666666652,500,1920
0.9,0.4,0.25,4,ar_ucb,1.1089801729549367,0.09066666666666642,500,1920
0.9,0.4,0.25,4,st_greedy,1.1331821125734052,0.07406666666666685,500,1920
0.9,0.4,0.25,4,st_ucb,0.8394430280186229,0.12406666666666678,500,1920
0.9,0.4,0.25,4,corrupt_ucb,1.1457695816356293,0.08699999999999976,500,1920
0.9,0.4,0.25,5,iid_ts,1.5603649868969875,0.0882666666666669,500,1920
0.9,0.4,0.25,5,discounted_ts,1.3730655100406544,0.11486666666666659,500,1920
0.9,0.4,0.25,5,ar_greedy,0.8950401464391247,0.09833333333333356,500,1920
0.9,0.4,0.25,5,ar_ucb,0.8248848816973224,0.10190000000000032,500,1920
0.9,0.4,0.25,5,st_greedy,0.768815227721301,0.1025000000000006,500,1920
0.9,0.4,0.25,5,st_ucb,0.7721340647941001,0.10523333333333366,500,1920
0.9,0.4,0.25,5,corrupt_ucb,0.8790214942536052,0.1045000000000003,500,1920
0.9,0.4,0.25,6,iid_ts,1.6768082224670737,0.06770000000000005,500,1920
0.9,0.4,0.25,6,discounted_ts,1.4444025374533553,0.12986666666666666,500,1920
0.9,0.4,0.25,6,ar_greedy,0.8658644644068842,0.11333333333333269,500,1920
0.9,0.4,0.25,6,ar_ucb,0.9307928878374913,0.11639999999999971,500,1920
0.9,0.4,0.25,6,st_greedy,0.9580093703254129,0.14023333333333338,500,1920
0.9,0.4,0.25,6,st_ucb,0.8026818409919533,0.13383333333333328,500,1920
0.9,0.4,0.25,6,corrupt_ucb,0.9533957447718435,0.10846666666666657,500,1920
0.9,0.4,0.25,7,iid_ts,1.3980592728456394,0.17243333333333463,500,1920
0.9,0.4,0.25,7,discounted_ts,1.386313592771742,0.11756666666666665,500,1920
0.9,0.4,0.25,7,ar_greedy,0.8511272124844255,0.09729999999999979,500,1920
0.9,0.4,0.25,7,ar_ucb,0.8951368338372411,0.11786666666666668,500,1920
0.9,0.4,0.25,7,st_greedy,0.8335040201542675,0.11696666666666668,500,1920
0.9,0.4,0.25,7,st_ucb,0.8989019763496104,0.1162666666666665,500,1920
0.9,0.4,0.25,7,corrupt_ucb,0.9225874784684224,0.10076666666666625,500,1920
0.9,0.4,0.25,8,iid_ts,1.4806373980286118,0.014466666666666666,500,1920
0.9,0.4,0.25,8,discounted_ts,1.3335702356831751,0.0851666666666668,500,1920
0.9,0.4,0.25,8,ar_greedy,0.9658953046988535,0.0672999999999999,500,1920
0.9,0.4,0.25,8,ar_ucb,0.879456493422959,0.0682,500,1920
0.9,0.4,0.25,8,st_greedy,0.9187064562798655,0.08863333333333337,500,1920
0.9,0.4,0.25,8,st_ucb,0.9696180840106153,0.08793333333333324,500,1920
0.9,0.4,0.25,8,corrupt_ucb,0.9226581277760922,0.07079999999999992,500,1920
0.9,0.4,0.25,9,iid_ts,1.4717064317802573,0.07766666666666683,500,1920
0.9,0.4,0.25,9,discounted_ts,1.2450984877558444,0.09616666666666686,500,1920
0.9,0.4,0.25,9,ar_greedy,1.004561938024991,0.10906666666666726,500,1920
0.9,0.4,0.25,9,ar_ucb,1.0203633941210428,0.12493333333333376,500,1920
0.9,0.4,0.25,9,st_greedy,1.0847525387070438,0.10580000000000045,500,1920
0.9,0.4,0.25,9,st_ucb,0.965456485232703,0.08643333333333324,500,1920
0.9,0.4,0.25,9,corrupt_ucb,1.0344796261941722,0.12373333333333396,500,1920
0.9,0.4,0.25,10,iid_ts,1.4820175602494736,0.128466666666666,500,1920
0.9,0.4,0.25,10,discounted_ts,1.3971891138261225,0.119,500,1920
0.9,0.4,0.25,10,ar_greedy,0.9146975234468655,0.138866666666667,500,1920
0.9,0.4,0.25,10,ar_ucb,0.9725419614552162,0.10783333333333305,500,1920
0.9,0.4,0.25,10,st_greedy,0.8707179631745843,0.13366666666666693,500,1920
0.9,0.4,0.25,10,st_ucb,0.92393041966624,0.10239999999999985,500,1920
0.9,0.4,0.25,10,corrupt_ucb,1.0139624561236773,0.1180999999999996,500,1920
0.9,0.4,0.25,11,iid_ts,1.4704015624444746,0.06500000000000003,500,1920
0.9,0.4,0.25,11,discounted_ts,1.346723708338097,0.1162000000000001,500,1920
0.9,0.4,0.25,11,ar_greedy,1.0467400528483832,0.12180000000000069,500,1920
0.9,0.4,0.25,11,ar_ucb,1.0014924326479993,0.1230333333333337,500,1920
0.9,0.4,0.25,11,st_greedy,1.078343734484965,0.11030000000000069,500,1920
0.9,0.4,0.25,11,st_ucb,0.9386793269192486,0.10546666666666708,500,1920
0.9,0.4,0.25,11,corrupt_ucb,0.9159082285111778,0.12353333333333369,500,1920
0.9,0.4,0.25,12,iid_ts,1.635244388415427,0.11609999999999969,500,1920
0.9,0.4,0.25,12,discounted_ts,1.425998727179055,0.09983333333333332,500,1920
0.9,0.4,0.25,12,ar_greedy,0.9951186687005626,0.07896666666666642,500,1920
0.9,0.4,0.25,12,ar_ucb,0.9981197806610907,0.10079999999999982,500,1920
0.9,0.4,0.25,12,st_greedy,1.1628113462662184,0.12229999999999988,500,1920
0.9,0.4,0.25,12,st_ucb,0.9187164978803086,0.07550000000000005,500,1920
0.9,0.4,0.25,12,corrupt_ucb,1.0202708580203952,0.09743333333333323,500,1920
0.9,0.4,0.25,13,iid_ts,1.703627136002225,0.09360000000000004,500,1920
0.9,0.4,0.25,13,discounted_ts,1.3266367804793318,0.10186666666666658,500,1920
0.9,0.4,0.25,13,ar_greedy,0.8759472944140004,0.1635999999999996,500,1920
0.9,0.4,0.25,13,ar_ucb,0.9790688522539667,0.1258000000000001,500,1920
0.9,0.4,0.25,13,st_greedy,1.152548814210855,0.109566666666667,500,1920
0.9,0.4,0.25,13,st_ucb,1.0099388868485175,0.10399999999999987,500,1920
0.9,0.4,0.25,13,corrupt_ucb,1.0009675190714893,0.1269000000000002,500,1920
0.9,0.4,0.25,14,iid_ts,1.557681919628231,0.016799999999999992,500,1920
0.9,0.4,0.25,14,discounted_ts,1.2764234833716352,0.10593333333333338,500,1920
0.9,0.4,0.25,14,ar_greedy,1.044881706105791,0.08193333333333326,500,1920
0.9,0.4,0.25,14,ar_ucb,1.0558826499787644,0.0843666666666665,500,1920
0.9,0.4,0.25,14,st_greedy,1.0984429929783084,0.07056666666666649,500,1920
0.9,0.4,0.25,14,st_ucb,1.0580796631520895,0.09126666666666658,500,1920
0.9,0.4,0.25,14,corrupt_ucb,1.0540822796926028,0.07726666666666661,500,1920
0.9,0.4,0.25,15,iid_ts,1.7321060267647233,0.050333333333333445,500,1920
0.9,0.4,0.25,15,discounted_ts,1.3652669141975287,0.09809999999999952,500,1920
0.9,0.4,0.25,15,ar_greedy,1.0522280198807217,0.05946666666666649,500,1920
0.9,0.4,0.25,15,ar_ucb,0.8997720362759339,0.07493333333333324,500,1920
0.9,0.4,0.25,15,st_greedy,1.062698512461023,0.04779999999999993,500,1920
0.9,0.4,0.25,15,st_ucb,0.9515179392241647,0.07176666666666684,500,1920
0.9,0.4,0.25,15,corrupt_ucb,0.9761862455413718,0.0677666666666667,500,1920
0.9,0.4,0.25,16,iid_ts,1.829184921502367,0.15740000000000065,500,1920
0.9,0.4,0.25,16,discounted_ts,1.452568162883151,0.13200000000000012,500,1920
0.9,0.4,0.25,16,ar_greedy,1.049173995128744,0.09513333333333285,500,1920
0.9,0.4,0.25,16,ar_ucb,1.007235261170592,0.1224333333333332,500,1920
0.9,0.4,0.25,16,st_greedy,1.0396394411985495,0.09073333333333317,500,1920
0.9,0.4,0.25,16,st_ucb,0.8513613629723547,0.12016666666666671,500,1920
0.9,0.4,0.25,16,corrupt_ucb,1.030625227423242,0.1447333333333328,500,1920
0.9,0.4,0.25,17,iid_ts,1.5878222136056142,0.04089999999999998,500,1920
0.9,0.4,0.25,17,discounted_ts,1.3758148309020701,0.08549999999999985,500,1920
0.9,0.4,0.25,17,ar_greedy,0.9722351257329693,0.08246666666666704,500,1920
0.9,0.4,0.25,17,ar_ucb,1.1558305187207631,0.10553333333333355,500,1920
0.9,0.4,0.25,17,st_greedy,1.0777167215534134,0.08216666666666675,500,1920
0.9,0.4,0.25,17,st_ucb,1.0322803537460938,0.0945333333333336,500,1920
0.9,0.4,0.25,17,corrupt_ucb,1.129857957790388,0.08306666666666686,500,1920
0.9,0.4,0.25,18,iid_ts,1.7136155321730564,0.09633333333333302,500,1920
0.9,0.4,0.25,18,discounted_ts,1.299569259538585,0.10866666666666641,500,1920
0.9,0.4,0.25,18,ar_greedy,0.934994513796038,0.1467666666666662,500,1920
0.9,0.4,0.25,18,ar_ucb,1.0504225783975365,0.10166666666666661,500,1920
0.9,0.4,0.25,18,st_greedy,0.9482615056222442,0.12426666666666658,500,1920
0.9,0.4,0.25,18,st_ucb,0.8548326248160673,0.10506666666666642,500,1920
0.9,0.4,0.25,18,corrupt_ucb,0.9284775592381314,0.12106666666666618,500,1920
0.9,0.4,0.25,19,iid_ts,1.626894332138189,0.12403333333333333,500,1920
0.9,0.4,0.25,19,discounted_ts,1.3621351390684198,0.11556666666666683,500,1920
0.9,0.4,0.25,19,ar_greedy,1.0890504352321206,0.12563333333333324,500,1920
0.9,0.4,0.25,19,ar_ucb,1.055862197150496,0.1324666666666668,500,1920
0.9,0.4,0.25,19,st_greedy,1.1428109519184861,0.13890000000000005,500,1920
0.9,0.4,0.25,19,st_ucb,1.0455149917773774,0.12203333333333333,500,1920
0.9,0.4,0.25,19,corrupt_ucb,1.1617626945745396,0.12286666666666671,500,1920
0.9,0.4,1.0,0,iid_ts,1.1311853137936647,0.01826666666666663,500,1920
0.9,0.4,1.0,0,discounted_ts,1.2004840317350498,0.21586666666666662,500,1920
0.9,0.4,1.0,0,ar_greedy,0.8333953593000728,0.12293333333333345,500,1920
0.9,0.4,1.0,0,ar_ucb,0.8552630712675617,0.12333333333333367,500,1920
0.9,0.4,1.0,0,st_greedy,0.826158953806766,0.12240000000000022,500,1920
0.9,0.4,1.0,0,st_ucb,0.8405527278860044,0.13746666666666688,500,1920
0.9,0.4,1.0,0,corrupt_ucb,0.882419385192478,0.12080000000000016,500,1920
0.9,0.4,1.0,1,iid_ts,1.7875932722235959,0.43453333333333516,500,1920
0.9,0.4,1.0,1,discounted_ts,1.5256988716262037,0.3488,500,1920
0.9,0.4,1.0,1,ar_greedy,1.0023163429223871,0.2761333333333343,500,1920
0.9,0.4,1.0,1,ar_ucb,0.9310382522438002,0.2724000000000008,500,1920
0.9,0.4,1.0,1,st_greedy,0.9414204602948187,0.34026666666666777,500,1920
0.9,0.4,1.0,1,st_ucb,0.8200346846120851,0.1942666666666672,500,1920
0.9,0.4,1.0,1,corrupt_ucb,1.0331160884019186,0.28946666666666715,500,1920
0.9,0.4,1.0,2,iid_ts,1.309454401354937,0.05413333333333316,500,1920
0.9,0.4,1.0,2,discounted_ts,1.2553607514480252,0.2973333333333327,500,1920
0.9,0.4,1.0,2,ar_greedy,0.8439778025768246,0.13240000000000032,500,1920
0.9,0.4,1.0,2,ar_ucb,0.7263617145302952,0.2241333333333332,500,1920
0.9,0.4,1.0,2,st_greedy,0.772640031438261,0.14626666666666693,500,1920
0.9,0.4,1.0,2,st_ucb,0.7879200917456118,0.19453333333333356,500,1920
0.9,0.4,1.0,2,corrupt_ucb,0.7694921346242222,0.19893333333333357,500,1920
0.9,0.4,1.0,3,iid_ts,1.2374413329126615,0.021733333333333292,500,1920
0.9,0.4,1.0,3,discounted_ts,1.1343781695583446,0.28680000000000083,500,1920
0.9,0.4,1.0,3,ar_greedy,0.8211831673171716,0.17240000000000102,500,1920
0.9,0.4,1.0,3,ar_ucb,0.8514529215144842,0.2084000000000004,500,1920
0.9,0.4,1.0,3,st_greedy,0.8291000621344844,0.16986666666666778,500,1920
0.9,0.4,1.0,3,st_ucb,0.899516853795576,0.21293333333333447,500,1920
0.9,0.4,1.0,3,corrupt_ucb,0.810298679891777,0.21853333333333377,500,1920
0.9,0.4,1.0,4,iid_ts,1.2880209874758697,0.032533333333333345,500,1920
0.9,0.4,1.0,4,discounted_ts,1.2762167876288584,0.35653333333333403,500,1920
0.9,0.4,1.0,4,ar_greedy,0.8948270118144236,0.12880000000000014,500,1920
0.9,0.4,1.0,4,ar_ucb,0.862703183803019,0.1942666666666673,500,1920
0.9,0.4,1.0,4,st_greedy,0.8968714280142213,0.15120000000000017,500,1920
0.9,0.4,1.0,4,st_ucb,0.818917544476269,0.1685333333333341,500,1920
0.9,0.4,1.0,4,corrupt_ucb,0.885149478274461,0.1648000000000009,500,1920
0.9,0.4,1.0,5,iid_ts,1.5470913912208828,0.1886666666666673,500,1920
0.9,0.4,1.0,5,discounted_ts,1.3922640026363844,0.3649333333333324,500,1920
0.9,0.4,1.0,5,ar_greedy,0.79836526324932,0.2272000000000007,500,1920
0.9,0.4,1.0,5,ar_ucb,0.7863845082493601,0.23800000000000027,500,1920
0.9,0.4,1.0,5,st_greedy,0.7959953798338663,0.2270666666666669,500,1920
0.9,0.4,1.0,5,st_ucb,0.7850701058506869,0.24480000000000032,500,1920
0.9,0.4,1.0,5,corrupt_ucb,0.775151489841207,0.2429333333333341,500,1920
0.9,0.4,1.0,6,iid_ts,1.3455039345665585,0.017733333333333337,500,1920
0.9,0.4,1.0,6,discounted_ts,1.31288679955334,0.324533333333333,500,1920
0.9,0.4,1.0,6,ar_greedy,0.8046949767328357,0.17760000000000029,500,1920
0.9,0.4,1.0,6,ar_ucb,0.8627694985114305,0.29013333333333347,500,1920
0.9,0.4,1.0,6,st_greedy,0.8540312625098438,0.17986666666666695,500,1920
0.9,0.4,1.0,6,st_ucb,0.8307128907931891,0.2601333333333333,500,1920
0.9,0.4,1.0,6,corrupt_ucb,0.9049431139867096,0.23186666666666672,500,1920
0.9,0.4,1.0,7,iid_ts,1.1688596174639414,0.08013333333333396,500,1920
0.9,0.4,1.0,7,discounted_ts,1.2910695509153358,0.30346666666666616,500,1920
0.9,0.4,1.0,7,ar_greedy,0.8002456503079846,0.26773333333333255,500,1920
0.9,0.4,1.0,7,ar_ucb,0.7198492631745373,0.25280000000000014,500,1920
0.9,0.4,1.0,7,st_greedy,0.8736028293532662,0.2965333333333319,500,1920
0.9,0.4,1.0,7,st_ucb,0.7695926570158594,0.21053333333333402,500,1920
0.9,0.4,1.0,7,corrupt_ucb,0.6965317580773427,0.2296000000000011,500,1920
0.9,0.4,1.0,8,iid_ts,1.190700379718748,0.01106666666666667,500,1920
0.9,0.4,1.0,8,discounted_ts,1.2112845709345184,0.2229333333333337,500,1920
0.9,0.4,1.0,8,ar_greedy,0.7266423172330705,0.09440000000000028,500,1920
0.9,0.4,1.0,8,ar_ucb,0.7546862871126561,0.13506666666666717,500,1920
0.9,0.4,1.0,8,st_greedy,0.7861094793189997,0.12866666666666712,500,1920
0.9,0.4,1.0,8,st_ucb,0.7257362110259424,0.14133333333333392,500,1920
0.9,0.4,1.0,8,corrupt_ucb,0.7560867139053953,0.11480000000000047,500,1920
0.9,0.4,1.0,9,iid_ts,1.3993624773707467,0.26666666666666644,500,1920
0.9,0.4,1.0,9,discounted_ts,1.2041485318373903,0.28706666666666686,500,1920
0.9,0.4,1.0,9,ar_greedy,0.8693289444644117,0.22173333333333334,500,1920
0.9,0.4,1.0,9,ar_ucb,0.7916599779177723,0.23800000000000057,500,1920
0.9,0.4,1.0,9,st_greedy,0.8929801414077568,0.2055999999999997,500,1920
0.9,0.4,1.0,9,st_ucb,0.8470261525151312,0.22173333333333414,500,1920
0.9,0.4,1.0,9,corrupt_ucb,0.8351117153652747,0.18946666666666745,500,1920
0.9,0.4,1.0,10,iid_ts,1.4969749395033123,0.27066666666666694,500,1920
0.9,0.4,1.0,10,discounted_ts,1.2776214638036818,0.34266666666666623,500,1920
0.9,0.4,1.0,10,ar_greedy,0.9308085421593202,0.3141333333333317,500,1920
0.9,0.4,1.0,10,ar_ucb,0.8417215551568389,0.29,500,1920
0.9,0.4,1.0,10,st_greedy,0.825843979022103,0.25866666666666666,500,1920
0.9,0.4,1.0,10,st_ucb,0.9642309594699984,0.29759999999999953,500,1920
0.9,0.4,1.0,10,corrupt_ucb,0.7869856957221872,0.2545333333333332,500,1920
0.9,0.4,1.0,11,iid_ts,1.2428733917492623,0.1525333333333336,500,1920
0.9,0.4,1.0,11,discounted_ts,1.140655163764422,0.26053333333333384,500,1920
0.9,0.4,1.0,11,ar_greedy,0.8713246883830068,0.18466666666666648,500,1920
0.9,0.4,1.0,11,ar_ucb,0.8576314153202722,0.21386666666666712,500,1920
0.9,0.4,1.0,11,st_greedy,0.8770028136578177,0.24013333333333356,500,1920
0.9,0.4,1.0,11,st_ucb,0.9224604235820875,0.21986666666666677,500,1920
0.9,0.4,1.0,11,corrupt_ucb,0.8474988679497812,0.17733333333333381,500,1920
0.9,0.4,1.0,12,iid_ts,1.3225634408940408,0.2498666666666703,500,1920
0.9,0.4,1.0,12,discounted_ts,1.280286097209428,0.26453333333333356,500,1920
0.9,0.4,1.0,12,ar_greedy,0.8830291256902116,0.2208000000000004,500,1920
0.9,0.4,1.0,12,ar_ucb,0.8061293910015003,0.2476000000000002,500,1920
0.9,0.4,1.0,12,st_greedy,0.8614788343940957,0.18439999999999984,500,1920
0.9,0.4,1.0,12,st_ucb,0.7695988475948247,0.20400000000000074,500,1920
0.9,0.4,1.0,12,corrupt_ucb,0.7507767457271313,0.21706666666666724,500,1920
0.9,0.4,1.0,13,iid_ts,1.5783799271539378,0.03213333333333333,500,1920
0.9,0.4,1.0,13,discounted_ts,1.2814578704722366,0.30533333333333285,500,1920
0.9,0.4,1.0,13,ar_greedy,1.1287336659231637,0.18733333333333418,500,1920
0.9,0.4,1.0,13,ar_ucb,0.9610299777853581,0.25920000000000065,500,1920
0.9,0.4,1.0,13,st_greedy,1.045771047646231,0.22413333333333435,500,1920
0.9,0.4,1.0,13,st_ucb,0.9235367053513756,0.23146666666666735,500,1920
0.9,0.4,1.0,13,corrupt_ucb,0.8649929294250722,0.22213333333333363,500,1920
0.9,0.4,1.0,14,iid_ts,1.2566397477936444,0.017599999999999998,500,1920
0.9,0.4,1.0,14,discounted_ts,1.2437485677067488,0.2560000000000007,500,1920
0.9,0.4,1.0,14,ar_greedy,0.8793088135043218,0.13333333333333355,500,1920
0.9,0.4,1.0,14,ar_ucb,0.9213008423690575,0.14160000000000023,500,1920
0.9,0.4,1.0,14,st_greedy,0.90599582686042,0.14413333333333375,500,1920
0.9,0.4,1.0,14,st_ucb,0.9250304687053585,0.17879999999999974,500,1920
0.9,0.4,1.0,14,corrupt_ucb,0.898770717810745,0.16893333333333344,500,1920
0.9,0.4,1.0,15,iid_ts,1.4505656365102324,0.10359999999999989,500,1920
0.9,0.4,1.0,15,discounted_ts,1.3562265576695862,0.26213333333333294,500,1920
0.9,0.4,1.0,15,ar_greedy,0.9138006071567146,0.1420000000000001,500,1920
0.9,0.4,1.0,15,ar_ucb,0.8337812438436382,0.1681333333333339,500,1920
0.9,0.4,1.0,15,st_greedy,0.9793235143598675,0.13786666666666675,500,1920
0.9,0.4,1.0,15,st_ucb,0.904291747744327,0.14986666666666684,500,1920
0.9,0.4,1.0,15,corrupt_ucb,0.8758919601334585,0.13920000000000002,500,1920
0.9,0.4,1.0,16,iid_ts,1.4733599064237084,0.1382666666666668,500,1920
0.9,0.4,1.0,16,discounted_ts,1.3840396727059032,0.3861333333333338,500,1920
0.9,0.4,1.0,16,ar_greedy,0.9733566485270942,0.1986666666666675,500,1920
0.9,0.4,1.0,16,ar_ucb,0.88468764072125,0.25386666666666724,500,1920
0.9,0.4,1.0,16,st_greedy,0.944549422686309,0.24693333333333384,500,1920
0.9,0.4,1.0,16,st_ucb,0.8978977741344936,0.28653333333333403,500,1920
0.9,0.4,1.0,16,corrupt_ucb,0.8028383867543986,0.27320000000000094,500,1920
0.9,0.4,1.0,17,iid_ts,1.31520171441151,0.06933333333333326,500,1920
0.9,0.4,1.0,17,discounted_ts,1.2881457716571658,0.26799999999999974,500,1920
0.9,0.4,1.0,17,ar_greedy,0.9035503585244875,0.17093333333333352,500,1920
0.9,0.4,1.0,17,ar_ucb,0.9140850840198007,0.1649333333333335,500,1920
0.9,0.4,1.0,17,st_greedy,0.8975386131564195,0.19053333333333347,500,1920
0.9,0.4,1.0,17,st_ucb,0.9878417638986468,0.22893333333333316,500,1920
0.9,0.4,1.0,17,corrupt_ucb,1.0060656914229658,0.1602666666666668,500,1920
0.9,0.4,1.0,18,iid_ts,1.293671510219428,0.14733333333333387,500,1920
0.9,0.4,1.0,18,discounted_ts,1.3661035524243372,0.26853333333333335,500,1920
0.9,0.4,1.0,18,ar_greedy,0.7544880026243541,0.18653333333333388,500,1920
0.9,0.4,1.0,18,ar_ucb,0.8161434404321674,0.236000000000001,500,1920
0.9,0.4,1.0,18,st_greedy,0.8252506457374897,0.20866666666666597,500,1920
0.9,0.4,1.0,18,st_ucb,0.7097561953660212,0.18586666666666732,500,1920
0.9,0.4,1.0,18,corrupt_ucb,0.791898139576344,0.19320000000000093,500,1920
0.9,0.4,1.0,19,iid_ts,1.5489817689764092,0.33040000000000075,500,1920
0.9,0.4,1.0,19,discounted_ts,1.3523208639491868,0.3520000000000001,500,1920
0.9,0.4,1.0,19,ar_greedy,0.8983064249563238,0.2918666666666677,500,1920
0.9,0.4,1.0,19,ar_ucb,0.8593266244512016,0.2212000000000001,500,1920
0.9,0.4,1.0,19,st_greedy,0.8820104007098749,0.34306666666666635,500,1920
0.9,0.4,1.0,19,st_ucb,0.8287314777710477,0.27920000000000034,500,1920
0.9,0.4,1.0,19,corrupt_ucb,0.8688845231729142,0.27946666666666703,500,1920
0.9,0.8,0.25,0,iid_ts,1.380543876236766,0.02980000000000001,500,1920
0.9,0.8,0.25,0,discounted_ts,1.3257518473468115,0.08743333333333335,500,1920
0.9,0.8,0.25,0,ar_greedy,0.9048321050292799,0.06583333333333302,500,1920
0.9,0.8,0.25,0,ar_ucb,0.9520506646524969,0.0807999999999998,500,1920
0.9,0.8,0.25,0,st_greedy,0.9129123725445999,0.061599999999999974,500,1920
0.9,0.8,0.25,0,st_ucb,0.8965760698324217,0.0739333333333332,500,1920
0.9,0.8,0.25,0,corrupt_ucb,0.9797754211011157,0.07066666666666657,500,1920
0.9,0.8,0.25,1,iid_ts,1.8130822083885751,0.13160000000000033,500,1920
0.9,0.8,0.25,1,discounted_ts,1.4972244292693992,0.113166666666667,500,1920
0.9,0.8,0.25,1,ar_greedy,1.0260752325354692,0.0947999999999999,500,1920
0.9,0.8,0.25,1,ar_ucb,1.0956544972343705,0.10209999999999966,500,1920
0.9,0.8,0.25,1,st_greedy,0.9233631258306704,0.09803333333333308,500,1920
0.9,0.8,0.25,1,st_ucb,1.0344072973972427,0.09196666666666663,500,1920
0.9,0.8,0.25,1,corrupt_ucb,0.9919091327732842,0.1018333333333332,500,1920
0.9,0.8,0.25,2,iid_ts,1.5022051995497068,0.058766666666666516,500,1920
0.9,0.8,0.25,2,discounted_ts,1.2902848752208587,0.10120000000000012,500,1920
0.9,0.8,0.25,2,ar_greedy,0.8948460402388917,0.05109999999999982,500,1920
0.9,0.8,0.25,2,ar_ucb,0.8202153821583399,0.07249999999999994,500,1920
0.9,0.8,0.25,2,st_greedy,0.7646353411613612,0.07859999999999992,500,1920
0.9,0.8,0.25,2,st_ucb,0.7724382906266306,0.09016666666666678,500,1920
0.9,0.8,0.25,2,corrupt_ucb,0.7749205470897876,0.08086666666666673,500,1920
0.9,0.8,0.25,3,iid_ts,1.4195627617499273,0.09513333333333321,500,1920
0.9,0.8,0.25,3,discounted_ts,1.181255696669422,0.11899999999999938,500,1920
0.9,0.8,0.25,3,ar_greedy,0.9610339252165085,0.10906666666666644,500,1920
0.9,0.8,0.25,3,ar_ucb,1.0117933764613323,0.12603333333333314,500,1920
0.9,0.8,0.25,3,st_greedy,0.9196585818895756,0.09933333333333319,500,1920
0.9,0.8,0.25,3,st_ucb,0.9741100388318005,0.12259999999999975,500,1920
0.9,0.8,0.25,3,corrupt_ucb,0.9833737209245701,0.10606666666666635,500,1920
0.9,0.8,0.25,4,iid_ts,1.4845375256317108,0.1386333333333336,500,1920
0.9,0.8,0.25,4,discounted_ts,1.2747992403081356,0.1366666666666667,500,1920
0.9,0.8,0.25,4,ar_greedy,0.9479389537845819,0.1080333333333337,500,1920
0.9,0.8,0.25,4,ar_ucb,0.8629277021950235,0.125266666666667,500,1920
0.9,0.8,0.25,4,st_greedy,1.013806750833089,0.08873333333333341,500,1920
0.9,0.8,0.25,4,st_ucb,0.854595740591845,0.11983333333333368,500,1920
0.9,0.8,0.25,4,corrupt_ucb,0.8752550357947273,0.12873333333333367,500,1920
0.9,0.8,0.25,5,iid_ts,1.4910022716613616,0.09046666666666674,500,1920
0.9,0.8,0.25,5,discounted_ts,1.3253243292719967,0.10856666666666642,500,1920
0.9,0.8,0.25,5,ar_greedy,0.9215982670016671,0.09056666666666705,500,1920
0.9,0.8,0.25,5,ar_ucb,0.8956845259107363,0.10863333333333365,500,1920
0.9,0.8,0.25,5,st_greedy,0.8630280717244574,0.11120000000000003,500,1920
0.9,0.8,0.25,5,st_ucb,0.9095642118972249,0.10333333333333364,500,1920
0.9,0.8,0.25,5,corrupt_ucb,0.8093524284023625,0.09530000000000009,500,1920
0.9,0.8,0.25,6,iid_ts,1.6675897455759707,0.06640000000000006,500,1920
0.9,0.8,0.25,6,discounted_ts,1.4320306231378592,0.13296666666666654,500,1920
0.9,0.8,0.25,6,ar_greedy,0.9978060144846451,0.11539999999999913,500,1920
0.9,0.8,0.25,6,ar_ucb,0.9145858456496881,0.1257666666666661,500,1920
0.9,0.8,0.25,6,st_greedy,0.9785396061770434,0.1077333333333325,500,1920
0.9,0.8,0.25,6,st_ucb,0.8631332071040417,0.12306666666666612,500,1920
0.9,0.8,0.25,6,corrupt_ucb,0.9492384768146528,0.13603333333333328,500,1920
0.9,0.8,0.25,7,iid_ts,1.3525356682582608,0.18103333333333466,500,1920
0.9,0.8,0.25,7,discounted_ts,1.3142281879231945,0.12443333333333326,500,1920
0.9,0.8,0.25,7,ar_greedy,0.8491972772657445,0.12630000000000022,500,1920
0.9,0.8,0.25,7,ar_ucb,0.8256906680663306,0.12710000000000016,500,1920
0.9,0.8,0.25,7,st_greedy,0.7957324398245078,0.1106000000000002,500,1920
0.9,0.8,0.25,7,st_ucb,0.839429928334491,0.1122999999999999,500,1920
0.9,0.8,0.25,7,corrupt_ucb,0.9251671007992297,0.14543333333333355,500,1920
0.9,0.8,0.25,8,iid_ts,1.3577287694062805,0.006666666666666658,500,1920
0.9,0.8,0.25,8,discounted_ts,1.3128753575497007,0.07773333333333336,500,1920
0.9,0.8,0.25,8,ar_greedy,0.8384593910706132,0.0398666666666668,500,1920
0.9,0.8,0.25,8,ar_ucb,0.9717580599577105,0.06420000000000006,500,1920
0.9,0.8,0.25,8,st_greedy,0.9127040146085416,0.052700000000000066,500,1920
0.9,0.8,0.25,8,st_ucb,0.8276604412978628,0.07600000000000007,500,1920
0.9,0.8,0.25,8,corrupt_ucb,0.9568434154679237,0.05046666666666675,500,1920
0.9,0.8,0.25,9,iid_ts,1.372046465737425,0.08020000000000006,500,1920
0.9,0.8,0.25,9,discounted_ts,1.2980347796112173,0.09220000000000012,500,1920
0.9,0.8,0.25,9,ar_greedy,1.073940894605521,0.10783333333333375,500,1920
0.9,0.8,0.25,9,ar_ucb,0.9744643965727148,0.11153333333333354,500,1920
0.9,0.8,0.25,9,st_greedy,0.9627077456053105,0.11283333333333408,500,1920
0.9,0.8,0.25,9,st_ucb,0.8879184334183624,0.08846666666666687,500,1920
0.9,0.8,0.25,9,corrupt_ucb,0.9066690225552635,0.10213333333333353,500,1920
0.9,0.8,0.25,10,iid_ts,1.3156289003294017,0.14046666666666677,500,1920
0.9,0.8,0.25,10,discounted_ts,1.2468461343877466,0.1383666666666668,500,1920
0.9,0.8,0.25,10,ar_greedy,0.8280838520382064,0.12136666666666582,500,1920
0.9,0.8,0.25,10,ar_ucb,0.8588542438423745,0.10939999999999964,500,1920
0.9,0.8,0.25,10,st_greedy,0.8672550937641963,0.12693333333333265,500,1920
0.9,0.8,0.25,10,st_ucb,0.8319140530264761,0.12639999999999985,500,1920
0.9,0.8,0.25,10,corrupt_ucb,0.8376749653071193,0.11759999999999944,500,1920
0.9,0.8,0.25,11,iid_ts,1.3596577108112544,0.05260000000000011,500,1920
0.9,0.8,0.25,11,discounted_ts,1.092021696650977,0.10946666666666661,500,1920
0.9,0.8,0.25,11,ar_greedy,0.854489566626492,0.07493333333333335,500,1920
0.9,0.8,0.25,11,ar_ucb,0.933304704309685,0.10876666666666694,500,1920
0.9,0.8,0.25,11,st_greedy,0.9601882432152171,0.10823333333333353,500,1920
0.9,0.8,0.25,11,st_ucb,0.8520909950941382,0.10540000000000022,500,1920
0.9,0.8,0.25,11,corrupt_ucb,0.9707265470727277,0.12073333333333387,500,1920
0.9,0.8,0.25,12,iid_ts,1.750827546235768,0.147366666666667,500,1920
0.9,0.8,0.25,12,discounted_ts,1.3347702832749204,0.10016666666666688,500,1920
0.9,0.8,0.25,12,ar_greedy,0.9966849523156598,0.09026666666666648,500,1920
0.9,0.8,0.25,12,ar_ucb,1.0502298942902777,0.102033333333333,500,1920
0.9,0.8,0.25,12,st_greedy,1.023460740363857,0.090566666666667,500,1920
0.9,0.8,0.25,12,st_ucb,0.8781328303055812,0.08656666666666661,500,1920
0.9,0.8,0.25,12,corrupt_ucb,0.9324287102198238,0.08966666666666655,500,1920
0.9,0.8,0.25,13,iid_ts,1.6106134037142692,0.0757333333333335,500,1920
0.9,0.8,0.25,13,discounted_ts,1.322908499179192,0.10386666666666655,500,1920
0.9,0.8,0.25,13,ar_greedy,1.15276038289586,0.09640000000000011,500,1920
0.9,0.8,0.25,13,ar_ucb,1.0181988855505262,0.11143333333333336,500,1920
0.9,0.8,0.25,13,st_greedy,1.1483668708304728,0.09026666666666686,500,1920
0.9,0.8,0.25,13,st_ucb,1.0672790638945224,0.1023666666666666,500,1920
0.9,0.8,0.25,13,corrupt_ucb,1.0296291965552167,0.1302333333333332,500,1920
0.9,0.8,0.25,14,iid_ts,1.4796479995873786,0.009166666666666668,500,1920
0.9,0.8,0.25,14,discounted_ts,1.2116780816992518,0.09386666666666676,500,1920
0.9,0.8,0.25,14,ar_greedy,0.9813550372644522,0.08510000000000005,500,1920
0.9,0.8,0.25,14,ar_ucb,1.0468002267310483,0.08893333333333352,500,1920
0.9,0.8,0.25,14,st_greedy,1.0715209923303135,0.05100000000000003,500,1920
0.9,0.8,0.25,14,st_ucb,1.107890383346254,0.06240000000000003,500,1920
0.9,0.8,0.25,14,corrupt_ucb,0.8622069735896457,0.07630000000000016,500,1920
0.9,0.8,0.25,15,iid_ts,1.6437080894713965,0.041199999999999994,500,1920
0.9,0.8,0.25,15,discounted_ts,1.2762765843686799,0.09146666666666624,500,1920
0.9,0.8,0.25,15,ar_greedy,1.0699274651627373,0.07106666666666706,500,1920
0.9,0.8,0.25,15,ar_ucb,0.9864383665832842,0.06233333333333343,500,1920
0.9,0.8,0.25,15,st_greedy,0.9871198487734327,0.05206666666666696,500,1920
0.9,0.8,0.25,15,st_ucb,0.8501642328287147,0.07259999999999991,500,1920
0.9,0.8,0.25,15,corrupt_ucb,1.016842518379054,0.058833333333333564,500,1920
0.9,0.8,0.25,16,iid_ts,1.735931711639967,0.17096666666666735,500,1920
0.9,0.8,0.25,16,discounted_ts,1.4372181357139677,0.13866666666666658,500,1920
0.9,0.8,0.25,16,ar_greedy,1.099163725954743,0.11566666666666658,500,1920
0.9,0.8,0.25,16,ar_ucb,0.9677037502195951,0.14103333333333284,500,1920
0.9,0.8,0.25,16,st_greedy,0.9864647701041748,0.09713333333333346,500,1920
0.9,0.8,0.25,16,st_ucb,0.7931511564146165,0.12580000000000016,500,1920
0.9,0.8,0.25,16,corrupt_ucb,0.9569491570745323,0.12699999999999992,500,1920
0.9,0.8,0.25,17,iid_ts,1.4883023036273428,0.04376666666666671,500,1920
0.9,0.8,0.25,17,discounted_ts,1.3740578547964162,0.09120000000000006,500,1920
0.9,0.8,0.25,17,ar_greedy,0.9500351070756008,0.06696666666666688,500,1920
0.9,0.8,0.25,17,ar_ucb,1.0072843627126826,0.0796333333333334,500,1920
0.9,0.8,0.25,17,st_greedy,1.0644633868295987,0.0629333333333335,500,1920
0.9,0.8,0.25,17,st_ucb,1.0113156928973284,0.08560000000000023,500,1920
0.9,0.8,0.25,17,corrupt_ucb,1.0363790337730836,0.07983333333333353,500,1920
0.9,0.8,0.25,18,iid_ts,1.5789446598911574,0.10429999999999975,500,1920
0.9,0.8,0.25,18,discounted_ts,1.3059096426096566,0.10549999999999977,500,1920
0.9,0.8,0.25,18,ar_greedy,0.8997972206142839,0.11026666666666651,500,1920
0.9,0.8,0.25,18,ar_ucb,0.9133279903586413,0.14783333333333334,500,1920
0.9,0.8,0.25,18,st_greedy,0.8475604346689317,0.08989999999999965,500,1920
0.9,0.8,0.25,18,st_ucb,0.8637338529040743,0.12606666666666658,500,1920
0.9,0.8,0.25,18,corrupt_ucb,0.8447819057283115,0.11506666666666641,500,1920
0.9,0.8,0.25,19,iid_ts,1.593200443715146,0.11453333333333349,500,1920
0.9,0.8,0.25,19,discounted_ts,1.302347556554277,0.12043333333333339,500,1920
0.9,0.8,0.25,19,ar_greedy,0.9289520385472422,0.12496666666666649,500,1920
0.9,0.8,0.25,19,ar_ucb,1.0016801775672948,0.13846666666666704,500,1920
0.9,0.8,0.25,19,st_greedy,0.9644340221574748,0.12976666666666678,500,1920
0.9,0.8,0.25,19,st_ucb,0.9294164874530569,0.13280000000000028,500,1920
0.9,0.8,0.25,19,corrupt_ucb,1.012480974490052,0.13266666666666702,500,1920
0.9,0.8,1.0,0,iid_ts,1.135582330694912,0.012266666666666638,500,1920
0.9,0.8,1.0,0,discounted_ts,1.2118542083395776,0.25053333333333316,500,1920
0.9,0.8,1.0,0,ar_greedy,0.8160164278286586,0.15773333333333353,500,1920
0.9,0.8,1.0,0,ar_ucb,0.8526204286359629,0.1373333333333338,500,1920
0.9,0.8,1.0,0,st_greedy,0.8372982851451692,0.1297333333333335,500,1920
0.9,0.8,1.0,0,st_ucb,0.8009033285234284,0.16373333333333354,500,1920
0.9,0.8,1.0,0,corrupt_ucb,0.9031249798404641,0.1494666666666668,500,1920
0.9,0.8,1.0,1,iid_ts,1.8452824435898265,0.4410666666666688,500,1920
0.9,0.8,1.0,1,discounted_ts,1.419524505499238,0.37640000000000096,500,1920
0.9,0.8,1.0,1,ar_greedy,0.9625569692833126,0.2972000000000009,500,1920
0.9,0.8,1.0,1,ar_ucb,0.9818927921372539,0.26066666666666694,500,1920
0.9,0.8,1.0,1,st_greedy,0.8963055739441388,0.31653333333333405,500,1920
0.9,0.8,1.0,1,st_ucb,0.8354007340137972,0.2641333333333336,500,1920
0.9,0.8,1.0,1,corrupt_ucb,1.006260067677546,0.30146666666666755,500,1920
0.9,0.8,1.0,2,iid_ts,1.3341211249954428,0.06639999999999988,500,1920
0.9,0.8,1.0,2,discounted_ts,1.2518385010438784,0.2962666666666661,500,1920
0.9,0.8,1.0,2,ar_greedy,0.8373258748803021,0.13853333333333365,500,1920
0.9,0.8,1.0,2,ar_ucb,0.7810214583220066,0.20306666666666612,500,1920
0.9,0.8,1.0,2,st_greedy,0.7950228549757709,0.22226666666666609,500,1920
0.9,0.8,1.0,2,st_ucb,0.7058719741898019,0.24199999999999963,500,1920
0.9,0.8,1.0,2,corrupt_ucb,0.8839957396270858,0.1470666666666669,500,1920
0.9,0.8,1.0,3,iid_ts,1.1036221927155392,0.0052,500,1920
0.9,0.8,1.0,3,discounted_ts,1.1523759231553432,0.2817333333333336,500,1920
0.9,0.8,1.0,3,ar_greedy,0.7960272540320803,0.17720000000000102,500,1920
0.9,0.8,1.0,3,ar_ucb,0.7519813294066076,0.20413333333333378,500,1920
0.9,0.8,1.0,3,st_greedy,0.7817022702334187,0.2069333333333346,500,1920
0.9,0.8,1.0,3,st_ucb,0.731376205992703,0.23026666666666723,500,1920
0.9,0.8,1.0,3,corrupt_ucb,0.8032380729884658,0.2097333333333335,500,1920
0.9,0.8,1.0,4,iid_ts,1.2587109833173553,0.040000000000000015,500,1920
0.9,0.8,1.0,4,discounted_ts,1.293587056519593,0.3196000000000008,500,1920
0.9,0.8,1.0,4,ar_greedy,0.8653135955586525,0.3537333333333348,500,1920
0.9,0.8,1.0,4,ar_ucb,0.8905670147563495,0.26960000000000034,500,1920
0.9,0.8,1.0,4,st_greedy,0.8205736954750757,0.18493333333333303,500,1920
0.9,0.8,1.0,4,st_ucb,0.8177124099131501,0.24920000000000056,500,1920
0.9,0.8,1.0,4,corrupt_ucb,0.7769335653066735,0.24053333333333363,500,1920
0.9,0.8,1.0,5,iid_ts,1.501759338166732,0.17280000000000054,500,1920
0.9,0.8,1.0,5,discounted_ts,1.3310185181315428,0.35293333333333266,500,1920
0.9,0.8,1.0,5,ar_greedy,0.7431566876803846,0.2177333333333332,500,1920
0.9,0.8,1.0,5,ar_ucb,0.8667218035541933,0.23600000000000107,500,1920
0.9,0.8,1.0,5,st_greedy,0.9238035840086366,0.37706666666666727,500,1920
0.9,0.8,1.0,5,st_ucb,0.7923353599727497,0.2596000000000009,500,1920
0.9,0.8,1.0,5,corrupt_ucb,0.8655201710650051,0.22506666666666708,500,1920
0.9,0.8,1.0,6,iid_ts,1.296056535837909,0.0043999999999999985,500,1920
0.9,0.8,1.0,6,discounted_ts,1.360133295058977,0.31693333333333296,500,1920
0.9,0.8,1.0,6,ar_greedy,0.8659458937737459,0.16760000000000055,500,1920
0.9,0.8,1.0,6,ar_ucb,0.8289468601208633,0.2300000000000001,500,1920
0.9,0.8,1.0,6,st_greedy,0.8958917053126222,0.2834666666666669,500,1920
0.9,0.8,1.0,6,st_ucb,0.7810760647097001,0.31986666666666685,500,1920
0.9,0.8,1.0,6,corrupt_ucb,0.7959862117453257,0.310666666666666,500,1920
0.9,0.8,1.0,7,iid_ts,1.1632076855347941,0.06493333333333322,500,1920
0.9,0.8,1.0,7,discounted_ts,1.196579716636436,0.28373333333333334,500,1920
0.9,0.8,1.0,7,ar_greedy,0.8230357612026181,0.26253333333333245,500,1920
0.9,0.8,1.0,7,ar_ucb,0.8438191323457754,0.2265333333333335,500,1920
0.9,0.8,1.0,7,st_greedy,0.8050820383921794,0.24146666666666622,500,1920
0.9,0.8,1.0,7,st_ucb,0.8599181896896293,0.23613333333333356,500,1920
0.9,0.8,1.0,7,corrupt_ucb,0.8241100550813618,0.1836000000000005,500,1920
0.9,0.8,1.0,8,iid_ts,1.0615451984896553,0.006799999999999999,500,1920
0.9,0.8,1.0,8,discounted_ts,1.1456511986519806,0.2388000000000003,500,1920
0.9,0.8,1.0,8,ar_greedy,0.6546141587727966,0.11040000000000005,500,1920
0.9,0.8,1.0,8,ar_ucb,0.7294131547701489,0.1426666666666672,500,1920
0.9,0.8,1.0,8,st_greedy,0.7492379273166706,0.13426666666666676,500,1920
0.9,0.8,1.0,8,st_ucb,0.7166885477352737,0.17386666666666703,500,1920
0.9,0.8,1.0,8,corrupt_ucb,0.7195888068126566,0.15200000000000047,500,1920
0.9,0.8,1.0,9,iid_ts,1.3204711098690896,0.26999999999999996,500,1920
0.9,0.8,1.0,9,discounted_ts,1.189143943720354,0.279066666666667,500,1920
0.9,0.8,1.0,9,ar_greedy,0.9009714602052558,0.25146666666666756,500,1920
0.9,0.8,1.0,9,ar_ucb,0.7899942176806547,0.2766666666666677,500,1920
0.9,0.8,1.0,9,st_greedy,0.866108496714099,0.3168000000000003,500,1920
0.9,0.8,1.0,9,st_ucb,0.6543294253013119,0.2014666666666677,500,1920
0.9,0.8,1.0,9,corrupt_ucb,0.7979412392298316,0.2389333333333335,500,1920
0.9,0.8,1.0,10,iid_ts,1.5577989781286266,0.420399999999999,500,1920
0.9,0.8,1.0,10,discounted_ts,1.2308657902040387,0.3912000000000002,500,1920
0.9,0.8,1.0,10,ar_greedy,0.7583037842652144,0.28786666666666677,500,1920
0.9,0.8,1.0,10,ar_ucb,0.8266743255179334,0.30253333333333265,500,1920
0.9,0.8,1.0,10,st_greedy,0.8901575163406913,0.2901333333333325,500,1920
0.9,0.8,1.0,10,st_ucb,0.8764981067097415,0.32799999999999957,500,1920
0.9,0.8,1.0,10,corrupt_ucb,0.934742133352236,0.3062666666666659,500,1920
0.9,0.8,1.0,11,iid_ts,1.1560328698139115,0.14706666666666696,500,1920
0.9,0.8,1.0,11,discounted_ts,1.0690117854701588,0.2817333333333339,500,1920
0.9,0.8,1.0,11,ar_greedy,0.8130578529981093,0.14693333333333353,500,1920
0.9,0.8,1.0,11,ar_ucb,0.8841847393502797,0.24426666666666716,500,1920
0.9,0.8,1.0,11,st_greedy,0.8379065005980912,0.20533333333333356,500,1920
0.9,0.8,1.0,11,st_ucb,0.7941486668150425,0.2421333333333336,500,1920
0.9,0.8,1.0,11,corrupt_ucb,0.7855606263799576,0.20973333333333416,500,1920
0.9,0.8,1.0,12,iid_ts,1.2843466688330534,0.2469333333333334,500,1920
0.9,0.8,1.0,12,discounted_ts,1.2083496473106263,0.282666666666667,500,1920
0.9,0.8,1.0,12,ar_greedy,0.9266522434838093,0.280533333333335,500,1920
0.9,0.8,1.0,12,ar_ucb,0.9757726025102432,0.26853333333333274,500,1920
0.9,0.8,1.0,12,st_greedy,0.776772901115935,0.18400000000000127,500,1920
0.9,0.8,1.0,12,st_ucb,0.7694936157958302,0.22053333333333372,500,1920
0.9,0.8,1.0,12,corrupt_ucb,0.8439887301797835,0.23386666666666597,500,1920
0.9,0.8,1.0,13,iid_ts,1.4254472243583827,0.0177333333333333,500,1920
0.9,0.8,1.0,13,discounted_ts,1.2321193107282886,0.31866666666666654,500,1920
0.9,0.8,1.0,13,ar_greedy,0.8886396573047838,0.14893333333333356,500,1920
0.9,0.8,1.0,13,ar_ucb,0.9185344317766337,0.18679999999999994,500,1920
0.9,0.8,1.0,13,st_greedy,1.0443783768051706,0.19293333333333382,500,1920
0.9,0.8,1.0,13,st_ucb,0.9478718880265917,0.21600000000000036,500,1920
0.9,0.8,1.0,13,corrupt_ucb,0.872221822887267,0.19346666666666693,500,1920
0.9,0.8,1.0,14,iid_ts,1.17430622831713,0.006666666666666669,500,1920
0.9,0.8,1.0,14,discounted_ts,1.1997856656468748,0.2785333333333333,500,1920
0.9,0.8,1.0,14,ar_greedy,0.9298636976235777,0.11626666666666657,500,1920
0.9,0.8,1.0,14,ar_ucb,0.8226814542160531,0.17879999999999996,500,1920
0.9,0.8,1.0,14,st_greedy,0.9336237392062291,0.12493333333333315,500,1920
0.9,0.8,1.0,14,st_ucb,0.8809330936306503,0.19279999999999997,500,1920
0.9,0.8,1.0,14,corrupt_ucb,0.910859234223652,0.13613333333333355,500,1920
0.9,0.8,1.0,15,iid_ts,1.4107643624354231,0.07759999999999989,500,1920
0.9,0.8,1.0,15,discounted_ts,1.2664633495009077,0.24373333333333327,500,1920
0.9,0.8,1.0,15,ar_greedy,0.9239251573117157,0.14026666666666693,500,1920
0.9,0.8,1.0,15,ar_ucb,0.8994948686204846,0.15666666666666734,500,1920
0.9,0.8,1.0,15,st_greedy,0.8657151070077547,0.12626666666666633,500,1920
0.9,0.8,1.0,15,st_ucb,0.8385458543312941,0.1645333333333338,500,1920
0.9,0.8,1.0,15,corrupt_ucb,0.880813264881179,0.14760000000000018,500,1920
0.9,0.8,1.0,16,iid_ts,1.4341925647637874,0.10480000000000012,500,1920
0.9,0.8,1.0,16,discounted_ts,1.3721430456250316,0.387600000000001,500,1920
0.9,0.8,1.0,16,ar_greedy,0.970455001600594,0.29399999999999976,500,1920
0.9,0.8,1.0,16,ar_ucb,0.8341151538816541,0.3244000000000003,500,1920
0.9,0.8,1.0,16,st_greedy,0.8689571905110197,0.2813333333333339,500,1920
0.9,0.8,1.0,16,st_ucb,0.7994220651179064,0.30400000000000055,500,1920
0.9,0.8,1.0,16,corrupt_ucb,0.9070902148705474,0.3134666666666663,500,1920
0.9,0.8,1.0,17,iid_ts,1.2542131615904775,0.08893333333333321,500,1920
0.9,0.8,1.0,17,discounted_ts,1.2419501984928454,0.25973333333333326,500,1920
0.9,0.8,1.0,17,ar_greedy,0.8757207523918078,0.13799999999999996,500,1920
0.9,0.8,1.0,17,ar_ucb,0.9049400648513239,0.16746666666666674,500,1920
0.9,0.8,1.0,17,st_greedy,0.8521754075760825,0.16346666666666698,500,1920
0.9,0.8,1.0,17,st_ucb,0.8609954265832529,0.23253333333333376,500,1920
0.9,0.8,1.0,17,corrupt_ucb,0.7812449233099797,0.19480000000000047,500,1920
0.9,0.8,1.0,18,iid_ts,1.153883114201346,0.13293333333333365,500,1920
0.9,0.8,1.0,18,discounted_ts,1.2280883852992621,0.2801333333333336,500,1920
0.9,0.8,1.0,18,ar_greedy,0.7789690076761219,0.1976000000000008,500,1920
0.9,0.8,1.0,18,ar_ucb,0.7896590450037202,0.20373333333333388,500,1920
0.9,0.8,1.0,18,st_greedy,0.77142195302316,0.156,500,1920
0.9,0.8,1.0,18,st_ucb,0.7319990469354217,0.20573333333333374,500,1920
0.9,0.8,1.0,18,corrupt_ucb,0.8045942685164347,0.1918666666666673,500,1920
0.9,0.8,1.0,19,iid_ts,1.5612160273295785,0.34893333333333393,500,1920
0.9,0.8,1.0,19,discounted_ts,1.211632184481143,0.3665333333333336,500,1920
0.9,0.8,1.0,19,ar_greedy,0.8959637920384279,0.3330666666666667,500,1920
0.9,0.8,1.0,19,ar_ucb,0.9882267428770145,0.4174666666666672,500,1920
0.9,0.8,1.0,19,st_greedy,0.965754717660261,0.2969333333333337,500,1920
0.9,0.8,1.0,19,st_ucb,0.8808629968730854,0.3014666666666671,500,1920
0.9,0.8,1.0,19,corrupt_ucb,0.9799144740095375,0.30519999999999947,500,1920
