config,horizon,candidate,baseline,metric,paired_runs,improvement,se,ci_low,ci_high
heterogeneous,100,joint_state_ucb,iid_ucb,oracle_regret_per_round,32,0.0,0.0,0.0,0.0
heterogeneous,100,joint_state_ucb,iid_ucb,mean_pseudo_regret_per_round,32,0.0,0.0,0.0,0.0
heterogeneous,100,joint_state_ucb,iid_ucb,stationary_mean_reward_regret_per_round,32,0.0,0.0,0.0,0.0
heterogeneous,100,joint_state_ucb,iid_ucb,fixed_best_reward_regret_per_round,32,0.0,0.0,0.0,0.0
heterogeneous,100,joint_state_ucb,iid_ucb,correct_selection,32,-0.03125,0.03125,-0.09498479519988774,0.03248479519988774
heterogeneous,100,joint_state_ucb,iid_ucb,simple_regret,32,-0.05987697682038572,0.06136834500213696,-0.18503854163533784,0.06528458799456638
heterogeneous,100,joint_state_ucb,iid_ucb,mean_squared_error,32,0.6816716948366419,0.014873352582795386,0.651337292251036,0.7120060974222479
heterogeneous,100,joint_state_ucb,ar_state_ucb,oracle_regret_per_round,32,0.0,0.0,0.0,0.0
heterogeneous,100,joint_state_ucb,ar_state_ucb,mean_pseudo_regret_per_round,32,0.0,0.0,0.0,0.0
heterogeneous,100,joint_state_ucb,ar_state_ucb,stationary_mean_reward_regret_per_round,32,0.0,0.0,0.0,0.0
heterogeneous,100,joint_state_ucb,ar_state_ucb,fixed_best_reward_regret_per_round,32,0.0,0.0,0.0,0.0
heterogeneous,100,joint_state_ucb,ar_state_ucb,correct_selection,32,-0.03125,0.03125,-0.09498479519988774,0.03248479519988774
heterogeneous,100,joint_state_ucb,ar_state_ucb,simple_regret,32,-0.05987697682038572,0.06136834500213696,-0.18503854163533784,0.06528458799456638
heterogeneous,100,joint_state_ucb,ar_state_ucb,mean_squared_error,32,0.6816716948366419,0.014873352582795384,0.651337292251036,0.7120060974222479
heterogeneous,100,joint_state_ucb,joint_mean_ucb,oracle_regret_per_round,32,0.0,0.0,0.0,0.0
heterogeneous,100,joint_state_ucb,joint_mean_ucb,mean_pseudo_regret_per_round,32,0.0,0.0,0.0,0.0
heterogeneous,100,joint_state_ucb,joint_mean_ucb,stationary_mean_reward_regret_per_round,32,0.0,0.0,0.0,0.0
heterogeneous,100,joint_state_ucb,joint_mean_ucb,fixed_best_reward_regret_per_round,32,0.0,0.0,0.0,0.0
heterogeneous,100,joint_state_ucb,joint_mean_ucb,correct_selection,32,0.0,0.0,0.0,0.0
heterogeneous,100,joint_state_ucb,joint_mean_ucb,simple_regret,32,0.0,0.0,0.0,0.0
heterogeneous,100,joint_state_ucb,joint_mean_ucb,mean_squared_error,32,0.0,0.0,0.0,0.0
heterogeneous,100,joint_predictive_ucb,iid_ucb,oracle_regret_per_round,32,0.0,0.0,0.0,0.0
heterogeneous,100,joint_predictive_ucb,iid_ucb,mean_pseudo_regret_per_round,32,0.0,0.0,0.0,0.0
heterogeneous,100,joint_predictive_ucb,iid_ucb,stationary_mean_reward_regret_per_round,32,0.0,0.0,0.0,0.0
heterogeneous,100,joint_predictive_ucb,iid_ucb,fixed_best_reward_regret_per_round,32,0.0,0.0,0.0,0.0
heterogeneous,100,joint_predictive_ucb,iid_ucb,correct_selection,32,-0.03125,0.03125,-0.09498479519988774,0.03248479519988774
heterogeneous,100,joint_predictive_ucb,iid_ucb,simple_regret,32,-0.05987697682038572,0.06136834500213696,-0.18503854163533784,0.06528458799456638
heterogeneous,100,joint_predictive_ucb,iid_ucb,mean_squared_error,32,0.6816716948366419,0.014873352582795386,0.651337292251036,0.7120060974222479
heterogeneous,100,joint_predictive_ucb,ar_state_ucb,oracle_regret_per_round,32,0.0,0.0,0.0,0.0
heterogeneous,100,joint_predictive_ucb,ar_state_ucb,mean_pseudo_regret_per_round,32,0.0,0.0,0.0,0.0
heterogeneous,100,joint_predictive_ucb,ar_state_ucb,stationary_mean_reward_regret_per_round,32,0.0,0.0,0.0,0.0
heterogeneous,100,joint_predictive_ucb,ar_state_ucb,fixed_best_reward_regret_per_round,32,0.0,0.0,0.0,0.0
heterogeneous,100,joint_predictive_ucb,ar_state_ucb,correct_selection,32,-0.03125,0.03125,-0.09498479519988774,0.03248479519988774
heterogeneous,100,joint_predictive_ucb,ar_state_ucb,simple_regret,32,-0.05987697682038572,0.06136834500213696,-0.18503854163533784,0.06528458799456638
heterogeneous,100,joint_predictive_ucb,ar_state_ucb,mean_squared_error,32,0.6816716948366419,0.014873352582795384,0.651337292251036,0.7120060974222479
heterogeneous,100,joint_predictive_ucb,joint_state_ucb,oracle_regret_per_round,32,0.0,0.0,0.0,0.0
heterogeneous,100,joint_predictive_ucb,joint_state_ucb,mean_pseudo_regret_per_round,32,0.0,0.0,0.0,0.0
heterogeneous,100,joint_predictive_ucb,joint_state_ucb,stationary_mean_reward_regret_per_round,32,0.0,0.0,0.0,0.0
heterogeneous,100,joint_predictive_ucb,joint_state_ucb,fixed_best_reward_regret_per_round,32,0.0,0.0,0.0,0.0
heterogeneous,100,joint_predictive_ucb,joint_state_ucb,correct_selection,32,0.0,0.0,0.0,0.0
heterogeneous,100,joint_predictive_ucb,joint_state_ucb,simple_regret,32,0.0,0.0,0.0,0.0
heterogeneous,100,joint_predictive_ucb,joint_state_ucb,mean_squared_error,32,0.0,0.0,0.0,0.0
heterogeneous,100,joint_predictive_ts,joint_state_ts,oracle_regret_per_round,32,0.0,0.0,0.0,0.0
heterogeneous,100,joint_predictive_ts,joint_state_ts,mean_pseudo_regret_per_round,32,0.0,0.0,0.0,0.0
heterogeneous,100,joint_predictive_ts,joint_state_ts,stationary_mean_reward_regret_per_round,32,0.0,0.0,0.0,0.0
heterogeneous,100,joint_predictive_ts,joint_state_ts,fixed_best_reward_regret_per_round,32,0.0,0.0,0.0,0.0
heterogeneous,100,joint_predictive_ts,joint_state_ts,correct_selection,32,0.0,0.0,0.0,0.0
heterogeneous,100,joint_predictive_ts,joint_state_ts,simple_regret,32,0.0,0.0,0.0,0.0
heterogeneous,100,joint_predictive_ts,joint_state_ts,mean_squared_error,32,0.0,0.0,0.0,0.0
heterogeneous,100,joint_predictive_ucb,joint_mean_ucb,oracle_regret_per_round,32,0.0,0.0,0.0,0.0
heterogeneous,100,joint_predictive_ucb,joint_mean_ucb,mean_pseudo_regret_per_round,32,0.0,0.0,0.0,0.0
heterogeneous,100,joint_predictive_ucb,joint_mean_ucb,stationary_mean_reward_regret_per_round,32,0.0,0.0,0.0,0.0
heterogeneous,100,joint_predictive_ucb,joint_mean_ucb,fixed_best_reward_regret_per_round,32,0.0,0.0,0.0,0.0
heterogeneous,100,joint_predictive_ucb,joint_mean_ucb,correct_selection,32,0.0,0.0,0.0,0.0
heterogeneous,100,joint_predictive_ucb,joint_mean_ucb,simple_regret,32,0.0,0.0,0.0,0.0
heterogeneous,100,joint_predictive_ucb,joint_mean_ucb,mean_squared_error,32,0.0,0.0,0.0,0.0
heterogeneous,100,joint_mean_ucb,iid_ucb,oracle_regret_per_round,32,0.0,0.0,0.0,0.0
heterogeneous,100,joint_mean_ucb,iid_ucb,mean_pseudo_regret_per_round,32,0.0,0.0,0.0,0.0
heterogeneous,100,joint_mean_ucb,iid_ucb,stationary_mean_reward_regret_per_round,32,0.0,0.0,0.0,0.0
heterogeneous,100,joint_mean_ucb,iid_ucb,fixed_best_reward_regret_per_round,32,0.0,0.0,0.0,0.0
heterogeneous,100,joint_mean_ucb,iid_ucb,correct_selection,32,-0.03125,0.03125,-0.09498479519988774,0.03248479519988774
heterogeneous,100,joint_mean_ucb,iid_ucb,simple_regret,32,-0.05987697682038572,0.06136834500213696,-0.18503854163533784,0.06528458799456638
heterogeneous,100,joint_mean_ucb,iid_ucb,mean_squared_error,32,0.6816716948366419,0.014873352582795386,0.651337292251036,0.7120060974222479
heterogeneous,100,joint_mean_ts,iid_ts,oracle_regret_per_round,32,0.0,0.0,0.0,0.0
heterogeneous,100,joint_mean_ts,iid_ts,mean_pseudo_regret_per_round,32,0.0,0.0,0.0,0.0
heterogeneous,100,joint_mean_ts,iid_ts,stationary_mean_reward_regret_per_round,32,0.0,0.0,0.0,0.0
heterogeneous,100,joint_mean_ts,iid_ts,fixed_best_reward_regret_per_round,32,0.0,0.0,0.0,0.0
heterogeneous,100,joint_mean_ts,iid_ts,correct_selection,32,-0.03125,0.03125,-0.09498479519988774,0.03248479519988774
heterogeneous,100,joint_mean_ts,iid_ts,simple_regret,32,-0.05987697682038572,0.06136834500213696,-0.18503854163533784,0.06528458799456638
heterogeneous,100,joint_mean_ts,iid_ts,mean_squared_error,32,0.6816716948366419,0.014873352582795386,0.651337292251036,0.7120060974222479
heterogeneous,100,joint_lucb,round_robin,oracle_regret_per_round,32,0.0,0.0,0.0,0.0
heterogeneous,100,joint_lucb,round_robin,mean_pseudo_regret_per_round,32,0.0,0.0,0.0,0.0
heterogeneous,100,joint_lucb,round_robin,stationary_mean_reward_regret_per_round,32,0.0,0.0,0.0,0.0
heterogeneous,100,joint_lucb,round_robin,fixed_best_reward_regret_per_round,32,0.0,0.0,0.0,0.0
heterogeneous,100,joint_lucb,round_robin,correct_selection,32,0.0,0.0,0.0,0.0
heterogeneous,100,joint_lucb,round_robin,simple_regret,32,0.0,0.0,0.0,0.0
heterogeneous,100,joint_lucb,round_robin,mean_squared_error,32,0.0,0.0,0.0,0.0
heterogeneous,100,joint_tt_ts,round_robin,oracle_regret_per_round,32,0.0,0.0,0.0,0.0
heterogeneous,100,joint_tt_ts,round_robin,mean_pseudo_regret_per_round,32,0.0,0.0,0.0,0.0
heterogeneous,100,joint_tt_ts,round_robin,stationary_mean_reward_regret_per_round,32,0.0,0.0,0.0,0.0
heterogeneous,100,joint_tt_ts,round_robin,fixed_best_reward_regret_per_round,32,0.0,0.0,0.0,0.0
heterogeneous,100,joint_tt_ts,round_robin,correct_selection,32,0.0,0.0,0.0,0.0
heterogeneous,100,joint_tt_ts,round_robin,simple_regret,32,0.0,0.0,0.0,0.0
heterogeneous,100,joint_tt_ts,round_robin,mean_squared_error,32,0.0,0.0,0.0,0.0
heterogeneous,100,joint_lucb,joint_mean_ucb,oracle_regret_per_round,32,0.0,0.0,0.0,0.0
heterogeneous,100,joint_lucb,joint_mean_ucb,mean_pseudo_regret_per_round,32,0.0,0.0,0.0,0.0
heterogeneous,100,joint_lucb,joint_mean_ucb,stationary_mean_reward_regret_per_round,32,0.0,0.0,0.0,0.0
heterogeneous,100,joint_lucb,joint_mean_ucb,fixed_best_reward_regret_per_round,32,0.0,0.0,0.0,0.0
heterogeneous,100,joint_lucb,joint_mean_ucb,correct_selection,32,0.0,0.0,0.0,0.0
heterogeneous,100,joint_lucb,joint_mean_ucb,simple_regret,32,0.0,0.0,0.0,0.0
heterogeneous,100,joint_lucb,joint_mean_ucb,mean_squared_error,32,0.0,0.0,0.0,0.0
heterogeneous,100,joint_tt_ts,joint_mean_ts,oracle_regret_per_round,32,0.0,0.0,0.0,0.0
heterogeneous,100,joint_tt_ts,joint_mean_ts,mean_pseudo_regret_per_round,32,0.0,0.0,0.0,0.0
heterogeneous,100,joint_tt_ts,joint_mean_ts,stationary_mean_reward_regret_per_round,32,0.0,0.0,0.0,0.0
heterogeneous,100,joint_tt_ts,joint_mean_ts,fixed_best_reward_regret_per_round,32,0.0,0.0,0.0,0.0
heterogeneous,100,joint_tt_ts,joint_mean_ts,correct_selection,32,0.0,0.0,0.0,0.0
heterogeneous,100,joint_tt_ts,joint_mean_ts,simple_regret,32,0.0,0.0,0.0,0.0
heterogeneous,100,joint_tt_ts,joint_mean_ts,mean_squared_error,32,0.0,0.0,0.0,0.0
heterogeneous,100,joint_predictive_ucb,joint_predictive_ts,oracle_regret_per_round,32,0.0,0.0,0.0,0.0
heterogeneous,100,joint_predictive_ucb,joint_predictive_ts,mean_pseudo_regret_per_round,32,0.0,0.0,0.0,0.0
heterogeneous,100,joint_predictive_ucb,joint_predictive_ts,stationary_mean_reward_regret_per_round,32,0.0,0.0,0.0,0.0
heterogeneous,100,joint_predictive_ucb,joint_predictive_ts,fixed_best_reward_regret_per_round,32,0.0,0.0,0.0,0.0
heterogeneous,100,joint_predictive_ucb,joint_predictive_ts,correct_selection,32,0.0,0.0,0.0,0.0
heterogeneous,100,joint_predictive_ucb,joint_predictive_ts,simple_regret,32,0.0,0.0,0.0,0.0
heterogeneous,100,joint_predictive_ucb,joint_predictive_ts,mean_squared_error,32,0.0,0.0,0.0,0.0
heterogeneous,250,joint_state_ucb,iid_ucb,oracle_regret_per_round,32,0.14420713898346427,0.0312655462498564,0.08044063699795337,0.20797364096897517
heterogeneous,250,joint_state_ucb,iid_ucb,mean_pseudo_regret_per_round,32,0.113810064605498,0.016342214374149965,0.08047989864552649,0.14714023056546952
heterogeneous,250,joint_state_ucb,iid_ucb,stationary_mean_reward_regret_per_round,32,0.14420713898346427,0.03126554624985637,0.08044063699795342,0.2079736409689751
heterogeneous,250,joint_state_ucb,iid_ucb,fixed_best_reward_regret_per_round,32,0.14420713898346432,0.03126554624985636,0.0804406369979535,0.20797364096897514
heterogeneous,250,joint_state_ucb,iid_ucb,correct_selection,32,0.21875,0.08676970585889242,0.04178201816092775,0.39571798183907225
heterogeneous,250,joint_state_ucb,iid_ucb,simple_regret,32,0.22533138473364966,0.07481213747916027,0.07275102439124564,0.3779117450760537
heterogeneous,250,joint_state_ucb,iid_ucb,mean_squared_error,32,0.4213003912494196,0.011605461588401035,0.39763089628823867,0.4449698862106005
heterogeneous,250,joint_state_ucb,ar_state_ucb,oracle_regret_per_round,32,0.22656722595646728,0.028903933393859438,0.1676172651459448,0.2855171867669898
heterogeneous,250,joint_state_ucb,ar_state_ucb,mean_pseudo_regret_per_round,32,0.08229339543341868,0.017407307984545685,0.0467909567333742,0.11779583413346316
heterogeneous,250,joint_state_ucb,ar_state_ucb,stationary_mean_reward_regret_per_round,32,0.22656722595646733,0.02890393339385946,0.16761726514594483,0.28551718676698984
heterogeneous,250,joint_state_ucb,ar_state_ucb,fixed_best_reward_regret_per_round,32,0.22656722595646733,0.028903933393859438,0.16761726514594485,0.2855171867669898
heterogeneous,250,joint_state_ucb,ar_state_ucb,correct_selection,32,0.125,0.08695104295503155,-0.05233782128497849,0.3023378212849785
heterogeneous,250,joint_state_ucb,ar_state_ucb,simple_regret,32,0.12112371110436779,0.0823093421202616,-0.046747298913947966,0.28899472112268354
heterogeneous,250,joint_state_ucb,ar_state_ucb,mean_squared_error,32,0.36956263418233837,0.010656219943280108,0.347829130320261,0.3912961380444157
heterogeneous,250,joint_state_ucb,joint_mean_ucb,oracle_regret_per_round,32,-0.12465229734027752,0.027353382297413395,-0.1804398883402736,-0.06886470634028144
heterogeneous,250,joint_state_ucb,joint_mean_ucb,mean_pseudo_regret_per_round,32,0.10247783598573922,0.02263485643514768,0.056313741929003264,0.14864193004247517
heterogeneous,250,joint_state_ucb,joint_mean_ucb,stationary_mean_reward_regret_per_round,32,-0.12465229734027708,0.027353382297413416,-0.1804398883402732,-0.06886470634028095
heterogeneous,250,joint_state_ucb,joint_mean_ucb,fixed_best_reward_regret_per_round,32,-0.12465229734027725,0.02735338229741342,-0.18043988834027339,-0.0688647063402811
heterogeneous,250,joint_state_ucb,joint_mean_ucb,correct_selection,32,0.15625,0.06521328221627366,0.023246634036266145,0.28925336596373386
heterogeneous,250,joint_state_ucb,joint_mean_ucb,simple_regret,32,0.08293127332037509,0.058391351602381396,-0.0361586734259422,0.20202122006669238
heterogeneous,250,joint_state_ucb,joint_mean_ucb,mean_squared_error,32,0.006229612021218499,0.0032502145478478135,-0.00039924425279033726,0.012858468295227335
heterogeneous,250,joint_predictive_ucb,iid_ucb,oracle_regret_per_round,32,0.15028471058064438,0.02187261246455821,0.10567522335136023,0.19489419780992853
heterogeneous,250,joint_predictive_ucb,iid_ucb,mean_pseudo_regret_per_round,32,0.035337761250556064,0.008591897988078238,0.017814469773804253,0.05286105272730787
heterogeneous,250,joint_predictive_ucb,iid_ucb,stationary_mean_reward_regret_per_round,32,0.15028471058064413,0.021872612464558183,0.10567522335136004,0.19489419780992823
heterogeneous,250,joint_predictive_ucb,iid_ucb,fixed_best_reward_regret_per_round,32,0.1502847105806441,0.02187261246455817,0.10567522335136004,0.19489419780992817
heterogeneous,250,joint_predictive_ucb,iid_ucb,correct_selection,32,0.03125,0.05470549819038361,-0.08032259915110172,0.14282259915110174
heterogeneous,250,joint_predictive_ucb,iid_ucb,simple_regret,32,0.13665069248711043,0.061269733149859874,0.011690247870851475,0.26161113710336936
heterogeneous,250,joint_predictive_ucb,iid_ucb,mean_squared_error,32,0.41690297575137925,0.01179718428282501,0.39284245977694127,0.4409634917258172
heterogeneous,250,joint_predictive_ucb,ar_state_ucb,oracle_regret_per_round,32,0.23264479755364742,0.03226692753000516,0.16683596498230346,0.2984536301249914
heterogeneous,250,joint_predictive_ucb,ar_state_ucb,mean_pseudo_regret_per_round,32,0.003821092078476737,0.014109725252122857,-0.024955882298186776,0.032598066455140254
heterogeneous,250,joint_predictive_ucb,ar_state_ucb,stationary_mean_reward_regret_per_round,32,0.2326447975536472,0.03226692753000521,0.16683596498230313,0.29845363012499126
heterogeneous,250,joint_predictive_ucb,ar_state_ucb,fixed_best_reward_regret_per_round,32,0.23264479755364714,0.03226692753000517,0.16683596498230316,0.29845363012499115
heterogeneous,250,joint_predictive_ucb,ar_state_ucb,correct_selection,32,-0.0625,0.0625,-0.18996959039977548,0.06496959039977548
heterogeneous,250,joint_predictive_ucb,ar_state_ucb,simple_regret,32,0.032443018857828555,0.05854387742270196,-0.08695800634995515,0.15184404406561228
heterogeneous,250,joint_predictive_ucb,ar_state_ucb,mean_squared_error,32,0.365165218684298,0.010794758176888158,0.34314916423193703,0.387181273136659
heterogeneous,250,joint_predictive_ucb,joint_state_ucb,oracle_regret_per_round,32,0.0060775715971801356,0.025710435535250237,-0.04635920738967075,0.05851435058403102
heterogeneous,250,joint_predictive_ucb,joint_state_ucb,mean_pseudo_regret_per_round,32,-0.07847230335494193,0.013696885756827041,-0.10640728602974611,-0.05053732068013774
heterogeneous,250,joint_predictive_ucb,joint_state_ucb,stationary_mean_reward_regret_per_round,32,0.006077571597179875,0.02571043553525026,-0.04635920738967106,0.0585143505840308
heterogeneous,250,joint_predictive_ucb,joint_state_ucb,fixed_best_reward_regret_per_round,32,0.006077571597179795,0.025710435535250247,-0.04635920738967111,0.0585143505840307
heterogeneous,250,joint_predictive_ucb,joint_state_ucb,correct_selection,32,-0.1875,0.0701021719786843,-0.3304743223721201,-0.0445256776278799
heterogeneous,250,joint_predictive_ucb,joint_state_ucb,simple_regret,32,-0.08868069224653924,0.05395597952648443,-0.19872463800429352,0.021363253511215027
heterogeneous,250,joint_predictive_ucb,joint_state_ucb,mean_squared_error,32,-0.004397415498040357,0.0028196456775024335,-0.01014812077138008,0.0013532897752993652
heterogeneous,250,joint_predictive_ts,joint_state_ts,oracle_regret_per_round,32,0.1970751177838973,0.02566070675316768,0.1447397613167767,0.2494104742510179
heterogeneous,250,joint_predictive_ts,joint_state_ts,mean_pseudo_regret_per_round,32,0.025646397759304728,0.008146864434466342,0.00903075819924196,0.04226203731936749
heterogeneous,250,joint_predictive_ts,joint_state_ts,stationary_mean_reward_regret_per_round,32,0.1970751177838969,0.025660706753167714,0.14473976131677624,0.2494104742510176
heterogeneous,250,joint_predictive_ts,joint_state_ts,fixed_best_reward_regret_per_round,32,0.1970751177838968,0.025660706753167704,0.14473976131677616,0.24941047425101745
heterogeneous,250,joint_predictive_ts,joint_state_ts,correct_selection,32,0.03125,0.10515325796802646,-0.18321148355818018,0.24571148355818018
heterogeneous,250,joint_predictive_ts,joint_state_ts,simple_regret,32,-0.025658129096448934,0.08990903840169484,-0.20902882186927654,0.15771256367637868
heterogeneous,250,joint_predictive_ts,joint_state_ts,mean_squared_error,32,0.0037027073649762315,0.005705988972390053,-0.007934733869202903,0.015340148599155366
heterogeneous,250,joint_predictive_ucb,joint_mean_ucb,oracle_regret_per_round,32,-0.11857472574309738,0.028470923241924257,-0.1766415565263219,-0.060507894959872854
heterogeneous,250,joint_predictive_ucb,joint_mean_ucb,mean_pseudo_regret_per_round,32,0.024005532630797282,0.019512676820380385,-0.015790834119556018,0.06380189938115058
heterogeneous,250,joint_predictive_ucb,joint_mean_ucb,stationary_mean_reward_regret_per_round,32,-0.11857472574309719,0.02847092324192421,-0.17664155652632163,-0.06050789495987276
heterogeneous,250,joint_predictive_ucb,joint_mean_ucb,fixed_best_reward_regret_per_round,32,-0.11857472574309746,0.02847092324192422,-0.1766415565263219,-0.060507894959873014
heterogeneous,250,joint_predictive_ucb,joint_mean_ucb,correct_selection,32,-0.03125,0.07077302144543589,-0.17559252888006782,0.11309252888006782
heterogeneous,250,joint_predictive_ucb,joint_mean_ucb,simple_regret,32,-0.005749418926164148,0.05446397529695908,-0.11682942888851398,0.10533059103618568
heterogeneous,250,joint_predictive_ucb,joint_mean_ucb,mean_squared_error,32,0.0018321965231781418,0.0033401921587062045,-0.0049801702980510065,0.00864456334440729
heterogeneous,250,joint_mean_ucb,iid_ucb,oracle_regret_per_round,32,0.26885943632374176,0.034003735891298396,0.19950835974572656,0.33821051290175697
heterogeneous,250,joint_mean_ucb,iid_ucb,mean_pseudo_regret_per_round,32,0.011332228619758782,0.019437145170361766,-0.028310090314753036,0.0509745475542706
heterogeneous,250,joint_mean_ucb,iid_ucb,stationary_mean_reward_regret_per_round,32,0.2688594363237413,0.03400373589129837,0.19950835974572617,0.33821051290175647
heterogeneous,250,joint_mean_ucb,iid_ucb,fixed_best_reward_regret_per_round,32,0.26885943632374154,0.034003735891298376,0.19950835974572637,0.33821051290175674
heterogeneous,250,joint_mean_ucb,iid_ucb,correct_selection,32,0.0625,0.0625,-0.06496959039977548,0.18996959039977548
heterogeneous,250,joint_mean_ucb,iid_ucb,simple_regret,32,0.14240011141327455,0.06148502252938225,0.017000581212613386,0.2677996416139357
heterogeneous,250,joint_mean_ucb,iid_ucb,mean_squared_error,32,0.4150707792282011,0.011586041746672264,0.3914408912953529,0.43870066716104933
heterogeneous,250,joint_mean_ts,iid_ts,oracle_regret_per_round,32,-0.014202539197560315,0.01769843689793665,-0.05029873923110044,0.02189366083597981
heterogeneous,250,joint_mean_ts,iid_ts,mean_pseudo_regret_per_round,32,0.012085822764437676,0.005339351687233815,0.0011961432032849637,0.02297550232559039
heterogeneous,250,joint_mean_ts,iid_ts,stationary_mean_reward_regret_per_round,32,-0.014202539197560392,0.017698436897936657,-0.05029873923110053,0.021893660835979746
heterogeneous,250,joint_mean_ts,iid_ts,fixed_best_reward_regret_per_round,32,-0.014202539197560468,0.01769843689793664,-0.05029873923110057,0.021893660835979635
heterogeneous,250,joint_mean_ts,iid_ts,correct_selection,32,0.28125,0.10272864937896246,0.07173353826146409,0.4907664617385359
heterogeneous,250,joint_mean_ts,iid_ts,simple_regret,32,0.1677975406383073,0.09893851464940563,-0.03398889035564345,0.36958397163225803
heterogeneous,250,joint_mean_ts,iid_ts,mean_squared_error,32,0.4106896211027507,0.01157399505575731,0.38708430255800813,0.43429493964749327
heterogeneous,250,joint_lucb,round_robin,oracle_regret_per_round,32,0.40474426490128673,0.025104941700616886,0.3535423987318807,0.45594613107069276
heterogeneous,250,joint_lucb,round_robin,mean_pseudo_regret_per_round,32,0.11019339669951153,0.014133345331617836,0.08136824885311306,0.13901854454591
heterogeneous,250,joint_lucb,round_robin,stationary_mean_reward_regret_per_round,32,0.4047442649012868,0.02510494170061688,0.35354239873188076,0.4559461310706928
heterogeneous,250,joint_lucb,round_robin,fixed_best_reward_regret_per_round,32,0.4047442649012868,0.025104941700616886,0.35354239873188076,0.4559461310706928
heterogeneous,250,joint_lucb,round_robin,correct_selection,32,-0.03125,0.10515325796802646,-0.24571148355818018,0.18321148355818018
heterogeneous,250,joint_lucb,round_robin,simple_regret,32,-0.07562544062790637,0.08728413940050703,-0.2536426165923789,0.10239173533656619
heterogeneous,250,joint_lucb,round_robin,mean_squared_error,32,0.005153103538282907,0.0071851909244061655,-0.009501189966968903,0.019807397043534715
heterogeneous,250,joint_tt_ts,round_robin,oracle_regret_per_round,32,0.11601326629475518,0.012573052658770135,0.09037035633494339,0.14165617625456697
heterogeneous,250,joint_tt_ts,round_robin,mean_pseudo_regret_per_round,32,0.0377648437113971,0.004167401548653105,0.02926537221638588,0.04626431520640832
heterogeneous,250,joint_tt_ts,round_robin,stationary_mean_reward_regret_per_round,32,0.1160132662947552,0.01257305265877015,0.09037035633494336,0.14165617625456703
heterogeneous,250,joint_tt_ts,round_robin,fixed_best_reward_regret_per_round,32,0.11601326629475536,0.01257305265877013,0.09037035633494359,0.14165617625456714
heterogeneous,250,joint_tt_ts,round_robin,correct_selection,32,0.1875,0.1047029207467644,-0.026043014740003423,0.4010430147400034
heterogeneous,250,joint_tt_ts,round_robin,simple_regret,32,0.06200254788929355,0.08241179416130874,-0.1060774144443486,0.2300825102229357
heterogeneous,250,joint_tt_ts,round_robin,mean_squared_error,32,-0.00639335321589157,0.006676749438221573,-0.02001067347336413,0.007223967041580989
heterogeneous,250,joint_lucb,joint_mean_ucb,oracle_regret_per_round,32,-0.23427632541806914,0.031603157628916405,-0.29873139035082935,-0.16982126048530893
heterogeneous,250,joint_lucb,joint_mean_ucb,mean_pseudo_regret_per_round,32,0.03414682901375681,0.024920536979040654,-0.016678941246415516,0.08497259927392914
heterogeneous,250,joint_lucb,joint_mean_ucb,stationary_mean_reward_regret_per_round,32,-0.2342763254180688,0.031603157628916356,-0.29873139035082896,-0.16982126048530868
heterogeneous,250,joint_lucb,joint_mean_ucb,fixed_best_reward_regret_per_round,32,-0.23427632541806895,0.03160315762891637,-0.2987313903508291,-0.1698212604853088
heterogeneous,250,joint_lucb,joint_mean_ucb,correct_selection,32,0.0625,0.08909830562090465,-0.11921719236497166,0.24421719236497166
heterogeneous,250,joint_lucb,joint_mean_ucb,simple_regret,32,0.07007057578081856,0.06762148870850221,-0.06784435970551454,0.20798551126715165
heterogeneous,250,joint_lucb,joint_mean_ucb,mean_squared_error,32,0.009057115025078107,0.003010737676850217,0.002916675049569807,0.015197555000586407
heterogeneous,250,joint_tt_ts,joint_mean_ts,oracle_regret_per_round,32,-0.08936269677826382,0.016056361013004228,-0.12210986096448098,-0.05661553259204665
heterogeneous,250,joint_tt_ts,joint_mean_ts,mean_pseudo_regret_per_round,32,-0.023293023118756927,0.006788302195693183,-0.037137856725075434,-0.00944818951243842
heterogeneous,250,joint_tt_ts,joint_mean_ts,stationary_mean_reward_regret_per_round,32,-0.08936269677826396,0.01605636101300421,-0.12210986096448109,-0.056615532592046824
heterogeneous,250,joint_tt_ts,joint_mean_ts,fixed_best_reward_regret_per_round,32,-0.08936269677826367,0.016056361013004214,-0.12210986096448082,-0.056615532592046526
heterogeneous,250,joint_tt_ts,joint_mean_ts,correct_selection,32,0.0625,0.09977292767466629,-0.14098822757881818,0.2659882275788182
heterogeneous,250,joint_tt_ts,joint_mean_ts,simple_regret,32,0.1168183833259085,0.09253186131336477,-0.07190159204278652,0.30553835869460355
heterogeneous,250,joint_tt_ts,joint_mean_ts,mean_squared_error,32,-0.0037879814679359553,0.0038716720661206624,-0.011684308706826407,0.0041083457709544975
heterogeneous,250,joint_predictive_ucb,joint_predictive_ts,oracle_regret_per_round,32,0.1908990880426453,0.020589287461459584,0.14890695941327753,0.23289121667201307
heterogeneous,250,joint_predictive_ucb,joint_predictive_ts,mean_pseudo_regret_per_round,32,0.03824552878390412,0.00813873488317317,0.021646469553016946,0.0548445880147913
heterogeneous,250,joint_predictive_ucb,joint_predictive_ts,stationary_mean_reward_regret_per_round,32,0.19089908804264522,0.020589287461459604,0.1489069594132774,0.23289121667201304
heterogeneous,250,joint_predictive_ucb,joint_predictive_ts,fixed_best_reward_regret_per_round,32,0.19089908804264524,0.020589287461459587,0.14890695941327745,0.23289121667201304
heterogeneous,250,joint_predictive_ucb,joint_predictive_ts,correct_selection,32,-0.15625,0.06521328221627366,-0.28925336596373386,-0.023246634036266145
heterogeneous,250,joint_predictive_ucb,joint_predictive_ts,simple_regret,32,-0.0607565957588097,0.06286522343336132,-0.18897106426186466,0.06745787274424525
heterogeneous,250,joint_predictive_ucb,joint_predictive_ts,mean_squared_error,32,-0.00037641121108634946,0.004216827471697862,-0.008976687540747905,0.008223865118575206
heterogeneous,500,joint_state_ucb,iid_ucb,oracle_regret_per_round,32,0.0878135601353386,0.03548879303532311,0.015433689543417936,0.16019343072725928
heterogeneous,500,joint_state_ucb,iid_ucb,mean_pseudo_regret_per_round,32,0.21165969820210495,0.021542688783917092,0.16772309475577296,0.25559630164843694
heterogeneous,500,joint_state_ucb,iid_ucb,stationary_mean_reward_regret_per_round,32,0.08781356013533864,0.0354887930353232,0.015433689543417783,0.1601934307272595
heterogeneous,500,joint_state_ucb,iid_ucb,fixed_best_reward_regret_per_round,32,0.08781356013533866,0.03548879303532316,0.015433689543417894,0.16019343072725942
heterogeneous,500,joint_state_ucb,iid_ucb,correct_selection,32,0.5,0.10040241611281235,0.2952279222872318,0.7047720777127682
heterogeneous,500,joint_state_ucb,iid_ucb,simple_regret,32,0.38977307513988707,0.0736967228019292,0.23946761803000374,0.5400785322497704
heterogeneous,500,joint_state_ucb,iid_ucb,mean_squared_error,32,0.3831588342646937,0.011189563627014334,0.3603375687880898,0.4059800997412976
heterogeneous,500,joint_state_ucb,ar_state_ucb,oracle_regret_per_round,32,0.1396920797134919,0.021690981283459608,0.09545303172034322,0.18393112770664058
heterogeneous,500,joint_state_ucb,ar_state_ucb,mean_pseudo_regret_per_round,32,0.12108621277622493,0.01931490836742532,0.08169319744494649,0.16047922810750337
heterogeneous,500,joint_state_ucb,ar_state_ucb,stationary_mean_reward_regret_per_round,32,0.1396920797134919,0.02169098128345961,0.09545303172034322,0.18393112770664058
heterogeneous,500,joint_state_ucb,ar_state_ucb,fixed_best_reward_regret_per_round,32,0.1396920797134918,0.021690981283459556,0.09545303172034322,0.18393112770664036
heterogeneous,500,joint_state_ucb,ar_state_ucb,correct_selection,32,0.40625,0.10868880369378943,0.1845777233937769,0.6279222766062231
heterogeneous,500,joint_state_ucb,ar_state_ucb,simple_regret,32,0.3701857994051443,0.08513507061355463,0.19655167812889196,0.5438199206813966
heterogeneous,500,joint_state_ucb,ar_state_ucb,mean_squared_error,32,0.32545661074255217,0.011088422833428261,0.30284162327444625,0.3480715982106581
heterogeneous,500,joint_state_ucb,joint_mean_ucb,oracle_regret_per_round,32,-0.10304363658346416,0.02855821463606586,-0.1612884993387952,-0.04479877382813314
heterogeneous,500,joint_state_ucb,joint_mean_ucb,mean_pseudo_regret_per_round,32,0.16421082505829232,0.02969454748836499,0.10364839617111525,0.22477325394546938
heterogeneous,500,joint_state_ucb,joint_mean_ucb,stationary_mean_reward_regret_per_round,32,-0.10304363658346415,0.0285582146360659,-0.16128849933879524,-0.04479877382813305
heterogeneous,500,joint_state_ucb,joint_mean_ucb,fixed_best_reward_regret_per_round,32,-0.10304363658346419,0.028558214636065875,-0.16128849933879524,-0.04479877382813314
heterogeneous,500,joint_state_ucb,joint_mean_ucb,correct_selection,32,0.4375,0.08909830562090465,0.25578280763502836,0.6192171923649716
heterogeneous,500,joint_state_ucb,joint_mean_ucb,simple_regret,32,0.21211388806864487,0.04989156236277669,0.11035937576803688,0.31386840036925284
heterogeneous,500,joint_state_ucb,joint_mean_ucb,mean_squared_error,32,0.007703082337186999,0.002636485560062896,0.0023259345862087586,0.013080230088165239
heterogeneous,500,joint_predictive_ucb,iid_ucb,oracle_regret_per_round,32,0.13699219548272668,0.019327506193419653,0.09757348671593744,0.17641090424951592
heterogeneous,500,joint_predictive_ucb,iid_ucb,mean_pseudo_regret_per_round,32,0.011642859528267498,0.012556692779559883,-0.013966684237913567,0.037252403294448566
heterogeneous,500,joint_predictive_ucb,iid_ucb,stationary_mean_reward_regret_per_round,32,0.13699219548272662,0.019327506193419695,0.0975734867159373,0.17641090424951594
heterogeneous,500,joint_predictive_ucb,iid_ucb,fixed_best_reward_regret_per_round,32,0.1369921954827268,0.019327506193419712,0.09757348671593744,0.17641090424951614
heterogeneous,500,joint_predictive_ucb,iid_ucb,correct_selection,32,0.21875,0.08676970585889242,0.04178201816092775,0.39571798183907225
heterogeneous,500,joint_predictive_ucb,iid_ucb,simple_regret,32,0.2817462743659873,0.07789684563634114,0.12287461025880422,0.44061793847317043
heterogeneous,500,joint_predictive_ucb,iid_ucb,mean_squared_error,32,0.3752567947919545,0.010688977569418171,0.3534564813108966,0.39705710827301244
heterogeneous,500,joint_predictive_ucb,ar_state_ucb,oracle_regret_per_round,32,0.18887071506088002,0.025548342288680498,0.13676452742997816,0.24097690269178187
heterogeneous,500,joint_predictive_ucb,ar_state_ucb,mean_pseudo_regret_per_round,32,-0.07893062589761252,0.017183898795200197,-0.11397741855193835,-0.043883833243286686
heterogeneous,500,joint_predictive_ucb,ar_state_ucb,stationary_mean_reward_regret_per_round,32,0.18887071506087988,0.02554834228868065,0.13676452742997772,0.24097690269178204
heterogeneous,500,joint_predictive_ucb,ar_state_ucb,fixed_best_reward_regret_per_round,32,0.1888707150608799,0.025548342288680612,0.13676452742997783,0.24097690269178199
heterogeneous,500,joint_predictive_ucb,ar_state_ucb,correct_selection,32,0.125,0.09786017015735159,-0.07458713290255903,0.32458713290255903
heterogeneous,500,joint_predictive_ucb,ar_state_ucb,simple_regret,32,0.2621589986312446,0.07473711846740262,0.10973164057205564,0.41458635669043353
heterogeneous,500,joint_predictive_ucb,ar_state_ucb,mean_squared_error,32,0.3175545712698129,0.01052182256039273,0.29609517267729485,0.33901396986233095
heterogeneous,500,joint_predictive_ucb,joint_state_ucb,oracle_regret_per_round,32,0.049178635347388096,0.03335122751991125,-0.018841641633296817,0.117198912328073
heterogeneous,500,joint_predictive_ucb,joint_state_ucb,mean_pseudo_regret_per_round,32,-0.20001683867383743,0.020473455593639407,-0.24177272665126476,-0.1582609506964101
heterogeneous,500,joint_predictive_ucb,joint_state_ucb,stationary_mean_reward_regret_per_round,32,0.04917863534738795,0.033351227519911375,-0.018841641633297213,0.11719891232807311
heterogeneous,500,joint_predictive_ucb,joint_state_ucb,fixed_best_reward_regret_per_round,32,0.049178635347388124,0.033351227519911326,-0.018841641633296942,0.1171989123280732
heterogeneous,500,joint_predictive_ucb,joint_state_ucb,correct_selection,32,-0.28125,0.09239613829034057,-0.4696931664382516,-0.0928068335617484
heterogeneous,500,joint_predictive_ucb,joint_state_ucb,simple_regret,32,-0.10802680077389976,0.06735817241547103,-0.2454046991399405,0.029351097592140996
heterogeneous,500,joint_predictive_ucb,joint_state_ucb,mean_squared_error,32,-0.007902039472739202,0.0035076695809174666,-0.015055978748536026,-0.0007481001969423763
heterogeneous,500,joint_predictive_ts,joint_state_ts,oracle_regret_per_round,32,0.23594719240913692,0.022704756152767736,0.18964053693841554,0.2822538478798583
heterogeneous,500,joint_predictive_ts,joint_state_ts,mean_pseudo_regret_per_round,32,0.01975144724657897,0.00915296954721209,0.001083842780583072,0.03841905171257487
heterogeneous,500,joint_predictive_ts,joint_state_ts,stationary_mean_reward_regret_per_round,32,0.23594719240913686,0.022704756152767694,0.1896405369384156,0.28225384787985813
heterogeneous,500,joint_predictive_ts,joint_state_ts,fixed_best_reward_regret_per_round,32,0.235947192409137,0.0227047561527677,0.1896405369384157,0.2822538478798583
heterogeneous,500,joint_predictive_ts,joint_state_ts,correct_selection,32,-0.1875,0.1047029207467644,-0.4010430147400034,0.026043014740003423
heterogeneous,500,joint_predictive_ts,joint_state_ts,simple_regret,32,-0.10760610202249164,0.0703335301134085,-0.25105228242131494,0.035840078376331644
heterogeneous,500,joint_predictive_ts,joint_state_ts,mean_squared_error,32,-0.006451118334231306,0.005763298006993595,-0.01820544211508436,0.005303205446621748
heterogeneous,500,joint_predictive_ucb,joint_mean_ucb,oracle_regret_per_round,32,-0.05386500123607607,0.0316144300108984,-0.11834305634346148,0.010613053871309341
heterogeneous,500,joint_predictive_ucb,joint_mean_ucb,mean_pseudo_regret_per_round,32,-0.035806013615545126,0.026897790726342248,-0.09066441948027673,0.019052392249186485
heterogeneous,500,joint_predictive_ucb,joint_mean_ucb,stationary_mean_reward_regret_per_round,32,-0.053865001236076196,0.03161443001089844,-0.11834305634346169,0.0106130538713093
heterogeneous,500,joint_predictive_ucb,joint_mean_ucb,fixed_best_reward_regret_per_round,32,-0.053865001236076064,0.03161443001089844,-0.11834305634346157,0.010613053871309432
heterogeneous,500,joint_predictive_ucb,joint_mean_ucb,correct_selection,32,0.15625,0.10149462682424892,-0.050749656145041205,0.36324965614504123
heterogeneous,500,joint_predictive_ucb,joint_mean_ucb,simple_regret,32,0.10408708729474511,0.0731174815877494,-0.04503699957011156,0.2532111741596018
heterogeneous,500,joint_predictive_ucb,joint_mean_ucb,mean_squared_error,32,-0.00019895713555220318,0.0033293878250113566,-0.006989288372931356,0.0065913741018269485
heterogeneous,500,joint_mean_ucb,iid_ucb,oracle_regret_per_round,32,0.19085719671880275,0.03535381934678121,0.118752606779573,0.2629617866580325
heterogeneous,500,joint_mean_ucb,iid_ucb,mean_pseudo_regret_per_round,32,0.047448873143812624,0.027077309897157273,-0.007775664483682165,0.10267341077130741
heterogeneous,500,joint_mean_ucb,iid_ucb,stationary_mean_reward_regret_per_round,32,0.1908571967188028,0.035353819346781216,0.11875260677957304,0.26296178665803255
heterogeneous,500,joint_mean_ucb,iid_ucb,fixed_best_reward_regret_per_round,32,0.19085719671880286,0.03535381934678125,0.11875260677957303,0.2629617866580327
heterogeneous,500,joint_mean_ucb,iid_ucb,correct_selection,32,0.0625,0.0625,-0.06496959039977548,0.18996959039977548
heterogeneous,500,joint_mean_ucb,iid_ucb,simple_regret,32,0.17765918707124223,0.067083296011686,0.04084190282681813,0.31447647131566636
heterogeneous,500,joint_mean_ucb,iid_ucb,mean_squared_error,32,0.3754557519275067,0.011170055743631118,0.3526742730413736,0.39823723081363976
heterogeneous,500,joint_mean_ts,iid_ts,oracle_regret_per_round,32,-0.0808018860597072,0.02360835229357192,-0.1289514380097106,-0.0326523341097038
heterogeneous,500,joint_mean_ts,iid_ts,mean_pseudo_regret_per_round,32,0.026131242040430103,0.00981394386883035,0.0061155715577710205,0.04614691252308918
heterogeneous,500,joint_mean_ts,iid_ts,stationary_mean_reward_regret_per_round,32,-0.08080188605970715,0.023608352293572,-0.1289514380097107,-0.03265233410970358
heterogeneous,500,joint_mean_ts,iid_ts,fixed_best_reward_regret_per_round,32,-0.08080188605970734,0.023608352293571944,-0.1289514380097108,-0.03265233410970389
heterogeneous,500,joint_mean_ts,iid_ts,correct_selection,32,0.28125,0.10272864937896246,0.07173353826146409,0.4907664617385359
heterogeneous,500,joint_mean_ts,iid_ts,simple_regret,32,0.3003674388936276,0.07857333389183543,0.14011606789303466,0.46061880989422055
heterogeneous,500,joint_mean_ts,iid_ts,mean_squared_error,32,0.3270992290983348,0.014820169293563917,0.29687329454624,0.35732516365042954
heterogeneous,500,joint_lucb,round_robin,oracle_regret_per_round,32,0.6090683435272088,0.027286134509767974,0.553417905294356,0.6647187817600617
heterogeneous,500,joint_lucb,round_robin,mean_pseudo_regret_per_round,32,0.23585556961429208,0.020142882260214386,0.19477389039540516,0.276937248833179
heterogeneous,500,joint_lucb,round_robin,stationary_mean_reward_regret_per_round,32,0.6090683435272082,0.02728613450976796,0.5534179052943554,0.6647187817600609
heterogeneous,500,joint_lucb,round_robin,fixed_best_reward_regret_per_round,32,0.6090683435272084,0.027286134509767985,0.5534179052943555,0.6647187817600613
heterogeneous,500,joint_lucb,round_robin,correct_selection,32,-0.0625,0.12650306001654024,-0.3205046919140256,0.19550469191402559
heterogeneous,500,joint_lucb,round_robin,simple_regret,32,-0.010314375263401024,0.07580679596229063,-0.16492335495672167,0.14429460442991965
heterogeneous,500,joint_lucb,round_robin,mean_squared_error,32,-0.01949229701392407,0.005157279770105955,-0.03001063845188334,-0.008973955575964799
heterogeneous,500,joint_tt_ts,round_robin,oracle_regret_per_round,32,0.22680403063959093,0.015190296187975351,0.1958232173094711,0.25778484396971074
heterogeneous,500,joint_tt_ts,round_robin,mean_pseudo_regret_per_round,32,0.10158251005652835,0.005643241809044859,0.09007304250571498,0.11309197760734173
heterogeneous,500,joint_tt_ts,round_robin,stationary_mean_reward_regret_per_round,32,0.22680403063959048,0.015190296187975292,0.19582321730947078,0.2577848439697102
heterogeneous,500,joint_tt_ts,round_robin,fixed_best_reward_regret_per_round,32,0.22680403063959054,0.015190296187975268,0.1958232173094709,0.2577848439697102
heterogeneous,500,joint_tt_ts,round_robin,correct_selection,32,-0.03125,0.11433869289767302,-0.2644453016081936,0.20194530160819357
heterogeneous,500,joint_tt_ts,round_robin,simple_regret,32,0.0023054076437472315,0.077708984988781,-0.1561831121466882,0.16079392743418267
heterogeneous,500,joint_tt_ts,round_robin,mean_squared_error,32,-0.02926356379773711,0.005833242120605301,-0.041160539538797516,-0.0173665880566767
heterogeneous,500,joint_lucb,joint_mean_ucb,oracle_regret_per_round,32,-0.21362474178199412,0.02637484981755252,-0.2674166026315783,-0.1598328809324099
heterogeneous,500,joint_lucb,joint_mean_ucb,mean_pseudo_regret_per_round,32,0.03066227972485191,0.028613198082338146,-0.02769472250848065,0.08901928195818447
heterogeneous,500,joint_lucb,joint_mean_ucb,stationary_mean_reward_regret_per_round,32,-0.21362474178199414,0.026374849817552472,-0.26741660263157824,-0.15983288093241005
heterogeneous,500,joint_lucb,joint_mean_ucb,fixed_best_reward_regret_per_round,32,-0.21362474178199395,0.02637484981755245,-0.267416602631578,-0.15983288093240988
heterogeneous,500,joint_lucb,joint_mean_ucb,correct_selection,32,0.28125,0.09239613829034057,0.0928068335617484,0.4696931664382516
heterogeneous,500,joint_lucb,joint_mean_ucb,simple_regret,32,0.1738927704410998,0.05511514926153832,0.061484682422047354,0.28630085846015224
heterogeneous,500,joint_lucb,joint_mean_ucb,mean_squared_error,32,0.012351996328024757,0.0031965876614729796,0.005832512809865767,0.018871479846183748
heterogeneous,500,joint_tt_ts,joint_mean_ts,oracle_regret_per_round,32,-0.1143915260477418,0.0200285870160738,-0.15524009857934482,-0.07354295351613879
heterogeneous,500,joint_tt_ts,joint_mean_ts,mean_pseudo_regret_per_round,32,-0.050740715609440795,0.011338335638413934,-0.07386540360374161,-0.02761602761513998
heterogeneous,500,joint_tt_ts,joint_mean_ts,stationary_mean_reward_regret_per_round,32,-0.11439152604774201,0.02002858701607372,-0.15524009857934487,-0.07354295351613915
heterogeneous,500,joint_tt_ts,joint_mean_ts,fixed_best_reward_regret_per_round,32,-0.11439152604774178,0.020028587016073723,-0.15524009857934465,-0.0735429535161389
heterogeneous,500,joint_tt_ts,joint_mean_ts,correct_selection,32,0.0625,0.09977292767466629,-0.14098822757881818,0.2659882275788182
heterogeneous,500,joint_tt_ts,joint_mean_ts,simple_regret,32,0.038007602231972984,0.06589574300662689,-0.09638765169032461,0.1724028561542706
heterogeneous,500,joint_tt_ts,joint_mean_ts,mean_squared_error,32,0.0031485165951676045,0.005077581846080114,-0.0072072798550910835,0.013504313045426293
heterogeneous,500,joint_predictive_ucb,joint_predictive_ts,oracle_regret_per_round,32,0.2832148853049556,0.01854281177470772,0.24539657135644155,0.3210331992534696
heterogeneous,500,joint_predictive_ucb,joint_predictive_ts,mean_pseudo_regret_per_round,32,0.05481746814526021,0.00950662446701419,0.03542857971494369,0.07420635657557673
heterogeneous,500,joint_predictive_ucb,joint_predictive_ts,stationary_mean_reward_regret_per_round,32,0.2832148853049556,0.01854281177470778,0.24539657135644144,0.32103319925346974
heterogeneous,500,joint_predictive_ucb,joint_predictive_ts,fixed_best_reward_regret_per_round,32,0.2832148853049554,0.018542811774707752,0.24539657135644133,0.3210331992534695
heterogeneous,500,joint_predictive_ucb,joint_predictive_ts,correct_selection,32,0.0625,0.09977292767466629,-0.14098822757881818,0.2659882275788182
heterogeneous,500,joint_predictive_ucb,joint_predictive_ts,simple_regret,32,0.048070842014907786,0.07042037596707476,-0.09555246167023161,0.19169414570004717
heterogeneous,500,joint_predictive_ucb,joint_predictive_ts,mean_squared_error,32,-0.001404409059788531,0.003916689429794925,-0.009392549817213958,0.006583731697636897
heterogeneous,1000,joint_state_ucb,iid_ucb,oracle_regret_per_round,32,0.07029785589733034,0.03408480825630501,0.0007814311407529639,0.13981428065390772
heterogeneous,1000,joint_state_ucb,iid_ucb,mean_pseudo_regret_per_round,32,0.3075213441507433,0.023575655595986494,0.2594384775551181,0.35560421074636844
heterogeneous,1000,joint_state_ucb,iid_ucb,stationary_mean_reward_regret_per_round,32,0.07029785589733008,0.03408480825630502,0.0007814311407526864,0.13981428065390747
heterogeneous,1000,joint_state_ucb,iid_ucb,fixed_best_reward_regret_per_round,32,0.07029785589733026,0.034084808256305,0.0007814311407529223,0.1398142806539076
heterogeneous,1000,joint_state_ucb,iid_ucb,correct_selection,32,0.46875,0.08962708359030336,0.2859543578562815,0.6515456421437185
heterogeneous,1000,joint_state_ucb,iid_ucb,simple_regret,32,0.4564407947759832,0.06275688955890024,0.32844727466659185,0.5844343148853746
heterogeneous,1000,joint_state_ucb,iid_ucb,mean_squared_error,32,0.3359488152583169,0.01169052245811784,0.31210583750958637,0.3597917930070474
heterogeneous,1000,joint_state_ucb,ar_state_ucb,oracle_regret_per_round,32,0.07812570019683579,0.021383823698293378,0.03451310422879628,0.1217382961648753
heterogeneous,1000,joint_state_ucb,ar_state_ucb,mean_pseudo_regret_per_round,32,0.12118618014232688,0.017679506371215035,0.08512858917258284,0.1572437711120709
heterogeneous,1000,joint_state_ucb,ar_state_ucb,stationary_mean_reward_regret_per_round,32,0.07812570019683576,0.021383823698293412,0.034513104228796186,0.12173829616487533
heterogeneous,1000,joint_state_ucb,ar_state_ucb,fixed_best_reward_regret_per_round,32,0.07812570019683586,0.021383823698293378,0.03451310422879635,0.12173829616487536
heterogeneous,1000,joint_state_ucb,ar_state_ucb,correct_selection,32,0.0625,0.11826620464566504,-0.17870551462910314,0.3037055146291031
heterogeneous,1000,joint_state_ucb,ar_state_ucb,simple_regret,32,0.17159801736704083,0.07083966209123078,0.027119573993797774,0.3160764607402839
heterogeneous,1000,joint_state_ucb,ar_state_ucb,mean_squared_error,32,0.2860039134458604,0.010888880019403043,0.2637958962300907,0.3082119306616301
heterogeneous,1000,joint_state_ucb,joint_mean_ucb,oracle_regret_per_round,32,0.012094274642821583,0.021859030882245053,-0.03248751276671154,0.0566760620523547
heterogeneous,1000,joint_state_ucb,joint_mean_ucb,mean_pseudo_regret_per_round,32,0.2264479031605295,0.029537230774496635,0.16620632382662984,0.28668948249442916
heterogeneous,1000,joint_state_ucb,joint_mean_ucb,stationary_mean_reward_regret_per_round,32,0.012094274642820976,0.021859030882244928,-0.032487512766711885,0.05667606205235384
heterogeneous,1000,joint_state_ucb,joint_mean_ucb,fixed_best_reward_regret_per_round,32,0.012094274642821192,0.02185903088224492,-0.032487512766711656,0.056676062052354044
heterogeneous,1000,joint_state_ucb,joint_mean_ucb,correct_selection,32,0.34375,0.08530513305661301,0.16976903408440308,0.5177309659155969
heterogeneous,1000,joint_state_ucb,joint_mean_ucb,simple_regret,32,0.20445380952231135,0.05782661674994276,0.08651564710119135,0.32239197194343133
heterogeneous,1000,joint_state_ucb,joint_mean_ucb,mean_squared_error,32,0.00483872149661395,0.002996308963898505,-0.001272290924815139,0.01094973391804304
heterogeneous,1000,joint_predictive_ucb,iid_ucb,oracle_regret_per_round,32,0.10050984899602455,0.022190375122625113,0.0552522805528503,0.1457674174391988
heterogeneous,1000,joint_predictive_ucb,iid_ucb,mean_pseudo_regret_per_round,32,0.004867997354290892,0.016662056297662813,-0.029114490509406357,0.038850485217988145
heterogeneous,1000,joint_predictive_ucb,iid_ucb,stationary_mean_reward_regret_per_round,32,0.10050984899602464,0.02219037512262516,0.055252280552850294,0.14576741743919897
heterogeneous,1000,joint_predictive_ucb,iid_ucb,fixed_best_reward_regret_per_round,32,0.10050984899602482,0.022190375122625148,0.055252280552850495,0.14576741743919913
heterogeneous,1000,joint_predictive_ucb,iid_ucb,correct_selection,32,0.25,0.07777137710478188,0.09138423065003162,0.40861576934996835
heterogeneous,1000,joint_predictive_ucb,iid_ucb,simple_regret,32,0.34001328342220566,0.07187383915606445,0.19342562201927957,0.4866009448251317
heterogeneous,1000,joint_predictive_ucb,iid_ucb,mean_squared_error,32,0.3359523179501439,0.012042988186577565,0.3113904816088259,0.36051415429146194
heterogeneous,1000,joint_predictive_ucb,ar_state_ucb,oracle_regret_per_round,32,0.10833769329553,0.01985021707974493,0.06785290864750258,0.1488224779435574
heterogeneous,1000,joint_predictive_ucb,ar_state_ucb,mean_pseudo_regret_per_round,32,-0.18146716665412554,0.017726035070529028,-0.2176196535317638,-0.1453146797764873
heterogeneous,1000,joint_predictive_ucb,ar_state_ucb,stationary_mean_reward_regret_per_round,32,0.10833769329553034,0.019850217079744884,0.06785290864750301,0.14882247794355766
heterogeneous,1000,joint_predictive_ucb,ar_state_ucb,fixed_best_reward_regret_per_round,32,0.10833769329553042,0.01985021707974492,0.06785290864750301,0.14882247794355782
heterogeneous,1000,joint_predictive_ucb,ar_state_ucb,correct_selection,32,-0.15625,0.11098327940032954,-0.38260189066214156,0.07010189066214154
heterogeneous,1000,joint_predictive_ucb,ar_state_ucb,simple_regret,32,0.055170506013263315,0.06446041877529968,-0.07629738483930384,0.18663839686583047
heterogeneous,1000,joint_predictive_ucb,ar_state_ucb,mean_squared_error,32,0.28600741613768743,0.011518470290741373,0.26251534109780283,0.30949949117757203
heterogeneous,1000,joint_predictive_ucb,joint_state_ucb,oracle_regret_per_round,32,0.030211993098694212,0.02932126758047226,-0.029589126397066026,0.09001311259445445
heterogeneous,1000,joint_predictive_ucb,joint_state_ucb,mean_pseudo_regret_per_round,32,-0.3026533467964524,0.01789138447494115,-0.3391430660077428,-0.266163627585162
heterogeneous,1000,joint_predictive_ucb,joint_state_ucb,stationary_mean_reward_regret_per_round,32,0.030211993098694566,0.029321267580472175,-0.0295891263970655,0.09001311259445463
heterogeneous,1000,joint_predictive_ucb,joint_state_ucb,fixed_best_reward_regret_per_round,32,0.030211993098694552,0.02932126758047212,-0.0295891263970654,0.0900131125944545
heterogeneous,1000,joint_predictive_ucb,joint_state_ucb,correct_selection,32,-0.21875,0.09769908334829336,-0.4180085941894477,-0.01949140581055231
heterogeneous,1000,joint_predictive_ucb,joint_state_ucb,simple_regret,32,-0.11642751135377749,0.0532595115951226,-0.2250510014005354,-0.007804021307019557
heterogeneous,1000,joint_predictive_ucb,joint_state_ucb,mean_squared_error,32,3.502691826984001e-06,0.0043308623139930395,-0.008829349232053281,0.008836354615707248
heterogeneous,1000,joint_predictive_ts,joint_state_ts,oracle_regret_per_round,32,0.32692946047551563,0.020067254849301906,0.28600202437810085,0.3678568965729304
heterogeneous,1000,joint_predictive_ts,joint_state_ts,mean_pseudo_regret_per_round,32,0.029006095427894254,0.007553552408640102,0.013600523722412793,0.044411667133375715
heterogeneous,1000,joint_predictive_ts,joint_state_ts,stationary_mean_reward_regret_per_round,32,0.3269294604755163,0.02006725484930188,0.2860020243781016,0.36785689657293097
heterogeneous,1000,joint_predictive_ts,joint_state_ts,fixed_best_reward_regret_per_round,32,0.32692946047551635,0.020067254849301913,0.28600202437810157,0.36785689657293114
heterogeneous,1000,joint_predictive_ts,joint_state_ts,correct_selection,32,-0.15625,0.10149462682424892,-0.36324965614504123,0.050749656145041205
heterogeneous,1000,joint_predictive_ts,joint_state_ts,simple_regret,32,-0.10803563824822383,0.052088285371400325,-0.2142703966629281,-0.0018008798335195642
heterogeneous,1000,joint_predictive_ts,joint_state_ts,mean_squared_error,32,-0.016827759809764094,0.0052168857259303454,-0.02746766839611252,-0.006187851223415669
heterogeneous,1000,joint_predictive_ucb,joint_mean_ucb,oracle_regret_per_round,32,0.042306267741515795,0.029893922749216185,-0.018662789671046086,0.10327532515407767
heterogeneous,1000,joint_predictive_ucb,joint_mean_ucb,mean_pseudo_regret_per_round,32,-0.0762054436359229,0.026648694760181262,-0.13055581492822607,-0.02185507234361972
heterogeneous,1000,joint_predictive_ucb,joint_mean_ucb,stationary_mean_reward_regret_per_round,32,0.04230626774151554,0.02989392274921614,-0.018662789671046245,0.10327532515407732
heterogeneous,1000,joint_predictive_ucb,joint_mean_ucb,fixed_best_reward_regret_per_round,32,0.04230626774151574,0.029893922749216165,-0.0186627896710461,0.10327532515407759
heterogeneous,1000,joint_predictive_ucb,joint_mean_ucb,correct_selection,32,0.125,0.07446042464765881,-0.02686303729328665,0.27686303729328665
heterogeneous,1000,joint_predictive_ucb,joint_mean_ucb,simple_regret,32,0.08802629816853384,0.06916068771724908,-0.05302785439281853,0.2290804507298862
heterogeneous,1000,joint_predictive_ucb,joint_mean_ucb,mean_squared_error,32,0.004842224188440934,0.004195910079478712,-0.0037153908385261208,0.013399839215407989
heterogeneous,1000,joint_mean_ucb,iid_ucb,oracle_regret_per_round,32,0.05820358125450876,0.03373888757573707,-0.010607333622663702,0.12701449613168123
heterogeneous,1000,joint_mean_ucb,iid_ucb,mean_pseudo_regret_per_round,32,0.0810734409902138,0.022075855091490345,0.03604943769042064,0.12609744429000697
heterogeneous,1000,joint_mean_ucb,iid_ucb,stationary_mean_reward_regret_per_round,32,0.0582035812545091,0.03373888757573713,-0.010607333622663473,0.12701449613168167
heterogeneous,1000,joint_mean_ucb,iid_ucb,fixed_best_reward_regret_per_round,32,0.05820358125450908,0.033738887575737134,-0.010607333622663508,0.12701449613168167
heterogeneous,1000,joint_mean_ucb,iid_ucb,correct_selection,32,0.125,0.059398870413936426,0.0038552050900188956,0.2461447949099811
heterogeneous,1000,joint_mean_ucb,iid_ucb,simple_regret,32,0.2519869852536718,0.05399347416826194,0.14186656866984448,0.3621074018374991
heterogeneous,1000,joint_mean_ucb,iid_ucb,mean_squared_error,32,0.331110093761703,0.011930228500148198,0.3067782323170691,0.35544195520633687
heterogeneous,1000,joint_mean_ts,iid_ts,oracle_regret_per_round,32,-0.09685687544638713,0.016358181540571923,-0.13021960665697707,-0.06349414423579719
heterogeneous,1000,joint_mean_ts,iid_ts,mean_pseudo_regret_per_round,32,0.044549275678117686,0.013365402171996662,0.01729035823183474,0.07180819312440063
heterogeneous,1000,joint_mean_ts,iid_ts,stationary_mean_reward_regret_per_round,32,-0.09685687544638757,0.01635818154057189,-0.13021960665697746,-0.0634941442357977
heterogeneous,1000,joint_mean_ts,iid_ts,fixed_best_reward_regret_per_round,32,-0.09685687544638748,0.016358181540571882,-0.13021960665697735,-0.06349414423579762
heterogeneous,1000,joint_mean_ts,iid_ts,correct_selection,32,0.3125,0.11392467092408602,0.08014910177404069,0.5448508982259593
heterogeneous,1000,joint_mean_ts,iid_ts,simple_regret,32,0.24668261080314602,0.06497830857300982,0.11415847674439752,0.37920674486189454
heterogeneous,1000,joint_mean_ts,iid_ts,mean_squared_error,32,0.24000600150253262,0.014614035393355667,0.21020047981167073,0.2698115231933945
heterogeneous,1000,joint_lucb,round_robin,oracle_regret_per_round,32,0.6986780592857069,0.023138316426360113,0.6514871518071705,0.7458689667642433
heterogeneous,1000,joint_lucb,round_robin,mean_pseudo_regret_per_round,32,0.30512981461563526,0.024695986511058945,0.25476201805430626,0.35549761117696427
heterogeneous,1000,joint_lucb,round_robin,stationary_mean_reward_regret_per_round,32,0.6986780592857078,0.023138316426360255,0.6514871518071712,0.7458689667642444
heterogeneous,1000,joint_lucb,round_robin,fixed_best_reward_regret_per_round,32,0.6986780592857078,0.023138316426360238,0.6514871518071712,0.7458689667642444
heterogeneous,1000,joint_lucb,round_robin,correct_selection,32,0.03125,0.12283918644230127,-0.21928217249346876,0.28178217249346876
heterogeneous,1000,joint_lucb,round_robin,simple_regret,32,0.10551177116693881,0.06927170576145462,-0.03576880418836341,0.24679234652224102
heterogeneous,1000,joint_lucb,round_robin,mean_squared_error,32,-0.06034120885989677,0.004746753099351039,-0.07002227563274704,-0.05066014208704651
heterogeneous,1000,joint_tt_ts,round_robin,oracle_regret_per_round,32,0.30484907237834613,0.016980646367826143,0.2702168157826624,0.3394813289740299
heterogeneous,1000,joint_tt_ts,round_robin,mean_pseudo_regret_per_round,32,0.15943787640234894,0.007937778361634912,0.1432486706992801,0.17562708210541778
heterogeneous,1000,joint_tt_ts,round_robin,stationary_mean_reward_regret_per_round,32,0.30484907237834696,0.01698064636782615,0.2702168157826632,0.3394813289740307
heterogeneous,1000,joint_tt_ts,round_robin,fixed_best_reward_regret_per_round,32,0.304849072378347,0.016980646367826095,0.2702168157826634,0.33948132897403066
heterogeneous,1000,joint_tt_ts,round_robin,correct_selection,32,0.1875,0.12245390837951786,-0.06224639270382043,0.43724639270382043
heterogeneous,1000,joint_tt_ts,round_robin,simple_regret,32,0.21202050640507564,0.06820814432669077,0.07290907889704296,0.3511319339131083
heterogeneous,1000,joint_tt_ts,round_robin,mean_squared_error,32,-0.05473950125146536,0.004971222731934734,-0.06487837685827773,-0.04460062564465298
heterogeneous,1000,joint_lucb,joint_mean_ucb,oracle_regret_per_round,32,-0.1580056965085259,0.022263187459025478,-0.20341176669085223,-0.11259962632619955
heterogeneous,1000,joint_lucb,joint_mean_ucb,mean_pseudo_regret_per_round,32,0.018399041013879583,0.026649412723334157,-0.03595279457392794,0.07275087660168711
heterogeneous,1000,joint_lucb,joint_mean_ucb,stationary_mean_reward_regret_per_round,32,-0.15800569650852586,0.022263187459025457,-0.20341176669085215,-0.11259962632619958
heterogeneous,1000,joint_lucb,joint_mean_ucb,fixed_best_reward_regret_per_round,32,-0.15800569650852567,0.022263187459025488,-0.20341176669085204,-0.11259962632619931
heterogeneous,1000,joint_lucb,joint_mean_ucb,correct_selection,32,0.28125,0.10272864937896246,0.07173353826146409,0.4907664617385359
heterogeneous,1000,joint_lucb,joint_mean_ucb,simple_regret,32,0.13370344030176884,0.06159657228463754,0.00807640287532227,0.2593304777282154
heterogeneous,1000,joint_lucb,joint_mean_ucb,mean_squared_error,32,0.012019671690485503,0.003988992321982132,0.003884068212230916,0.02015527516874009
heterogeneous,1000,joint_tt_ts,joint_mean_ts,oracle_regret_per_round,32,-0.125770995628564,0.01991878997533015,-0.16639563561919582,-0.08514635563793219
heterogeneous,1000,joint_tt_ts,joint_mean_ts,mean_pseudo_regret_per_round,32,-0.07016602483493083,0.01186995808804229,-0.09437496396365487,-0.04595708570620678
heterogeneous,1000,joint_tt_ts,joint_mean_ts,stationary_mean_reward_regret_per_round,32,-0.12577099562856323,0.019918789975330135,-0.16639563561919501,-0.08514635563793144
heterogeneous,1000,joint_tt_ts,joint_mean_ts,fixed_best_reward_regret_per_round,32,-0.12577099562856306,0.01991878997533011,-0.1663956356191948,-0.08514635563793133
heterogeneous,1000,joint_tt_ts,joint_mean_ts,correct_selection,32,0.09375,0.11323127025921825,-0.1371866982462213,0.3246866982462213
heterogeneous,1000,joint_tt_ts,joint_mean_ts,simple_regret,32,0.026866413326804665,0.045444595547479816,-0.06581845035832673,0.11955127701193607
heterogeneous,1000,joint_tt_ts,joint_mean_ts,mean_squared_error,32,0.015107127932029653,0.005944462121072817,0.002983317504507532,0.027230938359551773
heterogeneous,1000,joint_predictive_ucb,joint_predictive_ts,oracle_regret_per_round,32,0.27998186440888573,0.014722360858454476,0.24995541147536765,0.3100083173424038
heterogeneous,1000,joint_predictive_ucb,joint_predictive_ts,mean_pseudo_regret_per_round,32,0.05836374228432367,0.01107528419693072,0.03577555124202183,0.08095193332662551
heterogeneous,1000,joint_predictive_ucb,joint_predictive_ts,stationary_mean_reward_regret_per_round,32,0.2799818644088856,0.01472236085845452,0.24995541147536746,0.31000831734240375
heterogeneous,1000,joint_predictive_ucb,joint_predictive_ts,fixed_best_reward_regret_per_round,32,0.27998186440888556,0.01472236085845448,0.24995541147536748,0.31000831734240364
heterogeneous,1000,joint_predictive_ucb,joint_predictive_ts,correct_selection,32,-0.09375,0.11323127025921825,-0.3246866982462213,0.1371866982462213
heterogeneous,1000,joint_predictive_ucb,joint_predictive_ts,simple_regret,32,-0.03421386424334644,0.055171695391521725,-0.14673727885484172,0.07830955036814884
heterogeneous,1000,joint_predictive_ucb,joint_predictive_ts,mean_squared_error,32,-0.010539447697639082,0.005842691682379051,-0.02245569594699961,0.001376800551721442
no_spatial,100,joint_state_ucb,iid_ucb,oracle_regret_per_round,32,0.0,0.0,0.0,0.0
no_spatial,100,joint_state_ucb,iid_ucb,mean_pseudo_regret_per_round,32,0.0,0.0,0.0,0.0
no_spatial,100,joint_state_ucb,iid_ucb,stationary_mean_reward_regret_per_round,32,0.0,0.0,0.0,0.0
no_spatial,100,joint_state_ucb,iid_ucb,fixed_best_reward_regret_per_round,32,0.0,0.0,0.0,0.0
no_spatial,100,joint_state_ucb,iid_ucb,correct_selection,32,0.03125,0.03125,-0.03248479519988774,0.09498479519988774
no_spatial,100,joint_state_ucb,iid_ucb,simple_regret,32,0.052489611749531234,0.041886449798022675,-0.03293836583534411,0.13791758933440657
no_spatial,100,joint_state_ucb,iid_ucb,mean_squared_error,32,0.6832924968694037,0.015674001883326637,0.6513251592695164,0.7152598344692911
no_spatial,100,joint_state_ucb,ar_state_ucb,oracle_regret_per_round,32,0.0,0.0,0.0,0.0
no_spatial,100,joint_state_ucb,ar_state_ucb,mean_pseudo_regret_per_round,32,0.0,0.0,0.0,0.0
no_spatial,100,joint_state_ucb,ar_state_ucb,stationary_mean_reward_regret_per_round,32,0.0,0.0,0.0,0.0
no_spatial,100,joint_state_ucb,ar_state_ucb,fixed_best_reward_regret_per_round,32,0.0,0.0,0.0,0.0
no_spatial,100,joint_state_ucb,ar_state_ucb,correct_selection,32,0.03125,0.03125,-0.03248479519988774,0.09498479519988774
no_spatial,100,joint_state_ucb,ar_state_ucb,simple_regret,32,0.052489611749531234,0.041886449798022675,-0.03293836583534411,0.13791758933440657
no_spatial,100,joint_state_ucb,ar_state_ucb,mean_squared_error,32,0.6832924968694037,0.015674001883326644,0.6513251592695164,0.7152598344692911
no_spatial,100,joint_state_ucb,joint_mean_ucb,oracle_regret_per_round,32,0.0,0.0,0.0,0.0
no_spatial,100,joint_state_ucb,joint_mean_ucb,mean_pseudo_regret_per_round,32,0.0,0.0,0.0,0.0
no_spatial,100,joint_state_ucb,joint_mean_ucb,stationary_mean_reward_regret_per_round,32,0.0,0.0,0.0,0.0
no_spatial,100,joint_state_ucb,joint_mean_ucb,fixed_best_reward_regret_per_round,32,0.0,0.0,0.0,0.0
no_spatial,100,joint_state_ucb,joint_mean_ucb,correct_selection,32,0.0,0.0,0.0,0.0
no_spatial,100,joint_state_ucb,joint_mean_ucb,simple_regret,32,0.0,0.0,0.0,0.0
no_spatial,100,joint_state_ucb,joint_mean_ucb,mean_squared_error,32,0.0,0.0,0.0,0.0
no_spatial,100,joint_predictive_ucb,iid_ucb,oracle_regret_per_round,32,0.0,0.0,0.0,0.0
no_spatial,100,joint_predictive_ucb,iid_ucb,mean_pseudo_regret_per_round,32,0.0,0.0,0.0,0.0
no_spatial,100,joint_predictive_ucb,iid_ucb,stationary_mean_reward_regret_per_round,32,0.0,0.0,0.0,0.0
no_spatial,100,joint_predictive_ucb,iid_ucb,fixed_best_reward_regret_per_round,32,0.0,0.0,0.0,0.0
no_spatial,100,joint_predictive_ucb,iid_ucb,correct_selection,32,0.03125,0.03125,-0.03248479519988774,0.09498479519988774
no_spatial,100,joint_predictive_ucb,iid_ucb,simple_regret,32,0.052489611749531234,0.041886449798022675,-0.03293836583534411,0.13791758933440657
no_spatial,100,joint_predictive_ucb,iid_ucb,mean_squared_error,32,0.6832924968694037,0.015674001883326637,0.6513251592695164,0.7152598344692911
no_spatial,100,joint_predictive_ucb,ar_state_ucb,oracle_regret_per_round,32,0.0,0.0,0.0,0.0
no_spatial,100,joint_predictive_ucb,ar_state_ucb,mean_pseudo_regret_per_round,32,0.0,0.0,0.0,0.0
no_spatial,100,joint_predictive_ucb,ar_state_ucb,stationary_mean_reward_regret_per_round,32,0.0,0.0,0.0,0.0
no_spatial,100,joint_predictive_ucb,ar_state_ucb,fixed_best_reward_regret_per_round,32,0.0,0.0,0.0,0.0
no_spatial,100,joint_predictive_ucb,ar_state_ucb,correct_selection,32,0.03125,0.03125,-0.03248479519988774,0.09498479519988774
no_spatial,100,joint_predictive_ucb,ar_state_ucb,simple_regret,32,0.052489611749531234,0.041886449798022675,-0.03293836583534411,0.13791758933440657
no_spatial,100,joint_predictive_ucb,ar_state_ucb,mean_squared_error,32,0.6832924968694037,0.015674001883326644,0.6513251592695164,0.7152598344692911
no_spatial,100,joint_predictive_ucb,joint_state_ucb,oracle_regret_per_round,32,0.0,0.0,0.0,0.0
no_spatial,100,joint_predictive_ucb,joint_state_ucb,mean_pseudo_regret_per_round,32,0.0,0.0,0.0,0.0
no_spatial,100,joint_predictive_ucb,joint_state_ucb,stationary_mean_reward_regret_per_round,32,0.0,0.0,0.0,0.0
no_spatial,100,joint_predictive_ucb,joint_state_ucb,fixed_best_reward_regret_per_round,32,0.0,0.0,0.0,0.0
no_spatial,100,joint_predictive_ucb,joint_state_ucb,correct_selection,32,0.0,0.0,0.0,0.0
no_spatial,100,joint_predictive_ucb,joint_state_ucb,simple_regret,32,0.0,0.0,0.0,0.0
no_spatial,100,joint_predictive_ucb,joint_state_ucb,mean_squared_error,32,0.0,0.0,0.0,0.0
no_spatial,100,joint_predictive_ts,joint_state_ts,oracle_regret_per_round,32,0.0,0.0,0.0,0.0
no_spatial,100,joint_predictive_ts,joint_state_ts,mean_pseudo_regret_per_round,32,0.0,0.0,0.0,0.0
no_spatial,100,joint_predictive_ts,joint_state_ts,stationary_mean_reward_regret_per_round,32,0.0,0.0,0.0,0.0
no_spatial,100,joint_predictive_ts,joint_state_ts,fixed_best_reward_regret_per_round,32,0.0,0.0,0.0,0.0
no_spatial,100,joint_predictive_ts,joint_state_ts,correct_selection,32,0.0,0.0,0.0,0.0
no_spatial,100,joint_predictive_ts,joint_state_ts,simple_regret,32,0.0,0.0,0.0,0.0
no_spatial,100,joint_predictive_ts,joint_state_ts,mean_squared_error,32,0.0,0.0,0.0,0.0
no_spatial,100,joint_predictive_ucb,joint_mean_ucb,oracle_regret_per_round,32,0.0,0.0,0.0,0.0
no_spatial,100,joint_predictive_ucb,joint_mean_ucb,mean_pseudo_regret_per_round,32,0.0,0.0,0.0,0.0
no_spatial,100,joint_predictive_ucb,joint_mean_ucb,stationary_mean_reward_regret_per_round,32,0.0,0.0,0.0,0.0
no_spatial,100,joint_predictive_ucb,joint_mean_ucb,fixed_best_reward_regret_per_round,32,0.0,0.0,0.0,0.0
no_spatial,100,joint_predictive_ucb,joint_mean_ucb,correct_selection,32,0.0,0.0,0.0,0.0
no_spatial,100,joint_predictive_ucb,joint_mean_ucb,simple_regret,32,0.0,0.0,0.0,0.0
no_spatial,100,joint_predictive_ucb,joint_mean_ucb,mean_squared_error,32,0.0,0.0,0.0,0.0
no_spatial,100,joint_mean_ucb,iid_ucb,oracle_regret_per_round,32,0.0,0.0,0.0,0.0
no_spatial,100,joint_mean_ucb,iid_ucb,mean_pseudo_regret_per_round,32,0.0,0.0,0.0,0.0
no_spatial,100,joint_mean_ucb,iid_ucb,stationary_mean_reward_regret_per_round,32,0.0,0.0,0.0,0.0
no_spatial,100,joint_mean_ucb,iid_ucb,fixed_best_reward_regret_per_round,32,0.0,0.0,0.0,0.0
no_spatial,100,joint_mean_ucb,iid_ucb,correct_selection,32,0.03125,0.03125,-0.03248479519988774,0.09498479519988774
no_spatial,100,joint_mean_ucb,iid_ucb,simple_regret,32,0.052489611749531234,0.041886449798022675,-0.03293836583534411,0.13791758933440657
no_spatial,100,joint_mean_ucb,iid_ucb,mean_squared_error,32,0.6832924968694037,0.015674001883326637,0.6513251592695164,0.7152598344692911
no_spatial,100,joint_mean_ts,iid_ts,oracle_regret_per_round,32,0.0,0.0,0.0,0.0
no_spatial,100,joint_mean_ts,iid_ts,mean_pseudo_regret_per_round,32,0.0,0.0,0.0,0.0
no_spatial,100,joint_mean_ts,iid_ts,stationary_mean_reward_regret_per_round,32,0.0,0.0,0.0,0.0
no_spatial,100,joint_mean_ts,iid_ts,fixed_best_reward_regret_per_round,32,0.0,0.0,0.0,0.0
no_spatial,100,joint_mean_ts,iid_ts,correct_selection,32,0.03125,0.03125,-0.03248479519988774,0.09498479519988774
no_spatial,100,joint_mean_ts,iid_ts,simple_regret,32,0.052489611749531234,0.041886449798022675,-0.03293836583534411,0.13791758933440657
no_spatial,100,joint_mean_ts,iid_ts,mean_squared_error,32,0.6832924968694037,0.015674001883326637,0.6513251592695164,0.7152598344692911
no_spatial,100,joint_lucb,round_robin,oracle_regret_per_round,32,0.0,0.0,0.0,0.0
no_spatial,100,joint_lucb,round_robin,mean_pseudo_regret_per_round,32,0.0,0.0,0.0,0.0
no_spatial,100,joint_lucb,round_robin,stationary_mean_reward_regret_per_round,32,0.0,0.0,0.0,0.0
no_spatial,100,joint_lucb,round_robin,fixed_best_reward_regret_per_round,32,0.0,0.0,0.0,0.0
no_spatial,100,joint_lucb,round_robin,correct_selection,32,0.0,0.0,0.0,0.0
no_spatial,100,joint_lucb,round_robin,simple_regret,32,0.0,0.0,0.0,0.0
no_spatial,100,joint_lucb,round_robin,mean_squared_error,32,0.0,0.0,0.0,0.0
no_spatial,100,joint_tt_ts,round_robin,oracle_regret_per_round,32,0.0,0.0,0.0,0.0
no_spatial,100,joint_tt_ts,round_robin,mean_pseudo_regret_per_round,32,0.0,0.0,0.0,0.0
no_spatial,100,joint_tt_ts,round_robin,stationary_mean_reward_regret_per_round,32,0.0,0.0,0.0,0.0
no_spatial,100,joint_tt_ts,round_robin,fixed_best_reward_regret_per_round,32,0.0,0.0,0.0,0.0
no_spatial,100,joint_tt_ts,round_robin,correct_selection,32,0.0,0.0,0.0,0.0
no_spatial,100,joint_tt_ts,round_robin,simple_regret,32,0.0,0.0,0.0,0.0
no_spatial,100,joint_tt_ts,round_robin,mean_squared_error,32,0.0,0.0,0.0,0.0
no_spatial,100,joint_lucb,joint_mean_ucb,oracle_regret_per_round,32,0.0,0.0,0.0,0.0
no_spatial,100,joint_lucb,joint_mean_ucb,mean_pseudo_regret_per_round,32,0.0,0.0,0.0,0.0
no_spatial,100,joint_lucb,joint_mean_ucb,stationary_mean_reward_regret_per_round,32,0.0,0.0,0.0,0.0
no_spatial,100,joint_lucb,joint_mean_ucb,fixed_best_reward_regret_per_round,32,0.0,0.0,0.0,0.0
no_spatial,100,joint_lucb,joint_mean_ucb,correct_selection,32,0.0,0.0,0.0,0.0
no_spatial,100,joint_lucb,joint_mean_ucb,simple_regret,32,0.0,0.0,0.0,0.0
no_spatial,100,joint_lucb,joint_mean_ucb,mean_squared_error,32,0.0,0.0,0.0,0.0
no_spatial,100,joint_tt_ts,joint_mean_ts,oracle_regret_per_round,32,0.0,0.0,0.0,0.0
no_spatial,100,joint_tt_ts,joint_mean_ts,mean_pseudo_regret_per_round,32,0.0,0.0,0.0,0.0
no_spatial,100,joint_tt_ts,joint_mean_ts,stationary_mean_reward_regret_per_round,32,0.0,0.0,0.0,0.0
no_spatial,100,joint_tt_ts,joint_mean_ts,fixed_best_reward_regret_per_round,32,0.0,0.0,0.0,0.0
no_spatial,100,joint_tt_ts,joint_mean_ts,correct_selection,32,0.0,0.0,0.0,0.0
no_spatial,100,joint_tt_ts,joint_mean_ts,simple_regret,32,0.0,0.0,0.0,0.0
no_spatial,100,joint_tt_ts,joint_mean_ts,mean_squared_error,32,0.0,0.0,0.0,0.0
no_spatial,100,joint_predictive_ucb,joint_predictive_ts,oracle_regret_per_round,32,0.0,0.0,0.0,0.0
no_spatial,100,joint_predictive_ucb,joint_predictive_ts,mean_pseudo_regret_per_round,32,0.0,0.0,0.0,0.0
no_spatial,100,joint_predictive_ucb,joint_predictive_ts,stationary_mean_reward_regret_per_round,32,0.0,0.0,0.0,0.0
no_spatial,100,joint_predictive_ucb,joint_predictive_ts,fixed_best_reward_regret_per_round,32,0.0,0.0,0.0,0.0
no_spatial,100,joint_predictive_ucb,joint_predictive_ts,correct_selection,32,0.0,0.0,0.0,0.0
no_spatial,100,joint_predictive_ucb,joint_predictive_ts,simple_regret,32,0.0,0.0,0.0,0.0
no_spatial,100,joint_predictive_ucb,joint_predictive_ts,mean_squared_error,32,0.0,0.0,0.0,0.0
no_spatial,250,joint_state_ucb,iid_ucb,oracle_regret_per_round,32,0.1924371613853719,0.020765831769452042,0.15008496826596873,0.23478935450477506
no_spatial,250,joint_state_ucb,iid_ucb,mean_pseudo_regret_per_round,32,0.04635101613486903,0.015499598726237363,0.014739376118959292,0.07796265615077877
no_spatial,250,joint_state_ucb,iid_ucb,stationary_mean_reward_regret_per_round,32,0.1924371613853719,0.02076583176945201,0.15008496826596882,0.23478935450477498
no_spatial,250,joint_state_ucb,iid_ucb,fixed_best_reward_regret_per_round,32,0.192437161385372,0.020765831769451994,0.15008496826596895,0.23478935450477506
no_spatial,250,joint_state_ucb,iid_ucb,correct_selection,32,0.03125,0.05470549819038361,-0.08032259915110172,0.14282259915110174
no_spatial,250,joint_state_ucb,iid_ucb,simple_regret,32,0.0042410416236079995,0.0498888714679909,-0.09750798256090153,0.10599006580811753
no_spatial,250,joint_state_ucb,iid_ucb,mean_squared_error,32,0.506381211699872,0.01252167801029178,0.48084308102643575,0.5319193423733084
no_spatial,250,joint_state_ucb,ar_state_ucb,oracle_regret_per_round,32,0.1289916554910358,0.02137976554932081,0.08538733617239333,0.17259597480967828
no_spatial,250,joint_state_ucb,ar_state_ucb,mean_pseudo_regret_per_round,32,0.041124968841579394,0.013563012046160554,0.01346302339979849,0.0687869142833603
no_spatial,250,joint_state_ucb,ar_state_ucb,stationary_mean_reward_regret_per_round,32,0.12899165549103592,0.021379765549320806,0.08538733617239345,0.17259597480967837
no_spatial,250,joint_state_ucb,ar_state_ucb,fixed_best_reward_regret_per_round,32,0.12899165549103603,0.02137976554932081,0.08538733617239355,0.1725959748096785
no_spatial,250,joint_state_ucb,ar_state_ucb,correct_selection,32,0.03125,0.05470549819038361,-0.08032259915110172,0.14282259915110174
no_spatial,250,joint_state_ucb,ar_state_ucb,simple_regret,32,0.08310475533719357,0.055224002405452645,-0.029525340132554673,0.1957348508069418
no_spatial,250,joint_state_ucb,ar_state_ucb,mean_squared_error,32,0.46658260117745076,0.013897162577556407,0.4382391512337675,0.494926051121134
no_spatial,250,joint_state_ucb,joint_mean_ucb,oracle_regret_per_round,32,0.06908608916665118,0.03849757334619394,-0.009430229326543305,0.14760240765984567
no_spatial,250,joint_state_ucb,joint_mean_ucb,mean_pseudo_regret_per_round,32,0.030027152059242647,0.022383134294101055,-0.01562355130607302,0.07567785542455832
no_spatial,250,joint_state_ucb,joint_mean_ucb,stationary_mean_reward_regret_per_round,32,0.06908608916665113,0.03849757334619394,-0.00943022932654336,0.1476024076598456
no_spatial,250,joint_state_ucb,joint_mean_ucb,fixed_best_reward_regret_per_round,32,0.06908608916665115,0.03849757334619397,-0.009430229326543402,0.14760240765984572
no_spatial,250,joint_state_ucb,joint_mean_ucb,correct_selection,32,0.03125,0.05470549819038361,-0.08032259915110172,0.14282259915110174
no_spatial,250,joint_state_ucb,joint_mean_ucb,simple_regret,32,0.11300809245258646,0.055482745221852536,-0.0001497124703678382,0.22616589737554077
no_spatial,250,joint_state_ucb,joint_mean_ucb,mean_squared_error,32,0.0006266866882581484,0.0026116277192725678,-0.004699763162179836,0.005953136538696132
no_spatial,250,joint_predictive_ucb,iid_ucb,oracle_regret_per_round,32,0.06104118247311032,0.016746205401946223,0.02688707137972484,0.09519529356649581
no_spatial,250,joint_predictive_ucb,iid_ucb,mean_pseudo_regret_per_round,32,0.018507308619362364,0.007710059858822097,0.002782537864773508,0.034232079373951216
no_spatial,250,joint_predictive_ucb,iid_ucb,stationary_mean_reward_regret_per_round,32,0.061041182473110314,0.016746205401946213,0.026887071379724854,0.09519529356649578
no_spatial,250,joint_predictive_ucb,iid_ucb,fixed_best_reward_regret_per_round,32,0.06104118247311034,0.016746205401946216,0.026887071379724875,0.09519529356649581
no_spatial,250,joint_predictive_ucb,iid_ucb,correct_selection,32,0.0,0.04490132550669372,-0.09157685713192384,0.09157685713192384
no_spatial,250,joint_predictive_ucb,iid_ucb,simple_regret,32,0.04728600280024925,0.05055030118858357,-0.05581201619325525,0.15038402179375376
no_spatial,250,joint_predictive_ucb,iid_ucb,mean_squared_error,32,0.506526087808053,0.012220218322232178,0.4816027882219607,0.5314493873941453
no_spatial,250,joint_predictive_ucb,ar_state_ucb,oracle_regret_per_round,32,-0.0024043234212257833,0.01642085347040623,-0.03589487487542441,0.03108622803297284
no_spatial,250,joint_predictive_ucb,ar_state_ucb,mean_pseudo_regret_per_round,32,0.01328126132607273,0.007905205636503237,-0.0028415118661042973,0.029404034518249758
no_spatial,250,joint_predictive_ucb,ar_state_ucb,stationary_mean_reward_regret_per_round,32,-0.002404323421225662,0.016420853470406248,-0.035894874875424324,0.031086228032972996
no_spatial,250,joint_predictive_ucb,ar_state_ucb,fixed_best_reward_regret_per_round,32,-0.0024043234212256254,0.016420853470406265,-0.03589487487542432,0.03108622803297307
no_spatial,250,joint_predictive_ucb,ar_state_ucb,correct_selection,32,0.0,0.04490132550669372,-0.09157685713192384,0.09157685713192384
no_spatial,250,joint_predictive_ucb,ar_state_ucb,simple_regret,32,0.12614971651383483,0.05381808741174769,0.016387003578238163,0.2359124294494315
no_spatial,250,joint_predictive_ucb,ar_state_ucb,mean_squared_error,32,0.4667274772856317,0.01339542746192118,0.4394073228568157,0.49404763171444765
no_spatial,250,joint_predictive_ucb,joint_state_ucb,oracle_regret_per_round,32,-0.13139597891226157,0.02233186249098348,-0.17694211274569796,-0.08584984507882518
no_spatial,250,joint_predictive_ucb,joint_state_ucb,mean_pseudo_regret_per_round,32,-0.027843707515506667,0.014229289437455422,-0.05686453465586337,0.0011771196248500405
no_spatial,250,joint_predictive_ucb,joint_state_ucb,stationary_mean_reward_regret_per_round,32,-0.13139597891226157,0.02233186249098349,-0.176942112745698,-0.08584984507882516
no_spatial,250,joint_predictive_ucb,joint_state_ucb,fixed_best_reward_regret_per_round,32,-0.13139597891226168,0.02233186249098349,-0.1769421127456981,-0.08584984507882527
no_spatial,250,joint_predictive_ucb,joint_state_ucb,correct_selection,32,-0.03125,0.03125,-0.09498479519988774,0.03248479519988774
no_spatial,250,joint_predictive_ucb,joint_state_ucb,simple_regret,32,0.04304496117664125,0.02603953970528072,-0.010063030190251933,0.09615295254353443
no_spatial,250,joint_predictive_ucb,joint_state_ucb,mean_squared_error,32,0.00014487610818086482,0.0020542724706896997,-0.004044840218352748,0.004334592434714478
no_spatial,250,joint_predictive_ts,joint_state_ts,oracle_regret_per_round,32,0.10951688956868083,0.020487742595274968,0.06773186305930909,0.15130191607805257
no_spatial,250,joint_predictive_ts,joint_state_ts,mean_pseudo_regret_per_round,32,0.03649020008795481,0.007382949967918925,0.021432574354312235,0.051547825821597386
no_spatial,250,joint_predictive_ts,joint_state_ts,stationary_mean_reward_regret_per_round,32,0.10951688956868087,0.02048774259527485,0.06773186305930938,0.15130191607805238
no_spatial,250,joint_predictive_ts,joint_state_ts,fixed_best_reward_regret_per_round,32,0.10951688956868104,0.020487742595274833,0.06773186305930959,0.1513019160780525
no_spatial,250,joint_predictive_ts,joint_state_ts,correct_selection,32,0.03125,0.05470549819038361,-0.08032259915110172,0.14282259915110174
no_spatial,250,joint_predictive_ts,joint_state_ts,simple_regret,32,0.027597357102742318,0.06306984393868134,-0.10103443767232125,0.1562291518778059
no_spatial,250,joint_predictive_ts,joint_state_ts,mean_squared_error,32,-0.0011827156130293326,0.0051364888570726765,-0.011658653704294373,0.009293222478235707
no_spatial,250,joint_predictive_ucb,joint_mean_ucb,oracle_regret_per_round,32,-0.0623098897456104,0.04388799549786256,-0.1518200466988861,0.027200267207665302
no_spatial,250,joint_predictive_ucb,joint_mean_ucb,mean_pseudo_regret_per_round,32,0.002183444543735976,0.023833365384757058,-0.04642502463135474,0.05079191371882669
no_spatial,250,joint_predictive_ucb,joint_mean_ucb,stationary_mean_reward_regret_per_round,32,-0.06230988974561045,0.04388799549786254,-0.1518200466988861,0.02720026720766521
no_spatial,250,joint_predictive_ucb,joint_mean_ucb,fixed_best_reward_regret_per_round,32,-0.062309889745610525,0.04388799549786252,-0.15182004669888616,0.027200267207665094
no_spatial,250,joint_predictive_ucb,joint_mean_ucb,correct_selection,32,0.0,0.04490132550669372,-0.09157685713192384,0.09157685713192384
no_spatial,250,joint_predictive_ucb,joint_mean_ucb,simple_regret,32,0.15605305362922772,0.057542548262233026,0.038694252708489224,0.2734118545499662
no_spatial,250,joint_predictive_ucb,joint_mean_ucb,mean_squared_error,32,0.0007715627964390132,0.002662615834327107,-0.004658878000259112,0.006202003593137138
no_spatial,250,joint_mean_ucb,iid_ucb,oracle_regret_per_round,32,0.12335107221872071,0.04613861990052943,0.02925073653341806,0.21745140790402337
no_spatial,250,joint_mean_ucb,iid_ucb,mean_pseudo_regret_per_round,32,0.01632386407562639,0.024533536964119425,-0.033712614450358475,0.06636034260161126
no_spatial,250,joint_mean_ucb,iid_ucb,stationary_mean_reward_regret_per_round,32,0.12335107221872077,0.04613861990052943,0.029250736533418115,0.21745140790402342
no_spatial,250,joint_mean_ucb,iid_ucb,fixed_best_reward_regret_per_round,32,0.12335107221872085,0.04613861990052943,0.029250736533418198,0.2174514079040235
no_spatial,250,joint_mean_ucb,iid_ucb,correct_selection,32,0.0,0.04490132550669372,-0.09157685713192384,0.09157685713192384
no_spatial,250,joint_mean_ucb,iid_ucb,simple_regret,32,-0.10876705082897847,0.07196622104413723,-0.25554312633483245,0.03800902467687553
no_spatial,250,joint_mean_ucb,iid_ucb,mean_squared_error,32,0.5057545250116139,0.012888404212678645,0.4794684513172637,0.5320405987059641
no_spatial,250,joint_mean_ts,iid_ts,oracle_regret_per_round,32,-0.07716398502392724,0.025518817626879586,-0.12920995671008584,-0.025118013337768655
no_spatial,250,joint_mean_ts,iid_ts,mean_pseudo_regret_per_round,32,0.006599709828635267,0.009020153786134799,-0.011797015106750124,0.024996434764020657
no_spatial,250,joint_mean_ts,iid_ts,stationary_mean_reward_regret_per_round,32,-0.07716398502392743,0.025518817626879554,-0.12920995671008595,-0.02511801333776891
no_spatial,250,joint_mean_ts,iid_ts,fixed_best_reward_regret_per_round,32,-0.07716398502392739,0.025518817626879586,-0.12920995671008598,-0.025118013337768808
no_spatial,250,joint_mean_ts,iid_ts,correct_selection,32,-0.03125,0.07077302144543589,-0.17559252888006782,0.11309252888006782
no_spatial,250,joint_mean_ts,iid_ts,simple_regret,32,-0.013050656658646353,0.08240433054294911,-0.18111539684228525,0.15501408352499255
no_spatial,250,joint_mean_ts,iid_ts,mean_squared_error,32,0.49868466301843517,0.011777356736374044,0.47466458559159297,0.5227047404452774
no_spatial,250,joint_lucb,round_robin,oracle_regret_per_round,32,0.5997021823493913,0.030213826062796212,0.5380806778272362,0.6613236868715464
no_spatial,250,joint_lucb,round_robin,mean_pseudo_regret_per_round,32,0.12946570304961166,0.018374661790137976,0.09199033325563896,0.16694107284358436
no_spatial,250,joint_lucb,round_robin,stationary_mean_reward_regret_per_round,32,0.5997021823493913,0.030213826062796094,0.5380806778272365,0.6613236868715462
no_spatial,250,joint_lucb,round_robin,fixed_best_reward_regret_per_round,32,0.5997021823493913,0.030213826062796153,0.5380806778272363,0.6613236868715463
no_spatial,250,joint_lucb,round_robin,correct_selection,32,-0.0625,0.07695699469351738,-0.2194548254716857,0.09445482547168571
no_spatial,250,joint_lucb,round_robin,simple_regret,32,-0.01820453015902126,0.07234505879226398,-0.16575325034618232,0.1293441900281398
no_spatial,250,joint_lucb,round_robin,mean_squared_error,32,0.005994597141769005,0.005646153624913155,-0.0055208090966611945,0.017510003380199205
no_spatial,250,joint_tt_ts,round_robin,oracle_regret_per_round,32,0.23545345309042975,0.014457643367895723,0.20596689503840257,0.2649400111424569
no_spatial,250,joint_tt_ts,round_robin,mean_pseudo_regret_per_round,32,0.04257865653611792,0.004987798229855821,0.03240597497841477,0.05275133809382107
no_spatial,250,joint_tt_ts,round_robin,stationary_mean_reward_regret_per_round,32,0.23545345309042928,0.014457643367895748,0.20596689503840204,0.2649400111424565
no_spatial,250,joint_tt_ts,round_robin,fixed_best_reward_regret_per_round,32,0.23545345309042923,0.014457643367895734,0.20596689503840204,0.2649400111424564
no_spatial,250,joint_tt_ts,round_robin,correct_selection,32,-0.0625,0.08909830562090465,-0.24421719236497166,0.11921719236497166
no_spatial,250,joint_tt_ts,round_robin,simple_regret,32,-0.046460386590131186,0.06736068385192127,-0.183843407064582,0.09092263388431962
no_spatial,250,joint_tt_ts,round_robin,mean_squared_error,32,-0.006948132917587458,0.00478165319390518,-0.016700378902561402,0.0028041130673864875
no_spatial,250,joint_lucb,joint_mean_ucb,oracle_regret_per_round,32,-0.1656567309226771,0.027611477685044516,-0.22197071093619974,-0.10934275090915446
no_spatial,250,joint_lucb,joint_mean_ucb,mean_pseudo_regret_per_round,32,-0.01391704350614682,0.022888954973743905,-0.060599374949059454,0.03276528793676581
no_spatial,250,joint_lucb,joint_mean_ucb,stationary_mean_reward_regret_per_round,32,-0.16565673092267724,0.027611477685044513,-0.22197071093619988,-0.1093427509091546
no_spatial,250,joint_lucb,joint_mean_ucb,fixed_best_reward_regret_per_round,32,-0.16565673092267724,0.027611477685044464,-0.2219707109361998,-0.1093427509091547
no_spatial,250,joint_lucb,joint_mean_ucb,correct_selection,32,0.0,0.0,0.0,0.0
no_spatial,250,joint_lucb,joint_mean_ucb,simple_regret,32,0.09639864342169416,0.04252737597055039,0.009663488289801153,0.18313379855358716
no_spatial,250,joint_lucb,joint_mean_ucb,mean_squared_error,32,0.005487516391622366,0.002464038273602121,0.00046207720017545,0.010512955583069281
no_spatial,250,joint_tt_ts,joint_mean_ts,oracle_regret_per_round,32,-0.12063560625437683,0.021568254861739935,-0.16462435206020012,-0.07664686044855354
no_spatial,250,joint_tt_ts,joint_mean_ts,mean_pseudo_regret_per_round,32,-0.03379979387374975,0.007647111103381776,-0.04939617979518415,-0.018203407952315346
no_spatial,250,joint_tt_ts,joint_mean_ts,stationary_mean_reward_regret_per_round,32,-0.12063560625437703,0.021568254861739918,-0.1646243520602003,-0.07664686044855376
no_spatial,250,joint_tt_ts,joint_mean_ts,fixed_best_reward_regret_per_round,32,-0.12063560625437708,0.021568254861739952,-0.1646243520602004,-0.07664686044855376
no_spatial,250,joint_tt_ts,joint_mean_ts,correct_selection,32,0.03125,0.05470549819038361,-0.08032259915110172,0.14282259915110174
no_spatial,250,joint_tt_ts,joint_mean_ts,simple_regret,32,0.0442924381665178,0.05849779742818556,-0.07501460627283985,0.16359948260587545
no_spatial,250,joint_tt_ts,joint_mean_ts,mean_squared_error,32,-0.0021967688170159735,0.0031748975796439217,-0.008672015121631162,0.0042784774875992155
no_spatial,250,joint_predictive_ucb,joint_predictive_ts,oracle_regret_per_round,32,0.20899118396744962,0.015302404686742363,0.17778172384663915,0.24020064408826008
no_spatial,250,joint_predictive_ucb,joint_predictive_ts,mean_pseudo_regret_per_round,32,0.04651733944221579,0.007377363380902912,0.03147110762791184,0.06156357125651974
no_spatial,250,joint_predictive_ucb,joint_predictive_ts,stationary_mean_reward_regret_per_round,32,0.20899118396744976,0.015302404686742288,0.17778172384663946,0.24020064408826006
no_spatial,250,joint_predictive_ucb,joint_predictive_ts,fixed_best_reward_regret_per_round,32,0.20899118396744965,0.015302404686742285,0.17778172384663934,0.24020064408825995
no_spatial,250,joint_predictive_ucb,joint_predictive_ts,correct_selection,32,0.0,0.04490132550669372,-0.09157685713192384,0.09157685713192384
no_spatial,250,joint_predictive_ucb,joint_predictive_ts,simple_regret,32,0.0611323001316284,0.05539698458722019,-0.05185059482382173,0.17411519508707854
no_spatial,250,joint_predictive_ucb,joint_predictive_ts,mean_squared_error,32,0.0038574649352633183,0.0035203171438486667,-0.0033222692151958348,0.011037199085722472
no_spatial,500,joint_state_ucb,iid_ucb,oracle_regret_per_round,32,0.14602896174887997,0.02903525499017889,0.08681116877686174,0.2052467547208982
no_spatial,500,joint_state_ucb,iid_ucb,mean_pseudo_regret_per_round,32,0.017511475722761512,0.016488357883555925,-0.016116751889747014,0.05113970333527004
no_spatial,500,joint_state_ucb,iid_ucb,stationary_mean_reward_regret_per_round,32,0.1460289617488803,0.02903525499017883,0.08681116877686218,0.20524675472089843
no_spatial,500,joint_state_ucb,iid_ucb,fixed_best_reward_regret_per_round,32,0.14602896174888008,0.02903525499017888,0.08681116877686186,0.20524675472089832
no_spatial,500,joint_state_ucb,iid_ucb,correct_selection,32,0.03125,0.07077302144543589,-0.11309252888006782,0.17559252888006782
no_spatial,500,joint_state_ucb,iid_ucb,simple_regret,32,-0.00013722125622414594,0.06412009535776889,-0.13091101792261367,0.13063657541016538
no_spatial,500,joint_state_ucb,iid_ucb,mean_squared_error,32,0.4930614063323735,0.009920760967489945,0.4728278809406931,0.5132949317240538
no_spatial,500,joint_state_ucb,ar_state_ucb,oracle_regret_per_round,32,0.12116814050851826,0.02977902806485974,0.060433412349620824,0.1819028686674157
no_spatial,500,joint_state_ucb,ar_state_ucb,mean_pseudo_regret_per_round,32,0.05188867665584891,0.01593756438141529,0.019383799797143983,0.08439355351455384
no_spatial,500,joint_state_ucb,ar_state_ucb,stationary_mean_reward_regret_per_round,32,0.12116814050851848,0.029779028064859762,0.060433412349621005,0.18190286866741595
no_spatial,500,joint_state_ucb,ar_state_ucb,fixed_best_reward_regret_per_round,32,0.12116814050851843,0.029779028064859756,0.06043341234962096,0.1819028686674159
no_spatial,500,joint_state_ucb,ar_state_ucb,correct_selection,32,-0.03125,0.07077302144543589,-0.17559252888006782,0.11309252888006782
no_spatial,500,joint_state_ucb,ar_state_ucb,simple_regret,32,-0.04522373259418441,0.06741150555103845,-0.1827104046073534,0.09226293941898459
no_spatial,500,joint_state_ucb,ar_state_ucb,mean_squared_error,32,0.4130039635929257,0.01173435762359378,0.389071583434782,0.4369363437510694
no_spatial,500,joint_state_ucb,joint_mean_ucb,oracle_regret_per_round,32,0.1261646264023429,0.03237292724108946,0.0601396059949284,0.19218964680975742
no_spatial,500,joint_state_ucb,joint_mean_ucb,mean_pseudo_regret_per_round,32,-0.00794840861127235,0.026313932421417576,-0.06161602761231988,0.04571921038977518
no_spatial,500,joint_state_ucb,joint_mean_ucb,stationary_mean_reward_regret_per_round,32,0.126164626402343,0.03237292724108943,0.06013960599492854,0.19218964680975745
no_spatial,500,joint_state_ucb,joint_mean_ucb,fixed_best_reward_regret_per_round,32,0.12616462640234286,0.03237292724108945,0.06013960599492836,0.19218964680975736
no_spatial,500,joint_state_ucb,joint_mean_ucb,correct_selection,32,0.0625,0.0625,-0.06496959039977548,0.18996959039977548
no_spatial,500,joint_state_ucb,joint_mean_ucb,simple_regret,32,0.02113257577371714,0.07211019612080609,-0.12593713883694896,0.16820229038438322
no_spatial,500,joint_state_ucb,joint_mean_ucb,mean_squared_error,32,-0.0033052087874664796,0.0030556045063030346,-0.009537155264940976,0.0029267376900080164
no_spatial,500,joint_predictive_ucb,iid_ucb,oracle_regret_per_round,32,-0.024963406743730848,0.024719656479033816,-0.0753794785230204,0.0254526650355587
no_spatial,500,joint_predictive_ucb,iid_ucb,mean_pseudo_regret_per_round,32,-0.023118454983757187,0.01149477317090638,-0.04656219942909742,0.000325289461583049
no_spatial,500,joint_predictive_ucb,iid_ucb,stationary_mean_reward_regret_per_round,32,-0.024963406743730567,0.024719656479033715,-0.0753794785230199,0.025452665035558774
no_spatial,500,joint_predictive_ucb,iid_ucb,fixed_best_reward_regret_per_round,32,-0.0249634067437308,0.02471965647903378,-0.07537947852302028,0.02545266503555868
no_spatial,500,joint_predictive_ucb,iid_ucb,correct_selection,32,0.03125,0.05470549819038361,-0.08032259915110172,0.14282259915110174
no_spatial,500,joint_predictive_ucb,iid_ucb,simple_regret,32,0.017811541689484123,0.05272382485327452,-0.08971940804421838,0.12534249142318662
no_spatial,500,joint_predictive_ucb,iid_ucb,mean_squared_error,32,0.48900521440272704,0.010248786536145646,0.4681026764530115,0.5099077523524426
no_spatial,500,joint_predictive_ucb,ar_state_ucb,oracle_regret_per_round,32,-0.04982422798409253,0.022200499266387886,-0.0951024447546042,-0.00454601121358085
no_spatial,500,joint_predictive_ucb,ar_state_ucb,mean_pseudo_regret_per_round,32,0.011258745949330212,0.010257498834520007,-0.009661560850068824,0.032179052748729245
no_spatial,500,joint_predictive_ucb,ar_state_ucb,stationary_mean_reward_regret_per_round,32,-0.049824227984092403,0.02220049926638782,-0.09510244475460394,-0.004546011213580857
no_spatial,500,joint_predictive_ucb,ar_state_ucb,fixed_best_reward_regret_per_round,32,-0.04982422798409248,0.022200499266387858,-0.09510244475460411,-0.004546011213580857
no_spatial,500,joint_predictive_ucb,ar_state_ucb,correct_selection,32,-0.03125,0.07077302144543589,-0.17559252888006782,0.11309252888006782
no_spatial,500,joint_predictive_ucb,ar_state_ucb,simple_regret,32,-0.027274969648476134,0.058477299126883674,-0.1465402075267003,0.09199026822974804
no_spatial,500,joint_predictive_ucb,ar_state_ucb,mean_squared_error,32,0.4089477716632792,0.011392287823742854,0.3857130474615376,0.43218249586502083
no_spatial,500,joint_predictive_ucb,joint_state_ucb,oracle_regret_per_round,32,-0.1709923684926108,0.028577589404356455,-0.2292767463483913,-0.11270799063683029
no_spatial,500,joint_predictive_ucb,joint_state_ucb,mean_pseudo_regret_per_round,32,-0.0406299307065187,0.01546274396155904,-0.07216640493430322,-0.009093456478734177
no_spatial,500,joint_predictive_ucb,joint_state_ucb,stationary_mean_reward_regret_per_round,32,-0.1709923684926109,0.028577589404356424,-0.22927674634839135,-0.11270799063683046
no_spatial,500,joint_predictive_ucb,joint_state_ucb,fixed_best_reward_regret_per_round,32,-0.1709923684926109,0.028577589404356455,-0.2292767463483914,-0.1127079906368304
no_spatial,500,joint_predictive_ucb,joint_state_ucb,correct_selection,32,0.0,0.04490132550669372,-0.09157685713192384,0.09157685713192384
no_spatial,500,joint_predictive_ucb,joint_state_ucb,simple_regret,32,0.017948762945708265,0.04797475753870888,-0.07989640014209592,0.11579392603351246
no_spatial,500,joint_predictive_ucb,joint_state_ucb,mean_squared_error,32,-0.004056191929646492,0.0026283139828571036,-0.009416673639035252,0.0013042897797422683
no_spatial,500,joint_predictive_ts,joint_state_ts,oracle_regret_per_round,32,0.17537841702880425,0.022002444544896565,0.1305041355258964,0.2202526985317121
no_spatial,500,joint_predictive_ts,joint_state_ts,mean_pseudo_regret_per_round,32,0.03590046644732262,0.007189596333536756,0.021237188050912098,0.05056374484373315
no_spatial,500,joint_predictive_ts,joint_state_ts,stationary_mean_reward_regret_per_round,32,0.17537841702880425,0.02200244454489652,0.13050413552589651,0.22025269853171198
no_spatial,500,joint_predictive_ts,joint_state_ts,fixed_best_reward_regret_per_round,32,0.17537841702880447,0.02200244454489648,0.1305041355258968,0.22025269853171214
no_spatial,500,joint_predictive_ts,joint_state_ts,correct_selection,32,0.0,0.04490132550669372,-0.09157685713192384,0.09157685713192384
no_spatial,500,joint_predictive_ts,joint_state_ts,simple_regret,32,-0.026934390311783286,0.043796876892030205,-0.116258709643247,0.062389929019680435
no_spatial,500,joint_predictive_ts,joint_state_ts,mean_squared_error,32,-0.0024819773546646703,0.0038921711443675737,-0.01042011273927843,0.005456158029949089
no_spatial,500,joint_predictive_ucb,joint_mean_ucb,oracle_regret_per_round,32,-0.04482774209026789,0.042390643975697216,-0.13128403048010523,0.04162854629956946
no_spatial,500,joint_predictive_ucb,joint_mean_ucb,mean_pseudo_regret_per_round,32,-0.04857833931779104,0.031148126446653383,-0.11210536203579617,0.014948683400214088
no_spatial,500,joint_predictive_ucb,joint_mean_ucb,stationary_mean_reward_regret_per_round,32,-0.044827742090267894,0.04239064397569722,-0.13128403048010526,0.04162854629956947
no_spatial,500,joint_predictive_ucb,joint_mean_ucb,fixed_best_reward_regret_per_round,32,-0.04482774209026806,0.04239064397569726,-0.1312840304801055,0.04162854629956937
no_spatial,500,joint_predictive_ucb,joint_mean_ucb,correct_selection,32,0.0625,0.0625,-0.06496959039977548,0.18996959039977548
no_spatial,500,joint_predictive_ucb,joint_mean_ucb,simple_regret,32,0.0390813387194254,0.05776109195694732,-0.07872318500530806,0.15688586244415886
no_spatial,500,joint_predictive_ucb,joint_mean_ucb,mean_squared_error,32,-0.007361400717112972,0.0034999607536984117,-0.014499617736140589,-0.0002231836980853552
no_spatial,500,joint_mean_ucb,iid_ucb,oracle_regret_per_round,32,0.01986433534653704,0.03440928601656093,-0.05031386616513887,0.09004253685821295
no_spatial,500,joint_mean_ucb,iid_ucb,mean_pseudo_regret_per_round,32,0.025459884334033855,0.031872772230919964,-0.03954506320485744,0.09046483187292516
no_spatial,500,joint_mean_ucb,iid_ucb,stationary_mean_reward_regret_per_round,32,0.01986433534653732,0.03440928601656091,-0.05031386616513854,0.09004253685821319
no_spatial,500,joint_mean_ucb,iid_ucb,fixed_best_reward_regret_per_round,32,0.019864335346537258,0.034409286016560924,-0.05031386616513864,0.09004253685821315
no_spatial,500,joint_mean_ucb,iid_ucb,correct_selection,32,-0.03125,0.07077302144543589,-0.17559252888006782,0.11309252888006782
no_spatial,500,joint_mean_ucb,iid_ucb,simple_regret,32,-0.021269797029941286,0.067465393273615,-0.15886637377790083,0.11632677971801827
no_spatial,500,joint_mean_ucb,iid_ucb,mean_squared_error,32,0.4963666151198399,0.01048836475178157,0.4749754541778713,0.5177577760618085
no_spatial,500,joint_mean_ts,iid_ts,oracle_regret_per_round,32,-0.2129061344722401,0.025613827394234585,-0.2651458798564582,-0.160666389088022
no_spatial,500,joint_mean_ts,iid_ts,mean_pseudo_regret_per_round,32,-0.002186455985295691,0.012463631475328953,-0.02760619997015859,0.023233287999567205
no_spatial,500,joint_mean_ts,iid_ts,stationary_mean_reward_regret_per_round,32,-0.21290613447223994,0.025613827394234536,-0.26514587985645793,-0.16066638908802194
no_spatial,500,joint_mean_ts,iid_ts,fixed_best_reward_regret_per_round,32,-0.21290613447224022,0.025613827394234567,-0.26514587985645827,-0.16066638908802217
no_spatial,500,joint_mean_ts,iid_ts,correct_selection,32,0.09375,0.0523514603733822,-0.013021507370001711,0.2005215073700017
no_spatial,500,joint_mean_ts,iid_ts,simple_regret,32,0.12754278305092348,0.049812015064177144,0.025950508535433778,0.22913505756641317
no_spatial,500,joint_mean_ts,iid_ts,mean_squared_error,32,0.4528876625182237,0.013450153494678218,0.42545589360973185,0.48031943142671557
no_spatial,500,joint_lucb,round_robin,oracle_regret_per_round,32,0.8907338077509894,0.035076174274217,0.8191954786705801,0.9622721368313988
no_spatial,500,joint_lucb,round_robin,mean_pseudo_regret_per_round,32,0.24321596212170546,0.024330398679567412,0.1935937868585423,0.2928381373848686
no_spatial,500,joint_lucb,round_robin,stationary_mean_reward_regret_per_round,32,0.8907338077509895,0.03507617427421688,0.8191954786705804,0.9622721368313987
no_spatial,500,joint_lucb,round_robin,fixed_best_reward_regret_per_round,32,0.8907338077509895,0.035076174274216936,0.8191954786705803,0.9622721368313988
no_spatial,500,joint_lucb,round_robin,correct_selection,32,-0.09375,0.0689695906576505,-0.23441440753873427,0.04691440753873427
no_spatial,500,joint_lucb,round_robin,simple_regret,32,-0.08267797730860058,0.06506159712193946,-0.2153719794828219,0.05001602486562076
no_spatial,500,joint_lucb,round_robin,mean_squared_error,32,-0.008727598931947227,0.0057365888086566875,-0.02042744894364969,0.002972251079755236
no_spatial,500,joint_tt_ts,round_robin,oracle_regret_per_round,32,0.39870585342358095,0.015614115020230763,0.3668606558862402,0.4305510509609217
no_spatial,500,joint_tt_ts,round_robin,mean_pseudo_regret_per_round,32,0.11560661941244826,0.006451162427383104,0.10244938689691313,0.1287638519279834
no_spatial,500,joint_tt_ts,round_robin,stationary_mean_reward_regret_per_round,32,0.39870585342358067,0.015614115020230641,0.3668606558862402,0.43055105096092117
no_spatial,500,joint_tt_ts,round_robin,fixed_best_reward_regret_per_round,32,0.3987058534235805,0.015614115020230647,0.36686065588623995,0.43055105096092106
no_spatial,500,joint_tt_ts,round_robin,correct_selection,32,-0.03125,0.05470549819038361,-0.14282259915110174,0.08032259915110172
no_spatial,500,joint_tt_ts,round_robin,simple_regret,32,0.032454042580106354,0.051996683679686365,-0.07359389295263463,0.13850197811284734
no_spatial,500,joint_tt_ts,round_robin,mean_squared_error,32,-0.02486310364336361,0.005756064905256459,-0.036602675415964625,-0.013123531870762596
no_spatial,500,joint_lucb,joint_mean_ucb,oracle_regret_per_round,32,-0.2006119742343226,0.030937310368031035,-0.26370903472526086,-0.1375149137433843
no_spatial,500,joint_lucb,joint_mean_ucb,mean_pseudo_regret_per_round,32,-0.046818487875435966,0.024450654880271094,-0.0966859272769468,0.0030489515260748792
no_spatial,500,joint_lucb,joint_mean_ucb,stationary_mean_reward_regret_per_round,32,-0.2006119742343227,0.030937310368031063,-0.2637090347252611,-0.13751491374338434
no_spatial,500,joint_lucb,joint_mean_ucb,fixed_best_reward_regret_per_round,32,-0.20061197423432253,0.03093731036803103,-0.2637090347252608,-0.13751491374338426
no_spatial,500,joint_lucb,joint_mean_ucb,correct_selection,32,0.0,0.04490132550669372,-0.09157685713192384,0.09157685713192384
no_spatial,500,joint_lucb,joint_mean_ucb,simple_regret,32,-0.03505045982707169,0.05352616807636684,-0.144217799352896,0.07411687969875264
no_spatial,500,joint_lucb,joint_mean_ucb,mean_squared_error,32,0.0017674544780559693,0.0027642975290426866,-0.0038703675022669546,0.007405276458378893
no_spatial,500,joint_tt_ts,joint_mean_ts,oracle_regret_per_round,32,-0.19033046102933707,0.019910905211508637,-0.23093901993813323,-0.1497219021205409
no_spatial,500,joint_tt_ts,joint_mean_ts,mean_pseudo_regret_per_round,32,-0.07201209519198035,0.01160237389122479,-0.09567529275325191,-0.04834889763070878
no_spatial,500,joint_tt_ts,joint_mean_ts,stationary_mean_reward_regret_per_round,32,-0.19033046102933737,0.019910905211508713,-0.2309390199381337,-0.14972190212054104
no_spatial,500,joint_tt_ts,joint_mean_ts,fixed_best_reward_regret_per_round,32,-0.19033046102933726,0.019910905211508706,-0.2309390199381336,-0.14972190212054093
no_spatial,500,joint_tt_ts,joint_mean_ts,correct_selection,32,0.0,0.04490132550669372,-0.09157685713192384,0.09157685713192384
no_spatial,500,joint_tt_ts,joint_mean_ts,simple_regret,32,-0.002036371452663461,0.0407737861992855,-0.0851950566665985,0.08112231376127159
no_spatial,500,joint_tt_ts,joint_mean_ts,mean_squared_error,32,-0.0010633033491296829,0.003960991159709106,-0.009141798080413707,0.00701519138215434
no_spatial,500,joint_predictive_ucb,joint_predictive_ts,oracle_regret_per_round,32,0.2883294360779168,0.018321801874374287,0.25096187479291954,0.325696997362914
no_spatial,500,joint_predictive_ucb,joint_predictive_ts,mean_pseudo_regret_per_round,32,0.07596142722272539,0.0071699734566420485,0.0613381699475986,0.09058468449785217
no_spatial,500,joint_predictive_ucb,joint_predictive_ts,stationary_mean_reward_regret_per_round,32,0.2883294360779167,0.018321801874374287,0.2509618747929195,0.32569699736291396
no_spatial,500,joint_predictive_ucb,joint_predictive_ts,fixed_best_reward_regret_per_round,32,0.28832943607791656,0.01832180187437428,0.2509618747929193,0.3256969973629138
no_spatial,500,joint_predictive_ucb,joint_predictive_ts,correct_selection,32,-0.03125,0.05470549819038361,-0.14282259915110174,0.08032259915110172
no_spatial,500,joint_predictive_ucb,joint_predictive_ts,simple_regret,32,-0.015823111432653494,0.049524893120735346,-0.1168297968837382,0.0851835740184312
no_spatial,500,joint_predictive_ucb,joint_predictive_ts,mean_squared_error,32,-0.0014821328702352803,0.004832389415702099,-0.011337856061783391,0.00837359032131283
no_spatial,1000,joint_state_ucb,iid_ucb,oracle_regret_per_round,32,0.18325841624440442,0.024190116238422026,0.1339223489062506,0.23259448358255824
no_spatial,1000,joint_state_ucb,iid_ucb,mean_pseudo_regret_per_round,32,-0.0009063690144012516,0.016245435296502873,-0.03403915274418168,0.03222641471537917
no_spatial,1000,joint_state_ucb,iid_ucb,stationary_mean_reward_regret_per_round,32,0.1832584162444049,0.02419011623842197,0.13392234890625118,0.2325944835825586
no_spatial,1000,joint_state_ucb,iid_ucb,fixed_best_reward_regret_per_round,32,0.18325841624440464,0.02419011623842198,0.13392234890625093,0.23259448358255835
no_spatial,1000,joint_state_ucb,iid_ucb,correct_selection,32,0.125,0.09786017015735159,-0.07458713290255903,0.32458713290255903
no_spatial,1000,joint_state_ucb,iid_ucb,simple_regret,32,0.12133875565175908,0.07304582128320873,-0.027639179058414037,0.2703166903619322
no_spatial,1000,joint_state_ucb,iid_ucb,mean_squared_error,32,0.46934126664169357,0.011231350515297571,0.44643477624455297,0.49224775703883417
no_spatial,1000,joint_state_ucb,ar_state_ucb,oracle_regret_per_round,32,0.11062496725776724,0.0185989302254604,0.0726921989743522,0.1485577355411823
no_spatial,1000,joint_state_ucb,ar_state_ucb,mean_pseudo_regret_per_round,32,0.05706093914284616,0.01199609951402579,0.03259473287968115,0.08152714540601116
no_spatial,1000,joint_state_ucb,ar_state_ucb,stationary_mean_reward_regret_per_round,32,0.11062496725776769,0.018598930225460265,0.0726921989743529,0.14855773554118246
no_spatial,1000,joint_state_ucb,ar_state_ucb,fixed_best_reward_regret_per_round,32,0.11062496725776752,0.018598930225460386,0.0726921989743525,0.14855773554118254
no_spatial,1000,joint_state_ucb,ar_state_ucb,correct_selection,32,0.03125,0.05470549819038361,-0.08032259915110172,0.14282259915110174
no_spatial,1000,joint_state_ucb,ar_state_ucb,simple_regret,32,-0.003976162706120084,0.04578699221876033,-0.09735934900632946,0.0894070235940893
no_spatial,1000,joint_state_ucb,ar_state_ucb,mean_squared_error,32,0.34696309590590524,0.010833743268041264,0.3248675308359285,0.36905866097588197
no_spatial,1000,joint_state_ucb,joint_mean_ucb,oracle_regret_per_round,32,0.23594195206160667,0.03364834900975777,0.16731569180716643,0.3045682123160469
no_spatial,1000,joint_state_ucb,joint_mean_ucb,mean_pseudo_regret_per_round,32,-0.08509097915038455,0.028052283604788023,-0.1423039887644752,-0.027877969536293887
no_spatial,1000,joint_state_ucb,joint_mean_ucb,stationary_mean_reward_regret_per_round,32,0.2359419520616065,0.03364834900975781,0.1673156918071662,0.3045682123160468
no_spatial,1000,joint_state_ucb,joint_mean_ucb,fixed_best_reward_regret_per_round,32,0.23594195206160665,0.0336483490097578,0.16731569180716638,0.3045682123160469
no_spatial,1000,joint_state_ucb,joint_mean_ucb,correct_selection,32,0.03125,0.07077302144543589,-0.11309252888006782,0.17559252888006782
no_spatial,1000,joint_state_ucb,joint_mean_ucb,simple_regret,32,0.01562295486596869,0.035579595583566694,-0.05694210874406182,0.0881880184759992
no_spatial,1000,joint_state_ucb,joint_mean_ucb,mean_squared_error,32,-0.009238909581966295,0.002300639775318525,-0.013931095339042836,-0.004546723824889753
no_spatial,1000,joint_predictive_ucb,iid_ucb,oracle_regret_per_round,32,-0.03806347614622324,0.020853360149590723,-0.08059418457386053,0.004467232281414046
no_spatial,1000,joint_predictive_ucb,iid_ucb,mean_pseudo_regret_per_round,32,-0.05023728347367287,0.016431010203218535,-0.08374854972101364,-0.016726017226332095
no_spatial,1000,joint_predictive_ucb,iid_ucb,stationary_mean_reward_regret_per_round,32,-0.03806347614622274,0.020853360149590616,-0.0805941845738598,0.004467232281414324
no_spatial,1000,joint_predictive_ucb,iid_ucb,fixed_best_reward_regret_per_round,32,-0.038063476146223234,0.020853360149590654,-0.08059418457386038,0.004467232281413908
no_spatial,1000,joint_predictive_ucb,iid_ucb,correct_selection,32,0.1875,0.08324928557283298,0.01771196267131267,0.3572880373286873
no_spatial,1000,joint_predictive_ucb,iid_ucb,simple_regret,32,0.2003864487121197,0.0701982890120918,0.05721609435793726,0.3435568030663021
no_spatial,1000,joint_predictive_ucb,iid_ucb,mean_squared_error,32,0.4629062881647316,0.011775251441318276,0.4388905045154643,0.48692207181399894
no_spatial,1000,joint_predictive_ucb,ar_state_ucb,oracle_regret_per_round,32,-0.11069692513286039,0.016078008066672925,-0.14348823877610972,-0.07790561148961105
no_spatial,1000,joint_predictive_ucb,ar_state_ucb,mean_pseudo_regret_per_round,32,0.007730024683574532,0.012123605635452514,-0.016996232028738137,0.0324562813958872
no_spatial,1000,joint_predictive_ucb,ar_state_ucb,stationary_mean_reward_regret_per_round,32,-0.11069692513285993,0.016078008066672866,-0.14348823877610917,-0.07790561148961071
no_spatial,1000,joint_predictive_ucb,ar_state_ucb,fixed_best_reward_regret_per_round,32,-0.11069692513286031,0.01607800806667296,-0.14348823877610972,-0.0779056114896109
no_spatial,1000,joint_predictive_ucb,ar_state_ucb,correct_selection,32,0.09375,0.0523514603733822,-0.013021507370001711,0.2005215073700017
no_spatial,1000,joint_predictive_ucb,ar_state_ucb,simple_regret,32,0.07507153035424052,0.03323900757643047,0.007280127457238508,0.14286293325124255
no_spatial,1000,joint_predictive_ucb,ar_state_ucb,mean_squared_error,32,0.34052811742894334,0.011348874854082383,0.31738193456257224,0.36367430029531445
no_spatial,1000,joint_predictive_ucb,joint_state_ucb,oracle_regret_per_round,32,-0.22132189239062766,0.018063381220621635,-0.25816240127746987,-0.18448138350378548
no_spatial,1000,joint_predictive_ucb,joint_state_ucb,mean_pseudo_regret_per_round,32,-0.04933091445927162,0.01050098634680761,-0.07074781731401084,-0.027914011604532402
no_spatial,1000,joint_predictive_ucb,joint_state_ucb,stationary_mean_reward_regret_per_round,32,-0.2213218923906276,0.01806338122062155,-0.2581624012774696,-0.1844813835037856
no_spatial,1000,joint_predictive_ucb,joint_state_ucb,fixed_best_reward_regret_per_round,32,-0.22132189239062783,0.018063381220621576,-0.25816240127746987,-0.18448138350378576
no_spatial,1000,joint_predictive_ucb,joint_state_ucb,correct_selection,32,0.0625,0.04347552147751577,-0.026168910642489246,0.15116891064248925
no_spatial,1000,joint_predictive_ucb,joint_state_ucb,simple_regret,32,0.07904769306036061,0.03622800254592359,0.005160194731866144,0.15293519138885509
no_spatial,1000,joint_predictive_ucb,joint_state_ucb,mean_squared_error,32,-0.006434978476961959,0.0027470406900857625,-0.012037604902189938,-0.0008323520517339788
no_spatial,1000,joint_predictive_ts,joint_state_ts,oracle_regret_per_round,32,0.19852573828467135,0.02020558588386454,0.15731617418221217,0.23973530238713053
no_spatial,1000,joint_predictive_ts,joint_state_ts,mean_pseudo_regret_per_round,32,0.04657421416644557,0.005591340239316993,0.03517060056498125,0.057977827767909884
no_spatial,1000,joint_predictive_ts,joint_state_ts,stationary_mean_reward_regret_per_round,32,0.19852573828467107,0.020205585883864695,0.15731617418221158,0.23973530238713056
no_spatial,1000,joint_predictive_ts,joint_state_ts,fixed_best_reward_regret_per_round,32,0.19852573828467135,0.020205585883864657,0.15731617418221194,0.23973530238713076
no_spatial,1000,joint_predictive_ts,joint_state_ts,correct_selection,32,-0.03125,0.07077302144543589,-0.17559252888006782,0.11309252888006782
no_spatial,1000,joint_predictive_ts,joint_state_ts,simple_regret,32,-0.04088224427525241,0.03955327462056877,-0.1215516797129122,0.03978719116240737
no_spatial,1000,joint_predictive_ts,joint_state_ts,mean_squared_error,32,-0.0019938746859447915,0.004125791917224628,-0.010408482778158036,0.0064207334062684526
no_spatial,1000,joint_predictive_ucb,joint_mean_ucb,oracle_regret_per_round,32,0.014620059670979006,0.036208025640342825,-0.059226695489966084,0.08846681483192409
no_spatial,1000,joint_predictive_ucb,joint_mean_ucb,mean_pseudo_regret_per_round,32,-0.13442189360965617,0.03199710687453989,-0.19968042332606323,-0.06916336389324913
no_spatial,1000,joint_predictive_ucb,joint_mean_ucb,stationary_mean_reward_regret_per_round,32,0.014620059670978878,0.03620802564034286,-0.059226695489966286,0.08846681483192403
no_spatial,1000,joint_predictive_ucb,joint_mean_ucb,fixed_best_reward_regret_per_round,32,0.014620059670978791,0.03620802564034286,-0.05922669548996637,0.08846681483192395
no_spatial,1000,joint_predictive_ucb,joint_mean_ucb,correct_selection,32,0.09375,0.08229783391889445,-0.07409753888688358,0.2615975388868836
no_spatial,1000,joint_predictive_ucb,joint_mean_ucb,simple_regret,32,0.0946706479263293,0.03793880927310939,0.017293936273553967,0.17204735957910464
no_spatial,1000,joint_predictive_ucb,joint_mean_ucb,mean_squared_error,32,-0.01567388805892825,0.0034427116585597725,-0.022695344778626586,-0.008652431339229917
no_spatial,1000,joint_mean_ucb,iid_ucb,oracle_regret_per_round,32,-0.05268353581720225,0.029762367837870795,-0.11338428521913571,0.008017213584731224
no_spatial,1000,joint_mean_ucb,iid_ucb,mean_pseudo_regret_per_round,32,0.0841846101359833,0.028571089906622212,0.025913488093226612,0.14245573217874
no_spatial,1000,joint_mean_ucb,iid_ucb,stationary_mean_reward_regret_per_round,32,-0.052683535817201615,0.029762367837870823,-0.11338428521913514,0.008017213584731911
no_spatial,1000,joint_mean_ucb,iid_ucb,fixed_best_reward_regret_per_round,32,-0.05268353581720201,0.02976236783787082,-0.11338428521913553,0.008017213584731508
no_spatial,1000,joint_mean_ucb,iid_ucb,correct_selection,32,0.09375,0.09374999999999999,-0.09745438559966318,0.2849543855996632
no_spatial,1000,joint_mean_ucb,iid_ucb,simple_regret,32,0.1057158007857904,0.07253855031706548,-0.042227547967967044,0.2536591495395478
no_spatial,1000,joint_mean_ucb,iid_ucb,mean_squared_error,32,0.4785801762236599,0.011109512047069501,0.45592217702075877,0.501238175426561
no_spatial,1000,joint_mean_ts,iid_ts,oracle_regret_per_round,32,-0.23111090481295327,0.024388652988896024,-0.2808518905233026,-0.1813699191026039
no_spatial,1000,joint_mean_ts,iid_ts,mean_pseudo_regret_per_round,32,-0.002973028443440162,0.013721036729093753,-0.030957267350925858,0.025011210464045534
no_spatial,1000,joint_mean_ts,iid_ts,stationary_mean_reward_regret_per_round,32,-0.23111090481295343,0.024388652988896007,-0.2808518905233028,-0.18136991910260408
no_spatial,1000,joint_mean_ts,iid_ts,fixed_best_reward_regret_per_round,32,-0.2311109048129535,0.02438865298889605,-0.28085189052330295,-0.18136991910260405
no_spatial,1000,joint_mean_ts,iid_ts,correct_selection,32,0.09375,0.09374999999999999,-0.09745438559966318,0.2849543855996632
no_spatial,1000,joint_mean_ts,iid_ts,simple_regret,32,0.16341734787256662,0.055456847660869966,0.05031236137346515,0.27652233437166807
no_spatial,1000,joint_mean_ts,iid_ts,mean_squared_error,32,0.3669117108349693,0.012861750578149032,0.3406799975866376,0.39314342408330105
no_spatial,1000,joint_lucb,round_robin,oracle_regret_per_round,32,0.9302645040316767,0.026369135591385207,0.8764842974231964,0.984044710640157
no_spatial,1000,joint_lucb,round_robin,mean_pseudo_regret_per_round,32,0.32968664985996654,0.025088125165862854,0.2785190812393131,0.38085421848061995
no_spatial,1000,joint_lucb,round_robin,stationary_mean_reward_regret_per_round,32,0.9302645040316769,0.02636913559138525,0.8764842974231967,0.9840447106401572
no_spatial,1000,joint_lucb,round_robin,fixed_best_reward_regret_per_round,32,0.9302645040316766,0.026369135591385276,0.8764842974231962,0.984044710640157
no_spatial,1000,joint_lucb,round_robin,correct_selection,32,-0.03125,0.07077302144543589,-0.17559252888006782,0.11309252888006782
no_spatial,1000,joint_lucb,round_robin,simple_regret,32,-0.019686793876084362,0.04933237063679215,-0.12030082713243327,0.08092723938026454
no_spatial,1000,joint_lucb,round_robin,mean_squared_error,32,-0.038440609125706814,0.005386485728766763,-0.04942641919834898,-0.027454799053064645
no_spatial,1000,joint_tt_ts,round_robin,oracle_regret_per_round,32,0.47029702308928295,0.017472115741059873,0.434662408098397,0.5059316380801689
no_spatial,1000,joint_tt_ts,round_robin,mean_pseudo_regret_per_round,32,0.18615420550711037,0.008349216956719066,0.16912586525700093,0.2031825457572198
no_spatial,1000,joint_tt_ts,round_robin,stationary_mean_reward_regret_per_round,32,0.4702970230892828,0.01747211574105994,0.4346624080983967,0.5059316380801688
no_spatial,1000,joint_tt_ts,round_robin,fixed_best_reward_regret_per_round,32,0.4702970230892825,0.017472115741059998,0.4346624080983963,0.5059316380801687
no_spatial,1000,joint_tt_ts,round_robin,correct_selection,32,0.09375,0.08229783391889445,-0.07409753888688358,0.2615975388868836
no_spatial,1000,joint_tt_ts,round_robin,simple_regret,32,0.09294438929714553,0.0480423220596172,-0.0050385725395505065,0.19092735113384157
no_spatial,1000,joint_tt_ts,round_robin,mean_squared_error,32,-0.04840653304885205,0.005289722942549017,-0.05919499411789234,-0.037618071979811755
no_spatial,1000,joint_lucb,joint_mean_ucb,oracle_regret_per_round,32,-0.18504383172773461,0.023304636435474087,-0.23257395110126367,-0.13751371235420556
no_spatial,1000,joint_lucb,joint_mean_ucb,mean_pseudo_regret_per_round,32,-0.08244895341758808,0.027231320773546466,-0.13798759829836993,-0.026910308536806232
no_spatial,1000,joint_lucb,joint_mean_ucb,stationary_mean_reward_regret_per_round,32,-0.1850438317277349,0.02330463643547413,-0.23257395110126403,-0.13751371235420576
no_spatial,1000,joint_lucb,joint_mean_ucb,fixed_best_reward_regret_per_round,32,-0.18504383172773467,0.023304636435474098,-0.23257395110126375,-0.1375137123542056
no_spatial,1000,joint_lucb,joint_mean_ucb,correct_selection,32,-0.03125,0.08381497239022508,-0.2021917631992077,0.1396917631992077
no_spatial,1000,joint_lucb,joint_mean_ucb,simple_regret,32,-0.03523339602363633,0.03752918680589535,-0.11177467714658254,0.04130788509930988
no_spatial,1000,joint_lucb,joint_mean_ucb,mean_squared_error,32,0.005049287585684754,0.002638796358930901,-0.00033257307065670105,0.01043114824202621
no_spatial,1000,joint_tt_ts,joint_mean_ts,oracle_regret_per_round,32,-0.18675055074048685,0.014635089738594417,-0.21659901305156826,-0.15690208842940545
no_spatial,1000,joint_tt_ts,joint_mean_ts,mean_pseudo_regret_per_round,32,-0.09827250337756228,0.011223120553839899,-0.12116220865764665,-0.07538279809747792
no_spatial,1000,joint_tt_ts,joint_mean_ts,stationary_mean_reward_regret_per_round,32,-0.18675055074048696,0.014635089738594448,-0.21659901305156842,-0.1569020884294055
no_spatial,1000,joint_tt_ts,joint_mean_ts,fixed_best_reward_regret_per_round,32,-0.1867505507404869,0.014635089738594448,-0.21659901305156837,-0.15690208842940545
no_spatial,1000,joint_tt_ts,joint_mean_ts,correct_selection,32,0.0625,0.0625,-0.06496959039977548,0.18996959039977548
no_spatial,1000,joint_tt_ts,joint_mean_ts,simple_regret,32,0.020463059654641902,0.017789011669801187,-0.015817868844020234,0.05674398815330404
no_spatial,1000,joint_tt_ts,joint_mean_ts,mean_squared_error,32,0.004892452192892739,0.003987793083749301,-0.0032407054228605564,0.013025609808646036
no_spatial,1000,joint_predictive_ucb,joint_predictive_ts,oracle_regret_per_round,32,0.27514331317258345,0.013993009109144115,0.2466043829389366,0.3036822434062303
no_spatial,1000,joint_predictive_ucb,joint_predictive_ts,mean_pseudo_regret_per_round,32,0.07828717649509981,0.0073991381483148495,0.06319653474986706,0.09337781824033256
no_spatial,1000,joint_predictive_ucb,joint_predictive_ts,stationary_mean_reward_regret_per_round,32,0.2751433131725837,0.013993009109144154,0.2466043829389368,0.3036822434062306
no_spatial,1000,joint_predictive_ucb,joint_predictive_ts,fixed_best_reward_regret_per_round,32,0.2751433131725834,0.013993009109144203,0.24660438293893638,0.3036822434062304
no_spatial,1000,joint_predictive_ucb,joint_predictive_ts,correct_selection,32,0.125,0.059398870413936426,0.0038552050900188956,0.2461447949099811
no_spatial,1000,joint_predictive_ucb,joint_predictive_ts,simple_regret,32,0.08596357504012894,0.0340961571481421,0.016424004066048145,0.15550314601420973
no_spatial,1000,joint_predictive_ucb,joint_predictive_ts,mean_squared_error,32,-0.02398837589960969,0.0051121501517223805,-0.034414674874044926,-0.01356207692517446
persistent,100,joint_state_ucb,iid_ucb,oracle_regret_per_round,32,0.0,0.0,0.0,0.0
persistent,100,joint_state_ucb,iid_ucb,mean_pseudo_regret_per_round,32,0.0,0.0,0.0,0.0
persistent,100,joint_state_ucb,iid_ucb,stationary_mean_reward_regret_per_round,32,0.0,0.0,0.0,0.0
persistent,100,joint_state_ucb,iid_ucb,fixed_best_reward_regret_per_round,32,0.0,0.0,0.0,0.0
persistent,100,joint_state_ucb,iid_ucb,correct_selection,32,0.0,0.0,0.0,0.0
persistent,100,joint_state_ucb,iid_ucb,simple_regret,32,-0.04543300038244265,0.034036631462148415,-0.11485116791953337,0.023985167154648074
persistent,100,joint_state_ucb,iid_ucb,mean_squared_error,32,0.6310016839259661,0.01578692417062107,0.598804039802744,0.6631993280491882
persistent,100,joint_state_ucb,ar_state_ucb,oracle_regret_per_round,32,0.0,0.0,0.0,0.0
persistent,100,joint_state_ucb,ar_state_ucb,mean_pseudo_regret_per_round,32,0.0,0.0,0.0,0.0
persistent,100,joint_state_ucb,ar_state_ucb,stationary_mean_reward_regret_per_round,32,0.0,0.0,0.0,0.0
persistent,100,joint_state_ucb,ar_state_ucb,fixed_best_reward_regret_per_round,32,0.0,0.0,0.0,0.0
persistent,100,joint_state_ucb,ar_state_ucb,correct_selection,32,0.0,0.0,0.0,0.0
persistent,100,joint_state_ucb,ar_state_ucb,simple_regret,32,-0.04543300038244265,0.034036631462148415,-0.11485116791953337,0.023985167154648074
persistent,100,joint_state_ucb,ar_state_ucb,mean_squared_error,32,0.6310016839259661,0.01578692417062107,0.598804039802744,0.6631993280491882
persistent,100,joint_state_ucb,joint_mean_ucb,oracle_regret_per_round,32,0.0,0.0,0.0,0.0
persistent,100,joint_state_ucb,joint_mean_ucb,mean_pseudo_regret_per_round,32,0.0,0.0,0.0,0.0
persistent,100,joint_state_ucb,joint_mean_ucb,stationary_mean_reward_regret_per_round,32,0.0,0.0,0.0,0.0
persistent,100,joint_state_ucb,joint_mean_ucb,fixed_best_reward_regret_per_round,32,0.0,0.0,0.0,0.0
persistent,100,joint_state_ucb,joint_mean_ucb,correct_selection,32,0.0,0.0,0.0,0.0
persistent,100,joint_state_ucb,joint_mean_ucb,simple_regret,32,0.0,0.0,0.0,0.0
persistent,100,joint_state_ucb,joint_mean_ucb,mean_squared_error,32,0.0,0.0,0.0,0.0
persistent,100,joint_predictive_ucb,iid_ucb,oracle_regret_per_round,32,0.0,0.0,0.0,0.0
persistent,100,joint_predictive_ucb,iid_ucb,mean_pseudo_regret_per_round,32,0.0,0.0,0.0,0.0
persistent,100,joint_predictive_ucb,iid_ucb,stationary_mean_reward_regret_per_round,32,0.0,0.0,0.0,0.0
persistent,100,joint_predictive_ucb,iid_ucb,fixed_best_reward_regret_per_round,32,0.0,0.0,0.0,0.0
persistent,100,joint_predictive_ucb,iid_ucb,correct_selection,32,0.0,0.0,0.0,0.0
persistent,100,joint_predictive_ucb,iid_ucb,simple_regret,32,-0.04543300038244265,0.034036631462148415,-0.11485116791953337,0.023985167154648074
persistent,100,joint_predictive_ucb,iid_ucb,mean_squared_error,32,0.6310016839259661,0.01578692417062107,0.598804039802744,0.6631993280491882
persistent,100,joint_predictive_ucb,ar_state_ucb,oracle_regret_per_round,32,0.0,0.0,0.0,0.0
persistent,100,joint_predictive_ucb,ar_state_ucb,mean_pseudo_regret_per_round,32,0.0,0.0,0.0,0.0
persistent,100,joint_predictive_ucb,ar_state_ucb,stationary_mean_reward_regret_per_round,32,0.0,0.0,0.0,0.0
persistent,100,joint_predictive_ucb,ar_state_ucb,fixed_best_reward_regret_per_round,32,0.0,0.0,0.0,0.0
persistent,100,joint_predictive_ucb,ar_state_ucb,correct_selection,32,0.0,0.0,0.0,0.0
persistent,100,joint_predictive_ucb,ar_state_ucb,simple_regret,32,-0.04543300038244265,0.034036631462148415,-0.11485116791953337,0.023985167154648074
persistent,100,joint_predictive_ucb,ar_state_ucb,mean_squared_error,32,0.6310016839259661,0.01578692417062107,0.598804039802744,0.6631993280491882
persistent,100,joint_predictive_ucb,joint_state_ucb,oracle_regret_per_round,32,0.0,0.0,0.0,0.0
persistent,100,joint_predictive_ucb,joint_state_ucb,mean_pseudo_regret_per_round,32,0.0,0.0,0.0,0.0
persistent,100,joint_predictive_ucb,joint_state_ucb,stationary_mean_reward_regret_per_round,32,0.0,0.0,0.0,0.0
persistent,100,joint_predictive_ucb,joint_state_ucb,fixed_best_reward_regret_per_round,32,0.0,0.0,0.0,0.0
persistent,100,joint_predictive_ucb,joint_state_ucb,correct_selection,32,0.0,0.0,0.0,0.0
persistent,100,joint_predictive_ucb,joint_state_ucb,simple_regret,32,0.0,0.0,0.0,0.0
persistent,100,joint_predictive_ucb,joint_state_ucb,mean_squared_error,32,0.0,0.0,0.0,0.0
persistent,100,joint_predictive_ts,joint_state_ts,oracle_regret_per_round,32,0.0,0.0,0.0,0.0
persistent,100,joint_predictive_ts,joint_state_ts,mean_pseudo_regret_per_round,32,0.0,0.0,0.0,0.0
persistent,100,joint_predictive_ts,joint_state_ts,stationary_mean_reward_regret_per_round,32,0.0,0.0,0.0,0.0
persistent,100,joint_predictive_ts,joint_state_ts,fixed_best_reward_regret_per_round,32,0.0,0.0,0.0,0.0
persistent,100,joint_predictive_ts,joint_state_ts,correct_selection,32,0.0,0.0,0.0,0.0
persistent,100,joint_predictive_ts,joint_state_ts,simple_regret,32,0.0,0.0,0.0,0.0
persistent,100,joint_predictive_ts,joint_state_ts,mean_squared_error,32,0.0,0.0,0.0,0.0
persistent,100,joint_predictive_ucb,joint_mean_ucb,oracle_regret_per_round,32,0.0,0.0,0.0,0.0
persistent,100,joint_predictive_ucb,joint_mean_ucb,mean_pseudo_regret_per_round,32,0.0,0.0,0.0,0.0
persistent,100,joint_predictive_ucb,joint_mean_ucb,stationary_mean_reward_regret_per_round,32,0.0,0.0,0.0,0.0
persistent,100,joint_predictive_ucb,joint_mean_ucb,fixed_best_reward_regret_per_round,32,0.0,0.0,0.0,0.0
persistent,100,joint_predictive_ucb,joint_mean_ucb,correct_selection,32,0.0,0.0,0.0,0.0
persistent,100,joint_predictive_ucb,joint_mean_ucb,simple_regret,32,0.0,0.0,0.0,0.0
persistent,100,joint_predictive_ucb,joint_mean_ucb,mean_squared_error,32,0.0,0.0,0.0,0.0
persistent,100,joint_mean_ucb,iid_ucb,oracle_regret_per_round,32,0.0,0.0,0.0,0.0
persistent,100,joint_mean_ucb,iid_ucb,mean_pseudo_regret_per_round,32,0.0,0.0,0.0,0.0
persistent,100,joint_mean_ucb,iid_ucb,stationary_mean_reward_regret_per_round,32,0.0,0.0,0.0,0.0
persistent,100,joint_mean_ucb,iid_ucb,fixed_best_reward_regret_per_round,32,0.0,0.0,0.0,0.0
persistent,100,joint_mean_ucb,iid_ucb,correct_selection,32,0.0,0.0,0.0,0.0
persistent,100,joint_mean_ucb,iid_ucb,simple_regret,32,-0.04543300038244265,0.034036631462148415,-0.11485116791953337,0.023985167154648074
persistent,100,joint_mean_ucb,iid_ucb,mean_squared_error,32,0.6310016839259661,0.01578692417062107,0.598804039802744,0.6631993280491882
persistent,100,joint_mean_ts,iid_ts,oracle_regret_per_round,32,0.0,0.0,0.0,0.0
persistent,100,joint_mean_ts,iid_ts,mean_pseudo_regret_per_round,32,0.0,0.0,0.0,0.0
persistent,100,joint_mean_ts,iid_ts,stationary_mean_reward_regret_per_round,32,0.0,0.0,0.0,0.0
persistent,100,joint_mean_ts,iid_ts,fixed_best_reward_regret_per_round,32,0.0,0.0,0.0,0.0
persistent,100,joint_mean_ts,iid_ts,correct_selection,32,0.0,0.0,0.0,0.0
persistent,100,joint_mean_ts,iid_ts,simple_regret,32,-0.04543300038244265,0.034036631462148415,-0.11485116791953337,0.023985167154648074
persistent,100,joint_mean_ts,iid_ts,mean_squared_error,32,0.6310016839259661,0.01578692417062107,0.598804039802744,0.6631993280491882
persistent,100,joint_lucb,round_robin,oracle_regret_per_round,32,0.0,0.0,0.0,0.0
persistent,100,joint_lucb,round_robin,mean_pseudo_regret_per_round,32,0.0,0.0,0.0,0.0
persistent,100,joint_lucb,round_robin,stationary_mean_reward_regret_per_round,32,0.0,0.0,0.0,0.0
persistent,100,joint_lucb,round_robin,fixed_best_reward_regret_per_round,32,0.0,0.0,0.0,0.0
persistent,100,joint_lucb,round_robin,correct_selection,32,0.0,0.0,0.0,0.0
persistent,100,joint_lucb,round_robin,simple_regret,32,0.0,0.0,0.0,0.0
persistent,100,joint_lucb,round_robin,mean_squared_error,32,0.0,0.0,0.0,0.0
persistent,100,joint_tt_ts,round_robin,oracle_regret_per_round,32,0.0,0.0,0.0,0.0
persistent,100,joint_tt_ts,round_robin,mean_pseudo_regret_per_round,32,0.0,0.0,0.0,0.0
persistent,100,joint_tt_ts,round_robin,stationary_mean_reward_regret_per_round,32,0.0,0.0,0.0,0.0
persistent,100,joint_tt_ts,round_robin,fixed_best_reward_regret_per_round,32,0.0,0.0,0.0,0.0
persistent,100,joint_tt_ts,round_robin,correct_selection,32,0.0,0.0,0.0,0.0
persistent,100,joint_tt_ts,round_robin,simple_regret,32,0.0,0.0,0.0,0.0
persistent,100,joint_tt_ts,round_robin,mean_squared_error,32,0.0,0.0,0.0,0.0
persistent,100,joint_lucb,joint_mean_ucb,oracle_regret_per_round,32,0.0,0.0,0.0,0.0
persistent,100,joint_lucb,joint_mean_ucb,mean_pseudo_regret_per_round,32,0.0,0.0,0.0,0.0
persistent,100,joint_lucb,joint_mean_ucb,stationary_mean_reward_regret_per_round,32,0.0,0.0,0.0,0.0
persistent,100,joint_lucb,joint_mean_ucb,fixed_best_reward_regret_per_round,32,0.0,0.0,0.0,0.0
persistent,100,joint_lucb,joint_mean_ucb,correct_selection,32,0.0,0.0,0.0,0.0
persistent,100,joint_lucb,joint_mean_ucb,simple_regret,32,0.0,0.0,0.0,0.0
persistent,100,joint_lucb,joint_mean_ucb,mean_squared_error,32,0.0,0.0,0.0,0.0
persistent,100,joint_tt_ts,joint_mean_ts,oracle_regret_per_round,32,0.0,0.0,0.0,0.0
persistent,100,joint_tt_ts,joint_mean_ts,mean_pseudo_regret_per_round,32,0.0,0.0,0.0,0.0
persistent,100,joint_tt_ts,joint_mean_ts,stationary_mean_reward_regret_per_round,32,0.0,0.0,0.0,0.0
persistent,100,joint_tt_ts,joint_mean_ts,fixed_best_reward_regret_per_round,32,0.0,0.0,0.0,0.0
persistent,100,joint_tt_ts,joint_mean_ts,correct_selection,32,0.0,0.0,0.0,0.0
persistent,100,joint_tt_ts,joint_mean_ts,simple_regret,32,0.0,0.0,0.0,0.0
persistent,100,joint_tt_ts,joint_mean_ts,mean_squared_error,32,0.0,0.0,0.0,0.0
persistent,100,joint_predictive_ucb,joint_predictive_ts,oracle_regret_per_round,32,0.0,0.0,0.0,0.0
persistent,100,joint_predictive_ucb,joint_predictive_ts,mean_pseudo_regret_per_round,32,0.0,0.0,0.0,0.0
persistent,100,joint_predictive_ucb,joint_predictive_ts,stationary_mean_reward_regret_per_round,32,0.0,0.0,0.0,0.0
persistent,100,joint_predictive_ucb,joint_predictive_ts,fixed_best_reward_regret_per_round,32,0.0,0.0,0.0,0.0
persistent,100,joint_predictive_ucb,joint_predictive_ts,correct_selection,32,0.0,0.0,0.0,0.0
persistent,100,joint_predictive_ucb,joint_predictive_ts,simple_regret,32,0.0,0.0,0.0,0.0
persistent,100,joint_predictive_ucb,joint_predictive_ts,mean_squared_error,32,0.0,0.0,0.0,0.0
persistent,250,joint_state_ucb,iid_ucb,oracle_regret_per_round,32,0.19499552014207874,0.02433058134675956,0.145372972326721,0.24461806795743649
persistent,250,joint_state_ucb,iid_ucb,mean_pseudo_regret_per_round,32,0.0268588418464203,0.01106377877549734,0.004294116265838293,0.04942356742700231
persistent,250,joint_state_ucb,iid_ucb,stationary_mean_reward_regret_per_round,32,0.1949955201420785,0.02433058134675958,0.1453729723267207,0.2446180679574363
persistent,250,joint_state_ucb,iid_ucb,fixed_best_reward_regret_per_round,32,0.19499552014207833,0.024330581346759594,0.14537297232672053,0.24461806795743612
persistent,250,joint_state_ucb,iid_ucb,correct_selection,32,-0.0625,0.04347552147751577,-0.15116891064248925,0.026168910642489246
persistent,250,joint_state_ucb,iid_ucb,simple_regret,32,-0.03608423229955622,0.046756769838494666,-0.13144529309522807,0.05927682849611564
persistent,250,joint_state_ucb,iid_ucb,mean_squared_error,32,0.432252904156267,0.016791068394314733,0.39800729438670035,0.46649851392583364
persistent,250,joint_state_ucb,ar_state_ucb,oracle_regret_per_round,32,0.19254751254969188,0.02063114579709032,0.15047001328196144,0.23462501181742232
persistent,250,joint_state_ucb,ar_state_ucb,mean_pseudo_regret_per_round,32,0.028427226050668927,0.010420645718722657,0.007174178987200911,0.04968027311413695
persistent,250,joint_state_ucb,ar_state_ucb,stationary_mean_reward_regret_per_round,32,0.1925475125496917,0.02063114579709033,0.15047001328196125,0.23462501181742218
persistent,250,joint_state_ucb,ar_state_ucb,fixed_best_reward_regret_per_round,32,0.1925475125496917,0.02063114579709037,0.15047001328196116,0.23462501181742226
persistent,250,joint_state_ucb,ar_state_ucb,correct_selection,32,0.0,0.0,0.0,0.0
persistent,250,joint_state_ucb,ar_state_ucb,simple_regret,32,-0.024220536245031954,0.047121918488206904,-0.12032632262172542,0.07188525013166151
persistent,250,joint_state_ucb,ar_state_ucb,mean_squared_error,32,0.37624483885764115,0.015733404595403254,0.34415634862772115,0.40833332908756115
persistent,250,joint_state_ucb,joint_mean_ucb,oracle_regret_per_round,32,0.09000799632393916,0.027740590175588286,0.03343068964985477,0.14658530299802355
persistent,250,joint_state_ucb,joint_mean_ucb,mean_pseudo_regret_per_round,32,0.03753240575268477,0.02393335141274675,-0.01127998627094269,0.08634479777631222
persistent,250,joint_state_ucb,joint_mean_ucb,stationary_mean_reward_regret_per_round,32,0.09000799632393916,0.027740590175588355,0.03343068964985462,0.1465853029980237
persistent,250,joint_state_ucb,joint_mean_ucb,fixed_best_reward_regret_per_round,32,0.09000799632393905,0.027740590175588314,0.0334306896498546,0.1465853029980235
persistent,250,joint_state_ucb,joint_mean_ucb,correct_selection,32,0.0,0.0,0.0,0.0
persistent,250,joint_state_ucb,joint_mean_ucb,simple_regret,32,0.05050265391149933,0.06437643461389381,-0.08079395011459622,0.18179925793759488
persistent,250,joint_state_ucb,joint_mean_ucb,mean_squared_error,32,-0.006149919380278284,0.003505029745302792,-0.013298474675842704,0.0009986359152861363
persistent,250,joint_predictive_ucb,iid_ucb,oracle_regret_per_round,32,0.06497155728174625,0.023034753514856236,0.01799186775377004,0.11195124680972246
persistent,250,joint_predictive_ucb,iid_ucb,mean_pseudo_regret_per_round,32,0.01062339521526462,0.007392018189690729,-0.004452725278616454,0.025699515709145693
persistent,250,joint_predictive_ucb,iid_ucb,stationary_mean_reward_regret_per_round,32,0.06497155728174642,0.023034753514856246,0.017991867753770187,0.11195124680972265
persistent,250,joint_predictive_ucb,iid_ucb,fixed_best_reward_regret_per_round,32,0.06497155728174626,0.02303475351485626,0.017991867753770006,0.11195124680972252
persistent,250,joint_predictive_ucb,iid_ucb,correct_selection,32,-0.03125,0.03125,-0.09498479519988774,0.03248479519988774
persistent,250,joint_predictive_ucb,iid_ucb,simple_regret,32,-0.01885587464279359,0.05781111995972255,-0.1367624311518835,0.09905068186629631
persistent,250,joint_predictive_ucb,iid_ucb,mean_squared_error,32,0.4328881540855547,0.01715850285147691,0.3978931567999364,0.467883151371173
persistent,250,joint_predictive_ucb,ar_state_ucb,oracle_regret_per_round,32,0.06252354968935936,0.022526125138126456,0.016581214574942313,0.1084658848037764
persistent,250,joint_predictive_ucb,ar_state_ucb,mean_pseudo_regret_per_round,32,0.012191779419513247,0.005772584585045279,0.000418515537852774,0.02396504330117372
persistent,250,joint_predictive_ucb,ar_state_ucb,stationary_mean_reward_regret_per_round,32,0.06252354968935964,0.022526125138126445,0.01658121457494261,0.10846588480377667
persistent,250,joint_predictive_ucb,ar_state_ucb,fixed_best_reward_regret_per_round,32,0.06252354968935965,0.02252612513812649,0.016581214574942535,0.10846588480377677
persistent,250,joint_predictive_ucb,ar_state_ucb,correct_selection,32,0.03125,0.03125,-0.03248479519988774,0.09498479519988774
persistent,250,joint_predictive_ucb,ar_state_ucb,simple_regret,32,-0.00699217858826932,0.047726237884332764,-0.10433048249927963,0.09034612532274099
persistent,250,joint_predictive_ucb,ar_state_ucb,mean_squared_error,32,0.3768800887869289,0.015866956812178357,0.3445192170151001,0.40924096055875775
persistent,250,joint_predictive_ucb,joint_state_ucb,oracle_regret_per_round,32,-0.1300239628603325,0.023830846464680786,-0.17862729466405725,-0.08142063105660774
persistent,250,joint_predictive_ucb,joint_state_ucb,mean_pseudo_regret_per_round,32,-0.01623544663115568,0.009631703783470152,-0.03587943600925021,0.003408542746938848
persistent,250,joint_predictive_ucb,joint_state_ucb,stationary_mean_reward_regret_per_round,32,-0.13002396286033208,0.023830846464680776,-0.1786272946640568,-0.08142063105660734
persistent,250,joint_predictive_ucb,joint_state_ucb,fixed_best_reward_regret_per_round,32,-0.13002396286033208,0.023830846464680797,-0.17862729466405686,-0.0814206310566073
persistent,250,joint_predictive_ucb,joint_state_ucb,correct_selection,32,0.03125,0.03125,-0.03248479519988774,0.09498479519988774
persistent,250,joint_predictive_ucb,joint_state_ucb,simple_regret,32,0.017228357656762634,0.04333855875145841,-0.07116121566427751,0.10561793097780277
persistent,250,joint_predictive_ucb,joint_state_ucb,mean_squared_error,32,0.0006352499292877744,0.004474549184296829,-0.008490653298647687,0.009761153157223236
persistent,250,joint_predictive_ts,joint_state_ts,oracle_regret_per_round,32,0.11486708478150495,0.01876506040276972,0.07659549176761532,0.15313867779539458
persistent,250,joint_predictive_ts,joint_state_ts,mean_pseudo_regret_per_round,32,0.014670231098449723,0.006260655891570079,0.0019015392243316564,0.027438922972567788
persistent,250,joint_predictive_ts,joint_state_ts,stationary_mean_reward_regret_per_round,32,0.11486708478150505,0.018765060402769734,0.07659549176761538,0.15313867779539472
persistent,250,joint_predictive_ts,joint_state_ts,fixed_best_reward_regret_per_round,32,0.11486708478150506,0.018765060402769766,0.07659549176761533,0.1531386777953948
persistent,250,joint_predictive_ts,joint_state_ts,correct_selection,32,0.03125,0.03125,-0.03248479519988774,0.09498479519988774
persistent,250,joint_predictive_ts,joint_state_ts,simple_regret,32,0.0066351223632808085,0.06197639286891513,-0.11976656425201804,0.13303680897857967
persistent,250,joint_predictive_ts,joint_state_ts,mean_squared_error,32,-0.001486015225031878,0.006041264264712003,-0.013807254926146116,0.010835224476082359
persistent,250,joint_predictive_ucb,joint_mean_ucb,oracle_regret_per_round,32,-0.04001596653639333,0.02852500338226238,-0.09819309449302047,0.018161161420233808
persistent,250,joint_predictive_ucb,joint_mean_ucb,mean_pseudo_regret_per_round,32,0.02129695912152909,0.023922710083515684,-0.02749372976804408,0.07008764801110226
persistent,250,joint_predictive_ucb,joint_mean_ucb,stationary_mean_reward_regret_per_round,32,-0.040015966536392944,0.0285250033822624,-0.09819309449302012,0.01816116142023423
persistent,250,joint_predictive_ucb,joint_mean_ucb,fixed_best_reward_regret_per_round,32,-0.04001596653639303,0.028525003382262413,-0.09819309449302023,0.018161161420234176
persistent,250,joint_predictive_ucb,joint_mean_ucb,correct_selection,32,0.03125,0.03125,-0.03248479519988774,0.09498479519988774
persistent,250,joint_predictive_ucb,joint_mean_ucb,simple_regret,32,0.06773101156826195,0.06788229503823937,-0.07071584193447539,0.20617786507099928
persistent,250,joint_predictive_ucb,joint_mean_ucb,mean_squared_error,32,-0.0055146694509905095,0.004681090285912214,-0.015061816032904074,0.004032477130923056
persistent,250,joint_mean_ucb,iid_ucb,oracle_regret_per_round,32,0.1049875238181396,0.03373506668294443,0.036184401703194966,0.17379064593308424
persistent,250,joint_mean_ucb,iid_ucb,mean_pseudo_regret_per_round,32,-0.01067356390626447,0.02405268085855686,-0.05972932993917268,0.03838220212664374
persistent,250,joint_mean_ucb,iid_ucb,stationary_mean_reward_regret_per_round,32,0.10498752381813935,0.033735066682944466,0.036184401703194646,0.17379064593308405
persistent,250,joint_mean_ucb,iid_ucb,fixed_best_reward_regret_per_round,32,0.10498752381813929,0.03373506668294446,0.036184401703194605,0.17379064593308396
persistent,250,joint_mean_ucb,iid_ucb,correct_selection,32,-0.0625,0.04347552147751577,-0.15116891064248925,0.026168910642489246
persistent,250,joint_mean_ucb,iid_ucb,simple_regret,32,-0.08658688621105556,0.08119949599714579,-0.2521943501378457,0.07902057771573456
persistent,250,joint_mean_ucb,iid_ucb,mean_squared_error,32,0.43840282353654525,0.016096625884135907,0.4055735386042376,0.4712321084688529
persistent,250,joint_mean_ts,iid_ts,oracle_regret_per_round,32,-0.027123124445354065,0.019568827070321235,-0.06703401038548024,0.012787761494772114
persistent,250,joint_mean_ts,iid_ts,mean_pseudo_regret_per_round,32,-0.012162556560567275,0.005998202750444904,-0.02439597172431157,7.085860317702398e-05
persistent,250,joint_mean_ts,iid_ts,stationary_mean_reward_regret_per_round,32,-0.027123124445354047,0.019568827070321242,-0.06703401038548025,0.012787761494772152
persistent,250,joint_mean_ts,iid_ts,fixed_best_reward_regret_per_round,32,-0.02712312444535406,0.019568827070321218,-0.06703401038548021,0.012787761494772083
persistent,250,joint_mean_ts,iid_ts,correct_selection,32,-0.03125,0.03125,-0.09498479519988774,0.03248479519988774
persistent,250,joint_mean_ts,iid_ts,simple_regret,32,0.01973038197153818,0.05788085847146342,-0.09831840716997889,0.13777917111305524
persistent,250,joint_mean_ts,iid_ts,mean_squared_error,32,0.4164116091472783,0.020163877419525935,0.37528711001866627,0.45753610827589036
persistent,250,joint_lucb,round_robin,oracle_regret_per_round,32,0.5587349770489378,0.026305048711745247,0.5050854764932209,0.6123844776046548
persistent,250,joint_lucb,round_robin,mean_pseudo_regret_per_round,32,0.023085648823176253,0.014513834630161739,-0.006515512063812446,0.052686809710164956
persistent,250,joint_lucb,round_robin,stationary_mean_reward_regret_per_round,32,0.558734977048938,0.026305048711745195,0.5050854764932212,0.6123844776046549
persistent,250,joint_lucb,round_robin,fixed_best_reward_regret_per_round,32,0.5587349770489382,0.02630504871174517,0.5050854764932213,0.612384477604655
persistent,250,joint_lucb,round_robin,correct_selection,32,-0.03125,0.03125,-0.09498479519988774,0.03248479519988774
persistent,250,joint_lucb,round_robin,simple_regret,32,-0.017424354744958306,0.056186337532809535,-0.13201714564689052,0.0971684361569739
persistent,250,joint_lucb,round_robin,mean_squared_error,32,-0.01137280359171827,0.010614098687902333,-0.03302040058707355,0.010274793403637005
persistent,250,joint_tt_ts,round_robin,oracle_regret_per_round,32,0.2260250139646156,0.018374882823316212,0.1885491933705038,0.2635008345587274
persistent,250,joint_tt_ts,round_robin,mean_pseudo_regret_per_round,32,0.0014752944473303518,0.004689510135832001,-0.008089024531711259,0.011039613426371962
persistent,250,joint_tt_ts,round_robin,stationary_mean_reward_regret_per_round,32,0.22602501396461575,0.018374882823316178,0.18854919337050402,0.26350083455872747
persistent,250,joint_tt_ts,round_robin,fixed_best_reward_regret_per_round,32,0.22602501396461577,0.01837488282331618,0.18854919337050402,0.2635008345587275
persistent,250,joint_tt_ts,round_robin,correct_selection,32,-0.03125,0.03125,-0.09498479519988774,0.03248479519988774
persistent,250,joint_tt_ts,round_robin,simple_regret,32,0.005847505729587466,0.04182913598832706,-0.07946357956974948,0.0911585910289244
persistent,250,joint_tt_ts,round_robin,mean_squared_error,32,-0.02161752329932726,0.00856760385786679,-0.039091266570844316,-0.004143780027810205
persistent,250,joint_lucb,joint_mean_ucb,oracle_regret_per_round,32,-0.11185205666042682,0.024829636528373018,-0.162492434229179,-0.061211679091674624
persistent,250,joint_lucb,joint_mean_ucb,mean_pseudo_regret_per_round,32,-0.010808051321083607,0.01931709371377686,-0.05020552369563104,0.028589421053463824
persistent,250,joint_lucb,joint_mean_ucb,stationary_mean_reward_regret_per_round,32,-0.11185205666042645,0.024829636528372993,-0.16249243422917858,-0.06121167909167431
persistent,250,joint_lucb,joint_mean_ucb,fixed_best_reward_regret_per_round,32,-0.11185205666042647,0.02482963652837301,-0.16249243422917864,-0.06121167909167429
persistent,250,joint_lucb,joint_mean_ucb,correct_selection,32,0.0,0.0,0.0,0.0
persistent,250,joint_lucb,joint_mean_ucb,simple_regret,32,-0.019646832278416716,0.0560507197571167,-0.133963028903253,0.0946693643464196
persistent,250,joint_lucb,joint_mean_ucb,mean_squared_error,32,-0.0032435317949173464,0.0025050524434960205,-0.008352619937355657,0.0018655563475209651
persistent,250,joint_tt_ts,joint_mean_ts,oracle_regret_per_round,32,-0.08608968872970937,0.012079793552051606,-0.11072659010881125,-0.061452787350607496
persistent,250,joint_tt_ts,joint_mean_ts,mean_pseudo_regret_per_round,32,-0.015240855321696962,0.004620140500119444,-0.024663693995931192,-0.0058180166474627315
persistent,250,joint_tt_ts,joint_mean_ts,stationary_mean_reward_regret_per_round,32,-0.08608968872970924,0.012079793552051661,-0.11072659010881122,-0.061452787350607246
persistent,250,joint_tt_ts,joint_mean_ts,fixed_best_reward_regret_per_round,32,-0.08608968872970915,0.01207979355205164,-0.1107265901088111,-0.061452787350607205
persistent,250,joint_tt_ts,joint_mean_ts,correct_selection,32,0.0,0.0,0.0,0.0
persistent,250,joint_tt_ts,joint_mean_ts,simple_regret,32,-0.041723106519732434,0.04818387701491181,-0.13999477159115586,0.056548558551691
persistent,250,joint_tt_ts,joint_mean_ts,mean_squared_error,32,-0.0042051067069426885,0.006566902225720098,-0.01759839209746933,0.00918817868358395
persistent,250,joint_predictive_ucb,joint_predictive_ts,oracle_regret_per_round,32,0.14850781454471296,0.02037042967958418,0.10696204930432855,0.19005357978509735
persistent,250,joint_predictive_ucb,joint_predictive_ts,mean_pseudo_regret_per_round,32,0.015696490357434104,0.007893583769819013,-0.0004025798813682216,0.03179556059623643
persistent,250,joint_predictive_ucb,joint_predictive_ts,stationary_mean_reward_regret_per_round,32,0.148507814544713,0.02037042967958414,0.10696204930432869,0.19005357978509735
persistent,250,joint_predictive_ucb,joint_predictive_ts,fixed_best_reward_regret_per_round,32,0.14850781454471296,0.020370429679584162,0.1069620493043286,0.19005357978509732
persistent,250,joint_predictive_ucb,joint_predictive_ts,correct_selection,32,0.0,0.04490132550669372,-0.09157685713192384,0.09157685713192384
persistent,250,joint_predictive_ucb,joint_predictive_ts,simple_regret,32,0.022412060976178615,0.048799148571048084,-0.07711445870717001,0.12193858065952723
persistent,250,joint_predictive_ucb,joint_predictive_ts,mean_squared_error,32,0.005472833508012918,0.006040471348387248,-0.006846789029595115,0.01779245604562095
persistent,500,joint_state_ucb,iid_ucb,oracle_regret_per_round,32,0.1754397141461686,0.02399577629769842,0.12650000573029246,0.22437942256204474
persistent,500,joint_state_ucb,iid_ucb,mean_pseudo_regret_per_round,32,0.00982476158542143,0.01643982875412181,-0.02370449021506431,0.043354013385907164
persistent,500,joint_state_ucb,iid_ucb,stationary_mean_reward_regret_per_round,32,0.17543971414616877,0.02399577629769848,0.12650000573029252,0.22437942256204502
persistent,500,joint_state_ucb,iid_ucb,fixed_best_reward_regret_per_round,32,0.1754397141461687,0.023995776297698404,0.1265000057302926,0.22437942256204482
persistent,500,joint_state_ucb,iid_ucb,correct_selection,32,0.0,0.07777137710478188,-0.15861576934996838,0.15861576934996838
persistent,500,joint_state_ucb,iid_ucb,simple_regret,32,0.10002441661996152,0.08628768030859689,-0.07596046762777638,0.2760093008676994
persistent,500,joint_state_ucb,iid_ucb,mean_squared_error,32,0.4126775285143633,0.016992436199812402,0.3780212263978128,0.44733383063091375
persistent,500,joint_state_ucb,ar_state_ucb,oracle_regret_per_round,32,0.20946349241683535,0.021630934960159984,0.1653469097074629,0.2535800751262078
persistent,500,joint_state_ucb,ar_state_ucb,mean_pseudo_regret_per_round,32,0.015531873090862592,0.012441128343601768,-0.009841975454256682,0.04090572163598186
persistent,500,joint_state_ucb,ar_state_ucb,stationary_mean_reward_regret_per_round,32,0.20946349241683518,0.02163093496015996,0.1653469097074628,0.25358007512620756
persistent,500,joint_state_ucb,ar_state_ucb,fixed_best_reward_regret_per_round,32,0.20946349241683526,0.02163093496015996,0.16534690970746288,0.2535800751262076
persistent,500,joint_state_ucb,ar_state_ucb,correct_selection,32,-0.03125,0.05470549819038361,-0.14282259915110174,0.08032259915110172
persistent,500,joint_state_ucb,ar_state_ucb,simple_regret,32,-0.014378155876046888,0.03479409946083464,-0.08534118958167315,0.05658487782957937
persistent,500,joint_state_ucb,ar_state_ucb,mean_squared_error,32,0.31523917262041046,0.0157528077774723,0.2831111093397578,0.3473672359010631
persistent,500,joint_state_ucb,joint_mean_ucb,oracle_regret_per_round,32,0.1400880082997435,0.03003057360147353,0.07884024963654124,0.20133576696294575
persistent,500,joint_state_ucb,joint_mean_ucb,mean_pseudo_regret_per_round,32,0.02193229484793798,0.0313044424146418,-0.04191353638866601,0.08577812608454197
persistent,500,joint_state_ucb,joint_mean_ucb,stationary_mean_reward_regret_per_round,32,0.1400880082997435,0.030030573601473536,0.07884024963654122,0.20133576696294575
persistent,500,joint_state_ucb,joint_mean_ucb,fixed_best_reward_regret_per_round,32,0.1400880082997436,0.030030573601473525,0.07884024963654135,0.20133576696294586
persistent,500,joint_state_ucb,joint_mean_ucb,correct_selection,32,0.0625,0.04347552147751577,-0.026168910642489246,0.15116891064248925
persistent,500,joint_state_ucb,joint_mean_ucb,simple_regret,32,0.09339017462307025,0.04307175840954409,0.0055447441868675396,0.18123560505927297
persistent,500,joint_state_ucb,joint_mean_ucb,mean_squared_error,32,-0.011059003694170032,0.0041230268830577685,-0.01946797246202022,-0.0026500349263198428
persistent,500,joint_predictive_ucb,iid_ucb,oracle_regret_per_round,32,0.02292945205470507,0.025717773569330946,-0.029522292951323532,0.07538119706073368
persistent,500,joint_predictive_ucb,iid_ucb,mean_pseudo_regret_per_round,32,-0.006001071117394306,0.010456315123746803,-0.02732686641203403,0.015324724177245418
persistent,500,joint_predictive_ucb,iid_ucb,stationary_mean_reward_regret_per_round,32,0.022929452054705618,0.02571777356933093,-0.02952229295132295,0.07538119706073418
persistent,500,joint_predictive_ucb,iid_ucb,fixed_best_reward_regret_per_round,32,0.022929452054705406,0.025717773569330946,-0.029522292951323196,0.07538119706073401
persistent,500,joint_predictive_ucb,iid_ucb,correct_selection,32,-0.0625,0.0625,-0.18996959039977548,0.06496959039977548
persistent,500,joint_predictive_ucb,iid_ucb,simple_regret,32,0.023577498593034756,0.08585186811381802,-0.1515185408233481,0.19867353800941762
persistent,500,joint_predictive_ucb,iid_ucb,mean_squared_error,32,0.409060323700707,0.01811423051010518,0.37211610700422343,0.44600454039719056
persistent,500,joint_predictive_ucb,ar_state_ucb,oracle_regret_per_round,32,0.05695323032537182,0.01907313861881525,0.01805330764731551,0.09585315300342813
persistent,500,joint_predictive_ucb,ar_state_ucb,mean_pseudo_regret_per_round,32,-0.0002939596119531443,0.0073883172383452595,-0.015362531965800674,0.014774612741894386
persistent,500,joint_predictive_ucb,ar_state_ucb,stationary_mean_reward_regret_per_round,32,0.056953230325372056,0.019073138618815204,0.018053307647315837,0.09585315300342828
persistent,500,joint_predictive_ucb,ar_state_ucb,fixed_best_reward_regret_per_round,32,0.056953230325371945,0.019073138618815218,0.0180533076473157,0.0958531530034282
persistent,500,joint_predictive_ucb,ar_state_ucb,correct_selection,32,-0.09375,0.0523514603733822,-0.2005215073700017,0.013021507370001711
persistent,500,joint_predictive_ucb,ar_state_ucb,simple_regret,32,-0.09082507390297363,0.0541662359261588,-0.2012978404150547,0.019647692609107426
persistent,500,joint_predictive_ucb,ar_state_ucb,mean_squared_error,32,0.31162196780675416,0.016996039877752712,0.27695831594058795,0.3462856196729204
persistent,500,joint_predictive_ucb,joint_state_ucb,oracle_regret_per_round,32,-0.15251026209146354,0.021101626343437555,-0.19554731275973708,-0.10947321142318998
persistent,500,joint_predictive_ucb,joint_state_ucb,mean_pseudo_regret_per_round,32,-0.015825832702815734,0.013189241164995825,-0.04272546740658974,0.011073802000958272
persistent,500,joint_predictive_ucb,joint_state_ucb,stationary_mean_reward_regret_per_round,32,-0.15251026209146315,0.02110162634343758,-0.19554731275973675,-0.10947321142318955
persistent,500,joint_predictive_ucb,joint_state_ucb,fixed_best_reward_regret_per_round,32,-0.15251026209146334,0.021101626343437555,-0.1955473127597369,-0.10947321142318979
persistent,500,joint_predictive_ucb,joint_state_ucb,correct_selection,32,-0.0625,0.04347552147751577,-0.15116891064248925,0.026168910642489246
persistent,500,joint_predictive_ucb,joint_state_ucb,simple_regret,32,-0.07644691802692674,0.05714265172867197,-0.19299012459030018,0.040096288536446686
persistent,500,joint_predictive_ucb,joint_state_ucb,mean_squared_error,32,-0.003617204813656282,0.0045446706004784254,-0.012886121612774467,0.005651711985461903
persistent,500,joint_predictive_ts,joint_state_ts,oracle_regret_per_round,32,0.14979636728828088,0.013533942051309745,0.12219371049188488,0.1773990240846769
persistent,500,joint_predictive_ts,joint_state_ts,mean_pseudo_regret_per_round,32,0.0193948508795867,0.007638698414739551,0.0038156227497584613,0.03497407900941494
persistent,500,joint_predictive_ts,joint_state_ts,stationary_mean_reward_regret_per_round,32,0.14979636728828122,0.013533942051309799,0.1221937104918851,0.17739902408467734
persistent,500,joint_predictive_ts,joint_state_ts,fixed_best_reward_regret_per_round,32,0.14979636728828138,0.01353394205130981,0.12219371049188524,0.17739902408467753
persistent,500,joint_predictive_ts,joint_state_ts,correct_selection,32,-0.0625,0.0625,-0.18996959039977548,0.06496959039977548
persistent,500,joint_predictive_ts,joint_state_ts,simple_regret,32,-0.04200113820699898,0.07302482887543549,-0.19093625861924635,0.10693398220524837
persistent,500,joint_predictive_ts,joint_state_ts,mean_squared_error,32,-0.003009634381518008,0.005820068361404162,-0.014879742063548106,0.008860473300512088
persistent,500,joint_predictive_ucb,joint_mean_ucb,oracle_regret_per_round,32,-0.012422253791720024,0.030948339478078457,-0.07554180830090182,0.05069730071746178
persistent,500,joint_predictive_ucb,joint_mean_ucb,mean_pseudo_regret_per_round,32,0.006106462145122244,0.03100556458015557,-0.057129803729217235,0.06934272801946172
persistent,500,joint_predictive_ucb,joint_mean_ucb,stationary_mean_reward_regret_per_round,32,-0.012422253791719646,0.030948339478078474,-0.07554180830090147,0.05069730071746219
persistent,500,joint_predictive_ucb,joint_mean_ucb,fixed_best_reward_regret_per_round,32,-0.012422253791719705,0.030948339478078474,-0.07554180830090154,0.050697300717462125
persistent,500,joint_predictive_ucb,joint_mean_ucb,correct_selection,32,0.0,0.04490132550669372,-0.09157685713192384,0.09157685713192384
persistent,500,joint_predictive_ucb,joint_mean_ucb,simple_regret,32,0.01694325659614351,0.05841812950338334,-0.10220130403933352,0.13608781723162053
persistent,500,joint_predictive_ucb,joint_mean_ucb,mean_squared_error,32,-0.014676208507826312,0.0053625724549729754,-0.02561324713701869,-0.0037391698786339335
persistent,500,joint_mean_ucb,iid_ucb,oracle_regret_per_round,32,0.035351705846425094,0.032859098189808436,-0.03166486674814907,0.10236827844099926
persistent,500,joint_mean_ucb,iid_ucb,mean_pseudo_regret_per_round,32,-0.01210753326251655,0.037182671803161975,-0.08794209237800997,0.06372702585297686
persistent,500,joint_mean_ucb,iid_ucb,stationary_mean_reward_regret_per_round,32,0.03535170584642526,0.03285909818980845,-0.03166486674814893,0.10236827844099945
persistent,500,joint_mean_ucb,iid_ucb,fixed_best_reward_regret_per_round,32,0.03535170584642511,0.032859098189808464,-0.03166486674814911,0.10236827844099933
persistent,500,joint_mean_ucb,iid_ucb,correct_selection,32,-0.0625,0.0625,-0.18996959039977548,0.06496959039977548
persistent,500,joint_mean_ucb,iid_ucb,simple_regret,32,0.006634241996891249,0.08552168447025563,-0.16778838343866595,0.18105686743244845
persistent,500,joint_mean_ucb,iid_ucb,mean_squared_error,32,0.42373653220853336,0.015885569591074435,0.39133769942387114,0.45613536499319557
persistent,500,joint_mean_ts,iid_ts,oracle_regret_per_round,32,-0.09857836093193398,0.02185746353204379,-0.14315695170965642,-0.05399977015421155
persistent,500,joint_mean_ts,iid_ts,mean_pseudo_regret_per_round,32,-0.029633826117699043,0.010671789314799805,-0.051399083922342756,-0.007868568313055335
persistent,500,joint_mean_ts,iid_ts,stationary_mean_reward_regret_per_round,32,-0.09857836093193371,0.02185746353204379,-0.14315695170965614,-0.053999770154211285
persistent,500,joint_mean_ts,iid_ts,fixed_best_reward_regret_per_round,32,-0.09857836093193384,0.02185746353204379,-0.14315695170965625,-0.05399977015421141
persistent,500,joint_mean_ts,iid_ts,correct_selection,32,0.03125,0.08381497239022508,-0.1396917631992077,0.2021917631992077
persistent,500,joint_mean_ts,iid_ts,simple_regret,32,0.021200740359989336,0.08017466600986557,-0.14231656902747253,0.1847180497474512
persistent,500,joint_mean_ts,iid_ts,mean_squared_error,32,0.3422218369750811,0.021594033054789873,0.29818051619790864,0.3862631577522535
persistent,500,joint_lucb,round_robin,oracle_regret_per_round,32,0.7413861556597783,0.028532983761359283,0.6831927516126757,0.7995795597068809
persistent,500,joint_lucb,round_robin,mean_pseudo_regret_per_round,32,0.10199683264355508,0.02045861229697056,0.060271217769272724,0.14372244751783744
persistent,500,joint_lucb,round_robin,stationary_mean_reward_regret_per_round,32,0.7413861556597782,0.028532983761359258,0.6831927516126756,0.7995795597068808
persistent,500,joint_lucb,round_robin,fixed_best_reward_regret_per_round,32,0.7413861556597783,0.028532983761359296,0.6831927516126757,0.7995795597068809
persistent,500,joint_lucb,round_robin,correct_selection,32,0.0625,0.04347552147751577,-0.026168910642489246,0.15116891064248925
persistent,500,joint_lucb,round_robin,simple_regret,32,0.14924781203628046,0.0653002957904867,0.016066980717920093,0.2824286433546408
persistent,500,joint_lucb,round_robin,mean_squared_error,32,-0.04030937134071444,0.010861559459477156,-0.0624616679071522,-0.018157074774276683
persistent,500,joint_tt_ts,round_robin,oracle_regret_per_round,32,0.3542416686931288,0.01876781533222233,0.31596445696357667,0.3925188804226809
persistent,500,joint_tt_ts,round_robin,mean_pseudo_regret_per_round,32,0.051466828119033546,0.007059909222182967,0.03706804833005338,0.06586560790801371
persistent,500,joint_tt_ts,round_robin,stationary_mean_reward_regret_per_round,32,0.35424166869312906,0.018767815332222264,0.3159644569635771,0.392518880422681
persistent,500,joint_tt_ts,round_robin,fixed_best_reward_regret_per_round,32,0.3542416686931293,0.01876781533222228,0.3159644569635773,0.3925188804226813
persistent,500,joint_tt_ts,round_robin,correct_selection,32,0.125,0.059398870413936426,0.0038552050900188956,0.2461447949099811
persistent,500,joint_tt_ts,round_robin,simple_regret,32,0.1666574780875526,0.07720301208762297,0.009200896832541161,0.32411405934256404
persistent,500,joint_tt_ts,round_robin,mean_squared_error,32,-0.054738258489932225,0.010777030336977527,-0.0767181567744199,-0.03275836020544455
persistent,500,joint_lucb,joint_mean_ucb,oracle_regret_per_round,32,-0.17796285813532706,0.022776096869820402,-0.2244150139577529,-0.1315107023129012
persistent,500,joint_lucb,joint_mean_ucb,mean_pseudo_regret_per_round,32,-0.021712099224149344,0.026236050799119955,-0.07522087760929372,0.031796679160995024
persistent,500,joint_lucb,joint_mean_ucb,stationary_mean_reward_regret_per_round,32,-0.17796285813532703,0.022776096869820392,-0.22441501395775285,-0.1315107023129012
persistent,500,joint_lucb,joint_mean_ucb,fixed_best_reward_regret_per_round,32,-0.17796285813532683,0.022776096869820423,-0.2244150139577527,-0.13151070231290096
persistent,500,joint_lucb,joint_mean_ucb,correct_selection,32,0.03125,0.03125,-0.03248479519988774,0.09498479519988774
persistent,500,joint_lucb,joint_mean_ucb,simple_regret,32,0.06548989078356499,0.050529424493629585,-0.03756554990986455,0.16854533147699452
persistent,500,joint_lucb,joint_mean_ucb,mean_squared_error,32,0.0030463407817223143,0.0036574640462667916,-0.00441310632035022,0.010505787883794849
persistent,500,joint_tt_ts,joint_mean_ts,oracle_regret_per_round,32,-0.12226327019850616,0.01114029586555692,-0.1449840534131438,-0.09954248698386851
persistent,500,joint_tt_ts,joint_mean_ts,mean_pseudo_regret_per_round,32,-0.032803111729051,0.006913983032937298,-0.04690427309288324,-0.018701950365218767
persistent,500,joint_tt_ts,joint_mean_ts,stationary_mean_reward_regret_per_round,32,-0.12226327019850584,0.011140295865556921,-0.1449840534131435,-0.0995424869838682
persistent,500,joint_tt_ts,joint_mean_ts,fixed_best_reward_regret_per_round,32,-0.12226327019850555,0.011140295865556921,-0.1449840534131432,-0.0995424869838679
persistent,500,joint_tt_ts,joint_mean_ts,correct_selection,32,0.0,0.06350006350009525,-0.12950923335547002,0.12950923335547002
persistent,500,joint_tt_ts,joint_mean_ts,simple_regret,32,-0.04207082882491683,0.04665519821342942,-0.13722473292549578,0.05308307527566213
persistent,500,joint_tt_ts,joint_mean_ts,mean_squared_error,32,-0.00310833944789826,0.008178029538793045,-0.01978754065729369,0.01357086176149717
persistent,500,joint_predictive_ucb,joint_predictive_ts,oracle_regret_per_round,32,0.21645109980133587,0.015862894577672294,0.18409851301140456,0.24880368659126717
persistent,500,joint_predictive_ucb,joint_predictive_ts,mean_pseudo_regret_per_round,32,0.028809769504973104,0.007805175996827362,0.012891008107953215,0.044728530901993
persistent,500,joint_predictive_ucb,joint_predictive_ts,stationary_mean_reward_regret_per_round,32,0.21645109980133603,0.01586289457767223,0.18409851301140484,0.24880368659126723
persistent,500,joint_predictive_ucb,joint_predictive_ts,fixed_best_reward_regret_per_round,32,0.21645109980133584,0.015862894577672287,0.18409851301140454,0.24880368659126714
persistent,500,joint_predictive_ucb,joint_predictive_ts,correct_selection,32,-0.03125,0.03125,-0.09498479519988774,0.03248479519988774
persistent,500,joint_predictive_ucb,joint_predictive_ts,simple_regret,32,-0.007135484324834546,0.04941517368535844,-0.10791839551213703,0.09364742686246794
persistent,500,joint_predictive_ucb,joint_predictive_ts,mean_squared_error,32,-0.013854211683548001,0.007630806835525477,-0.029417344831455833,0.0017089214643598305
persistent,1000,joint_state_ucb,iid_ucb,oracle_regret_per_round,32,0.14912046179740132,0.019934322545775533,0.10846414292048906,0.18977678067431358
persistent,1000,joint_state_ucb,iid_ucb,mean_pseudo_regret_per_round,32,-0.018120349520608373,0.017998873297430985,-0.054829293630704115,0.018588594589487372
persistent,1000,joint_state_ucb,iid_ucb,stationary_mean_reward_regret_per_round,32,0.1491204617974008,0.01993432254577554,0.1084641429204885,0.18977678067431308
persistent,1000,joint_state_ucb,iid_ucb,fixed_best_reward_regret_per_round,32,0.14912046179740124,0.019934322545775533,0.10846414292048898,0.1897767806743135
persistent,1000,joint_state_ucb,iid_ucb,correct_selection,32,0.03125,0.08381497239022508,-0.1396917631992077,0.2021917631992077
persistent,1000,joint_state_ucb,iid_ucb,simple_regret,32,0.019256638877208965,0.06574965209832832,-0.11484066067321744,0.15335393842763537
persistent,1000,joint_state_ucb,iid_ucb,mean_squared_error,32,0.3715250584040754,0.018592977992051268,0.33360442978073435,0.40944568702741646
persistent,1000,joint_state_ucb,ar_state_ucb,oracle_regret_per_round,32,0.18085892721184793,0.017052861334705273,0.14607938722018313,0.21563846720351273
persistent,1000,joint_state_ucb,ar_state_ucb,mean_pseudo_regret_per_round,32,0.01585298071900324,0.011998735918573656,-0.008618602526687284,0.04032456396469376
persistent,1000,joint_state_ucb,ar_state_ucb,stationary_mean_reward_regret_per_round,32,0.18085892721184704,0.017052861334705266,0.14607938722018227,0.21563846720351182
persistent,1000,joint_state_ucb,ar_state_ucb,fixed_best_reward_regret_per_round,32,0.18085892721184746,0.017052861334705315,0.14607938722018257,0.21563846720351235
persistent,1000,joint_state_ucb,ar_state_ucb,correct_selection,32,-0.03125,0.07077302144543589,-0.17559252888006782,0.11309252888006782
persistent,1000,joint_state_ucb,ar_state_ucb,simple_regret,32,-0.044861821714507845,0.06645990320755266,-0.18040768795251522,0.09068404452349954
persistent,1000,joint_state_ucb,ar_state_ucb,mean_squared_error,32,0.24921254839924534,0.017031653068329537,0.2144762629520286,0.2839488338464621
persistent,1000,joint_state_ucb,joint_mean_ucb,oracle_regret_per_round,32,0.2057336464115095,0.025145800078792344,0.15444844903041668,0.25701884379260237
persistent,1000,joint_state_ucb,joint_mean_ucb,mean_pseudo_regret_per_round,32,-0.0055354973705485176,0.02991581270765921,-0.066549199647696,0.055478204906598966
persistent,1000,joint_state_ucb,joint_mean_ucb,stationary_mean_reward_regret_per_round,32,0.20573364641150949,0.02514580007879219,0.15444844903041696,0.257018843792602
persistent,1000,joint_state_ucb,joint_mean_ucb,fixed_best_reward_regret_per_round,32,0.2057336464115097,0.025145800078792267,0.15444844903041705,0.25701884379260237
persistent,1000,joint_state_ucb,joint_mean_ucb,correct_selection,32,0.09375,0.0689695906576505,-0.04691440753873427,0.23441440753873427
persistent,1000,joint_state_ucb,joint_mean_ucb,simple_regret,32,0.056883360934226135,0.06062209195730395,-0.06675621076137479,0.18052293262982705
persistent,1000,joint_state_ucb,joint_mean_ucb,mean_squared_error,32,-0.015389005205666571,0.00668354362051756,-0.029020182289289063,-0.0017578281220440774
persistent,1000,joint_predictive_ucb,iid_ucb,oracle_regret_per_round,32,-0.029117808037697153,0.022425106546944892,-0.07485411437706338,0.016618498301669074
persistent,1000,joint_predictive_ucb,iid_ucb,mean_pseudo_regret_per_round,32,-0.04779485157588308,0.015107928653562096,-0.07860767521202056,-0.016982027939745604
persistent,1000,joint_predictive_ucb,iid_ucb,stationary_mean_reward_regret_per_round,32,-0.029117808037696702,0.022425106546944937,-0.07485411437706302,0.016618498301669615
persistent,1000,joint_predictive_ucb,iid_ucb,fixed_best_reward_regret_per_round,32,-0.029117808037697056,0.022425106546944917,-0.07485411437706332,0.01661849830166922
persistent,1000,joint_predictive_ucb,iid_ucb,correct_selection,32,-0.0625,0.07695699469351738,-0.2194548254716857,0.09445482547168571
persistent,1000,joint_predictive_ucb,iid_ucb,simple_regret,32,0.005941932411604886,0.06284477850717717,-0.12223083838958691,0.13411470321279667
persistent,1000,joint_predictive_ucb,iid_ucb,mean_squared_error,32,0.3751542586888974,0.019966973506924404,0.33443134773768424,0.41587716964011057
persistent,1000,joint_predictive_ucb,ar_state_ucb,oracle_regret_per_round,32,0.0026206573767494495,0.01775679797019414,-0.03359457084840594,0.03883588560190484
persistent,1000,joint_predictive_ucb,ar_state_ucb,mean_pseudo_regret_per_round,32,-0.01382152133627146,0.007550327239310795,-0.029220515265538895,0.0015774725929959751
persistent,1000,joint_predictive_ucb,ar_state_ucb,stationary_mean_reward_regret_per_round,32,0.0026206573767495606,0.017756797970194232,-0.033594570848406016,0.03883588560190514
persistent,1000,joint_predictive_ucb,ar_state_ucb,fixed_best_reward_regret_per_round,32,0.002620657376749178,0.01775679797019419,-0.033594570848406315,0.03883588560190467
persistent,1000,joint_predictive_ucb,ar_state_ucb,correct_selection,32,-0.125,0.07446042464765881,-0.27686303729328665,0.02686303729328665
persistent,1000,joint_predictive_ucb,ar_state_ucb,simple_regret,32,-0.05817652818011193,0.05816216392129425,-0.1767990435691036,0.06044598720887971
persistent,1000,joint_predictive_ucb,ar_state_ucb,mean_squared_error,32,0.2528417486840673,0.017854753975756133,0.21642673786841293,0.2892567594997216
persistent,1000,joint_predictive_ucb,joint_state_ucb,oracle_regret_per_round,32,-0.1782382698350985,0.019264122698404718,-0.21752770711152516,-0.13894883255867183
persistent,1000,joint_predictive_ucb,joint_state_ucb,mean_pseudo_regret_per_round,32,-0.029674502055274703,0.013874802367350602,-0.057972348049578966,-0.001376656060970441
persistent,1000,joint_predictive_ucb,joint_state_ucb,stationary_mean_reward_regret_per_round,32,-0.1782382698350975,0.019264122698404707,-0.21752770711152414,-0.13894883255867085
persistent,1000,joint_predictive_ucb,joint_state_ucb,fixed_best_reward_regret_per_round,32,-0.17823826983509827,0.019264122698404707,-0.21752770711152492,-0.13894883255867163
persistent,1000,joint_predictive_ucb,joint_state_ucb,correct_selection,32,-0.09375,0.08229783391889445,-0.2615975388868836,0.07409753888688358
persistent,1000,joint_predictive_ucb,joint_state_ucb,simple_regret,32,-0.013314706465604089,0.0638770328599742,-0.14359277389942668,0.1169633609682185
persistent,1000,joint_predictive_ucb,joint_state_ucb,mean_squared_error,32,0.003629200284821955,0.007361569324990029,-0.011384819340074535,0.018643219909718445
persistent,1000,joint_predictive_ts,joint_state_ts,oracle_regret_per_round,32,0.1631609765483068,0.011558159277097304,0.13958795528707546,0.18673399780953814
persistent,1000,joint_predictive_ts,joint_state_ts,mean_pseudo_regret_per_round,32,0.019959816964954358,0.005437885680339073,0.00886917599993634,0.031050457929972373
persistent,1000,joint_predictive_ts,joint_state_ts,stationary_mean_reward_regret_per_round,32,0.16316097654830694,0.011558159277097363,0.1395879552870755,0.1867339978095384
persistent,1000,joint_predictive_ts,joint_state_ts,fixed_best_reward_regret_per_round,32,0.16316097654830714,0.011558159277097288,0.13958795528707582,0.18673399780953845
persistent,1000,joint_predictive_ts,joint_state_ts,correct_selection,32,-0.03125,0.08381497239022508,-0.2021917631992077,0.1396917631992077
persistent,1000,joint_predictive_ts,joint_state_ts,simple_regret,32,0.014311694719773234,0.06475990943812714,-0.1177670113667007,0.14639040080624716
persistent,1000,joint_predictive_ts,joint_state_ts,mean_squared_error,32,-0.00217160912125783,0.005679844988087111,-0.013755729347908738,0.009412511105393078
persistent,1000,joint_predictive_ucb,joint_mean_ucb,oracle_regret_per_round,32,0.02749537657641104,0.028526666961491542,-0.030685144272423116,0.0856758974252452
persistent,1000,joint_predictive_ucb,joint_mean_ucb,mean_pseudo_regret_per_round,32,-0.03520999942582322,0.02857247588320549,-0.0934839481864579,0.023063949334811457
persistent,1000,joint_predictive_ucb,joint_mean_ucb,stationary_mean_reward_regret_per_round,32,0.027495376576412,0.02852666696149152,-0.030685144272422114,0.08567589742524612
persistent,1000,joint_predictive_ucb,joint_mean_ucb,fixed_best_reward_regret_per_round,32,0.027495376576411407,0.02852666696149159,-0.030685144272422846,0.08567589742524566
persistent,1000,joint_predictive_ucb,joint_mean_ucb,correct_selection,32,0.0,0.04490132550669372,-0.09157685713192384,0.09157685713192384
persistent,1000,joint_predictive_ucb,joint_mean_ucb,simple_regret,32,0.04356865446862205,0.05062470636737661,-0.05968111488751238,0.1468184238247565
persistent,1000,joint_predictive_ucb,joint_mean_ucb,mean_squared_error,32,-0.011759804920844618,0.00825700751817613,-0.02860008278116107,0.005080472939471833
persistent,1000,joint_mean_ucb,iid_ucb,oracle_regret_per_round,32,-0.05661318461410819,0.025701473104118484,-0.10903168460215346,-0.004194684626062921
persistent,1000,joint_mean_ucb,iid_ucb,mean_pseudo_regret_per_round,32,-0.012584852150059861,0.03655692197297054,-0.08714318607279757,0.06197348177267785
persistent,1000,joint_mean_ucb,iid_ucb,stationary_mean_reward_regret_per_round,32,-0.056613184614108705,0.02570147310411847,-0.10903168460215396,-0.004194684626063462
persistent,1000,joint_mean_ucb,iid_ucb,fixed_best_reward_regret_per_round,32,-0.05661318461410846,0.02570147310411853,-0.10903168460215382,-0.004194684626063101
persistent,1000,joint_mean_ucb,iid_ucb,correct_selection,32,-0.0625,0.07695699469351738,-0.2194548254716857,0.09445482547168571
persistent,1000,joint_mean_ucb,iid_ucb,simple_regret,32,-0.03762672205701717,0.06464025172085056,-0.1694613846201404,0.09420794050610606
persistent,1000,joint_mean_ucb,iid_ucb,mean_squared_error,32,0.38691406360974195,0.016536581784771773,0.353187482702266,0.4206406445172179
persistent,1000,joint_mean_ts,iid_ts,oracle_regret_per_round,32,-0.19573969294633342,0.02205424755714171,-0.24071962738927907,-0.15075975850338777
persistent,1000,joint_mean_ts,iid_ts,mean_pseudo_regret_per_round,32,-0.0561129455194819,0.01461004093361832,-0.08591032045599839,-0.026315570582965412
persistent,1000,joint_mean_ts,iid_ts,stationary_mean_reward_regret_per_round,32,-0.19573969294633245,0.02205424755714176,-0.24071962738927818,-0.15075975850338671
persistent,1000,joint_mean_ts,iid_ts,fixed_best_reward_regret_per_round,32,-0.1957396929463326,0.022054247557141728,-0.24071962738927827,-0.1507597585033869
persistent,1000,joint_mean_ts,iid_ts,correct_selection,32,-0.03125,0.07077302144543589,-0.17559252888006782,0.11309252888006782
persistent,1000,joint_mean_ts,iid_ts,simple_regret,32,0.034052995798810826,0.053419901601200595,-0.07489761182201078,0.14300360341963242
persistent,1000,joint_mean_ts,iid_ts,mean_squared_error,32,0.2777907024608842,0.02315483151939818,0.23056611222802825,0.3250152926937402
persistent,1000,joint_lucb,round_robin,oracle_regret_per_round,32,0.8394542070631994,0.030402305737514224,0.7774482957100844,0.9014601184163143
persistent,1000,joint_lucb,round_robin,mean_pseudo_regret_per_round,32,0.17683917299014132,0.020179439420629573,0.13568293495102557,0.21799541102925707
persistent,1000,joint_lucb,round_robin,stationary_mean_reward_regret_per_round,32,0.8394542070631998,0.03040230573751414,0.7774482957100851,0.9014601184163146
persistent,1000,joint_lucb,round_robin,fixed_best_reward_regret_per_round,32,0.8394542070632003,0.030402305737514224,0.7774482957100853,0.9014601184163152
persistent,1000,joint_lucb,round_robin,correct_selection,32,0.03125,0.08381497239022508,-0.1396917631992077,0.2021917631992077
persistent,1000,joint_lucb,round_robin,simple_regret,32,-0.0016261288608329094,0.05558728193212345,-0.11499713781002678,0.11174488008836096
persistent,1000,joint_lucb,round_robin,mean_squared_error,32,-0.08638680423461455,0.012393405237630774,-0.11166332086340218,-0.061110287605826916
persistent,1000,joint_tt_ts,round_robin,oracle_regret_per_round,32,0.42156338016069045,0.021011554959769026,0.37871003129054437,0.46441672903083653
persistent,1000,joint_tt_ts,round_robin,mean_pseudo_regret_per_round,32,0.10105252115780022,0.009536922131996436,0.081601840232358,0.12050320208324244
persistent,1000,joint_tt_ts,round_robin,stationary_mean_reward_regret_per_round,32,0.4215633801606909,0.021011554959768967,0.3787100312905449,0.46441672903083686
persistent,1000,joint_tt_ts,round_robin,fixed_best_reward_regret_per_round,32,0.4215633801606912,0.021011554959768943,0.3787100312905453,0.46441672903083714
persistent,1000,joint_tt_ts,round_robin,correct_selection,32,0.09375,0.08229783391889445,-0.07409753888688358,0.2615975388868836
persistent,1000,joint_tt_ts,round_robin,simple_regret,32,0.06383220757870399,0.05917864943730145,-0.056863443688251525,0.1845278588456595
persistent,1000,joint_tt_ts,round_robin,mean_squared_error,32,-0.07577161065195093,0.010057792863381591,-0.09628461443788751,-0.055258606866014345
persistent,1000,joint_lucb,joint_mean_ucb,oracle_regret_per_round,32,-0.19262095854202738,0.01821770010556663,-0.2297762028697478,-0.15546571421430697
persistent,1000,joint_lucb,joint_mean_ucb,mean_pseudo_regret_per_round,32,-0.05340353645653333,0.026407101387155796,-0.10726117481599082,0.0004541019029241436
persistent,1000,joint_lucb,joint_mean_ucb,stationary_mean_reward_regret_per_round,32,-0.19262095854202677,0.018217700105566583,-0.22977620286974706,-0.15546571421430647
persistent,1000,joint_lucb,joint_mean_ucb,fixed_best_reward_regret_per_round,32,-0.1926209585420268,0.01821770010556664,-0.2297762028697472,-0.15546571421430638
persistent,1000,joint_lucb,joint_mean_ucb,correct_selection,32,0.0625,0.04347552147751577,-0.026168910642489246,0.15116891064248925
persistent,1000,joint_lucb,joint_mean_ucb,simple_regret,32,0.030747910737584747,0.04457457770404297,-0.060162539857252395,0.12165836133242189
persistent,1000,joint_lucb,joint_mean_ucb,mean_squared_error,32,-0.0007283740093579939,0.005566174946262362,-0.012080662657254883,0.010623914638538895
persistent,1000,joint_tt_ts,joint_mean_ts,oracle_regret_per_round,32,-0.15544301951182635,0.01433912280708152,-0.1846878532863985,-0.1261981857372542
persistent,1000,joint_tt_ts,joint_mean_ts,mean_pseudo_regret_per_round,32,-0.05855232604253195,0.011508373873343958,-0.08202380930337407,-0.03508084278168984
persistent,1000,joint_tt_ts,joint_mean_ts,stationary_mean_reward_regret_per_round,32,-0.15544301951182707,0.014339122807081515,-0.18468785328639922,-0.12619818573725491
persistent,1000,joint_tt_ts,joint_mean_ts,fixed_best_reward_regret_per_round,32,-0.15544301951182685,0.014339122807081509,-0.18468785328639897,-0.12619818573725472
persistent,1000,joint_tt_ts,joint_mean_ts,correct_selection,32,0.03125,0.05470549819038361,-0.08032259915110172,0.14282259915110174
persistent,1000,joint_tt_ts,joint_mean_ts,simple_regret,32,0.0033443700668463333,0.051569191743577686,-0.10183168991397497,0.10852043004766763
persistent,1000,joint_tt_ts,joint_mean_ts,mean_squared_error,32,0.007153987626837629,0.007245064856691077,-0.007622419568397886,0.021930394822073145
persistent,1000,joint_predictive_ucb,joint_predictive_ts,oracle_regret_per_round,32,0.24944513581138386,0.011793558919334568,0.22539201381453272,0.273498257808235
persistent,1000,joint_predictive_ucb,joint_predictive_ts,mean_pseudo_regret_per_round,32,0.05227266429441322,0.007872238314880783,0.03621712839797686,0.06832820019084958
persistent,1000,joint_predictive_ucb,joint_predictive_ts,stationary_mean_reward_regret_per_round,32,0.24944513581138406,0.01179355891933459,0.22539201381453286,0.2734982578082352
persistent,1000,joint_predictive_ucb,joint_predictive_ts,fixed_best_reward_regret_per_round,32,0.24944513581138367,0.011793558919334554,0.22539201381453255,0.2734982578082348
persistent,1000,joint_predictive_ucb,joint_predictive_ts,correct_selection,32,-0.09375,0.0689695906576505,-0.23441440753873427,0.04691440753873427
persistent,1000,joint_predictive_ucb,joint_predictive_ts,simple_regret,32,-0.04634420459457511,0.04861254105902268,-0.14549013574794933,0.05280172655879911
persistent,1000,joint_predictive_ucb,joint_predictive_ts,mean_squared_error,32,-0.040067321806835476,0.009227387069760937,-0.05888670181071726,-0.0212479418029537
seasonal,100,joint_state_ucb,iid_ucb,oracle_regret_per_round,32,0.0,0.0,0.0,0.0
seasonal,100,joint_state_ucb,iid_ucb,mean_pseudo_regret_per_round,32,0.0,0.0,0.0,0.0
seasonal,100,joint_state_ucb,iid_ucb,stationary_mean_reward_regret_per_round,32,0.0,0.0,0.0,0.0
seasonal,100,joint_state_ucb,iid_ucb,fixed_best_reward_regret_per_round,32,0.0,0.0,0.0,0.0
seasonal,100,joint_state_ucb,iid_ucb,correct_selection,32,0.0,0.04490132550669372,-0.09157685713192384,0.09157685713192384
seasonal,100,joint_state_ucb,iid_ucb,simple_regret,32,0.012923148700863675,0.06825410237311394,-0.12628201086081917,0.1521283082625465
seasonal,100,joint_state_ucb,iid_ucb,mean_squared_error,32,0.6715060983399803,0.016949979068787997,0.6369363881130495,0.7060758085669111
seasonal,100,joint_state_ucb,ar_state_ucb,oracle_regret_per_round,32,0.0,0.0,0.0,0.0
seasonal,100,joint_state_ucb,ar_state_ucb,mean_pseudo_regret_per_round,32,0.0,0.0,0.0,0.0
seasonal,100,joint_state_ucb,ar_state_ucb,stationary_mean_reward_regret_per_round,32,0.0,0.0,0.0,0.0
seasonal,100,joint_state_ucb,ar_state_ucb,fixed_best_reward_regret_per_round,32,0.0,0.0,0.0,0.0
seasonal,100,joint_state_ucb,ar_state_ucb,correct_selection,32,0.0,0.04490132550669372,-0.09157685713192384,0.09157685713192384
seasonal,100,joint_state_ucb,ar_state_ucb,simple_regret,32,0.012923148700863675,0.06825410237311394,-0.12628201086081917,0.1521283082625465
seasonal,100,joint_state_ucb,ar_state_ucb,mean_squared_error,32,0.6715060983399803,0.016949979068787997,0.6369363881130495,0.7060758085669111
seasonal,100,joint_state_ucb,joint_mean_ucb,oracle_regret_per_round,32,0.0,0.0,0.0,0.0
seasonal,100,joint_state_ucb,joint_mean_ucb,mean_pseudo_regret_per_round,32,0.0,0.0,0.0,0.0
seasonal,100,joint_state_ucb,joint_mean_ucb,stationary_mean_reward_regret_per_round,32,0.0,0.0,0.0,0.0
seasonal,100,joint_state_ucb,joint_mean_ucb,fixed_best_reward_regret_per_round,32,0.0,0.0,0.0,0.0
seasonal,100,joint_state_ucb,joint_mean_ucb,correct_selection,32,0.0,0.0,0.0,0.0
seasonal,100,joint_state_ucb,joint_mean_ucb,simple_regret,32,0.0,0.0,0.0,0.0
seasonal,100,joint_state_ucb,joint_mean_ucb,mean_squared_error,32,0.0,0.0,0.0,0.0
seasonal,100,joint_predictive_ucb,iid_ucb,oracle_regret_per_round,32,0.0,0.0,0.0,0.0
seasonal,100,joint_predictive_ucb,iid_ucb,mean_pseudo_regret_per_round,32,0.0,0.0,0.0,0.0
seasonal,100,joint_predictive_ucb,iid_ucb,stationary_mean_reward_regret_per_round,32,0.0,0.0,0.0,0.0
seasonal,100,joint_predictive_ucb,iid_ucb,fixed_best_reward_regret_per_round,32,0.0,0.0,0.0,0.0
seasonal,100,joint_predictive_ucb,iid_ucb,correct_selection,32,0.0,0.04490132550669372,-0.09157685713192384,0.09157685713192384
seasonal,100,joint_predictive_ucb,iid_ucb,simple_regret,32,0.012923148700863675,0.06825410237311394,-0.12628201086081917,0.1521283082625465
seasonal,100,joint_predictive_ucb,iid_ucb,mean_squared_error,32,0.6715060983399803,0.016949979068787997,0.6369363881130495,0.7060758085669111
seasonal,100,joint_predictive_ucb,ar_state_ucb,oracle_regret_per_round,32,0.0,0.0,0.0,0.0
seasonal,100,joint_predictive_ucb,ar_state_ucb,mean_pseudo_regret_per_round,32,0.0,0.0,0.0,0.0
seasonal,100,joint_predictive_ucb,ar_state_ucb,stationary_mean_reward_regret_per_round,32,0.0,0.0,0.0,0.0
seasonal,100,joint_predictive_ucb,ar_state_ucb,fixed_best_reward_regret_per_round,32,0.0,0.0,0.0,0.0
seasonal,100,joint_predictive_ucb,ar_state_ucb,correct_selection,32,0.0,0.04490132550669372,-0.09157685713192384,0.09157685713192384
seasonal,100,joint_predictive_ucb,ar_state_ucb,simple_regret,32,0.012923148700863675,0.06825410237311394,-0.12628201086081917,0.1521283082625465
seasonal,100,joint_predictive_ucb,ar_state_ucb,mean_squared_error,32,0.6715060983399803,0.016949979068787997,0.6369363881130495,0.7060758085669111
seasonal,100,joint_predictive_ucb,joint_state_ucb,oracle_regret_per_round,32,0.0,0.0,0.0,0.0
seasonal,100,joint_predictive_ucb,joint_state_ucb,mean_pseudo_regret_per_round,32,0.0,0.0,0.0,0.0
seasonal,100,joint_predictive_ucb,joint_state_ucb,stationary_mean_reward_regret_per_round,32,0.0,0.0,0.0,0.0
seasonal,100,joint_predictive_ucb,joint_state_ucb,fixed_best_reward_regret_per_round,32,0.0,0.0,0.0,0.0
seasonal,100,joint_predictive_ucb,joint_state_ucb,correct_selection,32,0.0,0.0,0.0,0.0
seasonal,100,joint_predictive_ucb,joint_state_ucb,simple_regret,32,0.0,0.0,0.0,0.0
seasonal,100,joint_predictive_ucb,joint_state_ucb,mean_squared_error,32,0.0,0.0,0.0,0.0
seasonal,100,joint_predictive_ts,joint_state_ts,oracle_regret_per_round,32,0.0,0.0,0.0,0.0
seasonal,100,joint_predictive_ts,joint_state_ts,mean_pseudo_regret_per_round,32,0.0,0.0,0.0,0.0
seasonal,100,joint_predictive_ts,joint_state_ts,stationary_mean_reward_regret_per_round,32,0.0,0.0,0.0,0.0
seasonal,100,joint_predictive_ts,joint_state_ts,fixed_best_reward_regret_per_round,32,0.0,0.0,0.0,0.0
seasonal,100,joint_predictive_ts,joint_state_ts,correct_selection,32,0.0,0.0,0.0,0.0
seasonal,100,joint_predictive_ts,joint_state_ts,simple_regret,32,0.0,0.0,0.0,0.0
seasonal,100,joint_predictive_ts,joint_state_ts,mean_squared_error,32,0.0,0.0,0.0,0.0
seasonal,100,joint_predictive_ucb,joint_mean_ucb,oracle_regret_per_round,32,0.0,0.0,0.0,0.0
seasonal,100,joint_predictive_ucb,joint_mean_ucb,mean_pseudo_regret_per_round,32,0.0,0.0,0.0,0.0
seasonal,100,joint_predictive_ucb,joint_mean_ucb,stationary_mean_reward_regret_per_round,32,0.0,0.0,0.0,0.0
seasonal,100,joint_predictive_ucb,joint_mean_ucb,fixed_best_reward_regret_per_round,32,0.0,0.0,0.0,0.0
seasonal,100,joint_predictive_ucb,joint_mean_ucb,correct_selection,32,0.0,0.0,0.0,0.0
seasonal,100,joint_predictive_ucb,joint_mean_ucb,simple_regret,32,0.0,0.0,0.0,0.0
seasonal,100,joint_predictive_ucb,joint_mean_ucb,mean_squared_error,32,0.0,0.0,0.0,0.0
seasonal,100,joint_mean_ucb,iid_ucb,oracle_regret_per_round,32,0.0,0.0,0.0,0.0
seasonal,100,joint_mean_ucb,iid_ucb,mean_pseudo_regret_per_round,32,0.0,0.0,0.0,0.0
seasonal,100,joint_mean_ucb,iid_ucb,stationary_mean_reward_regret_per_round,32,0.0,0.0,0.0,0.0
seasonal,100,joint_mean_ucb,iid_ucb,fixed_best_reward_regret_per_round,32,0.0,0.0,0.0,0.0
seasonal,100,joint_mean_ucb,iid_ucb,correct_selection,32,0.0,0.04490132550669372,-0.09157685713192384,0.09157685713192384
seasonal,100,joint_mean_ucb,iid_ucb,simple_regret,32,0.012923148700863675,0.06825410237311394,-0.12628201086081917,0.1521283082625465
seasonal,100,joint_mean_ucb,iid_ucb,mean_squared_error,32,0.6715060983399803,0.016949979068787997,0.6369363881130495,0.7060758085669111
seasonal,100,joint_mean_ts,iid_ts,oracle_regret_per_round,32,0.0,0.0,0.0,0.0
seasonal,100,joint_mean_ts,iid_ts,mean_pseudo_regret_per_round,32,0.0,0.0,0.0,0.0
seasonal,100,joint_mean_ts,iid_ts,stationary_mean_reward_regret_per_round,32,0.0,0.0,0.0,0.0
seasonal,100,joint_mean_ts,iid_ts,fixed_best_reward_regret_per_round,32,0.0,0.0,0.0,0.0
seasonal,100,joint_mean_ts,iid_ts,correct_selection,32,0.0,0.04490132550669372,-0.09157685713192384,0.09157685713192384
seasonal,100,joint_mean_ts,iid_ts,simple_regret,32,0.012923148700863675,0.06825410237311394,-0.12628201086081917,0.1521283082625465
seasonal,100,joint_mean_ts,iid_ts,mean_squared_error,32,0.6715060983399803,0.016949979068787997,0.6369363881130495,0.7060758085669111
seasonal,100,joint_lucb,round_robin,oracle_regret_per_round,32,0.0,0.0,0.0,0.0
seasonal,100,joint_lucb,round_robin,mean_pseudo_regret_per_round,32,0.0,0.0,0.0,0.0
seasonal,100,joint_lucb,round_robin,stationary_mean_reward_regret_per_round,32,0.0,0.0,0.0,0.0
seasonal,100,joint_lucb,round_robin,fixed_best_reward_regret_per_round,32,0.0,0.0,0.0,0.0
seasonal,100,joint_lucb,round_robin,correct_selection,32,0.0,0.0,0.0,0.0
seasonal,100,joint_lucb,round_robin,simple_regret,32,0.0,0.0,0.0,0.0
seasonal,100,joint_lucb,round_robin,mean_squared_error,32,0.0,0.0,0.0,0.0
seasonal,100,joint_tt_ts,round_robin,oracle_regret_per_round,32,0.0,0.0,0.0,0.0
seasonal,100,joint_tt_ts,round_robin,mean_pseudo_regret_per_round,32,0.0,0.0,0.0,0.0
seasonal,100,joint_tt_ts,round_robin,stationary_mean_reward_regret_per_round,32,0.0,0.0,0.0,0.0
seasonal,100,joint_tt_ts,round_robin,fixed_best_reward_regret_per_round,32,0.0,0.0,0.0,0.0
seasonal,100,joint_tt_ts,round_robin,correct_selection,32,0.0,0.0,0.0,0.0
seasonal,100,joint_tt_ts,round_robin,simple_regret,32,0.0,0.0,0.0,0.0
seasonal,100,joint_tt_ts,round_robin,mean_squared_error,32,0.0,0.0,0.0,0.0
seasonal,100,joint_lucb,joint_mean_ucb,oracle_regret_per_round,32,0.0,0.0,0.0,0.0
seasonal,100,joint_lucb,joint_mean_ucb,mean_pseudo_regret_per_round,32,0.0,0.0,0.0,0.0
seasonal,100,joint_lucb,joint_mean_ucb,stationary_mean_reward_regret_per_round,32,0.0,0.0,0.0,0.0
seasonal,100,joint_lucb,joint_mean_ucb,fixed_best_reward_regret_per_round,32,0.0,0.0,0.0,0.0
seasonal,100,joint_lucb,joint_mean_ucb,correct_selection,32,0.0,0.0,0.0,0.0
seasonal,100,joint_lucb,joint_mean_ucb,simple_regret,32,0.0,0.0,0.0,0.0
seasonal,100,joint_lucb,joint_mean_ucb,mean_squared_error,32,0.0,0.0,0.0,0.0
seasonal,100,joint_tt_ts,joint_mean_ts,oracle_regret_per_round,32,0.0,0.0,0.0,0.0
seasonal,100,joint_tt_ts,joint_mean_ts,mean_pseudo_regret_per_round,32,0.0,0.0,0.0,0.0
seasonal,100,joint_tt_ts,joint_mean_ts,stationary_mean_reward_regret_per_round,32,0.0,0.0,0.0,0.0
seasonal,100,joint_tt_ts,joint_mean_ts,fixed_best_reward_regret_per_round,32,0.0,0.0,0.0,0.0
seasonal,100,joint_tt_ts,joint_mean_ts,correct_selection,32,0.0,0.0,0.0,0.0
seasonal,100,joint_tt_ts,joint_mean_ts,simple_regret,32,0.0,0.0,0.0,0.0
seasonal,100,joint_tt_ts,joint_mean_ts,mean_squared_error,32,0.0,0.0,0.0,0.0
seasonal,100,joint_predictive_ucb,joint_predictive_ts,oracle_regret_per_round,32,0.0,0.0,0.0,0.0
seasonal,100,joint_predictive_ucb,joint_predictive_ts,mean_pseudo_regret_per_round,32,0.0,0.0,0.0,0.0
seasonal,100,joint_predictive_ucb,joint_predictive_ts,stationary_mean_reward_regret_per_round,32,0.0,0.0,0.0,0.0
seasonal,100,joint_predictive_ucb,joint_predictive_ts,fixed_best_reward_regret_per_round,32,0.0,0.0,0.0,0.0
seasonal,100,joint_predictive_ucb,joint_predictive_ts,correct_selection,32,0.0,0.0,0.0,0.0
seasonal,100,joint_predictive_ucb,joint_predictive_ts,simple_regret,32,0.0,0.0,0.0,0.0
seasonal,100,joint_predictive_ucb,joint_predictive_ts,mean_squared_error,32,0.0,0.0,0.0,0.0
seasonal,250,joint_state_ucb,iid_ucb,oracle_regret_per_round,32,0.22651912155190237,0.01829238207304817,0.18921156234730002,0.26382668075650473
seasonal,250,joint_state_ucb,iid_ucb,mean_pseudo_regret_per_round,32,0.0828223556041893,0.009761523051142928,0.0629135980840748,0.10273111312430379
seasonal,250,joint_state_ucb,iid_ucb,stationary_mean_reward_regret_per_round,32,0.22651912155190237,0.018292382073048202,0.18921156234729997,0.2638266807565048
seasonal,250,joint_state_ucb,iid_ucb,fixed_best_reward_regret_per_round,32,0.2265191215519025,0.018292382073048192,0.18921156234730013,0.2638266807565049
seasonal,250,joint_state_ucb,iid_ucb,correct_selection,32,-0.125,0.09786017015735159,-0.32458713290255903,0.07458713290255903
seasonal,250,joint_state_ucb,iid_ucb,simple_regret,32,0.01946855001971296,0.0552538818517283,-0.09322248498248534,0.13215958502191127
seasonal,250,joint_state_ucb,iid_ucb,mean_squared_error,32,0.37222294169023806,0.011247739322555817,0.34928302610032386,0.39516285728015227
seasonal,250,joint_state_ucb,ar_state_ucb,oracle_regret_per_round,32,0.1314816797688263,0.015931577081084364,0.09898901408965391,0.1639743454479987
seasonal,250,joint_state_ucb,ar_state_ucb,mean_pseudo_regret_per_round,32,0.03969355914106992,0.00993102301235944,0.019439104170890686,0.05994801411124916
seasonal,250,joint_state_ucb,ar_state_ucb,stationary_mean_reward_regret_per_round,32,0.1314816797688265,0.015931577081084395,0.09898901408965403,0.16397434544799894
seasonal,250,joint_state_ucb,ar_state_ucb,fixed_best_reward_regret_per_round,32,0.1314816797688264,0.015931577081084385,0.09898901408965396,0.16397434544799885
seasonal,250,joint_state_ucb,ar_state_ucb,correct_selection,32,0.0625,0.08909830562090465,-0.11921719236497166,0.24421719236497166
seasonal,250,joint_state_ucb,ar_state_ucb,simple_regret,32,0.11146230048033058,0.07287125005119266,-0.03715959385479177,0.2600841948154529
seasonal,250,joint_state_ucb,ar_state_ucb,mean_squared_error,32,0.3496261325165758,0.011392965205774108,0.3263900267850731,0.3728622382480785
seasonal,250,joint_state_ucb,joint_mean_ucb,oracle_regret_per_round,32,0.14585525918107,0.017129574930350857,0.11091926077956463,0.1807912575825754
seasonal,250,joint_state_ucb,joint_mean_ucb,mean_pseudo_regret_per_round,32,0.0022963040890900607,0.010332174489901105,-0.018776304713577188,0.02336891289175731
seasonal,250,joint_state_ucb,joint_mean_ucb,stationary_mean_reward_regret_per_round,32,0.14585525918107034,0.01712957493035089,0.11091926077956489,0.1807912575825758
seasonal,250,joint_state_ucb,joint_mean_ucb,fixed_best_reward_regret_per_round,32,0.14585525918107045,0.017129574930350912,0.11091926077956496,0.18079125758257594
seasonal,250,joint_state_ucb,joint_mean_ucb,correct_selection,32,-0.125,0.09786017015735159,-0.32458713290255903,0.07458713290255903
seasonal,250,joint_state_ucb,joint_mean_ucb,simple_regret,32,-0.044274088854244914,0.04413210941494008,-0.1342821194238527,0.04573394171536288
seasonal,250,joint_state_ucb,joint_mean_ucb,mean_squared_error,32,0.009432600792984826,0.003243307027141591,0.0028178325003375927,0.01604736908563206
seasonal,250,joint_predictive_ucb,iid_ucb,oracle_regret_per_round,32,0.19263321085749724,0.01978879085407097,0.15227370582269323,0.23299271589230125
seasonal,250,joint_predictive_ucb,iid_ucb,mean_pseudo_regret_per_round,32,0.08181484985523828,0.008701490320525945,0.06406804334283742,0.09956165636763914
seasonal,250,joint_predictive_ucb,iid_ucb,stationary_mean_reward_regret_per_round,32,0.19263321085749763,0.019788790854070978,0.15227370582269362,0.23299271589230164
seasonal,250,joint_predictive_ucb,iid_ucb,fixed_best_reward_regret_per_round,32,0.19263321085749754,0.019788790854070957,0.15227370582269356,0.23299271589230153
seasonal,250,joint_predictive_ucb,iid_ucb,correct_selection,32,-0.03125,0.08381497239022508,-0.2021917631992077,0.1396917631992077
seasonal,250,joint_predictive_ucb,iid_ucb,simple_regret,32,0.08514298591505265,0.049817785053659414,-0.01646105657157171,0.186747028401677
seasonal,250,joint_predictive_ucb,iid_ucb,mean_squared_error,32,0.3704744957271959,0.011260719664395468,0.34750810655556086,0.3934408848988309
seasonal,250,joint_predictive_ucb,ar_state_ucb,oracle_regret_per_round,32,0.09759576907442116,0.016484929431337062,0.06397453383631334,0.13121700431252897
seasonal,250,joint_predictive_ucb,ar_state_ucb,mean_pseudo_regret_per_round,32,0.038686053392118884,0.010186787458151539,0.01790996339563654,0.05946214338860123
seasonal,250,joint_predictive_ucb,ar_state_ucb,stationary_mean_reward_regret_per_round,32,0.09759576907442176,0.016484929431337014,0.06397453383631403,0.13121700431252947
seasonal,250,joint_predictive_ucb,ar_state_ucb,fixed_best_reward_regret_per_round,32,0.09759576907442148,0.016484929431337014,0.06397453383631375,0.1312170043125292
seasonal,250,joint_predictive_ucb,ar_state_ucb,correct_selection,32,0.15625,0.091022141492801,-0.02939088149436403,0.34189088149436403
seasonal,250,joint_predictive_ucb,ar_state_ucb,simple_regret,32,0.1771367363756703,0.06293327993788984,0.04878346571651468,0.3054900070348259
seasonal,250,joint_predictive_ucb,ar_state_ucb,mean_squared_error,32,0.3478776865535337,0.011708359609345392,0.3239983296950292,0.3717570434120382
seasonal,250,joint_predictive_ucb,joint_state_ucb,oracle_regret_per_round,32,-0.03388591069440515,0.010249821331139062,-0.05479055912242399,-0.012981262266386306
seasonal,250,joint_predictive_ucb,joint_state_ucb,mean_pseudo_regret_per_round,32,-0.0010075057489510354,0.007545840878477295,-0.01639734968497316,0.01438233818707109
seasonal,250,joint_predictive_ucb,joint_state_ucb,stationary_mean_reward_regret_per_round,32,-0.03388591069440475,0.010249821331139098,-0.054790559122423664,-0.01298126226638583
seasonal,250,joint_predictive_ucb,joint_state_ucb,fixed_best_reward_regret_per_round,32,-0.03388591069440495,0.010249821331139077,-0.054790559122423824,-0.012981262266386073
seasonal,250,joint_predictive_ucb,joint_state_ucb,correct_selection,32,0.09375,0.09374999999999999,-0.09745438559966318,0.2849543855996632
seasonal,250,joint_predictive_ucb,joint_state_ucb,simple_regret,32,0.0656744358953397,0.0405518642806925,-0.017031636581574847,0.14838050837225425
seasonal,250,joint_predictive_ucb,joint_state_ucb,mean_squared_error,32,-0.0017484459630421538,0.002233951818430777,-0.00630462073533343,0.002807728809249122
seasonal,250,joint_predictive_ts,joint_state_ts,oracle_regret_per_round,32,0.03512018685366726,0.014822720632337206,0.0048890488118380655,0.06535132489549646
seasonal,250,joint_predictive_ts,joint_state_ts,mean_pseudo_regret_per_round,32,0.013967482596914486,0.0039724779434372436,0.005865560415761079,0.022069404778067896
seasonal,250,joint_predictive_ts,joint_state_ts,stationary_mean_reward_regret_per_round,32,0.03512018685366759,0.014822720632337272,0.004889048811838263,0.06535132489549692
seasonal,250,joint_predictive_ts,joint_state_ts,fixed_best_reward_regret_per_round,32,0.035120186853667634,0.014822720632337279,0.004889048811838291,0.06535132489549697
seasonal,250,joint_predictive_ts,joint_state_ts,correct_selection,32,0.15625,0.091022141492801,-0.02939088149436403,0.34189088149436403
seasonal,250,joint_predictive_ts,joint_state_ts,simple_regret,32,0.026189806648900152,0.06959288449968017,-0.11574581706170968,0.16812543035951
seasonal,250,joint_predictive_ts,joint_state_ts,mean_squared_error,32,0.010868885480507164,0.005035502458364726,0.0005989105073101377,0.021138860453704188
seasonal,250,joint_predictive_ucb,joint_mean_ucb,oracle_regret_per_round,32,0.11196934848666487,0.01816276833528667,0.07492613824306482,0.14901255873026492
seasonal,250,joint_predictive_ucb,joint_mean_ucb,mean_pseudo_regret_per_round,32,0.0012887983401390253,0.010114082414531217,-0.01933900874225884,0.02191660542253689
seasonal,250,joint_predictive_ucb,joint_mean_ucb,stationary_mean_reward_regret_per_round,32,0.1119693484866656,0.01816276833528666,0.07492613824306557,0.14901255873026564
seasonal,250,joint_predictive_ucb,joint_mean_ucb,fixed_best_reward_regret_per_round,32,0.11196934848666554,0.018162768335286662,0.07492613824306549,0.1490125587302656
seasonal,250,joint_predictive_ucb,joint_mean_ucb,correct_selection,32,-0.03125,0.09508458670590234,-0.22517629313173293,0.16267629313173293
seasonal,250,joint_predictive_ucb,joint_mean_ucb,simple_regret,32,0.02140034704109476,0.041709602196993885,-0.06366694748351942,0.10646764156570893
seasonal,250,joint_predictive_ucb,joint_mean_ucb,mean_squared_error,32,0.0076841548299426705,0.0033955345570515034,0.0007589164431324588,0.014609393216752881
seasonal,250,joint_mean_ucb,iid_ucb,oracle_regret_per_round,32,0.08066386237083235,0.018200073201917123,0.04354456835012346,0.11778315639154124
seasonal,250,joint_mean_ucb,iid_ucb,mean_pseudo_regret_per_round,32,0.08052605151509926,0.011376924374590478,0.05732266127448693,0.10372944175571158
seasonal,250,joint_mean_ucb,iid_ucb,stationary_mean_reward_regret_per_round,32,0.08066386237083203,0.01820007320191711,0.043544568350123165,0.11778315639154091
seasonal,250,joint_mean_ucb,iid_ucb,fixed_best_reward_regret_per_round,32,0.08066386237083202,0.0182000732019171,0.043544568350123165,0.11778315639154088
seasonal,250,joint_mean_ucb,iid_ucb,correct_selection,32,0.0,0.10040241611281235,-0.20477207771276815,0.20477207771276815
seasonal,250,joint_mean_ucb,iid_ucb,simple_regret,32,0.06374263887395788,0.05392183086947586,-0.04623166023865104,0.1737169379865668
seasonal,250,joint_mean_ucb,iid_ucb,mean_squared_error,32,0.36279034089725326,0.011568271525015607,0.33919669557041926,0.38638398622408726
seasonal,250,joint_mean_ts,iid_ts,oracle_regret_per_round,32,0.033039135115910806,0.012533775724946319,0.007476330990765907,0.05860193924105571
seasonal,250,joint_mean_ts,iid_ts,mean_pseudo_regret_per_round,32,0.023602385968870602,0.004682725449443484,0.014051904448947956,0.033152867488793245
seasonal,250,joint_mean_ts,iid_ts,stationary_mean_reward_regret_per_round,32,0.03303913511591074,0.01253377572494632,0.007476330990765834,0.05860193924105564
seasonal,250,joint_mean_ts,iid_ts,fixed_best_reward_regret_per_round,32,0.03303913511591064,0.012533775724946327,0.007476330990765723,0.058601939241055556
seasonal,250,joint_mean_ts,iid_ts,correct_selection,32,0.125,0.125,-0.12993918079955097,0.37993918079955097
seasonal,250,joint_mean_ts,iid_ts,simple_regret,32,0.061190477563771856,0.07839758850224772,-0.09870245835161479,0.2210834134791585
seasonal,250,joint_mean_ts,iid_ts,mean_squared_error,32,0.3553238232135995,0.013332921592310466,0.32813115034633333,0.3825164960808657
seasonal,250,joint_lucb,round_robin,oracle_regret_per_round,32,0.13501175561143836,0.015934589471376086,0.1025129461217602,0.1675105651011165
seasonal,250,joint_lucb,round_robin,mean_pseudo_regret_per_round,32,0.11789282455944912,0.009749965259169302,0.09800763931147549,0.13777800980742275
seasonal,250,joint_lucb,round_robin,stationary_mean_reward_regret_per_round,32,0.13501175561143897,0.015934589471376083,0.10251294612176082,0.16751056510111711
seasonal,250,joint_lucb,round_robin,fixed_best_reward_regret_per_round,32,0.13501175561143908,0.015934589471376097,0.1025129461217609,0.16751056510111725
seasonal,250,joint_lucb,round_robin,correct_selection,32,0.46875,0.10024541458421572,0.2642981290159095,0.6732018709840906
seasonal,250,joint_lucb,round_robin,simple_regret,32,0.2875192490741565,0.0679057377278258,0.14902458389078793,0.42601391425752505
seasonal,250,joint_lucb,round_robin,mean_squared_error,32,-0.0008578060407415447,0.00820850594862954,-0.017599164297796392,0.015883552216313303
seasonal,250,joint_tt_ts,round_robin,oracle_regret_per_round,32,0.06424495052112225,0.014505534824142432,0.034660717200112406,0.0938291838421321
seasonal,250,joint_tt_ts,round_robin,mean_pseudo_regret_per_round,32,0.04180652943456392,0.0050879258987092885,0.0314296361498778,0.05218342271925004
seasonal,250,joint_tt_ts,round_robin,stationary_mean_reward_regret_per_round,32,0.06424495052112243,0.014505534824142526,0.0346607172001124,0.09382918384213246
seasonal,250,joint_tt_ts,round_robin,fixed_best_reward_regret_per_round,32,0.06424495052112242,0.014505534824142527,0.03466071720011238,0.09382918384213246
seasonal,250,joint_tt_ts,round_robin,correct_selection,32,0.15625,0.091022141492801,-0.02939088149436403,0.34189088149436403
seasonal,250,joint_tt_ts,round_robin,simple_regret,32,0.07063813321222912,0.07855817358647844,-0.08958231814173678,0.230858584566195
seasonal,250,joint_tt_ts,round_robin,mean_squared_error,32,-0.0032036051515271008,0.006873176079569939,-0.017221540185260138,0.010814329882205938
seasonal,250,joint_lucb,joint_mean_ucb,oracle_regret_per_round,32,-0.035692665153957234,0.018700585231269343,-0.07383276018861314,0.0024474298806986677
seasonal,250,joint_lucb,joint_mean_ucb,mean_pseudo_regret_per_round,32,-0.016627524730825856,0.012478206145136419,-0.04207699395073787,0.008821944489086155
seasonal,250,joint_lucb,joint_mean_ucb,stationary_mean_reward_regret_per_round,32,-0.03569266515395687,0.01870058523126939,-0.07383276018861287,0.0024474298806991257
seasonal,250,joint_lucb,joint_mean_ucb,fixed_best_reward_regret_per_round,32,-0.035692665153956755,0.018700585231269384,-0.07383276018861273,0.00244742988069923
seasonal,250,joint_lucb,joint_mean_ucb,correct_selection,32,0.21875,0.1075232064224037,-0.0005450252981489545,0.4380450252981489
seasonal,250,joint_lucb,joint_mean_ucb,simple_regret,32,0.0739545878079226,0.046230101058693525,-0.020332324929547646,0.16824150054539286
seasonal,250,joint_lucb,joint_mean_ucb,mean_squared_error,32,0.003171031993595913,0.0033343217308878636,-0.003629362011161629,0.009971425998353455
seasonal,250,joint_tt_ts,joint_mean_ts,oracle_regret_per_round,32,-0.033475096410365765,0.012747177747128066,-0.05947313682923852,-0.0074770559914930056
seasonal,250,joint_tt_ts,joint_mean_ts,mean_pseudo_regret_per_round,32,-0.021788800149121674,0.005836809182019838,-0.03369305095990115,-0.009884549338342197
seasonal,250,joint_tt_ts,joint_mean_ts,stationary_mean_reward_regret_per_round,32,-0.03347509641036581,0.01274717774712801,-0.05947313682923845,-0.007477055991493162
seasonal,250,joint_tt_ts,joint_mean_ts,fixed_best_reward_regret_per_round,32,-0.03347509641036573,0.012747177747128042,-0.05947313682923844,-0.0074770559914930194
seasonal,250,joint_tt_ts,joint_mean_ts,correct_selection,32,-0.15625,0.11098327940032954,-0.38260189066214156,0.07010189066214154
seasonal,250,joint_tt_ts,joint_mean_ts,simple_regret,32,-0.08282551887503045,0.07578682929182338,-0.23739377627545338,0.07174273852539248
seasonal,250,joint_tt_ts,joint_mean_ts,mean_squared_error,32,-0.003215291075505514,0.004974662250718149,-0.013361181627125795,0.006930599476114768
seasonal,250,joint_predictive_ucb,joint_predictive_ts,oracle_regret_per_round,32,0.18068521702632728,0.016312772690406253,0.14741509777623563,0.21395533627641894
seasonal,250,joint_predictive_ucb,joint_predictive_ts,mean_pseudo_regret_per_round,32,0.09744371837904765,0.0079244137479392,0.0812817699853171,0.11360566677277821
seasonal,250,joint_predictive_ucb,joint_predictive_ts,stationary_mean_reward_regret_per_round,32,0.18068521702632742,0.0163127726904063,0.14741509777623568,0.21395533627641916
seasonal,250,joint_predictive_ucb,joint_predictive_ts,fixed_best_reward_regret_per_round,32,0.18068521702632726,0.016312772690406298,0.14741509777623552,0.213955336276419
seasonal,250,joint_predictive_ucb,joint_predictive_ts,correct_selection,32,-0.03125,0.11433869289767302,-0.2644453016081936,0.20194530160819357
seasonal,250,joint_predictive_ucb,joint_predictive_ts,simple_regret,32,0.145308625815454,0.06731092805682413,0.008027082954139952,0.28259016867676806
seasonal,250,joint_predictive_ucb,joint_predictive_ts,mean_squared_error,32,-0.002729289999400195,0.005338767896144945,-0.013617778910777272,0.00815919891197688
seasonal,500,joint_state_ucb,iid_ucb,oracle_regret_per_round,32,0.38988150274411487,0.015583927270693451,0.3580978735278719,0.4216651319603578
seasonal,500,joint_state_ucb,iid_ucb,mean_pseudo_regret_per_round,32,0.12770119429483354,0.011624128612437222,0.10399362768712661,0.15140876090254046
seasonal,500,joint_state_ucb,iid_ucb,stationary_mean_reward_regret_per_round,32,0.38988150274411515,0.015583927270693366,0.35809787352787237,0.42166513196035793
seasonal,500,joint_state_ucb,iid_ucb,fixed_best_reward_regret_per_round,32,0.38988150274411504,0.01558392727069336,0.35809787352787226,0.4216651319603578
seasonal,500,joint_state_ucb,iid_ucb,correct_selection,32,0.03125,0.11433869289767302,-0.20194530160819357,0.2644453016081936
seasonal,500,joint_state_ucb,iid_ucb,simple_regret,32,0.03415811853797115,0.04173139803973981,-0.050953628900998894,0.1192698659769412
seasonal,500,joint_state_ucb,iid_ucb,mean_squared_error,32,0.29106520469406383,0.011356066222115048,0.26790435493589215,0.3142260544522355
seasonal,500,joint_state_ucb,ar_state_ucb,oracle_regret_per_round,32,0.13871454878458736,0.01385759786147586,0.11045179161135324,0.16697730595782148
seasonal,500,joint_state_ucb,ar_state_ucb,mean_pseudo_regret_per_round,32,0.03384541702203145,0.011476875012668954,0.010438176111082175,0.05725265793298072
seasonal,500,joint_state_ucb,ar_state_ucb,stationary_mean_reward_regret_per_round,32,0.1387145487845875,0.013857597861475814,0.11045179161135348,0.16697730595782154
seasonal,500,joint_state_ucb,ar_state_ucb,fixed_best_reward_regret_per_round,32,0.13871454878458744,0.013857597861475814,0.11045179161135342,0.16697730595782148
seasonal,500,joint_state_ucb,ar_state_ucb,correct_selection,32,0.0,0.10998533626601496,-0.22431657222096799,0.22431657222096799
seasonal,500,joint_state_ucb,ar_state_ucb,simple_regret,32,0.04623354685730777,0.043854596736878915,-0.0432084928738488,0.13567558658846435
seasonal,500,joint_state_ucb,ar_state_ucb,mean_squared_error,32,0.3140294678770107,0.01142884008425436,0.2907201948484597,0.3373387409055617
seasonal,500,joint_state_ucb,joint_mean_ucb,oracle_regret_per_round,32,0.17312191934248566,0.018252809726855192,0.13589506847004934,0.210348770214922
seasonal,500,joint_state_ucb,joint_mean_ucb,mean_pseudo_regret_per_round,32,-0.062023711805669846,0.013793121206907275,-0.09015496797493268,-0.03389245563640701
seasonal,500,joint_state_ucb,joint_mean_ucb,stationary_mean_reward_regret_per_round,32,0.17312191934248566,0.018252809726855217,0.1358950684700493,0.21034877021492202
seasonal,500,joint_state_ucb,joint_mean_ucb,fixed_best_reward_regret_per_round,32,0.17312191934248572,0.01825280972685518,0.13589506847004945,0.210348770214922
seasonal,500,joint_state_ucb,joint_mean_ucb,correct_selection,32,-0.09375,0.08229783391889445,-0.2615975388868836,0.07409753888688358
seasonal,500,joint_state_ucb,joint_mean_ucb,simple_regret,32,-0.035622106352284424,0.02083629288628978,-0.07811800586692624,0.006873793162357401
seasonal,500,joint_state_ucb,joint_mean_ucb,mean_squared_error,32,0.005264771549669913,0.0041562813052642466,-0.0032120200594225315,0.013741563158762356
seasonal,500,joint_predictive_ucb,iid_ucb,oracle_regret_per_round,32,0.3191756513547804,0.015921443649324116,0.28670365294594113,0.3516476497636196
seasonal,500,joint_predictive_ucb,iid_ucb,mean_pseudo_regret_per_round,32,0.11817386792849968,0.011033174354621382,0.09567156047581336,0.14067617538118599
seasonal,500,joint_predictive_ucb,iid_ucb,stationary_mean_reward_regret_per_round,32,0.31917565135478093,0.015921443649324088,0.28670365294594174,0.3516476497636201
seasonal,500,joint_predictive_ucb,iid_ucb,fixed_best_reward_regret_per_round,32,0.3191756513547807,0.01592144364932407,0.2867036529459416,0.35164764976361984
seasonal,500,joint_predictive_ucb,iid_ucb,correct_selection,32,0.0625,0.10941099638076722,-0.16064519830220345,0.2856451983022035
seasonal,500,joint_predictive_ucb,iid_ucb,simple_regret,32,0.035097779707348065,0.04297946953805546,-0.05255942633450085,0.12275498574919698
seasonal,500,joint_predictive_ucb,iid_ucb,mean_squared_error,32,0.28850288133283086,0.011236686051831677,0.2655855090371852,0.31142025362847653
seasonal,500,joint_predictive_ucb,ar_state_ucb,oracle_regret_per_round,32,0.06800869739525289,0.017442900630529237,0.03243366701513213,0.10358372777537365
seasonal,500,joint_predictive_ucb,ar_state_ucb,mean_pseudo_regret_per_round,32,0.024318090655697597,0.011105768651347873,0.0016677261587059108,0.046968455152689284
seasonal,500,joint_predictive_ucb,ar_state_ucb,stationary_mean_reward_regret_per_round,32,0.0680086973952533,0.017442900630529175,0.032433667015132665,0.10358372777537392
seasonal,500,joint_predictive_ucb,ar_state_ucb,fixed_best_reward_regret_per_round,32,0.06800869739525309,0.01744290063052918,0.03243366701513244,0.10358372777537372
seasonal,500,joint_predictive_ucb,ar_state_ucb,correct_selection,32,0.03125,0.12283918644230127,-0.21928217249346876,0.28178217249346876
seasonal,500,joint_predictive_ucb,ar_state_ucb,simple_regret,32,0.047173208026684676,0.047361451483476036,-0.0494211091147158,0.14376752516808516
seasonal,500,joint_predictive_ucb,ar_state_ucb,mean_squared_error,32,0.3114671445157777,0.011281874840449443,0.28845760907811974,0.3344766799534357
seasonal,500,joint_predictive_ucb,joint_state_ucb,oracle_regret_per_round,32,-0.07070585138933447,0.012104461854609925,-0.0953930641032038,-0.04601863867546513
seasonal,500,joint_predictive_ucb,joint_state_ucb,mean_pseudo_regret_per_round,32,-0.009527326366333851,0.009045243735030236,-0.027975222589860883,0.00892056985719318
seasonal,500,joint_predictive_ucb,joint_state_ucb,stationary_mean_reward_regret_per_round,32,-0.07070585138933419,0.012104461854609908,-0.0953930641032035,-0.04601863867546488
seasonal,500,joint_predictive_ucb,joint_state_ucb,fixed_best_reward_regret_per_round,32,-0.07070585138933433,0.012104461854609835,-0.09539306410320349,-0.04601863867546517
seasonal,500,joint_predictive_ucb,joint_state_ucb,correct_selection,32,0.03125,0.07077302144543589,-0.11309252888006782,0.17559252888006782
seasonal,500,joint_predictive_ucb,joint_state_ucb,simple_regret,32,0.0009396611693769132,0.018028629899705707,-0.03582997193117719,0.037709294269931026
seasonal,500,joint_predictive_ucb,joint_state_ucb,mean_squared_error,32,-0.0025623233612329893,0.004715732288473224,-0.012180122773179834,0.007055476050713855
seasonal,500,joint_predictive_ts,joint_state_ts,oracle_regret_per_round,32,0.03409590418649437,0.014367352611785218,0.004793495345639873,0.06339831302734887
seasonal,500,joint_predictive_ts,joint_state_ts,mean_pseudo_regret_per_round,32,0.01771812201465215,0.0057764736161870014,0.005936926401684679,0.02949931762761962
seasonal,500,joint_predictive_ts,joint_state_ts,stationary_mean_reward_regret_per_round,32,0.03409590418649448,0.014367352611785195,0.004793495345640029,0.06339831302734894
seasonal,500,joint_predictive_ts,joint_state_ts,fixed_best_reward_regret_per_round,32,0.03409590418649451,0.014367352611785214,0.004793495345640018,0.063398313027349
seasonal,500,joint_predictive_ts,joint_state_ts,correct_selection,32,0.25,0.08980265101338744,0.06684628573615231,0.4331537142638477
seasonal,500,joint_predictive_ts,joint_state_ts,simple_regret,32,0.07535009383585628,0.05063579056488858,-0.02792228189014634,0.1786224695618589
seasonal,500,joint_predictive_ts,joint_state_ts,mean_squared_error,32,-0.000517760312988471,0.005137502811931813,-0.010995766378822758,0.009960245752845816
seasonal,500,joint_predictive_ucb,joint_mean_ucb,oracle_regret_per_round,32,0.10241606795315118,0.01844100792167949,0.06480538433178319,0.14002675157451916
seasonal,500,joint_predictive_ucb,joint_mean_ucb,mean_pseudo_regret_per_round,32,-0.0715510381720037,0.014558561132389175,-0.10124341936169554,-0.041858656982311865
seasonal,500,joint_predictive_ucb,joint_mean_ucb,stationary_mean_reward_regret_per_round,32,0.10241606795315149,0.018441007921679572,0.06480538433178333,0.14002675157451966
seasonal,500,joint_predictive_ucb,joint_mean_ucb,fixed_best_reward_regret_per_round,32,0.10241606795315139,0.018441007921679527,0.06480538433178332,0.14002675157451946
seasonal,500,joint_predictive_ucb,joint_mean_ucb,correct_selection,32,-0.0625,0.09977292767466629,-0.2659882275788182,0.14098822757881818
seasonal,500,joint_predictive_ucb,joint_mean_ucb,simple_regret,32,-0.034682445182907515,0.025237919228605195,-0.08615552080871426,0.016790630442899232
seasonal,500,joint_predictive_ucb,joint_mean_ucb,mean_squared_error,32,0.002702448188436924,0.0037242949787150625,-0.004893301498999069,0.010298197875872918
seasonal,500,joint_mean_ucb,iid_ucb,oracle_regret_per_round,32,0.2167595834016292,0.019088720047058267,0.1778278821911572,0.2556912846121012
seasonal,500,joint_mean_ucb,iid_ucb,mean_pseudo_regret_per_round,32,0.18972490610050338,0.013118754784986069,0.16296902931654708,0.21648078288445968
seasonal,500,joint_mean_ucb,iid_ucb,stationary_mean_reward_regret_per_round,32,0.21675958340162949,0.01908872004705832,0.17782788219115736,0.2556912846121016
seasonal,500,joint_mean_ucb,iid_ucb,fixed_best_reward_regret_per_round,32,0.21675958340162932,0.019088720047058305,0.17782788219115725,0.2556912846121014
seasonal,500,joint_mean_ucb,iid_ucb,correct_selection,32,0.125,0.09786017015735159,-0.07458713290255903,0.32458713290255903
seasonal,500,joint_mean_ucb,iid_ucb,simple_regret,32,0.06978022489025558,0.03667107515325304,-0.005010925978617201,0.14457137575912837
seasonal,500,joint_mean_ucb,iid_ucb,mean_squared_error,32,0.2858004331443939,0.011933724091874372,0.2614614423934314,0.3101394238953564
seasonal,500,joint_mean_ts,iid_ts,oracle_regret_per_round,32,0.08135498336435892,0.01332906214759122,0.05417018188649325,0.1085397848422246
seasonal,500,joint_mean_ts,iid_ts,mean_pseudo_regret_per_round,32,0.05972882317792845,0.008237214111607907,0.04292891423645788,0.07652873211939902
seasonal,500,joint_mean_ts,iid_ts,stationary_mean_reward_regret_per_round,32,0.08135498336435888,0.01332906214759132,0.054170181886493,0.10853978484222476
seasonal,500,joint_mean_ts,iid_ts,fixed_best_reward_regret_per_round,32,0.08135498336435873,0.013329062147591338,0.05417018188649282,0.10853978484222464
seasonal,500,joint_mean_ts,iid_ts,correct_selection,32,0.28125,0.1207701679544329,0.03493761853338154,0.5275623814666185
seasonal,500,joint_mean_ts,iid_ts,simple_regret,32,0.13939600160583898,0.05128431187377321,0.034800957950091554,0.2439910452615864
seasonal,500,joint_mean_ts,iid_ts,mean_squared_error,32,0.26348957020025887,0.013377808514800986,0.2362053498510059,0.29077379054951186
seasonal,500,joint_lucb,round_robin,oracle_regret_per_round,32,0.31482761471651033,0.02394561551532657,0.26599020989076333,0.36366501954225733
seasonal,500,joint_lucb,round_robin,mean_pseudo_regret_per_round,32,0.2758622884205887,0.015808069207781987,0.24362151870975232,0.3081030581314251
seasonal,500,joint_lucb,round_robin,stationary_mean_reward_regret_per_round,32,0.314827614716511,0.023945615515326618,0.26599020989076394,0.36366501954225805
seasonal,500,joint_lucb,round_robin,fixed_best_reward_regret_per_round,32,0.31482761471651105,0.023945615515326656,0.2659902098907639,0.3636650195422582
seasonal,500,joint_lucb,round_robin,correct_selection,32,0.53125,0.08962708359030336,0.3484543578562815,0.7140456421437185
seasonal,500,joint_lucb,round_robin,simple_regret,32,0.33037634465676535,0.05950608296316857,0.20901288831100287,0.45173980100252786
seasonal,500,joint_lucb,round_robin,mean_squared_error,32,-0.02257355132206562,0.008266519984230373,-0.03943322998480808,-0.005713872659323157
seasonal,500,joint_tt_ts,round_robin,oracle_regret_per_round,32,0.1188874089314515,0.01400415440300042,0.09032574772112067,0.14744907014178232
seasonal,500,joint_tt_ts,round_robin,mean_pseudo_regret_per_round,32,0.10798085158632265,0.005945771935020319,0.09585436977564232,0.12010733339700297
seasonal,500,joint_tt_ts,round_robin,stationary_mean_reward_regret_per_round,32,0.11888740893145222,0.014004154403000627,0.09032574772112098,0.14744907014178346
seasonal,500,joint_tt_ts,round_robin,fixed_best_reward_regret_per_round,32,0.11888740893145215,0.014004154403000622,0.09032574772112092,0.14744907014178338
seasonal,500,joint_tt_ts,round_robin,correct_selection,32,0.3125,0.08324928557283298,0.14271196267131267,0.4822880373286873
seasonal,500,joint_tt_ts,round_robin,simple_regret,32,0.24842304473399723,0.0589247696292511,0.12824518474932894,0.3686009047186655
seasonal,500,joint_tt_ts,round_robin,mean_squared_error,32,-0.01056604802631992,0.007392497943251982,-0.025643146984040126,0.004511050931400286
seasonal,500,joint_lucb,joint_mean_ucb,oracle_regret_per_round,32,-0.07088941967439666,0.022556581878290884,-0.11689387171991245,-0.024884967628880865
seasonal,500,joint_lucb,joint_mean_ucb,mean_pseudo_regret_per_round,32,-0.05596659035244616,0.01973163946180235,-0.09620953435423803,-0.01572364635065429
seasonal,500,joint_lucb,joint_mean_ucb,stationary_mean_reward_regret_per_round,32,-0.07088941967439681,0.02255658187829086,-0.11689387171991256,-0.024884967628881066
seasonal,500,joint_lucb,joint_mean_ucb,fixed_best_reward_regret_per_round,32,-0.07088941967439666,0.02255658187829081,-0.1168938717199123,-0.02488496762888101
seasonal,500,joint_lucb,joint_mean_ucb,correct_selection,32,0.125,0.07446042464765881,-0.02686303729328665,0.27686303729328665
seasonal,500,joint_lucb,joint_mean_ucb,simple_regret,32,0.015016532027817761,0.019749385068413703,-0.025262604377272423,0.055295668432907945
seasonal,500,joint_lucb,joint_mean_ucb,mean_squared_error,32,0.0018116841734785024,0.0035905596801685514,-0.0055113105743140435,0.00913467892127105
seasonal,500,joint_tt_ts,joint_mean_ts,oracle_regret_per_round,32,-0.10258422117827876,0.01067596607797474,-0.12435799754758016,-0.08081044480897735
seasonal,500,joint_tt_ts,joint_mean_ts,mean_pseudo_regret_per_round,32,-0.06440611010487689,0.006421262422066702,-0.07750236115752189,-0.051309859052231885
seasonal,500,joint_tt_ts,joint_mean_ts,stationary_mean_reward_regret_per_round,32,-0.10258422117827834,0.010675966077974802,-0.12435799754757987,-0.08081044480897681
seasonal,500,joint_tt_ts,joint_mean_ts,fixed_best_reward_regret_per_round,32,-0.10258422117827838,0.010675966077974837,-0.12435799754757998,-0.08081044480897678
seasonal,500,joint_tt_ts,joint_mean_ts,correct_selection,32,-0.0625,0.10941099638076722,-0.2856451983022035,0.16064519830220345
seasonal,500,joint_tt_ts,joint_mean_ts,simple_regret,32,-0.03073175990289628,0.03269301373629361,-0.09740960102128957,0.035946081215497
seasonal,500,joint_tt_ts,joint_mean_ts,mean_squared_error,32,-0.0015064938070214278,0.005417498378931115,-0.01255555459668218,0.009542566982639323
seasonal,500,joint_predictive_ucb,joint_predictive_ts,oracle_regret_per_round,32,0.2918737945678064,0.014435503006966225,0.262432392079603,0.32131519705600975
seasonal,500,joint_predictive_ucb,joint_predictive_ts,mean_pseudo_regret_per_round,32,0.1613503778809526,0.009496656303096719,0.14198181965498163,0.18071893610692358
seasonal,500,joint_predictive_ucb,joint_predictive_ts,stationary_mean_reward_regret_per_round,32,0.2918737945678066,0.014435503006966206,0.2624323920796032,0.32131519705600997
seasonal,500,joint_predictive_ucb,joint_predictive_ts,fixed_best_reward_regret_per_round,32,0.2918737945678064,0.014435503006966173,0.2624323920796031,0.32131519705600964
seasonal,500,joint_predictive_ucb,joint_predictive_ts,correct_selection,32,-0.03125,0.11433869289767302,-0.2644453016081936,0.20194530160819357
seasonal,500,joint_predictive_ucb,joint_predictive_ts,simple_regret,32,0.03419960213875592,0.047528997179883826,-0.0627364267033541,0.13113563098086595
seasonal,500,joint_predictive_ucb,joint_predictive_ts,mean_squared_error,32,-0.021277266637984325,0.005338103026807111,-0.03216439953940679,-0.01039013373656186
seasonal,1000,joint_state_ucb,iid_ucb,oracle_regret_per_round,32,0.3993913868935649,0.016876025922119238,0.3649725051036684,0.4338102686834614
seasonal,1000,joint_state_ucb,iid_ucb,mean_pseudo_regret_per_round,32,0.08773893417871445,0.015215963367997496,0.05670577228980839,0.11877209606762051
seasonal,1000,joint_state_ucb,iid_ucb,stationary_mean_reward_regret_per_round,32,0.39939138689356535,0.01687602592211935,0.3649725051036686,0.4338102686834621
seasonal,1000,joint_state_ucb,iid_ucb,fixed_best_reward_regret_per_round,32,0.39939138689356535,0.016876025922119283,0.36497250510366874,0.43381026868346195
seasonal,1000,joint_state_ucb,iid_ucb,correct_selection,32,0.15625,0.11972225080873512,-0.08792514035725849,0.4004251403572585
seasonal,1000,joint_state_ucb,iid_ucb,simple_regret,32,0.0434280459968397,0.028682131017253927,-0.015069545884153164,0.10192563787783257
seasonal,1000,joint_state_ucb,iid_ucb,mean_squared_error,32,0.20685691710140763,0.01141653117992498,0.18357274824874678,0.23014108595406849
seasonal,1000,joint_state_ucb,ar_state_ucb,oracle_regret_per_round,32,0.08063492583740392,0.012433400047430255,0.05527683925624418,0.10599301241856365
seasonal,1000,joint_state_ucb,ar_state_ucb,mean_pseudo_regret_per_round,32,0.011211376094784606,0.010456119955371518,-0.010114021151329412,0.03253677334089862
seasonal,1000,joint_state_ucb,ar_state_ucb,stationary_mean_reward_regret_per_round,32,0.0806349258374035,0.012433400047430177,0.05527683925624392,0.10599301241856308
seasonal,1000,joint_state_ucb,ar_state_ucb,fixed_best_reward_regret_per_round,32,0.0806349258374037,0.012433400047430173,0.055276839256244124,0.10599301241856326
seasonal,1000,joint_state_ucb,ar_state_ucb,correct_selection,32,0.03125,0.08381497239022508,-0.1396917631992077,0.2021917631992077
seasonal,1000,joint_state_ucb,ar_state_ucb,simple_regret,32,0.013693713277637232,0.02153988330600484,-0.030237168358769145,0.057624594914043606
seasonal,1000,joint_state_ucb,ar_state_ucb,mean_squared_error,32,0.2749502545559305,0.011063543366077757,0.2523860090960251,0.29751450001583585
seasonal,1000,joint_state_ucb,joint_mean_ucb,oracle_regret_per_round,32,0.1823235704241845,0.017695043165193807,0.1462342919542069,0.21841284889416213
seasonal,1000,joint_state_ucb,joint_mean_ucb,mean_pseudo_regret_per_round,32,-0.1069231736005721,0.017216074272287635,-0.14203558857306198,-0.07181075862808223
seasonal,1000,joint_state_ucb,joint_mean_ucb,stationary_mean_reward_regret_per_round,32,0.1823235704241843,0.01769504316519399,0.14623429195420629,0.2184128488941623
seasonal,1000,joint_state_ucb,joint_mean_ucb,fixed_best_reward_regret_per_round,32,0.18232357042418434,0.017695043165193918,0.1462342919542065,0.21841284889416218
seasonal,1000,joint_state_ucb,joint_mean_ucb,correct_selection,32,0.0,0.10040241611281235,-0.20477207771276815,0.20477207771276815
seasonal,1000,joint_state_ucb,joint_mean_ucb,simple_regret,32,0.0008841526221424825,0.02121153598580086,-0.04237706023961966,0.044145365483904624
seasonal,1000,joint_state_ucb,joint_mean_ucb,mean_squared_error,32,-0.014804809683261302,0.006513139667123341,-0.02808844561261718,-0.0015211737539054249
seasonal,1000,joint_predictive_ucb,iid_ucb,oracle_regret_per_round,32,0.3222369347051903,0.0162166018135663,0.2891629572515655,0.35531091215881516
seasonal,1000,joint_predictive_ucb,iid_ucb,mean_pseudo_regret_per_round,32,0.07238875192518418,0.013825537603309847,0.044191382079574584,0.10058612177079378
seasonal,1000,joint_predictive_ucb,iid_ucb,stationary_mean_reward_regret_per_round,32,0.3222369347051915,0.016216601813566347,0.28916295725156654,0.35531091215881644
seasonal,1000,joint_predictive_ucb,iid_ucb,fixed_best_reward_regret_per_round,32,0.32223693470519127,0.016216601813566357,0.2891629572515663,0.3553109121588162
seasonal,1000,joint_predictive_ucb,iid_ucb,correct_selection,32,0.21875,0.07424858801742054,0.06731900636252361,0.37018099363747636
seasonal,1000,joint_predictive_ucb,iid_ucb,simple_regret,32,0.04990312017568387,0.022174317005656374,0.00467830247799117,0.09512793787337658
seasonal,1000,joint_predictive_ucb,iid_ucb,mean_squared_error,32,0.2182684134938982,0.011637725783973556,0.19453311527200995,0.24200371171578644
seasonal,1000,joint_predictive_ucb,ar_state_ucb,oracle_regret_per_round,32,0.003480473649029342,0.01490124587856429,-0.02691081768836158,0.033871764986420264
seasonal,1000,joint_predictive_ucb,ar_state_ucb,mean_pseudo_regret_per_round,32,-0.004138806158745657,0.01076243234528341,-0.0260889316428828,0.017811319325391484
seasonal,1000,joint_predictive_ucb,ar_state_ucb,stationary_mean_reward_regret_per_round,32,0.003480473649029661,0.014901245878564276,-0.026910817688361233,0.033871764986420555
seasonal,1000,joint_predictive_ucb,ar_state_ucb,fixed_best_reward_regret_per_round,32,0.0034804736490296317,0.014901245878564267,-0.026910817688361247,0.033871764986420506
seasonal,1000,joint_predictive_ucb,ar_state_ucb,correct_selection,32,0.09375,0.11323127025921825,-0.1371866982462213,0.3246866982462213
seasonal,1000,joint_predictive_ucb,ar_state_ucb,simple_regret,32,0.02016878745648141,0.029674111644696934,-0.04035196225274621,0.08068953716570904
seasonal,1000,joint_predictive_ucb,ar_state_ucb,mean_squared_error,32,0.28636175094842103,0.011110144985537737,0.2637024608590032,0.3090210410378389
seasonal,1000,joint_predictive_ucb,joint_state_ucb,oracle_regret_per_round,32,-0.07715445218837458,0.01101709205331384,-0.09962395957129516,-0.054684944805453994
seasonal,1000,joint_predictive_ucb,joint_state_ucb,mean_pseudo_regret_per_round,32,-0.015350182253530263,0.00904348581685335,-0.03379449317929787,0.0030941286722373437
seasonal,1000,joint_predictive_ucb,joint_state_ucb,stationary_mean_reward_regret_per_round,32,-0.07715445218837383,0.011017092053313787,-0.0996239595712943,-0.054684944805453356
seasonal,1000,joint_predictive_ucb,joint_state_ucb,fixed_best_reward_regret_per_round,32,-0.07715445218837406,0.011017092053313738,-0.09962395957129444,-0.05468494480545369
seasonal,1000,joint_predictive_ucb,joint_state_ucb,correct_selection,32,0.0625,0.10941099638076722,-0.16064519830220345,0.2856451983022035
seasonal,1000,joint_predictive_ucb,joint_state_ucb,simple_regret,32,0.006475074178844176,0.026679166571888218,-0.0479374447831714,0.060887593140859744
seasonal,1000,joint_predictive_ucb,joint_state_ucb,mean_squared_error,32,0.011411496392490577,0.005404526878136648,0.00038889115312008317,0.02243410163186107
seasonal,1000,joint_predictive_ts,joint_state_ts,oracle_regret_per_round,32,0.04329799003721549,0.01007410383743219,0.022751719800378885,0.0638442602740521
seasonal,1000,joint_predictive_ts,joint_state_ts,mean_pseudo_regret_per_round,32,0.01934712328173253,0.004511564622245086,0.010145726570377347,0.028548519993087714
seasonal,1000,joint_predictive_ts,joint_state_ts,stationary_mean_reward_regret_per_round,32,0.04329799003721525,0.010074103837432282,0.02275171980037846,0.06384426027405204
seasonal,1000,joint_predictive_ts,joint_state_ts,fixed_best_reward_regret_per_round,32,0.04329799003721514,0.010074103837432288,0.02275171980037834,0.06384426027405195
seasonal,1000,joint_predictive_ts,joint_state_ts,correct_selection,32,-0.03125,0.09508458670590234,-0.22517629313173293,0.16267629313173293
seasonal,1000,joint_predictive_ts,joint_state_ts,simple_regret,32,-0.007732688207320447,0.0285643505528806,-0.06599006524750109,0.0505246888328602
seasonal,1000,joint_predictive_ts,joint_state_ts,mean_squared_error,32,-0.004401588183034229,0.004278848915537023,-0.013128358081370674,0.004325181715302217
seasonal,1000,joint_predictive_ucb,joint_mean_ucb,oracle_regret_per_round,32,0.10516911823580993,0.01774597471198566,0.06897596419130456,0.1413622722803153
seasonal,1000,joint_predictive_ucb,joint_mean_ucb,mean_pseudo_regret_per_round,32,-0.12227335585410234,0.01711838974394813,-0.15718654191753892,-0.08736016979066577
seasonal,1000,joint_predictive_ucb,joint_mean_ucb,stationary_mean_reward_regret_per_round,32,0.10516911823581046,0.017745974711985805,0.06897596419130479,0.14136227228031611
seasonal,1000,joint_predictive_ucb,joint_mean_ucb,fixed_best_reward_regret_per_round,32,0.1051691182358103,0.017745974711985767,0.0689759641913047,0.1413622722803159
seasonal,1000,joint_predictive_ucb,joint_mean_ucb,correct_selection,32,0.0625,0.09977292767466629,-0.14098822757881818,0.2659882275788182
seasonal,1000,joint_predictive_ucb,joint_mean_ucb,simple_regret,32,0.007359226800986659,0.025324685130648863,-0.04429080904872687,0.05900926265070018
seasonal,1000,joint_predictive_ucb,joint_mean_ucb,mean_squared_error,32,-0.003393313290770725,0.005950774823113343,-0.015529998558987594,0.008743371977446143
seasonal,1000,joint_mean_ucb,iid_ucb,oracle_regret_per_round,32,0.21706781646938036,0.01314638587871838,0.19025558569821838,0.24388004724054235
seasonal,1000,joint_mean_ucb,iid_ucb,mean_pseudo_regret_per_round,32,0.19466210777928655,0.013461343696808481,0.16720751630308212,0.222116699255491
seasonal,1000,joint_mean_ucb,iid_ucb,stationary_mean_reward_regret_per_round,32,0.217067816469381,0.013146385878718386,0.190255585698219,0.24388004724054302
seasonal,1000,joint_mean_ucb,iid_ucb,fixed_best_reward_regret_per_round,32,0.21706781646938098,0.013146385878718402,0.19025558569821893,0.24388004724054302
seasonal,1000,joint_mean_ucb,iid_ucb,correct_selection,32,0.15625,0.10149462682424892,-0.050749656145041205,0.36324965614504123
seasonal,1000,joint_mean_ucb,iid_ucb,simple_regret,32,0.04254389337469722,0.02549504026067737,-0.00945358405337205,0.09454137080276648
seasonal,1000,joint_mean_ucb,iid_ucb,mean_squared_error,32,0.22166172678466894,0.011322106501584049,0.1985701383331561,0.2447533152361818
seasonal,1000,joint_mean_ts,iid_ts,oracle_regret_per_round,32,0.08920011780131346,0.012841329614860768,0.06301005338219651,0.1153901822204304
seasonal,1000,joint_mean_ts,iid_ts,mean_pseudo_regret_per_round,32,0.08227347456764361,0.011470060552200978,0.05888013184044871,0.10566681729483851
seasonal,1000,joint_mean_ts,iid_ts,stationary_mean_reward_regret_per_round,32,0.08920011780131329,0.012841329614860826,0.06301005338219623,0.11539018222043035
seasonal,1000,joint_mean_ts,iid_ts,fixed_best_reward_regret_per_round,32,0.08920011780131325,0.012841329614860791,0.06301005338219626,0.11539018222043024
seasonal,1000,joint_mean_ts,iid_ts,correct_selection,32,0.21875,0.11652196767825757,-0.018898119880373904,0.45639811988037393
seasonal,1000,joint_mean_ts,iid_ts,simple_regret,32,0.08945499359143268,0.03698898103349342,0.014015469405121148,0.16489451777774422
seasonal,1000,joint_mean_ts,iid_ts,mean_squared_error,32,0.1780475768876841,0.012241153868822562,0.15308157897281308,0.20301357480255514
seasonal,1000,joint_lucb,round_robin,oracle_regret_per_round,32,0.4549698745748725,0.02247110743230199,0.4091397488112743,0.5008000003384706
seasonal,1000,joint_lucb,round_robin,mean_pseudo_regret_per_round,32,0.4081355470330854,0.012421317704121235,0.3828021025535684,0.43346899151260243
seasonal,1000,joint_lucb,round_robin,stationary_mean_reward_regret_per_round,32,0.45496987457487237,0.022471107432301865,0.40913974881127446,0.5008000003384703
seasonal,1000,joint_lucb,round_robin,fixed_best_reward_regret_per_round,32,0.45496987457487226,0.022471107432301858,0.40913974881127435,0.5008000003384702
seasonal,1000,joint_lucb,round_robin,correct_selection,32,0.5625,0.10941099638076722,0.3393548016977965,0.7856451983022035
seasonal,1000,joint_lucb,round_robin,simple_regret,32,0.28055110496885377,0.05275605424645702,0.17295442295438637,0.3881477869833212
seasonal,1000,joint_lucb,round_robin,mean_squared_error,32,-0.05192664404802242,0.007885121635375306,-0.06800845564984159,-0.03584483244620325
seasonal,1000,joint_tt_ts,round_robin,oracle_regret_per_round,32,0.21076294521701347,0.015242487664842508,0.1796756866680358,0.24185020376599115
seasonal,1000,joint_tt_ts,round_robin,mean_pseudo_regret_per_round,32,0.19512010295880822,0.00786929484743612,0.17907057030380427,0.21116963561381216
seasonal,1000,joint_tt_ts,round_robin,stationary_mean_reward_regret_per_round,32,0.21076294521701394,0.015242487664842456,0.17967568666803638,0.2418502037659915
seasonal,1000,joint_tt_ts,round_robin,fixed_best_reward_regret_per_round,32,0.21076294521701372,0.01524248766484245,0.17967568666803616,0.24185020376599128
seasonal,1000,joint_tt_ts,round_robin,correct_selection,32,0.4375,0.08909830562090465,0.25578280763502836,0.6192171923649716
seasonal,1000,joint_tt_ts,round_robin,simple_regret,32,0.2517468832909111,0.04934108969680128,0.15111506739443364,0.35237869918738857
seasonal,1000,joint_tt_ts,round_robin,mean_squared_error,32,-0.015888741158417465,0.005578924747570089,-0.027267033197520343,-0.004510449119314584
seasonal,1000,joint_lucb,joint_mean_ucb,oracle_regret_per_round,32,-0.08179155461689731,0.017284406314176225,-0.1170433337076387,-0.04653977552615593
seasonal,1000,joint_lucb,joint_mean_ucb,mean_pseudo_regret_per_round,32,-0.0752578546490098,0.016106015570807583,-0.10810628997354178,-0.04240941932447782
seasonal,1000,joint_lucb,joint_mean_ucb,stationary_mean_reward_regret_per_round,32,-0.08179155461689744,0.01728440631417625,-0.11704333370763886,-0.046539775526156006
seasonal,1000,joint_lucb,joint_mean_ucb,fixed_best_reward_regret_per_round,32,-0.08179155461689738,0.017284406314176232,-0.11704333370763878,-0.046539775526155985
seasonal,1000,joint_lucb,joint_mean_ucb,correct_selection,32,0.15625,0.07917639300749572,-0.005231318175954042,0.317731318175954
seasonal,1000,joint_lucb,joint_mean_ucb,simple_regret,32,0.03478661048856992,0.017622367683377643,-0.0011544453590202897,0.07072766633616014
seasonal,1000,joint_lucb,joint_mean_ucb,mean_squared_error,32,-0.0053433035332473835,0.004709942684271137,-0.01494929496957476,0.004262687903079991
seasonal,1000,joint_tt_ts,joint_mean_ts,oracle_regret_per_round,32,-0.11950440126692893,0.01282962888769064,-0.1456706018956498,-0.09333820063820808
seasonal,1000,joint_tt_ts,joint_mean_ts,mean_pseudo_regret_per_round,32,-0.10011785374652032,0.011090803608174472,-0.12273769683673395,-0.0774980106563067
seasonal,1000,joint_tt_ts,joint_mean_ts,stationary_mean_reward_regret_per_round,32,-0.11950440126692818,0.012829628887690722,-0.1456706018956492,-0.09333820063820716
seasonal,1000,joint_tt_ts,joint_mean_ts,fixed_best_reward_regret_per_round,32,-0.11950440126692824,0.012829628887690705,-0.14567060189564923,-0.09333820063820726
seasonal,1000,joint_tt_ts,joint_mean_ts,correct_selection,32,0.0,0.1270001270001905,-0.25901846671094003,0.25901846671094003
seasonal,1000,joint_tt_ts,joint_mean_ts,simple_regret,32,-0.0022414302445809622,0.027877273244206118,-0.05909750387500615,0.05461464338584422
seasonal,1000,joint_tt_ts,joint_mean_ts,mean_squared_error,32,0.005766880405778045,0.004826343322700084,-0.0040765116977942925,0.015610272509350383
seasonal,1000,joint_predictive_ucb,joint_predictive_ts,oracle_regret_per_round,32,0.39265350475786687,0.0118297981864037,0.3685264722885407,0.41678053722719305
seasonal,1000,joint_predictive_ucb,joint_predictive_ts,mean_pseudo_regret_per_round,32,0.22369894544210683,0.008497132352460171,0.2063689297534544,0.24102896113075928
seasonal,1000,joint_predictive_ucb,joint_predictive_ts,stationary_mean_reward_regret_per_round,32,0.39265350475786764,0.011829798186403697,0.36852647228854146,0.4167805372271938
seasonal,1000,joint_predictive_ucb,joint_predictive_ts,fixed_best_reward_regret_per_round,32,0.3926535047578674,0.011829798186403659,0.3685264722885413,0.41678053722719355
seasonal,1000,joint_predictive_ucb,joint_predictive_ts,correct_selection,32,0.1875,0.11392467092408602,-0.04485089822595931,0.41985089822595933
seasonal,1000,joint_predictive_ucb,joint_predictive_ts,simple_regret,32,0.056238194196741025,0.034613756977349155,-0.014357028588860059,0.1268334169823421
seasonal,1000,joint_predictive_ucb,joint_predictive_ts,mean_squared_error,32,-0.04457823156841988,0.005982466571573136,-0.0567795525837603,-0.03237691055307945
weak,100,joint_state_ucb,iid_ucb,oracle_regret_per_round,32,0.0,0.0,0.0,0.0
weak,100,joint_state_ucb,iid_ucb,mean_pseudo_regret_per_round,32,0.0,0.0,0.0,0.0
weak,100,joint_state_ucb,iid_ucb,stationary_mean_reward_regret_per_round,32,0.0,0.0,0.0,0.0
weak,100,joint_state_ucb,iid_ucb,fixed_best_reward_regret_per_round,32,0.0,0.0,0.0,0.0
weak,100,joint_state_ucb,iid_ucb,correct_selection,32,0.03125,0.05470549819038361,-0.08032259915110172,0.14282259915110174
weak,100,joint_state_ucb,iid_ucb,simple_regret,32,0.03391602498968739,0.0660557775249406,-0.10080562148459858,0.16863767146397335
weak,100,joint_state_ucb,iid_ucb,mean_squared_error,32,0.7093934422520594,0.018799117014466533,0.6710523903206753,0.7477344941834434
weak,100,joint_state_ucb,ar_state_ucb,oracle_regret_per_round,32,0.0,0.0,0.0,0.0
weak,100,joint_state_ucb,ar_state_ucb,mean_pseudo_regret_per_round,32,0.0,0.0,0.0,0.0
weak,100,joint_state_ucb,ar_state_ucb,stationary_mean_reward_regret_per_round,32,0.0,0.0,0.0,0.0
weak,100,joint_state_ucb,ar_state_ucb,fixed_best_reward_regret_per_round,32,0.0,0.0,0.0,0.0
weak,100,joint_state_ucb,ar_state_ucb,correct_selection,32,0.03125,0.05470549819038361,-0.08032259915110172,0.14282259915110174
weak,100,joint_state_ucb,ar_state_ucb,simple_regret,32,0.03391602498968739,0.0660557775249406,-0.10080562148459858,0.16863767146397335
weak,100,joint_state_ucb,ar_state_ucb,mean_squared_error,32,0.7093934422520594,0.01879911701446653,0.6710523903206754,0.7477344941834433
weak,100,joint_state_ucb,joint_mean_ucb,oracle_regret_per_round,32,0.0,0.0,0.0,0.0
weak,100,joint_state_ucb,joint_mean_ucb,mean_pseudo_regret_per_round,32,0.0,0.0,0.0,0.0
weak,100,joint_state_ucb,joint_mean_ucb,stationary_mean_reward_regret_per_round,32,0.0,0.0,0.0,0.0
weak,100,joint_state_ucb,joint_mean_ucb,fixed_best_reward_regret_per_round,32,0.0,0.0,0.0,0.0
weak,100,joint_state_ucb,joint_mean_ucb,correct_selection,32,0.0,0.0,0.0,0.0
weak,100,joint_state_ucb,joint_mean_ucb,simple_regret,32,0.0,0.0,0.0,0.0
weak,100,joint_state_ucb,joint_mean_ucb,mean_squared_error,32,0.0,0.0,0.0,0.0
weak,100,joint_predictive_ucb,iid_ucb,oracle_regret_per_round,32,0.0,0.0,0.0,0.0
weak,100,joint_predictive_ucb,iid_ucb,mean_pseudo_regret_per_round,32,0.0,0.0,0.0,0.0
weak,100,joint_predictive_ucb,iid_ucb,stationary_mean_reward_regret_per_round,32,0.0,0.0,0.0,0.0
weak,100,joint_predictive_ucb,iid_ucb,fixed_best_reward_regret_per_round,32,0.0,0.0,0.0,0.0
weak,100,joint_predictive_ucb,iid_ucb,correct_selection,32,0.03125,0.05470549819038361,-0.08032259915110172,0.14282259915110174
weak,100,joint_predictive_ucb,iid_ucb,simple_regret,32,0.03391602498968739,0.0660557775249406,-0.10080562148459858,0.16863767146397335
weak,100,joint_predictive_ucb,iid_ucb,mean_squared_error,32,0.7093934422520594,0.018799117014466533,0.6710523903206753,0.7477344941834434
weak,100,joint_predictive_ucb,ar_state_ucb,oracle_regret_per_round,32,0.0,0.0,0.0,0.0
weak,100,joint_predictive_ucb,ar_state_ucb,mean_pseudo_regret_per_round,32,0.0,0.0,0.0,0.0
weak,100,joint_predictive_ucb,ar_state_ucb,stationary_mean_reward_regret_per_round,32,0.0,0.0,0.0,0.0
weak,100,joint_predictive_ucb,ar_state_ucb,fixed_best_reward_regret_per_round,32,0.0,0.0,0.0,0.0
weak,100,joint_predictive_ucb,ar_state_ucb,correct_selection,32,0.03125,0.05470549819038361,-0.08032259915110172,0.14282259915110174
weak,100,joint_predictive_ucb,ar_state_ucb,simple_regret,32,0.03391602498968739,0.0660557775249406,-0.10080562148459858,0.16863767146397335
weak,100,joint_predictive_ucb,ar_state_ucb,mean_squared_error,32,0.7093934422520594,0.01879911701446653,0.6710523903206754,0.7477344941834433
weak,100,joint_predictive_ucb,joint_state_ucb,oracle_regret_per_round,32,0.0,0.0,0.0,0.0
weak,100,joint_predictive_ucb,joint_state_ucb,mean_pseudo_regret_per_round,32,0.0,0.0,0.0,0.0
weak,100,joint_predictive_ucb,joint_state_ucb,stationary_mean_reward_regret_per_round,32,0.0,0.0,0.0,0.0
weak,100,joint_predictive_ucb,joint_state_ucb,fixed_best_reward_regret_per_round,32,0.0,0.0,0.0,0.0
weak,100,joint_predictive_ucb,joint_state_ucb,correct_selection,32,0.0,0.0,0.0,0.0
weak,100,joint_predictive_ucb,joint_state_ucb,simple_regret,32,0.0,0.0,0.0,0.0
weak,100,joint_predictive_ucb,joint_state_ucb,mean_squared_error,32,0.0,0.0,0.0,0.0
weak,100,joint_predictive_ts,joint_state_ts,oracle_regret_per_round,32,0.0,0.0,0.0,0.0
weak,100,joint_predictive_ts,joint_state_ts,mean_pseudo_regret_per_round,32,0.0,0.0,0.0,0.0
weak,100,joint_predictive_ts,joint_state_ts,stationary_mean_reward_regret_per_round,32,0.0,0.0,0.0,0.0
weak,100,joint_predictive_ts,joint_state_ts,fixed_best_reward_regret_per_round,32,0.0,0.0,0.0,0.0
weak,100,joint_predictive_ts,joint_state_ts,correct_selection,32,0.0,0.0,0.0,0.0
weak,100,joint_predictive_ts,joint_state_ts,simple_regret,32,0.0,0.0,0.0,0.0
weak,100,joint_predictive_ts,joint_state_ts,mean_squared_error,32,0.0,0.0,0.0,0.0
weak,100,joint_predictive_ucb,joint_mean_ucb,oracle_regret_per_round,32,0.0,0.0,0.0,0.0
weak,100,joint_predictive_ucb,joint_mean_ucb,mean_pseudo_regret_per_round,32,0.0,0.0,0.0,0.0
weak,100,joint_predictive_ucb,joint_mean_ucb,stationary_mean_reward_regret_per_round,32,0.0,0.0,0.0,0.0
weak,100,joint_predictive_ucb,joint_mean_ucb,fixed_best_reward_regret_per_round,32,0.0,0.0,0.0,0.0
weak,100,joint_predictive_ucb,joint_mean_ucb,correct_selection,32,0.0,0.0,0.0,0.0
weak,100,joint_predictive_ucb,joint_mean_ucb,simple_regret,32,0.0,0.0,0.0,0.0
weak,100,joint_predictive_ucb,joint_mean_ucb,mean_squared_error,32,0.0,0.0,0.0,0.0
weak,100,joint_mean_ucb,iid_ucb,oracle_regret_per_round,32,0.0,0.0,0.0,0.0
weak,100,joint_mean_ucb,iid_ucb,mean_pseudo_regret_per_round,32,0.0,0.0,0.0,0.0
weak,100,joint_mean_ucb,iid_ucb,stationary_mean_reward_regret_per_round,32,0.0,0.0,0.0,0.0
weak,100,joint_mean_ucb,iid_ucb,fixed_best_reward_regret_per_round,32,0.0,0.0,0.0,0.0
weak,100,joint_mean_ucb,iid_ucb,correct_selection,32,0.03125,0.05470549819038361,-0.08032259915110172,0.14282259915110174
weak,100,joint_mean_ucb,iid_ucb,simple_regret,32,0.03391602498968739,0.0660557775249406,-0.10080562148459858,0.16863767146397335
weak,100,joint_mean_ucb,iid_ucb,mean_squared_error,32,0.7093934422520594,0.018799117014466533,0.6710523903206753,0.7477344941834434
weak,100,joint_mean_ts,iid_ts,oracle_regret_per_round,32,0.0,0.0,0.0,0.0
weak,100,joint_mean_ts,iid_ts,mean_pseudo_regret_per_round,32,0.0,0.0,0.0,0.0
weak,100,joint_mean_ts,iid_ts,stationary_mean_reward_regret_per_round,32,0.0,0.0,0.0,0.0
weak,100,joint_mean_ts,iid_ts,fixed_best_reward_regret_per_round,32,0.0,0.0,0.0,0.0
weak,100,joint_mean_ts,iid_ts,correct_selection,32,0.03125,0.05470549819038361,-0.08032259915110172,0.14282259915110174
weak,100,joint_mean_ts,iid_ts,simple_regret,32,0.03391602498968739,0.0660557775249406,-0.10080562148459858,0.16863767146397335
weak,100,joint_mean_ts,iid_ts,mean_squared_error,32,0.7093934422520594,0.018799117014466533,0.6710523903206753,0.7477344941834434
weak,100,joint_lucb,round_robin,oracle_regret_per_round,32,0.0,0.0,0.0,0.0
weak,100,joint_lucb,round_robin,mean_pseudo_regret_per_round,32,0.0,0.0,0.0,0.0
weak,100,joint_lucb,round_robin,stationary_mean_reward_regret_per_round,32,0.0,0.0,0.0,0.0
weak,100,joint_lucb,round_robin,fixed_best_reward_regret_per_round,32,0.0,0.0,0.0,0.0
weak,100,joint_lucb,round_robin,correct_selection,32,0.0,0.0,0.0,0.0
weak,100,joint_lucb,round_robin,simple_regret,32,0.0,0.0,0.0,0.0
weak,100,joint_lucb,round_robin,mean_squared_error,32,0.0,0.0,0.0,0.0
weak,100,joint_tt_ts,round_robin,oracle_regret_per_round,32,0.0,0.0,0.0,0.0
weak,100,joint_tt_ts,round_robin,mean_pseudo_regret_per_round,32,0.0,0.0,0.0,0.0
weak,100,joint_tt_ts,round_robin,stationary_mean_reward_regret_per_round,32,0.0,0.0,0.0,0.0
weak,100,joint_tt_ts,round_robin,fixed_best_reward_regret_per_round,32,0.0,0.0,0.0,0.0
weak,100,joint_tt_ts,round_robin,correct_selection,32,0.0,0.0,0.0,0.0
weak,100,joint_tt_ts,round_robin,simple_regret,32,0.0,0.0,0.0,0.0
weak,100,joint_tt_ts,round_robin,mean_squared_error,32,0.0,0.0,0.0,0.0
weak,100,joint_lucb,joint_mean_ucb,oracle_regret_per_round,32,0.0,0.0,0.0,0.0
weak,100,joint_lucb,joint_mean_ucb,mean_pseudo_regret_per_round,32,0.0,0.0,0.0,0.0
weak,100,joint_lucb,joint_mean_ucb,stationary_mean_reward_regret_per_round,32,0.0,0.0,0.0,0.0
weak,100,joint_lucb,joint_mean_ucb,fixed_best_reward_regret_per_round,32,0.0,0.0,0.0,0.0
weak,100,joint_lucb,joint_mean_ucb,correct_selection,32,0.0,0.0,0.0,0.0
weak,100,joint_lucb,joint_mean_ucb,simple_regret,32,0.0,0.0,0.0,0.0
weak,100,joint_lucb,joint_mean_ucb,mean_squared_error,32,0.0,0.0,0.0,0.0
weak,100,joint_tt_ts,joint_mean_ts,oracle_regret_per_round,32,0.0,0.0,0.0,0.0
weak,100,joint_tt_ts,joint_mean_ts,mean_pseudo_regret_per_round,32,0.0,0.0,0.0,0.0
weak,100,joint_tt_ts,joint_mean_ts,stationary_mean_reward_regret_per_round,32,0.0,0.0,0.0,0.0
weak,100,joint_tt_ts,joint_mean_ts,fixed_best_reward_regret_per_round,32,0.0,0.0,0.0,0.0
weak,100,joint_tt_ts,joint_mean_ts,correct_selection,32,0.0,0.0,0.0,0.0
weak,100,joint_tt_ts,joint_mean_ts,simple_regret,32,0.0,0.0,0.0,0.0
weak,100,joint_tt_ts,joint_mean_ts,mean_squared_error,32,0.0,0.0,0.0,0.0
weak,100,joint_predictive_ucb,joint_predictive_ts,oracle_regret_per_round,32,0.0,0.0,0.0,0.0
weak,100,joint_predictive_ucb,joint_predictive_ts,mean_pseudo_regret_per_round,32,0.0,0.0,0.0,0.0
weak,100,joint_predictive_ucb,joint_predictive_ts,stationary_mean_reward_regret_per_round,32,0.0,0.0,0.0,0.0
weak,100,joint_predictive_ucb,joint_predictive_ts,fixed_best_reward_regret_per_round,32,0.0,0.0,0.0,0.0
weak,100,joint_predictive_ucb,joint_predictive_ts,correct_selection,32,0.0,0.0,0.0,0.0
weak,100,joint_predictive_ucb,joint_predictive_ts,simple_regret,32,0.0,0.0,0.0,0.0
weak,100,joint_predictive_ucb,joint_predictive_ts,mean_squared_error,32,0.0,0.0,0.0,0.0
weak,250,joint_state_ucb,iid_ucb,oracle_regret_per_round,32,0.20203032230260276,0.0213366495191742,0.15851393870719954,0.24554670589800598
weak,250,joint_state_ucb,iid_ucb,mean_pseudo_regret_per_round,32,0.17341109467304888,0.015453226269048066,0.14189403190711916,0.2049281574389786
weak,250,joint_state_ucb,iid_ucb,stationary_mean_reward_regret_per_round,32,0.20203032230260304,0.0213366495191741,0.15851393870720001,0.24554670589800606
weak,250,joint_state_ucb,iid_ucb,fixed_best_reward_regret_per_round,32,0.20203032230260312,0.021336649519174106,0.1585139387072001,0.24554670589800615
weak,250,joint_state_ucb,iid_ucb,correct_selection,32,0.125,0.10766959615176361,-0.09459358911959279,0.3445935891195928
weak,250,joint_state_ucb,iid_ucb,simple_regret,32,0.060300916074518235,0.06612073523204266,-0.07455321251684949,0.19515504466588596
weak,250,joint_state_ucb,iid_ucb,mean_squared_error,32,0.3957456722388637,0.013227341377160274,0.3687683316400697,0.4227230128376577
weak,250,joint_state_ucb,ar_state_ucb,oracle_regret_per_round,32,0.13447531296723458,0.019301900279797616,0.09510882780558476,0.1738417981288844
weak,250,joint_state_ucb,ar_state_ucb,mean_pseudo_regret_per_round,32,0.11094182913766804,0.014497783372723035,0.08137340500605714,0.14051025326927893
weak,250,joint_state_ucb,ar_state_ucb,stationary_mean_reward_regret_per_round,32,0.13447531296723497,0.019301900279797602,0.09510882780558517,0.17384179812888478
weak,250,joint_state_ucb,ar_state_ucb,fixed_best_reward_regret_per_round,32,0.13447531296723503,0.019301900279797606,0.09510882780558522,0.17384179812888484
weak,250,joint_state_ucb,ar_state_ucb,correct_selection,32,0.03125,0.11433869289767302,-0.20194530160819357,0.2644453016081936
weak,250,joint_state_ucb,ar_state_ucb,simple_regret,32,0.10426231295591189,0.06478975166331155,-0.027877256750096044,0.2364018826619198
weak,250,joint_state_ucb,ar_state_ucb,mean_squared_error,32,0.3707150902004698,0.01355723850504786,0.34306491997342153,0.398365260427518
weak,250,joint_state_ucb,joint_mean_ucb,oracle_regret_per_round,32,0.09252511002663724,0.01593324202886922,0.060029048664070085,0.1250211713892044
weak,250,joint_state_ucb,joint_mean_ucb,mean_pseudo_regret_per_round,32,0.08559238353483578,0.013818523768938482,0.057409318498737386,0.11377544857093418
weak,250,joint_state_ucb,joint_mean_ucb,stationary_mean_reward_regret_per_round,32,0.09252511002663728,0.01593324202886915,0.06002904866407027,0.1250211713892043
weak,250,joint_state_ucb,joint_mean_ucb,fixed_best_reward_regret_per_round,32,0.09252511002663724,0.015933242028869154,0.060029048664070224,0.12502117138920427
weak,250,joint_state_ucb,joint_mean_ucb,correct_selection,32,0.0625,0.09977292767466629,-0.14098822757881818,0.2659882275788182
weak,250,joint_state_ucb,joint_mean_ucb,simple_regret,32,0.026373502453460214,0.058861265686624344,-0.09367484038632162,0.14642184529324204
weak,250,joint_state_ucb,joint_mean_ucb,mean_squared_error,32,0.0038654662593848215,0.002738450292046594,-0.0017196399335323766,0.00945057245230202
weak,250,joint_predictive_ucb,iid_ucb,oracle_regret_per_round,32,0.08420946404685115,0.018430601822742334,0.04662000380419001,0.12179892428951228
weak,250,joint_predictive_ucb,iid_ucb,mean_pseudo_regret_per_round,32,0.0771843521526393,0.01294149828955781,0.050789992374570034,0.10357871193070857
weak,250,joint_predictive_ucb,iid_ucb,stationary_mean_reward_regret_per_round,32,0.08420946404685098,0.01843060182274233,0.046620003804189854,0.12179892428951211
weak,250,joint_predictive_ucb,iid_ucb,fixed_best_reward_regret_per_round,32,0.08420946404685109,0.018430601822742365,0.046620003804189895,0.12179892428951228
weak,250,joint_predictive_ucb,iid_ucb,correct_selection,32,0.15625,0.10149462682424892,-0.050749656145041205,0.36324965614504123
weak,250,joint_predictive_ucb,iid_ucb,simple_regret,32,0.048864485919660194,0.0626652924781945,-0.07894222071198115,0.17667119255130154
weak,250,joint_predictive_ucb,iid_ucb,mean_squared_error,32,0.3878097501011306,0.013869262836562944,0.3595232020543545,0.4160962981479067
weak,250,joint_predictive_ucb,ar_state_ucb,oracle_regret_per_round,32,0.01665445471148297,0.01603572545209614,-0.01605062297078822,0.04935953239375416
weak,250,joint_predictive_ucb,ar_state_ucb,mean_pseudo_regret_per_round,32,0.014715086617258427,0.00807271533698881,-0.001749324861460757,0.03117949809597761
weak,250,joint_predictive_ucb,ar_state_ucb,stationary_mean_reward_regret_per_round,32,0.016654454711482913,0.016035725452096146,-0.01605062297078829,0.04935953239375412
weak,250,joint_predictive_ucb,ar_state_ucb,fixed_best_reward_regret_per_round,32,0.01665445471148299,0.01603572545209615,-0.01605062297078822,0.0493595323937542
weak,250,joint_predictive_ucb,ar_state_ucb,correct_selection,32,0.0625,0.09977292767466629,-0.14098822757881818,0.2659882275788182
weak,250,joint_predictive_ucb,ar_state_ucb,simple_regret,32,0.09282588280105383,0.06372881543905821,-0.03714989320982037,0.22280165881192804
weak,250,joint_predictive_ucb,ar_state_ucb,mean_squared_error,32,0.3627791680627367,0.013822374834685049,0.3345882487262652,0.3909700873992082
weak,250,joint_predictive_ucb,joint_state_ucb,oracle_regret_per_round,32,-0.11782085825575161,0.019056309977433707,-0.15668645869342568,-0.07895525781807755
weak,250,joint_predictive_ucb,joint_state_ucb,mean_pseudo_regret_per_round,32,-0.09622674252040961,0.012781054510139719,-0.12229387505296502,-0.0701596099878542
weak,250,joint_predictive_ucb,joint_state_ucb,stationary_mean_reward_regret_per_round,32,-0.11782085825575206,0.019056309977433707,-0.15668645869342612,-0.078955257818078
weak,250,joint_predictive_ucb,joint_state_ucb,fixed_best_reward_regret_per_round,32,-0.11782085825575203,0.01905630997743372,-0.15668645869342612,-0.07895525781807794
weak,250,joint_predictive_ucb,joint_state_ucb,correct_selection,32,0.03125,0.08381497239022508,-0.1396917631992077,0.2021917631992077
weak,250,joint_predictive_ucb,joint_state_ucb,simple_regret,32,-0.011436430154858037,0.05389176339775667,-0.12134940625459653,0.09847654594488045
weak,250,joint_predictive_ucb,joint_state_ucb,mean_squared_error,32,-0.007935922137733071,0.003648558491358115,-0.015377206240821738,-0.000494638034644404
weak,250,joint_predictive_ts,joint_state_ts,oracle_regret_per_round,32,0.02289350799727341,0.013903491394502105,-0.005462849653670377,0.051249865648217194
weak,250,joint_predictive_ts,joint_state_ts,mean_pseudo_regret_per_round,32,0.035599922906342174,0.006948306600946763,0.021428758164026333,0.049771087648658015
weak,250,joint_predictive_ts,joint_state_ts,stationary_mean_reward_regret_per_round,32,0.022893507997273372,0.013903491394502067,-0.005462849653670335,0.05124986564821708
weak,250,joint_predictive_ts,joint_state_ts,fixed_best_reward_regret_per_round,32,0.022893507997273306,0.013903491394502086,-0.0054628496536704395,0.051249865648217055
weak,250,joint_predictive_ts,joint_state_ts,correct_selection,32,0.0625,0.09977292767466629,-0.14098822757881818,0.2659882275788182
weak,250,joint_predictive_ts,joint_state_ts,simple_regret,32,0.03984637939521102,0.06737161119814357,-0.09755892754879358,0.17725168633921562
weak,250,joint_predictive_ts,joint_state_ts,mean_squared_error,32,-0.007202463223852188,0.005636077355248416,-0.018697318774811636,0.0042923923271072605
weak,250,joint_predictive_ucb,joint_mean_ucb,oracle_regret_per_round,32,-0.025295748229114387,0.019561114358604494,-0.06519090398998609,0.01459940753175732
weak,250,joint_predictive_ucb,joint_mean_ucb,mean_pseudo_regret_per_round,32,-0.010634358985573841,0.01328010284705238,-0.03771930731166438,0.016450589340516703
weak,250,joint_predictive_ucb,joint_mean_ucb,stationary_mean_reward_regret_per_round,32,-0.02529574822911478,0.0195611143586045,-0.0651909039899865,0.014599407531756942
weak,250,joint_predictive_ucb,joint_mean_ucb,fixed_best_reward_regret_per_round,32,-0.02529574822911479,0.01956111435860452,-0.06519090398998655,0.014599407531756967
weak,250,joint_predictive_ucb,joint_mean_ucb,correct_selection,32,0.09375,0.09374999999999999,-0.09745438559966318,0.2849543855996632
weak,250,joint_predictive_ucb,joint_mean_ucb,simple_regret,32,0.014937072298602173,0.05232242940382965,-0.09177522601863516,0.12164937061583952
weak,250,joint_predictive_ucb,joint_mean_ucb,mean_squared_error,32,-0.00407045587834825,0.0038751067987938042,-0.011973788300710352,0.003832876544013853
weak,250,joint_mean_ucb,iid_ucb,oracle_regret_per_round,32,0.10950521227596553,0.0205140277194902,0.06766657690231663,0.15134384764961445
weak,250,joint_mean_ucb,iid_ucb,mean_pseudo_regret_per_round,32,0.08781871113821314,0.010469194817441045,0.06646664753509854,0.10917077474132775
weak,250,joint_mean_ucb,iid_ucb,stationary_mean_reward_regret_per_round,32,0.10950521227596574,0.020514027719490135,0.06766657690231698,0.1513438476496145
weak,250,joint_mean_ucb,iid_ucb,fixed_best_reward_regret_per_round,32,0.1095052122759659,0.020514027719490163,0.06766657690231707,0.15134384764961473
weak,250,joint_mean_ucb,iid_ucb,correct_selection,32,0.0625,0.08909830562090465,-0.11921719236497166,0.24421719236497166
weak,250,joint_mean_ucb,iid_ucb,simple_regret,32,0.03392741362105802,0.03977342584042908,-0.04719102318974743,0.11504585043186347
weak,250,joint_mean_ucb,iid_ucb,mean_squared_error,32,0.3918802059794789,0.013272413475786482,0.3648109402294795,0.41894947172947833
weak,250,joint_mean_ts,iid_ts,oracle_regret_per_round,32,0.05187552305607762,0.01943506528482571,0.012237446076083555,0.09151360003607169
weak,250,joint_mean_ts,iid_ts,mean_pseudo_regret_per_round,32,0.04248280365647983,0.00780199876940638,0.02657052225750729,0.058395085055452364
weak,250,joint_mean_ts,iid_ts,stationary_mean_reward_regret_per_round,32,0.05187552305607758,0.01943506528482569,0.012237446076083555,0.0915136000360716
weak,250,joint_mean_ts,iid_ts,fixed_best_reward_regret_per_round,32,0.05187552305607758,0.01943506528482571,0.012237446076083514,0.09151360003607165
weak,250,joint_mean_ts,iid_ts,correct_selection,32,0.0625,0.09977292767466629,-0.14098822757881818,0.2659882275788182
weak,250,joint_mean_ts,iid_ts,simple_regret,32,0.02465201851256607,0.07427911056512702,-0.12684122627137598,0.17614526329650812
weak,250,joint_mean_ts,iid_ts,mean_squared_error,32,0.38918715822518474,0.012979575616130567,0.3627151392275675,0.415659177222802
weak,250,joint_lucb,round_robin,oracle_regret_per_round,32,0.1353968847213059,0.017547948064637362,0.09960760868681218,0.17118616075579962
weak,250,joint_lucb,round_robin,mean_pseudo_regret_per_round,32,0.11979414514253794,0.011396800417846565,0.09655021744444367,0.14303807284063222
weak,250,joint_lucb,round_robin,stationary_mean_reward_regret_per_round,32,0.13539688472130618,0.017547948064637366,0.09960760868681245,0.1711861607557999
weak,250,joint_lucb,round_robin,fixed_best_reward_regret_per_round,32,0.13539688472130612,0.017547948064637373,0.09960760868681237,0.17118616075579987
weak,250,joint_lucb,round_robin,correct_selection,32,0.34375,0.08530513305661301,0.16976903408440308,0.5177309659155969
weak,250,joint_lucb,round_robin,simple_regret,32,0.29670527782122813,0.05596343095462043,0.1825671078828028,0.4108434477596534
weak,250,joint_lucb,round_robin,mean_squared_error,32,0.0004040523615948914,0.008091851471960548,-0.01609938752171121,0.01690749224490099
weak,250,joint_tt_ts,round_robin,oracle_regret_per_round,32,0.05824080066858803,0.014963834475915132,0.027721859045308973,0.08875974229186709
weak,250,joint_tt_ts,round_robin,mean_pseudo_regret_per_round,32,0.043067104384909155,0.0061399318150572365,0.03054463088814282,0.05558957788167549
weak,250,joint_tt_ts,round_robin,stationary_mean_reward_regret_per_round,32,0.05824080066858785,0.014963834475915178,0.0277218590453087,0.08875974229186699
weak,250,joint_tt_ts,round_robin,fixed_best_reward_regret_per_round,32,0.05824080066858786,0.014963834475915212,0.027721859045308644,0.08875974229186707
weak,250,joint_tt_ts,round_robin,correct_selection,32,0.15625,0.091022141492801,-0.02939088149436403,0.34189088149436403
weak,250,joint_tt_ts,round_robin,simple_regret,32,0.18715795002904378,0.07012103104025516,0.04414516434726351,0.33017073571082406
weak,250,joint_tt_ts,round_robin,mean_squared_error,32,-0.004836241138851741,0.008045157192266665,-0.021244447410852373,0.011571965133148891
weak,250,joint_lucb,joint_mean_ucb,oracle_regret_per_round,32,-0.04300914908768,0.020225250893486712,-0.0842588202416871,-0.0017594779336728913
weak,250,joint_lucb,joint_mean_ucb,mean_pseudo_regret_per_round,32,-0.02227878703247565,0.01102715606275779,-0.04476882009798183,0.0002112460330305349
weak,250,joint_lucb,joint_mean_ucb,stationary_mean_reward_regret_per_round,32,-0.043009149087679666,0.020225250893486705,-0.08425882024168677,-0.0017594779336725722
weak,250,joint_lucb,joint_mean_ucb,fixed_best_reward_regret_per_round,32,-0.043009149087679804,0.020225250893486705,-0.0842588202416869,-0.001759477933672711
weak,250,joint_lucb,joint_mean_ucb,correct_selection,32,0.1875,0.1047029207467644,-0.026043014740003423,0.4010430147400034
weak,250,joint_lucb,joint_mean_ucb,simple_regret,32,0.09019788454743413,0.046600294822969256,-0.00484404335004858,0.18523981244491683
weak,250,joint_lucb,joint_mean_ucb,mean_squared_error,32,-0.0016874871058561026,0.0034192953587753056,-0.008661185967279168,0.005286211755566962
weak,250,joint_tt_ts,joint_mean_ts,oracle_regret_per_round,32,-0.03424263072851674,0.01725703062854975,-0.06943857674031861,0.0009533152832851277
weak,250,joint_tt_ts,joint_mean_ts,mean_pseudo_regret_per_round,32,-0.03740181516118127,0.008024763535168674,-0.05376842829530935,-0.021035202027053185
weak,250,joint_tt_ts,joint_mean_ts,stationary_mean_reward_regret_per_round,32,-0.03424263072851695,0.017257030628549722,-0.06943857674031875,0.0009533152832848571
weak,250,joint_tt_ts,joint_mean_ts,fixed_best_reward_regret_per_round,32,-0.03424263072851694,0.01725703062854971,-0.06943857674031872,0.0009533152832848432
weak,250,joint_tt_ts,joint_mean_ts,correct_selection,32,-0.0625,0.09977292767466629,-0.2659882275788182,0.14098822757881818
weak,250,joint_tt_ts,joint_mean_ts,simple_regret,32,0.01579600110803755,0.0658676237718434,-0.11854190325681671,0.15013390547289182
weak,250,joint_tt_ts,joint_mean_ts,mean_squared_error,32,0.0011022327400512788,0.005240039182147798,-0.00958489763158319,0.011789363111685748
weak,250,joint_predictive_ucb,joint_predictive_ts,oracle_regret_per_round,32,0.08401403967214977,0.014883840684381913,0.053658246462330944,0.11436983288196859
weak,250,joint_predictive_ucb,joint_predictive_ts,mean_pseudo_regret_per_round,32,0.0627540219166636,0.009727892942073942,0.04291385345619908,0.08259419037712812
weak,250,joint_predictive_ucb,joint_predictive_ts,stationary_mean_reward_regret_per_round,32,0.08401403967214945,0.014883840684381892,0.053658246462330667,0.11436983288196823
weak,250,joint_predictive_ucb,joint_predictive_ts,fixed_best_reward_regret_per_round,32,0.08401403967214952,0.014883840684381906,0.05365824646233071,0.11436983288196832
weak,250,joint_predictive_ucb,joint_predictive_ts,correct_selection,32,0.09375,0.09374999999999999,-0.09745438559966318,0.2849543855996632
weak,250,joint_predictive_ucb,joint_predictive_ts,simple_regret,32,0.07709817047723837,0.055931107309135746,-0.03697407495158439,0.19117041590606113
weak,250,joint_predictive_ucb,joint_predictive_ts,mean_squared_error,32,0.004331108743496171,0.004939719924188236,-0.00574351646331798,0.014405733950310322
weak,500,joint_state_ucb,iid_ucb,oracle_regret_per_round,32,0.32108469278688917,0.029054237832177282,0.2618281840533644,0.38034120152041395
weak,500,joint_state_ucb,iid_ucb,mean_pseudo_regret_per_round,32,0.2904709635005338,0.026510733801777858,0.2364019654379721,0.3445399615630955
weak,500,joint_state_ucb,iid_ucb,stationary_mean_reward_regret_per_round,32,0.32108469278688867,0.029054237832177282,0.2618281840533639,0.38034120152041345
weak,500,joint_state_ucb,iid_ucb,fixed_best_reward_regret_per_round,32,0.3210846927868889,0.029054237832177296,0.26182818405336405,0.38034120152041373
weak,500,joint_state_ucb,iid_ucb,correct_selection,32,0.125,0.125,-0.12993918079955097,0.37993918079955097
weak,500,joint_state_ucb,iid_ucb,simple_regret,32,0.03501341764457016,0.06159135498682962,-0.09060297903284328,0.16062981432198362
weak,500,joint_state_ucb,iid_ucb,mean_squared_error,32,0.32952241528075527,0.010273551672880738,0.3085693685016667,0.3504754620598438
weak,500,joint_state_ucb,ar_state_ucb,oracle_regret_per_round,32,0.1135493074824312,0.03063548287823193,0.051067828215430246,0.17603078674943215
weak,500,joint_state_ucb,ar_state_ucb,mean_pseudo_regret_per_round,32,0.10176416579833711,0.028873916621490598,0.0428754245986783,0.16065290699799592
weak,500,joint_state_ucb,ar_state_ucb,stationary_mean_reward_regret_per_round,32,0.11354930748243115,0.030635482878231906,0.05106782821543026,0.17603078674943204
weak,500,joint_state_ucb,ar_state_ucb,fixed_best_reward_regret_per_round,32,0.11354930748243122,0.030635482878231923,0.051067828215430294,0.17603078674943215
weak,500,joint_state_ucb,ar_state_ucb,correct_selection,32,-0.0625,0.11826620464566504,-0.3037055146291031,0.17870551462910314
weak,500,joint_state_ucb,ar_state_ucb,simple_regret,32,-0.05463596454290987,0.0499981180435475,-0.15660779858723986,0.04733586950142011
weak,500,joint_state_ucb,ar_state_ucb,mean_squared_error,32,0.3408723555289773,0.011999777107713857,0.3163986487640351,0.3653460622939195
weak,500,joint_state_ucb,joint_mean_ucb,oracle_regret_per_round,32,0.15876372885246565,0.022958589861519354,0.11193937611959669,0.2055880815853346
weak,500,joint_state_ucb,joint_mean_ucb,mean_pseudo_regret_per_round,32,0.15661796584331297,0.022230106726060003,0.11127936426068638,0.20195656742593956
weak,500,joint_state_ucb,joint_mean_ucb,stationary_mean_reward_regret_per_round,32,0.15876372885246526,0.0229585898615193,0.11193937611959641,0.2055880815853341
weak,500,joint_state_ucb,joint_mean_ucb,fixed_best_reward_regret_per_round,32,0.1587637288524652,0.02295858986151934,0.11193937611959627,0.20558808158533415
weak,500,joint_state_ucb,joint_mean_ucb,correct_selection,32,0.0,0.11879774082787285,-0.2422895898199622,0.2422895898199622
weak,500,joint_state_ucb,joint_mean_ucb,simple_regret,32,-0.049686255516456466,0.04033378795964984,-0.13194755840426384,0.03257504737135091
weak,500,joint_state_ucb,joint_mean_ucb,mean_squared_error,32,0.010203053496685864,0.00454248490541683,0.0009385944520355245,0.019467512541336204
weak,500,joint_predictive_ucb,iid_ucb,oracle_regret_per_round,32,0.14126708351465986,0.019187806631869843,0.10213329388210715,0.18040087314721256
weak,500,joint_predictive_ucb,iid_ucb,mean_pseudo_regret_per_round,32,0.1233158756902481,0.015388643413953084,0.09193053052569126,0.15470122085480492
weak,500,joint_predictive_ucb,iid_ucb,stationary_mean_reward_regret_per_round,32,0.1412670835146595,0.019187806631869968,0.10213329388210654,0.18040087314721245
weak,500,joint_predictive_ucb,iid_ucb,fixed_best_reward_regret_per_round,32,0.14126708351465975,0.01918780663186996,0.10213329388210679,0.1804008731472127
weak,500,joint_predictive_ucb,iid_ucb,correct_selection,32,0.28125,0.1288470508005519,0.018464707363753385,0.5440352926362466
weak,500,joint_predictive_ucb,iid_ucb,simple_regret,32,0.10947262123208987,0.04961919905753907,0.008273597554818962,0.21067164490936077
weak,500,joint_predictive_ucb,iid_ucb,mean_squared_error,32,0.32066179318677446,0.011430914086407853,0.2973482902029435,0.3439752961706054
weak,500,joint_predictive_ucb,ar_state_ucb,oracle_regret_per_round,32,-0.06626830178979809,0.020130024838471136,-0.10732375812415365,-0.02521284545544253
weak,500,joint_predictive_ucb,ar_state_ucb,mean_pseudo_regret_per_round,32,-0.06539092201194854,0.017377882258052337,-0.10083334654713985,-0.029948497476757235
weak,500,joint_predictive_ucb,ar_state_ucb,stationary_mean_reward_regret_per_round,32,-0.06626830178979805,0.020130024838471164,-0.10732375812415366,-0.02521284545544243
weak,500,joint_predictive_ucb,ar_state_ucb,fixed_best_reward_regret_per_round,32,-0.06626830178979798,0.020130024838471136,-0.10732375812415354,-0.025212845455442418
weak,500,joint_predictive_ucb,ar_state_ucb,correct_selection,32,0.09375,0.10394802322438876,-0.11825339109246694,0.3057533910924669
weak,500,joint_predictive_ucb,ar_state_ucb,simple_regret,32,0.019823239044609836,0.03704748138624697,-0.05573559739776149,0.09538207548698116
weak,500,joint_predictive_ucb,ar_state_ucb,mean_squared_error,32,0.33201173343499657,0.012656873347959662,0.30619787005249655,0.3578255968174966
weak,500,joint_predictive_ucb,joint_state_ucb,oracle_regret_per_round,32,-0.17981760927222928,0.022863931264679182,-0.2264489045240257,-0.13318631402043288
weak,500,joint_predictive_ucb,joint_state_ucb,mean_pseudo_regret_per_round,32,-0.16715508781028568,0.02248648783325045,-0.2130165821084292,-0.12129359351214217
weak,500,joint_predictive_ucb,joint_state_ucb,stationary_mean_reward_regret_per_round,32,-0.1798176092722292,0.0228639312646792,-0.22644890452402566,-0.13318631402043274
weak,500,joint_predictive_ucb,joint_state_ucb,fixed_best_reward_regret_per_round,32,-0.17981760927222917,0.022863931264679224,-0.22644890452402566,-0.13318631402043268
weak,500,joint_predictive_ucb,joint_state_ucb,correct_selection,32,0.15625,0.11972225080873512,-0.08792514035725849,0.4004251403572585
weak,500,joint_predictive_ucb,joint_state_ucb,simple_regret,32,0.07445920358751972,0.04758126954388963,-0.022583435443855063,0.1715018426188945
weak,500,joint_predictive_ucb,joint_state_ucb,mean_squared_error,32,-0.00886062209398072,0.004714458208996222,-0.01847582300370244,0.0007545788157410013
weak,500,joint_predictive_ts,joint_state_ts,oracle_regret_per_round,32,0.08096717025823376,0.013276104971216611,0.05389037565366729,0.10804396486280023
weak,500,joint_predictive_ts,joint_state_ts,mean_pseudo_regret_per_round,32,0.08971405358758008,0.008112271770429206,0.07316896623096772,0.10625914094419245
weak,500,joint_predictive_ts,joint_state_ts,stationary_mean_reward_regret_per_round,32,0.0809671702582339,0.013276104971216581,0.053890375653667486,0.10804396486280031
weak,500,joint_predictive_ts,joint_state_ts,fixed_best_reward_regret_per_round,32,0.08096717025823365,0.013276104971216632,0.05389037565366714,0.10804396486280016
weak,500,joint_predictive_ts,joint_state_ts,correct_selection,32,0.03125,0.09508458670590234,-0.16267629313173293,0.22517629313173293
weak,500,joint_predictive_ts,joint_state_ts,simple_regret,32,0.051301745641103534,0.041374154027214,-0.033081397830675506,0.13568488911288257
weak,500,joint_predictive_ts,joint_state_ts,mean_squared_error,32,-0.019751639832426525,0.005351505593761523,-0.03066610744936874,-0.008837172215484307
weak,500,joint_predictive_ucb,joint_mean_ucb,oracle_regret_per_round,32,-0.02105388041976365,0.02066717696003342,-0.06320486572880585,0.021097104889278545
weak,500,joint_predictive_ucb,joint_mean_ucb,mean_pseudo_regret_per_round,32,-0.01053712196697269,0.017151231661668247,-0.04551728956320489,0.024443045629259506
weak,500,joint_predictive_ucb,joint_mean_ucb,stationary_mean_reward_regret_per_round,32,-0.02105388041976393,0.02066717696003344,-0.06320486572880617,0.02109710488927831
weak,500,joint_predictive_ucb,joint_mean_ucb,fixed_best_reward_regret_per_round,32,-0.021053880419763984,0.020667176960033444,-0.06320486572880624,0.02109710488927826
weak,500,joint_predictive_ucb,joint_mean_ucb,correct_selection,32,0.15625,0.10149462682424892,-0.050749656145041205,0.36324965614504123
weak,500,joint_predictive_ucb,joint_mean_ucb,simple_regret,32,0.024772948071063245,0.031865919555319054,-0.040218023343796205,0.08976391948592269
weak,500,joint_predictive_ucb,joint_mean_ucb,mean_squared_error,32,0.0013424314027051447,0.005396608702044,-0.009664024610053458,0.012348887415463748
weak,500,joint_mean_ucb,iid_ucb,oracle_regret_per_round,32,0.16232096393442352,0.021583021179857952,0.11830210202424477,0.20633982584460228
weak,500,joint_mean_ucb,iid_ucb,mean_pseudo_regret_per_round,32,0.1338529976572208,0.015262580527252144,0.10272475944518208,0.16498123586925953
weak,500,joint_mean_ucb,iid_ucb,stationary_mean_reward_regret_per_round,32,0.1623209639344234,0.02158302117985798,0.1183021020242446,0.20633982584460223
weak,500,joint_mean_ucb,iid_ucb,fixed_best_reward_regret_per_round,32,0.16232096393442375,0.021583021179857997,0.1183021020242449,0.2063398258446026
weak,500,joint_mean_ucb,iid_ucb,correct_selection,32,0.125,0.125,-0.12993918079955097,0.37993918079955097
weak,500,joint_mean_ucb,iid_ucb,simple_regret,32,0.08469967316102661,0.0440708434794677,-0.005183404709379211,0.17458275103143245
weak,500,joint_mean_ucb,iid_ucb,mean_squared_error,32,0.3193193617840694,0.0114537538045333,0.2959592768880097,0.34267944668012906
weak,500,joint_mean_ts,iid_ts,oracle_regret_per_round,32,0.07402550677055168,0.01959305475496476,0.03406520814181998,0.11398580539928338
weak,500,joint_mean_ts,iid_ts,mean_pseudo_regret_per_round,32,0.0712341607153576,0.010610196107579671,0.04959452308504603,0.09287379834566917
weak,500,joint_mean_ts,iid_ts,stationary_mean_reward_regret_per_round,32,0.07402550677055164,0.019593054754964936,0.034065208141819577,0.11398580539928371
weak,500,joint_mean_ts,iid_ts,fixed_best_reward_regret_per_round,32,0.07402550677055182,0.01959305475496496,0.03406520814181971,0.11398580539928393
weak,500,joint_mean_ts,iid_ts,correct_selection,32,0.03125,0.11433869289767302,-0.20194530160819357,0.2644453016081936
weak,500,joint_mean_ts,iid_ts,simple_regret,32,-0.020058777306324486,0.03733563737659468,-0.09620531176566963,0.05608775715302066
weak,500,joint_mean_ts,iid_ts,mean_squared_error,32,0.29060885651333546,0.011872011155909877,0.2663957301250891,0.3148219829015818
weak,500,joint_lucb,round_robin,oracle_regret_per_round,32,0.27281319105441654,0.014889357889297376,0.2424461454309861,0.303180236677847
weak,500,joint_lucb,round_robin,mean_pseudo_regret_per_round,32,0.2392029784253045,0.009720417954083311,0.21937805530335852,0.25902790154725047
weak,500,joint_lucb,round_robin,stationary_mean_reward_regret_per_round,32,0.27281319105441626,0.014889357889297477,0.2424461454309856,0.3031802366778469
weak,500,joint_lucb,round_robin,fixed_best_reward_regret_per_round,32,0.27281319105441637,0.0148893578892975,0.2424461454309857,0.30318023667784705
weak,500,joint_lucb,round_robin,correct_selection,32,0.53125,0.10024541458421572,0.3267981290159095,0.7357018709840906
weak,500,joint_lucb,round_robin,simple_regret,32,0.30552602362251113,0.05265936989921891,0.19812653063429192,0.41292551661073035
weak,500,joint_lucb,round_robin,mean_squared_error,32,-0.050155117943985916,0.008653713480396948,-0.06780448294851735,-0.032505752939454485
weak,500,joint_tt_ts,round_robin,oracle_regret_per_round,32,0.13921293081945724,0.010423090500561859,0.11795489759055466,0.1604709640483598
weak,500,joint_tt_ts,round_robin,mean_pseudo_regret_per_round,32,0.12110311568816856,0.00805665738093107,0.10467145462675079,0.13753477674958633
weak,500,joint_tt_ts,round_robin,stationary_mean_reward_regret_per_round,32,0.13921293081945685,0.010423090500561899,0.11795489759055419,0.1604709640483595
weak,500,joint_tt_ts,round_robin,fixed_best_reward_regret_per_round,32,0.1392129308194567,0.010423090500561913,0.11795489759055403,0.1604709640483594
weak,500,joint_tt_ts,round_robin,correct_selection,32,0.34375,0.08530513305661301,0.16976903408440308,0.5177309659155969
weak,500,joint_tt_ts,round_robin,simple_regret,32,0.22176092847955092,0.06269559546034052,0.09389241850835683,0.349629438450745
weak,500,joint_tt_ts,round_robin,mean_squared_error,32,-0.036821866360038286,0.008129382424037804,-0.053401851124762006,-0.02024188159531456
weak,500,joint_lucb,joint_mean_ucb,oracle_regret_per_round,32,-0.06846528840278943,0.0188353026454353,-0.10688014141510055,-0.030050435390478303
weak,500,joint_lucb,joint_mean_ucb,mean_pseudo_regret_per_round,32,-0.04809483780515619,0.014282705656995928,-0.07722460804352142,-0.01896506756679096
weak,500,joint_lucb,joint_mean_ucb,stationary_mean_reward_regret_per_round,32,-0.06846528840278962,0.01883530264543531,-0.10688014141510077,-0.030050435390478476
weak,500,joint_lucb,joint_mean_ucb,fixed_best_reward_regret_per_round,32,-0.06846528840278962,0.018835302645435294,-0.10688014141510073,-0.03005043539047851
weak,500,joint_lucb,joint_mean_ucb,correct_selection,32,0.09375,0.09374999999999999,-0.09745438559966318,0.2849543855996632
weak,500,joint_lucb,joint_mean_ucb,simple_regret,32,0.021748713034777222,0.029519877902044103,-0.038457474882421905,0.08195490095197634
weak,500,joint_lucb,joint_mean_ucb,mean_squared_error,32,-0.002395174340072128,0.005389321474404326,-0.013386767954072664,0.008596419273928407
weak,500,joint_tt_ts,joint_mean_ts,oracle_regret_per_round,32,-0.05763267274625655,0.01992025426533066,-0.09826029917603382,-0.017005046316479276
weak,500,joint_tt_ts,joint_mean_ts,mean_pseudo_regret_per_round,32,-0.06305359316623536,0.01184112449287038,-0.08720372578989835,-0.03890346054257238
weak,500,joint_tt_ts,joint_mean_ts,stationary_mean_reward_regret_per_round,32,-0.05763267274625675,0.01992025426533076,-0.09826029917603422,-0.01700504631647927
weak,500,joint_tt_ts,joint_mean_ts,fixed_best_reward_regret_per_round,32,-0.057632672746256955,0.019920254265330787,-0.09826029917603449,-0.017005046316479422
weak,500,joint_tt_ts,joint_mean_ts,correct_selection,32,-0.09375,0.1373670544973951,-0.3739119547393055,0.1864119547393055
weak,500,joint_tt_ts,joint_mean_ts,simple_regret,32,-0.04039597910194369,0.04955734625508401,-0.14146885315691018,0.06067689495302281
weak,500,joint_tt_ts,joint_mean_ts,mean_squared_error,32,0.002079598360585354,0.0051039216807930365,-0.008329918536746198,0.012489115257916905
weak,500,joint_predictive_ucb,joint_predictive_ts,oracle_regret_per_round,32,0.14240124531948334,0.016830337511604166,0.10807554565717678,0.1767269449817899
weak,500,joint_predictive_ucb,joint_predictive_ts,mean_pseudo_regret_per_round,32,0.09915371836447387,0.014605523001873589,0.06936555781050066,0.12894187891844708
weak,500,joint_predictive_ucb,joint_predictive_ts,stationary_mean_reward_regret_per_round,32,0.14240124531948334,0.01683033751160417,0.10807554565717678,0.1767269449817899
weak,500,joint_predictive_ucb,joint_predictive_ts,fixed_best_reward_regret_per_round,32,0.14240124531948345,0.016830337511604142,0.10807554565717695,0.17672694498178995
weak,500,joint_predictive_ucb,joint_predictive_ts,correct_selection,32,0.15625,0.11098327940032954,-0.07010189066214154,0.38260189066214156
weak,500,joint_predictive_ucb,joint_predictive_ts,simple_regret,32,0.036512272081957536,0.04038015410948903,-0.04584359519190451,0.11886813935581958
weak,500,joint_predictive_ucb,joint_predictive_ts,mean_squared_error,32,-0.001975176428265752,0.005570374639902127,-0.01333603040781169,0.009385677551280183
weak,1000,joint_state_ucb,iid_ucb,oracle_regret_per_round,32,0.2934013147803759,0.029815233702824386,0.2325927447360142,0.3542098848247376
weak,1000,joint_state_ucb,iid_ucb,mean_pseudo_regret_per_round,32,0.2860200445516408,0.029568365151428435,0.22571496623734358,0.3463251228659381
weak,1000,joint_state_ucb,iid_ucb,stationary_mean_reward_regret_per_round,32,0.2934013147803763,0.02981523370282439,0.2325927447360146,0.354209884824738
weak,1000,joint_state_ucb,iid_ucb,fixed_best_reward_regret_per_round,32,0.29340131478037657,0.029815233702824417,0.23259274473601482,0.3542098848247383
weak,1000,joint_state_ucb,iid_ucb,correct_selection,32,-0.1875,0.137939181315301,-0.46882881507746854,0.09382881507746854
weak,1000,joint_state_ucb,iid_ucb,simple_regret,32,-0.05486345784255325,0.03510598170502164,-0.12646257957889118,0.016735663893784676
weak,1000,joint_state_ucb,iid_ucb,mean_squared_error,32,0.25256829772567113,0.010450098659846179,0.23125518099274578,0.2738814144585965
weak,1000,joint_state_ucb,ar_state_ucb,oracle_regret_per_round,32,0.05210644882412598,0.02817087234898449,-0.005348424128344645,0.10956132177659661
weak,1000,joint_state_ucb,ar_state_ucb,mean_pseudo_regret_per_round,32,0.04622020572579216,0.02998691888986623,-0.014938518566088452,0.10737893001767278
weak,1000,joint_state_ucb,ar_state_ucb,stationary_mean_reward_regret_per_round,32,0.05210644882412556,0.028170872348984428,-0.005348424128344936,0.10956132177659605
weak,1000,joint_state_ucb,ar_state_ucb,fixed_best_reward_regret_per_round,32,0.05210644882412559,0.02817087234898442,-0.005348424128344895,0.10956132177659607
weak,1000,joint_state_ucb,ar_state_ucb,correct_selection,32,-0.125,0.11665706565717282,-0.3629236540249525,0.11292365402495255
weak,1000,joint_state_ucb,ar_state_ucb,simple_regret,32,-0.03487352318820734,0.03310828959173442,-0.10239832499773592,0.032651278621321236
weak,1000,joint_state_ucb,ar_state_ucb,mean_squared_error,32,0.31577976023288035,0.011073437601762793,0.2931953353462535,0.33836418511950717
weak,1000,joint_state_ucb,joint_mean_ucb,oracle_regret_per_round,32,0.1565578158783385,0.02502614041508365,0.10551666599037082,0.20759896576630618
weak,1000,joint_state_ucb,joint_mean_ucb,mean_pseudo_regret_per_round,32,0.16587088599396058,0.026683684466076024,0.11144915272599958,0.22029261926192156
weak,1000,joint_state_ucb,joint_mean_ucb,stationary_mean_reward_regret_per_round,32,0.15655781587833872,0.025026140415083505,0.10551666599037134,0.2075989657663061
weak,1000,joint_state_ucb,joint_mean_ucb,fixed_best_reward_regret_per_round,32,0.15655781587833878,0.02502614041508353,0.10551666599037135,0.2075989657663062
weak,1000,joint_state_ucb,joint_mean_ucb,correct_selection,32,-0.28125,0.1207701679544329,-0.5275623814666185,-0.03493761853338154
weak,1000,joint_state_ucb,joint_mean_ucb,simple_regret,32,-0.06153804454551216,0.03209483499793058,-0.1269958920836656,0.003919802992641275
weak,1000,joint_state_ucb,joint_mean_ucb,mean_squared_error,32,0.01396667590028543,0.0045430287073885915,0.004701107764201507,0.023232244036369355
weak,1000,joint_predictive_ucb,iid_ucb,oracle_regret_per_round,32,0.12272723250346215,0.016844797605553616,0.08837204128510953,0.15708242372181477
weak,1000,joint_predictive_ucb,iid_ucb,mean_pseudo_regret_per_round,32,0.11374866327038755,0.01431965535388854,0.08454353362836955,0.14295379291240554
weak,1000,joint_predictive_ucb,iid_ucb,stationary_mean_reward_regret_per_round,32,0.12272723250346228,0.01684479760555381,0.08837204128510927,0.1570824237218153
weak,1000,joint_predictive_ucb,iid_ucb,fixed_best_reward_regret_per_round,32,0.12272723250346255,0.01684479760555376,0.08837204128510964,0.15708242372181547
weak,1000,joint_predictive_ucb,iid_ucb,correct_selection,32,0.1875,0.09458632343338629,-0.0054100784875909524,0.38041007848759095
weak,1000,joint_predictive_ucb,iid_ucb,simple_regret,32,0.02530128055453007,0.027421171666805123,-0.030624567775863178,0.08122712888492331
weak,1000,joint_predictive_ucb,iid_ucb,mean_squared_error,32,0.24221806165457213,0.01122238460831677,0.219329857345278,0.26510626596386627
weak,1000,joint_predictive_ucb,ar_state_ucb,oracle_regret_per_round,32,-0.1185676334527878,0.016174049174349427,-0.15155482422655017,-0.08558044267902543
weak,1000,joint_predictive_ucb,ar_state_ucb,mean_pseudo_regret_per_round,32,-0.12605117555546108,0.016426954144279374,-0.15955416941605605,-0.0925481816948661
weak,1000,joint_predictive_ucb,ar_state_ucb,stationary_mean_reward_regret_per_round,32,-0.11856763345278845,0.01617404917434939,-0.15155482422655076,-0.08558044267902615
weak,1000,joint_predictive_ucb,ar_state_ucb,fixed_best_reward_regret_per_round,32,-0.11856763345278841,0.01617404917434938,-0.1515548242265507,-0.08558044267902612
weak,1000,joint_predictive_ucb,ar_state_ucb,correct_selection,32,0.25,0.08980265101338744,0.06684628573615231,0.4331537142638477
weak,1000,joint_predictive_ucb,ar_state_ucb,simple_regret,32,0.045291215208875975,0.02720589936395412,-0.010195582365215929,0.10077801278296789
weak,1000,joint_predictive_ucb,ar_state_ucb,mean_squared_error,32,0.3054295241617814,0.012302523869443827,0.28033836130543793,0.3305206870181248
weak,1000,joint_predictive_ucb,joint_state_ucb,oracle_regret_per_round,32,-0.17067408227691377,0.025186767678468846,-0.22204283362841343,-0.11930533092541412
weak,1000,joint_predictive_ucb,joint_state_ucb,mean_pseudo_regret_per_round,32,-0.17227138128125324,0.025427563482589136,-0.22413123891309206,-0.12041152364941443
weak,1000,joint_predictive_ucb,joint_state_ucb,stationary_mean_reward_regret_per_round,32,-0.170674082276914,0.02518676767846876,-0.22204283362841346,-0.11930533092541454
weak,1000,joint_predictive_ucb,joint_state_ucb,fixed_best_reward_regret_per_round,32,-0.170674082276914,0.025186767678468794,-0.22204283362841354,-0.11930533092541445
weak,1000,joint_predictive_ucb,joint_state_ucb,correct_selection,32,0.375,0.09786017015735159,0.17541286709744097,0.574587132902559
weak,1000,joint_predictive_ucb,joint_state_ucb,simple_regret,32,0.08016473839708332,0.02862064832827637,0.0217925412869808,0.13853693550718585
weak,1000,joint_predictive_ucb,joint_state_ucb,mean_squared_error,32,-0.010350236071098997,0.004820469184163052,-0.020181647790139062,-0.0005188243520589317
weak,1000,joint_predictive_ts,joint_state_ts,oracle_regret_per_round,32,0.18454659001129786,0.011981845759579517,0.16010945447198766,0.20898372555060807
weak,1000,joint_predictive_ts,joint_state_ts,mean_pseudo_regret_per_round,32,0.1826419349265208,0.008283073457582805,0.1657484952322915,0.19953537462075013
weak,1000,joint_predictive_ts,joint_state_ts,stationary_mean_reward_regret_per_round,32,0.18454659001129725,0.011981845759579494,0.1601094544719871,0.2089837255506074
weak,1000,joint_predictive_ts,joint_state_ts,fixed_best_reward_regret_per_round,32,0.1845465900112972,0.011981845759579533,0.16010945447198696,0.20898372555060743
weak,1000,joint_predictive_ts,joint_state_ts,correct_selection,32,0.0625,0.10941099638076722,-0.16064519830220345,0.2856451983022035
weak,1000,joint_predictive_ts,joint_state_ts,simple_regret,32,0.021239481066032777,0.031107150392316606,-0.04220397043817223,0.08468293257023779
weak,1000,joint_predictive_ts,joint_state_ts,mean_squared_error,32,-0.027815210693830736,0.00586241424845705,-0.03977168338190478,-0.01585873800575669
weak,1000,joint_predictive_ucb,joint_mean_ucb,oracle_regret_per_round,32,-0.014116266398575293,0.013609960158510355,-0.04187396314677655,0.01364143034962596
weak,1000,joint_predictive_ucb,joint_mean_ucb,mean_pseudo_regret_per_round,32,-0.006400495287292689,0.01289864890363298,-0.032707463166598436,0.019906472592013055
weak,1000,joint_predictive_ucb,joint_mean_ucb,stationary_mean_reward_regret_per_round,32,-0.014116266398575269,0.01360996015851031,-0.04187396314677643,0.013641430349625894
weak,1000,joint_predictive_ucb,joint_mean_ucb,fixed_best_reward_regret_per_round,32,-0.014116266398575222,0.013609960158510268,-0.0418739631467763,0.013641430349625854
weak,1000,joint_predictive_ucb,joint_mean_ucb,correct_selection,32,0.09375,0.08229783391889445,-0.07409753888688358,0.2615975388868836
weak,1000,joint_predictive_ucb,joint_mean_ucb,simple_regret,32,0.018626693851571154,0.025436778020658628,-0.03325195695456272,0.07050534465770503
weak,1000,joint_predictive_ucb,joint_mean_ucb,mean_squared_error,32,0.0036164398291864343,0.004522566043240355,-0.0056073944282180686,0.012840274086590936
weak,1000,joint_mean_ucb,iid_ucb,oracle_regret_per_round,32,0.13684349890203745,0.01885798565816047,0.09838238358026856,0.17530461422380633
weak,1000,joint_mean_ucb,iid_ucb,mean_pseudo_regret_per_round,32,0.12014915855768024,0.016089198764384204,0.08733502133597418,0.1529632957793863
weak,1000,joint_mean_ucb,iid_ucb,stationary_mean_reward_regret_per_round,32,0.13684349890203754,0.018857985658160523,0.09838238358026855,0.17530461422380653
weak,1000,joint_mean_ucb,iid_ucb,fixed_best_reward_regret_per_round,32,0.13684349890203779,0.018857985658160492,0.09838238358026885,0.17530461422380672
weak,1000,joint_mean_ucb,iid_ucb,correct_selection,32,0.09375,0.10394802322438876,-0.11825339109246694,0.3057533910924669
weak,1000,joint_mean_ucb,iid_ucb,simple_regret,32,0.0066745867029589165,0.029291036543870216,-0.05306487618715295,0.06641404959307079
weak,1000,joint_mean_ucb,iid_ucb,mean_squared_error,32,0.2386016218253857,0.010712849007784858,0.21675262222479405,0.2604506214259773
weak,1000,joint_mean_ts,iid_ts,oracle_regret_per_round,32,0.0889516101337474,0.01621768289575827,0.05587542779845538,0.12202779246903943
weak,1000,joint_mean_ts,iid_ts,mean_pseudo_regret_per_round,32,0.09263276296718631,0.013616935638001565,0.06486083963476767,0.12040468629960495
weak,1000,joint_mean_ts,iid_ts,stationary_mean_reward_regret_per_round,32,0.08895161013374726,0.016217682895758485,0.0558754277984548,0.12202779246903972
weak,1000,joint_mean_ts,iid_ts,fixed_best_reward_regret_per_round,32,0.08895161013374714,0.01621768289575847,0.055875427798454703,0.12202779246903958
weak,1000,joint_mean_ts,iid_ts,correct_selection,32,0.0,0.08980265101338744,-0.1831537142638477,0.1831537142638477
weak,1000,joint_mean_ts,iid_ts,simple_regret,32,-0.015638403648936396,0.03250429098465199,-0.08193134217771567,0.050654534879842866
weak,1000,joint_mean_ts,iid_ts,mean_squared_error,32,0.1943049900743422,0.011570900389327163,0.17070598314339602,0.2179039970052884
weak,1000,joint_lucb,round_robin,oracle_regret_per_round,32,0.3861381617745223,0.01609764732500984,0.3533067935998176,0.41896952994922704
weak,1000,joint_lucb,round_robin,mean_pseudo_regret_per_round,32,0.33992672926603473,0.01105722944378651,0.3173753611355419,0.3624780973965276
weak,1000,joint_lucb,round_robin,stationary_mean_reward_regret_per_round,32,0.3861381617745213,0.016097647325009987,0.35330679359981626,0.41896952994922637
weak,1000,joint_lucb,round_robin,fixed_best_reward_regret_per_round,32,0.3861381617745215,0.016097647325010067,0.3533067935998163,0.41896952994922665
weak,1000,joint_lucb,round_robin,correct_selection,32,0.5,0.10998533626601496,0.275683427779032,0.724316572220968
weak,1000,joint_lucb,round_robin,simple_regret,32,0.21031542120005678,0.0526181970885491,0.10299990071282458,0.317630941687289
weak,1000,joint_lucb,round_robin,mean_squared_error,32,-0.09008100112872974,0.006285855404924119,-0.10290108774917602,-0.07726091450828347
weak,1000,joint_tt_ts,round_robin,oracle_regret_per_round,32,0.223360644469497,0.010098059449695447,0.20276551643933283,0.24395577249966116
weak,1000,joint_tt_ts,round_robin,mean_pseudo_regret_per_round,32,0.20042306800487525,0.007867664866901223,0.18437685971708961,0.21646927629266088
weak,1000,joint_tt_ts,round_robin,stationary_mean_reward_regret_per_round,32,0.22336064446949602,0.010098059449695544,0.20276551643933166,0.24395577249966038
weak,1000,joint_tt_ts,round_robin,fixed_best_reward_regret_per_round,32,0.22336064446949586,0.01009805944969552,0.20276551643933152,0.2439557724996602
weak,1000,joint_tt_ts,round_robin,correct_selection,32,0.4375,0.10941099638076722,0.21435480169779655,0.6606451983022035
weak,1000,joint_tt_ts,round_robin,simple_regret,32,0.19244843636166872,0.048470605656500146,0.0935919843702589,0.29130488835307855
weak,1000,joint_tt_ts,round_robin,mean_squared_error,32,-0.05258328518912634,0.006124742994921681,-0.06507478088299132,-0.04009178949526136
weak,1000,joint_lucb,joint_mean_ucb,oracle_regret_per_round,32,-0.09401381319960808,0.016669311419409825,-0.1280110979816636,-0.060016528417552555
weak,1000,joint_lucb,joint_mean_ucb,mean_pseudo_regret_per_round,32,-0.0834420687090585,0.015049525002500532,-0.11413577731353727,-0.052748360104579735
weak,1000,joint_lucb,joint_mean_ucb,stationary_mean_reward_regret_per_round,32,-0.09401381319960803,0.01666931141940985,-0.1280110979816636,-0.06001652841755245
weak,1000,joint_lucb,joint_mean_ucb,fixed_best_reward_regret_per_round,32,-0.09401381319960782,0.016669311419409884,-0.12801109798166346,-0.060016528417552166
weak,1000,joint_lucb,joint_mean_ucb,correct_selection,32,0.03125,0.08381497239022508,-0.1396917631992077,0.2021917631992077
weak,1000,joint_lucb,joint_mean_ucb,simple_regret,32,0.012999824115555964,0.027191613233462402,-0.04245783670330111,0.06845748493441303
weak,1000,joint_lucb,joint_mean_ucb,mean_squared_error,32,0.00080981672627187,0.004624318065808757,-0.008621542149358919,0.01024117560190266
weak,1000,joint_tt_ts,joint_mean_ts,oracle_regret_per_round,32,-0.11498593262390354,0.018447793193478446,-0.15261045489834296,-0.07736141034946412
weak,1000,joint_tt_ts,joint_mean_ts,mean_pseudo_regret_per_round,32,-0.11874814884903305,0.014712728147036865,-0.14875495573808964,-0.08874134195997646
weak,1000,joint_tt_ts,joint_mean_ts,stationary_mean_reward_regret_per_round,32,-0.11498593262390351,0.018447793193478612,-0.15261045489834327,-0.07736141034946376
weak,1000,joint_tt_ts,joint_mean_ts,fixed_best_reward_regret_per_round,32,-0.11498593262390377,0.018447793193478626,-0.15261045489834357,-0.07736141034946399
weak,1000,joint_tt_ts,joint_mean_ts,correct_selection,32,0.0625,0.10941099638076722,-0.16064519830220345,0.2856451983022035
weak,1000,joint_tt_ts,joint_mean_ts,simple_regret,32,0.020612196228461784,0.03613488963713384,-0.05308539707052289,0.09430978952744645
weak,1000,joint_tt_ts,joint_mean_ts,mean_squared_error,32,0.013517087700934776,0.005355280782406012,0.002594920535989439,0.02443925486588011
weak,1000,joint_predictive_ucb,joint_predictive_ts,oracle_regret_per_round,32,0.151786908499977,0.016326699845386074,0.11848838463003394,0.18508543236992006
weak,1000,joint_predictive_ucb,joint_predictive_ts,mean_pseudo_regret_per_round,32,0.11454020591600242,0.014611811642097393,0.08473921959573322,0.14434119223627162
weak,1000,joint_predictive_ucb,joint_predictive_ts,stationary_mean_reward_regret_per_round,32,0.15178690849997734,0.016326699845386095,0.11848838463003425,0.18508543236992042
weak,1000,joint_predictive_ucb,joint_predictive_ts,fixed_best_reward_regret_per_round,32,0.15178690849997728,0.016326699845386084,0.11848838463003421,0.18508543236992037
weak,1000,joint_predictive_ucb,joint_predictive_ts,correct_selection,32,0.1875,0.08324928557283298,0.01771196267131267,0.3572880373286873
weak,1000,joint_predictive_ucb,joint_predictive_ts,simple_regret,32,0.031022909964591013,0.025502650954537843,-0.020990089575943102,0.08303590950512513
weak,1000,joint_predictive_ucb,joint_predictive_ts,mean_squared_error,32,-0.016787219493936145,0.004888900108734697,-0.026758197003789418,-0.00681624198408287
