config,phi,seed,policy,condition,batch,phi_learner,regret,regret_last_1000,sp_violation_share,any_violation,first_violation,best_eliminated,seconds,check_violation_share
independent,0.5,0,sp_ucb_st2,known,1,0.5,468.7143567989225,90.40378535998082,0.0,False,-1,,0.58,
independent,0.5,0,se_st2,known,1,0.5,1143.5444276382075,228.7088855276415,,False,-1,False,0.64,0.0
independent,0.5,0,sp_ucb_st2,fit100,1,0.3973536438399068,365.57544445510285,95.3007313353189,0.0,False,-1,,0.57,
independent,0.5,0,se_st2,fit100,1,0.3973536438399068,1143.5444276382075,228.7088855276415,,False,-1,False,0.58,0.0
independent,0.5,0,sp_ucb_st2,fit365,1,0.471062777793729,261.12299856203106,35.96639625399061,0.0,False,-1,,0.59,
independent,0.5,0,se_st2,fit365,1,0.471062777793729,1143.5444276382075,228.7088855276415,,False,-1,False,0.62,0.0
independent,0.5,0,sp_ucb_st2,fit100_cons,1,0.48865118138268776,410.58313293042704,55.655055743787926,0.0,False,-1,,0.57,
independent,0.5,0,se_st2,fit100_cons,1,0.48865118138268776,1143.5444276382075,228.7088855276415,,False,-1,False,0.65,0.0
independent,0.5,0,sp_ucb_st2,phi_bias,1,0.45,253.5213009483468,42.64287678213565,0.0,False,-1,,0.57,
independent,0.5,0,se_st2,phi_bias,1,0.45,1143.5444276382075,228.7088855276415,,False,-1,False,0.64,0.0
independent,0.5,0,sp_ucb_st2,t3,1,0.5,376.8856501711051,57.155507859118345,0.0,False,-1,,0.62,
independent,0.5,0,se_st2,t3,1,0.5,1143.5444276382075,228.70888552764148,,False,-1,False,0.62,0.0
independent,0.9,0,sp_ucb_st2,known,1,0.9,367.0585974910173,36.11292529872425,0.0,False,-1,,0.61,
independent,0.9,0,se_st2,known,1,0.9,1143.5444276382075,228.7088855276415,,False,-1,False,0.6,0.0
independent,0.9,0,sp_ucb_st2,fit100,1,0.8581878410311022,318.53686624608525,35.78177461388931,0.0,False,-1,,0.61,
independent,0.9,0,se_st2,fit100,1,0.8581878410311022,1143.5444276382075,228.7088855276415,,False,-1,False,0.61,0.0
independent,0.9,0,sp_ucb_st2,fit365,1,0.8941660208168987,979.6346270611991,60.91248125100768,0.0,False,-1,,0.56,
independent,0.9,0,se_st2,fit365,1,0.8941660208168987,1143.5444276382075,228.7088855276415,,False,-1,False,0.6,0.0
independent,0.9,0,sp_ucb_st2,fit100_cons,1,0.8810312992185921,435.40457684669576,27.100324690464895,0.0,False,-1,,0.57,
independent,0.9,0,se_st2,fit100_cons,1,0.8810312992185921,1143.5444276382075,228.7088855276415,,False,-1,False,0.59,0.0
independent,0.9,0,sp_ucb_st2,phi_bias,1,0.85,596.6619161059768,47.122014932116606,0.0,False,-1,,0.58,
independent,0.9,0,se_st2,phi_bias,1,0.85,1142.3121043699857,227.47656225941964,,False,-1,False,0.59,0.0
independent,0.9,0,sp_ucb_st2,t3,1,0.9,681.1667912652355,177.91568889035722,0.0,False,-1,,0.57,
independent,0.9,0,se_st2,t3,1,0.9,1143.5444276382075,228.70888552764148,,False,-1,False,0.61,0.0
independent,0.97,0,sp_ucb_st2,known,1,0.97,1296.8638173899044,303.033864146154,0.0,False,-1,,0.58,
independent,0.97,0,se_st2,known,1,0.97,1143.5444276382075,228.7088855276415,,False,-1,False,0.59,0.0
independent,0.97,0,sp_ucb_st2,fit100,1,0.9254366332647737,635.0833562045888,36.965302068844395,0.0,False,-1,,0.61,
independent,0.97,0,se_st2,fit100,1,0.9254366332647737,1143.5444276382075,228.7088855276415,,False,-1,False,0.61,0.0
independent,0.97,0,sp_ucb_st2,fit365,1,0.9603810519448294,738.268530107686,57.43698120381979,0.0,False,-1,,0.59,
independent,0.97,0,se_st2,fit365,1,0.9603810519448294,1143.5444276382075,228.7088855276415,,False,-1,False,0.64,0.0
independent,0.97,0,sp_ucb_st2,fit100_cons,1,0.9391654246199087,592.2272280735457,52.69253543968874,0.0,False,-1,,0.58,
independent,0.97,0,se_st2,fit100_cons,1,0.9391654246199087,1143.5444276382075,228.7088855276415,,False,-1,False,0.65,0.0
independent,0.97,0,sp_ucb_st2,phi_bias,1,0.9199999999999999,822.495617889989,54.028028826833875,0.0,False,-1,,0.6,
independent,0.97,0,se_st2,phi_bias,1,0.9199999999999999,1118.8858636237055,204.05032151313947,,False,-1,False,0.62,0.0
independent,0.97,0,sp_ucb_st2,t3,1,0.97,580.1657233429654,61.99276786339282,0.0,False,-1,,0.58,
independent,0.97,0,se_st2,t3,1,0.97,1143.5444276382075,228.70888552764148,,False,-1,False,0.59,0.0
independent,,0,sp_ucb_st2,ar7_as_ar1,1,0.7449962514391099,730.906198912962,108.71837782898085,0.0,False,-1,,0.61,
independent,,0,se_st2,ar7_as_ar1,1,0.7449962514391099,764.0096166580253,82.67151508482823,,True,3341,True,0.66,0.3318
independent,0.5,1,sp_ucb_st2,known,1,0.5,437.36362168673367,53.404400269142215,0.0,False,-1,,0.62,
independent,0.5,1,se_st2,known,1,0.5,1240.330611073357,248.06612221467142,,False,-1,False,0.64,0.0
independent,0.5,1,sp_ucb_st2,fit100,1,0.44756788928438584,381.83259322038793,33.93263802201369,0.0,False,-1,,0.6,
independent,0.5,1,se_st2,fit100,1,0.44756788928438584,1240.330611073357,248.06612221467142,,False,-1,False,0.65,0.0
independent,0.5,1,sp_ucb_st2,fit365,1,0.47652799604691704,338.76479183600395,62.75210209232492,0.0,False,-1,,0.57,
independent,0.5,1,se_st2,fit365,1,0.47652799604691704,1240.330611073357,248.06612221467142,,False,-1,False,0.64,0.0
independent,0.5,1,sp_ucb_st2,fit100_cons,1,0.530778103024182,589.6148867430461,49.35236899627025,0.0,False,-1,,0.59,
independent,0.5,1,se_st2,fit100_cons,1,0.530778103024182,1240.330611073357,248.06612221467142,,False,-1,False,0.59,0.0
independent,0.5,1,sp_ucb_st2,phi_bias,1,0.45,328.5904565473255,40.190515061435164,0.0,False,-1,,0.58,
independent,0.5,1,se_st2,phi_bias,1,0.45,1240.330611073357,248.06612221467142,,False,-1,False,0.6,0.0
independent,0.5,1,sp_ucb_st2,t3,1,0.5,418.9360556070391,47.23592500719123,0.0,False,-1,,0.6,
independent,0.5,1,se_st2,t3,1,0.5,1240.330611073357,248.0661222146714,,False,-1,False,0.6,0.0
independent,0.9,1,sp_ucb_st2,known,1,0.9,999.3835497463624,108.8036285184987,0.0,False,-1,,0.59,
independent,0.9,1,se_st2,known,1,0.9,1240.330611073357,248.06612221467142,,False,-1,False,0.6,0.0
independent,0.9,1,sp_ucb_st2,fit100,1,0.866106342609783,675.5543689368815,61.022767803888556,0.0,False,-1,,0.59,
independent,0.9,1,se_st2,fit100,1,0.866106342609783,1240.330611073357,248.06612221467142,,False,-1,False,0.59,0.0
independent,0.9,1,sp_ucb_st2,fit365,1,0.8881278798369163,960.9115999969704,216.38054025761616,0.0,False,-1,,0.58,
independent,0.9,1,se_st2,fit365,1,0.8881278798369163,1240.330611073357,248.06612221467142,,True,16,False,0.58,0.0006
independent,0.9,1,sp_ucb_st2,fit100_cons,1,0.8927416178606704,569.4558982797349,84.12507535181646,0.0,False,-1,,0.6,
independent,0.9,1,se_st2,fit100_cons,1,0.8927416178606704,1240.330611073357,248.06612221467142,,False,-1,False,0.61,0.0
independent,0.9,1,sp_ucb_st2,phi_bias,1,0.85,936.2809008995199,97.78820069322026,0.0,False,-1,,0.62,
independent,0.9,1,se_st2,phi_bias,1,0.85,1240.330611073357,248.06612221467142,,False,-1,False,0.62,0.0
independent,0.9,1,sp_ucb_st2,t3,1,0.9,490.1737236617088,54.62395407022656,0.0,False,-1,,0.59,
independent,0.9,1,se_st2,t3,1,0.9,1240.330611073357,248.0661222146714,,False,-1,False,0.64,0.0
independent,0.97,1,sp_ucb_st2,known,1,0.97,995.9849092848217,40.30516263011169,0.0,False,-1,,0.58,
independent,0.97,1,se_st2,known,1,0.97,1240.330611073357,248.06612221467142,,False,-1,False,0.6,0.0
independent,0.97,1,sp_ucb_st2,fit100,1,0.9330369577059806,831.0243357840877,135.72833449088256,0.0,False,-1,,0.58,
independent,0.97,1,se_st2,fit100,1,0.9330369577059806,1240.330611073357,248.06612221467142,,True,13,False,0.62,0.0306
independent,0.97,1,sp_ucb_st2,fit365,1,0.9613767293697846,660.5798797990292,66.33931944980313,0.0,False,-1,,0.57,
independent,0.97,1,se_st2,fit365,1,0.9613767293697846,1240.330611073357,248.06612221467142,,True,13,False,0.64,0.0114
independent,0.97,1,sp_ucb_st2,fit100_cons,1,0.95303577308663,863.1529369332814,41.3785345648661,0.0,False,-1,,0.57,
independent,0.97,1,se_st2,fit100_cons,1,0.95303577308663,1240.330611073357,248.06612221467142,,True,13,False,0.6,0.0268
independent,0.97,1,sp_ucb_st2,phi_bias,1,0.9199999999999999,1310.534788487584,237.0676476575502,0.0,False,-1,,0.57,
independent,0.97,1,se_st2,phi_bias,1,0.9199999999999999,1240.330611073357,248.06612221467142,,True,27,False,0.59,0.0204
independent,0.97,1,sp_ucb_st2,t3,1,0.97,499.7943235790801,58.15637447580475,0.0,False,-1,,0.59,
independent,0.97,1,se_st2,t3,1,0.97,1240.330611073357,248.0661222146714,,False,-1,False,0.61,0.0
independent,,1,sp_ucb_st2,ar7_as_ar1,1,0.786054059795261,1141.595671752091,82.42140456713962,0.0,False,-1,,0.63,
independent,,1,se_st2,ar7_as_ar1,1,0.786054059795261,1161.2114439322215,207.0856097609345,,True,27,False,0.63,0.0432
independent,0.5,2,sp_ucb_st2,known,1,0.5,420.29190619528094,42.27928110001195,0.0,False,-1,,0.59,
independent,0.5,2,se_st2,known,1,0.5,1158.3949585054145,231.6789917010829,,False,-1,False,0.63,0.0
independent,0.5,2,sp_ucb_st2,fit100,1,0.45622030703528477,532.4593285351891,57.193712672316664,0.0,False,-1,,0.6,
independent,0.5,2,se_st2,fit100,1,0.45622030703528477,1158.3949585054145,231.6789917010829,,False,-1,False,0.65,0.0
independent,0.5,2,sp_ucb_st2,fit365,1,0.5013904964109885,399.4082327930848,72.42301270761428,0.0,False,-1,,0.55,
independent,0.5,2,se_st2,fit365,1,0.5013904964109885,1158.3949585054145,231.6789917010829,,False,-1,False,0.64,0.0
independent,0.5,2,sp_ucb_st2,fit100_cons,1,0.5466101098007345,451.29736014306144,49.60353885365038,0.0,False,-1,,0.58,
independent,0.5,2,se_st2,fit100_cons,1,0.5466101098007345,1158.3949585054145,231.6789917010829,,False,-1,False,0.59,0.0
independent,0.5,2,sp_ucb_st2,phi_bias,1,0.45,433.6237939620965,66.05713465265327,0.0,False,-1,,0.6,
independent,0.5,2,se_st2,phi_bias,1,0.45,1158.3949585054145,231.6789917010829,,False,-1,False,0.64,0.0
independent,0.5,2,sp_ucb_st2,t3,1,0.5,445.62689481655144,89.51329761009639,0.0,False,-1,,0.58,
independent,0.5,2,se_st2,t3,1,0.5,1158.3949585054145,231.6789917010829,,False,-1,False,0.63,0.0
independent,0.9,2,sp_ucb_st2,known,1,0.9,367.32147546698894,88.32746810380513,0.0,False,-1,,0.56,
independent,0.9,2,se_st2,known,1,0.9,1158.3949585054145,231.6789917010829,,False,-1,False,0.63,0.0
independent,0.9,2,sp_ucb_st2,fit100,1,0.8573725623429183,353.5241073820532,50.73579763119295,0.0,False,-1,,0.58,
independent,0.9,2,se_st2,fit100,1,0.8573725623429183,1158.3949585054145,231.6789917010829,,False,-1,False,0.6,0.0
independent,0.9,2,sp_ucb_st2,fit365,1,0.9046250364092963,467.87069329190047,76.90696907929961,0.0,False,-1,,0.61,
independent,0.9,2,se_st2,fit365,1,0.9046250364092963,1158.3949585054145,231.6789917010829,,False,-1,False,0.62,0.0
independent,0.9,2,sp_ucb_st2,fit100_cons,1,0.8928001249116657,269.9827163461068,46.821264907130626,0.0,False,-1,,0.56,
independent,0.9,2,se_st2,fit100_cons,1,0.8928001249116657,1158.3949585054145,231.6789917010829,,False,-1,False,0.61,0.0
independent,0.9,2,sp_ucb_st2,phi_bias,1,0.85,383.8557156598704,36.639895725592424,0.0,False,-1,,0.61,
independent,0.9,2,se_st2,phi_bias,1,0.85,1158.3949585054145,231.6789917010829,,False,-1,False,0.61,0.0
independent,0.9,2,sp_ucb_st2,t3,1,0.9,523.0512910765655,86.92444636021773,0.0,False,-1,,0.63,
independent,0.9,2,se_st2,t3,1,0.9,1158.3949585054145,231.6789917010829,,False,-1,False,0.65,0.0
independent,0.97,2,sp_ucb_st2,known,1,0.97,785.9308882848406,58.29371064406233,0.0,False,-1,,0.56,
independent,0.97,2,se_st2,known,1,0.97,1058.837705122197,211.17483856890988,,False,-1,False,0.6,0.0
independent,0.97,2,sp_ucb_st2,fit100,1,0.9340025161254193,584.491756661479,82.03799491994715,0.0,False,-1,,0.58,
independent,0.97,2,se_st2,fit100,1,0.9340025161254193,270.18733444682937,49.77673075618341,,False,-1,False,0.61,0.0
independent,0.97,2,sp_ucb_st2,fit365,1,0.9691935678421135,830.0835684473504,111.22680473342787,0.0,False,-1,,0.58,
independent,0.97,2,se_st2,fit365,1,0.9691935678421135,1158.3949585054145,231.6789917010829,,False,-1,False,0.62,0.0
independent,0.97,2,sp_ucb_st2,fit100_cons,1,0.9485847715918753,701.808464468717,45.284035505733996,0.0,False,-1,,0.59,
independent,0.97,2,se_st2,fit100_cons,1,0.9485847715918753,270.7776743194318,49.77673075618342,,False,-1,False,0.66,0.0
independent,0.97,2,sp_ucb_st2,phi_bias,1,0.9199999999999999,570.612899926181,38.282830547531866,0.0,False,-1,,0.58,
independent,0.97,2,se_st2,phi_bias,1,0.9199999999999999,273.49986517073035,49.77673075618342,,False,-1,False,0.6,0.0
independent,0.97,2,sp_ucb_st2,t3,1,0.97,731.3143790053812,111.9148772377567,0.0,False,-1,,0.59,
independent,0.97,2,se_st2,t3,1,0.97,1158.3949585054145,231.6789917010829,,False,-1,False,0.57,0.0
independent,,2,sp_ucb_st2,ar7_as_ar1,1,0.8054723228021263,620.9997550502139,41.77691357416106,0.0,False,-1,,0.63,
independent,,2,se_st2,ar7_as_ar1,1,0.8054723228021263,162.77679804898256,27.422111006771274,,False,-1,True,0.66,0.0
independent,0.5,3,sp_ucb_st2,known,1,0.5,347.43465228311345,39.867943437821665,0.0,False,-1,,0.58,
independent,0.5,3,se_st2,known,1,0.5,1143.7630492466697,228.7526098493339,,False,-1,False,0.61,0.0
independent,0.5,3,sp_ucb_st2,fit100,1,0.42952598119658403,191.61523367967442,28.087417485524877,0.0,False,-1,,0.61,
independent,0.5,3,se_st2,fit100,1,0.42952598119658403,1143.7630492466697,228.7526098493339,,False,-1,False,0.63,0.0
independent,0.5,3,sp_ucb_st2,fit365,1,0.4648429392912932,330.66161461389123,57.57719057053359,0.0,False,-1,,0.62,
independent,0.5,3,se_st2,fit365,1,0.4648429392912932,1143.7630492466697,228.7526098493339,,False,-1,False,0.66,0.0
independent,0.5,3,sp_ucb_st2,fit100_cons,1,0.5026525870407652,344.5877190081663,76.81366730261846,0.0,False,-1,,0.6,
independent,0.5,3,se_st2,fit100_cons,1,0.5026525870407652,1143.7630492466697,228.7526098493339,,False,-1,False,0.62,0.0
independent,0.5,3,sp_ucb_st2,phi_bias,1,0.45,286.79994915737643,31.83593885564709,0.0,False,-1,,0.59,
independent,0.5,3,se_st2,phi_bias,1,0.45,1143.7630492466697,228.7526098493339,,False,-1,False,0.62,0.0
independent,0.5,3,sp_ucb_st2,t3,1,0.5,348.75132781300204,36.03239423837799,0.0,False,-1,,0.57,
independent,0.5,3,se_st2,t3,1,0.5,1143.7630492466694,228.75260984933388,,False,-1,False,0.62,0.0
independent,0.9,3,sp_ucb_st2,known,1,0.9,620.3489719172811,137.64798249243313,0.0,False,-1,,0.58,
independent,0.9,3,se_st2,known,1,0.9,1143.7630492466697,228.7526098493339,,False,-1,False,0.6,0.0
independent,0.9,3,sp_ucb_st2,fit100,1,0.8713632303592961,438.77849093570984,72.0065784043992,0.0,False,-1,,0.57,
independent,0.9,3,se_st2,fit100,1,0.8713632303592961,1143.7630492466697,228.7526098493339,,False,-1,False,0.61,0.0
independent,0.9,3,sp_ucb_st2,fit365,1,0.8930660762834981,332.1938259284435,71.49391699685435,0.0,False,-1,,0.61,
independent,0.9,3,se_st2,fit365,1,0.8930660762834981,1143.7630492466697,228.7526098493339,,False,-1,False,0.61,0.0
independent,0.9,3,sp_ucb_st2,fit100_cons,1,0.8936097648302602,394.2878621792953,29.751890784160487,0.0,False,-1,,0.58,
independent,0.9,3,se_st2,fit100_cons,1,0.8936097648302602,1143.7630492466697,228.7526098493339,,False,-1,False,0.64,0.0
independent,0.9,3,sp_ucb_st2,phi_bias,1,0.85,482.2263256030518,120.93867740233861,0.0,False,-1,,0.59,
independent,0.9,3,se_st2,phi_bias,1,0.85,1143.7630492466697,228.7526098493339,,False,-1,False,0.61,0.0
independent,0.9,3,sp_ucb_st2,t3,1,0.9,619.5011512037142,225.04273066607828,0.0,False,-1,,0.62,
independent,0.9,3,se_st2,t3,1,0.9,1143.7630492466694,228.75260984933388,,False,-1,False,0.64,0.0
independent,0.97,3,sp_ucb_st2,known,1,0.97,501.7829300625507,104.49168620831128,0.0,False,-1,,0.59,
independent,0.97,3,se_st2,known,1,0.97,1143.7630492466697,228.7526098493339,,False,-1,False,0.63,0.0
independent,0.97,3,sp_ucb_st2,fit100,1,0.9393236490737797,232.7511948555508,52.67428016125528,0.0,False,-1,,0.56,
independent,0.97,3,se_st2,fit100,1,0.9393236490737797,1143.7630492466697,228.7526098493339,,False,-1,False,0.6,0.0
independent,0.97,3,sp_ucb_st2,fit365,1,0.9621482627832684,548.8274389290757,200.9989050511011,0.0,False,-1,,0.56,
independent,0.97,3,se_st2,fit365,1,0.9621482627832684,1143.7630492466697,228.7526098493339,,False,-1,False,0.63,0.0
independent,0.97,3,sp_ucb_st2,fit100_cons,1,0.9551934063086389,1080.7681485150752,213.6869761796458,0.0,False,-1,,0.61,
independent,0.97,3,se_st2,fit100_cons,1,0.9551934063086389,1143.7630492466697,228.7526098493339,,False,-1,False,0.6,0.0
independent,0.97,3,sp_ucb_st2,phi_bias,1,0.9199999999999999,684.7158916611929,114.29782799771671,0.0,False,-1,,0.58,
independent,0.97,3,se_st2,phi_bias,1,0.9199999999999999,976.6570792244183,163.8482325768914,,False,-1,False,0.62,0.0
independent,0.97,3,sp_ucb_st2,t3,1,0.97,548.9745300774297,91.465663461377,0.0,False,-1,,0.58,
independent,0.97,3,se_st2,t3,1,0.97,1143.7630492466694,228.75260984933388,,False,-1,False,0.61,0.0
independent,,3,sp_ucb_st2,ar7_as_ar1,1,0.7471275074098456,514.3827551374329,79.88996335227091,0.0,False,-1,,0.59,
independent,,3,se_st2,ar7_as_ar1,1,0.7471275074098456,461.1264329267694,22.799461366423188,,True,178,True,0.59,0.9644
independent,0.5,4,sp_ucb_st2,known,1,0.5,273.3941689038404,29.368957496598888,0.0,False,-1,,0.6,
independent,0.5,4,se_st2,known,1,0.5,1205.2120691112846,241.04241382225692,,False,-1,False,0.62,0.0
independent,0.5,4,sp_ucb_st2,fit100,1,0.4619789094976898,413.8030907492537,33.44829515153662,0.0,False,-1,,0.59,
independent,0.5,4,se_st2,fit100,1,0.4619789094976898,1205.2120691112846,241.04241382225692,,False,-1,False,0.62,0.0
independent,0.5,4,sp_ucb_st2,fit365,1,0.4964210243668328,254.7144168036026,31.158598573041157,0.0,False,-1,,0.58,
independent,0.5,4,se_st2,fit365,1,0.4964210243668328,1205.2120691112846,241.04241382225692,,False,-1,False,0.63,0.0
independent,0.5,4,sp_ucb_st2,fit100_cons,1,0.5289586169939924,373.2091692350923,30.642397542066682,0.0,False,-1,,0.56,
independent,0.5,4,se_st2,fit100_cons,1,0.5289586169939924,1205.2120691112846,241.04241382225692,,False,-1,False,0.63,0.0
independent,0.5,4,sp_ucb_st2,phi_bias,1,0.45,373.6699183246589,35.264348612548176,0.0,False,-1,,0.6,
independent,0.5,4,se_st2,phi_bias,1,0.45,1205.2120691112846,241.04241382225692,,False,-1,False,0.61,0.0
independent,0.5,4,sp_ucb_st2,t3,1,0.5,479.02938742240303,37.37706115890691,0.0,False,-1,,0.59,
independent,0.5,4,se_st2,t3,1,0.5,1205.2120691112846,241.0424138222569,,False,-1,False,0.6,0.0
independent,0.9,4,sp_ucb_st2,known,1,0.9,511.86527189726473,145.3691223403053,0.0,False,-1,,0.6,
independent,0.9,4,se_st2,known,1,0.9,1205.2120691112846,241.04241382225692,,False,-1,False,0.62,0.0
independent,0.9,4,sp_ucb_st2,fit100,1,0.8804691560360279,344.11097714996293,28.420709043934554,0.0,False,-1,,0.57,
independent,0.9,4,se_st2,fit100,1,0.8804691560360279,1205.2120691112846,241.04241382225692,,False,-1,False,0.6,0.0
independent,0.9,4,sp_ucb_st2,fit365,1,0.9038095231706825,382.61308633397687,73.4397996984758,0.0,False,-1,,0.6,
independent,0.9,4,se_st2,fit365,1,0.9038095231706825,1205.2120691112846,241.04241382225692,,False,-1,False,0.62,0.0
independent,0.9,4,sp_ucb_st2,fit100_cons,1,0.9001166612832457,299.82913903604486,94.55677345116425,0.0,False,-1,,0.58,
independent,0.9,4,se_st2,fit100_cons,1,0.9001166612832457,1205.2120691112846,241.04241382225692,,False,-1,False,0.64,0.0
independent,0.9,4,sp_ucb_st2,phi_bias,1,0.85,335.64548803288056,44.69577055082664,0.0,False,-1,,0.57,
independent,0.9,4,se_st2,phi_bias,1,0.85,1205.2120691112846,241.04241382225692,,False,-1,False,0.63,0.0
independent,0.9,4,sp_ucb_st2,t3,1,0.9,612.2254073609552,126.31927158753855,0.0,False,-1,,0.58,
independent,0.9,4,se_st2,t3,1,0.9,1205.2120691112846,241.0424138222569,,False,-1,False,0.62,0.0
independent,0.97,4,sp_ucb_st2,known,1,0.97,461.6797906515009,41.61826744017614,0.0,False,-1,,0.59,
independent,0.97,4,se_st2,known,1,0.97,1205.2120691112846,241.04241382225692,,False,-1,False,0.63,0.0
independent,0.97,4,sp_ucb_st2,fit100,1,0.9492196558892387,1137.4322275541595,29.06377649352933,0.0,False,-1,,0.59,
independent,0.97,4,se_st2,fit100,1,0.9492196558892387,1205.2120691112846,241.04241382225692,,False,-1,False,0.63,0.0
independent,0.97,4,sp_ucb_st2,fit365,1,0.9681207456716812,872.0674924892871,40.681491388625815,0.0,False,-1,,0.59,
independent,0.97,4,se_st2,fit365,1,0.9681207456716812,1205.2120691112846,241.04241382225692,,False,-1,False,0.61,0.0
independent,0.97,4,sp_ucb_st2,fit100_cons,1,0.9654547382471641,423.36786790198437,29.009783627218546,0.0,False,-1,,0.6,
independent,0.97,4,se_st2,fit100_cons,1,0.9654547382471641,1205.2120691112846,241.04241382225692,,False,-1,False,0.61,0.0
independent,0.97,4,sp_ucb_st2,phi_bias,1,0.9199999999999999,946.4196296389516,56.901425480694414,0.0,False,-1,,0.58,
independent,0.97,4,se_st2,phi_bias,1,0.9199999999999999,1199.212860813559,236.12797847414816,,True,794,False,0.62,0.004
independent,0.97,4,sp_ucb_st2,t3,1,0.97,439.2479362363162,54.36257971022324,0.0,False,-1,,0.57,
independent,0.97,4,se_st2,t3,1,0.97,1205.2120691112846,241.0424138222569,,False,-1,False,0.62,0.0
independent,,4,sp_ucb_st2,ar7_as_ar1,1,0.7937354075741304,336.6555410658301,48.82458226241916,0.0,False,-1,,0.59,
independent,,4,se_st2,ar7_as_ar1,1,0.7937354075741304,1185.8169883591781,216.5148164244361,,True,159,False,0.62,0.9682
independent,0.5,5,sp_ucb_st2,known,1,0.5,366.99449686113553,62.27821069439538,0.0,False,-1,,0.59,
independent,0.5,5,se_st2,known,1,0.5,1137.718195354663,227.5436390709326,,False,-1,False,0.62,0.0
independent,0.5,5,sp_ucb_st2,fit100,1,0.410938450268138,380.8903029616491,37.711560856024306,0.0,False,-1,,0.57,
independent,0.5,5,se_st2,fit100,1,0.410938450268138,1137.718195354663,227.5436390709326,,False,-1,False,0.6,0.0
independent,0.5,5,sp_ucb_st2,fit365,1,0.4809560835918174,403.3120751324392,45.393034504756294,0.0,False,-1,,0.59,
independent,0.5,5,se_st2,fit365,1,0.4809560835918174,1137.718195354663,227.5436390709326,,False,-1,False,0.6,0.0
independent,0.5,5,sp_ucb_st2,fit100_cons,1,0.48342110758879875,431.02205268065404,18.676061028831416,0.0,False,-1,,0.6,
independent,0.5,5,se_st2,fit100_cons,1,0.48342110758879875,1137.718195354663,227.5436390709326,,False,-1,False,0.65,0.0
independent,0.5,5,sp_ucb_st2,phi_bias,1,0.45,575.7030795679332,38.0300478045886,0.0,False,-1,,0.58,
independent,0.5,5,se_st2,phi_bias,1,0.45,1137.718195354663,227.5436390709326,,False,-1,False,0.64,0.0
independent,0.5,5,sp_ucb_st2,t3,1,0.5,356.11763269417685,29.828794587932208,0.0,False,-1,,0.58,
independent,0.5,5,se_st2,t3,1,0.5,1137.7181953546628,227.5436390709326,,False,-1,False,0.61,0.0
independent,0.9,5,sp_ucb_st2,known,1,0.9,794.475762692346,48.904189782037605,0.0,False,-1,,0.59,
independent,0.9,5,se_st2,known,1,0.9,1137.718195354663,227.5436390709326,,False,-1,False,0.63,0.0
independent,0.9,5,sp_ucb_st2,fit100,1,0.8589846662787293,708.7093258462569,121.47705431852997,0.0,False,-1,,0.61,
independent,0.9,5,se_st2,fit100,1,0.8589846662787293,1137.718195354663,227.5436390709326,,False,-1,False,0.6,0.0
independent,0.9,5,sp_ucb_st2,fit365,1,0.8919532762400609,683.1136683672144,135.32198354097125,0.0,False,-1,,0.57,
independent,0.9,5,se_st2,fit365,1,0.8919532762400609,1137.718195354663,227.5436390709326,,False,-1,False,0.63,0.0
independent,0.9,5,sp_ucb_st2,fit100_cons,1,0.8869788157357017,1032.1368818302221,172.47085196559624,0.0004,True,1874,,0.58,
independent,0.9,5,se_st2,fit100_cons,1,0.8869788157357017,1137.718195354663,227.5436390709326,,False,-1,False,0.65,0.0
independent,0.9,5,sp_ucb_st2,phi_bias,1,0.85,536.6051630497087,46.60207318459399,0.0,False,-1,,0.6,
independent,0.9,5,se_st2,phi_bias,1,0.85,1137.718195354663,227.5436390709326,,False,-1,False,0.62,0.0
independent,0.9,5,sp_ucb_st2,t3,1,0.9,394.0977040796853,44.77596676869848,0.0,False,-1,,0.55,
independent,0.9,5,se_st2,t3,1,0.9,1137.7181953546628,227.5436390709326,,False,-1,False,0.64,0.0
independent,0.97,5,sp_ucb_st2,known,1,0.97,719.6648228492209,57.40203699518467,0.0,False,-1,,0.59,
independent,0.97,5,se_st2,known,1,0.97,1137.718195354663,227.5436390709326,,False,-1,False,0.6,0.0
independent,0.97,5,sp_ucb_st2,fit100,1,0.9339941424034328,828.5750740467263,30.6872468556944,0.0,False,-1,,0.6,
independent,0.97,5,se_st2,fit100,1,0.9339941424034328,1137.718195354663,227.5436390709326,,False,-1,False,0.64,0.0
independent,0.97,5,sp_ucb_st2,fit365,1,0.9647944884894616,888.9132509256605,53.82441214057225,0.0,False,-1,,0.6,
independent,0.97,5,se_st2,fit365,1,0.9647944884894616,1137.718195354663,227.5436390709326,,False,-1,False,0.62,0.0
independent,0.97,5,sp_ucb_st2,fit100_cons,1,0.9498237354284929,1212.8576818990855,216.85976408646135,0.0,False,-1,,0.59,
independent,0.97,5,se_st2,fit100_cons,1,0.9498237354284929,1137.718195354663,227.5436390709326,,False,-1,False,0.64,0.0
independent,0.97,5,sp_ucb_st2,phi_bias,1,0.9199999999999999,834.9373577260642,78.61463087918496,0.0,False,-1,,0.58,
independent,0.97,5,se_st2,phi_bias,1,0.9199999999999999,1137.718195354663,227.5436390709326,,False,-1,False,0.62,0.0
independent,0.97,5,sp_ucb_st2,t3,1,0.97,455.0915381480396,12.859363363120728,0.0,False,-1,,0.63,
independent,0.97,5,se_st2,t3,1,0.97,1137.7181953546628,227.5436390709326,,False,-1,False,0.64,0.0
independent,,5,sp_ucb_st2,ar7_as_ar1,1,0.8009373645258349,1139.959082378346,190.0110827744581,0.0,False,-1,,0.63,
independent,,5,se_st2,ar7_as_ar1,1,0.8009373645258349,1132.6693830838626,226.17057885998258,,True,2225,False,0.66,0.555
independent,0.5,6,sp_ucb_st2,known,1,0.5,300.61677386473036,60.73097274389441,0.0,False,-1,,0.57,
independent,0.5,6,se_st2,known,1,0.5,1155.5440132838962,231.10880265677923,,False,-1,False,0.63,0.0
independent,0.5,6,sp_ucb_st2,fit100,1,0.49968179492248016,343.97206343525073,36.92924138190881,0.0,False,-1,,0.58,
independent,0.5,6,se_st2,fit100,1,0.49968179492248016,1155.5440132838962,231.10880265677923,,False,-1,False,0.61,0.0
independent,0.5,6,sp_ucb_st2,fit365,1,0.4817424401901581,480.3540577097832,152.12535901619145,0.0,False,-1,,0.57,
independent,0.5,6,se_st2,fit365,1,0.4817424401901581,1155.5440132838962,231.10880265677923,,False,-1,False,0.63,0.0
independent,0.5,6,sp_ucb_st2,fit100_cons,1,0.5644195145918917,324.85688937721386,37.977364028502265,0.0,False,-1,,0.61,
independent,0.5,6,se_st2,fit100_cons,1,0.5644195145918917,1155.5440132838962,231.10880265677923,,False,-1,False,0.6,0.0
independent,0.5,6,sp_ucb_st2,phi_bias,1,0.45,403.284292302436,49.48106881420313,0.0,False,-1,,0.62,
independent,0.5,6,se_st2,phi_bias,1,0.45,1155.5440132838962,231.10880265677923,,False,-1,False,0.63,0.0
independent,0.5,6,sp_ucb_st2,t3,1,0.5,360.959764438545,14.533722754741957,0.0,False,-1,,0.61,
independent,0.5,6,se_st2,t3,1,0.5,1155.5440132838962,231.10880265677923,,False,-1,False,0.64,0.0
independent,0.9,6,sp_ucb_st2,known,1,0.9,450.09937213859143,78.85653417973907,0.0,False,-1,,0.58,
independent,0.9,6,se_st2,known,1,0.9,1155.5440132838962,231.10880265677923,,False,-1,False,0.59,0.0
independent,0.9,6,sp_ucb_st2,fit100,1,0.8818818149351012,689.7793164153393,57.76214866521646,0.0,False,-1,,0.58,
independent,0.9,6,se_st2,fit100,1,0.8818818149351012,1155.5440132838962,231.10880265677923,,False,-1,False,0.63,0.0
independent,0.9,6,sp_ucb_st2,fit365,1,0.894858784445217,527.9672289021438,41.972807735820474,0.0,False,-1,,0.59,
independent,0.9,6,se_st2,fit365,1,0.894858784445217,1155.5440132838962,231.10880265677923,,False,-1,False,0.62,0.0
independent,0.9,6,sp_ucb_st2,fit100_cons,1,0.9029231210834454,769.2143832188117,69.02829325230923,0.0,False,-1,,0.57,
independent,0.9,6,se_st2,fit100_cons,1,0.9029231210834454,1155.5440132838962,231.10880265677923,,False,-1,False,0.65,0.0
independent,0.9,6,sp_ucb_st2,phi_bias,1,0.85,833.6061188798031,75.30430302259737,0.0,False,-1,,0.59,
independent,0.9,6,se_st2,phi_bias,1,0.85,1155.5440132838962,231.10880265677923,,False,-1,False,0.61,0.0
independent,0.9,6,sp_ucb_st2,t3,1,0.9,517.9345232694477,49.695421858992376,0.0,False,-1,,0.62,
independent,0.9,6,se_st2,t3,1,0.9,1155.5440132838962,231.10880265677923,,False,-1,False,0.62,0.0
independent,0.97,6,sp_ucb_st2,known,1,0.97,610.4604960400478,66.57570383752977,0.0,False,-1,,0.6,
independent,0.97,6,se_st2,known,1,0.97,1155.5440132838962,231.10880265677923,,False,-1,False,0.64,0.0
independent,0.97,6,sp_ucb_st2,fit100,1,0.9461541118977809,1490.6289807644114,372.3121067576135,0.0,False,-1,,0.58,
independent,0.97,6,se_st2,fit100,1,0.9461541118977809,1155.5440132838962,231.10880265677923,,False,-1,False,0.6,0.0
independent,0.97,6,sp_ucb_st2,fit365,1,0.9638326981610259,456.87637229255483,75.94337701576353,0.0,False,-1,,0.62,
independent,0.97,6,se_st2,fit365,1,0.9638326981610259,1155.5440132838962,231.10880265677923,,False,-1,False,0.67,0.0
independent,0.97,6,sp_ucb_st2,fit100_cons,1,0.9609487941978342,462.45502272825786,77.10423628364526,0.0,False,-1,,0.6,
independent,0.97,6,se_st2,fit100_cons,1,0.9609487941978342,1155.5440132838962,231.10880265677923,,False,-1,False,0.64,0.0
independent,0.97,6,sp_ucb_st2,phi_bias,1,0.9199999999999999,609.2915270417545,70.40683776466028,0.0,False,-1,,0.58,
independent,0.97,6,se_st2,phi_bias,1,0.9199999999999999,1155.5440132838962,231.10880265677923,,False,-1,False,0.62,0.0
independent,0.97,6,sp_ucb_st2,t3,1,0.97,590.9688391819968,36.334411489928314,0.0,False,-1,,0.61,
independent,0.97,6,se_st2,t3,1,0.97,1155.5440132838962,231.10880265677923,,False,-1,False,0.62,0.0
independent,,6,sp_ucb_st2,ar7_as_ar1,1,0.7801647756226544,414.97300350714494,62.30989833970548,0.0,False,-1,,0.65,
independent,,6,se_st2,ar7_as_ar1,1,0.7801647756226544,1135.1115077173254,224.07128334577385,,True,135,False,0.66,0.1514
independent,0.5,7,sp_ucb_st2,known,1,0.5,238.82852010428547,28.982996629352886,0.0,False,-1,,0.61,
independent,0.5,7,se_st2,known,1,0.5,1170.659718607841,234.1319437215682,,False,-1,False,0.61,0.0
independent,0.5,7,sp_ucb_st2,fit100,1,0.4695689535034334,286.8447171992036,33.55431025630509,0.0,False,-1,,0.58,
independent,0.5,7,se_st2,fit100,1,0.4695689535034334,1170.659718607841,234.1319437215682,,False,-1,False,0.65,0.0
independent,0.5,7,sp_ucb_st2,fit365,1,0.49653873530756015,267.59238521916336,48.95337090640712,0.0,False,-1,,0.59,
independent,0.5,7,se_st2,fit365,1,0.49653873530756015,1170.659718607841,234.1319437215682,,False,-1,False,0.64,0.0
independent,0.5,7,sp_ucb_st2,fit100_cons,1,0.5302391274542424,324.22219844831733,26.234848208093066,0.0,False,-1,,0.55,
independent,0.5,7,se_st2,fit100_cons,1,0.5302391274542424,1170.659718607841,234.1319437215682,,False,-1,False,0.6,0.0
independent,0.5,7,sp_ucb_st2,phi_bias,1,0.45,261.01586811293674,31.367012431695482,0.0,False,-1,,0.58,
independent,0.5,7,se_st2,phi_bias,1,0.45,1170.659718607841,234.1319437215682,,False,-1,False,0.63,0.0
independent,0.5,7,sp_ucb_st2,t3,1,0.5,272.67984641110945,112.04367271654652,0.9954,True,23,,0.63,
independent,0.5,7,se_st2,t3,1,0.5,1160.2110356734793,232.08020911690866,,True,21,False,0.63,0.9958
independent,0.9,7,sp_ucb_st2,known,1,0.9,362.9886021852981,43.6533973095609,0.0,False,-1,,0.63,
independent,0.9,7,se_st2,known,1,0.9,1166.4878119994494,229.96003711317664,,False,-1,False,0.63,0.0
independent,0.9,7,sp_ucb_st2,fit100,1,0.8729730018802876,168.14793662004348,35.16026633350082,0.0,False,-1,,0.56,
independent,0.9,7,se_st2,fit100,1,0.8729730018802876,1170.659718607841,234.1319437215682,,False,-1,False,0.63,0.0
independent,0.9,7,sp_ucb_st2,fit365,1,0.898717306283203,504.7782445798732,156.34636844477168,0.0,False,-1,,0.59,
independent,0.9,7,se_st2,fit365,1,0.898717306283203,1170.659718607841,234.1319437215682,,False,-1,False,0.66,0.0
independent,0.9,7,sp_ucb_st2,fit100_cons,1,0.8968108337480882,246.5985277429558,33.435780193886316,0.0,False,-1,,0.59,
independent,0.9,7,se_st2,fit100_cons,1,0.8968108337480882,1170.659718607841,234.1319437215682,,False,-1,False,0.63,0.0
independent,0.9,7,sp_ucb_st2,phi_bias,1,0.85,358.86969741642804,35.978407631780634,0.0,False,-1,,0.62,
independent,0.9,7,se_st2,phi_bias,1,0.85,1066.1435016824762,194.9995074220804,,False,-1,False,0.64,0.0
independent,0.9,7,sp_ucb_st2,t3,1,0.9,441.8913028186679,181.40443411334002,0.0,False,-1,,0.6,
independent,0.9,7,se_st2,t3,1,0.9,1160.2110356734793,232.08020911690866,,True,21,False,0.62,0.9958
independent,0.97,7,sp_ucb_st2,known,1,0.97,391.9546375681194,24.497023450592486,0.0,False,-1,,0.6,
independent,0.97,7,se_st2,known,1,0.97,1170.659718607841,234.1319437215682,,False,-1,False,0.63,0.0
independent,0.97,7,sp_ucb_st2,fit100,1,0.9330744278201271,225.5630887750055,22.515840205133255,0.0,False,-1,,0.59,
independent,0.97,7,se_st2,fit100,1,0.9330744278201271,1170.659718607841,234.1319437215682,,False,-1,False,0.64,0.0
independent,0.97,7,sp_ucb_st2,fit365,1,0.9652879665797834,502.94203937894486,112.3184968701092,0.0,False,-1,,0.62,
independent,0.97,7,se_st2,fit365,1,0.9652879665797834,1170.659718607841,234.1319437215682,,False,-1,False,0.63,0.0
independent,0.97,7,sp_ucb_st2,fit100_cons,1,0.9527177171956891,221.690213258282,20.770125145676303,0.0,False,-1,,0.59,
independent,0.97,7,se_st2,fit100_cons,1,0.9527177171956891,1170.659718607841,234.1319437215682,,False,-1,False,0.65,0.0
independent,0.97,7,sp_ucb_st2,phi_bias,1,0.9199999999999999,469.06841249949713,193.70740209637313,0.0,False,-1,,0.6,
independent,0.97,7,se_st2,phi_bias,1,0.9199999999999999,362.0381318690679,31.945877688504567,,False,-1,False,0.67,0.0
independent,0.97,7,sp_ucb_st2,t3,1,0.97,489.1736056597588,199.97901808771266,0.0,False,-1,,0.59,
independent,0.97,7,se_st2,t3,1,0.97,1160.2094915142447,232.0217535706035,,True,21,False,0.67,0.9958
independent,,7,sp_ucb_st2,ar7_as_ar1,1,0.7810724311711422,235.15218724466928,34.84292063595119,0.0,False,-1,,0.62,
independent,,7,se_st2,ar7_as_ar1,1,0.7810724311711422,160.33487083195237,13.866689333502269,,True,42,False,0.68,0.9916
independent,0.5,8,sp_ucb_st2,known,1,0.5,563.4384854350784,30.883952286899078,0.0,False,-1,,0.59,
independent,0.5,8,se_st2,known,1,0.5,1156.9935069014202,231.39870138028414,,False,-1,False,0.7,0.0
independent,0.5,8,sp_ucb_st2,fit100,1,0.42339903867877754,200.83650670652608,19.84646537251074,0.0,False,-1,,0.61,
independent,0.5,8,se_st2,fit100,1,0.42339903867877754,1156.9935069014202,231.39870138028414,,False,-1,False,0.63,0.0
independent,0.5,8,sp_ucb_st2,fit365,1,0.46343895375584576,200.8345468850198,18.12071295453673,0.0,False,-1,,0.62,
independent,0.5,8,se_st2,fit365,1,0.46343895375584576,1156.9935069014202,231.39870138028414,,False,-1,False,0.63,0.0
independent,0.5,8,sp_ucb_st2,fit100_cons,1,0.5199057857935638,197.2998936948448,25.335877540915092,0.0,False,-1,,0.65,
independent,0.5,8,se_st2,fit100_cons,1,0.5199057857935638,1156.9935069014202,231.39870138028414,,False,-1,False,0.63,0.0
independent,0.5,8,sp_ucb_st2,phi_bias,1,0.45,269.2766225475534,7.831891578848065,0.0,False,-1,,0.61,
independent,0.5,8,se_st2,phi_bias,1,0.45,1156.9935069014202,231.39870138028414,,False,-1,False,0.66,0.0
independent,0.5,8,sp_ucb_st2,t3,1,0.5,204.5774124405435,15.888108732442237,0.0,False,-1,,0.66,
independent,0.5,8,se_st2,t3,1,0.5,1156.9935069014205,231.39870138028408,,False,-1,False,0.64,0.0
independent,0.9,8,sp_ucb_st2,known,1,0.9,361.62983356872905,101.27661062497087,0.0,False,-1,,0.59,
independent,0.9,8,se_st2,known,1,0.9,1156.9935069014202,231.39870138028414,,False,-1,False,0.65,0.0
independent,0.9,8,sp_ucb_st2,fit100,1,0.853137203158215,293.75790544411495,43.552481899952326,0.0,False,-1,,0.62,
independent,0.9,8,se_st2,fit100,1,0.853137203158215,1156.9935069014202,231.39870138028414,,False,-1,False,0.67,0.0
independent,0.9,8,sp_ucb_st2,fit365,1,0.8805203733785846,327.7378102292673,69.53711469686723,0.0,False,-1,,0.59,
independent,0.9,8,se_st2,fit365,1,0.8805203733785846,1156.9935069014202,231.39870138028414,,False,-1,False,0.64,0.0
independent,0.9,8,sp_ucb_st2,fit100_cons,1,0.8814969487862099,239.33442757804366,43.58320791944708,0.0,False,-1,,0.62,
independent,0.9,8,se_st2,fit100_cons,1,0.8814969487862099,1156.9935069014202,231.39870138028414,,False,-1,False,0.74,0.0
independent,0.9,8,sp_ucb_st2,phi_bias,1,0.85,323.3883176845785,32.325928673193395,0.0,False,-1,,0.61,
independent,0.9,8,se_st2,phi_bias,1,0.85,1155.1508794132035,229.5560738920673,,False,-1,False,0.63,0.0
independent,0.9,8,sp_ucb_st2,t3,1,0.9,709.7581528480205,126.0037429949127,0.0,False,-1,,0.63,
independent,0.9,8,se_st2,t3,1,0.9,1156.9935069014205,231.39870138028408,,False,-1,False,0.87,0.0
independent,0.97,8,sp_ucb_st2,known,1,0.97,240.25098706128313,31.759626339022653,0.0,False,-1,,0.61,
independent,0.97,8,se_st2,known,1,0.97,1156.9935069014202,231.39870138028414,,False,-1,False,0.64,0.0
independent,0.97,8,sp_ucb_st2,fit100,1,0.9288621752939693,282.47887338512066,42.00483815462073,0.0,False,-1,,0.6,
independent,0.97,8,se_st2,fit100,1,0.9288621752939693,1156.9935069014202,231.39870138028414,,False,-1,False,0.81,0.0
independent,0.97,8,sp_ucb_st2,fit365,1,0.957584464244475,465.81789177283986,91.32077854906949,0.0,False,-1,,0.59,
independent,0.97,8,se_st2,fit365,1,0.957584464244475,1156.9935069014202,231.39870138028414,,False,-1,False,0.65,0.0
independent,0.97,8,sp_ucb_st2,fit100_cons,1,0.9497617472579992,248.13271699309172,67.58908356212433,0.0,False,-1,,0.64,
independent,0.97,8,se_st2,fit100_cons,1,0.9497617472579992,1156.9935069014202,231.39870138028414,,False,-1,False,0.88,0.0
independent,0.97,8,sp_ucb_st2,phi_bias,1,0.9199999999999999,687.9559240147207,92.16022425201578,0.0,False,-1,,0.65,
independent,0.97,8,se_st2,phi_bias,1,0.9199999999999999,1056.3680760012887,189.89021298877617,,False,-1,False,0.75,0.0
independent,0.97,8,sp_ucb_st2,t3,1,0.97,297.93501738063213,55.127209491446095,0.0,False,-1,,0.91,
independent,0.97,8,se_st2,t3,1,0.97,1156.9935069014205,231.39870138028408,,False,-1,False,1.26,0.0
independent,,8,sp_ucb_st2,ar7_as_ar1,1,0.7497765134142058,163.04697857888465,44.61078505743121,0.0,False,-1,,0.85,
independent,,8,se_st2,ar7_as_ar1,1,0.7497765134142058,314.3766036766158,0.0,,True,598,False,1.21,0.8804
independent,0.5,9,sp_ucb_st2,known,1,0.5,310.14091408598915,23.13952540199508,0.0,False,-1,,1.07,
independent,0.5,9,se_st2,known,1,0.5,1184.5866510523958,236.91733021047915,,False,-1,False,1.07,0.0
independent,0.5,9,sp_ucb_st2,fit100,1,0.5143213687840139,410.5556630240309,65.53354943906389,0.0,False,-1,,0.9,
independent,0.5,9,se_st2,fit100,1,0.5143213687840139,1184.5866510523958,236.91733021047915,,False,-1,False,1.25,0.0
independent,0.5,9,sp_ucb_st2,fit365,1,0.5016742558304859,413.3965374017734,34.542006495199274,0.0,False,-1,,0.96,
independent,0.5,9,se_st2,fit365,1,0.5016742558304859,1184.5866510523958,236.91733021047915,,False,-1,False,1.02,0.0
independent,0.5,9,sp_ucb_st2,fit100_cons,1,0.5897798692637608,343.4338228337408,22.297361433006643,0.0,False,-1,,0.95,
independent,0.5,9,se_st2,fit100_cons,1,0.5897798692637608,1184.5866510523958,236.91733021047915,,False,-1,False,1.27,0.0
independent,0.5,9,sp_ucb_st2,phi_bias,1,0.45,236.12993721734486,20.72038707704494,0.0,False,-1,,0.96,
independent,0.5,9,se_st2,phi_bias,1,0.45,1184.5866510523958,236.91733021047915,,False,-1,False,1.0,0.0
independent,0.5,9,sp_ucb_st2,t3,1,0.5,352.4424550661878,40.00948322843648,0.0,False,-1,,1.0,
independent,0.5,9,se_st2,t3,1,0.5,1168.7133894137455,228.07324611277656,,False,-1,False,1.27,0.0
independent,0.9,9,sp_ucb_st2,known,1,0.9,476.60553850612973,118.89447920200067,0.0,False,-1,,0.87,
independent,0.9,9,se_st2,known,1,0.9,1184.5866510523958,236.91733021047915,,False,-1,False,1.34,0.0
independent,0.9,9,sp_ucb_st2,fit100,1,0.8765307612944454,428.55733766921446,28.214852384785253,0.0,False,-1,,1.05,
independent,0.9,9,se_st2,fit100,1,0.8765307612944454,1184.5866510523958,236.91733021047915,,False,-1,False,1.11,0.0
independent,0.9,9,sp_ucb_st2,fit365,1,0.8862608328600354,265.96831741243346,13.437401433820039,0.0,False,-1,,1.25,
independent,0.9,9,se_st2,fit365,1,0.8862608328600354,1184.5866510523958,236.91733021047915,,False,-1,False,0.94,0.0
independent,0.9,9,sp_ucb_st2,fit100_cons,1,0.892504703059728,533.8865861354464,30.382190963203396,0.0,False,-1,,1.2,
independent,0.9,9,se_st2,fit100_cons,1,0.892504703059728,1184.5866510523958,236.91733021047915,,False,-1,False,0.93,0.0
independent,0.9,9,sp_ucb_st2,phi_bias,1,0.85,897.102874916025,190.62035293936745,0.0,False,-1,,0.83,
independent,0.9,9,se_st2,phi_bias,1,0.85,1184.230652139127,236.56133129721036,,False,-1,False,1.06,0.0
independent,0.9,9,sp_ucb_st2,t3,1,0.9,266.6998457321611,25.1574660001654,0.0,False,-1,,1.19,
independent,0.9,9,se_st2,t3,1,0.9,1184.5866510523958,236.91733021047918,,False,-1,False,0.86,0.0
independent,0.97,9,sp_ucb_st2,known,1,0.97,345.4281015946407,10.761353060511421,0.0,False,-1,,0.86,
independent,0.97,9,se_st2,known,1,0.97,1184.5866510523958,236.91733021047915,,False,-1,False,1.04,0.0
independent,0.97,9,sp_ucb_st2,fit100,1,0.9275224241045357,919.2673147830515,220.44156517416172,0.0,False,-1,,1.12,
independent,0.97,9,se_st2,fit100,1,0.9275224241045357,1184.5866510523958,236.91733021047915,,False,-1,False,0.93,0.0
independent,0.97,9,sp_ucb_st2,fit365,1,0.9573756085029741,300.5106205647056,13.20722157752869,0.0,False,-1,,1.02,
independent,0.97,9,se_st2,fit365,1,0.9573756085029741,1184.5866510523958,236.91733021047915,,False,-1,False,0.92,0.0
independent,0.97,9,sp_ucb_st2,fit100_cons,1,0.9396329261435501,443.1193467295963,16.72223017997944,0.0,False,-1,,1.03,
independent,0.97,9,se_st2,fit100_cons,1,0.9396329261435501,1184.5866510523958,236.91733021047915,,False,-1,False,0.97,0.0
independent,0.97,9,sp_ucb_st2,phi_bias,1,0.9199999999999999,337.9191436679986,13.922504286717468,0.0,False,-1,,0.98,
independent,0.97,9,se_st2,phi_bias,1,0.9199999999999999,1181.2343733726548,233.56505253073826,,False,-1,False,0.84,0.0
independent,0.97,9,sp_ucb_st2,t3,1,0.97,984.3805827421255,23.186691576581556,0.0,False,-1,,0.9,
independent,0.97,9,se_st2,t3,1,0.97,1184.5866510523958,236.91733021047918,,False,-1,False,0.91,0.0
independent,,9,sp_ucb_st2,ar7_as_ar1,1,0.7379371586108745,622.1242036350125,55.25575835414153,0.0,False,-1,,0.8,
independent,,9,se_st2,ar7_as_ar1,1,0.7379371586108745,736.5007617853087,90.67002454336512,,True,242,False,0.81,0.9516
independent,0.5,10,sp_ucb_st2,known,1,0.5,264.9351783151988,0.0,0.0,False,-1,,0.8,
independent,0.5,10,se_st2,known,1,0.5,1175.2965846830598,235.05931693661196,,False,-1,False,0.8,0.0
independent,0.5,10,sp_ucb_st2,fit100,1,0.42340299180815594,280.1707776806981,1.942546166261986,0.0,False,-1,,0.74,
independent,0.5,10,se_st2,fit100,1,0.42340299180815594,1175.2965846830598,235.05931693661196,,False,-1,False,0.8,0.0
independent,0.5,10,sp_ucb_st2,fit365,1,0.4658027266928411,424.44442615340927,47.76195343966066,0.0,False,-1,,0.75,
independent,0.5,10,se_st2,fit365,1,0.4658027266928411,1175.2965846830598,235.05931693661196,,False,-1,False,0.82,0.0
independent,0.5,10,sp_ucb_st2,fit100_cons,1,0.5021214954962714,273.7422422671236,1.347771025328779,0.0,False,-1,,0.77,
independent,0.5,10,se_st2,fit100_cons,1,0.5021214954962714,1175.2965846830598,235.05931693661196,,False,-1,False,0.76,0.0
independent,0.5,10,sp_ucb_st2,phi_bias,1,0.45,274.8559327047492,25.306470124129675,0.0,False,-1,,0.71,
independent,0.5,10,se_st2,phi_bias,1,0.45,1175.2965846830598,235.05931693661196,,False,-1,False,0.78,0.0
independent,0.5,10,sp_ucb_st2,t3,1,0.5,374.13638877238554,14.838544128770447,0.0,False,-1,,0.73,
independent,0.5,10,se_st2,t3,1,0.5,1175.29658468306,235.059316936612,,False,-1,False,0.74,0.0
independent,0.9,10,sp_ucb_st2,known,1,0.9,539.6824604007816,48.50301713985228,0.0,False,-1,,0.72,
independent,0.9,10,se_st2,known,1,0.9,1175.2965846830598,235.05931693661196,,False,-1,False,0.75,0.0
independent,0.9,10,sp_ucb_st2,fit100,1,0.8596775373437635,731.7961820399364,0.0,0.0,False,-1,,0.7,
independent,0.9,10,se_st2,fit100,1,0.8596775373437635,1175.2965846830598,235.05931693661196,,False,-1,False,0.75,0.0
independent,0.9,10,sp_ucb_st2,fit365,1,0.8813921589544856,468.0815208121492,37.200427622245904,0.0,False,-1,,0.72,
independent,0.9,10,se_st2,fit365,1,0.8813921589544856,1175.2965846830598,235.05931693661196,,False,-1,False,0.78,0.0
independent,0.9,10,sp_ucb_st2,fit100_cons,1,0.8804030596241892,353.12640086187974,0.17098841286842054,0.0,False,-1,,0.72,
independent,0.9,10,se_st2,fit100_cons,1,0.8804030596241892,1175.2965846830598,235.05931693661196,,False,-1,False,0.79,0.0
independent,0.9,10,sp_ucb_st2,phi_bias,1,0.85,591.0867094611658,39.06916409930149,0.0,False,-1,,0.71,
independent,0.9,10,se_st2,phi_bias,1,0.85,1174.1174604854946,233.88019273904672,,False,-1,False,0.72,0.0
independent,0.9,10,sp_ucb_st2,t3,1,0.9,748.1950910407234,107.59741677780792,0.0,False,-1,,0.71,
independent,0.9,10,se_st2,t3,1,0.9,1175.29658468306,235.059316936612,,False,-1,False,0.78,0.0
independent,0.97,10,sp_ucb_st2,known,1,0.97,633.0468460030472,154.74560810337428,0.0,False,-1,,0.7,
independent,0.97,10,se_st2,known,1,0.97,1175.2965846830598,235.05931693661196,,False,-1,False,0.79,0.0
independent,0.97,10,sp_ucb_st2,fit100,1,0.9299158000546442,262.36826424245817,0.0,0.0,False,-1,,0.72,
independent,0.97,10,se_st2,fit100,1,0.9299158000546442,1175.2965846830598,235.05931693661196,,False,-1,False,0.78,0.0
independent,0.97,10,sp_ucb_st2,fit365,1,0.9564636535483323,870.123689375741,238.05565577273012,0.0,False,-1,,0.72,
independent,0.97,10,se_st2,fit365,1,0.9564636535483323,1175.2965846830598,235.05931693661196,,False,-1,False,0.74,0.0
independent,0.97,10,sp_ucb_st2,fit100_cons,1,0.9489931181710733,300.47146679550946,0.0,0.0,False,-1,,0.72,
independent,0.97,10,se_st2,fit100_cons,1,0.9489931181710733,1175.2965846830598,235.05931693661196,,False,-1,False,0.81,0.0
independent,0.97,10,sp_ucb_st2,phi_bias,1,0.9199999999999999,561.7811083113925,61.99232297480584,0.0,False,-1,,0.73,
independent,0.97,10,se_st2,phi_bias,1,0.9199999999999999,1156.7587806591814,223.97414043311375,,False,-1,False,0.72,0.0
independent,0.97,10,sp_ucb_st2,t3,1,0.97,984.2387825280605,216.08652435547467,0.0,False,-1,,0.82,
independent,0.97,10,se_st2,t3,1,0.97,1175.29658468306,235.059316936612,,False,-1,False,0.8,0.0
independent,,10,sp_ucb_st2,ar7_as_ar1,1,0.7452810882295112,137.10655887937642,0.0,0.0,False,-1,,0.8,
independent,,10,se_st2,ar7_as_ar1,1,0.7452810882295112,811.8443196060387,136.3557296675437,,True,376,True,0.86,0.064
independent,0.5,11,sp_ucb_st2,known,1,0.5,268.7198959750564,21.155846432204257,0.0,False,-1,,0.82,
independent,0.5,11,se_st2,known,1,0.5,1143.239624688888,228.64792493777765,,False,-1,False,0.82,0.0
independent,0.5,11,sp_ucb_st2,fit100,1,0.48676290011112344,287.4682964880137,24.664600230742643,0.0,False,-1,,0.79,
independent,0.5,11,se_st2,fit100,1,0.48676290011112344,1143.239624688888,228.64792493777765,,False,-1,False,0.8,0.0
independent,0.5,11,sp_ucb_st2,fit365,1,0.4987680432825355,293.546579358687,87.43178955522029,0.0,False,-1,,0.75,
independent,0.5,11,se_st2,fit365,1,0.4987680432825355,1143.239624688888,228.64792493777765,,False,-1,False,0.81,0.0
independent,0.5,11,sp_ucb_st2,fit100_cons,1,0.5746056086836295,238.11814963239266,25.39280876850711,0.0,False,-1,,0.82,
independent,0.5,11,se_st2,fit100_cons,1,0.5746056086836295,1143.239624688888,228.64792493777765,,False,-1,False,0.86,0.0
independent,0.5,11,sp_ucb_st2,phi_bias,1,0.45,312.8014459049323,32.857935749245684,0.0,False,-1,,0.79,
independent,0.5,11,se_st2,phi_bias,1,0.45,1143.239624688888,228.64792493777765,,False,-1,False,0.82,0.0
independent,0.5,11,sp_ucb_st2,t3,1,0.5,384.3820031028781,40.61486045380417,0.0,False,-1,,0.79,
independent,0.5,11,se_st2,t3,1,0.5,1143.239624688888,228.64792493777765,,False,-1,False,0.83,0.0
independent,0.9,11,sp_ucb_st2,known,1,0.9,346.72472271021593,31.94128260469136,0.0,False,-1,,0.77,
independent,0.9,11,se_st2,known,1,0.9,1143.239624688888,228.64792493777765,,False,-1,False,0.81,0.0
independent,0.9,11,sp_ucb_st2,fit100,1,0.8905564958872405,374.6397038489001,68.47359206888643,0.0,False,-1,,0.78,
independent,0.9,11,se_st2,fit100,1,0.8905564958872405,1143.239624688888,228.64792493777765,,False,-1,False,0.81,0.0
independent,0.9,11,sp_ucb_st2,fit365,1,0.9014711844697978,798.010844871573,16.963154374809093,0.0,False,-1,,0.8,
independent,0.9,11,se_st2,fit365,1,0.9014711844697978,1143.239624688888,228.64792493777765,,False,-1,False,0.75,0.0
independent,0.9,11,sp_ucb_st2,fit100_cons,1,0.917670803177729,668.1447563095517,59.84027712929209,0.0,False,-1,,0.84,
independent,0.9,11,se_st2,fit100_cons,1,0.917670803177729,1143.239624688888,228.64792493777765,,False,-1,False,0.8,0.0
independent,0.9,11,sp_ucb_st2,phi_bias,1,0.85,442.5822308954264,17.612952709659723,0.0,False,-1,,0.69,
independent,0.9,11,se_st2,phi_bias,1,0.85,1143.239624688888,228.64792493777765,,False,-1,False,0.78,0.0
independent,0.9,11,sp_ucb_st2,t3,1,0.9,385.0917295469407,50.16545109748029,0.0,False,-1,,0.75,
independent,0.9,11,se_st2,t3,1,0.9,1143.239624688888,228.64792493777765,,False,-1,False,0.76,0.0
independent,0.97,11,sp_ucb_st2,known,1,0.97,362.1430343839143,34.85370146319495,0.0,False,-1,,0.69,
independent,0.97,11,se_st2,known,1,0.97,1143.239624688888,228.64792493777765,,False,-1,False,0.78,0.0
independent,0.97,11,sp_ucb_st2,fit100,1,0.9467342445600352,845.9581945799357,62.375608159372916,0.0,False,-1,,0.75,
independent,0.97,11,se_st2,fit100,1,0.9467342445600352,1143.239624688888,228.64792493777765,,False,-1,False,0.78,0.0
independent,0.97,11,sp_ucb_st2,fit365,1,0.967186825477501,489.88245548819395,21.567078809056486,0.0,False,-1,,0.74,
independent,0.97,11,se_st2,fit365,1,0.967186825477501,1143.239624688888,228.64792493777765,,False,-1,False,0.79,0.0
independent,0.97,11,sp_ucb_st2,fit100_cons,1,0.9631572951251232,694.5915097735337,43.25173333340878,0.0,False,-1,,0.74,
independent,0.97,11,se_st2,fit100_cons,1,0.9631572951251232,1143.239624688888,228.64792493777765,,False,-1,False,0.8,0.0
independent,0.97,11,sp_ucb_st2,phi_bias,1,0.9199999999999999,410.82739418434653,79.61968832243517,0.0,False,-1,,0.73,
independent,0.97,11,se_st2,phi_bias,1,0.9199999999999999,1143.239624688888,228.64792493777765,,False,-1,False,0.78,0.0
independent,0.97,11,sp_ucb_st2,t3,1,0.97,434.8357194675149,22.257270021911467,0.0,False,-1,,0.67,
independent,0.97,11,se_st2,t3,1,0.97,1143.239624688888,228.64792493777765,,False,-1,False,0.78,0.0
independent,,11,sp_ucb_st2,ar7_as_ar1,1,0.8030716857027558,542.446924600378,41.28722386860429,0.0,False,-1,,0.76,
independent,,11,se_st2,ar7_as_ar1,1,0.8030716857027558,1127.9451891195558,223.31779122117317,,False,-1,False,0.79,0.0
independent,0.5,12,sp_ucb_st2,known,1,0.5,641.2167532104565,88.10564793778511,0.0,False,-1,,0.76,
independent,0.5,12,se_st2,known,1,0.5,1205.9252258543593,241.18504517087183,,False,-1,False,0.78,0.0
independent,0.5,12,sp_ucb_st2,fit100,1,0.46204205417021277,481.54337487718715,105.18526391780352,0.0,False,-1,,0.74,
independent,0.5,12,se_st2,fit100,1,0.46204205417021277,1205.9252258543593,241.18504517087183,,False,-1,False,0.76,0.0
independent,0.5,12,sp_ucb_st2,fit365,1,0.49089893715731714,513.7096207150253,80.98037883784693,0.0,False,-1,,0.71,
independent,0.5,12,se_st2,fit365,1,0.49089893715731714,1205.9252258543593,241.18504517087183,,False,-1,False,0.73,0.0
independent,0.5,12,sp_ucb_st2,fit100_cons,1,0.5229033074534726,476.2143069561182,126.69833137916885,0.0,False,-1,,0.75,
independent,0.5,12,se_st2,fit100_cons,1,0.5229033074534726,1205.9252258543593,241.18504517087183,,False,-1,False,0.72,0.0
independent,0.5,12,sp_ucb_st2,phi_bias,1,0.45,501.1493366752884,107.03683896254746,0.0,False,-1,,0.73,
independent,0.5,12,se_st2,phi_bias,1,0.45,1205.9252258543593,241.18504517087183,,False,-1,False,0.75,0.0
independent,0.5,12,sp_ucb_st2,t3,1,0.5,323.7731954756134,40.647492399067396,0.0,False,-1,,0.76,
independent,0.5,12,se_st2,t3,1,0.5,1205.9252258543593,241.18504517087183,,False,-1,False,0.77,0.0
independent,0.9,12,sp_ucb_st2,known,1,0.9,456.63340759339025,96.13320120522063,0.0,False,-1,,0.68,
independent,0.9,12,se_st2,known,1,0.9,1205.9252258543593,241.18504517087183,,False,-1,False,0.72,0.0
independent,0.9,12,sp_ucb_st2,fit100,1,0.8590149644121176,777.6384597673413,91.98135935497064,0.0,False,-1,,0.68,
independent,0.9,12,se_st2,fit100,1,0.8590149644121176,1205.9252258543593,241.18504517087183,,False,-1,False,0.79,0.0
independent,0.9,12,sp_ucb_st2,fit365,1,0.8837219886565988,807.6260451447406,101.86148915506887,0.0,False,-1,,0.7,
independent,0.9,12,se_st2,fit365,1,0.8837219886565988,1205.9252258543593,241.18504517087183,,False,-1,False,0.77,0.0
independent,0.9,12,sp_ucb_st2,fit100_cons,1,0.8839763037983001,523.5280539946849,91.59743909674742,0.0,False,-1,,0.7,
independent,0.9,12,se_st2,fit100_cons,1,0.8839763037983001,1205.9252258543593,241.18504517087183,,False,-1,False,0.77,0.0
independent,0.9,12,sp_ucb_st2,phi_bias,1,0.85,866.5408244842739,93.0479517546942,0.0,False,-1,,0.78,
independent,0.9,12,se_st2,phi_bias,1,0.85,1205.9252258543593,241.18504517087183,,False,-1,False,0.79,0.0
independent,0.9,12,sp_ucb_st2,t3,1,0.9,881.3019529109489,84.80645787489951,0.0,False,-1,,0.72,
independent,0.9,12,se_st2,t3,1,0.9,1205.9252258543593,241.18504517087183,,False,-1,False,0.78,0.0
independent,0.97,12,sp_ucb_st2,known,1,0.97,635.1289728687195,199.84127186838793,0.0,False,-1,,0.73,
independent,0.97,12,se_st2,known,1,0.97,1205.9252258543593,241.18504517087183,,False,-1,False,0.73,0.0
independent,0.97,12,sp_ucb_st2,fit100,1,0.9323972359723697,485.7713684891348,82.27425852095689,0.0,False,-1,,0.67,
independent,0.97,12,se_st2,fit100,1,0.9323972359723697,1205.9252258543593,241.18504517087183,,False,-1,False,0.79,0.0
independent,0.97,12,sp_ucb_st2,fit365,1,0.9614481304381765,798.9823260978492,86.19832293251845,0.0,False,-1,,0.7,
independent,0.97,12,se_st2,fit365,1,0.9614481304381765,1205.9252258543593,241.18504517087183,,False,-1,False,0.76,0.0
independent,0.97,12,sp_ucb_st2,fit100_cons,1,0.9514691608007103,532.092624442543,96.50070692274048,0.0,False,-1,,0.76,
independent,0.97,12,se_st2,fit100_cons,1,0.9514691608007103,1205.9252258543593,241.18504517087183,,False,-1,False,0.73,0.0
independent,0.97,12,sp_ucb_st2,phi_bias,1,0.9199999999999999,888.5654277112976,172.99935164986863,0.0,False,-1,,0.68,
independent,0.97,12,se_st2,phi_bias,1,0.9199999999999999,1205.9252258543593,241.18504517087183,,False,-1,False,0.74,0.0
independent,0.97,12,sp_ucb_st2,t3,1,0.97,1097.060428413556,218.9506111242771,0.0,False,-1,,0.71,
independent,0.97,12,se_st2,t3,1,0.97,1205.9252258543593,241.18504517087183,,False,-1,False,0.77,0.0
independent,,12,sp_ucb_st2,ar7_as_ar1,1,0.7815892824442839,972.2324722877489,252.6071029230252,0.0,False,-1,,0.76,
independent,,12,se_st2,ar7_as_ar1,1,0.7815892824442839,1189.4566893929032,233.58722913436026,,False,-1,False,0.8,0.0
independent,0.5,13,sp_ucb_st2,known,1,0.5,570.7993074379608,66.848394836265,0.0,False,-1,,0.71,
independent,0.5,13,se_st2,known,1,0.5,1222.8823432211072,244.5764686442214,,False,-1,False,0.76,0.0
independent,0.5,13,sp_ucb_st2,fit100,1,0.4517883497330109,467.7117429056044,25.190909351695105,0.0,False,-1,,0.72,
independent,0.5,13,se_st2,fit100,1,0.4517883497330109,1222.8823432211072,244.5764686442214,,False,-1,False,0.78,0.0
independent,0.5,13,sp_ucb_st2,fit365,1,0.4871770356736931,401.217076934093,43.700790640129874,0.0,False,-1,,0.74,
independent,0.5,13,se_st2,fit365,1,0.4871770356736931,1222.8823432211072,244.5764686442214,,False,-1,False,0.77,0.0
independent,0.5,13,sp_ucb_st2,fit100_cons,1,0.5434207077877804,426.07037748539744,26.016433563936356,0.0,False,-1,,0.73,
independent,0.5,13,se_st2,fit100_cons,1,0.5434207077877804,1222.8823432211072,244.5764686442214,,False,-1,False,0.75,0.0
independent,0.5,13,sp_ucb_st2,phi_bias,1,0.45,435.1528182965559,92.06255753897739,0.0,False,-1,,0.72,
independent,0.5,13,se_st2,phi_bias,1,0.45,1222.8823432211072,244.5764686442214,,False,-1,False,0.76,0.0
independent,0.5,13,sp_ucb_st2,t3,1,0.5,291.5665516229764,4.581677438292134,0.0,False,-1,,0.68,
independent,0.5,13,se_st2,t3,1,0.5,1222.8823432211072,244.57646864422145,,False,-1,False,0.74,0.0
independent,0.9,13,sp_ucb_st2,known,1,0.9,675.156361292216,75.34345583755498,0.0,False,-1,,0.74,
independent,0.9,13,se_st2,known,1,0.9,1222.8823432211072,244.5764686442214,,False,-1,False,0.74,0.0
independent,0.9,13,sp_ucb_st2,fit100,1,0.8623986396063148,350.7342544583499,23.221947921895456,0.0,False,-1,,0.74,
independent,0.9,13,se_st2,fit100,1,0.8623986396063148,1222.8823432211072,244.5764686442214,,False,-1,False,0.76,0.0
independent,0.9,13,sp_ucb_st2,fit365,1,0.884084652121617,469.37625749383466,56.9763845954935,0.0,False,-1,,0.71,
independent,0.9,13,se_st2,fit365,1,0.884084652121617,1222.8823432211072,244.5764686442214,,False,-1,False,0.82,0.0
independent,0.9,13,sp_ucb_st2,fit100_cons,1,0.8919081555949588,610.0769007205837,104.67563167538654,0.0,False,-1,,0.74,
independent,0.9,13,se_st2,fit100_cons,1,0.8919081555949588,1222.8823432211072,244.5764686442214,,False,-1,False,0.77,0.0
independent,0.9,13,sp_ucb_st2,phi_bias,1,0.85,827.9505746255239,221.83642933294325,0.0,False,-1,,0.7,
independent,0.9,13,se_st2,phi_bias,1,0.85,1222.8823432211072,244.5764686442214,,False,-1,False,0.74,0.0
independent,0.9,13,sp_ucb_st2,t3,1,0.9,524.1867980194347,9.92458193364299,0.0,False,-1,,0.74,
independent,0.9,13,se_st2,t3,1,0.9,1222.8823432211072,244.57646864422145,,False,-1,False,0.81,0.0
independent,0.97,13,sp_ucb_st2,known,1,0.97,752.775592185144,159.84027271930395,0.0,False,-1,,0.74,
independent,0.97,13,se_st2,known,1,0.97,1222.8823432211072,244.5764686442214,,False,-1,False,0.82,0.0
independent,0.97,13,sp_ucb_st2,fit100,1,0.9351104322698556,324.16547357555,7.555338443695433,0.0,False,-1,,0.71,
independent,0.97,13,se_st2,fit100,1,0.9351104322698556,1222.8823432211072,244.5764686442214,,False,-1,False,0.77,0.0
independent,0.97,13,sp_ucb_st2,fit365,1,0.9579369554868599,660.5603702508708,17.132711169021288,0.0,False,-1,,0.74,
independent,0.97,13,se_st2,fit365,1,0.9579369554868599,1222.8823432211072,244.5764686442214,,False,-1,False,0.76,0.0
independent,0.97,13,sp_ucb_st2,fit100_cons,1,0.9569835538056858,369.85217863977414,8.563184832312274,0.0,False,-1,,0.72,
independent,0.97,13,se_st2,fit100_cons,1,0.9569835538056858,1222.8823432211072,244.5764686442214,,False,-1,False,0.76,0.0
independent,0.97,13,sp_ucb_st2,phi_bias,1,0.9199999999999999,822.3975494172619,21.382191777062328,0.0,False,-1,,0.72,
independent,0.97,13,se_st2,phi_bias,1,0.9199999999999999,1215.180789674559,241.45383841495595,,True,1384,False,0.8,0.7232
independent,0.97,13,sp_ucb_st2,t3,1,0.97,534.8800546646069,17.90025855144495,0.0,False,-1,,0.76,
independent,0.97,13,se_st2,t3,1,0.97,1222.8823432211072,244.57646864422145,,False,-1,False,0.8,0.0
independent,,13,sp_ucb_st2,ar7_as_ar1,1,0.7590479519515372,650.8370007990457,168.81055259764722,0.0,False,-1,,0.79,
independent,,13,se_st2,ar7_as_ar1,1,0.7590479519515372,891.4081237817758,135.96017177949844,,True,1104,False,0.82,0.7766
independent,0.5,14,sp_ucb_st2,known,1,0.5,174.5923851504516,8.519783910738479,0.0,False,-1,,0.74,
independent,0.5,14,se_st2,known,1,0.5,1118.5648907479974,223.71297814959945,,False,-1,False,0.79,0.0
independent,0.5,14,sp_ucb_st2,fit100,1,0.4600348674416678,265.84744545850407,14.394681974785865,0.0,False,-1,,0.71,
independent,0.5,14,se_st2,fit100,1,0.4600348674416678,1118.5648907479974,223.71297814959945,,False,-1,False,0.74,0.0
independent,0.5,14,sp_ucb_st2,fit365,1,0.5268033498835941,307.46567600555977,45.965968836284034,0.0,False,-1,,0.74,
independent,0.5,14,se_st2,fit365,1,0.5268033498835941,1118.5648907479974,223.71297814959945,,False,-1,False,0.78,0.0
independent,0.5,14,sp_ucb_st2,fit100_cons,1,0.5321547972186794,579.2306229853334,70.4507334690687,0.0,False,-1,,0.75,
independent,0.5,14,se_st2,fit100_cons,1,0.5321547972186794,1118.5648907479974,223.71297814959945,,False,-1,False,0.79,0.0
independent,0.5,14,sp_ucb_st2,phi_bias,1,0.45,377.9329838052121,42.05794594856176,0.0,False,-1,,0.73,
independent,0.5,14,se_st2,phi_bias,1,0.45,1118.5648907479974,223.71297814959945,,False,-1,False,0.77,0.0
independent,0.5,14,sp_ucb_st2,t3,1,0.5,259.63274956929865,27.21465086603328,0.0,False,-1,,0.71,
independent,0.5,14,se_st2,t3,1,0.5,1118.5648907479977,223.71297814959948,,False,-1,False,0.78,0.0
independent,0.9,14,sp_ucb_st2,known,1,0.9,466.37727209199954,46.32136457677378,0.0,False,-1,,0.73,
independent,0.9,14,se_st2,known,1,0.9,1118.5648907479974,223.71297814959945,,False,-1,False,0.77,0.0
independent,0.9,14,sp_ucb_st2,fit100,1,0.867821391764931,485.7140269273918,83.58168286713612,0.0,False,-1,,0.74,
independent,0.9,14,se_st2,fit100,1,0.867821391764931,1118.5648907479974,223.71297814959945,,False,-1,False,0.75,0.0
independent,0.9,14,sp_ucb_st2,fit365,1,0.8998142559153475,718.2867005955777,37.816740760093914,0.0,False,-1,,0.69,
independent,0.9,14,se_st2,fit365,1,0.8998142559153475,1118.5648907479974,223.71297814959945,,False,-1,False,0.76,0.0
independent,0.9,14,sp_ucb_st2,fit100_cons,1,0.8912428814444802,414.0632645439486,77.01004521170736,0.0,False,-1,,0.68,
independent,0.9,14,se_st2,fit100_cons,1,0.8912428814444802,1118.5648907479974,223.71297814959945,,False,-1,False,0.74,0.0
independent,0.9,14,sp_ucb_st2,phi_bias,1,0.85,789.1980431171877,144.1504673452537,0.0,False,-1,,0.7,
independent,0.9,14,se_st2,phi_bias,1,0.85,1118.5648907479974,223.71297814959945,,False,-1,False,0.78,0.0
independent,0.9,14,sp_ucb_st2,t3,1,0.9,515.3635290896552,125.45056627998908,0.0,False,-1,,0.72,
independent,0.9,14,se_st2,t3,1,0.9,1118.5648907479977,223.71297814959948,,False,-1,False,0.77,0.0
independent,0.97,14,sp_ucb_st2,known,1,0.97,508.6533873507192,79.0051736295331,0.0,False,-1,,0.75,
independent,0.97,14,se_st2,known,1,0.97,1118.5648907479974,223.71297814959945,,False,-1,False,0.82,0.0
independent,0.97,14,sp_ucb_st2,fit100,1,0.9384496479684116,982.3781214624122,182.21122971085765,0.0,False,-1,,0.79,
independent,0.97,14,se_st2,fit100,1,0.9384496479684116,1118.5648907479974,223.71297814959945,,False,-1,False,0.82,0.0
independent,0.97,14,sp_ucb_st2,fit365,1,0.964590148489416,576.8487731553671,59.6711645434099,0.0,False,-1,,0.72,
independent,0.97,14,se_st2,fit365,1,0.964590148489416,1118.5648907479974,223.71297814959945,,False,-1,False,0.73,0.0
independent,0.97,14,sp_ucb_st2,fit100_cons,1,0.9528130305157535,435.37977100574597,62.59705306892114,0.0,False,-1,,0.72,
independent,0.97,14,se_st2,fit100_cons,1,0.9528130305157535,1118.5648907479974,223.71297814959945,,False,-1,False,0.76,0.0
independent,0.97,14,sp_ucb_st2,phi_bias,1,0.9199999999999999,510.27967518435037,62.52797074268585,0.0,False,-1,,0.76,
independent,0.97,14,se_st2,phi_bias,1,0.9199999999999999,1118.2285083461172,223.37659574771925,,False,-1,False,0.73,0.0
independent,0.97,14,sp_ucb_st2,t3,1,0.97,413.5552156982719,74.54876093380278,0.0,False,-1,,0.74,
independent,0.97,14,se_st2,t3,1,0.97,1118.5648907479977,223.71297814959948,,False,-1,False,0.8,0.0
independent,,14,sp_ucb_st2,ar7_as_ar1,1,0.7880329563436157,787.2777497272004,228.69138539142915,0.0,False,-1,,0.73,
independent,,14,se_st2,ar7_as_ar1,1,0.7880329563436157,1112.4013980455734,221.8185824577689,,True,62,False,0.79,0.788
independent,0.5,15,sp_ucb_st2,known,1,0.5,417.3642557183107,2.0293243033075616,0.0,False,-1,,0.77,
independent,0.5,15,se_st2,known,1,0.5,1168.4134044299133,233.68268088598268,,False,-1,False,0.81,0.0
independent,0.5,15,sp_ucb_st2,fit100,1,0.47030899111816915,393.36492220196226,30.2257613233863,0.0,False,-1,,0.72,
independent,0.5,15,se_st2,fit100,1,0.47030899111816915,1168.4134044299133,233.68268088598268,,False,-1,False,0.74,0.0
independent,0.5,15,sp_ucb_st2,fit365,1,0.5098934141800953,455.6594313283872,49.58709116917708,0.0,False,-1,,0.75,
independent,0.5,15,se_st2,fit365,1,0.5098934141800953,1168.4134044299133,233.68268088598268,,False,-1,False,0.75,0.0
independent,0.5,15,sp_ucb_st2,fit100_cons,1,0.5561709736737563,452.56026848368276,27.070175997148016,0.0,False,-1,,0.8,
independent,0.5,15,se_st2,fit100_cons,1,0.5561709736737563,1168.4134044299133,233.68268088598268,,False,-1,False,0.8,0.0
independent,0.5,15,sp_ucb_st2,phi_bias,1,0.45,420.1564657505154,23.231682424130632,0.0,False,-1,,0.78,
independent,0.5,15,se_st2,phi_bias,1,0.45,1168.4134044299133,233.68268088598268,,False,-1,False,0.77,0.0
independent,0.5,15,sp_ucb_st2,t3,1,0.5,304.3586351212296,44.574486301275456,0.0,False,-1,,0.73,
independent,0.5,15,se_st2,t3,1,0.5,1578.702107475202,320.90011961387734,,False,-1,True,0.82,0.0
independent,0.9,15,sp_ucb_st2,known,1,0.9,956.2876072525318,108.9414690821072,0.0,False,-1,,0.75,
independent,0.9,15,se_st2,known,1,0.9,1168.4134044299133,233.68268088598268,,False,-1,False,0.76,0.0
independent,0.9,15,sp_ucb_st2,fit100,1,0.8858518162517619,568.5396841757158,36.3763602244083,0.0,False,-1,,0.72,
independent,0.9,15,se_st2,fit100,1,0.8858518162517619,1168.4134044299133,233.68268088598268,,False,-1,False,0.75,0.0
independent,0.9,15,sp_ucb_st2,fit365,1,0.9004952581371692,587.736285506724,35.541613684847505,0.0,False,-1,,0.72,
independent,0.9,15,se_st2,fit365,1,0.9004952581371692,1168.4134044299133,233.68268088598268,,False,-1,False,0.73,0.0
independent,0.9,15,sp_ucb_st2,fit100_cons,1,0.9235155965408374,820.9844393680967,21.602066654554005,0.0,False,-1,,0.73,
independent,0.9,15,se_st2,fit100_cons,1,0.9235155965408374,1168.4134044299133,233.68268088598268,,False,-1,False,0.77,0.0
independent,0.9,15,sp_ucb_st2,phi_bias,1,0.85,587.0807437377682,34.27458686610895,0.0,False,-1,,0.73,
independent,0.9,15,se_st2,phi_bias,1,0.85,1168.4134044299133,233.68268088598268,,False,-1,False,0.74,0.0
independent,0.9,15,sp_ucb_st2,t3,1,0.9,493.34459254510074,63.11738201389555,0.0,False,-1,,0.75,
independent,0.9,15,se_st2,t3,1,0.9,1168.4134044299135,233.68268088598268,,False,-1,False,0.8,0.0
independent,0.97,15,sp_ucb_st2,known,1,0.97,675.1183645085031,79.09783106488403,0.0,False,-1,,0.69,
independent,0.97,15,se_st2,known,1,0.97,1168.4134044299133,233.68268088598268,,False,-1,False,0.76,0.0
independent,0.97,15,sp_ucb_st2,fit100,1,0.9453030917676485,633.4648904241162,0.0,0.0,False,-1,,0.75,
independent,0.97,15,se_st2,fit100,1,0.9453030917676485,1168.4134044299133,233.68268088598268,,False,-1,False,0.78,0.0
independent,0.97,15,sp_ucb_st2,fit365,1,0.9670798064110103,813.0629570352723,5.144144721293836,0.0,False,-1,,0.71,
independent,0.97,15,se_st2,fit365,1,0.9670798064110103,1168.4134044299133,233.68268088598268,,False,-1,False,0.75,0.0
independent,0.97,15,sp_ucb_st2,fit100_cons,1,0.9712605998947839,653.5766290351817,34.94058828024477,0.0,False,-1,,0.7,
independent,0.97,15,se_st2,fit100_cons,1,0.9712605998947839,1168.4134044299133,233.68268088598268,,False,-1,False,0.73,0.0
independent,0.97,15,sp_ucb_st2,phi_bias,1,0.9199999999999999,898.771316861608,34.58367301366452,0.0,False,-1,,0.72,
independent,0.97,15,se_st2,phi_bias,1,0.9199999999999999,1168.4134044299133,233.68268088598268,,False,-1,False,0.79,0.0
independent,0.97,15,sp_ucb_st2,t3,1,0.97,1168.4648763993039,258.09468314956075,0.0,False,-1,,0.69,
independent,0.97,15,se_st2,t3,1,0.97,1168.4134044299135,233.68268088598268,,False,-1,False,0.79,0.0
independent,,15,sp_ucb_st2,ar7_as_ar1,1,0.8114994249781244,572.5982952208186,0.0,0.0,False,-1,,0.72,
independent,,15,se_st2,ar7_as_ar1,1,0.8114994249781244,1168.4134044299133,233.68268088598268,,False,-1,False,0.78,0.0
independent,0.5,16,sp_ucb_st2,known,1,0.5,394.09105540563075,5.607337528302628,0.0,False,-1,,0.73,
independent,0.5,16,se_st2,known,1,0.5,1160.443259796285,232.08865195925705,,False,-1,False,0.77,0.0
independent,0.5,16,sp_ucb_st2,fit100,1,0.45998798496861615,314.771780503242,2.792813860701809,0.0,False,-1,,0.71,
independent,0.5,16,se_st2,fit100,1,0.45998798496861615,1160.443259796285,232.08865195925705,,False,-1,False,0.75,0.0
independent,0.5,16,sp_ucb_st2,fit365,1,0.465669439002563,521.4713683194452,83.00736492538057,0.0,False,-1,,0.7,
independent,0.5,16,se_st2,fit365,1,0.465669439002563,1160.443259796285,232.08865195925705,,False,-1,False,0.74,0.0
independent,0.5,16,sp_ucb_st2,fit100_cons,1,0.5407870061480103,427.84011861000107,3.342122463089287,0.0,False,-1,,0.73,
independent,0.5,16,se_st2,fit100_cons,1,0.5407870061480103,1160.443259796285,232.08865195925705,,False,-1,False,0.77,0.0
independent,0.5,16,sp_ucb_st2,phi_bias,1,0.45,441.0105244509543,18.007542685164562,0.0,False,-1,,0.73,
independent,0.5,16,se_st2,phi_bias,1,0.45,1160.443259796285,232.08865195925705,,False,-1,False,0.78,0.0
independent,0.5,16,sp_ucb_st2,t3,1,0.5,324.3682328767421,39.53712429474587,0.0,False,-1,,0.75,
independent,0.5,16,se_st2,t3,1,0.5,1160.443259796285,232.08865195925705,,False,-1,False,0.74,0.0
independent,0.9,16,sp_ucb_st2,known,1,0.9,356.10651485368226,42.737144054585485,0.0,False,-1,,0.74,
independent,0.9,16,se_st2,known,1,0.9,1160.443259796285,232.08865195925705,,False,-1,False,0.77,0.0
independent,0.9,16,sp_ucb_st2,fit100,1,0.8840230345189442,545.7578605336627,0.6875516475124377,0.0,False,-1,,0.72,
independent,0.9,16,se_st2,fit100,1,0.8840230345189442,1160.443259796285,232.08865195925705,,False,-1,False,0.75,0.0
independent,0.9,16,sp_ucb_st2,fit365,1,0.8967350640450399,652.2100693700967,119.86908783700623,0.0,False,-1,,0.77,
independent,0.9,16,se_st2,fit365,1,0.8967350640450399,1160.443259796285,232.08865195925705,,False,-1,False,0.78,0.0
independent,0.9,16,sp_ucb_st2,fit100_cons,1,0.9206401944160365,565.1593472221983,23.13796161123954,0.0,False,-1,,0.71,
independent,0.9,16,se_st2,fit100_cons,1,0.9206401944160365,1160.443259796285,232.08865195925705,,False,-1,False,0.8,0.0
independent,0.9,16,sp_ucb_st2,phi_bias,1,0.85,438.86444814626816,46.818502298773,0.0,False,-1,,0.69,
independent,0.9,16,se_st2,phi_bias,1,0.85,1160.443259796285,232.08865195925705,,False,-1,False,0.78,0.0
independent,0.9,16,sp_ucb_st2,t3,1,0.9,522.8079826331849,51.632569308187215,0.0,False,-1,,0.75,
independent,0.9,16,se_st2,t3,1,0.9,1160.443259796285,232.08865195925705,,False,-1,False,0.75,0.0
independent,0.97,16,sp_ucb_st2,known,1,0.97,339.69354637414443,14.153863839444234,0.0,False,-1,,0.72,
independent,0.97,16,se_st2,known,1,0.97,1160.443259796285,232.08865195925705,,False,-1,False,0.76,0.0
independent,0.97,16,sp_ucb_st2,fit100,1,0.9511435513451976,378.5319432031899,22.344131488766863,0.0,False,-1,,0.75,
independent,0.97,16,se_st2,fit100,1,0.9511435513451976,1160.443259796285,232.08865195925705,,False,-1,False,0.77,0.0
independent,0.97,16,sp_ucb_st2,fit365,1,0.9670912719353936,474.74081943031797,19.43480892818073,0.0,False,-1,,0.7,
independent,0.97,16,se_st2,fit365,1,0.9670912719353936,1160.443259796285,232.08865195925705,,False,-1,False,0.76,0.0
independent,0.97,16,sp_ucb_st2,fit100_cons,1,0.9723896927294433,597.8923567708091,97.09004711944834,0.0,False,-1,,0.69,
independent,0.97,16,se_st2,fit100_cons,1,0.9723896927294433,1160.443259796285,232.08865195925705,,False,-1,False,0.73,0.0
independent,0.97,16,sp_ucb_st2,phi_bias,1,0.9199999999999999,1072.1621832896165,205.9447066662141,0.0,False,-1,,0.72,
independent,0.97,16,se_st2,phi_bias,1,0.9199999999999999,1160.443259796285,232.08865195925705,,False,-1,False,0.73,0.0
independent,0.97,16,sp_ucb_st2,t3,1,0.97,382.6112988372883,42.49985440349801,0.0,False,-1,,0.7,
independent,0.97,16,se_st2,t3,1,0.97,1160.443259796285,232.08865195925705,,False,-1,False,0.78,0.0
independent,,16,sp_ucb_st2,ar7_as_ar1,1,0.8128589068036425,729.5684941090192,208.82701922724604,0.0,False,-1,,0.79,
independent,,16,se_st2,ar7_as_ar1,1,0.8128589068036425,1159.9684229284671,232.11864950081792,,True,2418,False,0.77,0.4648
independent,0.5,17,sp_ucb_st2,known,1,0.5,190.82755534543472,0.0,0.0,False,-1,,0.71,
independent,0.5,17,se_st2,known,1,0.5,1112.5938901823765,222.51877803647537,,False,-1,False,0.78,0.0
independent,0.5,17,sp_ucb_st2,fit100,1,0.48788697317799223,228.3985872494597,26.153786084078753,0.0,False,-1,,0.72,
independent,0.5,17,se_st2,fit100,1,0.48788697317799223,1112.5938901823765,222.51877803647537,,False,-1,False,0.76,0.0
independent,0.5,17,sp_ucb_st2,fit365,1,0.48068197152692627,337.0374309070486,42.104689291513694,0.0,False,-1,,0.74,
independent,0.5,17,se_st2,fit365,1,0.48068197152692627,1112.5938901823765,222.51877803647537,,False,-1,False,0.76,0.0
independent,0.5,17,sp_ucb_st2,fit100_cons,1,0.5499361701220423,264.8142832438146,49.797340694593046,0.0,False,-1,,0.71,
independent,0.5,17,se_st2,fit100_cons,1,0.5499361701220423,1112.5938901823765,222.51877803647537,,False,-1,False,0.72,0.0
independent,0.5,17,sp_ucb_st2,phi_bias,1,0.45,270.8279879402971,32.588395295785276,0.0,False,-1,,0.71,
independent,0.5,17,se_st2,phi_bias,1,0.45,1112.5938901823765,222.51877803647537,,False,-1,False,0.76,0.0
independent,0.5,17,sp_ucb_st2,t3,1,0.5,348.5717440020491,41.067544301432505,0.0,False,-1,,0.76,
independent,0.5,17,se_st2,t3,1,0.5,1112.5938901823765,222.51877803647534,,False,-1,False,0.8,0.0
independent,0.9,17,sp_ucb_st2,known,1,0.9,309.78366671160313,34.7115046615849,0.0,False,-1,,0.73,
independent,0.9,17,se_st2,known,1,0.9,1112.5938901823765,222.51877803647537,,False,-1,False,0.85,0.0
independent,0.9,17,sp_ucb_st2,fit100,1,0.8703973506871054,469.1852873058185,91.42120287437619,0.0,False,-1,,0.71,
independent,0.9,17,se_st2,fit100,1,0.8703973506871054,1112.5938901823765,222.51877803647537,,False,-1,False,0.75,0.0
independent,0.9,17,sp_ucb_st2,fit365,1,0.8885416664421114,213.46008839196162,18.3910043596483,0.0,False,-1,,0.71,
independent,0.9,17,se_st2,fit365,1,0.8885416664421114,1112.5938901823765,222.51877803647537,,False,-1,False,0.81,0.0
independent,0.9,17,sp_ucb_st2,fit100_cons,1,0.8914072351475796,466.6869447360168,30.066210574945586,0.0,False,-1,,0.7,
independent,0.9,17,se_st2,fit100_cons,1,0.8914072351475796,1112.5938901823765,222.51877803647537,,False,-1,False,0.77,0.0
independent,0.9,17,sp_ucb_st2,phi_bias,1,0.85,454.0212602204145,48.13530613056528,0.0,False,-1,,0.75,
independent,0.9,17,se_st2,phi_bias,1,0.85,1112.5938901823765,222.51877803647537,,True,432,False,0.82,0.008
independent,0.9,17,sp_ucb_st2,t3,1,0.9,529.5941170979711,52.785360970133326,0.0,False,-1,,0.7,
independent,0.9,17,se_st2,t3,1,0.9,1112.5938901823765,222.51877803647534,,False,-1,False,0.78,0.0
independent,0.97,17,sp_ucb_st2,known,1,0.97,234.3689536147728,25.289567603099975,0.0,False,-1,,0.71,
independent,0.97,17,se_st2,known,1,0.97,1112.5938901823765,222.51877803647537,,False,-1,False,0.83,0.0
independent,0.97,17,sp_ucb_st2,fit100,1,0.9299367772744994,431.9995075004796,32.17257711173096,0.0,False,-1,,0.72,
independent,0.97,17,se_st2,fit100,1,0.9299367772744994,1112.5938901823765,222.51877803647537,,True,333,False,0.82,0.0214
independent,0.97,17,sp_ucb_st2,fit365,1,0.9620773330162066,623.961728083428,264.68092113380555,0.0,False,-1,,0.77,
independent,0.97,17,se_st2,fit365,1,0.9620773330162066,1112.5938901823765,222.51877803647537,,False,-1,False,0.83,0.0
independent,0.97,17,sp_ucb_st2,fit100_cons,1,0.9492277476872573,219.10587549363757,25.585337891485143,0.0,False,-1,,0.79,
independent,0.97,17,se_st2,fit100_cons,1,0.9492277476872573,1112.5938901823765,222.51877803647537,,False,-1,False,0.91,0.0
independent,0.97,17,sp_ucb_st2,phi_bias,1,0.9199999999999999,470.11595654009517,99.92425520011057,0.0,False,-1,,0.87,
independent,0.97,17,se_st2,phi_bias,1,0.9199999999999999,1103.2887054506405,213.58783151494106,,True,252,False,0.77,0.08
independent,0.97,17,sp_ucb_st2,t3,1,0.97,830.4388585826127,77.34527229979047,0.0,False,-1,,0.81,
independent,0.97,17,se_st2,t3,1,0.97,1112.5938901823765,222.51877803647534,,False,-1,False,1.0,0.0
independent,,17,sp_ucb_st2,ar7_as_ar1,1,0.7440366283462674,235.43232502847314,31.613101829697428,0.0,False,-1,,0.88,
independent,,17,se_st2,ar7_as_ar1,1,0.7440366283462674,461.2920463844559,30.08944596856616,,True,92,False,0.8,0.954
independent,0.5,18,sp_ucb_st2,known,1,0.5,482.8860966701574,57.08433758437627,0.0,False,-1,,0.86,
independent,0.5,18,se_st2,known,1,0.5,1214.6083332168027,242.9216666433606,,False,-1,False,0.91,0.0
independent,0.5,18,sp_ucb_st2,fit100,1,0.4543740565724772,354.60370865535083,88.57521009638606,0.0,False,-1,,0.73,
independent,0.5,18,se_st2,fit100,1,0.4543740565724772,1214.6083332168027,242.9216666433606,,False,-1,False,0.73,0.0
independent,0.5,18,sp_ucb_st2,fit365,1,0.4907997014624747,282.25365560733275,40.751596461794506,0.0,False,-1,,0.92,
independent,0.5,18,se_st2,fit365,1,0.4907997014624747,1214.6083332168027,242.9216666433606,,False,-1,False,0.95,0.0
independent,0.5,18,sp_ucb_st2,fit100_cons,1,0.5603117691396532,391.2938485527441,24.706045219132445,0.0,False,-1,,0.71,
independent,0.5,18,se_st2,fit100_cons,1,0.5603117691396532,1214.6083332168027,242.9216666433606,,False,-1,False,0.75,0.0
independent,0.5,18,sp_ucb_st2,phi_bias,1,0.45,384.6711876350924,27.616605419488575,0.0,False,-1,,0.87,
independent,0.5,18,se_st2,phi_bias,1,0.45,1214.6083332168027,242.9216666433606,,False,-1,False,0.87,0.0
independent,0.5,18,sp_ucb_st2,t3,1,0.5,363.02202265043593,33.82136018701617,0.0,False,-1,,0.75,
independent,0.5,18,se_st2,t3,1,0.5,1214.6083332168027,242.9216666433606,,False,-1,False,0.72,0.0
independent,0.9,18,sp_ucb_st2,known,1,0.9,434.4875059814599,51.664658486246864,0.0,False,-1,,0.69,
independent,0.9,18,se_st2,known,1,0.9,1214.6083332168027,242.9216666433606,,False,-1,False,0.76,0.0
independent,0.9,18,sp_ucb_st2,fit100,1,0.8738852805798782,297.65029800073233,32.15208181949468,0.0,False,-1,,0.69,
independent,0.9,18,se_st2,fit100,1,0.8738852805798782,1214.6083332168027,242.9216666433606,,False,-1,False,0.82,0.0
independent,0.9,18,sp_ucb_st2,fit365,1,0.8927188634759041,400.41322535348183,54.87871107698177,0.0,False,-1,,0.72,
independent,0.9,18,se_st2,fit365,1,0.8927188634759041,1214.6083332168027,242.9216666433606,,False,-1,False,0.76,0.0
independent,0.9,18,sp_ucb_st2,fit100_cons,1,0.8999014866292792,462.21898646015995,62.66808779804044,0.0,False,-1,,0.75,
independent,0.9,18,se_st2,fit100_cons,1,0.8999014866292792,1214.6083332168027,242.9216666433606,,False,-1,False,0.82,0.0
independent,0.9,18,sp_ucb_st2,phi_bias,1,0.85,414.2108695636417,67.34066852465853,0.0,False,-1,,0.75,
independent,0.9,18,se_st2,phi_bias,1,0.85,1214.6083332168027,242.9216666433606,,False,-1,False,0.77,0.0
independent,0.9,18,sp_ucb_st2,t3,1,0.9,195.5927322588465,21.873124361365406,0.0,False,-1,,0.81,
independent,0.9,18,se_st2,t3,1,0.9,1214.6083332168027,242.9216666433606,,False,-1,False,0.84,0.0
independent,0.97,18,sp_ucb_st2,known,1,0.97,1432.4317600980266,327.0014660983976,0.0,False,-1,,0.73,
independent,0.97,18,se_st2,known,1,0.97,1214.6083332168027,242.9216666433606,,False,-1,False,0.79,0.0
independent,0.97,18,sp_ucb_st2,fit100,1,0.9397459495620957,385.7561484772557,33.25154495645927,0.0,False,-1,,0.77,
independent,0.97,18,se_st2,fit100,1,0.9397459495620957,1214.6083332168027,242.9216666433606,,False,-1,False,0.8,0.0
independent,0.97,18,sp_ucb_st2,fit365,1,0.9632912485237721,492.3504247603303,49.473941157402116,0.0,False,-1,,0.7,
independent,0.97,18,se_st2,fit365,1,0.9632912485237721,1214.6083332168027,242.9216666433606,,False,-1,False,0.78,0.0
independent,0.97,18,sp_ucb_st2,fit100_cons,1,0.9576359255959527,799.1108769012118,37.86407161372985,0.0,False,-1,,0.8,
independent,0.97,18,se_st2,fit100_cons,1,0.9576359255959527,1214.6083332168027,242.9216666433606,,False,-1,False,0.8,0.0
independent,0.97,18,sp_ucb_st2,phi_bias,1,0.9199999999999999,984.9885159234664,38.04227501299377,0.0,False,-1,,0.75,
independent,0.97,18,se_st2,phi_bias,1,0.9199999999999999,1201.9694062036997,238.67611440899572,,False,-1,False,0.82,0.0
independent,0.97,18,sp_ucb_st2,t3,1,0.97,205.8355968298456,22.631726641148575,0.0,False,-1,,0.77,
independent,0.97,18,se_st2,t3,1,0.97,1214.6083332168027,242.9216666433606,,False,-1,False,0.83,0.0
independent,,18,sp_ucb_st2,ar7_as_ar1,1,0.7756606383618546,387.7600881907489,27.68223891469336,0.0,False,-1,,0.84,
independent,,18,se_st2,ar7_as_ar1,1,0.7756606383618546,705.2350773749181,43.549078853089995,,True,175,False,0.82,0.1776
independent,0.5,19,sp_ucb_st2,known,1,0.5,430.05473460567777,68.10130237504575,0.0,False,-1,,0.74,
independent,0.5,19,se_st2,known,1,0.5,1177.2260312913618,233.54482757269466,,True,4428,False,0.83,0.0722
independent,0.5,19,sp_ucb_st2,fit100,1,0.5090823764601005,303.8418626969339,32.93362975590722,0.0,False,-1,,0.74,
independent,0.5,19,se_st2,fit100,1,0.5090823764601005,1179.601504648334,235.9203009296668,,False,-1,False,0.8,0.0
independent,0.5,19,sp_ucb_st2,fit365,1,0.47202009621316965,420.2790098702421,70.92787101086877,0.0,False,-1,,0.74,
independent,0.5,19,se_st2,fit365,1,0.47202009621316965,1177.9797853792807,234.29858166061334,,False,-1,False,0.8,0.0
independent,0.5,19,sp_ucb_st2,fit100_cons,1,0.5787103707682095,319.2341351601432,54.36790162915559,0.0,False,-1,,0.76,
independent,0.5,19,se_st2,fit100_cons,1,0.5787103707682095,1179.601504648334,235.9203009296668,,False,-1,False,0.81,0.0
independent,0.5,19,sp_ucb_st2,phi_bias,1,0.45,500.67125972577395,79.4628238548595,0.0,False,-1,,0.77,
independent,0.5,19,se_st2,phi_bias,1,0.45,1177.2260312913618,233.54482757269466,,True,4428,False,0.8,0.0722
independent,0.5,19,sp_ucb_st2,t3,1,0.5,697.27080639326,179.18539652305464,0.0,False,-1,,0.77,
independent,0.5,19,se_st2,t3,1,0.5,1179.6015046483342,235.92030092966678,,True,16,False,0.77,0.004
independent,0.9,19,sp_ucb_st2,known,1,0.9,651.3864032745657,125.59568699343895,0.0,False,-1,,0.75,
independent,0.9,19,se_st2,known,1,0.9,1179.601504648334,235.9203009296668,,False,-1,False,0.84,0.0
independent,0.9,19,sp_ucb_st2,fit100,1,0.8776385297229213,772.6573780262167,137.84206495391476,0.0,False,-1,,0.72,
independent,0.9,19,se_st2,fit100,1,0.8776385297229213,1179.601504648334,235.9203009296668,,False,-1,False,0.8,0.0
independent,0.9,19,sp_ucb_st2,fit365,1,0.8831225830327339,776.8439055606409,87.64435782243604,0.0,False,-1,,0.75,
independent,0.9,19,se_st2,fit365,1,0.8831225830327339,1179.601504648334,235.9203009296668,,False,-1,False,0.75,0.0
independent,0.9,19,sp_ucb_st2,fit100_cons,1,0.9029096465381017,533.1998618263078,103.65326767248365,0.0,False,-1,,0.8,
independent,0.9,19,se_st2,fit100_cons,1,0.9029096465381017,1179.601504648334,235.9203009296668,,False,-1,False,0.86,0.0
independent,0.9,19,sp_ucb_st2,phi_bias,1,0.85,383.83521618754037,36.00740891006009,0.0,False,-1,,0.73,
independent,0.9,19,se_st2,phi_bias,1,0.85,1179.601504648334,235.9203009296668,,False,-1,False,0.77,0.0
independent,0.9,19,sp_ucb_st2,t3,1,0.9,575.1031135566298,87.94205687859571,0.0,False,-1,,0.79,
independent,0.9,19,se_st2,t3,1,0.9,1179.6015046483342,235.92030092966678,,False,-1,False,0.81,0.0
independent,0.97,19,sp_ucb_st2,known,1,0.97,642.785632827588,152.112116796771,0.0,False,-1,,0.72,
independent,0.97,19,se_st2,known,1,0.97,1179.601504648334,235.9203009296668,,False,-1,False,0.75,0.0
independent,0.97,19,sp_ucb_st2,fit100,1,0.9409268608441168,360.3335462675592,98.21872618588891,0.0,False,-1,,0.8,
independent,0.97,19,se_st2,fit100,1,0.9409268608441168,1179.601504648334,235.9203009296668,,False,-1,False,0.79,0.0
independent,0.97,19,sp_ucb_st2,fit365,1,0.9558138008299848,558.0335486070649,172.89405056941348,0.0,False,-1,,0.69,
independent,0.97,19,se_st2,fit365,1,0.9558138008299848,1179.601504648334,235.9203009296668,,False,-1,False,0.7,0.0
independent,0.97,19,sp_ucb_st2,fit100_cons,1,0.962107806305243,454.84807858359744,185.77450441301806,0.0,False,-1,,0.77,
independent,0.97,19,se_st2,fit100_cons,1,0.962107806305243,1179.601504648334,235.9203009296668,,False,-1,False,0.85,0.0
independent,0.97,19,sp_ucb_st2,phi_bias,1,0.9199999999999999,855.6190467347085,170.64705744692372,0.0,False,-1,,0.68,
independent,0.97,19,se_st2,phi_bias,1,0.9199999999999999,1179.601504648334,235.9203009296668,,False,-1,False,0.73,0.0
independent,0.97,19,sp_ucb_st2,t3,1,0.97,739.2903201406255,63.30504116847097,0.0,False,-1,,0.72,
independent,0.97,19,se_st2,t3,1,0.97,1179.6015046483342,235.92030092966678,,False,-1,False,0.77,0.0
independent,,19,sp_ucb_st2,ar7_as_ar1,1,0.7070956645179334,494.91016705482195,244.88539207084864,0.0,False,-1,,0.75,
independent,,19,se_st2,ar7_as_ar1,1,0.7070956645179334,786.7270212886394,39.78637775043332,,True,74,False,0.78,0.9804
independent,0.5,20,sp_ucb_st2,known,1,0.5,234.060039809484,52.42306072336115,0.0,False,-1,,0.75,
independent,0.5,20,se_st2,known,1,0.5,1152.2517372043076,230.45034744086155,,False,-1,False,0.76,0.0
independent,0.5,20,sp_ucb_st2,fit100,1,0.4425196993705522,335.2044413350004,14.446907333341564,0.0,False,-1,,0.72,
independent,0.5,20,se_st2,fit100,1,0.4425196993705522,1152.2517372043076,230.45034744086155,,False,-1,False,0.75,0.0
independent,0.5,20,sp_ucb_st2,fit365,1,0.47862024515870466,306.1540592871002,76.17871581212653,0.0,False,-1,,0.69,
independent,0.5,20,se_st2,fit365,1,0.47862024515870466,1152.2517372043076,230.45034744086155,,False,-1,False,0.75,0.0
independent,0.5,20,sp_ucb_st2,fit100_cons,1,0.5197682215765711,393.63010390895954,112.12559934081192,0.0,False,-1,,0.72,
independent,0.5,20,se_st2,fit100_cons,1,0.5197682215765711,1152.2517372043076,230.45034744086155,,False,-1,False,0.73,0.0
independent,0.5,20,sp_ucb_st2,phi_bias,1,0.45,376.5964850749424,46.142769326034795,0.0,False,-1,,0.68,
independent,0.5,20,se_st2,phi_bias,1,0.45,1152.2517372043076,230.45034744086155,,False,-1,False,0.76,0.0
independent,0.5,20,sp_ucb_st2,t3,1,0.5,242.00550333454152,26.44201317434011,0.999,True,5,,0.7,
independent,0.5,20,se_st2,t3,1,0.5,1150.345491913775,228.54410215032925,,True,5,False,0.83,0.004
independent,0.9,20,sp_ucb_st2,known,1,0.9,451.7994687269873,47.536861820904186,0.0,False,-1,,0.72,
independent,0.9,20,se_st2,known,1,0.9,1152.2517372043076,230.45034744086155,,False,-1,False,0.71,0.0
independent,0.9,20,sp_ucb_st2,fit100,1,0.8695991884538721,584.3104130719911,91.60109334418945,0.0,False,-1,,0.7,
independent,0.9,20,se_st2,fit100,1,0.8695991884538721,1152.2517372043076,230.45034744086155,,False,-1,False,0.76,0.0
independent,0.9,20,sp_ucb_st2,fit365,1,0.8841338071487724,427.7223581063631,39.62552486344166,0.0,False,-1,,0.73,
independent,0.9,20,se_st2,fit365,1,0.8841338071487724,1152.2517372043076,230.45034744086155,,False,-1,False,0.71,0.0
independent,0.9,20,sp_ucb_st2,fit100_cons,1,0.9023010423891117,476.05512170510826,143.23426764205496,0.0,False,-1,,0.71,
independent,0.9,20,se_st2,fit100_cons,1,0.9023010423891117,1152.2517372043076,230.45034744086155,,False,-1,False,0.77,0.0
independent,0.9,20,sp_ucb_st2,phi_bias,1,0.85,523.473032217599,46.08892968402095,0.0,False,-1,,0.73,
independent,0.9,20,se_st2,phi_bias,1,0.85,1152.2517372043076,230.45034744086155,,False,-1,False,0.77,0.0
independent,0.9,20,sp_ucb_st2,t3,1,0.9,148.52229672172948,25.99315327628951,0.0,False,-1,,0.74,
independent,0.9,20,se_st2,t3,1,0.9,1152.2517372043073,230.45034744086155,,False,-1,False,0.73,0.0
independent,0.97,20,sp_ucb_st2,known,1,0.97,777.9511980617028,29.54226234856489,0.0,False,-1,,0.7,
independent,0.97,20,se_st2,known,1,0.97,1152.2517372043076,230.45034744086155,,False,-1,False,0.77,0.0
independent,0.97,20,sp_ucb_st2,fit100,1,0.9505770861846649,515.6015862171234,189.01739953621154,0.0,False,-1,,0.69,
independent,0.97,20,se_st2,fit100,1,0.9505770861846649,1152.2517372043076,230.45034744086155,,False,-1,False,0.75,0.0
independent,0.97,20,sp_ucb_st2,fit365,1,0.9554767029305694,824.6218671864419,186.34956123872297,0.0,False,-1,,0.7,
independent,0.97,20,se_st2,fit365,1,0.9554767029305694,1152.2517372043076,230.45034744086155,,False,-1,False,0.75,0.0
independent,0.97,20,sp_ucb_st2,fit100_cons,1,0.9777811019795546,947.2559762145379,106.88338398733686,0.0,False,-1,,0.7,
independent,0.97,20,se_st2,fit100_cons,1,0.9777811019795546,1152.2517372043076,230.45034744086155,,False,-1,False,0.78,0.0
independent,0.97,20,sp_ucb_st2,phi_bias,1,0.9199999999999999,845.2554212046317,116.52655158525903,0.0,False,-1,,0.73,
independent,0.97,20,se_st2,phi_bias,1,0.9199999999999999,1152.2517372043076,230.45034744086155,,False,-1,False,0.76,0.0
independent,0.97,20,sp_ucb_st2,t3,1,0.97,327.8800825006094,44.42684024098771,0.0,False,-1,,0.74,
independent,0.97,20,se_st2,t3,1,0.97,1276.1320983880191,255.34729963159947,,False,-1,True,0.76,0.0
independent,,20,sp_ucb_st2,ar7_as_ar1,1,0.7278878067995138,511.9459223724336,117.6472808919263,0.0,False,-1,,0.7,
independent,,20,se_st2,ar7_as_ar1,1,0.7278878067995138,64.20629318191064,10.921045751842218,,True,159,True,0.74,0.9682
independent,0.5,21,sp_ucb_st2,known,1,0.5,346.5276755529638,50.28194311019789,0.0,False,-1,,0.72,
independent,0.5,21,se_st2,known,1,0.5,1227.3297893420456,245.4659578684091,,False,-1,False,0.72,0.0
independent,0.5,21,sp_ucb_st2,fit100,1,0.40039616270862294,348.7006075202447,58.26001435708582,0.0,False,-1,,0.71,
independent,0.5,21,se_st2,fit100,1,0.40039616270862294,1227.3297893420456,245.4659578684091,,False,-1,False,0.76,0.0
independent,0.5,21,sp_ucb_st2,fit365,1,0.49079718182454946,255.1170097485722,27.464624245802923,0.0,False,-1,,0.73,
independent,0.5,21,se_st2,fit365,1,0.49079718182454946,1227.3297893420456,245.4659578684091,,False,-1,False,0.73,0.0
independent,0.5,21,sp_ucb_st2,fit100_cons,1,0.5173374456903088,358.4473576845161,90.10362385627263,0.0,False,-1,,0.72,
independent,0.5,21,se_st2,fit100_cons,1,0.5173374456903088,1227.3297893420456,245.4659578684091,,False,-1,False,0.74,0.0
independent,0.5,21,sp_ucb_st2,phi_bias,1,0.45,366.5860015119049,11.420892458265001,0.0,False,-1,,0.7,
independent,0.5,21,se_st2,phi_bias,1,0.45,1227.3297893420456,245.4659578684091,,False,-1,False,0.75,0.0
independent,0.5,21,sp_ucb_st2,t3,1,0.5,363.7765140204,68.66449598218388,0.0,False,-1,,0.73,
independent,0.5,21,se_st2,t3,1,0.5,1227.3297893420456,245.4659578684091,,False,-1,False,0.78,0.0
independent,0.9,21,sp_ucb_st2,known,1,0.9,580.4810141621215,40.79950533457681,0.0,False,-1,,0.68,
independent,0.9,21,se_st2,known,1,0.9,1227.3297893420456,245.4659578684091,,False,-1,False,0.71,0.0
independent,0.9,21,sp_ucb_st2,fit100,1,0.8682616981261165,745.3369072615508,73.04588488757136,0.0,False,-1,,0.74,
independent,0.9,21,se_st2,fit100,1,0.8682616981261165,1227.3297893420456,245.4659578684091,,False,-1,False,0.75,0.0
independent,0.9,21,sp_ucb_st2,fit365,1,0.8922965479547987,607.8176451754942,42.72036586753123,0.0,False,-1,,0.7,
independent,0.9,21,se_st2,fit365,1,0.8922965479547987,1227.3297893420456,245.4659578684091,,False,-1,False,0.77,0.0
independent,0.9,21,sp_ucb_st2,fit100_cons,1,0.9103754650428594,625.4152986823821,55.75438544777219,0.0,False,-1,,0.77,
independent,0.9,21,se_st2,fit100_cons,1,0.9103754650428594,1227.3297893420456,245.4659578684091,,False,-1,False,0.78,0.0
independent,0.9,21,sp_ucb_st2,phi_bias,1,0.85,190.527063065576,47.18730256612251,0.0,False,-1,,0.67,
independent,0.9,21,se_st2,phi_bias,1,0.85,1227.0824298102214,245.21859833658488,,False,-1,False,0.79,0.0
independent,0.9,21,sp_ucb_st2,t3,1,0.9,458.36188375809706,48.69364065827489,0.8536,True,732,,0.78,
independent,0.9,21,se_st2,t3,1,0.9,1227.3297893420456,245.4659578684091,,False,-1,False,0.76,0.0
independent,0.97,21,sp_ucb_st2,known,1,0.97,823.2830748046517,261.05490422096864,0.0,False,-1,,0.72,
independent,0.97,21,se_st2,known,1,0.97,1227.3297893420456,245.4659578684091,,False,-1,False,0.81,0.0
independent,0.97,21,sp_ucb_st2,fit100,1,0.9285960668698673,897.7981958044128,72.66747977751307,0.0,False,-1,,0.72,
independent,0.97,21,se_st2,fit100,1,0.9285960668698673,1227.3297893420456,245.4659578684091,,False,-1,False,0.77,0.0
independent,0.97,21,sp_ucb_st2,fit365,1,0.9576661247750476,1031.9416154401497,253.68498829588495,0.0,False,-1,,0.71,
independent,0.97,21,se_st2,fit365,1,0.9576661247750476,1227.3297893420456,245.4659578684091,,False,-1,False,0.72,0.0
independent,0.97,21,sp_ucb_st2,fit100_cons,1,0.9550412519756377,478.93458560503643,186.66106756704187,0.0,False,-1,,0.69,
independent,0.97,21,se_st2,fit100_cons,1,0.9550412519756377,1227.3297893420456,245.4659578684091,,False,-1,False,0.73,0.0
independent,0.97,21,sp_ucb_st2,phi_bias,1,0.9199999999999999,972.094859059321,253.14405522907884,0.0,False,-1,,0.68,
independent,0.97,21,se_st2,phi_bias,1,0.9199999999999999,1185.1131944685176,232.0174944480339,,False,-1,False,0.71,0.0
independent,0.97,21,sp_ucb_st2,t3,1,0.97,1024.2114314382245,129.6386260465871,0.0,False,-1,,0.75,
independent,0.97,21,se_st2,t3,1,0.97,1227.3297893420456,245.4659578684091,,False,-1,False,0.74,0.0
independent,,21,sp_ucb_st2,ar7_as_ar1,1,0.7334527709789793,765.8415973402842,63.19588783257218,0.0,False,-1,,0.75,
independent,,21,se_st2,ar7_as_ar1,1,0.7334527709789793,517.8577071688045,27.29398721242854,,True,47,True,0.79,0.9906
independent,0.5,22,sp_ucb_st2,known,1,0.5,481.8187550771453,118.93620758835348,0.0,False,-1,,0.69,
independent,0.5,22,se_st2,known,1,0.5,1148.1496117489078,229.62992234978148,,False,-1,False,0.74,0.0
independent,0.5,22,sp_ucb_st2,fit100,1,0.42441930326694943,301.5278033571296,9.775977186481548,0.0,False,-1,,0.69,
independent,0.5,22,se_st2,fit100,1,0.42441930326694943,1148.1496117489078,229.62992234978148,,False,-1,False,0.72,0.0
independent,0.5,22,sp_ucb_st2,fit365,1,0.48280026656573627,427.7488504131971,24.27934081986136,0.0,False,-1,,0.73,
independent,0.5,22,se_st2,fit365,1,0.48280026656573627,1148.1496117489078,229.62992234978148,,False,-1,False,0.73,0.0
independent,0.5,22,sp_ucb_st2,fit100_cons,1,0.5064662065008028,453.4858396042681,82.97653365087797,0.0,False,-1,,0.74,
independent,0.5,22,se_st2,fit100_cons,1,0.5064662065008028,1148.1496117489078,229.62992234978148,,False,-1,False,0.75,0.0
independent,0.5,22,sp_ucb_st2,phi_bias,1,0.45,385.90603995167544,17.388741610450502,0.0,False,-1,,0.7,
independent,0.5,22,se_st2,phi_bias,1,0.45,1148.1496117489078,229.62992234978148,,False,-1,False,0.75,0.0
independent,0.5,22,sp_ucb_st2,t3,1,0.5,318.24273409781335,38.92155290442888,0.0,False,-1,,0.7,
independent,0.5,22,se_st2,t3,1,0.5,1148.1496117489075,229.6299223497815,,False,-1,False,0.75,0.0
independent,0.9,22,sp_ucb_st2,known,1,0.9,543.3074020223523,16.530959428804433,0.0,False,-1,,0.75,
independent,0.9,22,se_st2,known,1,0.9,1148.1496117489078,229.62992234978148,,False,-1,False,0.8,0.0
independent,0.9,22,sp_ucb_st2,fit100,1,0.8631928472263912,317.9271750327881,32.62584575955758,0.0,False,-1,,0.69,
independent,0.9,22,se_st2,fit100,1,0.8631928472263912,1148.1496117489078,229.62992234978148,,False,-1,False,0.75,0.0
independent,0.9,22,sp_ucb_st2,fit365,1,0.8940069596644908,299.55905542725634,23.86713882977188,0.0,False,-1,,0.66,
independent,0.9,22,se_st2,fit365,1,0.8940069596644908,1148.1496117489078,229.62992234978148,,False,-1,False,0.72,0.0
independent,0.9,22,sp_ucb_st2,fit100_cons,1,0.8965454107383094,586.111249783902,132.08472583773042,0.0,False,-1,,0.74,
independent,0.9,22,se_st2,fit100_cons,1,0.8965454107383094,1148.1496117489078,229.62992234978148,,False,-1,False,0.75,0.0
independent,0.9,22,sp_ucb_st2,phi_bias,1,0.85,501.5236032686108,71.64059063535045,0.0,False,-1,,0.68,
independent,0.9,22,se_st2,phi_bias,1,0.85,1148.1496117489078,229.62992234978148,,False,-1,False,0.76,0.0
independent,0.9,22,sp_ucb_st2,t3,1,0.9,427.4730976896901,35.07874935800935,0.0,False,-1,,0.7,
independent,0.9,22,se_st2,t3,1,0.9,1126.547959362609,222.2933056462944,,False,-1,False,0.7,0.0
independent,0.97,22,sp_ucb_st2,known,1,0.97,735.0802808429781,15.03422846342324,0.0,False,-1,,0.71,
independent,0.97,22,se_st2,known,1,0.97,1148.1496117489078,229.62992234978148,,False,-1,False,0.75,0.0
independent,0.97,22,sp_ucb_st2,fit100,1,0.9285041402154276,885.9631788045212,62.44575812869263,0.0,False,-1,,0.66,
independent,0.97,22,se_st2,fit100,1,0.9285041402154276,1148.1496117489078,229.62992234978148,,True,57,False,0.77,0.0138
independent,0.97,22,sp_ucb_st2,fit365,1,0.9637374422281477,1050.8174219465002,196.58744546252984,0.0,False,-1,,0.68,
independent,0.97,22,se_st2,fit365,1,0.9637374422281477,1148.1496117489078,229.62992234978148,,False,-1,False,0.76,0.0
independent,0.97,22,sp_ucb_st2,fit100_cons,1,0.9480948652597423,851.212106665983,13.285454568114586,0.0,False,-1,,0.71,
independent,0.97,22,se_st2,fit100_cons,1,0.9480948652597423,1148.1496117489078,229.62992234978148,,True,157,False,0.75,0.0056
independent,0.97,22,sp_ucb_st2,phi_bias,1,0.9199999999999999,1002.1586947684237,123.82927745218373,0.0,False,-1,,0.72,
independent,0.97,22,se_st2,phi_bias,1,0.9199999999999999,1148.1496117489078,229.62992234978148,,True,2674,False,0.79,0.028
independent,0.97,22,sp_ucb_st2,t3,1,0.97,732.9413312121402,128.8370891435098,0.0,False,-1,,0.71,
independent,0.97,22,se_st2,t3,1,0.97,1148.1496117489075,229.6299223497815,,False,-1,False,0.76,0.0
independent,,22,sp_ucb_st2,ar7_as_ar1,1,0.7803835048989556,1364.0333464227015,313.24715814004355,0.0,False,-1,,0.72,
independent,,22,se_st2,ar7_as_ar1,1,0.7803835048989556,1108.8057130815891,221.64177757626373,,True,57,False,0.79,0.9728
independent,0.5,23,sp_ucb_st2,known,1,0.5,293.1732224540877,23.027719072832852,0.0,False,-1,,0.74,
independent,0.5,23,se_st2,known,1,0.5,1130.8502461900543,226.17004923801088,,False,-1,False,0.75,0.0
independent,0.5,23,sp_ucb_st2,fit100,1,0.4217289191054354,277.145843067534,36.005768100924115,0.0,False,-1,,0.72,
independent,0.5,23,se_st2,fit100,1,0.4217289191054354,1130.8502461900543,226.17004923801088,,False,-1,False,0.77,0.0
independent,0.5,23,sp_ucb_st2,fit365,1,0.4431789625946442,324.72863280240296,45.96000832462218,0.0,False,-1,,0.73,
independent,0.5,23,se_st2,fit365,1,0.4431789625946442,1130.8502461900543,226.17004923801088,,False,-1,False,0.75,0.0
independent,0.5,23,sp_ucb_st2,fit100_cons,1,0.5365582341943365,333.53172794630245,35.24787975314247,0.0,False,-1,,0.72,
independent,0.5,23,se_st2,fit100_cons,1,0.5365582341943365,1130.8502461900543,226.17004923801088,,False,-1,False,0.79,0.0
independent,0.5,23,sp_ucb_st2,phi_bias,1,0.45,267.9685666933408,25.500647585113942,0.0,False,-1,,0.69,
independent,0.5,23,se_st2,phi_bias,1,0.45,1130.8502461900543,226.17004923801088,,False,-1,False,0.74,0.0
independent,0.5,23,sp_ucb_st2,t3,1,0.5,357.16208104247846,33.67092939197319,0.0,False,-1,,0.73,
independent,0.5,23,se_st2,t3,1,0.5,1130.8502461900546,226.1700492380109,,False,-1,False,0.79,0.0
independent,0.9,23,sp_ucb_st2,known,1,0.9,653.5372716761453,263.10400720045016,0.0,False,-1,,0.69,
independent,0.9,23,se_st2,known,1,0.9,1130.8502461900543,226.17004923801088,,False,-1,False,0.74,0.0
independent,0.9,23,sp_ucb_st2,fit100,1,0.8480748495891094,433.16481602864525,20.91197778788481,0.0,False,-1,,0.72,
independent,0.9,23,se_st2,fit100,1,0.8480748495891094,1130.8502461900543,226.17004923801088,,False,-1,False,0.77,0.0
independent,0.9,23,sp_ucb_st2,fit365,1,0.8760038075109996,464.91390991778144,59.060376822397885,0.0,False,-1,,0.73,
independent,0.9,23,se_st2,fit365,1,0.8760038075109996,1130.8502461900543,226.17004923801088,,False,-1,False,0.76,0.0
independent,0.9,23,sp_ucb_st2,fit100_cons,1,0.8792240231795188,323.5773407339418,34.24992818887188,0.0,False,-1,,0.72,
independent,0.9,23,se_st2,fit100_cons,1,0.8792240231795188,1130.8502461900543,226.17004923801088,,False,-1,False,0.78,0.0
independent,0.9,23,sp_ucb_st2,phi_bias,1,0.85,448.8738480011409,46.80066076135779,0.0,False,-1,,0.66,
independent,0.9,23,se_st2,phi_bias,1,0.85,1126.3336643530386,221.653467400995,,False,-1,False,0.73,0.0
independent,0.9,23,sp_ucb_st2,t3,1,0.9,599.7151995046031,28.792584703897454,0.0,False,-1,,0.72,
independent,0.9,23,se_st2,t3,1,0.9,1130.8502461900546,226.1700492380109,,False,-1,False,0.76,0.0
independent,0.97,23,sp_ucb_st2,known,1,0.97,406.8882416794468,28.410337541317254,0.0,False,-1,,0.7,
independent,0.97,23,se_st2,known,1,0.97,1130.8502461900543,226.17004923801088,,False,-1,False,0.75,0.0
independent,0.97,23,sp_ucb_st2,fit100,1,0.9199900858506991,481.17102251148873,19.297587380658772,0.0,False,-1,,0.76,
independent,0.97,23,se_st2,fit100,1,0.9199900858506991,1130.8502461900543,226.17004923801088,,False,-1,False,0.78,0.0
independent,0.97,23,sp_ucb_st2,fit365,1,0.955291386746107,461.69063845852645,50.32133366070326,0.0,False,-1,,0.69,
independent,0.97,23,se_st2,fit365,1,0.955291386746107,1130.8502461900543,226.17004923801088,,False,-1,False,0.73,0.0
independent,0.97,23,sp_ucb_st2,fit100_cons,1,0.9454676908213395,1048.1897879752858,231.0507657571359,0.0,False,-1,,0.66,
independent,0.97,23,se_st2,fit100_cons,1,0.9454676908213395,1130.8502461900543,226.17004923801088,,False,-1,False,0.71,0.0
independent,0.97,23,sp_ucb_st2,phi_bias,1,0.9199999999999999,310.6707084369989,54.10505614735267,0.0,False,-1,,0.7,
independent,0.97,23,se_st2,phi_bias,1,0.9199999999999999,1109.7493723094758,213.74848165396446,,False,-1,False,0.73,0.0
independent,0.97,23,sp_ucb_st2,t3,1,0.97,684.4156095164811,103.3926236017684,0.0,False,-1,,0.75,
independent,0.97,23,se_st2,t3,1,0.97,1130.8502461900546,226.1700492380109,,False,-1,False,0.79,0.0
independent,,23,sp_ucb_st2,ar7_as_ar1,1,0.7148626566112204,705.0619578795908,34.85556581871376,0.0,False,-1,,0.75,
independent,,23,se_st2,ar7_as_ar1,1,0.7148626566112204,912.9506618528849,135.59666332087977,,True,380,False,0.82,0.924
independent,0.5,24,sp_ucb_st2,known,1,0.5,391.82498067642814,41.04206037526102,0.0,False,-1,,0.67,
independent,0.5,24,se_st2,known,1,0.5,1206.9548200357349,241.39096400714703,,False,-1,False,0.76,0.0
independent,0.5,24,sp_ucb_st2,fit100,1,0.4950026327090977,346.7362992032015,38.38279563076774,0.0,False,-1,,0.69,
independent,0.5,24,se_st2,fit100,1,0.4950026327090977,1206.9548200357349,241.39096400714703,,False,-1,False,0.77,0.0
independent,0.5,24,sp_ucb_st2,fit365,1,0.4886720220539709,357.31539397362667,13.26125994764515,0.0,False,-1,,0.73,
independent,0.5,24,se_st2,fit365,1,0.4886720220539709,1206.9548200357349,241.39096400714703,,False,-1,False,0.73,0.0
independent,0.5,24,sp_ucb_st2,fit100_cons,1,0.5474648566877085,401.82170657834126,20.38591137977853,0.0,False,-1,,0.71,
independent,0.5,24,se_st2,fit100_cons,1,0.5474648566877085,1206.9548200357349,241.39096400714703,,False,-1,False,0.76,0.0
independent,0.5,24,sp_ucb_st2,phi_bias,1,0.45,380.82893491217067,48.29847923275,0.0,False,-1,,0.71,
independent,0.5,24,se_st2,phi_bias,1,0.45,1206.9548200357349,241.39096400714703,,False,-1,False,0.74,0.0
independent,0.5,24,sp_ucb_st2,t3,1,0.5,285.856916906061,0.0,0.0,False,-1,,0.69,
independent,0.5,24,se_st2,t3,1,0.5,1205.243993098866,239.68013707027808,,False,-1,False,0.78,0.0
independent,0.9,24,sp_ucb_st2,known,1,0.9,580.2488539883542,90.29958502003635,0.0,False,-1,,0.73,
independent,0.9,24,se_st2,known,1,0.9,1206.9548200357349,241.39096400714703,,False,-1,False,0.72,0.0
independent,0.9,24,sp_ucb_st2,fit100,1,0.8694455376498632,578.9252517547499,93.20723595269843,0.0,False,-1,,0.71,
independent,0.9,24,se_st2,fit100,1,0.8694455376498632,1206.9548200357349,241.39096400714703,,False,-1,False,0.74,0.0
independent,0.9,24,sp_ucb_st2,fit365,1,0.8865827596788499,521.9684589875361,112.91183926839612,0.0,False,-1,,0.7,
independent,0.9,24,se_st2,fit365,1,0.8865827596788499,1206.9548200357349,241.39096400714703,,False,-1,False,0.76,0.0
independent,0.9,24,sp_ucb_st2,fit100_cons,1,0.8929109784607141,885.9636985692957,125.92226933888635,0.0,False,-1,,0.72,
independent,0.9,24,se_st2,fit100_cons,1,0.8929109784607141,1206.9548200357349,241.39096400714703,,False,-1,False,0.74,0.0
independent,0.9,24,sp_ucb_st2,phi_bias,1,0.85,819.9753706037952,152.9236864898051,0.0,False,-1,,0.73,
independent,0.9,24,se_st2,phi_bias,1,0.85,1206.9548200357349,241.39096400714703,,False,-1,False,0.78,0.0
independent,0.9,24,sp_ucb_st2,t3,1,0.9,240.55818390468465,0.0,0.0,False,-1,,0.76,
independent,0.9,24,se_st2,t3,1,0.9,1179.6583361018502,228.37868010475069,,False,-1,False,0.77,0.0
independent,0.97,24,sp_ucb_st2,known,1,0.97,780.4837072770771,171.05193898506207,0.0,False,-1,,0.72,
independent,0.97,24,se_st2,known,1,0.97,1206.9548200357349,241.39096400714703,,False,-1,False,0.76,0.0
independent,0.97,24,sp_ucb_st2,fit100,1,0.9393163964996855,364.89323357901844,54.75726826054768,0.0,False,-1,,0.72,
independent,0.97,24,se_st2,fit100,1,0.9393163964996855,1206.9548200357349,241.39096400714703,,False,-1,False,0.74,0.0
independent,0.97,24,sp_ucb_st2,fit365,1,0.9584938991056824,950.7448948610437,230.46841911873355,0.0,False,-1,,0.69,
independent,0.97,24,se_st2,fit365,1,0.9584938991056824,1206.9548200357349,241.39096400714703,,False,-1,False,0.75,0.0
independent,0.97,24,sp_ucb_st2,fit100_cons,1,0.9581530053677283,610.3212357737444,66.6232218013543,0.0,False,-1,,0.7,
independent,0.97,24,se_st2,fit100_cons,1,0.9581530053677283,1206.9548200357349,241.39096400714703,,False,-1,False,0.74,0.0
independent,0.97,24,sp_ucb_st2,phi_bias,1,0.9199999999999999,395.6904657867261,101.33502038589744,0.0,False,-1,,0.72,
independent,0.97,24,se_st2,phi_bias,1,0.9199999999999999,1206.9548200357349,241.39096400714703,,False,-1,False,0.75,0.0
independent,0.97,24,sp_ucb_st2,t3,1,0.97,447.4576366491302,0.152732216269875,0.0,False,-1,,0.73,
independent,0.97,24,se_st2,t3,1,0.97,1206.9548200357349,241.390964007147,,False,-1,False,0.8,0.0
independent,,24,sp_ucb_st2,ar7_as_ar1,1,0.7428285935423886,671.2869485942944,66.4779467252261,0.0,False,-1,,0.72,
independent,,24,se_st2,ar7_as_ar1,1,0.7428285935423886,907.2883675378955,132.1088200331663,,True,385,False,0.77,0.923
independent,0.5,25,sp_ucb_st2,known,1,0.5,341.0797366303914,48.62015702998143,0.0,False,-1,,0.75,
independent,0.5,25,se_st2,known,1,0.5,1216.8952992607192,243.3790598521438,,False,-1,False,0.79,0.0
independent,0.5,25,sp_ucb_st2,fit100,1,0.40097873601640366,373.2422998105516,41.50576893483736,0.0,False,-1,,0.71,
independent,0.5,25,se_st2,fit100,1,0.40097873601640366,1216.8952992607192,243.3790598521438,,False,-1,False,0.75,0.0
independent,0.5,25,sp_ucb_st2,fit365,1,0.4959875774907316,515.0000667875813,42.25543266299903,0.0,False,-1,,0.72,
independent,0.5,25,se_st2,fit365,1,0.4959875774907316,1216.8952992607192,243.3790598521438,,False,-1,False,0.78,0.0
independent,0.5,25,sp_ucb_st2,fit100_cons,1,0.4765714699136539,577.8487725049594,93.08650140880127,0.0,False,-1,,0.73,
independent,0.5,25,se_st2,fit100_cons,1,0.4765714699136539,1216.8952992607192,243.3790598521438,,False,-1,False,0.74,0.0
independent,0.5,25,sp_ucb_st2,phi_bias,1,0.45,469.298154261288,48.16355081108049,0.0,False,-1,,0.72,
independent,0.5,25,se_st2,phi_bias,1,0.45,1216.8952992607192,243.3790598521438,,False,-1,False,0.75,0.0
independent,0.5,25,sp_ucb_st2,t3,1,0.5,486.0468657832481,57.37023311631674,0.0,False,-1,,0.73,
independent,0.5,25,se_st2,t3,1,0.5,1216.8952992607192,243.37905985214383,,False,-1,False,0.79,0.0
independent,0.9,25,sp_ucb_st2,known,1,0.9,653.4613192297869,127.343728813562,0.0,False,-1,,0.71,
independent,0.9,25,se_st2,known,1,0.9,1216.8952992607192,243.3790598521438,,False,-1,False,0.76,0.0
independent,0.9,25,sp_ucb_st2,fit100,1,0.8531094700296674,386.6896227123732,44.63721977286032,0.0,False,-1,,0.73,
independent,0.9,25,se_st2,fit100,1,0.8531094700296674,1216.8952992607192,243.3790598521438,,False,-1,False,0.72,0.0
independent,0.9,25,sp_ucb_st2,fit365,1,0.8955665516261923,642.8702041328384,151.21751331574683,0.0,False,-1,,0.69,
independent,0.9,25,se_st2,fit365,1,0.8955665516261923,1216.8952992607192,243.3790598521438,,False,-1,False,0.78,0.0
independent,0.9,25,sp_ucb_st2,fit100_cons,1,0.8840103982001993,824.4479798562953,74.42570490849305,0.0,False,-1,,0.71,
independent,0.9,25,se_st2,fit100_cons,1,0.8840103982001993,1216.8952992607192,243.3790598521438,,False,-1,False,0.74,0.0
independent,0.9,25,sp_ucb_st2,phi_bias,1,0.85,821.9953221751598,208.1557413909384,0.0,False,-1,,0.71,
independent,0.9,25,se_st2,phi_bias,1,0.85,1216.8952992607192,243.3790598521438,,False,-1,False,0.71,0.0
independent,0.9,25,sp_ucb_st2,t3,1,0.9,691.4186615664282,138.2161828248125,0.0,False,-1,,0.71,
independent,0.9,25,se_st2,t3,1,0.9,1216.8952992607192,243.37905985214383,,False,-1,False,0.77,0.0
independent,0.97,25,sp_ucb_st2,known,1,0.97,817.1737881393037,198.7934802964748,0.0,False,-1,,0.73,
independent,0.97,25,se_st2,known,1,0.97,1216.8952992607192,243.3790598521438,,False,-1,False,0.78,0.0
independent,0.97,25,sp_ucb_st2,fit100,1,0.9318424564491707,745.0925483611722,103.96068177197981,0.0,False,-1,,0.72,
independent,0.97,25,se_st2,fit100,1,0.9318424564491707,1216.8952992607192,243.3790598521438,,True,772,False,0.76,0.0266
independent,0.97,25,sp_ucb_st2,fit365,1,0.9641200344588063,559.7385240524361,15.127662446723715,0.0,False,-1,,0.71,
independent,0.97,25,se_st2,fit365,1,0.9641200344588063,1216.8952992607192,243.3790598521438,,False,-1,False,0.76,0.0
independent,0.97,25,sp_ucb_st2,fit100_cons,1,0.9526454769260508,381.0056482916324,36.98735640305229,0.0,False,-1,,0.7,
independent,0.97,25,se_st2,fit100_cons,1,0.9526454769260508,1216.8952992607192,243.3790598521438,,True,788,False,0.75,0.0004
independent,0.97,25,sp_ucb_st2,phi_bias,1,0.9199999999999999,790.6515217034422,185.45402801811036,0.0,False,-1,,0.69,
independent,0.97,25,se_st2,phi_bias,1,0.9199999999999999,1216.8952992607192,243.3790598521438,,False,-1,False,0.79,0.0
independent,0.97,25,sp_ucb_st2,t3,1,0.97,1240.5149140585202,286.1946129575175,0.0,False,-1,,0.72,
independent,0.97,25,se_st2,t3,1,0.97,1216.8952992607192,243.37905985214383,,False,-1,False,0.76,0.0
independent,,25,sp_ucb_st2,ar7_as_ar1,1,0.7735242270260858,670.7705450447978,249.138199381788,0.0,False,-1,,0.73,
independent,,25,se_st2,ar7_as_ar1,1,0.7735242270260858,1114.706454799534,211.0552805369643,,True,152,False,0.76,0.9696
independent,0.5,26,sp_ucb_st2,known,1,0.5,315.5144771643835,47.96177457824491,0.0,False,-1,,0.74,
independent,0.5,26,se_st2,known,1,0.5,1191.260146976335,238.252029395267,,False,-1,False,0.76,0.0
independent,0.5,26,sp_ucb_st2,fit100,1,0.47722114274859073,363.4277287309797,70.45063829110654,0.0,False,-1,,0.71,
independent,0.5,26,se_st2,fit100,1,0.47722114274859073,1191.260146976335,238.252029395267,,False,-1,False,0.74,0.0
independent,0.5,26,sp_ucb_st2,fit365,1,0.4914443340519915,313.0371922637357,57.97947281635717,0.0,False,-1,,0.73,
independent,0.5,26,se_st2,fit365,1,0.4914443340519915,1191.260146976335,238.252029395267,,False,-1,False,0.76,0.0
independent,0.5,26,sp_ucb_st2,fit100_cons,1,0.5664694956636549,302.36741886935636,38.848587043344935,0.0,False,-1,,0.71,
independent,0.5,26,se_st2,fit100_cons,1,0.5664694956636549,1191.260146976335,238.252029395267,,False,-1,False,0.79,0.0
independent,0.5,26,sp_ucb_st2,phi_bias,1,0.45,299.4368922377797,68.80021517051775,0.0,False,-1,,0.69,
independent,0.5,26,se_st2,phi_bias,1,0.45,1191.260146976335,238.252029395267,,False,-1,False,0.73,0.0
independent,0.5,26,sp_ucb_st2,t3,1,0.5,253.13773981269594,38.80580516426079,0.0,False,-1,,0.71,
independent,0.5,26,se_st2,t3,1,0.5,1191.2601469763351,238.25202939526702,,False,-1,False,0.73,0.0
independent,0.9,26,sp_ucb_st2,known,1,0.9,414.0390202995565,44.779175527869754,0.0,False,-1,,0.7,
independent,0.9,26,se_st2,known,1,0.9,1191.260146976335,238.252029395267,,False,-1,False,0.74,0.0
independent,0.9,26,sp_ucb_st2,fit100,1,0.8679701360995592,402.7497670179833,62.973663166584615,0.0,False,-1,,0.71,
independent,0.9,26,se_st2,fit100,1,0.8679701360995592,1191.260146976335,238.252029395267,,False,-1,False,0.74,0.0
independent,0.9,26,sp_ucb_st2,fit365,1,0.8871500394366593,442.4445184097512,77.18246892057985,0.0,False,-1,,0.75,
independent,0.9,26,se_st2,fit365,1,0.8871500394366593,1191.260146976335,238.252029395267,,False,-1,False,0.77,0.0
independent,0.9,26,sp_ucb_st2,fit100_cons,1,0.8928106916785836,393.7632101764883,65.26567526966805,0.0,False,-1,,0.72,
independent,0.9,26,se_st2,fit100_cons,1,0.8928106916785836,1191.260146976335,238.252029395267,,False,-1,False,0.73,0.0
independent,0.9,26,sp_ucb_st2,phi_bias,1,0.85,282.5124262409064,49.808824551841155,0.0,False,-1,,0.7,
independent,0.9,26,se_st2,phi_bias,1,0.85,1191.260146976335,238.252029395267,,False,-1,False,0.79,0.0
independent,0.9,26,sp_ucb_st2,t3,1,0.9,322.05389023971236,58.89467177587221,0.0,False,-1,,0.69,
independent,0.9,26,se_st2,t3,1,0.9,1191.2601469763351,238.25202939526702,,False,-1,False,0.74,0.0
independent,0.97,26,sp_ucb_st2,known,1,0.97,536.3775138290939,157.52300648319851,0.0,False,-1,,0.76,
independent,0.97,26,se_st2,known,1,0.97,1191.260146976335,238.252029395267,,False,-1,False,0.74,0.0
independent,0.97,26,sp_ucb_st2,fit100,1,0.9384125690293815,311.71255532014743,48.80186680873581,0.0,False,-1,,0.72,
independent,0.97,26,se_st2,fit100,1,0.9384125690293815,1191.260146976335,238.252029395267,,False,-1,False,0.75,0.0
independent,0.97,26,sp_ucb_st2,fit365,1,0.9585417815102851,308.4079053528039,47.151853291473394,0.0,False,-1,,0.71,
independent,0.97,26,se_st2,fit365,1,0.9585417815102851,1191.260146976335,238.252029395267,,False,-1,False,0.76,0.0
independent,0.97,26,sp_ucb_st2,fit100_cons,1,0.9597973743686432,823.7191952283928,225.11715724281444,0.0,False,-1,,0.7,
independent,0.97,26,se_st2,fit100_cons,1,0.9597973743686432,1191.260146976335,238.252029395267,,False,-1,False,0.73,0.0
independent,0.97,26,sp_ucb_st2,phi_bias,1,0.9199999999999999,593.0888810451431,73.55468214310781,0.0,False,-1,,0.75,
independent,0.97,26,se_st2,phi_bias,1,0.9199999999999999,1186.6864336139483,233.67831603288028,,False,-1,False,0.74,0.0
independent,0.97,26,sp_ucb_st2,t3,1,0.97,203.2713343425197,61.57577182449752,0.0,False,-1,,0.75,
independent,0.97,26,se_st2,t3,1,0.97,1191.2601469763351,238.25202939526702,,False,-1,False,0.8,0.0
independent,,26,sp_ucb_st2,ar7_as_ar1,1,0.7623246274177843,644.450610264009,151.64231930943242,0.0,False,-1,,0.77,
independent,,26,se_st2,ar7_as_ar1,1,0.7623246274177843,553.1332406935782,42.936455254631426,,False,-1,False,0.78,0.0
independent,0.5,27,sp_ucb_st2,known,1,0.5,285.4282378428272,48.42727171248097,0.0,False,-1,,0.74,
independent,0.5,27,se_st2,known,1,0.5,1191.314047635317,238.26280952706338,,False,-1,False,0.8,0.0
independent,0.5,27,sp_ucb_st2,fit100,1,0.5402369547034024,326.35836218355644,1.915183231862637,0.0,False,-1,,0.71,
independent,0.5,27,se_st2,fit100,1,0.5402369547034024,1191.314047635317,238.26280952706338,,False,-1,False,0.75,0.0
independent,0.5,27,sp_ucb_st2,fit365,1,0.49807406426186035,284.5970422006605,22.85033881992329,0.0,False,-1,,0.72,
independent,0.5,27,se_st2,fit365,1,0.49807406426186035,1191.314047635317,238.26280952706338,,False,-1,False,0.78,0.0
independent,0.5,27,sp_ucb_st2,fit100_cons,1,0.6107361396382339,340.74425753634966,28.00337777973331,0.0,False,-1,,0.72,
independent,0.5,27,se_st2,fit100_cons,1,0.6107361396382339,1191.314047635317,238.26280952706338,,False,-1,False,0.85,0.0
independent,0.5,27,sp_ucb_st2,phi_bias,1,0.45,296.9973299388385,5.507697773219205,0.0,False,-1,,0.8,
independent,0.5,27,se_st2,phi_bias,1,0.45,1191.314047635317,238.26280952706338,,False,-1,False,0.84,0.0
independent,0.5,27,sp_ucb_st2,t3,1,0.5,432.380838864251,108.58766514723082,0.0,False,-1,,0.76,
independent,0.5,27,se_st2,t3,1,0.5,1191.314047635317,238.26280952706338,,False,-1,False,0.83,0.0
independent,0.9,27,sp_ucb_st2,known,1,0.9,501.74451237007247,51.627336938533915,0.0,False,-1,,0.76,
independent,0.9,27,se_st2,known,1,0.9,1191.314047635317,238.26280952706338,,False,-1,False,0.86,0.0
independent,0.9,27,sp_ucb_st2,fit100,1,0.8883231134633933,491.6850879552606,55.744471239209446,0.0,False,-1,,0.79,
independent,0.9,27,se_st2,fit100,1,0.8883231134633933,1191.314047635317,238.26280952706338,,False,-1,False,0.84,0.0
independent,0.9,27,sp_ucb_st2,fit365,1,0.8935091898362052,569.0072794437478,102.16931174730968,0.0,False,-1,,0.8,
independent,0.9,27,se_st2,fit365,1,0.8935091898362052,1191.314047635317,238.26280952706338,,False,-1,False,0.77,0.0
independent,0.9,27,sp_ucb_st2,fit100_cons,1,0.9076771181413076,493.537974065249,98.58406944306489,0.0,False,-1,,0.82,
independent,0.9,27,se_st2,fit100_cons,1,0.9076771181413076,1191.314047635317,238.26280952706338,,False,-1,False,0.86,0.0
independent,0.9,27,sp_ucb_st2,phi_bias,1,0.85,605.0008517011908,52.708740486400174,0.0,False,-1,,0.81,
independent,0.9,27,se_st2,phi_bias,1,0.85,1191.314047635317,238.26280952706338,,False,-1,False,0.8,0.0
independent,0.9,27,sp_ucb_st2,t3,1,0.9,527.3346782236046,54.92818612670139,0.0,False,-1,,0.76,
independent,0.9,27,se_st2,t3,1,0.9,1115.6837499484764,193.70409922591307,,False,-1,False,0.84,0.0
independent,0.97,27,sp_ucb_st2,known,1,0.97,586.412554891871,54.611576067928944,0.0,False,-1,,0.75,
independent,0.97,27,se_st2,known,1,0.97,1191.314047635317,238.26280952706338,,False,-1,False,0.81,0.0
independent,0.97,27,sp_ucb_st2,fit100,1,0.9426780515536707,466.3785138604475,98.526442589709,0.0,False,-1,,0.86,
independent,0.97,27,se_st2,fit100,1,0.9426780515536707,1191.314047635317,238.26280952706338,,False,-1,False,0.81,0.0
independent,0.97,27,sp_ucb_st2,fit365,1,0.9636387386069519,707.5831553199778,107.98586619767195,0.0,False,-1,,0.73,
independent,0.97,27,se_st2,fit365,1,0.9636387386069519,1191.314047635317,238.26280952706338,,False,-1,False,0.79,0.0
independent,0.97,27,sp_ucb_st2,fit100_cons,1,0.9543798405161891,1352.7299728431756,271.98481992140717,0.0,False,-1,,0.8,
independent,0.97,27,se_st2,fit100_cons,1,0.9543798405161891,1191.314047635317,238.26280952706338,,False,-1,False,0.79,0.0
independent,0.97,27,sp_ucb_st2,phi_bias,1,0.9199999999999999,638.5082927613936,97.7862502102613,0.0,False,-1,,0.74,
independent,0.97,27,se_st2,phi_bias,1,0.9199999999999999,1188.3089792121905,235.25774110393718,,False,-1,False,0.81,0.0
independent,0.97,27,sp_ucb_st2,t3,1,0.97,639.2338597383739,108.91994940626631,0.0,False,-1,,0.78,
independent,0.97,27,se_st2,t3,1,0.97,1191.314047635317,238.26280952706338,,False,-1,False,0.83,0.0
independent,,27,sp_ucb_st2,ar7_as_ar1,1,0.7814591685197306,545.8705841837395,191.0312672554242,0.0,False,-1,,0.79,
independent,,27,se_st2,ar7_as_ar1,1,0.7814591685197306,1082.1687147472144,154.36579105272588,,True,98,False,0.79,0.0812
independent,0.5,28,sp_ucb_st2,known,1,0.5,315.3430064115773,3.5513506992781956,0.0,False,-1,,0.77,
independent,0.5,28,se_st2,known,1,0.5,1160.55081642212,232.11016328442398,,False,-1,False,0.78,0.0
independent,0.5,28,sp_ucb_st2,fit100,1,0.3777931253166988,354.177156704349,31.795791077085248,0.0,False,-1,,0.75,
independent,0.5,28,se_st2,fit100,1,0.3777931253166988,1160.55081642212,232.11016328442398,,False,-1,False,0.8,0.0
independent,0.5,28,sp_ucb_st2,fit365,1,0.45812138418929516,377.4714656008497,44.458466767500376,0.0,False,-1,,0.78,
independent,0.5,28,se_st2,fit365,1,0.45812138418929516,1160.55081642212,232.11016328442398,,False,-1,False,0.81,0.0
independent,0.5,28,sp_ucb_st2,fit100_cons,1,0.44563766961127216,417.3076481245065,30.445136525993973,0.0,False,-1,,0.73,
independent,0.5,28,se_st2,fit100_cons,1,0.44563766961127216,1160.55081642212,232.11016328442398,,False,-1,False,0.78,0.0
independent,0.5,28,sp_ucb_st2,phi_bias,1,0.45,438.574728637774,67.99553574410989,0.0,False,-1,,0.8,
independent,0.5,28,se_st2,phi_bias,1,0.45,1160.55081642212,232.11016328442398,,False,-1,False,0.85,0.0
independent,0.5,28,sp_ucb_st2,t3,1,0.5,392.70221717071024,47.778126387314465,0.0,False,-1,,0.74,
independent,0.5,28,se_st2,t3,1,0.5,1160.5508164221196,232.110163284424,,False,-1,False,0.84,0.0
independent,0.9,28,sp_ucb_st2,known,1,0.9,602.354683014848,66.55384676753499,0.0,False,-1,,0.75,
independent,0.9,28,se_st2,known,1,0.9,1160.55081642212,232.11016328442398,,False,-1,False,0.84,0.0
independent,0.9,28,sp_ucb_st2,fit100,1,0.8792794480289937,641.0635081776309,15.897365989509694,0.0,False,-1,,0.76,
independent,0.9,28,se_st2,fit100,1,0.8792794480289937,1160.55081642212,232.11016328442398,,False,-1,False,0.79,0.0
independent,0.9,28,sp_ucb_st2,fit365,1,0.8831319798086819,772.7807681823086,40.07349711062316,0.0,False,-1,,0.77,
independent,0.9,28,se_st2,fit365,1,0.8831319798086819,1160.55081642212,232.11016328442398,,False,-1,False,0.78,0.0
independent,0.9,28,sp_ucb_st2,fit100_cons,1,0.9003446104913515,837.3307539446961,98.23919543313224,0.0,False,-1,,0.76,
independent,0.9,28,se_st2,fit100_cons,1,0.9003446104913515,1160.55081642212,232.11016328442398,,False,-1,False,0.77,0.0
independent,0.9,28,sp_ucb_st2,phi_bias,1,0.85,469.34308958367166,16.617061926836403,0.0,False,-1,,0.76,
independent,0.9,28,se_st2,phi_bias,1,0.85,1160.55081642212,232.11016328442398,,False,-1,False,0.8,0.0
independent,0.9,28,sp_ucb_st2,t3,1,0.9,406.46266128911753,118.04566382565193,0.0,False,-1,,0.81,
independent,0.9,28,se_st2,t3,1,0.9,1160.5508164221196,232.110163284424,,False,-1,False,0.78,0.0
independent,0.97,28,sp_ucb_st2,known,1,0.97,928.9670492679085,85.01223558269876,0.0,False,-1,,0.76,
independent,0.97,28,se_st2,known,1,0.97,1160.55081642212,232.11016328442398,,False,-1,False,0.77,0.0
independent,0.97,28,sp_ucb_st2,fit100,1,0.9497503258704266,1238.483810068166,251.17881476688365,0.0,False,-1,,0.77,
independent,0.97,28,se_st2,fit100,1,0.9497503258704266,1160.55081642212,232.11016328442398,,False,-1,False,0.81,0.0
independent,0.97,28,sp_ucb_st2,fit365,1,0.9574002091916753,1242.1653224592537,255.82768299714394,0.0,False,-1,,0.78,
independent,0.97,28,se_st2,fit365,1,0.9574002091916753,1160.55081642212,232.11016328442398,,False,-1,False,0.82,0.0
independent,0.97,28,sp_ucb_st2,fit100_cons,1,0.9593076193344379,946.7119114006251,34.09224793708766,0.0,False,-1,,0.75,
independent,0.97,28,se_st2,fit100_cons,1,0.9593076193344379,1160.55081642212,232.11016328442398,,False,-1,False,0.76,0.0
independent,0.97,28,sp_ucb_st2,phi_bias,1,0.9199999999999999,984.280506673578,145.66610770259337,0.0,False,-1,,0.8,
independent,0.97,28,se_st2,phi_bias,1,0.9199999999999999,1160.55081642212,232.11016328442398,,False,-1,False,0.73,0.0
independent,0.97,28,sp_ucb_st2,t3,1,0.97,355.3801219754481,72.36131985353651,0.0,False,-1,,0.68,
independent,0.97,28,se_st2,t3,1,0.97,1160.5508164221196,232.110163284424,,False,-1,False,0.73,0.0
independent,,28,sp_ucb_st2,ar7_as_ar1,1,0.7550289093217358,1195.4899140993675,274.45135259404543,0.0,False,-1,,0.69,
independent,,28,se_st2,ar7_as_ar1,1,0.7550289093217358,1122.6831589193357,238.51650567592048,,True,164,True,0.78,0.825
independent,0.5,29,sp_ucb_st2,known,1,0.5,467.3001790071815,31.021329463803212,0.0,False,-1,,0.73,
independent,0.5,29,se_st2,known,1,0.5,1210.2262836647283,242.0452567329457,,False,-1,False,0.76,0.0
independent,0.5,29,sp_ucb_st2,fit100,1,0.48539408865071243,549.4102008955339,49.658691276289645,0.0,False,-1,,0.74,
independent,0.5,29,se_st2,fit100,1,0.48539408865071243,1210.2262836647283,242.0452567329457,,False,-1,False,0.72,0.0
independent,0.5,29,sp_ucb_st2,fit365,1,0.4987474729692286,411.24488837752244,35.2623727743146,0.0,False,-1,,0.7,
independent,0.5,29,se_st2,fit365,1,0.4987474729692286,1210.2262836647283,242.0452567329457,,False,-1,False,0.77,0.0
independent,0.5,29,sp_ucb_st2,fit100_cons,1,0.5729850725303621,407.6290520705629,43.08323172931432,0.0,False,-1,,0.68,
independent,0.5,29,se_st2,fit100_cons,1,0.5729850725303621,1210.2262836647283,242.0452567329457,,False,-1,False,0.76,0.0
independent,0.5,29,sp_ucb_st2,phi_bias,1,0.45,385.19277569139786,50.71092173508701,0.0,False,-1,,0.72,
independent,0.5,29,se_st2,phi_bias,1,0.45,1210.2262836647283,242.0452567329457,,False,-1,False,0.8,0.0
independent,0.5,29,sp_ucb_st2,t3,1,0.5,451.3459740286263,142.51630424993436,0.0,False,-1,,0.75,
independent,0.5,29,se_st2,t3,1,0.5,1210.2262836647283,242.04525673294566,,False,-1,False,0.8,0.0
independent,0.9,29,sp_ucb_st2,known,1,0.9,788.2565300355984,53.97211566968544,0.0,False,-1,,0.71,
independent,0.9,29,se_st2,known,1,0.9,1210.2262836647283,242.0452567329457,,False,-1,False,0.73,0.0
independent,0.9,29,sp_ucb_st2,fit100,1,0.8856243627059109,722.9457925425373,92.51735265535031,0.0,False,-1,,0.74,
independent,0.9,29,se_st2,fit100,1,0.8856243627059109,1210.2262836647283,242.0452567329457,,False,-1,False,0.76,0.0
independent,0.9,29,sp_ucb_st2,fit365,1,0.9031154263514267,548.5571612901523,110.84792076540961,0.0,False,-1,,0.7,
independent,0.9,29,se_st2,fit365,1,0.9031154263514267,1210.2262836647283,242.0452567329457,,False,-1,False,0.76,0.0
independent,0.9,29,sp_ucb_st2,fit100_cons,1,0.9037905013807614,760.8954876455966,179.45881326533282,0.0,False,-1,,0.71,
independent,0.9,29,se_st2,fit100_cons,1,0.9037905013807614,1210.2262836647283,242.0452567329457,,False,-1,False,0.75,0.0
independent,0.9,29,sp_ucb_st2,phi_bias,1,0.85,513.8126938976966,50.18222714715366,0.0,False,-1,,0.73,
independent,0.9,29,se_st2,phi_bias,1,0.85,1210.2262836647283,242.0452567329457,,False,-1,False,0.73,0.0
independent,0.9,29,sp_ucb_st2,t3,1,0.9,533.9910791756062,77.16614696287206,0.0,False,-1,,0.71,
independent,0.9,29,se_st2,t3,1,0.9,1210.2262836647283,242.04525673294566,,False,-1,False,0.8,0.0
independent,0.97,29,sp_ucb_st2,known,1,0.97,580.3664635244958,100.3344431136077,0.0,False,-1,,0.69,
independent,0.97,29,se_st2,known,1,0.97,1210.2262836647283,242.0452567329457,,False,-1,False,0.76,0.0
independent,0.97,29,sp_ucb_st2,fit100,1,0.9406498811164448,597.2826596731309,74.61922914262328,0.0,False,-1,,0.7,
independent,0.97,29,se_st2,fit100,1,0.9406498811164448,1210.2262836647283,242.0452567329457,,False,-1,False,0.73,0.0
independent,0.97,29,sp_ucb_st2,fit365,1,0.9669186751629472,577.2198939038412,222.25149576852647,0.0,False,-1,,0.73,
independent,0.97,29,se_st2,fit365,1,0.9669186751629472,1210.2262836647283,242.0452567329457,,False,-1,False,0.72,0.0
independent,0.97,29,sp_ucb_st2,fit100_cons,1,0.9578841416161201,334.61241451380863,53.967121258050604,0.0,False,-1,,0.71,
independent,0.97,29,se_st2,fit100_cons,1,0.9578841416161201,1210.2262836647283,242.0452567329457,,False,-1,False,0.78,0.0
independent,0.97,29,sp_ucb_st2,phi_bias,1,0.9199999999999999,633.4504330682357,43.45894613653884,0.0,False,-1,,0.73,
independent,0.97,29,se_st2,phi_bias,1,0.9199999999999999,1210.2262836647283,242.0452567329457,,False,-1,False,0.75,0.0
independent,0.97,29,sp_ucb_st2,t3,1,0.97,818.496484248399,95.32538288984104,0.0,False,-1,,0.73,
independent,0.97,29,se_st2,t3,1,0.97,1210.2262836647283,242.04525673294566,,False,-1,False,0.73,0.0
independent,,29,sp_ucb_st2,ar7_as_ar1,1,0.7847158281678339,834.2856272610255,72.82537879857486,0.0,False,-1,,0.72,
independent,,29,se_st2,ar7_as_ar1,1,0.7847158281678339,1254.1570539401368,250.94164151025245,,True,206,False,0.72,0.9548
correlated,0.5,0,sp_ucb_st2,known,1,0.5,429.65135485329637,48.65410532342649,0.0,False,-1,,0.72,
correlated,0.5,0,se_st2,known,1,0.5,1143.5444276382075,228.7088855276415,,False,-1,False,0.79,0.0
correlated,0.5,0,sp_ucb_st2,fit100,1,0.4061399637046338,423.30069138053136,60.651005879741646,0.0,False,-1,,0.75,
correlated,0.5,0,se_st2,fit100,1,0.4061399637046338,1143.5444276382075,228.7088855276415,,False,-1,False,0.72,0.0
correlated,0.5,0,sp_ucb_st2,fit365,1,0.45753893659400946,462.1879766333424,40.54419483833223,0.0,False,-1,,0.72,
correlated,0.5,0,se_st2,fit365,1,0.45753893659400946,1143.5444276382075,228.7088855276415,,False,-1,False,0.78,0.0
correlated,0.5,0,sp_ucb_st2,fit100_cons,1,0.47426262031805577,348.36467864598507,30.67738014572015,0.0,False,-1,,0.72,
correlated,0.5,0,se_st2,fit100_cons,1,0.47426262031805577,1143.5444276382075,228.7088855276415,,False,-1,False,0.75,0.0
correlated,0.5,0,sp_ucb_st2,phi_bias,1,0.45,316.46048377191914,45.70507502346016,0.0,False,-1,,0.73,
correlated,0.5,0,se_st2,phi_bias,1,0.45,1143.5444276382075,228.7088855276415,,False,-1,False,0.73,0.0
correlated,0.5,0,sp_ucb_st2,ignore_corr,1,0.5,426.98330628492903,26.858661015015457,0.0,False,-1,,0.7,
correlated,0.5,0,se_st2,ignore_corr,1,0.5,1143.5444276382075,228.7088855276415,,False,-1,False,0.76,0.0
correlated,0.5,0,sp_ucb_st2,t3,1,0.5,347.7879802972364,82.17228535022186,0.0,False,-1,,0.73,
correlated,0.5,0,se_st2,t3,1,0.5,1143.5444276382075,228.70888552764148,,False,-1,False,0.75,0.0
correlated,0.9,0,sp_ucb_st2,known,1,0.9,405.43972033971676,76.993853302497,0.0,False,-1,,0.7,
correlated,0.9,0,se_st2,known,1,0.9,1143.5444276382075,228.7088855276415,,False,-1,False,0.76,0.0
correlated,0.9,0,sp_ucb_st2,fit100,1,0.8539175747310631,611.4794262464573,65.51665337043202,0.0,False,-1,,0.75,
correlated,0.9,0,se_st2,fit100,1,0.8539175747310631,1143.5444276382075,228.7088855276415,,False,-1,False,0.77,0.0
correlated,0.9,0,sp_ucb_st2,fit365,1,0.8960518085321337,647.933896002902,53.518172935784015,0.0,False,-1,,0.74,
correlated,0.9,0,se_st2,fit365,1,0.8960518085321337,1143.5444276382075,228.7088855276415,,False,-1,False,0.74,0.0
correlated,0.9,0,sp_ucb_st2,fit100_cons,1,0.8779413362409891,646.9557701659362,49.559700858624836,0.0,False,-1,,0.7,
correlated,0.9,0,se_st2,fit100_cons,1,0.8779413362409891,1143.5444276382075,228.7088855276415,,False,-1,False,0.72,0.0
correlated,0.9,0,sp_ucb_st2,phi_bias,1,0.85,853.5011028895872,49.384743706577595,0.0,False,-1,,0.69,
correlated,0.9,0,se_st2,phi_bias,1,0.85,1143.5444276382075,228.7088855276415,,False,-1,False,0.73,0.0
correlated,0.9,0,sp_ucb_st2,ignore_corr,1,0.9,830.8273168874772,91.73209589587091,0.0,False,-1,,0.71,
correlated,0.9,0,se_st2,ignore_corr,1,0.9,1143.5444276382075,228.7088855276415,,False,-1,False,0.73,0.0
correlated,0.9,0,sp_ucb_st2,t3,1,0.9,679.4306165595133,81.60678067369695,0.0,False,-1,,0.7,
correlated,0.9,0,se_st2,t3,1,0.9,1143.5444276382075,228.70888552764148,,False,-1,False,0.79,0.0
correlated,0.97,0,sp_ucb_st2,known,1,0.97,852.8302104234349,128.35826164900408,0.0,False,-1,,0.72,
correlated,0.97,0,se_st2,known,1,0.97,1143.5444276382075,228.7088855276415,,False,-1,False,0.73,0.0
correlated,0.97,0,sp_ucb_st2,fit100,1,0.9254035552408635,1056.923127618863,107.44342837644656,0.0,False,-1,,0.69,
correlated,0.97,0,se_st2,fit100,1,0.9254035552408635,1143.5444276382075,228.7088855276415,,False,-1,False,0.77,0.0
correlated,0.97,0,sp_ucb_st2,fit365,1,0.9619033253508192,721.8469541339404,67.13748400963803,0.0,False,-1,,0.74,
correlated,0.97,0,se_st2,fit365,1,0.9619033253508192,1143.5444276382075,228.7088855276415,,False,-1,False,0.8,0.0
correlated,0.97,0,sp_ucb_st2,fit100_cons,1,0.9403708948642645,1188.6922511096948,125.24696318134181,0.0,False,-1,,0.75,
correlated,0.97,0,se_st2,fit100_cons,1,0.9403708948642645,1143.5444276382075,228.7088855276415,,False,-1,False,0.78,0.0
correlated,0.97,0,sp_ucb_st2,phi_bias,1,0.9199999999999999,896.1753644249108,134.97415146691952,0.0,False,-1,,0.71,
correlated,0.97,0,se_st2,phi_bias,1,0.9199999999999999,1143.5444276382075,228.7088855276415,,False,-1,False,0.74,0.0
correlated,0.97,0,sp_ucb_st2,ignore_corr,1,0.97,1088.163057228714,162.4522701156645,0.0,False,-1,,0.71,
correlated,0.97,0,se_st2,ignore_corr,1,0.97,1143.5444276382075,228.7088855276415,,False,-1,False,0.73,0.0
correlated,0.97,0,sp_ucb_st2,t3,1,0.97,915.1021400042522,180.8620557426101,0.0,False,-1,,0.72,
correlated,0.97,0,se_st2,t3,1,0.97,1143.5444276382075,228.70888552764148,,False,-1,False,0.77,0.0
correlated,,0,sp_ucb_st2,ar7_as_ar1,1,0.740129286032002,1164.4494958018302,121.20794352111959,0.0,False,-1,,0.78,
correlated,,0,se_st2,ar7_as_ar1,1,0.740129286032002,1143.5444276382075,228.7088855276415,,False,-1,False,0.76,0.0
correlated,0.5,1,sp_ucb_st2,known,1,0.5,545.6539017696216,169.66946539445973,0.0,False,-1,,0.68,
correlated,0.5,1,se_st2,known,1,0.5,1240.330611073357,248.06612221467142,,False,-1,False,0.73,0.0
correlated,0.5,1,sp_ucb_st2,fit100,1,0.4425279572701923,367.9736337991869,42.911492115255356,0.0,False,-1,,0.69,
correlated,0.5,1,se_st2,fit100,1,0.4425279572701923,1240.330611073357,248.06612221467142,,False,-1,False,0.75,0.0
correlated,0.5,1,sp_ucb_st2,fit365,1,0.47639732701426585,424.8905187409615,37.386328626943786,0.0,False,-1,,0.68,
correlated,0.5,1,se_st2,fit365,1,0.47639732701426585,1240.330611073357,248.06612221467142,,False,-1,False,0.78,0.0
correlated,0.5,1,sp_ucb_st2,fit100_cons,1,0.5099263751306381,520.7181474236013,71.0944058296343,0.0,False,-1,,0.71,
correlated,0.5,1,se_st2,fit100_cons,1,0.5099263751306381,1240.330611073357,248.06612221467142,,False,-1,False,0.78,0.0
correlated,0.5,1,sp_ucb_st2,phi_bias,1,0.45,478.0740812034536,39.83653431117871,0.0,False,-1,,0.73,
correlated,0.5,1,se_st2,phi_bias,1,0.45,1240.330611073357,248.06612221467142,,False,-1,False,0.73,0.0
correlated,0.5,1,sp_ucb_st2,ignore_corr,1,0.5,263.6480764762323,50.23840496641495,0.0,False,-1,,0.77,
correlated,0.5,1,se_st2,ignore_corr,1,0.5,1240.330611073357,248.06612221467142,,False,-1,False,0.73,0.0
correlated,0.5,1,sp_ucb_st2,t3,1,0.5,490.25708455712424,50.541033475897606,0.0,False,-1,,0.73,
correlated,0.5,1,se_st2,t3,1,0.5,1240.330611073357,248.0661222146714,,False,-1,False,0.73,0.0
correlated,0.9,1,sp_ucb_st2,known,1,0.9,828.3640719281755,189.85033172124014,0.0,False,-1,,0.71,
correlated,0.9,1,se_st2,known,1,0.9,1240.330611073357,248.06612221467142,,False,-1,False,0.72,0.0
correlated,0.9,1,sp_ucb_st2,fit100,1,0.8605048105532018,754.7623998182273,53.520510889406694,0.0,False,-1,,0.71,
correlated,0.9,1,se_st2,fit100,1,0.8605048105532018,1240.330611073357,248.06612221467142,,False,-1,False,0.78,0.0
correlated,0.9,1,sp_ucb_st2,fit365,1,0.8894071777230064,797.781622097522,227.72669417620875,0.0,False,-1,,0.7,
correlated,0.9,1,se_st2,fit365,1,0.8894071777230064,1240.330611073357,248.06612221467142,,False,-1,False,0.75,0.0
correlated,0.9,1,sp_ucb_st2,fit100_cons,1,0.8749081193052066,823.9389907127602,70.24955359600719,0.0,False,-1,,0.74,
correlated,0.9,1,se_st2,fit100_cons,1,0.8749081193052066,1240.330611073357,248.06612221467142,,False,-1,False,0.75,0.0
correlated,0.9,1,sp_ucb_st2,phi_bias,1,0.85,610.7794097315648,162.03979053165654,0.0,False,-1,,0.73,
correlated,0.9,1,se_st2,phi_bias,1,0.85,1240.330611073357,248.06612221467142,,False,-1,False,0.74,0.0
correlated,0.9,1,sp_ucb_st2,ignore_corr,1,0.9,736.8270088754073,11.415236115798859,0.0,False,-1,,0.72,
correlated,0.9,1,se_st2,ignore_corr,1,0.9,1240.330611073357,248.06612221467142,,True,13,False,0.76,0.0128
correlated,0.9,1,sp_ucb_st2,t3,1,0.9,746.2647046303787,72.40670008781913,0.0,False,-1,,0.74,
correlated,0.9,1,se_st2,t3,1,0.9,1240.330611073357,248.0661222146714,,False,-1,False,0.71,0.0
correlated,0.97,1,sp_ucb_st2,known,1,0.97,1176.3484493632823,167.81711882029742,0.0,False,-1,,0.71,
correlated,0.97,1,se_st2,known,1,0.97,1240.330611073357,248.06612221467142,,False,-1,False,0.81,0.0
correlated,0.97,1,sp_ucb_st2,fit100,1,0.9315691600800194,1410.4500923180556,326.1664269126525,0.0,False,-1,,0.75,
correlated,0.97,1,se_st2,fit100,1,0.9315691600800194,1240.330611073357,248.06612221467142,,True,7,False,0.85,0.0294
correlated,0.97,1,sp_ucb_st2,fit365,1,0.9625768970069084,1342.8946658663313,310.278161516469,0.0,False,-1,,0.73,
correlated,0.97,1,se_st2,fit365,1,0.9625768970069084,1240.330611073357,248.06612221467142,,False,-1,False,0.76,0.0
correlated,0.97,1,sp_ucb_st2,fit100_cons,1,0.9456200939578036,488.38536388789703,45.386832976708945,0.8764,True,618,,0.81,
correlated,0.97,1,se_st2,fit100_cons,1,0.9456200939578036,1240.330611073357,248.06612221467142,,True,7,False,0.75,0.027
correlated,0.97,1,sp_ucb_st2,phi_bias,1,0.9199999999999999,1111.6030798458423,38.885799652922564,0.0,False,-1,,0.7,
correlated,0.97,1,se_st2,phi_bias,1,0.9199999999999999,1240.330611073357,248.06612221467142,,False,-1,False,0.81,0.0
correlated,0.97,1,sp_ucb_st2,ignore_corr,1,0.97,816.0884834468618,238.20612537559066,0.0,False,-1,,0.73,
correlated,0.97,1,se_st2,ignore_corr,1,0.97,1240.330611073357,248.06612221467142,,True,13,False,0.73,0.0286
correlated,0.97,1,sp_ucb_st2,t3,1,0.97,964.556548121395,96.43712916320663,0.0,False,-1,,0.74,
correlated,0.97,1,se_st2,t3,1,0.97,1240.330611073357,248.0661222146714,,False,-1,False,0.87,0.0
correlated,,1,sp_ucb_st2,ar7_as_ar1,1,0.7941561045287658,1506.7312919427213,362.7697355140724,0.0,False,-1,,0.72,
correlated,,1,se_st2,ar7_as_ar1,1,0.7941561045287658,1240.330611073357,248.06612221467142,,True,13,False,0.82,0.0486
correlated,0.5,2,sp_ucb_st2,known,1,0.5,314.30800038406903,45.297604176356046,0.0,False,-1,,0.75,
correlated,0.5,2,se_st2,known,1,0.5,1158.3949585054145,231.6789917010829,,False,-1,False,0.82,0.0
correlated,0.5,2,sp_ucb_st2,fit100,1,0.37760390730258825,431.1062489029306,30.053069966096448,0.0,False,-1,,0.69,
correlated,0.5,2,se_st2,fit100,1,0.37760390730258825,1158.3949585054145,231.6789917010829,,False,-1,False,0.72,0.0
correlated,0.5,2,sp_ucb_st2,fit365,1,0.4982034572081352,510.36983453612834,36.70810619202926,0.0,False,-1,,0.7,
correlated,0.5,2,se_st2,fit365,1,0.4982034572081352,1158.3949585054145,231.6789917010829,,False,-1,False,0.76,0.0
correlated,0.5,2,sp_ucb_st2,fit100_cons,1,0.4694508756231404,467.1957266703236,31.495453922684845,0.0,False,-1,,0.72,
correlated,0.5,2,se_st2,fit100_cons,1,0.4694508756231404,1158.3949585054145,231.6789917010829,,False,-1,False,0.76,0.0
correlated,0.5,2,sp_ucb_st2,phi_bias,1,0.45,542.3162563119727,58.3721786402203,0.0,False,-1,,0.7,
correlated,0.5,2,se_st2,phi_bias,1,0.45,1158.3949585054145,231.6789917010829,,False,-1,False,0.75,0.0
correlated,0.5,2,sp_ucb_st2,ignore_corr,1,0.5,473.12572616026284,40.88825723208658,0.0,False,-1,,0.72,
correlated,0.5,2,se_st2,ignore_corr,1,0.5,1158.3949585054145,231.6789917010829,,False,-1,False,0.78,0.0
correlated,0.5,2,sp_ucb_st2,t3,1,0.5,588.8803382942056,84.31570415011268,0.0,False,-1,,0.7,
correlated,0.5,2,se_st2,t3,1,0.5,1158.3949585054145,231.6789917010829,,False,-1,False,0.74,0.0
correlated,0.9,2,sp_ucb_st2,known,1,0.9,461.9038228602051,42.89680124020141,0.0,False,-1,,0.68,
correlated,0.9,2,se_st2,known,1,0.9,1158.3949585054145,231.6789917010829,,False,-1,False,0.79,0.0
correlated,0.9,2,sp_ucb_st2,fit100,1,0.8552270898410564,559.1569073879043,46.91438971291547,0.0,False,-1,,0.72,
correlated,0.9,2,se_st2,fit100,1,0.8552270898410564,1158.3949585054145,231.6789917010829,,False,-1,False,0.71,0.0
correlated,0.9,2,sp_ucb_st2,fit365,1,0.9097959094160425,825.4925806817465,120.13221261907066,0.0,False,-1,,0.7,
correlated,0.9,2,se_st2,fit365,1,0.9097959094160425,1158.3949585054145,231.6789917010829,,False,-1,False,0.78,0.0
correlated,0.9,2,sp_ucb_st2,fit100_cons,1,0.8775852311851069,714.9505142529913,87.3650714063087,0.0,False,-1,,0.71,
correlated,0.9,2,se_st2,fit100_cons,1,0.8775852311851069,1158.3949585054145,231.6789917010829,,False,-1,False,0.73,0.0
correlated,0.9,2,sp_ucb_st2,phi_bias,1,0.85,679.925379895179,72.91397886452535,0.0,False,-1,,0.72,
correlated,0.9,2,se_st2,phi_bias,1,0.85,1158.3949585054145,231.6789917010829,,False,-1,False,0.77,0.0
correlated,0.9,2,sp_ucb_st2,ignore_corr,1,0.9,788.5538618186213,34.29072062453436,0.0,False,-1,,0.68,
correlated,0.9,2,se_st2,ignore_corr,1,0.9,1158.3949585054145,231.6789917010829,,False,-1,False,0.81,0.0
correlated,0.9,2,sp_ucb_st2,t3,1,0.9,668.2690817036619,117.47408620849933,0.0,False,-1,,0.68,
correlated,0.9,2,se_st2,t3,1,0.9,1158.3949585054145,231.6789917010829,,False,-1,False,0.79,0.0
correlated,0.97,2,sp_ucb_st2,known,1,0.97,811.7426497293092,112.93560265284964,0.0,False,-1,,0.79,
correlated,0.97,2,se_st2,known,1,0.97,1158.3949585054145,231.6789917010829,,False,-1,False,0.75,0.0
correlated,0.97,2,sp_ucb_st2,fit100,1,0.9394097742592737,791.5128128686879,169.78321743443263,0.0,False,-1,,0.72,
correlated,0.97,2,se_st2,fit100,1,0.9394097742592737,1158.3949585054145,231.6789917010829,,False,-1,False,0.85,0.0
correlated,0.97,2,sp_ucb_st2,fit365,1,0.971635794317151,714.6584838693357,58.21215404448415,0.0,False,-1,,0.71,
correlated,0.97,2,se_st2,fit365,1,0.971635794317151,1158.3949585054145,231.6789917010829,,False,-1,False,0.75,0.0
correlated,0.97,2,sp_ucb_st2,fit100_cons,1,0.9506254455458938,721.3371410162024,43.61387981245264,0.0,False,-1,,0.77,
correlated,0.97,2,se_st2,fit100_cons,1,0.9506254455458938,1158.3949585054145,231.6789917010829,,False,-1,False,0.88,0.0
correlated,0.97,2,sp_ucb_st2,phi_bias,1,0.9199999999999999,650.0463386469344,90.43974390748875,0.0,False,-1,,0.7,
correlated,0.97,2,se_st2,phi_bias,1,0.9199999999999999,1158.3949585054145,231.6789917010829,,False,-1,False,0.77,0.0
correlated,0.97,2,sp_ucb_st2,ignore_corr,1,0.97,913.3837530009268,67.64185394502783,0.0,False,-1,,0.76,
correlated,0.97,2,se_st2,ignore_corr,1,0.97,1057.5958187816136,211.17483856890988,,True,28,False,0.82,0.0038
correlated,0.97,2,sp_ucb_st2,t3,1,0.97,925.0287580897307,233.04115511544057,0.0,False,-1,,0.72,
correlated,0.97,2,se_st2,t3,1,0.97,1158.3949585054145,231.6789917010829,,False,-1,False,0.78,0.0
correlated,,2,sp_ucb_st2,ar7_as_ar1,1,0.8165684531710197,852.51111809294,62.02979260630016,0.0,False,-1,,0.8,
correlated,,2,se_st2,ar7_as_ar1,1,0.8165684531710197,812.9520200884668,159.76660520219048,,True,2029,False,0.99,0.0224
correlated,0.5,3,sp_ucb_st2,known,1,0.5,385.1004428125215,89.2823792966653,0.0,False,-1,,0.81,
correlated,0.5,3,se_st2,known,1,0.5,1143.7630492466697,228.7526098493339,,False,-1,False,0.9,0.0
correlated,0.5,3,sp_ucb_st2,fit100,1,0.5193878454402224,387.89754515770676,61.06269667424385,0.0,False,-1,,0.95,
correlated,0.5,3,se_st2,fit100,1,0.5193878454402224,1143.7630492466697,228.7526098493339,,False,-1,False,0.87,0.0
correlated,0.5,3,sp_ucb_st2,fit365,1,0.5168479136922959,303.89559181482593,46.14100765194411,0.0,False,-1,,0.83,
correlated,0.5,3,se_st2,fit365,1,0.5168479136922959,1143.7630492466697,228.7526098493339,,False,-1,False,0.97,0.0
correlated,0.5,3,sp_ucb_st2,fit100_cons,1,0.6008035964407114,358.77158445082705,64.78308598456613,0.0,False,-1,,0.76,
correlated,0.5,3,se_st2,fit100_cons,1,0.6008035964407114,1143.7630492466697,228.7526098493339,,False,-1,False,0.84,0.0
correlated,0.5,3,sp_ucb_st2,phi_bias,1,0.45,318.7376670544519,66.925837598373,0.0,False,-1,,0.92,
correlated,0.5,3,se_st2,phi_bias,1,0.45,1143.7630492466697,228.7526098493339,,False,-1,False,0.87,0.0
correlated,0.5,3,sp_ucb_st2,ignore_corr,1,0.5,364.1506789788566,34.04431157268106,0.0,False,-1,,0.78,
correlated,0.5,3,se_st2,ignore_corr,1,0.5,1143.7630492466697,228.7526098493339,,False,-1,False,0.87,0.0
correlated,0.5,3,sp_ucb_st2,t3,1,0.5,465.62396091146854,40.88016671726818,0.0,False,-1,,0.89,
correlated,0.5,3,se_st2,t3,1,0.5,1143.7630492466694,228.75260984933388,,False,-1,False,0.82,0.0
correlated,0.9,3,sp_ucb_st2,known,1,0.9,643.2611988467213,127.02966281620321,0.0,False,-1,,0.82,
correlated,0.9,3,se_st2,known,1,0.9,1143.7630492466697,228.7526098493339,,False,-1,False,0.88,0.0
correlated,0.9,3,sp_ucb_st2,fit100,1,0.8827297273201059,537.9456562639424,96.53876208532046,0.0,False,-1,,0.78,
correlated,0.9,3,se_st2,fit100,1,0.8827297273201059,1143.7630492466697,228.7526098493339,,False,-1,False,0.89,0.0
correlated,0.9,3,sp_ucb_st2,fit365,1,0.9040067032913834,684.7427563619035,119.65216328208493,0.0,False,-1,,0.78,
correlated,0.9,3,se_st2,fit365,1,0.9040067032913834,1143.7630492466697,228.7526098493339,,False,-1,False,0.85,0.0
correlated,0.9,3,sp_ucb_st2,fit100_cons,1,0.9120335326546642,763.6630770746438,132.03189230945617,0.0,False,-1,,0.83,
correlated,0.9,3,se_st2,fit100_cons,1,0.9120335326546642,1143.7630492466697,228.7526098493339,,False,-1,False,0.85,0.0
correlated,0.9,3,sp_ucb_st2,phi_bias,1,0.85,620.7596684241764,153.51100277221911,0.0,False,-1,,0.82,
correlated,0.9,3,se_st2,phi_bias,1,0.85,1143.7630492466697,228.7526098493339,,False,-1,False,0.87,0.0
correlated,0.9,3,sp_ucb_st2,ignore_corr,1,0.9,403.5284647045057,74.51051251898937,0.0,False,-1,,0.74,
correlated,0.9,3,se_st2,ignore_corr,1,0.9,1143.7630492466697,228.7526098493339,,False,-1,False,0.83,0.0
correlated,0.9,3,sp_ucb_st2,t3,1,0.9,916.9217542096932,259.2624501123264,0.0,False,-1,,0.82,
correlated,0.9,3,se_st2,t3,1,0.9,1143.7630492466694,228.75260984933388,,False,-1,False,0.83,0.0
correlated,0.97,3,sp_ucb_st2,known,1,0.97,634.1415286096383,177.26549039372983,0.0,False,-1,,0.78,
correlated,0.97,3,se_st2,known,1,0.97,1143.7630492466697,228.7526098493339,,False,-1,False,0.87,0.0
correlated,0.97,3,sp_ucb_st2,fit100,1,0.9381015354721792,736.7801153453972,202.82705719967615,0.0,False,-1,,0.83,
correlated,0.97,3,se_st2,fit100,1,0.9381015354721792,1143.7630492466697,228.7526098493339,,False,-1,False,0.83,0.0
correlated,0.97,3,sp_ucb_st2,fit365,1,0.9657054529910309,915.3964503406942,197.13684461736534,0.0,False,-1,,0.81,
correlated,0.97,3,se_st2,fit365,1,0.9657054529910309,1143.7630492466697,228.7526098493339,,False,-1,False,0.85,0.0
correlated,0.97,3,sp_ucb_st2,fit100_cons,1,0.9522581578804167,946.4113057204087,121.06381292087558,0.0,False,-1,,0.82,
correlated,0.97,3,se_st2,fit100_cons,1,0.9522581578804167,1143.7630492466697,228.7526098493339,,False,-1,False,0.88,0.0
correlated,0.97,3,sp_ucb_st2,phi_bias,1,0.9199999999999999,580.8718371614472,140.17091710999873,0.0,False,-1,,0.83,
correlated,0.97,3,se_st2,phi_bias,1,0.9199999999999999,1143.7630492466697,228.7526098493339,,False,-1,False,0.86,0.0
correlated,0.97,3,sp_ucb_st2,ignore_corr,1,0.97,878.1912767584762,122.37614688576363,0.0,False,-1,,0.79,
correlated,0.97,3,se_st2,ignore_corr,1,0.97,1143.7630492466697,228.7526098493339,,False,-1,False,0.85,0.0
correlated,0.97,3,sp_ucb_st2,t3,1,0.97,646.5522241647317,79.64134351529641,0.0,False,-1,,0.86,
correlated,0.97,3,se_st2,t3,1,0.97,1143.7630492466694,228.75260984933388,,False,-1,False,0.83,0.0
correlated,,3,sp_ucb_st2,ar7_as_ar1,1,0.7727105433839547,404.2601772791965,155.66988241577482,0.0,False,-1,,0.84,
correlated,,3,se_st2,ar7_as_ar1,1,0.7727105433839547,1143.7630492466697,228.7526098493339,,True,90,False,0.85,0.1054
correlated,0.5,4,sp_ucb_st2,known,1,0.5,401.82958194310066,40.962380995150326,0.0,False,-1,,0.79,
correlated,0.5,4,se_st2,known,1,0.5,1205.2120691112846,241.04241382225692,,False,-1,False,0.81,0.0
correlated,0.5,4,sp_ucb_st2,fit100,1,0.42177020893030415,464.07565623638357,88.44575514441726,0.0,False,-1,,0.8,
correlated,0.5,4,se_st2,fit100,1,0.42177020893030415,1205.2120691112846,241.04241382225692,,False,-1,False,0.83,0.0
correlated,0.5,4,sp_ucb_st2,fit365,1,0.50034547135458,463.2383693116709,79.30161093626135,0.0,False,-1,,0.8,
correlated,0.5,4,se_st2,fit365,1,0.50034547135458,1205.2120691112846,241.04241382225692,,False,-1,False,0.84,0.0
correlated,0.5,4,sp_ucb_st2,fit100_cons,1,0.4986872532621782,489.0551436467663,37.68228997848143,0.0,False,-1,,0.86,
correlated,0.5,4,se_st2,fit100_cons,1,0.4986872532621782,1205.2120691112846,241.04241382225692,,False,-1,False,0.75,0.0
correlated,0.5,4,sp_ucb_st2,phi_bias,1,0.45,403.25641800210155,40.06652738413558,0.0,False,-1,,0.78,
correlated,0.5,4,se_st2,phi_bias,1,0.45,1205.2120691112846,241.04241382225692,,False,-1,False,0.83,0.0
correlated,0.5,4,sp_ucb_st2,ignore_corr,1,0.5,267.15869116032843,25.229648740305194,0.0,False,-1,,0.73,
correlated,0.5,4,se_st2,ignore_corr,1,0.5,1205.2120691112846,241.04241382225692,,False,-1,False,0.85,0.0
correlated,0.5,4,sp_ucb_st2,t3,1,0.5,494.05313573232456,74.67008465790161,0.0,False,-1,,0.83,
correlated,0.5,4,se_st2,t3,1,0.5,1205.2120691112846,241.0424138222569,,False,-1,False,0.85,0.0
correlated,0.9,4,sp_ucb_st2,known,1,0.9,677.9863273860227,195.55540116128088,0.0,False,-1,,0.84,
correlated,0.9,4,se_st2,known,1,0.9,1205.2120691112846,241.04241382225692,,False,-1,False,0.87,0.0
correlated,0.9,4,sp_ucb_st2,fit100,1,0.8750511670159183,789.1865627687908,89.38746188401701,0.0,False,-1,,0.88,
correlated,0.9,4,se_st2,fit100,1,0.8750511670159183,1205.2120691112846,241.04241382225692,,False,-1,False,0.87,0.0
correlated,0.9,4,sp_ucb_st2,fit365,1,0.8980433586549635,585.9341361757164,29.63155488872066,0.0,False,-1,,0.83,
correlated,0.9,4,se_st2,fit365,1,0.8980433586549635,1205.2120691112846,241.04241382225692,,False,-1,False,0.86,0.0
correlated,0.9,4,sp_ucb_st2,fit100_cons,1,0.9009708520195752,398.0356439220096,28.56347995379896,0.0,False,-1,,0.79,
correlated,0.9,4,se_st2,fit100_cons,1,0.9009708520195752,1205.2120691112846,241.04241382225692,,False,-1,False,0.8,0.0
correlated,0.9,4,sp_ucb_st2,phi_bias,1,0.85,333.43406394653675,57.578010867430976,0.0,False,-1,,0.76,
correlated,0.9,4,se_st2,phi_bias,1,0.85,1205.2120691112846,241.04241382225692,,False,-1,False,0.86,0.0
correlated,0.9,4,sp_ucb_st2,ignore_corr,1,0.9,954.7493039086669,85.59661959341679,0.0,False,-1,,0.81,
correlated,0.9,4,se_st2,ignore_corr,1,0.9,1205.2120691112846,241.04241382225692,,False,-1,False,0.82,0.0
correlated,0.9,4,sp_ucb_st2,t3,1,0.9,963.9251343041415,144.46167339135368,0.0,False,-1,,0.8,
correlated,0.9,4,se_st2,t3,1,0.9,1205.2120691112846,241.0424138222569,,False,-1,False,0.87,0.0
correlated,0.97,4,sp_ucb_st2,known,1,0.97,796.3572798982589,54.35945690061241,0.0,False,-1,,0.77,
correlated,0.97,4,se_st2,known,1,0.97,1205.2120691112846,241.04241382225692,,False,-1,False,0.84,0.0
correlated,0.97,4,sp_ucb_st2,fit100,1,0.954278168820219,1046.7402547060128,171.44459120871355,0.0,False,-1,,0.74,
correlated,0.97,4,se_st2,fit100,1,0.954278168820219,1205.2120691112846,241.04241382225692,,False,-1,False,0.85,0.0
correlated,0.97,4,sp_ucb_st2,fit365,1,0.965786832169089,1432.6080428707514,284.3669388287749,0.0,False,-1,,0.87,
correlated,0.97,4,se_st2,fit365,1,0.965786832169089,1205.2120691112846,241.04241382225692,,False,-1,False,0.81,0.0
correlated,0.97,4,sp_ucb_st2,fit100_cons,1,0.9682929037277842,641.9408787050895,55.06633830571967,0.0,False,-1,,0.78,
correlated,0.97,4,se_st2,fit100_cons,1,0.9682929037277842,1205.2120691112846,241.04241382225692,,False,-1,False,0.85,0.0
correlated,0.97,4,sp_ucb_st2,phi_bias,1,0.9199999999999999,694.9839957918193,29.07449040047464,0.0,False,-1,,0.79,
correlated,0.97,4,se_st2,phi_bias,1,0.9199999999999999,1205.2120691112846,241.04241382225692,,False,-1,False,0.88,0.0
correlated,0.97,4,sp_ucb_st2,ignore_corr,1,0.97,943.7131489025389,31.796669189898772,0.0,False,-1,,0.85,
correlated,0.97,4,se_st2,ignore_corr,1,0.97,1205.2120691112846,241.04241382225692,,False,-1,False,0.79,0.0
correlated,0.97,4,sp_ucb_st2,t3,1,0.97,1064.7190571995416,82.89744477502745,0.0,False,-1,,0.77,
correlated,0.97,4,se_st2,t3,1,0.97,1205.2120691112846,241.0424138222569,,False,-1,False,0.85,0.0
correlated,,4,sp_ucb_st2,ar7_as_ar1,1,0.7785828341950741,675.3580139193145,24.421114657360782,0.0,False,-1,,0.8,
correlated,,4,se_st2,ar7_as_ar1,1,0.7785828341950741,1205.2120691112846,241.04241382225692,,True,159,False,0.76,0.0348
correlated,0.5,5,sp_ucb_st2,known,1,0.5,339.3360242723414,11.561020935023985,0.0,False,-1,,0.79,
correlated,0.5,5,se_st2,known,1,0.5,1137.718195354663,227.5436390709326,,False,-1,False,0.85,0.0
correlated,0.5,5,sp_ucb_st2,fit100,1,0.3907711408576741,338.96779580684387,27.734031808486133,0.0,False,-1,,0.73,
correlated,0.5,5,se_st2,fit100,1,0.3907711408576741,1137.718195354663,227.5436390709326,,False,-1,False,0.73,0.0
correlated,0.5,5,sp_ucb_st2,fit365,1,0.4767317433953797,427.3704866758975,41.17287559207742,0.0,False,-1,,0.78,
correlated,0.5,5,se_st2,fit365,1,0.4767317433953797,1137.718195354663,227.5436390709326,,False,-1,False,0.82,0.0
correlated,0.5,5,sp_ucb_st2,fit100_cons,1,0.47250989964913104,338.1184405676381,29.571185888666776,0.0,False,-1,,0.74,
correlated,0.5,5,se_st2,fit100_cons,1,0.47250989964913104,1137.718195354663,227.5436390709326,,False,-1,False,0.75,0.0
correlated,0.5,5,sp_ucb_st2,phi_bias,1,0.45,496.5921185187545,38.90891503364731,0.0,False,-1,,0.77,
correlated,0.5,5,se_st2,phi_bias,1,0.45,1137.718195354663,227.5436390709326,,False,-1,False,0.77,0.0
correlated,0.5,5,sp_ucb_st2,ignore_corr,1,0.5,381.426731941724,14.232704991958121,0.0,False,-1,,0.69,
correlated,0.5,5,se_st2,ignore_corr,1,0.5,1137.718195354663,227.5436390709326,,False,-1,False,0.74,0.0
correlated,0.5,5,sp_ucb_st2,t3,1,0.5,288.76436693717915,23.23021245734622,0.0,False,-1,,0.72,
correlated,0.5,5,se_st2,t3,1,0.5,1137.7181953546628,227.5436390709326,,False,-1,False,0.73,0.0
correlated,0.9,5,sp_ucb_st2,known,1,0.9,779.2492764137917,128.7616902619822,0.0,False,-1,,0.72,
correlated,0.9,5,se_st2,known,1,0.9,1137.718195354663,227.5436390709326,,False,-1,False,0.8,0.0
correlated,0.9,5,sp_ucb_st2,fit100,1,0.8471512705132946,608.7036845439056,37.091314357847,0.0,False,-1,,0.7,
correlated,0.9,5,se_st2,fit100,1,0.8471512705132946,1137.718195354663,227.5436390709326,,False,-1,False,0.77,0.0
correlated,0.9,5,sp_ucb_st2,fit365,1,0.8879186728134794,497.17479781361965,37.251758388618924,0.0,False,-1,,0.71,
correlated,0.9,5,se_st2,fit365,1,0.8879186728134794,1137.718195354663,227.5436390709326,,False,-1,False,0.76,0.0
correlated,0.9,5,sp_ucb_st2,fit100_cons,1,0.8689537684806077,623.6822810861026,72.12933191687412,0.0,False,-1,,0.69,
correlated,0.9,5,se_st2,fit100_cons,1,0.8689537684806077,1137.718195354663,227.5436390709326,,False,-1,False,0.76,0.0
correlated,0.9,5,sp_ucb_st2,phi_bias,1,0.85,537.8589494058799,68.44664504718654,0.0,False,-1,,0.68,
correlated,0.9,5,se_st2,phi_bias,1,0.85,1137.718195354663,227.5436390709326,,False,-1,False,0.74,0.0
correlated,0.9,5,sp_ucb_st2,ignore_corr,1,0.9,663.0314343343953,12.101902928145257,0.0,False,-1,,0.71,
correlated,0.9,5,se_st2,ignore_corr,1,0.9,1137.718195354663,227.5436390709326,,False,-1,False,0.73,0.0
correlated,0.9,5,sp_ucb_st2,t3,1,0.9,384.48705256342333,44.95502375373225,0.0,False,-1,,0.71,
correlated,0.9,5,se_st2,t3,1,0.9,1137.7181953546628,227.5436390709326,,False,-1,False,0.77,0.0
correlated,0.97,5,sp_ucb_st2,known,1,0.97,923.3960310648931,49.06250439517359,0.0,False,-1,,0.71,
correlated,0.97,5,se_st2,known,1,0.97,1137.718195354663,227.5436390709326,,False,-1,False,0.74,0.0
correlated,0.97,5,sp_ucb_st2,fit100,1,0.9249742809203334,1234.0945762666272,305.54505724151835,0.0,False,-1,,0.7,
correlated,0.97,5,se_st2,fit100,1,0.9249742809203334,1137.718195354663,227.5436390709326,,False,-1,False,0.76,0.0
correlated,0.97,5,sp_ucb_st2,fit365,1,0.9607409846239138,1027.4005336813827,59.69813941593707,0.0,False,-1,,0.74,
correlated,0.97,5,se_st2,fit365,1,0.9607409846239138,1137.718195354663,227.5436390709326,,False,-1,False,0.76,0.0
correlated,0.97,5,sp_ucb_st2,fit100_cons,1,0.9391214909730922,1529.5520131223661,329.48419655691214,0.0,False,-1,,0.72,
correlated,0.97,5,se_st2,fit100_cons,1,0.9391214909730922,1137.718195354663,227.5436390709326,,False,-1,False,0.78,0.0
correlated,0.97,5,sp_ucb_st2,phi_bias,1,0.9199999999999999,779.2264943993015,38.29228140527698,0.0,False,-1,,0.71,
correlated,0.97,5,se_st2,phi_bias,1,0.9199999999999999,1137.718195354663,227.5436390709326,,False,-1,False,0.75,0.0
correlated,0.97,5,sp_ucb_st2,ignore_corr,1,0.97,1493.137912200213,325.2253776278045,0.0,False,-1,,0.7,
correlated,0.97,5,se_st2,ignore_corr,1,0.97,1137.718195354663,227.5436390709326,,False,-1,False,0.73,0.0
correlated,0.97,5,sp_ucb_st2,t3,1,0.97,681.962348793377,67.98232866292216,0.0,False,-1,,0.72,
correlated,0.97,5,se_st2,t3,1,0.97,1137.7181953546628,227.5436390709326,,False,-1,False,0.74,0.0
correlated,,5,sp_ucb_st2,ar7_as_ar1,1,0.7651271071651385,815.2676082574073,84.44329256660266,0.0,False,-1,,0.74,
correlated,,5,se_st2,ar7_as_ar1,1,0.7651271071651385,1137.718195354663,227.5436390709326,,False,-1,False,0.78,0.0
correlated,0.5,6,sp_ucb_st2,known,1,0.5,314.00612570935414,35.99793745984775,0.0,False,-1,,0.71,
correlated,0.5,6,se_st2,known,1,0.5,1155.5440132838962,231.10880265677923,,False,-1,False,0.74,0.0
correlated,0.5,6,sp_ucb_st2,fit100,1,0.4076285243460238,355.3527454665409,78.38214454646837,0.0,False,-1,,0.72,
correlated,0.5,6,se_st2,fit100,1,0.4076285243460238,1155.5440132838962,231.10880265677923,,False,-1,False,0.72,0.0
correlated,0.5,6,sp_ucb_st2,fit365,1,0.48129869319644075,294.5905484495287,28.203481056579946,0.0,False,-1,,0.72,
correlated,0.5,6,se_st2,fit365,1,0.48129869319644075,1155.5440132838962,231.10880265677923,,False,-1,False,0.76,0.0
correlated,0.5,6,sp_ucb_st2,fit100_cons,1,0.46478559476588344,536.5164703864652,41.92436570754,0.0,False,-1,,0.72,
correlated,0.5,6,se_st2,fit100_cons,1,0.46478559476588344,1155.5440132838962,231.10880265677923,,False,-1,False,0.74,0.0
correlated,0.5,6,sp_ucb_st2,phi_bias,1,0.45,379.225413129036,61.1931707424944,0.0,False,-1,,0.8,
correlated,0.5,6,se_st2,phi_bias,1,0.45,1155.5440132838962,231.10880265677923,,False,-1,False,0.77,0.0
correlated,0.5,6,sp_ucb_st2,ignore_corr,1,0.5,418.5864596779457,52.00348817951525,0.0,False,-1,,0.73,
correlated,0.5,6,se_st2,ignore_corr,1,0.5,1155.5440132838962,231.10880265677923,,False,-1,False,0.74,0.0
correlated,0.5,6,sp_ucb_st2,t3,1,0.5,433.69947935670524,17.45281531808982,0.0,False,-1,,0.68,
correlated,0.5,6,se_st2,t3,1,0.5,1155.5440132838962,231.10880265677923,,False,-1,False,0.77,0.0
correlated,0.9,6,sp_ucb_st2,known,1,0.9,852.7438581527454,111.61169667862362,0.0,False,-1,,0.68,
correlated,0.9,6,se_st2,known,1,0.9,1155.5440132838962,231.10880265677923,,False,-1,False,0.76,0.0
correlated,0.9,6,sp_ucb_st2,fit100,1,0.8469696161668162,572.4165724987638,45.4341357024924,0.0,False,-1,,0.72,
correlated,0.9,6,se_st2,fit100,1,0.8469696161668162,1155.5440132838962,231.10880265677923,,False,-1,False,0.73,0.0
correlated,0.9,6,sp_ucb_st2,fit365,1,0.8949487214105504,788.739940790603,72.70353379907647,0.0,False,-1,,0.71,
correlated,0.9,6,se_st2,fit365,1,0.8949487214105504,1155.5440132838962,231.10880265677923,,False,-1,False,0.78,0.0
correlated,0.9,6,sp_ucb_st2,fit100_cons,1,0.867004745165929,360.2429976487002,65.54669820405357,0.0,False,-1,,0.7,
correlated,0.9,6,se_st2,fit100_cons,1,0.867004745165929,1155.5440132838962,231.10880265677923,,False,-1,False,0.77,0.0
correlated,0.9,6,sp_ucb_st2,phi_bias,1,0.85,806.2129223914985,110.23814588806474,0.0,False,-1,,0.71,
correlated,0.9,6,se_st2,phi_bias,1,0.85,1155.5440132838962,231.10880265677923,,False,-1,False,0.78,0.0
correlated,0.9,6,sp_ucb_st2,ignore_corr,1,0.9,719.8466241978393,48.08403048593868,0.0,False,-1,,0.71,
correlated,0.9,6,se_st2,ignore_corr,1,0.9,1155.5440132838962,231.10880265677923,,False,-1,False,0.74,0.0
correlated,0.9,6,sp_ucb_st2,t3,1,0.9,830.9275676854119,66.96118379191785,0.0,False,-1,,0.75,
correlated,0.9,6,se_st2,t3,1,0.9,1155.5440132838962,231.10880265677923,,False,-1,False,0.75,0.0
correlated,0.97,6,sp_ucb_st2,known,1,0.97,1294.8078482957085,259.11126117518387,0.0,False,-1,,0.71,
correlated,0.97,6,se_st2,known,1,0.97,1155.5440132838962,231.10880265677923,,False,-1,False,0.75,0.0
correlated,0.97,6,sp_ucb_st2,fit100,1,0.925797679192122,686.7873203023299,73.47004205658206,0.0,False,-1,,0.67,
correlated,0.97,6,se_st2,fit100,1,0.925797679192122,1155.5440132838962,231.10880265677923,,False,-1,False,0.75,0.0
correlated,0.97,6,sp_ucb_st2,fit365,1,0.9658214133453145,1073.4464976355273,147.66857266350183,0.0,False,-1,,0.7,
correlated,0.97,6,se_st2,fit365,1,0.9658214133453145,1155.5440132838962,231.10880265677923,,False,-1,False,0.75,0.0
correlated,0.97,6,sp_ucb_st2,fit100_cons,1,0.9513313691046281,655.4710601953586,33.020320590623484,0.0,False,-1,,0.73,
correlated,0.97,6,se_st2,fit100_cons,1,0.9513313691046281,1155.5440132838962,231.10880265677923,,False,-1,False,0.8,0.0
correlated,0.97,6,sp_ucb_st2,phi_bias,1,0.9199999999999999,707.014396987001,91.2595783838633,0.0,False,-1,,0.75,
correlated,0.97,6,se_st2,phi_bias,1,0.9199999999999999,1155.5440132838962,231.10880265677923,,False,-1,False,0.77,0.0
correlated,0.97,6,sp_ucb_st2,ignore_corr,1,0.97,722.2291278060493,127.91035646406972,0.0,False,-1,,0.73,
correlated,0.97,6,se_st2,ignore_corr,1,0.97,1155.5440132838962,231.10880265677923,,False,-1,False,0.74,0.0
correlated,0.97,6,sp_ucb_st2,t3,1,0.97,803.3337509091552,140.41772325198195,0.0,False,-1,,0.72,
correlated,0.97,6,se_st2,t3,1,0.97,1155.5440132838962,231.10880265677923,,False,-1,False,0.8,0.0
correlated,,6,sp_ucb_st2,ar7_as_ar1,1,0.7869778828227579,404.71410801283594,72.08158908500283,0.0,False,-1,,0.74,
correlated,,6,se_st2,ar7_as_ar1,1,0.7869778828227579,1155.5440132838962,231.10880265677923,,True,536,False,0.8,0.0284
correlated,0.5,7,sp_ucb_st2,known,1,0.5,355.1246141933188,37.0200348624016,0.0,False,-1,,0.72,
correlated,0.5,7,se_st2,known,1,0.5,1170.659718607841,234.1319437215682,,False,-1,False,0.73,0.0
correlated,0.5,7,sp_ucb_st2,fit100,1,0.4570245539876963,297.9583551721271,51.20564946691901,0.0,False,-1,,0.72,
correlated,0.5,7,se_st2,fit100,1,0.4570245539876963,1170.659718607841,234.1319437215682,,False,-1,False,0.79,0.0
correlated,0.5,7,sp_ucb_st2,fit365,1,0.5084397921092261,304.3890491867011,53.06840278635032,0.0,False,-1,,0.69,
correlated,0.5,7,se_st2,fit365,1,0.5084397921092261,1170.659718607841,234.1319437215682,,False,-1,False,0.74,0.0
correlated,0.5,7,sp_ucb_st2,fit100_cons,1,0.5178935599925324,321.74902798520367,38.501696013131685,0.0,False,-1,,0.7,
correlated,0.5,7,se_st2,fit100_cons,1,0.5178935599925324,1170.659718607841,234.1319437215682,,False,-1,False,0.77,0.0
correlated,0.5,7,sp_ucb_st2,phi_bias,1,0.45,329.8848205594448,50.031778018196476,0.0,False,-1,,0.73,
correlated,0.5,7,se_st2,phi_bias,1,0.45,1170.659718607841,234.1319437215682,,False,-1,False,0.79,0.0
correlated,0.5,7,sp_ucb_st2,ignore_corr,1,0.5,239.6440085376678,25.259436130546593,0.0,False,-1,,0.73,
correlated,0.5,7,se_st2,ignore_corr,1,0.5,1170.659718607841,234.1319437215682,,False,-1,False,0.73,0.0
correlated,0.5,7,sp_ucb_st2,t3,1,0.5,285.91956364620756,73.73870774851316,0.996,True,20,,0.75,
correlated,0.5,7,se_st2,t3,1,0.5,1145.211078339557,229.06680535400744,,True,21,False,0.76,0.9958
correlated,0.9,7,sp_ucb_st2,known,1,0.9,391.50975073093133,95.59547578492126,0.0,False,-1,,0.72,
correlated,0.9,7,se_st2,known,1,0.9,1170.659718607841,234.1319437215682,,False,-1,False,0.75,0.0
correlated,0.9,7,sp_ucb_st2,fit100,1,0.8657422335475167,207.64330425550116,28.908760059176636,0.0,False,-1,,0.69,
correlated,0.9,7,se_st2,fit100,1,0.8657422335475167,1170.659718607841,234.1319437215682,,False,-1,False,0.71,0.0
correlated,0.9,7,sp_ucb_st2,fit365,1,0.8920638800402956,453.23439686883034,115.80673621690488,0.0,False,-1,,0.71,
correlated,0.9,7,se_st2,fit365,1,0.8920638800402956,1170.659718607841,234.1319437215682,,False,-1,False,0.77,0.0
correlated,0.9,7,sp_ucb_st2,fit100_cons,1,0.8882546237800637,288.5305133702301,66.03465908173443,0.0,False,-1,,0.78,
correlated,0.9,7,se_st2,fit100_cons,1,0.8882546237800637,1170.659718607841,234.1319437215682,,False,-1,False,0.76,0.0
correlated,0.9,7,sp_ucb_st2,phi_bias,1,0.85,488.5899084895998,31.39621495510378,0.0,False,-1,,0.74,
correlated,0.9,7,se_st2,phi_bias,1,0.85,1170.659718607841,234.1319437215682,,False,-1,False,0.76,0.0
correlated,0.9,7,sp_ucb_st2,ignore_corr,1,0.9,364.65580193241675,21.429021156638235,0.0,False,-1,,0.73,
correlated,0.9,7,se_st2,ignore_corr,1,0.9,1091.954835739306,205.2058264891551,,False,-1,False,0.76,0.0
correlated,0.9,7,sp_ucb_st2,t3,1,0.9,591.0357798170746,143.3922152439065,0.0,False,-1,,0.71,
correlated,0.9,7,se_st2,t3,1,0.9,880.6792778881037,175.78153629384016,,True,21,False,0.75,0.9958
correlated,0.97,7,sp_ucb_st2,known,1,0.97,487.939809257263,78.8646750579228,0.0,False,-1,,0.74,
correlated,0.97,7,se_st2,known,1,0.97,1170.659718607841,234.1319437215682,,False,-1,False,0.81,0.0
correlated,0.97,7,sp_ucb_st2,fit100,1,0.9290172963993196,222.65653250811246,37.929166120241845,0.0,False,-1,,0.71,
correlated,0.97,7,se_st2,fit100,1,0.9290172963993196,1170.659718607841,234.1319437215682,,False,-1,False,0.8,0.0
correlated,0.97,7,sp_ucb_st2,fit365,1,0.9596811049333726,305.62823180914984,62.506104642051476,0.0,False,-1,,0.72,
correlated,0.97,7,se_st2,fit365,1,0.9596811049333726,1170.659718607841,234.1319437215682,,False,-1,False,0.78,0.0
correlated,0.97,7,sp_ucb_st2,fit100_cons,1,0.9473032875560878,128.38865483837645,19.576706900414834,0.0,False,-1,,0.73,
correlated,0.97,7,se_st2,fit100_cons,1,0.9473032875560878,1170.659718607841,234.1319437215682,,False,-1,False,0.76,0.0
correlated,0.97,7,sp_ucb_st2,phi_bias,1,0.9199999999999999,426.63359372583335,41.07694308332233,0.0,False,-1,,0.66,
correlated,0.97,7,se_st2,phi_bias,1,0.9199999999999999,1170.659718607841,234.1319437215682,,False,-1,False,0.79,0.0
correlated,0.97,7,sp_ucb_st2,ignore_corr,1,0.97,403.1172479520484,60.067849563431565,0.0,False,-1,,0.7,
correlated,0.97,7,se_st2,ignore_corr,1,0.97,1092.0684161814693,205.26110458534998,,False,-1,False,0.74,0.0
correlated,0.97,7,sp_ucb_st2,t3,1,0.97,977.0375981845305,211.44620937532366,0.0,False,-1,,0.72,
correlated,0.97,7,se_st2,t3,1,0.97,1160.2110356734793,232.08020911690866,,True,21,False,0.75,0.9958
correlated,,7,sp_ucb_st2,ar7_as_ar1,1,0.7446088839930874,201.91818818807633,17.88487479906133,0.0,False,-1,,0.68,
correlated,,7,se_st2,ar7_as_ar1,1,0.7446088839930874,941.2194542006976,172.35864923707746,,True,122,False,0.79,0.012
correlated,0.5,8,sp_ucb_st2,known,1,0.5,239.31309326706125,21.532432154648937,0.0,False,-1,,0.73,
correlated,0.5,8,se_st2,known,1,0.5,1156.9935069014202,231.39870138028414,,False,-1,False,0.77,0.0
correlated,0.5,8,sp_ucb_st2,fit100,1,0.43702100625043644,275.3750566934235,42.90595270831939,0.0,False,-1,,0.71,
correlated,0.5,8,se_st2,fit100,1,0.43702100625043644,1156.9935069014202,231.39870138028414,,False,-1,False,0.76,0.0
correlated,0.5,8,sp_ucb_st2,fit365,1,0.4700158099382577,184.09616610757263,18.984922483276165,0.0,False,-1,,0.71,
correlated,0.5,8,se_st2,fit365,1,0.4700158099382577,1156.9935069014202,231.39870138028414,,False,-1,False,0.78,0.0
correlated,0.5,8,sp_ucb_st2,fit100_cons,1,0.5364353405061755,260.2453758595169,78.09596687990711,0.0,False,-1,,0.72,
correlated,0.5,8,se_st2,fit100_cons,1,0.5364353405061755,1156.9935069014202,231.39870138028414,,False,-1,False,0.79,0.0
correlated,0.5,8,sp_ucb_st2,phi_bias,1,0.45,199.72432645860857,28.735936715823872,0.0,False,-1,,0.69,
correlated,0.5,8,se_st2,phi_bias,1,0.45,1156.9935069014202,231.39870138028414,,False,-1,False,0.75,0.0
correlated,0.5,8,sp_ucb_st2,ignore_corr,1,0.5,342.21694809355307,34.54224131604681,0.0,False,-1,,0.72,
correlated,0.5,8,se_st2,ignore_corr,1,0.5,1147.419103228986,223.00276363038162,,False,-1,False,0.78,0.0
correlated,0.5,8,sp_ucb_st2,t3,1,0.5,362.47632545408555,7.687509405143372,0.0,False,-1,,0.7,
correlated,0.5,8,se_st2,t3,1,0.5,1156.9935069014205,231.39870138028408,,False,-1,False,0.78,0.0
correlated,0.9,8,sp_ucb_st2,known,1,0.9,535.3301881110797,27.911588734776814,0.0,False,-1,,0.71,
correlated,0.9,8,se_st2,known,1,0.9,1156.9935069014202,231.39870138028414,,False,-1,False,0.74,0.0
correlated,0.9,8,sp_ucb_st2,fit100,1,0.8608084020091242,439.9811637100238,24.059589035831404,0.0,False,-1,,0.71,
correlated,0.9,8,se_st2,fit100,1,0.8608084020091242,1156.9935069014202,231.39870138028414,,False,-1,False,0.74,0.0
correlated,0.9,8,sp_ucb_st2,fit365,1,0.8823491579037723,372.36925218934033,29.945801447461243,0.0,False,-1,,0.74,
correlated,0.9,8,se_st2,fit365,1,0.8823491579037723,1156.9935069014202,231.39870138028414,,False,-1,False,0.8,0.0
correlated,0.9,8,sp_ucb_st2,fit100_cons,1,0.8914298562542191,275.4157489095387,29.082050075693886,0.0,False,-1,,0.73,
correlated,0.9,8,se_st2,fit100_cons,1,0.8914298562542191,1156.9935069014202,231.39870138028414,,False,-1,False,0.72,0.0
correlated,0.9,8,sp_ucb_st2,phi_bias,1,0.85,498.9442089756335,25.036399675912715,0.0,False,-1,,0.75,
correlated,0.9,8,se_st2,phi_bias,1,0.85,1156.9935069014202,231.39870138028414,,False,-1,False,0.72,0.0
correlated,0.9,8,sp_ucb_st2,ignore_corr,1,0.9,731.4419189001278,118.29513857790226,0.0,False,-1,,0.68,
correlated,0.9,8,se_st2,ignore_corr,1,0.9,1156.9935069014202,231.39870138028414,,False,-1,False,0.77,0.0
correlated,0.9,8,sp_ucb_st2,t3,1,0.9,498.8577027536012,166.2102049830277,0.0,False,-1,,0.73,
correlated,0.9,8,se_st2,t3,1,0.9,1156.9935069014205,231.39870138028408,,False,-1,False,0.75,0.0
correlated,0.97,8,sp_ucb_st2,known,1,0.97,659.2921400738296,88.79727694971055,0.0,False,-1,,0.7,
correlated,0.97,8,se_st2,known,1,0.97,1156.9935069014202,231.39870138028414,,False,-1,False,0.73,0.0
correlated,0.97,8,sp_ucb_st2,fit100,1,0.934419662883892,337.53570556346983,40.99058452148907,0.0,False,-1,,0.73,
correlated,0.97,8,se_st2,fit100,1,0.934419662883892,1156.9935069014202,231.39870138028414,,False,-1,False,0.75,0.0
correlated,0.97,8,sp_ucb_st2,fit365,1,0.9602716602616231,465.3079108669467,18.68596526413309,0.0,False,-1,,0.75,
correlated,0.97,8,se_st2,fit365,1,0.9602716602616231,1156.9935069014202,231.39870138028414,,False,-1,False,0.75,0.0
correlated,0.97,8,sp_ucb_st2,fit100_cons,1,0.9515444428966425,777.2248642661447,138.05816492854163,0.0,False,-1,,0.73,
correlated,0.97,8,se_st2,fit100_cons,1,0.9515444428966425,1156.9935069014202,231.39870138028414,,False,-1,False,0.75,0.0
correlated,0.97,8,sp_ucb_st2,phi_bias,1,0.9199999999999999,309.670273662201,58.87154828930834,0.0,False,-1,,0.75,
correlated,0.97,8,se_st2,phi_bias,1,0.9199999999999999,1156.9935069014202,231.39870138028414,,False,-1,False,0.75,0.0
correlated,0.97,8,sp_ucb_st2,ignore_corr,1,0.97,312.992676734711,144.1398150347435,0.0,False,-1,,0.71,
correlated,0.97,8,se_st2,ignore_corr,1,0.97,1156.9935069014202,231.39870138028414,,False,-1,False,0.77,0.0
correlated,0.97,8,sp_ucb_st2,t3,1,0.97,721.9307863026855,11.116633779209845,0.0,False,-1,,0.72,
correlated,0.97,8,se_st2,t3,1,0.97,1156.9935069014205,231.39870138028408,,False,-1,False,0.77,0.0
correlated,,8,sp_ucb_st2,ar7_as_ar1,1,0.7688024951548682,321.9098648033811,47.41303197621033,0.0,False,-1,,0.76,
correlated,,8,se_st2,ar7_as_ar1,1,0.7688024951548682,718.9713594944618,128.14938278982527,,True,412,False,0.77,0.9174
correlated,0.5,9,sp_ucb_st2,known,1,0.5,256.09922345046164,45.802103148502106,0.0,False,-1,,0.77,
correlated,0.5,9,se_st2,known,1,0.5,1184.5866510523958,236.91733021047915,,False,-1,False,0.83,0.0
correlated,0.5,9,sp_ucb_st2,fit100,1,0.4663601756946187,712.4051048856459,134.3022325765741,0.0,False,-1,,0.74,
correlated,0.5,9,se_st2,fit100,1,0.4663601756946187,1184.5866510523958,236.91733021047915,,False,-1,False,0.78,0.0
correlated,0.5,9,sp_ucb_st2,fit365,1,0.4860008487897184,325.0993377306428,26.065110842024175,0.0,False,-1,,0.71,
correlated,0.5,9,se_st2,fit365,1,0.4860008487897184,1184.5866510523958,236.91733021047915,,False,-1,False,0.75,0.0
correlated,0.5,9,sp_ucb_st2,fit100_cons,1,0.5617205602735252,436.063970807301,22.255549624549133,0.0,False,-1,,0.72,
correlated,0.5,9,se_st2,fit100_cons,1,0.5617205602735252,1184.5866510523958,236.91733021047915,,False,-1,False,0.76,0.0
correlated,0.5,9,sp_ucb_st2,phi_bias,1,0.45,408.89598883613087,46.09375962951826,0.0,False,-1,,0.72,
correlated,0.5,9,se_st2,phi_bias,1,0.45,1184.5866510523958,236.91733021047915,,False,-1,False,0.76,0.0
correlated,0.5,9,sp_ucb_st2,ignore_corr,1,0.5,378.2853642115714,40.52822950113025,0.0,False,-1,,0.73,
correlated,0.5,9,se_st2,ignore_corr,1,0.5,1177.8632523718782,230.19393152996145,,False,-1,False,0.76,0.0
correlated,0.5,9,sp_ucb_st2,t3,1,0.5,320.7070709645868,39.940686840964446,0.0,False,-1,,0.71,
correlated,0.5,9,se_st2,t3,1,0.5,1184.5866510523958,236.91733021047918,,False,-1,False,0.75,0.0
correlated,0.9,9,sp_ucb_st2,known,1,0.9,564.7645372245101,25.930834114984272,0.0,False,-1,,0.72,
correlated,0.9,9,se_st2,known,1,0.9,1184.5866510523958,236.91733021047915,,False,-1,False,0.78,0.0
correlated,0.9,9,sp_ucb_st2,fit100,1,0.8687025752138955,833.9802123399675,206.69356420443603,0.0,False,-1,,0.66,
correlated,0.9,9,se_st2,fit100,1,0.8687025752138955,1184.5866510523958,236.91733021047915,,False,-1,False,0.75,0.0
correlated,0.9,9,sp_ucb_st2,fit365,1,0.884194037852705,541.1728067195183,85.37670129815314,0.0,False,-1,,0.68,
correlated,0.9,9,se_st2,fit365,1,0.884194037852705,1184.5866510523958,236.91733021047915,,False,-1,False,0.74,0.0
correlated,0.9,9,sp_ucb_st2,fit100_cons,1,0.8967334602006356,1152.7931886328786,277.73559414524647,0.0,False,-1,,0.74,
correlated,0.9,9,se_st2,fit100_cons,1,0.8967334602006356,1184.5866510523958,236.91733021047915,,False,-1,False,0.76,0.0
correlated,0.9,9,sp_ucb_st2,phi_bias,1,0.85,809.7429227114101,132.1311408301284,0.0,False,-1,,0.72,
correlated,0.9,9,se_st2,phi_bias,1,0.85,1184.5866510523958,236.91733021047915,,False,-1,False,0.78,0.0
correlated,0.9,9,sp_ucb_st2,ignore_corr,1,0.9,569.0341441392042,53.53548494689003,0.0,False,-1,,0.7,
correlated,0.9,9,se_st2,ignore_corr,1,0.9,1184.5866510523958,236.91733021047915,,False,-1,False,0.76,0.0
correlated,0.9,9,sp_ucb_st2,t3,1,0.9,381.3931859488958,47.32105394008173,0.0,False,-1,,0.69,
correlated,0.9,9,se_st2,t3,1,0.9,1184.5866510523958,236.91733021047918,,False,-1,False,0.75,0.0
correlated,0.97,9,sp_ucb_st2,known,1,0.97,924.0187714701156,57.64891705990598,0.0,False,-1,,0.7,
correlated,0.97,9,se_st2,known,1,0.97,1184.5866510523958,236.91733021047915,,False,-1,False,0.74,0.0
correlated,0.97,9,sp_ucb_st2,fit100,1,0.9247665344779364,1260.7461178350836,263.29201903119565,0.9852,True,73,,0.72,
correlated,0.97,9,se_st2,fit100,1,0.9247665344779364,1184.5866510523958,236.91733021047915,,False,-1,False,0.77,0.0
correlated,0.97,9,sp_ucb_st2,fit365,1,0.959698285936409,862.9820437828091,303.1799041918149,0.0,False,-1,,0.73,
correlated,0.97,9,se_st2,fit365,1,0.959698285936409,1184.5866510523958,236.91733021047915,,False,-1,False,0.77,0.0
correlated,0.97,9,sp_ucb_st2,fit100_cons,1,0.9417177061450317,1127.0442758832519,228.9497386959789,0.0,False,-1,,0.71,
correlated,0.97,9,se_st2,fit100_cons,1,0.9417177061450317,1184.5866510523958,236.91733021047915,,False,-1,False,0.76,0.0
correlated,0.97,9,sp_ucb_st2,phi_bias,1,0.9199999999999999,985.640883480228,206.4722008511161,0.0,False,-1,,0.66,
correlated,0.97,9,se_st2,phi_bias,1,0.9199999999999999,1184.5866510523958,236.91733021047915,,False,-1,False,0.75,0.0
correlated,0.97,9,sp_ucb_st2,ignore_corr,1,0.97,647.8418883459034,13.242876349811844,0.0,False,-1,,0.71,
correlated,0.97,9,se_st2,ignore_corr,1,0.97,1184.5866510523958,236.91733021047915,,False,-1,False,0.72,0.0
correlated,0.97,9,sp_ucb_st2,t3,1,0.97,622.0223951907669,73.10519073357426,0.0,False,-1,,0.73,
correlated,0.97,9,se_st2,t3,1,0.97,1184.5866510523958,236.91733021047918,,False,-1,False,0.8,0.0
correlated,,9,sp_ucb_st2,ar7_as_ar1,1,0.7514929787106582,795.8091802112785,90.7489835940487,0.0,False,-1,,0.77,
correlated,,9,se_st2,ar7_as_ar1,1,0.7514929787106582,1184.5866510523958,236.91733021047915,,False,-1,False,0.78,0.0
correlated,0.5,10,sp_ucb_st2,known,1,0.5,535.8270897242222,38.81636701293027,0.0,False,-1,,0.71,
correlated,0.5,10,se_st2,known,1,0.5,1175.2965846830598,235.05931693661196,,False,-1,False,0.74,0.0
correlated,0.5,10,sp_ucb_st2,fit100,1,0.4127155231895389,406.2516244417635,33.23387275380685,0.0,False,-1,,0.71,
correlated,0.5,10,se_st2,fit100,1,0.4127155231895389,1175.2965846830598,235.05931693661196,,False,-1,False,0.72,0.0
correlated,0.5,10,sp_ucb_st2,fit365,1,0.472391658226789,359.5149614301871,0.0,0.0,False,-1,,0.76,
correlated,0.5,10,se_st2,fit365,1,0.472391658226789,1175.2965846830598,235.05931693661196,,False,-1,False,0.77,0.0
correlated,0.5,10,sp_ucb_st2,fit100_cons,1,0.5214444679379547,457.9127346661432,52.3786675369507,0.0,False,-1,,0.7,
correlated,0.5,10,se_st2,fit100_cons,1,0.5214444679379547,1175.2965846830598,235.05931693661196,,False,-1,False,0.7,0.0
correlated,0.5,10,sp_ucb_st2,phi_bias,1,0.45,362.12484993486595,5.179394119970598,0.0,False,-1,,0.74,
correlated,0.5,10,se_st2,phi_bias,1,0.45,1175.2965846830598,235.05931693661196,,False,-1,False,0.76,0.0
correlated,0.5,10,sp_ucb_st2,ignore_corr,1,0.5,307.18517607916124,26.886774044856644,0.0,False,-1,,0.75,
correlated,0.5,10,se_st2,ignore_corr,1,0.5,1175.2965846830598,235.05931693661196,,False,-1,False,0.74,0.0
correlated,0.5,10,sp_ucb_st2,t3,1,0.5,528.1391306121268,54.76510893179174,0.0,False,-1,,0.72,
correlated,0.5,10,se_st2,t3,1,0.5,1175.29658468306,235.059316936612,,False,-1,False,0.73,0.0
correlated,0.9,10,sp_ucb_st2,known,1,0.9,368.7676948546697,53.19260598202024,0.0,False,-1,,0.74,
correlated,0.9,10,se_st2,known,1,0.9,1175.2965846830598,235.05931693661196,,False,-1,False,0.75,0.0
correlated,0.9,10,sp_ucb_st2,fit100,1,0.8651493238794532,701.327417927941,59.51988197874063,0.0,False,-1,,0.77,
correlated,0.9,10,se_st2,fit100,1,0.8651493238794532,1175.2965846830598,235.05931693661196,,False,-1,False,0.78,0.0
correlated,0.9,10,sp_ucb_st2,fit365,1,0.8815909456634191,1143.9495647980739,218.5655699066931,0.0,False,-1,,0.73,
correlated,0.9,10,se_st2,fit365,1,0.8815909456634191,1175.2965846830598,235.05931693661196,,False,-1,False,0.76,0.0
correlated,0.9,10,sp_ucb_st2,fit100_cons,1,0.8909846570915256,678.8338485826974,121.58204664969782,0.0,False,-1,,0.75,
correlated,0.9,10,se_st2,fit100_cons,1,0.8909846570915256,1175.2965846830598,235.05931693661196,,False,-1,False,0.76,0.0
correlated,0.9,10,sp_ucb_st2,phi_bias,1,0.85,569.2933421383011,43.318498585481315,0.0,False,-1,,0.73,
correlated,0.9,10,se_st2,phi_bias,1,0.85,1175.2965846830598,235.05931693661196,,False,-1,False,0.72,0.0
correlated,0.9,10,sp_ucb_st2,ignore_corr,1,0.9,674.7771367879168,0.0,0.0,False,-1,,0.71,
correlated,0.9,10,se_st2,ignore_corr,1,0.9,1175.2965846830598,235.05931693661196,,True,8,False,0.76,0.0006
correlated,0.9,10,sp_ucb_st2,t3,1,0.9,1053.922489315672,143.87154821955664,0.0,False,-1,,0.72,
correlated,0.9,10,se_st2,t3,1,0.9,1175.29658468306,235.059316936612,,False,-1,False,0.82,0.0
correlated,0.97,10,sp_ucb_st2,known,1,0.97,664.5327723262016,52.74347025988089,0.0,False,-1,,0.71,
correlated,0.97,10,se_st2,known,1,0.97,1175.2965846830598,235.05931693661196,,False,-1,False,0.76,0.0
correlated,0.97,10,sp_ucb_st2,fit100,1,0.9363048497574927,735.4701862818621,57.74832692785124,0.0,False,-1,,0.7,
correlated,0.97,10,se_st2,fit100,1,0.9363048497574927,1175.2965846830598,235.05931693661196,,False,-1,False,0.76,0.0
correlated,0.97,10,sp_ucb_st2,fit365,1,0.960127093796014,904.3520157565472,153.40812477464624,0.0,False,-1,,0.69,
correlated,0.97,10,se_st2,fit365,1,0.960127093796014,1175.2965846830598,235.05931693661196,,False,-1,False,0.71,0.0
correlated,0.97,10,sp_ucb_st2,fit100_cons,1,0.9523571986915662,1151.2798632836061,144.5713105121423,0.0,False,-1,,0.68,
correlated,0.97,10,se_st2,fit100_cons,1,0.9523571986915662,1175.2965846830598,235.05931693661196,,False,-1,False,0.74,0.0
correlated,0.97,10,sp_ucb_st2,phi_bias,1,0.9199999999999999,677.0283635186106,45.05716223451434,0.0,False,-1,,0.69,
correlated,0.97,10,se_st2,phi_bias,1,0.9199999999999999,1175.2965846830598,235.05931693661196,,False,-1,False,0.77,0.0
correlated,0.97,10,sp_ucb_st2,ignore_corr,1,0.97,871.0039310252591,176.00709853337446,0.0,False,-1,,0.71,
correlated,0.97,10,se_st2,ignore_corr,1,0.97,1175.2965846830598,235.05931693661196,,False,-1,False,0.76,0.0
correlated,0.97,10,sp_ucb_st2,t3,1,0.97,1125.9808616518092,254.6028939696685,0.0,False,-1,,0.72,
correlated,0.97,10,se_st2,t3,1,0.97,1175.29658468306,235.059316936612,,False,-1,False,0.78,0.0
correlated,,10,sp_ucb_st2,ar7_as_ar1,1,0.7844579088920604,1205.574432790416,164.54873206043618,0.0,False,-1,,0.74,
correlated,,10,se_st2,ar7_as_ar1,1,0.7844579088920604,1175.2965846830598,235.05931693661196,,True,155,False,0.85,0.0074
correlated,0.5,11,sp_ucb_st2,known,1,0.5,379.2386763350863,63.404467151340015,0.0,False,-1,,0.71,
correlated,0.5,11,se_st2,known,1,0.5,1143.239624688888,228.64792493777765,,False,-1,False,0.73,0.0
correlated,0.5,11,sp_ucb_st2,fit100,1,0.48219491743161746,363.53707165266906,31.40741280720001,0.0,False,-1,,0.7,
correlated,0.5,11,se_st2,fit100,1,0.48219491743161746,1143.239624688888,228.64792493777765,,False,-1,False,0.76,0.0
correlated,0.5,11,sp_ucb_st2,fit365,1,0.4988930961587019,233.47282071505418,24.289693772671995,0.0,False,-1,,0.75,
correlated,0.5,11,se_st2,fit365,1,0.4988930961587019,1143.239624688888,228.64792493777765,,False,-1,False,0.79,0.0
correlated,0.5,11,sp_ucb_st2,fit100_cons,1,0.5537073212531661,423.9452866101476,42.214403451389984,0.0,False,-1,,0.7,
correlated,0.5,11,se_st2,fit100_cons,1,0.5537073212531661,1143.239624688888,228.64792493777765,,False,-1,False,0.79,0.0
correlated,0.5,11,sp_ucb_st2,phi_bias,1,0.45,356.6886880517551,23.320743792410322,0.0,False,-1,,0.75,
correlated,0.5,11,se_st2,phi_bias,1,0.45,1143.239624688888,228.64792493777765,,False,-1,False,0.72,0.0
correlated,0.5,11,sp_ucb_st2,ignore_corr,1,0.5,267.78469377399915,4.689002388818155,0.0,False,-1,,0.7,
correlated,0.5,11,se_st2,ignore_corr,1,0.5,1143.239624688888,228.64792493777765,,False,-1,False,0.75,0.0
correlated,0.5,11,sp_ucb_st2,t3,1,0.5,321.8229125954311,50.153298530262525,0.0,False,-1,,0.69,
correlated,0.5,11,se_st2,t3,1,0.5,1143.239624688888,228.64792493777765,,False,-1,False,0.76,0.0
correlated,0.9,11,sp_ucb_st2,known,1,0.9,404.7584175564786,41.09300947009089,0.0,False,-1,,0.7,
correlated,0.9,11,se_st2,known,1,0.9,1143.239624688888,228.64792493777765,,False,-1,False,0.75,0.0
correlated,0.9,11,sp_ucb_st2,fit100,1,0.8908634235062961,499.7604595075618,85.8170817376523,0.0,False,-1,,0.74,
correlated,0.9,11,se_st2,fit100,1,0.8908634235062961,1143.239624688888,228.64792493777765,,False,-1,False,0.75,0.0
correlated,0.9,11,sp_ucb_st2,fit365,1,0.8986469832563092,461.7472257337088,39.485320764040495,0.0,False,-1,,0.69,
correlated,0.9,11,se_st2,fit365,1,0.8986469832563092,1143.239624688888,228.64792493777765,,False,-1,False,0.73,0.0
correlated,0.9,11,sp_ucb_st2,fit100_cons,1,0.9148422770335592,418.07350408012786,16.45174982214158,0.0,False,-1,,0.7,
correlated,0.9,11,se_st2,fit100_cons,1,0.9148422770335592,1143.239624688888,228.64792493777765,,False,-1,False,0.77,0.0
correlated,0.9,11,sp_ucb_st2,phi_bias,1,0.85,706.9021881903877,60.33110889403686,0.0,False,-1,,0.71,
correlated,0.9,11,se_st2,phi_bias,1,0.85,1143.239624688888,228.64792493777765,,False,-1,False,0.78,0.0
correlated,0.9,11,sp_ucb_st2,ignore_corr,1,0.9,659.7608067483952,85.18505301502086,0.0,False,-1,,0.7,
correlated,0.9,11,se_st2,ignore_corr,1,0.9,1143.239624688888,228.64792493777765,,False,-1,False,0.76,0.0
correlated,0.9,11,sp_ucb_st2,t3,1,0.9,593.9792496002328,123.56339304187141,0.0,False,-1,,0.7,
correlated,0.9,11,se_st2,t3,1,0.9,1143.239624688888,228.64792493777765,,False,-1,False,0.78,0.0
correlated,0.97,11,sp_ucb_st2,known,1,0.97,450.28848011492914,16.534260119786104,0.0,False,-1,,0.72,
correlated,0.97,11,se_st2,known,1,0.97,1143.239624688888,228.64792493777765,,False,-1,False,0.77,0.0
correlated,0.97,11,sp_ucb_st2,fit100,1,0.9435631287397902,726.2122028351229,76.96175226692577,0.0,False,-1,,0.71,
correlated,0.97,11,se_st2,fit100,1,0.9435631287397902,1143.239624688888,228.64792493777765,,False,-1,False,0.75,0.0
correlated,0.97,11,sp_ucb_st2,fit365,1,0.9646375470342329,899.71824267022,64.20325783375573,0.0,False,-1,,0.69,
correlated,0.97,11,se_st2,fit365,1,0.9646375470342329,1143.239624688888,228.64792493777765,,False,-1,False,0.75,0.0
correlated,0.97,11,sp_ucb_st2,fit100_cons,1,0.9634652012022308,1113.0212449576384,100.33194329756353,0.0,False,-1,,0.7,
correlated,0.97,11,se_st2,fit100_cons,1,0.9634652012022308,1143.239624688888,228.64792493777765,,False,-1,False,0.74,0.0
correlated,0.97,11,sp_ucb_st2,phi_bias,1,0.9199999999999999,565.8666919106993,43.820675114160366,0.0,False,-1,,0.73,
correlated,0.97,11,se_st2,phi_bias,1,0.9199999999999999,1143.239624688888,228.64792493777765,,False,-1,False,0.79,0.0
correlated,0.97,11,sp_ucb_st2,ignore_corr,1,0.97,438.8262733231811,9.970047656725471,0.0,False,-1,,0.71,
correlated,0.97,11,se_st2,ignore_corr,1,0.97,1143.239624688888,228.64792493777765,,False,-1,False,0.74,0.0
correlated,0.97,11,sp_ucb_st2,t3,1,0.97,448.22355848314913,57.43070066208497,0.0,False,-1,,0.72,
correlated,0.97,11,se_st2,t3,1,0.97,1143.239624688888,228.64792493777765,,False,-1,False,0.76,0.0
correlated,,11,sp_ucb_st2,ar7_as_ar1,1,0.7726771995088425,800.9795066437503,59.04173381546871,0.0,False,-1,,0.78,
correlated,,11,se_st2,ar7_as_ar1,1,0.7726771995088425,1143.239624688888,228.64792493777765,,False,-1,False,0.79,0.0
correlated,0.5,12,sp_ucb_st2,known,1,0.5,639.530538282786,103.33586431145831,0.0,False,-1,,0.73,
correlated,0.5,12,se_st2,known,1,0.5,1205.9252258543593,241.18504517087183,,False,-1,False,0.73,0.0
correlated,0.5,12,sp_ucb_st2,fit100,1,0.5086164938063296,667.8754242249204,84.52490429220393,0.0,False,-1,,0.69,
correlated,0.5,12,se_st2,fit100,1,0.5086164938063296,1205.9252258543593,241.18504517087183,,False,-1,False,0.73,0.0
correlated,0.5,12,sp_ucb_st2,fit365,1,0.48334187722513106,499.94289094940365,101.12945425177747,0.0,False,-1,,0.71,
correlated,0.5,12,se_st2,fit365,1,0.48334187722513106,1205.9252258543593,241.18504517087183,,False,-1,False,0.75,0.0
correlated,0.5,12,sp_ucb_st2,fit100_cons,1,0.5875177207927437,540.9439320659224,38.5761852906805,0.0,False,-1,,0.69,
correlated,0.5,12,se_st2,fit100_cons,1,0.5875177207927437,1205.9252258543593,241.18504517087183,,False,-1,False,0.78,0.0
correlated,0.5,12,sp_ucb_st2,phi_bias,1,0.45,540.9191410090992,52.71494162280045,0.0,False,-1,,0.72,
correlated,0.5,12,se_st2,phi_bias,1,0.45,1205.9252258543593,241.18504517087183,,False,-1,False,0.79,0.0
correlated,0.5,12,sp_ucb_st2,ignore_corr,1,0.5,628.7736670507695,79.57570045296049,0.0,False,-1,,0.77,
correlated,0.5,12,se_st2,ignore_corr,1,0.5,1205.9252258543593,241.18504517087183,,False,-1,False,0.77,0.0
correlated,0.5,12,sp_ucb_st2,t3,1,0.5,420.5255865879584,30.7614104671585,0.0,False,-1,,0.69,
correlated,0.5,12,se_st2,t3,1,0.5,1205.9252258543593,241.18504517087183,,False,-1,False,0.81,0.0
correlated,0.9,12,sp_ucb_st2,known,1,0.9,781.1972508788666,132.71440239307563,0.0,False,-1,,0.75,
correlated,0.9,12,se_st2,known,1,0.9,1205.9252258543593,241.18504517087183,,False,-1,False,0.82,0.0
correlated,0.9,12,sp_ucb_st2,fit100,1,0.8730322612395696,770.9417666493675,138.26033625847856,0.0,False,-1,,0.73,
correlated,0.9,12,se_st2,fit100,1,0.8730322612395696,1205.9252258543593,241.18504517087183,,False,-1,False,0.84,0.0
correlated,0.9,12,sp_ucb_st2,fit365,1,0.8836081085844832,771.3343975605065,208.67170002913025,0.0,False,-1,,0.78,
correlated,0.9,12,se_st2,fit365,1,0.8836081085844832,1205.9252258543593,241.18504517087183,,False,-1,False,0.79,0.0
correlated,0.9,12,sp_ucb_st2,fit100_cons,1,0.8962929588641197,647.1010828941501,82.74720763984902,0.0,False,-1,,0.79,
correlated,0.9,12,se_st2,fit100_cons,1,0.8962929588641197,1205.9252258543593,241.18504517087183,,False,-1,False,0.8,0.0
correlated,0.9,12,sp_ucb_st2,phi_bias,1,0.85,808.6234451718952,96.86564824721839,0.0,False,-1,,0.76,
correlated,0.9,12,se_st2,phi_bias,1,0.85,1205.9252258543593,241.18504517087183,,False,-1,False,0.79,0.0
correlated,0.9,12,sp_ucb_st2,ignore_corr,1,0.9,681.337688440924,110.3152569940064,0.0,False,-1,,0.8,
correlated,0.9,12,se_st2,ignore_corr,1,0.9,1205.9252258543593,241.18504517087183,,False,-1,False,0.8,0.0
correlated,0.9,12,sp_ucb_st2,t3,1,0.9,1299.5742147139188,258.53586309664763,0.0,False,-1,,0.83,
correlated,0.9,12,se_st2,t3,1,0.9,1205.9252258543593,241.18504517087183,,False,-1,False,0.78,0.0
correlated,0.97,12,sp_ucb_st2,known,1,0.97,635.4245707140834,101.22838571588429,0.0,False,-1,,0.73,
correlated,0.97,12,se_st2,known,1,0.97,1205.9252258543593,241.18504517087183,,False,-1,False,0.77,0.0
correlated,0.97,12,sp_ucb_st2,fit100,1,0.9336005102145597,539.2008575837488,104.98080150641627,0.0,False,-1,,0.74,
correlated,0.97,12,se_st2,fit100,1,0.9336005102145597,1205.9252258543593,241.18504517087183,,False,-1,False,0.81,0.0
correlated,0.97,12,sp_ucb_st2,fit365,1,0.9602136911717217,877.5955460129499,112.97474451276864,0.0,False,-1,,0.78,
correlated,0.97,12,se_st2,fit365,1,0.9602136911717217,1205.9252258543593,241.18504517087183,,False,-1,False,0.82,0.0
correlated,0.97,12,sp_ucb_st2,fit100_cons,1,0.9525269131826254,868.5729075326481,261.2474855978536,0.0,False,-1,,0.78,
correlated,0.97,12,se_st2,fit100_cons,1,0.9525269131826254,1205.9252258543593,241.18504517087183,,False,-1,False,0.82,0.0
correlated,0.97,12,sp_ucb_st2,phi_bias,1,0.9199999999999999,847.3113239068517,103.46675654087835,0.0,False,-1,,0.76,
correlated,0.97,12,se_st2,phi_bias,1,0.9199999999999999,1205.9252258543593,241.18504517087183,,False,-1,False,0.82,0.0
correlated,0.97,12,sp_ucb_st2,ignore_corr,1,0.97,867.5250449275411,235.2872246442953,0.0,False,-1,,0.73,
correlated,0.97,12,se_st2,ignore_corr,1,0.97,1205.9252258543593,241.18504517087183,,False,-1,False,0.84,0.0
correlated,0.97,12,sp_ucb_st2,t3,1,0.97,1075.3483411280642,186.68119818425168,0.0,False,-1,,0.78,
correlated,0.97,12,se_st2,t3,1,0.97,1205.9252258543593,241.18504517087183,,False,-1,False,0.77,0.0
correlated,,12,sp_ucb_st2,ar7_as_ar1,1,0.7881414931816183,698.1570696984744,102.78978570776752,0.0,False,-1,,0.78,
correlated,,12,se_st2,ar7_as_ar1,1,0.7881414931816183,1205.9252258543593,241.18504517087183,,False,-1,False,0.84,0.0
correlated,0.5,13,sp_ucb_st2,known,1,0.5,467.12927682567744,33.28761167692277,0.0,False,-1,,0.77,
correlated,0.5,13,se_st2,known,1,0.5,1222.8823432211072,244.5764686442214,,False,-1,False,0.82,0.0
correlated,0.5,13,sp_ucb_st2,fit100,1,0.49704217428001246,605.9612667245899,59.013034439643015,0.0,False,-1,,0.76,
correlated,0.5,13,se_st2,fit100,1,0.49704217428001246,1222.8823432211072,244.5764686442214,,False,-1,False,0.81,0.0
correlated,0.5,13,sp_ucb_st2,fit365,1,0.500147454981455,428.38972776476066,34.27140278091881,0.0,False,-1,,0.78,
correlated,0.5,13,se_st2,fit365,1,0.500147454981455,1222.8823432211072,244.5764686442214,,False,-1,False,0.81,0.0
correlated,0.5,13,sp_ucb_st2,fit100_cons,1,0.5773221309785648,400.406852321623,6.585291216608869,0.0,False,-1,,0.77,
correlated,0.5,13,se_st2,fit100_cons,1,0.5773221309785648,1222.8823432211072,244.5764686442214,,False,-1,False,0.81,0.0
correlated,0.5,13,sp_ucb_st2,phi_bias,1,0.45,562.3709439744242,55.63118545946615,0.0,False,-1,,0.75,
correlated,0.5,13,se_st2,phi_bias,1,0.45,1222.8823432211072,244.5764686442214,,False,-1,False,0.76,0.0
correlated,0.5,13,sp_ucb_st2,ignore_corr,1,0.5,528.5741748077692,63.240721939100105,0.0,False,-1,,0.75,
correlated,0.5,13,se_st2,ignore_corr,1,0.5,1222.8823432211072,244.5764686442214,,False,-1,False,0.85,0.0
correlated,0.5,13,sp_ucb_st2,t3,1,0.5,490.66069648675716,23.521437039512485,0.0,False,-1,,0.79,
correlated,0.5,13,se_st2,t3,1,0.5,1222.8823432211072,244.57646864422145,,False,-1,False,0.8,0.0
correlated,0.9,13,sp_ucb_st2,known,1,0.9,589.2710447905936,134.73860199279906,0.0,False,-1,,0.76,
correlated,0.9,13,se_st2,known,1,0.9,1222.8823432211072,244.5764686442214,,False,-1,False,0.82,0.0
correlated,0.9,13,sp_ucb_st2,fit100,1,0.8811762231987463,817.7835854980084,137.48888393775266,0.0,False,-1,,0.8,
correlated,0.9,13,se_st2,fit100,1,0.8811762231987463,1222.8823432211072,244.5764686442214,,False,-1,False,0.8,0.0
correlated,0.9,13,sp_ucb_st2,fit365,1,0.8950838334224541,615.164664142491,125.10521824167293,0.0,False,-1,,0.77,
correlated,0.9,13,se_st2,fit365,1,0.8950838334224541,1222.8823432211072,244.5764686442214,,False,-1,False,0.81,0.0
correlated,0.9,13,sp_ucb_st2,fit100_cons,1,0.9080869849661422,594.4895392627027,28.732513259622294,0.0,False,-1,,0.73,
correlated,0.9,13,se_st2,fit100_cons,1,0.9080869849661422,1222.8823432211072,244.5764686442214,,False,-1,False,0.79,0.0
correlated,0.9,13,sp_ucb_st2,phi_bias,1,0.85,560.8628575344994,93.04352287844976,0.0,False,-1,,0.77,
correlated,0.9,13,se_st2,phi_bias,1,0.85,1222.8823432211072,244.5764686442214,,False,-1,False,0.79,0.0
correlated,0.9,13,sp_ucb_st2,ignore_corr,1,0.9,634.5608558909182,3.1948016564413315,0.0,False,-1,,0.8,
correlated,0.9,13,se_st2,ignore_corr,1,0.9,1222.8823432211072,244.5764686442214,,False,-1,False,0.81,0.0
correlated,0.9,13,sp_ucb_st2,t3,1,0.9,665.4430448175476,65.2708629086321,0.0,False,-1,,0.79,
correlated,0.9,13,se_st2,t3,1,0.9,1222.8823432211072,244.57646864422145,,False,-1,False,0.79,0.0
correlated,0.97,13,sp_ucb_st2,known,1,0.97,991.7016929864612,93.74564863126159,0.0,False,-1,,0.74,
correlated,0.97,13,se_st2,known,1,0.97,1222.8823432211072,244.5764686442214,,False,-1,False,0.79,0.0
correlated,0.97,13,sp_ucb_st2,fit100,1,0.9420868510722407,807.2040077237143,184.08476426117562,0.0,False,-1,,0.71,
correlated,0.97,13,se_st2,fit100,1,0.9420868510722407,1222.8823432211072,244.5764686442214,,False,-1,False,0.79,0.0
correlated,0.97,13,sp_ucb_st2,fit365,1,0.9616462289756615,886.8408791410973,257.1044784339691,0.0,False,-1,,0.78,
correlated,0.97,13,se_st2,fit365,1,0.9616462289756615,1222.8823432211072,244.5764686442214,,False,-1,False,0.82,0.0
correlated,0.97,13,sp_ucb_st2,fit100_cons,1,0.9552167384685686,645.9039339278831,5.849315187108273,0.0,False,-1,,0.8,
correlated,0.97,13,se_st2,fit100_cons,1,0.9552167384685686,1222.8823432211072,244.5764686442214,,False,-1,False,0.84,0.0
correlated,0.97,13,sp_ucb_st2,phi_bias,1,0.9199999999999999,737.7952225363063,166.4745975897809,0.0,False,-1,,0.79,
correlated,0.97,13,se_st2,phi_bias,1,0.9199999999999999,1222.8823432211072,244.5764686442214,,False,-1,False,0.79,0.0
correlated,0.97,13,sp_ucb_st2,ignore_corr,1,0.97,444.6843039376922,15.977054615290676,0.0,False,-1,,0.77,
correlated,0.97,13,se_st2,ignore_corr,1,0.97,1222.8823432211072,244.5764686442214,,False,-1,False,0.8,0.0
correlated,0.97,13,sp_ucb_st2,t3,1,0.97,756.8857022441975,94.28346822753798,0.0,False,-1,,0.76,
correlated,0.97,13,se_st2,t3,1,0.97,1222.8823432211072,244.57646864422145,,False,-1,False,0.79,0.0
correlated,,13,sp_ucb_st2,ar7_as_ar1,1,0.7742977662271592,331.4474035236145,3.131691288435927,0.0,False,-1,,0.82,
correlated,,13,se_st2,ar7_as_ar1,1,0.7742977662271592,1109.4519881933725,207.28836558821794,,False,-1,False,0.85,0.0
correlated,0.5,14,sp_ucb_st2,known,1,0.5,231.25828680095142,23.958419808977524,0.0,False,-1,,0.71,
correlated,0.5,14,se_st2,known,1,0.5,1118.5648907479974,223.71297814959945,,False,-1,False,0.79,0.0
correlated,0.5,14,sp_ucb_st2,fit100,1,0.48492012159424525,364.38439808515045,29.056675050478756,0.0,False,-1,,0.75,
correlated,0.5,14,se_st2,fit100,1,0.48492012159424525,1118.5648907479974,223.71297814959945,,False,-1,False,0.75,0.0
correlated,0.5,14,sp_ucb_st2,fit365,1,0.5218250753105561,346.4457626488553,37.77487044187945,0.0,False,-1,,0.74,
correlated,0.5,14,se_st2,fit365,1,0.5218250753105561,1118.5648907479974,223.71297814959945,,False,-1,False,0.78,0.0
correlated,0.5,14,sp_ucb_st2,fit100_cons,1,0.5666632506547575,407.5247971897896,16.30400589427255,0.0,False,-1,,0.73,
correlated,0.5,14,se_st2,fit100_cons,1,0.5666632506547575,1118.5648907479974,223.71297814959945,,False,-1,False,0.78,0.0
correlated,0.5,14,sp_ucb_st2,phi_bias,1,0.45,389.3046256136172,18.209224766944153,0.0,False,-1,,0.79,
correlated,0.5,14,se_st2,phi_bias,1,0.45,1118.5648907479974,223.71297814959945,,False,-1,False,0.78,0.0
correlated,0.5,14,sp_ucb_st2,ignore_corr,1,0.5,409.64742610078173,36.5806009453685,0.0,False,-1,,0.76,
correlated,0.5,14,se_st2,ignore_corr,1,0.5,1118.5648907479974,223.71297814959945,,False,-1,False,0.8,0.0
correlated,0.5,14,sp_ucb_st2,t3,1,0.5,207.1637917089369,14.360412570301005,0.0,False,-1,,0.83,
correlated,0.5,14,se_st2,t3,1,0.5,1118.5648907479977,223.71297814959948,,True,11,False,0.82,0.004
correlated,0.9,14,sp_ucb_st2,known,1,0.9,678.8178570067178,31.146498162216204,0.0,False,-1,,0.78,
correlated,0.9,14,se_st2,known,1,0.9,1118.5648907479974,223.71297814959945,,False,-1,False,0.83,0.0
correlated,0.9,14,sp_ucb_st2,fit100,1,0.8736651853685827,653.1179496787202,59.94343512195667,0.0,False,-1,,0.75,
correlated,0.9,14,se_st2,fit100,1,0.8736651853685827,1118.5648907479974,223.71297814959945,,False,-1,False,0.79,0.0
correlated,0.9,14,sp_ucb_st2,fit365,1,0.8973568660029665,716.8521554894339,44.00415016751132,0.0,False,-1,,0.75,
correlated,0.9,14,se_st2,fit365,1,0.8973568660029665,1118.5648907479974,223.71297814959945,,False,-1,False,0.81,0.0
correlated,0.9,14,sp_ucb_st2,fit100_cons,1,0.8959199158267585,695.7007331738359,84.7811468887976,0.0,False,-1,,0.76,
correlated,0.9,14,se_st2,fit100_cons,1,0.8959199158267585,1118.5648907479974,223.71297814959945,,False,-1,False,0.73,0.0
correlated,0.9,14,sp_ucb_st2,phi_bias,1,0.85,754.0711094053127,100.06952234254553,0.0,False,-1,,0.72,
correlated,0.9,14,se_st2,phi_bias,1,0.85,1118.5648907479974,223.71297814959945,,False,-1,False,0.81,0.0
correlated,0.9,14,sp_ucb_st2,ignore_corr,1,0.9,694.4439116852154,135.75682252308042,0.0,False,-1,,0.81,
correlated,0.9,14,se_st2,ignore_corr,1,0.9,1118.5648907479974,223.71297814959945,,False,-1,False,0.82,0.0
correlated,0.9,14,sp_ucb_st2,t3,1,0.9,570.5196504695198,106.36837398387664,0.0,False,-1,,0.75,
correlated,0.9,14,se_st2,t3,1,0.9,1118.5648907479977,223.71297814959948,,False,-1,False,0.81,0.0
correlated,0.97,14,sp_ucb_st2,known,1,0.97,773.726167815208,118.40257678921948,0.0,False,-1,,0.79,
correlated,0.97,14,se_st2,known,1,0.97,1118.5648907479974,223.71297814959945,,False,-1,False,0.82,0.0
correlated,0.97,14,sp_ucb_st2,fit100,1,0.946865581023116,931.897968367057,109.96512580293995,0.0,False,-1,,0.79,
correlated,0.97,14,se_st2,fit100,1,0.946865581023116,1118.5648907479974,223.71297814959945,,False,-1,False,0.8,0.0
correlated,0.97,14,sp_ucb_st2,fit365,1,0.9659215247145151,869.4236743792515,124.52907008709278,0.0,False,-1,,0.77,
correlated,0.97,14,se_st2,fit365,1,0.9659215247145151,1118.5648907479974,223.71297814959945,,False,-1,False,0.77,0.0
correlated,0.97,14,sp_ucb_st2,fit100_cons,1,0.9630209371823816,773.6299547687477,90.35621008459623,0.0,False,-1,,0.78,
correlated,0.97,14,se_st2,fit100_cons,1,0.9630209371823816,1118.5648907479974,223.71297814959945,,False,-1,False,0.78,0.0
correlated,0.97,14,sp_ucb_st2,phi_bias,1,0.9199999999999999,757.9541774800684,50.37584071192961,0.0,False,-1,,0.76,
correlated,0.97,14,se_st2,phi_bias,1,0.9199999999999999,1118.5648907479974,223.71297814959945,,False,-1,False,0.84,0.0
correlated,0.97,14,sp_ucb_st2,ignore_corr,1,0.97,632.9795428629898,44.91624986120832,0.0,False,-1,,0.8,
correlated,0.97,14,se_st2,ignore_corr,1,0.97,1118.5648907479974,223.71297814959945,,False,-1,False,0.77,0.0
correlated,0.97,14,sp_ucb_st2,t3,1,0.97,858.4591024954939,121.26414868804738,0.0,False,-1,,0.8,
correlated,0.97,14,se_st2,t3,1,0.97,1118.5648907479977,223.71297814959948,,False,-1,False,0.76,0.0
correlated,,14,sp_ucb_st2,ar7_as_ar1,1,0.7807060409584413,888.1676915460179,111.9140382417477,0.0,False,-1,,0.75,
correlated,,14,se_st2,ar7_as_ar1,1,0.7807060409584413,1118.5648907479974,223.71297814959945,,False,-1,False,0.84,0.0
correlated,0.5,15,sp_ucb_st2,known,1,0.5,445.30273923943133,23.023670989554063,0.0,False,-1,,0.75,
correlated,0.5,15,se_st2,known,1,0.5,1168.4134044299133,233.68268088598268,,False,-1,False,0.81,0.0
correlated,0.5,15,sp_ucb_st2,fit100,1,0.4932971534076559,377.17116942595686,30.725708478723732,0.0,False,-1,,0.77,
correlated,0.5,15,se_st2,fit100,1,0.4932971534076559,1168.4134044299133,233.68268088598268,,False,-1,False,0.81,0.0
correlated,0.5,15,sp_ucb_st2,fit365,1,0.5295562054455993,372.1539242481997,26.341000703759427,0.0,False,-1,,0.81,
correlated,0.5,15,se_st2,fit365,1,0.5295562054455993,1168.4134044299133,233.68268088598268,,False,-1,False,0.84,0.0
correlated,0.5,15,sp_ucb_st2,fit100_cons,1,0.5748060029960879,395.0783599716374,24.77304883289455,0.0,False,-1,,0.76,
correlated,0.5,15,se_st2,fit100_cons,1,0.5748060029960879,1168.4134044299133,233.68268088598268,,False,-1,False,0.82,0.0
correlated,0.5,15,sp_ucb_st2,phi_bias,1,0.45,462.68569892841913,27.43389474101769,0.0,False,-1,,0.76,
correlated,0.5,15,se_st2,phi_bias,1,0.45,1168.4134044299133,233.68268088598268,,False,-1,False,0.8,0.0
correlated,0.5,15,sp_ucb_st2,ignore_corr,1,0.5,414.8660949686424,33.59056927768361,0.0,False,-1,,0.73,
correlated,0.5,15,se_st2,ignore_corr,1,0.5,1168.4134044299133,233.68268088598268,,False,-1,False,0.78,0.0
correlated,0.5,15,sp_ucb_st2,t3,1,0.5,349.8195661969751,34.682564713857076,0.6816,True,1592,,0.78,
correlated,0.5,15,se_st2,t3,1,0.5,872.1912268550568,170.57736694110338,,False,-1,False,0.83,0.0
correlated,0.9,15,sp_ucb_st2,known,1,0.9,685.7480742599741,41.37415296902843,0.0,False,-1,,0.76,
correlated,0.9,15,se_st2,known,1,0.9,1168.4134044299133,233.68268088598268,,False,-1,False,0.74,0.0
correlated,0.9,15,sp_ucb_st2,fit100,1,0.8907838659767569,811.6248257599639,18.53191193594931,0.0,False,-1,,0.73,
correlated,0.9,15,se_st2,fit100,1,0.8907838659767569,1168.4134044299133,233.68268088598268,,False,-1,False,0.84,0.0
correlated,0.9,15,sp_ucb_st2,fit365,1,0.9053015474942628,748.0674795772326,33.18447900530117,0.0,False,-1,,0.74,
correlated,0.9,15,se_st2,fit365,1,0.9053015474942628,1168.4134044299133,233.68268088598268,,False,-1,False,0.77,0.0
correlated,0.9,15,sp_ucb_st2,fit100_cons,1,0.930427087015831,672.1975919327352,45.19114264397469,0.0,False,-1,,0.77,
correlated,0.9,15,se_st2,fit100_cons,1,0.930427087015831,1168.4134044299133,233.68268088598268,,False,-1,False,0.79,0.0
correlated,0.9,15,sp_ucb_st2,phi_bias,1,0.85,806.429461696434,41.11963155444675,0.0,False,-1,,0.65,
correlated,0.9,15,se_st2,phi_bias,1,0.85,1168.4134044299133,233.68268088598268,,False,-1,False,0.71,0.0
correlated,0.9,15,sp_ucb_st2,ignore_corr,1,0.9,565.9752605498452,31.785085235185306,0.0,False,-1,,0.82,
correlated,0.9,15,se_st2,ignore_corr,1,0.9,1168.4134044299133,233.68268088598268,,False,-1,False,0.75,0.0
correlated,0.9,15,sp_ucb_st2,t3,1,0.9,485.8374963739714,53.56692868292029,0.0,False,-1,,0.72,
correlated,0.9,15,se_st2,t3,1,0.9,1168.4134044299135,233.68268088598268,,False,-1,False,0.77,0.0
correlated,0.97,15,sp_ucb_st2,known,1,0.97,1018.0006434732722,41.541723336951506,0.0,False,-1,,0.73,
correlated,0.97,15,se_st2,known,1,0.97,1168.4134044299133,233.68268088598268,,False,-1,False,0.79,0.0
correlated,0.97,15,sp_ucb_st2,fit100,1,0.9533035046379463,895.5898703635582,36.91601501738947,0.0,False,-1,,0.74,
correlated,0.97,15,se_st2,fit100,1,0.9533035046379463,1168.4134044299133,233.68268088598268,,False,-1,False,0.72,0.0
correlated,0.97,15,sp_ucb_st2,fit365,1,0.9694965965607208,765.0772178252341,11.697456647934237,0.0,False,-1,,0.71,
correlated,0.97,15,se_st2,fit365,1,0.9694965965607208,1168.4134044299133,233.68268088598268,,False,-1,False,0.77,0.0
correlated,0.97,15,sp_ucb_st2,fit100_cons,1,0.9745959963344181,703.7567886937212,33.35509047865331,0.0,False,-1,,0.72,
correlated,0.97,15,se_st2,fit100_cons,1,0.9745959963344181,1168.4134044299133,233.68268088598268,,False,-1,False,0.71,0.0
correlated,0.97,15,sp_ucb_st2,phi_bias,1,0.9199999999999999,820.5811503929851,45.28836884965645,0.0,False,-1,,0.73,
correlated,0.97,15,se_st2,phi_bias,1,0.9199999999999999,1168.4134044299133,233.68268088598268,,False,-1,False,0.73,0.0
correlated,0.97,15,sp_ucb_st2,ignore_corr,1,0.97,672.1265796796351,31.785085235185306,0.0,False,-1,,0.68,
correlated,0.97,15,se_st2,ignore_corr,1,0.97,1168.4134044299133,233.68268088598268,,False,-1,False,0.74,0.0
correlated,0.97,15,sp_ucb_st2,t3,1,0.97,798.7981007917642,169.96957119255748,0.0,False,-1,,0.72,
correlated,0.97,15,se_st2,t3,1,0.97,1168.4134044299135,233.68268088598268,,False,-1,False,0.77,0.0
correlated,,15,sp_ucb_st2,ar7_as_ar1,1,0.8341229182575205,896.6284096002523,42.251822737335246,0.0,False,-1,,0.72,
correlated,,15,se_st2,ar7_as_ar1,1,0.8341229182575205,1168.4134044299133,233.68268088598268,,False,-1,False,0.72,0.0
correlated,0.5,16,sp_ucb_st2,known,1,0.5,395.9253200590938,20.721273673550517,0.0,False,-1,,0.68,
correlated,0.5,16,se_st2,known,1,0.5,1160.443259796285,232.08865195925705,,False,-1,False,0.77,0.0
correlated,0.5,16,sp_ucb_st2,fit100,1,0.46063837559627474,617.9492007546708,95.74803757862821,0.0,False,-1,,0.74,
correlated,0.5,16,se_st2,fit100,1,0.46063837559627474,1160.443259796285,232.08865195925705,,False,-1,False,0.74,0.0
correlated,0.5,16,sp_ucb_st2,fit365,1,0.49775430035435553,505.3615274935453,29.921485873672022,0.0,False,-1,,0.72,
correlated,0.5,16,se_st2,fit365,1,0.49775430035435553,1160.443259796285,232.08865195925705,,False,-1,False,0.8,0.0
correlated,0.5,16,sp_ucb_st2,fit100_cons,1,0.554146299605054,437.7624780417924,14.840550208052449,0.0,False,-1,,0.75,
correlated,0.5,16,se_st2,fit100_cons,1,0.554146299605054,1160.443259796285,232.08865195925705,,False,-1,False,0.75,0.0
correlated,0.5,16,sp_ucb_st2,phi_bias,1,0.45,373.09858838021523,11.751499732522191,0.0,False,-1,,0.71,
correlated,0.5,16,se_st2,phi_bias,1,0.45,1160.443259796285,232.08865195925705,,False,-1,False,0.77,0.0
correlated,0.5,16,sp_ucb_st2,ignore_corr,1,0.5,368.9475286378303,1.107851610984573,0.0,False,-1,,0.74,
correlated,0.5,16,se_st2,ignore_corr,1,0.5,1160.443259796285,232.08865195925705,,False,-1,False,0.75,0.0
correlated,0.5,16,sp_ucb_st2,t3,1,0.5,531.0895006632169,74.17294229385573,0.9952,True,24,,0.69,
correlated,0.5,16,se_st2,t3,1,0.5,1160.443259796285,232.08865195925705,,False,-1,False,0.77,0.0
correlated,0.9,16,sp_ucb_st2,known,1,0.9,1040.5162787154088,92.0246429653534,0.0,False,-1,,0.73,
correlated,0.9,16,se_st2,known,1,0.9,1160.443259796285,232.08865195925705,,False,-1,False,0.78,0.0
correlated,0.9,16,sp_ucb_st2,fit100,1,0.8860488813781665,483.0587347875088,31.230893711212534,0.0,False,-1,,0.67,
correlated,0.9,16,se_st2,fit100,1,0.8860488813781665,1160.443259796285,232.08865195925705,,False,-1,False,0.75,0.0
correlated,0.9,16,sp_ucb_st2,fit365,1,0.9046312537276935,855.4552693069609,100.75738806347857,0.0,False,-1,,0.67,
correlated,0.9,16,se_st2,fit365,1,0.9046312537276935,1160.443259796285,232.08865195925705,,False,-1,False,0.76,0.0
correlated,0.9,16,sp_ucb_st2,fit100_cons,1,0.9204683890512535,589.5708355350956,109.15269889763252,0.0,False,-1,,0.72,
correlated,0.9,16,se_st2,fit100_cons,1,0.9204683890512535,1160.443259796285,232.08865195925705,,False,-1,False,0.77,0.0
correlated,0.9,16,sp_ucb_st2,phi_bias,1,0.85,926.4649966778605,59.25168792945496,0.0,False,-1,,0.72,
correlated,0.9,16,se_st2,phi_bias,1,0.85,1160.443259796285,232.08865195925705,,False,-1,False,0.84,0.0
correlated,0.9,16,sp_ucb_st2,ignore_corr,1,0.9,528.5457574738658,0.6358011673293186,0.0,False,-1,,0.73,
correlated,0.9,16,se_st2,ignore_corr,1,0.9,1160.443259796285,232.08865195925705,,False,-1,False,0.74,0.0
correlated,0.9,16,sp_ucb_st2,t3,1,0.9,759.209817847074,162.59910345437586,0.0,False,-1,,0.71,
correlated,0.9,16,se_st2,t3,1,0.9,1160.443259796285,232.08865195925705,,False,-1,False,0.73,0.0
correlated,0.97,16,sp_ucb_st2,known,1,0.97,571.154071187849,147.79354647976447,0.0,False,-1,,0.68,
correlated,0.97,16,se_st2,known,1,0.97,1160.443259796285,232.08865195925705,,False,-1,False,0.73,0.0
correlated,0.97,16,sp_ucb_st2,fit100,1,0.9508202743039704,421.062802578454,8.677510777560762,0.0,False,-1,,0.7,
correlated,0.97,16,se_st2,fit100,1,0.9508202743039704,1160.443259796285,232.08865195925705,,False,-1,False,0.79,0.0
correlated,0.97,16,sp_ucb_st2,fit365,1,0.9719664676199657,463.99425406976354,24.134478283777486,0.0,False,-1,,0.66,
correlated,0.97,16,se_st2,fit365,1,0.9719664676199657,1160.443259796285,232.08865195925705,,False,-1,False,0.78,0.0
correlated,0.97,16,sp_ucb_st2,fit100_cons,1,0.969916861442418,970.5345518199418,228.586523941415,0.0,False,-1,,0.68,
correlated,0.97,16,se_st2,fit100_cons,1,0.969916861442418,1160.443259796285,232.08865195925705,,False,-1,False,0.74,0.0
correlated,0.97,16,sp_ucb_st2,phi_bias,1,0.9199999999999999,868.1883413409737,153.81125849905408,0.0,False,-1,,0.7,
correlated,0.97,16,se_st2,phi_bias,1,0.9199999999999999,1160.443259796285,232.08865195925705,,False,-1,False,0.75,0.0
correlated,0.97,16,sp_ucb_st2,ignore_corr,1,0.97,608.481664944156,33.48095323748474,0.0,False,-1,,0.69,
correlated,0.97,16,se_st2,ignore_corr,1,0.97,1160.443259796285,232.08865195925705,,False,-1,False,0.74,0.0
correlated,0.97,16,sp_ucb_st2,t3,1,0.97,573.7267837712162,48.25391728981444,0.0,False,-1,,0.75,
correlated,0.97,16,se_st2,t3,1,0.97,1160.443259796285,232.08865195925705,,False,-1,False,0.76,0.0
correlated,,16,sp_ucb_st2,ar7_as_ar1,1,0.8503286103054944,441.5532543737139,7.540398580099556,0.0,False,-1,,0.79,
correlated,,16,se_st2,ar7_as_ar1,1,0.8503286103054944,1160.443259796285,232.08865195925705,,False,-1,False,0.8,0.0
correlated,0.5,17,sp_ucb_st2,known,1,0.5,263.95117459640534,22.71841004898345,0.0,False,-1,,0.71,
correlated,0.5,17,se_st2,known,1,0.5,1112.5938901823765,222.51877803647537,,False,-1,False,0.72,0.0
correlated,0.5,17,sp_ucb_st2,fit100,1,0.4209878199184447,264.9699831562134,46.848932116596885,0.0,False,-1,,0.69,
correlated,0.5,17,se_st2,fit100,1,0.4209878199184447,1112.5938901823765,222.51877803647537,,False,-1,False,0.72,0.0
correlated,0.5,17,sp_ucb_st2,fit365,1,0.4376872314029429,254.35381635838087,21.813013230403776,0.0,False,-1,,0.75,
correlated,0.5,17,se_st2,fit365,1,0.4376872314029429,1112.5938901823765,222.51877803647537,,False,-1,False,0.74,0.0
correlated,0.5,17,sp_ucb_st2,fit100_cons,1,0.492229046627384,285.4161133190687,36.91458200462753,0.0,False,-1,,0.72,
correlated,0.5,17,se_st2,fit100_cons,1,0.492229046627384,1112.5938901823765,222.51877803647537,,False,-1,False,0.78,0.0
correlated,0.5,17,sp_ucb_st2,phi_bias,1,0.45,293.940332965134,61.56557893580476,0.0,False,-1,,0.67,
correlated,0.5,17,se_st2,phi_bias,1,0.45,1112.5938901823765,222.51877803647537,,False,-1,False,0.73,0.0
correlated,0.5,17,sp_ucb_st2,ignore_corr,1,0.5,230.87391516046168,32.19007924889278,0.0,False,-1,,0.7,
correlated,0.5,17,se_st2,ignore_corr,1,0.5,1112.5938901823765,222.51877803647537,,False,-1,False,0.71,0.0
correlated,0.5,17,sp_ucb_st2,t3,1,0.5,428.60026388214493,39.27045370062052,0.0,False,-1,,0.72,
correlated,0.5,17,se_st2,t3,1,0.5,1112.5938901823765,222.51877803647534,,False,-1,False,0.76,0.0
correlated,0.9,17,sp_ucb_st2,known,1,0.9,408.46526494654756,43.35350385346775,0.0,False,-1,,0.68,
correlated,0.9,17,se_st2,known,1,0.9,1112.5938901823765,222.51877803647537,,False,-1,False,0.76,0.0
correlated,0.9,17,sp_ucb_st2,fit100,1,0.8544645917601182,323.8354709396207,46.99478033284824,0.0,False,-1,,0.73,
correlated,0.9,17,se_st2,fit100,1,0.8544645917601182,1112.5938901823765,222.51877803647537,,False,-1,False,0.73,0.0
correlated,0.9,17,sp_ucb_st2,fit365,1,0.8770901031325503,323.2528131021171,28.22821937649112,0.0,False,-1,,0.7,
correlated,0.9,17,se_st2,fit365,1,0.8770901031325503,1112.5938901823765,222.51877803647537,,False,-1,False,0.73,0.0
correlated,0.9,17,sp_ucb_st2,fit100_cons,1,0.8764273375265315,347.7722876257729,10.756314741261114,0.0,False,-1,,0.73,
correlated,0.9,17,se_st2,fit100_cons,1,0.8764273375265315,1112.5938901823765,222.51877803647537,,False,-1,False,0.77,0.0
correlated,0.9,17,sp_ucb_st2,phi_bias,1,0.85,294.6363066853509,29.86357492302031,0.0,False,-1,,0.77,
correlated,0.9,17,se_st2,phi_bias,1,0.85,1112.5938901823765,222.51877803647537,,False,-1,False,0.74,0.0
correlated,0.9,17,sp_ucb_st2,ignore_corr,1,0.9,359.9326341388907,14.799553399589023,0.0,False,-1,,0.77,
correlated,0.9,17,se_st2,ignore_corr,1,0.9,1112.5938901823765,222.51877803647537,,False,-1,False,0.72,0.0
correlated,0.9,17,sp_ucb_st2,t3,1,0.9,834.8489029562257,147.3195526082589,0.0,False,-1,,0.71,
correlated,0.9,17,se_st2,t3,1,0.9,1112.5938901823765,222.51877803647534,,False,-1,False,0.74,0.0
correlated,0.97,17,sp_ucb_st2,known,1,0.97,318.08454166116167,110.76116799690072,0.0,False,-1,,0.76,
correlated,0.97,17,se_st2,known,1,0.97,1112.5938901823765,222.51877803647537,,False,-1,False,0.78,0.0
correlated,0.97,17,sp_ucb_st2,fit100,1,0.9172408537168589,246.21024292970924,22.43332371273223,0.0,False,-1,,0.7,
correlated,0.97,17,se_st2,fit100,1,0.9172408537168589,1112.5938901823765,222.51877803647537,,False,-1,False,0.75,0.0
correlated,0.97,17,sp_ucb_st2,fit365,1,0.9575746579026383,312.0180878356956,16.96966879300521,0.0,False,-1,,0.7,
correlated,0.97,17,se_st2,fit365,1,0.9575746579026383,1112.5938901823765,222.51877803647537,,False,-1,False,0.75,0.0
correlated,0.97,17,sp_ucb_st2,fit100_cons,1,0.937189826463172,184.38910227348606,9.76441876155817,0.0,False,-1,,0.7,
correlated,0.97,17,se_st2,fit100_cons,1,0.937189826463172,1112.5938901823765,222.51877803647537,,False,-1,False,0.76,0.0
correlated,0.97,17,sp_ucb_st2,phi_bias,1,0.9199999999999999,412.4599482315309,52.269540440517495,0.0,False,-1,,0.75,
correlated,0.97,17,se_st2,phi_bias,1,0.9199999999999999,1112.5938901823765,222.51877803647537,,False,-1,False,0.74,0.0
correlated,0.97,17,sp_ucb_st2,ignore_corr,1,0.97,235.6777331738252,22.842575142662636,0.0,False,-1,,0.73,
correlated,0.97,17,se_st2,ignore_corr,1,0.97,1112.5938901823765,222.51877803647537,,False,-1,False,0.8,0.0
correlated,0.97,17,sp_ucb_st2,t3,1,0.97,1062.4205019029328,328.1389930324285,0.0,False,-1,,0.71,
correlated,0.97,17,se_st2,t3,1,0.97,1112.5938901823765,222.51877803647534,,False,-1,False,0.81,0.0
correlated,,17,sp_ucb_st2,ar7_as_ar1,1,0.7200214156657561,215.6172246439342,14.536467864056021,0.0,False,-1,,0.77,
correlated,,17,se_st2,ar7_as_ar1,1,0.7200214156657561,1112.5938901823765,222.51877803647537,,True,292,False,0.83,0.029
correlated,0.5,18,sp_ucb_st2,known,1,0.5,381.13847401399346,59.05929102811341,0.0,False,-1,,0.7,
correlated,0.5,18,se_st2,known,1,0.5,1214.6083332168027,242.9216666433606,,False,-1,False,0.72,0.0
correlated,0.5,18,sp_ucb_st2,fit100,1,0.5038562938623465,696.3452226801256,38.24354435946237,0.0,False,-1,,0.74,
correlated,0.5,18,se_st2,fit100,1,0.5038562938623465,1214.6083332168027,242.9216666433606,,False,-1,False,0.74,0.0
correlated,0.5,18,sp_ucb_st2,fit365,1,0.48119939512787374,487.8430339239646,22.39052429531245,0.0,False,-1,,0.72,
correlated,0.5,18,se_st2,fit365,1,0.48119939512787374,1214.6083332168027,242.9216666433606,,False,-1,False,0.76,0.0
correlated,0.5,18,sp_ucb_st2,fit100_cons,1,0.5862541900579818,363.0990277364548,33.500569317313676,0.0,False,-1,,0.67,
correlated,0.5,18,se_st2,fit100_cons,1,0.5862541900579818,1214.6083332168027,242.9216666433606,,False,-1,False,0.76,0.0
correlated,0.5,18,sp_ucb_st2,phi_bias,1,0.45,521.2886960709022,118.21263863101404,0.0,False,-1,,0.71,
correlated,0.5,18,se_st2,phi_bias,1,0.45,1214.6083332168027,242.9216666433606,,False,-1,False,0.8,0.0
correlated,0.5,18,sp_ucb_st2,ignore_corr,1,0.5,318.8452159510981,10.51762508567841,0.0,False,-1,,0.74,
correlated,0.5,18,se_st2,ignore_corr,1,0.5,1214.6083332168027,242.9216666433606,,False,-1,False,0.75,0.0
correlated,0.5,18,sp_ucb_st2,t3,1,0.5,370.62523757014276,17.317116270381526,0.0,False,-1,,0.73,
correlated,0.5,18,se_st2,t3,1,0.5,1214.6083332168027,242.9216666433606,,False,-1,False,0.75,0.0
correlated,0.9,18,sp_ucb_st2,known,1,0.9,493.4053385839246,32.319138088711966,0.0,False,-1,,0.69,
correlated,0.9,18,se_st2,known,1,0.9,1214.6083332168027,242.9216666433606,,False,-1,False,0.74,0.0
correlated,0.9,18,sp_ucb_st2,fit100,1,0.8900618225256218,633.3703525376408,42.45688353128856,0.0,False,-1,,0.74,
correlated,0.9,18,se_st2,fit100,1,0.8900618225256218,1214.6083332168027,242.9216666433606,,False,-1,False,0.77,0.0
correlated,0.9,18,sp_ucb_st2,fit365,1,0.8851015311026439,640.083643179041,32.36225213857931,0.0,False,-1,,0.74,
correlated,0.9,18,se_st2,fit365,1,0.8851015311026439,1214.6083332168027,242.9216666433606,,False,-1,False,0.77,0.0
correlated,0.9,18,sp_ucb_st2,fit100_cons,1,0.9178014621277605,766.6792670214705,80.07965565109109,0.0,False,-1,,0.68,
correlated,0.9,18,se_st2,fit100_cons,1,0.9178014621277605,1214.6083332168027,242.9216666433606,,False,-1,False,0.76,0.0
correlated,0.9,18,sp_ucb_st2,phi_bias,1,0.85,412.73039272501273,88.71356075502015,0.0,False,-1,,0.69,
correlated,0.9,18,se_st2,phi_bias,1,0.85,1214.6083332168027,242.9216666433606,,False,-1,False,0.76,0.0
correlated,0.9,18,sp_ucb_st2,ignore_corr,1,0.9,510.4553388994804,24.578229464282913,0.0,False,-1,,0.74,
correlated,0.9,18,se_st2,ignore_corr,1,0.9,1214.6083332168027,242.9216666433606,,False,-1,False,0.78,0.0
correlated,0.9,18,sp_ucb_st2,t3,1,0.9,714.9068783438856,61.854355446270695,0.0,False,-1,,0.69,
correlated,0.9,18,se_st2,t3,1,0.9,1214.6083332168027,242.9216666433606,,False,-1,False,0.73,0.0
correlated,0.97,18,sp_ucb_st2,known,1,0.97,648.0529015042979,30.67222637534724,0.0,False,-1,,0.68,
correlated,0.97,18,se_st2,known,1,0.97,1214.6083332168027,242.9216666433606,,False,-1,False,0.78,0.0
correlated,0.97,18,sp_ucb_st2,fit100,1,0.9408875531418747,1476.637852984133,279.24952466702314,0.0,False,-1,,0.7,
correlated,0.97,18,se_st2,fit100,1,0.9408875531418747,1214.6083332168027,242.9216666433606,,False,-1,False,0.73,0.0
correlated,0.97,18,sp_ucb_st2,fit365,1,0.9579136552961868,652.7463513607419,9.973954078159085,0.0,False,-1,,0.72,
correlated,0.97,18,se_st2,fit365,1,0.9579136552961868,1214.6083332168027,242.9216666433606,,False,-1,False,0.72,0.0
correlated,0.97,18,sp_ucb_st2,fit100_cons,1,0.9564867347950685,390.5208512578073,75.14017544220663,0.0,False,-1,,0.71,
correlated,0.97,18,se_st2,fit100_cons,1,0.9564867347950685,1214.6083332168027,242.9216666433606,,False,-1,False,0.76,0.0
correlated,0.97,18,sp_ucb_st2,phi_bias,1,0.9199999999999999,906.5065020788566,29.713576307760547,0.0,False,-1,,0.74,
correlated,0.97,18,se_st2,phi_bias,1,0.9199999999999999,1214.6083332168027,242.9216666433606,,False,-1,False,0.77,0.0
correlated,0.97,18,sp_ucb_st2,ignore_corr,1,0.97,440.52027737058376,7.893936488259115,0.0,False,-1,,0.72,
correlated,0.97,18,se_st2,ignore_corr,1,0.97,1214.6083332168027,242.9216666433606,,False,-1,False,0.79,0.0
correlated,0.97,18,sp_ucb_st2,t3,1,0.97,359.1575535599619,111.16055393213018,0.0,False,-1,,0.72,
correlated,0.97,18,se_st2,t3,1,0.97,1214.6083332168027,242.9216666433606,,False,-1,False,0.72,0.0
correlated,,18,sp_ucb_st2,ar7_as_ar1,1,0.7597388316697335,1473.307763726894,301.8384094111685,0.0,False,-1,,0.71,
correlated,,18,se_st2,ar7_as_ar1,1,0.7597388316697335,1214.6083332168027,242.9216666433606,,False,-1,False,0.76,0.0
correlated,0.5,19,sp_ucb_st2,known,1,0.5,422.83613266935424,61.50722063298011,0.0,False,-1,,0.71,
correlated,0.5,19,se_st2,known,1,0.5,1179.601504648334,235.9203009296668,,False,-1,False,0.76,0.0
correlated,0.5,19,sp_ucb_st2,fit100,1,0.5362531384902539,478.871227612755,108.37665408198329,0.0,False,-1,,0.68,
correlated,0.5,19,se_st2,fit100,1,0.5362531384902539,1179.601504648334,235.9203009296668,,False,-1,False,0.74,0.0
correlated,0.5,19,sp_ucb_st2,fit365,1,0.4993322777717743,405.94544771380515,77.34608341870197,0.0,False,-1,,0.7,
correlated,0.5,19,se_st2,fit365,1,0.4993322777717743,1179.601504648334,235.9203009296668,,False,-1,False,0.78,0.0
correlated,0.5,19,sp_ucb_st2,fit100_cons,1,0.6015592465482428,406.7257287826104,114.23014445610363,0.0,False,-1,,0.71,
correlated,0.5,19,se_st2,fit100_cons,1,0.6015592465482428,1179.601504648334,235.9203009296668,,False,-1,False,0.71,0.0
correlated,0.5,19,sp_ucb_st2,phi_bias,1,0.45,363.6834794694731,52.66712886874215,0.0,False,-1,,0.75,
correlated,0.5,19,se_st2,phi_bias,1,0.45,1179.601504648334,235.9203009296668,,False,-1,False,0.73,0.0
correlated,0.5,19,sp_ucb_st2,ignore_corr,1,0.5,367.7089596118667,42.030417585265354,0.0,False,-1,,0.74,
correlated,0.5,19,se_st2,ignore_corr,1,0.5,1174.909180774614,232.51821965498146,,False,-1,False,0.74,0.0
correlated,0.5,19,sp_ucb_st2,t3,1,0.5,426.0297969526432,14.42511164898792,0.0,False,-1,,0.7,
correlated,0.5,19,se_st2,t3,1,0.5,1179.6015046483342,235.92030092966678,,False,-1,False,0.79,0.0
correlated,0.9,19,sp_ucb_st2,known,1,0.9,687.5165994933187,164.11868344583206,0.0,False,-1,,0.76,
correlated,0.9,19,se_st2,known,1,0.9,1179.601504648334,235.9203009296668,,False,-1,False,0.76,0.0
correlated,0.9,19,sp_ucb_st2,fit100,1,0.8820064259400455,944.3084527143334,254.3308245093039,0.0,False,-1,,0.74,
correlated,0.9,19,se_st2,fit100,1,0.8820064259400455,1179.601504648334,235.9203009296668,,False,-1,False,0.73,0.0
correlated,0.9,19,sp_ucb_st2,fit365,1,0.8913358743617759,598.85480562566,85.77335541528771,0.0,False,-1,,0.73,
correlated,0.9,19,se_st2,fit365,1,0.8913358743617759,1179.601504648334,235.9203009296668,,False,-1,False,0.74,0.0
correlated,0.9,19,sp_ucb_st2,fit100_cons,1,0.9024714479946563,600.4349332270858,156.60609089562655,0.0,False,-1,,0.74,
correlated,0.9,19,se_st2,fit100_cons,1,0.9024714479946563,1179.601504648334,235.9203009296668,,False,-1,False,0.77,0.0
correlated,0.9,19,sp_ucb_st2,phi_bias,1,0.85,780.974952514043,185.02781184860447,0.0,False,-1,,0.7,
correlated,0.9,19,se_st2,phi_bias,1,0.85,1179.601504648334,235.9203009296668,,False,-1,False,0.74,0.0
correlated,0.9,19,sp_ucb_st2,ignore_corr,1,0.9,420.22450911476915,144.1139255882918,0.0,False,-1,,0.72,
correlated,0.9,19,se_st2,ignore_corr,1,0.9,1179.601504648334,235.9203009296668,,False,-1,False,0.75,0.0
correlated,0.9,19,sp_ucb_st2,t3,1,0.9,479.09238138426485,22.272497971144436,0.0,False,-1,,0.7,
correlated,0.9,19,se_st2,t3,1,0.9,1179.6015046483342,235.92030092966678,,False,-1,False,0.75,0.0
correlated,0.97,19,sp_ucb_st2,known,1,0.97,934.8205553851819,176.42610244075263,0.0,False,-1,,0.72,
correlated,0.97,19,se_st2,known,1,0.97,1179.601504648334,235.9203009296668,,False,-1,False,0.73,0.0
correlated,0.97,19,sp_ucb_st2,fit100,1,0.9421351442612136,345.0062555550885,51.889226248408335,0.0,False,-1,,0.76,
correlated,0.97,19,se_st2,fit100,1,0.9421351442612136,1179.601504648334,235.9203009296668,,False,-1,False,0.75,0.0
correlated,0.97,19,sp_ucb_st2,fit365,1,0.9587956116391463,766.2537229437387,254.59485297863733,0.0,False,-1,,0.75,
correlated,0.97,19,se_st2,fit365,1,0.9587956116391463,1179.601504648334,235.9203009296668,,False,-1,False,0.84,0.0
correlated,0.97,19,sp_ucb_st2,fit100_cons,1,0.9561309964755383,494.7487701206414,156.18394267323367,0.0,False,-1,,0.74,
correlated,0.97,19,se_st2,fit100_cons,1,0.9561309964755383,1179.601504648334,235.9203009296668,,False,-1,False,0.82,0.0
correlated,0.97,19,sp_ucb_st2,phi_bias,1,0.9199999999999999,781.9401960198202,190.87777270327257,0.0,False,-1,,0.75,
correlated,0.97,19,se_st2,phi_bias,1,0.9199999999999999,1179.601504648334,235.9203009296668,,False,-1,False,0.79,0.0
correlated,0.97,19,sp_ucb_st2,ignore_corr,1,0.97,546.0140316135225,121.52407934474259,0.0,False,-1,,0.76,
correlated,0.97,19,se_st2,ignore_corr,1,0.97,1179.601504648334,235.9203009296668,,False,-1,False,0.76,0.0
correlated,0.97,19,sp_ucb_st2,t3,1,0.97,902.8232280069093,168.1899475613933,0.0,False,-1,,0.77,
correlated,0.97,19,se_st2,t3,1,0.97,1179.6015046483342,235.92030092966678,,False,-1,False,0.73,0.0
correlated,,19,sp_ucb_st2,ar7_as_ar1,1,0.7388500656174111,479.64085969670094,189.84020568189126,0.0,False,-1,,0.77,
correlated,,19,se_st2,ar7_as_ar1,1,0.7388500656174111,1168.014764075693,233.50865041991176,,True,178,False,0.84,0.9608
correlated,0.5,20,sp_ucb_st2,known,1,0.5,225.41544529789513,19.9845441204843,0.0,False,-1,,0.77,
correlated,0.5,20,se_st2,known,1,0.5,1152.2517372043076,230.45034744086155,,False,-1,False,0.78,0.0
correlated,0.5,20,sp_ucb_st2,fit100,1,0.3815837470777965,401.6225576555501,28.050477825731196,0.0,False,-1,,0.68,
correlated,0.5,20,se_st2,fit100,1,0.3815837470777965,1152.2517372043076,230.45034744086155,,False,-1,False,0.79,0.0
correlated,0.5,20,sp_ucb_st2,fit365,1,0.45244022121743516,398.5852270514232,26.814073961650266,0.0,False,-1,,0.8,
correlated,0.5,20,se_st2,fit365,1,0.45244022121743516,1152.2517372043076,230.45034744086155,,False,-1,False,0.78,0.0
correlated,0.5,20,sp_ucb_st2,fit100_cons,1,0.4518234889801375,323.758892982289,54.051110994013996,0.0,False,-1,,0.74,
correlated,0.5,20,se_st2,fit100_cons,1,0.4518234889801375,1152.2517372043076,230.45034744086155,,False,-1,False,0.76,0.0
correlated,0.5,20,sp_ucb_st2,phi_bias,1,0.45,194.30034584945818,15.658075292940286,0.0,False,-1,,0.7,
correlated,0.5,20,se_st2,phi_bias,1,0.45,1152.2517372043076,230.45034744086155,,False,-1,False,0.81,0.0
correlated,0.5,20,sp_ucb_st2,ignore_corr,1,0.5,322.266094864264,47.10380314635533,0.0,False,-1,,0.76,
correlated,0.5,20,se_st2,ignore_corr,1,0.5,1152.2517372043076,230.45034744086155,,False,-1,False,0.83,0.0
correlated,0.5,20,sp_ucb_st2,t3,1,0.5,284.2819096662636,41.407921687734486,0.0,False,-1,,0.74,
correlated,0.5,20,se_st2,t3,1,0.5,1152.2517372043073,230.45034744086155,,True,5,False,0.82,0.004
correlated,0.9,20,sp_ucb_st2,known,1,0.9,465.0951352634395,78.92653117390893,0.0,False,-1,,0.74,
correlated,0.9,20,se_st2,known,1,0.9,1152.2517372043076,230.45034744086155,,False,-1,False,0.77,0.0
correlated,0.9,20,sp_ucb_st2,fit100,1,0.8620482894046565,882.8785727339804,174.00033339416117,0.0,False,-1,,0.83,
correlated,0.9,20,se_st2,fit100,1,0.8620482894046565,1152.2517372043076,230.45034744086155,,False,-1,False,0.77,0.0
correlated,0.9,20,sp_ucb_st2,fit365,1,0.8795656003981157,591.5884769121687,181.80747091088793,0.0,False,-1,,0.76,
correlated,0.9,20,se_st2,fit365,1,0.8795656003981157,1152.2517372043076,230.45034744086155,,False,-1,False,0.8,0.0
correlated,0.9,20,sp_ucb_st2,fit100_cons,1,0.8842474945522563,336.68642651260615,41.36814784635266,0.0,False,-1,,0.75,
correlated,0.9,20,se_st2,fit100_cons,1,0.8842474945522563,1152.2517372043076,230.45034744086155,,False,-1,False,0.79,0.0
correlated,0.9,20,sp_ucb_st2,phi_bias,1,0.85,521.0393181989733,103.81335380980491,0.0,False,-1,,0.79,
correlated,0.9,20,se_st2,phi_bias,1,0.85,1152.2517372043076,230.45034744086155,,False,-1,False,0.83,0.0
correlated,0.9,20,sp_ucb_st2,ignore_corr,1,0.9,519.8849579027925,165.0789944109481,0.0,False,-1,,0.78,
correlated,0.9,20,se_st2,ignore_corr,1,0.9,1152.2517372043076,230.45034744086155,,False,-1,False,0.86,0.0
correlated,0.9,20,sp_ucb_st2,t3,1,0.9,413.95100659272373,68.81563381299887,0.0,False,-1,,0.81,
correlated,0.9,20,se_st2,t3,1,0.9,1152.2517372043073,230.45034744086155,,False,-1,False,0.79,0.0
correlated,0.97,20,sp_ucb_st2,known,1,0.97,1065.6208798250113,273.322330646809,0.0,False,-1,,0.77,
correlated,0.97,20,se_st2,known,1,0.97,1152.2517372043076,230.45034744086155,,False,-1,False,0.87,0.0
correlated,0.97,20,sp_ucb_st2,fit100,1,0.9477163778699618,693.6030898676945,146.3416392454007,0.0,False,-1,,0.81,
correlated,0.97,20,se_st2,fit100,1,0.9477163778699618,1152.2517372043076,230.45034744086155,,False,-1,False,0.82,0.0
correlated,0.97,20,sp_ucb_st2,fit365,1,0.9548263273085157,766.6612367775167,167.7014733945092,0.0,False,-1,,0.74,
correlated,0.97,20,se_st2,fit365,1,0.9548263273085157,1152.2517372043076,230.45034744086155,,False,-1,False,0.86,0.0
correlated,0.97,20,sp_ucb_st2,fit100_cons,1,0.9667962855724919,746.5212998823474,236.37649643275626,0.0,False,-1,,0.8,
correlated,0.97,20,se_st2,fit100_cons,1,0.9667962855724919,1152.2517372043076,230.45034744086155,,False,-1,False,0.79,0.0
correlated,0.97,20,sp_ucb_st2,phi_bias,1,0.9199999999999999,1038.9462431411496,227.85778965444055,0.0,False,-1,,0.76,
correlated,0.97,20,se_st2,phi_bias,1,0.9199999999999999,1152.2517372043076,230.45034744086155,,False,-1,False,0.82,0.0
correlated,0.97,20,sp_ucb_st2,ignore_corr,1,0.97,890.4295406457757,231.9748566146036,0.0,False,-1,,0.78,
correlated,0.97,20,se_st2,ignore_corr,1,0.97,1152.2517372043076,230.45034744086155,,False,-1,False,0.79,0.0
correlated,0.97,20,sp_ucb_st2,t3,1,0.97,431.9498862670923,113.88503676083423,0.0,False,-1,,0.78,
correlated,0.97,20,se_st2,t3,1,0.97,1152.2517372043073,230.45034744086155,,False,-1,False,0.78,0.0
correlated,,20,sp_ucb_st2,ar7_as_ar1,1,0.7256797458203355,1025.0032573900407,223.8300625956834,0.0,False,-1,,0.81,
correlated,,20,se_st2,ar7_as_ar1,1,0.7256797458203355,18.071123672403004,2.205144437395723,,True,1115,True,0.84,0.3234
correlated,0.5,21,sp_ucb_st2,known,1,0.5,435.821878881585,46.35122092924844,0.0,False,-1,,0.75,
correlated,0.5,21,se_st2,known,1,0.5,1227.3297893420456,245.4659578684091,,False,-1,False,0.8,0.0
correlated,0.5,21,sp_ucb_st2,fit100,1,0.4396108820565173,497.23933238477287,126.2408921993055,0.0,False,-1,,0.79,
correlated,0.5,21,se_st2,fit100,1,0.4396108820565173,1227.3297893420456,245.4659578684091,,False,-1,False,0.83,0.0
correlated,0.5,21,sp_ucb_st2,fit365,1,0.5058859634611995,279.14383692128723,44.35939701422154,0.0,False,-1,,0.84,
correlated,0.5,21,se_st2,fit365,1,0.5058859634611995,1227.3297893420456,245.4659578684091,,False,-1,False,0.82,0.0
correlated,0.5,21,sp_ucb_st2,fit100_cons,1,0.5263443650491795,384.86454650650415,113.56846806221411,0.0,False,-1,,0.85,
correlated,0.5,21,se_st2,fit100_cons,1,0.5263443650491795,1227.3297893420456,245.4659578684091,,False,-1,False,0.9,0.0
correlated,0.5,21,sp_ucb_st2,phi_bias,1,0.45,425.4638025037563,51.839304819424356,0.0,False,-1,,0.74,
correlated,0.5,21,se_st2,phi_bias,1,0.45,1227.3297893420456,245.4659578684091,,False,-1,False,0.84,0.0
correlated,0.5,21,sp_ucb_st2,ignore_corr,1,0.5,208.90132120671265,2.1860791389145264,0.0,False,-1,,0.77,
correlated,0.5,21,se_st2,ignore_corr,1,0.5,1227.3297893420456,245.4659578684091,,False,-1,False,0.9,0.0
correlated,0.5,21,sp_ucb_st2,t3,1,0.5,346.86286699325046,32.58150235228716,0.0,False,-1,,0.77,
correlated,0.5,21,se_st2,t3,1,0.5,1227.3297893420456,245.4659578684091,,True,722,False,0.82,0.044
correlated,0.9,21,sp_ucb_st2,known,1,0.9,490.0815092988323,93.0090699835769,0.0,False,-1,,0.8,
correlated,0.9,21,se_st2,known,1,0.9,1227.3297893420456,245.4659578684091,,False,-1,False,0.84,0.0
correlated,0.9,21,sp_ucb_st2,fit100,1,0.8752363956525412,530.5233841365346,142.72713434971106,0.0,False,-1,,0.79,
correlated,0.9,21,se_st2,fit100,1,0.8752363956525412,1227.3297893420456,245.4659578684091,,False,-1,False,0.83,0.0
correlated,0.9,21,sp_ucb_st2,fit365,1,0.8966946403420952,466.7491971749757,79.4295097260829,0.0,False,-1,,0.79,
correlated,0.9,21,se_st2,fit365,1,0.8966946403420952,1227.3297893420456,245.4659578684091,,False,-1,False,0.85,0.0
correlated,0.9,21,sp_ucb_st2,fit100_cons,1,0.9040444868921859,326.77236278410214,27.77828059563743,0.0,False,-1,,0.85,
correlated,0.9,21,se_st2,fit100_cons,1,0.9040444868921859,1227.3297893420456,245.4659578684091,,False,-1,False,0.82,0.0
correlated,0.9,21,sp_ucb_st2,phi_bias,1,0.85,578.476274838343,171.52741438390944,0.0,False,-1,,0.83,
correlated,0.9,21,se_st2,phi_bias,1,0.85,1227.3297893420456,245.4659578684091,,False,-1,False,0.86,0.0
correlated,0.9,21,sp_ucb_st2,ignore_corr,1,0.9,563.7672157439231,181.86621379592825,0.0,False,-1,,0.81,
correlated,0.9,21,se_st2,ignore_corr,1,0.9,1227.3297893420456,245.4659578684091,,False,-1,False,0.88,0.0
correlated,0.9,21,sp_ucb_st2,t3,1,0.9,460.1518918561582,47.29471155761519,0.0,False,-1,,0.85,
correlated,0.9,21,se_st2,t3,1,0.9,1227.3297893420456,245.4659578684091,,False,-1,False,0.91,0.0
correlated,0.97,21,sp_ucb_st2,known,1,0.97,734.3936158289389,163.80428481576337,0.0,False,-1,,0.81,
correlated,0.97,21,se_st2,known,1,0.97,1227.3297893420456,245.4659578684091,,False,-1,False,0.85,0.0
correlated,0.97,21,sp_ucb_st2,fit100,1,0.9304138929026567,524.0220579958052,44.19585777484852,0.0,False,-1,,0.79,
correlated,0.97,21,se_st2,fit100,1,0.9304138929026567,1227.3297893420456,245.4659578684091,,False,-1,False,0.85,0.0
correlated,0.97,21,sp_ucb_st2,fit365,1,0.9574221085580928,796.3896925442684,276.67778523170836,0.0,False,-1,,0.84,
correlated,0.97,21,se_st2,fit365,1,0.9574221085580928,1227.3297893420456,245.4659578684091,,False,-1,False,0.87,0.0
correlated,0.97,21,sp_ucb_st2,fit100_cons,1,0.9477926396604045,386.8536594046707,41.4121774086718,0.0,False,-1,,0.8,
correlated,0.97,21,se_st2,fit100_cons,1,0.9477926396604045,1227.3297893420456,245.4659578684091,,False,-1,False,0.81,0.0
correlated,0.97,21,sp_ucb_st2,phi_bias,1,0.9199999999999999,479.1141432265624,93.88420527670294,0.0,False,-1,,0.82,
correlated,0.97,21,se_st2,phi_bias,1,0.9199999999999999,1227.3297893420456,245.4659578684091,,False,-1,False,0.85,0.0
correlated,0.97,21,sp_ucb_st2,ignore_corr,1,0.97,901.6935822334713,212.00321280008046,0.0,False,-1,,0.78,
correlated,0.97,21,se_st2,ignore_corr,1,0.97,1227.3297893420456,245.4659578684091,,False,-1,False,0.83,0.0
correlated,0.97,21,sp_ucb_st2,t3,1,0.97,812.118097311846,249.44325407348776,0.8548,True,726,,0.81,
correlated,0.97,21,se_st2,t3,1,0.97,1227.3297893420456,245.4659578684091,,False,-1,False,0.86,0.0
correlated,,21,sp_ucb_st2,ar7_as_ar1,1,0.7184481804277014,989.5365868877765,266.45241234314506,0.0,False,-1,,0.86,
correlated,,21,se_st2,ar7_as_ar1,1,0.7184481804277014,687.2735716646902,111.55974714291906,,True,43,False,0.88,0.9914
correlated,0.5,22,sp_ucb_st2,known,1,0.5,898.0442614247277,32.45963905249402,0.0,False,-1,,0.82,
correlated,0.5,22,se_st2,known,1,0.5,1148.1496117489078,229.62992234978148,,False,-1,False,0.86,0.0
correlated,0.5,22,sp_ucb_st2,fit100,1,0.4364726316604713,317.4242362188975,13.439907313467113,0.0,False,-1,,0.85,
correlated,0.5,22,se_st2,fit100,1,0.4364726316604713,1148.1496117489078,229.62992234978148,,False,-1,False,0.87,0.0
correlated,0.5,22,sp_ucb_st2,fit365,1,0.4900129665790245,397.9353106601875,30.59370122167256,0.0,False,-1,,0.81,
correlated,0.5,22,se_st2,fit365,1,0.4900129665790245,1148.1496117489078,229.62992234978148,,False,-1,False,0.89,0.0
correlated,0.5,22,sp_ucb_st2,fit100_cons,1,0.5281054257278929,361.6508221963482,66.1313493777119,0.0,False,-1,,0.79,
correlated,0.5,22,se_st2,fit100_cons,1,0.5281054257278929,1148.1496117489078,229.62992234978148,,False,-1,False,0.81,0.0
correlated,0.5,22,sp_ucb_st2,phi_bias,1,0.45,396.20364936262126,38.03116014674582,0.0,False,-1,,0.79,
correlated,0.5,22,se_st2,phi_bias,1,0.45,1148.1496117489078,229.62992234978148,,False,-1,False,0.85,0.0
correlated,0.5,22,sp_ucb_st2,ignore_corr,1,0.5,178.76833972170203,7.213809539405522,0.0,False,-1,,0.81,
correlated,0.5,22,se_st2,ignore_corr,1,0.5,1148.1496117489078,229.62992234978148,,False,-1,False,0.8,0.0
correlated,0.5,22,sp_ucb_st2,t3,1,0.5,477.2379730757194,75.99622540917991,0.0,False,-1,,0.76,
correlated,0.5,22,se_st2,t3,1,0.5,1148.1496117489075,229.6299223497815,,False,-1,False,0.82,0.0
correlated,0.9,22,sp_ucb_st2,known,1,0.9,531.577051842123,38.32939547671792,0.0,False,-1,,0.74,
correlated,0.9,22,se_st2,known,1,0.9,1148.1496117489078,229.62992234978148,,False,-1,False,0.8,0.0
correlated,0.9,22,sp_ucb_st2,fit100,1,0.8615568753233532,435.8659373586625,14.618663465644287,0.0,False,-1,,0.84,
correlated,0.9,22,se_st2,fit100,1,0.8615568753233532,1148.1496117489078,229.62992234978148,,False,-1,False,0.83,0.0
correlated,0.9,22,sp_ucb_st2,fit365,1,0.8965888516089966,1055.6815174944668,118.79692673439908,0.0,False,-1,,0.81,
correlated,0.9,22,se_st2,fit365,1,0.8965888516089966,1148.1496117489078,229.62992234978148,,False,-1,False,0.81,0.0
correlated,0.9,22,sp_ucb_st2,fit100_cons,1,0.8940767909356756,703.6826783273777,66.05980557209648,0.0,False,-1,,0.73,
correlated,0.9,22,se_st2,fit100_cons,1,0.8940767909356756,1148.1496117489078,229.62992234978148,,False,-1,False,0.78,0.0
correlated,0.9,22,sp_ucb_st2,phi_bias,1,0.85,777.7947574714744,47.28143801304492,0.0,False,-1,,0.76,
correlated,0.9,22,se_st2,phi_bias,1,0.85,1148.1496117489078,229.62992234978148,,False,-1,False,0.79,0.0
correlated,0.9,22,sp_ucb_st2,ignore_corr,1,0.9,1005.2480753211833,249.3364871055464,0.0,False,-1,,0.77,
correlated,0.9,22,se_st2,ignore_corr,1,0.9,1148.1496117489078,229.62992234978148,,False,-1,False,0.8,0.0
correlated,0.9,22,sp_ucb_st2,t3,1,0.9,612.7925160518996,57.28099005072939,0.0,False,-1,,0.82,
correlated,0.9,22,se_st2,t3,1,0.9,1148.1496117489075,229.6299223497815,,False,-1,False,0.85,0.0
correlated,0.97,22,sp_ucb_st2,known,1,0.97,943.593450581348,293.2431819857044,0.0,False,-1,,0.77,
correlated,0.97,22,se_st2,known,1,0.97,1148.1496117489078,229.62992234978148,,False,-1,False,0.86,0.0
correlated,0.97,22,sp_ucb_st2,fit100,1,0.928885313672827,1061.5790398825386,150.09059323376124,0.9896,True,52,,0.73,
correlated,0.97,22,se_st2,fit100,1,0.928885313672827,1148.1496117489078,229.62992234978148,,True,117,False,0.82,0.0228
correlated,0.97,22,sp_ucb_st2,fit365,1,0.9653713422316316,983.5154443552232,111.18884671443772,0.0,False,-1,,0.75,
correlated,0.97,22,se_st2,fit365,1,0.9653713422316316,1148.1496117489078,229.62992234978148,,False,-1,False,0.81,0.0
correlated,0.97,22,sp_ucb_st2,fit100_cons,1,0.9475126854750612,850.4997422755213,165.81773645396532,0.0,False,-1,,0.77,
correlated,0.97,22,se_st2,fit100_cons,1,0.9475126854750612,1148.1496117489078,229.62992234978148,,True,131,False,0.82,0.016
correlated,0.97,22,sp_ucb_st2,phi_bias,1,0.9199999999999999,752.3231190266284,16.97393685291854,0.0,False,-1,,0.78,
correlated,0.97,22,se_st2,phi_bias,1,0.9199999999999999,1148.1496117489078,229.62992234978148,,False,-1,False,0.81,0.0
correlated,0.97,22,sp_ucb_st2,ignore_corr,1,0.97,852.2363270037091,233.6631381874217,0.0,False,-1,,0.79,
correlated,0.97,22,se_st2,ignore_corr,1,0.97,1148.1496117489078,229.62992234978148,,False,-1,False,0.8,0.0
correlated,0.97,22,sp_ucb_st2,t3,1,0.97,702.1438650552316,155.04769659193158,0.0,False,-1,,0.73,
correlated,0.97,22,se_st2,t3,1,0.97,1148.1496117489075,229.6299223497815,,False,-1,False,0.78,0.0
correlated,,22,sp_ucb_st2,ar7_as_ar1,1,0.7889260475938848,894.3978407528307,254.63725432616673,0.0,False,-1,,0.82,
correlated,,22,se_st2,ar7_as_ar1,1,0.7889260475938848,1148.1496117489078,229.62992234978148,,True,135,False,0.78,0.0256
correlated,0.5,23,sp_ucb_st2,known,1,0.5,376.8929880416324,84.25393773979383,0.0,False,-1,,0.8,
correlated,0.5,23,se_st2,known,1,0.5,1130.8502461900543,226.17004923801088,,False,-1,False,0.82,0.0
correlated,0.5,23,sp_ucb_st2,fit100,1,0.5303151398462052,293.9452335756795,34.81019420053536,0.0,False,-1,,0.77,
correlated,0.5,23,se_st2,fit100,1,0.5303151398462052,1130.8502461900543,226.17004923801088,,False,-1,False,0.78,0.0
correlated,0.5,23,sp_ucb_st2,fit365,1,0.44898810760107055,411.8567987673457,70.13017288207828,0.0,False,-1,,0.75,
correlated,0.5,23,se_st2,fit365,1,0.44898810760107055,1130.8502461900543,226.17004923801088,,False,-1,False,0.8,0.0
correlated,0.5,23,sp_ucb_st2,fit100_cons,1,0.6200685142433877,246.28512808139948,39.47988014270255,0.0,False,-1,,0.76,
correlated,0.5,23,se_st2,fit100_cons,1,0.6200685142433877,1130.8502461900543,226.17004923801088,,False,-1,False,0.81,0.0
correlated,0.5,23,sp_ucb_st2,phi_bias,1,0.45,331.1570696786386,48.532513974047845,0.0,False,-1,,0.75,
correlated,0.5,23,se_st2,phi_bias,1,0.45,1130.8502461900543,226.17004923801088,,False,-1,False,0.81,0.0
correlated,0.5,23,sp_ucb_st2,ignore_corr,1,0.5,332.18768609207575,23.735472026055948,0.0,False,-1,,0.75,
correlated,0.5,23,se_st2,ignore_corr,1,0.5,1130.8502461900543,226.17004923801088,,False,-1,False,0.78,0.0
correlated,0.5,23,sp_ucb_st2,t3,1,0.5,361.3239893836186,45.32542453581854,0.0,False,-1,,0.8,
correlated,0.5,23,se_st2,t3,1,0.5,1130.8502461900546,226.1700492380109,,False,-1,False,0.8,0.0
correlated,0.9,23,sp_ucb_st2,known,1,0.9,600.7806617753437,90.35657340145828,0.0,False,-1,,0.78,
correlated,0.9,23,se_st2,known,1,0.9,1130.8502461900543,226.17004923801088,,False,-1,False,0.78,0.0
correlated,0.9,23,sp_ucb_st2,fit100,1,0.8623335634907272,431.074444699295,43.876925733234636,0.0,False,-1,,0.75,
correlated,0.9,23,se_st2,fit100,1,0.8623335634907272,1130.8502461900543,226.17004923801088,,False,-1,False,0.77,0.0
correlated,0.9,23,sp_ucb_st2,fit365,1,0.869721648913802,431.0559870017041,82.56242034349457,0.0,False,-1,,0.71,
correlated,0.9,23,se_st2,fit365,1,0.869721648913802,1130.8502461900543,226.17004923801088,,False,-1,False,0.74,0.0
correlated,0.9,23,sp_ucb_st2,fit100_cons,1,0.8769546580611548,642.3004125893922,132.83543645086797,0.0,False,-1,,0.77,
correlated,0.9,23,se_st2,fit100_cons,1,0.8769546580611548,1130.8502461900543,226.17004923801088,,False,-1,False,0.72,0.0
correlated,0.9,23,sp_ucb_st2,phi_bias,1,0.85,619.7595756011021,78.8396281923169,0.0,False,-1,,0.74,
correlated,0.9,23,se_st2,phi_bias,1,0.85,1130.8502461900543,226.17004923801088,,False,-1,False,0.74,0.0
correlated,0.9,23,sp_ucb_st2,ignore_corr,1,0.9,334.7466646273631,10.762285081925315,0.0,False,-1,,0.75,
correlated,0.9,23,se_st2,ignore_corr,1,0.9,1130.8502461900543,226.17004923801088,,False,-1,False,0.69,0.0
correlated,0.9,23,sp_ucb_st2,t3,1,0.9,698.6179532670999,22.844542691217136,0.0,False,-1,,0.71,
correlated,0.9,23,se_st2,t3,1,0.9,1130.8502461900546,226.1700492380109,,False,-1,False,0.76,0.0
correlated,0.97,23,sp_ucb_st2,known,1,0.97,545.6903962830237,96.90596293017913,0.0,False,-1,,0.68,
correlated,0.97,23,se_st2,known,1,0.97,1130.8502461900543,226.17004923801088,,False,-1,False,0.76,0.0
correlated,0.97,23,sp_ucb_st2,fit100,1,0.9185712965417039,441.79156326765775,46.60881296344886,0.0,False,-1,,0.7,
correlated,0.97,23,se_st2,fit100,1,0.9185712965417039,1130.8502461900543,226.17004923801088,,False,-1,False,0.8,0.0
correlated,0.97,23,sp_ucb_st2,fit365,1,0.9515651307381606,342.67593173874354,32.57858522178438,0.0,False,-1,,0.7,
correlated,0.97,23,se_st2,fit365,1,0.9515651307381606,1130.8502461900543,226.17004923801088,,False,-1,False,0.75,0.0
correlated,0.97,23,sp_ucb_st2,fit100_cons,1,0.9311691978655168,325.11020760434417,24.607750307965237,0.0,False,-1,,0.71,
correlated,0.97,23,se_st2,fit100_cons,1,0.9311691978655168,1130.8502461900543,226.17004923801088,,False,-1,False,0.81,0.0
correlated,0.97,23,sp_ucb_st2,phi_bias,1,0.9199999999999999,900.8855717702116,174.65825863119537,0.0,False,-1,,0.76,
correlated,0.97,23,se_st2,phi_bias,1,0.9199999999999999,1130.8502461900543,226.17004923801088,,False,-1,False,0.77,0.0
correlated,0.97,23,sp_ucb_st2,ignore_corr,1,0.97,509.9526010703296,17.059132587598214,0.0,False,-1,,0.7,
correlated,0.97,23,se_st2,ignore_corr,1,0.97,1130.8502461900543,226.17004923801088,,False,-1,False,0.74,0.0
correlated,0.97,23,sp_ucb_st2,t3,1,0.97,1046.5830084345296,220.1287930754093,0.0,False,-1,,0.74,
correlated,0.97,23,se_st2,t3,1,0.97,1130.8502461900546,226.1700492380109,,False,-1,False,0.8,0.0
correlated,,23,sp_ucb_st2,ar7_as_ar1,1,0.7129725267391038,441.0812017756566,42.03578647482453,0.0,False,-1,,0.73,
correlated,,23,se_st2,ar7_as_ar1,1,0.7129725267391038,1101.947844668249,205.25042209361618,,False,-1,False,0.8,0.0
correlated,0.5,24,sp_ucb_st2,known,1,0.5,489.15515112825847,56.361240351489336,0.0,False,-1,,0.71,
correlated,0.5,24,se_st2,known,1,0.5,1206.9548200357349,241.39096400714703,,False,-1,False,0.76,0.0
correlated,0.5,24,sp_ucb_st2,fit100,1,0.46264611904067016,470.1347812958878,20.358494523291952,0.0,False,-1,,0.75,
correlated,0.5,24,se_st2,fit100,1,0.46264611904067016,1206.9548200357349,241.39096400714703,,False,-1,False,0.81,0.0
correlated,0.5,24,sp_ucb_st2,fit365,1,0.5025946357574869,414.7929170140101,32.47556954549251,0.0,False,-1,,0.74,
correlated,0.5,24,se_st2,fit365,1,0.5025946357574869,1206.9548200357349,241.39096400714703,,False,-1,False,0.76,0.0
correlated,0.5,24,sp_ucb_st2,fit100_cons,1,0.5105257278947282,397.30839717034974,84.22161127697524,0.0,False,-1,,0.71,
correlated,0.5,24,se_st2,fit100_cons,1,0.5105257278947282,1206.9548200357349,241.39096400714703,,False,-1,False,0.83,0.0
correlated,0.5,24,sp_ucb_st2,phi_bias,1,0.45,274.07061169427055,47.82680626807607,0.0,False,-1,,0.77,
correlated,0.5,24,se_st2,phi_bias,1,0.45,1206.9548200357349,241.39096400714703,,False,-1,False,0.8,0.0
correlated,0.5,24,sp_ucb_st2,ignore_corr,1,0.5,404.58106961260046,30.370562030008283,0.0,False,-1,,0.74,
correlated,0.5,24,se_st2,ignore_corr,1,0.5,1187.8715208282933,222.30766479970526,,False,-1,False,0.82,0.0
correlated,0.5,24,sp_ucb_st2,t3,1,0.5,250.32525670254654,8.559774671158193,0.0,False,-1,,0.77,
correlated,0.5,24,se_st2,t3,1,0.5,1206.9548200357349,241.390964007147,,False,-1,False,0.79,0.0
correlated,0.9,24,sp_ucb_st2,known,1,0.9,657.6871405770877,137.46774611496573,0.0,False,-1,,0.83,
correlated,0.9,24,se_st2,known,1,0.9,1206.9548200357349,241.39096400714703,,False,-1,False,0.76,0.0
correlated,0.9,24,sp_ucb_st2,fit100,1,0.8557728378383007,741.8789409748879,74.54855819583256,0.0,False,-1,,0.77,
correlated,0.9,24,se_st2,fit100,1,0.8557728378383007,1206.9548200357349,241.39096400714703,,False,-1,False,0.85,0.0
correlated,0.9,24,sp_ucb_st2,fit365,1,0.8805333741063495,717.0067264494962,118.79600011640002,0.0,False,-1,,0.77,
correlated,0.9,24,se_st2,fit365,1,0.8805333741063495,1206.9548200357349,241.39096400714703,,False,-1,False,0.81,0.0
correlated,0.9,24,sp_ucb_st2,fit100_cons,1,0.8770935952969409,693.6029219886768,45.18019809626632,0.0,False,-1,,0.77,
correlated,0.9,24,se_st2,fit100_cons,1,0.8770935952969409,1206.9548200357349,241.39096400714703,,False,-1,False,0.81,0.0
correlated,0.9,24,sp_ucb_st2,phi_bias,1,0.85,507.730536784523,64.00413894459628,0.0,False,-1,,0.77,
correlated,0.9,24,se_st2,phi_bias,1,0.85,1206.9548200357349,241.39096400714703,,False,-1,False,0.83,0.0
correlated,0.9,24,sp_ucb_st2,ignore_corr,1,0.9,761.0046658890726,72.49698631647605,0.0,False,-1,,0.79,
correlated,0.9,24,se_st2,ignore_corr,1,0.9,1206.9548200357349,241.39096400714703,,False,-1,False,0.8,0.0
correlated,0.9,24,sp_ucb_st2,t3,1,0.9,313.7876966840178,53.58290136677544,0.0,False,-1,,0.77,
correlated,0.9,24,se_st2,t3,1,0.9,1206.9548200357349,241.390964007147,,False,-1,False,0.8,0.0
correlated,0.97,24,sp_ucb_st2,known,1,0.97,687.0444632788046,60.72902618723435,0.0,False,-1,,0.79,
correlated,0.97,24,se_st2,known,1,0.97,1206.9548200357349,241.39096400714703,,False,-1,False,0.82,0.0
correlated,0.97,24,sp_ucb_st2,fit100,1,0.9318097803283808,1201.856316996203,244.4160184927776,0.0,False,-1,,0.78,
correlated,0.97,24,se_st2,fit100,1,0.9318097803283808,1206.9548200357349,241.39096400714703,,False,-1,False,0.86,0.0
correlated,0.97,24,sp_ucb_st2,fit365,1,0.9542306496207977,627.1032705448847,63.72564159676918,0.0,False,-1,,0.78,
correlated,0.97,24,se_st2,fit365,1,0.9542306496207977,1206.9548200357349,241.39096400714703,,False,-1,False,0.81,0.0
correlated,0.97,24,sp_ucb_st2,fit100_cons,1,0.9486505651097098,456.00001416645296,66.2623252731196,0.0,False,-1,,0.74,
correlated,0.97,24,se_st2,fit100_cons,1,0.9486505651097098,1206.9548200357349,241.39096400714703,,False,-1,False,0.83,0.0
correlated,0.97,24,sp_ucb_st2,phi_bias,1,0.9199999999999999,889.4716803413319,149.62729118869356,0.0,False,-1,,0.74,
correlated,0.97,24,se_st2,phi_bias,1,0.9199999999999999,1206.9548200357349,241.39096400714703,,False,-1,False,0.82,0.0
correlated,0.97,24,sp_ucb_st2,ignore_corr,1,0.97,508.8294033059161,74.58827771935277,0.0,False,-1,,0.77,
correlated,0.97,24,se_st2,ignore_corr,1,0.97,1206.9548200357349,241.39096400714703,,False,-1,False,0.86,0.0
correlated,0.97,24,sp_ucb_st2,t3,1,0.97,703.0436626278812,0.0,0.0,False,-1,,0.76,
correlated,0.97,24,se_st2,t3,1,0.97,1206.9548200357349,241.390964007147,,False,-1,False,0.84,0.0
correlated,,24,sp_ucb_st2,ar7_as_ar1,1,0.714076781513421,589.1541771062333,75.21900613720491,0.0,False,-1,,0.83,
correlated,,24,se_st2,ar7_as_ar1,1,0.714076781513421,1206.9548200357349,241.39096400714703,,True,425,False,0.94,0.0644
correlated,0.5,25,sp_ucb_st2,known,1,0.5,433.1936600483009,34.44372267029689,0.0,False,-1,,0.77,
correlated,0.5,25,se_st2,known,1,0.5,1216.8952992607192,243.3790598521438,,False,-1,False,0.81,0.0
correlated,0.5,25,sp_ucb_st2,fit100,1,0.37043674754128714,590.0991113254107,17.582782909785386,0.0,False,-1,,0.82,
correlated,0.5,25,se_st2,fit100,1,0.37043674754128714,1216.8952992607192,243.3790598521438,,False,-1,False,0.91,0.0
correlated,0.5,25,sp_ucb_st2,fit365,1,0.47569179481279844,426.9431120791704,12.721320085547156,0.0,False,-1,,0.86,
correlated,0.5,25,se_st2,fit365,1,0.47569179481279844,1216.8952992607192,243.3790598521438,,False,-1,False,0.94,0.0
correlated,0.5,25,sp_ucb_st2,fit100_cons,1,0.4484055603069111,430.6541216699968,39.10496083767242,0.0,False,-1,,0.86,
correlated,0.5,25,se_st2,fit100_cons,1,0.4484055603069111,1216.8952992607192,243.3790598521438,,False,-1,False,0.97,0.0
correlated,0.5,25,sp_ucb_st2,phi_bias,1,0.45,408.78854544316084,44.73789031645774,0.0,False,-1,,0.84,
correlated,0.5,25,se_st2,phi_bias,1,0.45,1216.8952992607192,243.3790598521438,,False,-1,False,0.81,0.0
correlated,0.5,25,sp_ucb_st2,ignore_corr,1,0.5,384.71473971971994,5.174365709269861,0.0,False,-1,,0.87,
correlated,0.5,25,se_st2,ignore_corr,1,0.5,1216.8952992607192,243.3790598521438,,False,-1,False,0.96,0.0
correlated,0.5,25,sp_ucb_st2,t3,1,0.5,496.990534015285,88.34873273447491,0.0,False,-1,,0.82,
correlated,0.5,25,se_st2,t3,1,0.5,1216.8952992607192,243.37905985214383,,False,-1,False,0.92,0.0
correlated,0.9,25,sp_ucb_st2,known,1,0.9,536.2866398753546,84.44021715841767,0.0,False,-1,,0.86,
correlated,0.9,25,se_st2,known,1,0.9,1216.8952992607192,243.3790598521438,,False,-1,False,0.94,0.0
correlated,0.9,25,sp_ucb_st2,fit100,1,0.8345536619027869,769.6652294583977,57.89811489651602,0.0,False,-1,,0.86,
correlated,0.9,25,se_st2,fit100,1,0.8345536619027869,1216.8952992607192,243.3790598521438,,False,-1,False,0.9,0.0
correlated,0.9,25,sp_ucb_st2,fit365,1,0.8903307724651521,880.7161358872761,83.71050021699679,0.0,False,-1,,0.86,
correlated,0.9,25,se_st2,fit365,1,0.8903307724651521,1216.8952992607192,243.3790598521438,,False,-1,False,0.9,0.0
correlated,0.9,25,sp_ucb_st2,fit100_cons,1,0.8698164684847143,794.8163955342316,114.06589601676683,0.0,False,-1,,0.82,
correlated,0.9,25,se_st2,fit100_cons,1,0.8698164684847143,1216.8952992607192,243.3790598521438,,False,-1,False,0.91,0.0
correlated,0.9,25,sp_ucb_st2,phi_bias,1,0.85,855.9547969176544,168.22231864274337,0.0,False,-1,,0.84,
correlated,0.9,25,se_st2,phi_bias,1,0.85,1216.8952992607192,243.3790598521438,,False,-1,False,0.91,0.0
correlated,0.9,25,sp_ucb_st2,ignore_corr,1,0.9,753.3032069979566,11.988448995253664,0.0,False,-1,,0.94,
correlated,0.9,25,se_st2,ignore_corr,1,0.9,1216.8952992607192,243.3790598521438,,False,-1,False,0.9,0.0
correlated,0.9,25,sp_ucb_st2,t3,1,0.9,1113.585723413006,148.0692836407684,0.9676,True,162,,0.86,
correlated,0.9,25,se_st2,t3,1,0.9,1216.8952992607192,243.37905985214383,,False,-1,False,0.94,0.0
correlated,0.97,25,sp_ucb_st2,known,1,0.97,873.0846280639089,132.01422997202394,0.0,False,-1,,0.9,
correlated,0.97,25,se_st2,known,1,0.97,1216.8952992607192,243.3790598521438,,False,-1,False,0.92,0.0
correlated,0.97,25,sp_ucb_st2,fit100,1,0.923315184966284,853.8670085364838,220.2965099978203,0.0,False,-1,,0.84,
correlated,0.97,25,se_st2,fit100,1,0.923315184966284,1216.8952992607192,243.3790598521438,,True,779,False,0.87,0.0138
correlated,0.97,25,sp_ucb_st2,fit365,1,0.9586653559043,1017.3319477451521,134.12171659463496,0.0,False,-1,,0.84,
correlated,0.97,25,se_st2,fit365,1,0.9586653559043,1216.8952992607192,243.3790598521438,,False,-1,False,0.9,0.0
correlated,0.97,25,sp_ucb_st2,fit100_cons,1,0.955824379170725,443.60960249539505,127.34127074437863,0.0,False,-1,,0.89,
correlated,0.97,25,se_st2,fit100_cons,1,0.955824379170725,1216.8952992607192,243.3790598521438,,False,-1,False,0.94,0.0
correlated,0.97,25,sp_ucb_st2,phi_bias,1,0.9199999999999999,1152.8394397027337,268.9119513360236,0.0,False,-1,,0.92,
correlated,0.97,25,se_st2,phi_bias,1,0.9199999999999999,1216.8952992607192,243.3790598521438,,False,-1,False,0.88,0.0
correlated,0.97,25,sp_ucb_st2,ignore_corr,1,0.97,1059.3179803278404,200.45482485658147,0.0,False,-1,,0.86,
correlated,0.97,25,se_st2,ignore_corr,1,0.97,1216.8952992607192,243.3790598521438,,False,-1,False,0.9,0.0
correlated,0.97,25,sp_ucb_st2,t3,1,0.97,986.6801624474759,161.21872657340728,0.0,False,-1,,0.86,
correlated,0.97,25,se_st2,t3,1,0.97,1216.8952992607192,243.37905985214383,,False,-1,False,0.88,0.0
correlated,,25,sp_ucb_st2,ar7_as_ar1,1,0.7345655443355422,700.4851946476208,198.1588759430386,0.0,False,-1,,0.86,
correlated,,25,se_st2,ar7_as_ar1,1,0.7345655443355422,1132.890135286681,224.85008394666494,,True,370,False,0.91,0.9258
correlated,0.5,26,sp_ucb_st2,known,1,0.5,304.4275901123708,52.01220361081573,0.0,False,-1,,0.81,
correlated,0.5,26,se_st2,known,1,0.5,1191.260146976335,238.252029395267,,False,-1,False,0.91,0.0
correlated,0.5,26,sp_ucb_st2,fit100,1,0.4386243665064812,294.1425811222287,48.35864055118222,0.0,False,-1,,0.85,
correlated,0.5,26,se_st2,fit100,1,0.4386243665064812,1191.260146976335,238.252029395267,,False,-1,False,0.86,0.0
correlated,0.5,26,sp_ucb_st2,fit365,1,0.5012478641464665,553.364453662067,77.69394643966365,0.0,False,-1,,0.83,
correlated,0.5,26,se_st2,fit365,1,0.5012478641464665,1191.260146976335,238.252029395267,,False,-1,False,0.9,0.0
correlated,0.5,26,sp_ucb_st2,fit100_cons,1,0.510428649012356,345.64030657258206,44.79061064822279,0.0,False,-1,,0.81,
correlated,0.5,26,se_st2,fit100_cons,1,0.510428649012356,1191.260146976335,238.252029395267,,False,-1,False,0.91,0.0
correlated,0.5,26,sp_ucb_st2,phi_bias,1,0.45,320.0759049839786,78.47918808049269,0.0,False,-1,,0.9,
correlated,0.5,26,se_st2,phi_bias,1,0.45,1191.260146976335,238.252029395267,,False,-1,False,0.88,0.0
correlated,0.5,26,sp_ucb_st2,ignore_corr,1,0.5,378.85213604517935,57.12452061071651,0.0,False,-1,,0.89,
correlated,0.5,26,se_st2,ignore_corr,1,0.5,1191.260146976335,238.252029395267,,False,-1,False,0.87,0.0
correlated,0.5,26,sp_ucb_st2,t3,1,0.5,374.05713506150454,47.14870476315646,0.0,False,-1,,0.85,
correlated,0.5,26,se_st2,t3,1,0.5,1191.2601469763351,238.25202939526702,,False,-1,False,0.93,0.0
correlated,0.9,26,sp_ucb_st2,known,1,0.9,393.81817171941884,75.11828569768606,0.0,False,-1,,0.81,
correlated,0.9,26,se_st2,known,1,0.9,1191.260146976335,238.252029395267,,False,-1,False,0.89,0.0
correlated,0.9,26,sp_ucb_st2,fit100,1,0.8655051809573927,396.46168506382025,49.73829457377052,0.0,False,-1,,0.81,
correlated,0.9,26,se_st2,fit100,1,0.8655051809573927,1191.260146976335,238.252029395267,,False,-1,False,0.9,0.0
correlated,0.9,26,sp_ucb_st2,fit365,1,0.8975527185083358,541.8690996744233,100.51350075752654,0.0,False,-1,,0.83,
correlated,0.9,26,se_st2,fit365,1,0.8975527185083358,1191.260146976335,238.252029395267,,False,-1,False,0.9,0.0
correlated,0.9,26,sp_ucb_st2,fit100_cons,1,0.8882824099433555,359.04942646341163,53.771731503586054,0.0,False,-1,,0.85,
correlated,0.9,26,se_st2,fit100_cons,1,0.8882824099433555,1191.260146976335,238.252029395267,,False,-1,False,0.9,0.0
correlated,0.9,26,sp_ucb_st2,phi_bias,1,0.85,522.5890244851938,71.0388302003478,0.0,False,-1,,0.85,
correlated,0.9,26,se_st2,phi_bias,1,0.85,1191.260146976335,238.252029395267,,False,-1,False,0.86,0.0
correlated,0.9,26,sp_ucb_st2,ignore_corr,1,0.9,562.7033482880165,61.36790932498381,0.0,False,-1,,0.83,
correlated,0.9,26,se_st2,ignore_corr,1,0.9,1191.260146976335,238.252029395267,,False,-1,False,0.94,0.0
correlated,0.9,26,sp_ucb_st2,t3,1,0.9,408.7931049778873,89.05160994354506,0.0,False,-1,,0.86,
correlated,0.9,26,se_st2,t3,1,0.9,1191.2601469763351,238.25202939526702,,False,-1,False,0.83,0.0
correlated,0.97,26,sp_ucb_st2,known,1,0.97,870.7115681463248,124.25442303890962,0.0,False,-1,,0.87,
correlated,0.97,26,se_st2,known,1,0.97,1191.260146976335,238.252029395267,,False,-1,False,0.89,0.0
correlated,0.97,26,sp_ucb_st2,fit100,1,0.9349387525552919,580.5870243411849,109.56268854422787,0.0,False,-1,,0.83,
correlated,0.97,26,se_st2,fit100,1,0.9349387525552919,1191.260146976335,238.252029395267,,False,-1,False,0.83,0.0
correlated,0.97,26,sp_ucb_st2,fit365,1,0.9632099213648949,517.4654770748016,60.45754581203573,0.0,False,-1,,0.85,
correlated,0.97,26,se_st2,fit365,1,0.9632099213648949,1191.260146976335,238.252029395267,,False,-1,False,0.9,0.0
correlated,0.97,26,sp_ucb_st2,fit100_cons,1,0.9537910941273177,611.8194537659413,90.94200266005268,0.0,False,-1,,0.91,
correlated,0.97,26,se_st2,fit100_cons,1,0.9537910941273177,1191.260146976335,238.252029395267,,False,-1,False,0.9,0.0
correlated,0.97,26,sp_ucb_st2,phi_bias,1,0.9199999999999999,607.1842874240821,94.37487990267174,0.0,False,-1,,0.8,
correlated,0.97,26,se_st2,phi_bias,1,0.9199999999999999,1191.260146976335,238.252029395267,,False,-1,False,0.9,0.0
correlated,0.97,26,sp_ucb_st2,ignore_corr,1,0.97,446.0375287004269,58.94433386925524,0.0,False,-1,,0.8,
correlated,0.97,26,se_st2,ignore_corr,1,0.97,1191.260146976335,238.252029395267,,False,-1,False,0.92,0.0
correlated,0.97,26,sp_ucb_st2,t3,1,0.97,595.3737715205237,128.79058869451458,0.0,False,-1,,0.92,
correlated,0.97,26,se_st2,t3,1,0.97,1191.2601469763351,238.25202939526702,,False,-1,False,0.82,0.0
correlated,,26,sp_ucb_st2,ar7_as_ar1,1,0.7824135231914572,664.3369299819421,105.85756219938717,0.0,False,-1,,0.9,
correlated,,26,se_st2,ar7_as_ar1,1,0.7824135231914572,1191.260146976335,238.252029395267,,False,-1,False,0.96,0.0
correlated,0.5,27,sp_ucb_st2,known,1,0.5,384.2026768994773,28.972881845402227,0.0,False,-1,,0.81,
correlated,0.5,27,se_st2,known,1,0.5,1191.314047635317,238.26280952706338,,False,-1,False,0.94,0.0
correlated,0.5,27,sp_ucb_st2,fit100,1,0.619309190502719,555.945061842825,83.48787844868278,0.0,False,-1,,0.82,
correlated,0.5,27,se_st2,fit100,1,0.619309190502719,1191.314047635317,238.26280952706338,,False,-1,False,0.88,0.0
correlated,0.5,27,sp_ucb_st2,fit365,1,0.5525065865809949,520.46652879885,22.85565513992787,0.0,False,-1,,0.9,
correlated,0.5,27,se_st2,fit365,1,0.5525065865809949,1191.314047635317,238.26280952706338,,False,-1,False,0.88,0.0
correlated,0.5,27,sp_ucb_st2,fit100_cons,1,0.6822393673152383,413.1044090970998,41.55317696455734,0.0,False,-1,,0.85,
correlated,0.5,27,se_st2,fit100_cons,1,0.6822393673152383,1191.314047635317,238.26280952706338,,False,-1,False,0.94,0.0
correlated,0.5,27,sp_ucb_st2,phi_bias,1,0.45,308.1256942249616,25.251190425636068,0.0,False,-1,,0.81,
correlated,0.5,27,se_st2,phi_bias,1,0.45,1191.314047635317,238.26280952706338,,False,-1,False,0.91,0.0
correlated,0.5,27,sp_ucb_st2,ignore_corr,1,0.5,401.224939446847,48.635677483805694,0.0,False,-1,,0.85,
correlated,0.5,27,se_st2,ignore_corr,1,0.5,1191.314047635317,238.26280952706338,,False,-1,False,0.86,0.0
correlated,0.5,27,sp_ucb_st2,t3,1,0.5,380.1386326163687,82.11708601837833,0.0,False,-1,,0.88,
correlated,0.5,27,se_st2,t3,1,0.5,1191.314047635317,238.26280952706338,,False,-1,False,0.86,0.0
correlated,0.9,27,sp_ucb_st2,known,1,0.9,475.60749147514423,44.228845938383195,0.0,False,-1,,0.85,
correlated,0.9,27,se_st2,known,1,0.9,1191.314047635317,238.26280952706338,,False,-1,False,0.91,0.0
correlated,0.9,27,sp_ucb_st2,fit100,1,0.8964843468557707,680.4186847629535,51.84799445720913,0.0,False,-1,,0.84,
correlated,0.9,27,se_st2,fit100,1,0.8964843468557707,1191.314047635317,238.26280952706338,,False,-1,False,0.89,0.0
correlated,0.9,27,sp_ucb_st2,fit365,1,0.909692910499556,479.9197647443648,6.545548036586337,0.0,False,-1,,0.83,
correlated,0.9,27,se_st2,fit365,1,0.909692910499556,1191.314047635317,238.26280952706338,,False,-1,False,0.85,0.0
correlated,0.9,27,sp_ucb_st2,fit100_cons,1,0.9172595958314338,821.2917579387395,31.602785216785545,0.0,False,-1,,0.89,
correlated,0.9,27,se_st2,fit100_cons,1,0.9172595958314338,1191.314047635317,238.26280952706338,,False,-1,False,0.79,0.0
correlated,0.9,27,sp_ucb_st2,phi_bias,1,0.85,860.7082646403038,92.6903033849932,0.0,False,-1,,0.82,
correlated,0.9,27,se_st2,phi_bias,1,0.85,1191.314047635317,238.26280952706338,,False,-1,False,0.9,0.0
correlated,0.9,27,sp_ucb_st2,ignore_corr,1,0.9,334.2923151521826,13.523730614605444,0.0,False,-1,,0.84,
correlated,0.9,27,se_st2,ignore_corr,1,0.9,1191.314047635317,238.26280952706338,,False,-1,False,0.87,0.0
correlated,0.9,27,sp_ucb_st2,t3,1,0.9,837.8882422715988,160.8156955099097,0.0,False,-1,,0.83,
correlated,0.9,27,se_st2,t3,1,0.9,1191.314047635317,238.26280952706338,,False,-1,False,0.86,0.0
correlated,0.97,27,sp_ucb_st2,known,1,0.97,747.7582877366578,119.13774309990538,0.0,False,-1,,0.87,
correlated,0.97,27,se_st2,known,1,0.97,1191.314047635317,238.26280952706338,,False,-1,False,0.89,0.0
correlated,0.97,27,sp_ucb_st2,fit100,1,0.9487533692705342,771.8801749599522,103.95761493352921,0.0,False,-1,,0.84,
correlated,0.97,27,se_st2,fit100,1,0.9487533692705342,1191.314047635317,238.26280952706338,,False,-1,False,0.86,0.0
correlated,0.97,27,sp_ucb_st2,fit365,1,0.9701214663906256,419.7980012734429,99.38077938196827,0.0,False,-1,,0.85,
correlated,0.97,27,se_st2,fit365,1,0.9701214663906256,1191.314047635317,238.26280952706338,,False,-1,False,0.89,0.0
correlated,0.97,27,sp_ucb_st2,fit100_cons,1,0.9613900435052214,815.864777637589,90.0888111932474,0.0,False,-1,,0.83,
correlated,0.97,27,se_st2,fit100_cons,1,0.9613900435052214,1191.314047635317,238.26280952706338,,False,-1,False,0.93,0.0
correlated,0.97,27,sp_ucb_st2,phi_bias,1,0.9199999999999999,977.8632750247809,132.83437347271868,0.0,False,-1,,0.85,
correlated,0.97,27,se_st2,phi_bias,1,0.9199999999999999,1191.314047635317,238.26280952706338,,False,-1,False,0.91,0.0
correlated,0.97,27,sp_ucb_st2,ignore_corr,1,0.97,492.0436460524162,62.70324471860073,0.0,False,-1,,0.86,
correlated,0.97,27,se_st2,ignore_corr,1,0.97,1191.314047635317,238.26280952706338,,False,-1,False,0.88,0.0
correlated,0.97,27,sp_ucb_st2,t3,1,0.97,879.4956035159305,37.61908905849721,0.0,False,-1,,0.85,
correlated,0.97,27,se_st2,t3,1,0.97,1191.314047635317,238.26280952706338,,False,-1,False,0.91,0.0
correlated,,27,sp_ucb_st2,ar7_as_ar1,1,0.8140718399005616,1497.9681587878708,281.3056105607854,0.0,False,-1,,0.9,
correlated,,27,se_st2,ar7_as_ar1,1,0.8140718399005616,1191.314047635317,238.26280952706338,,False,-1,False,0.92,0.0
correlated,0.5,28,sp_ucb_st2,known,1,0.5,392.1725087613891,27.344533285357933,0.0,False,-1,,0.91,
correlated,0.5,28,se_st2,known,1,0.5,1160.55081642212,232.11016328442398,,False,-1,False,0.89,0.0
correlated,0.5,28,sp_ucb_st2,fit100,1,0.3672179156343828,426.8631295831624,38.747523306501606,0.0,False,-1,,0.81,
correlated,0.5,28,se_st2,fit100,1,0.3672179156343828,1160.55081642212,232.11016328442398,,False,-1,False,0.87,0.0
correlated,0.5,28,sp_ucb_st2,fit365,1,0.42410797599595823,504.2206248937871,53.30326197099362,0.0,False,-1,,0.81,
correlated,0.5,28,se_st2,fit365,1,0.42410797599595823,1160.55081642212,232.11016328442398,,False,-1,False,0.94,0.0
correlated,0.5,28,sp_ucb_st2,fit100_cons,1,0.4414781847903917,432.0795627992151,51.65115702376053,0.0,False,-1,,0.94,
correlated,0.5,28,se_st2,fit100_cons,1,0.4414781847903917,1160.55081642212,232.11016328442398,,False,-1,False,0.87,0.0
correlated,0.5,28,sp_ucb_st2,phi_bias,1,0.45,294.61954220382535,1.6084272206773085,0.0,False,-1,,0.82,
correlated,0.5,28,se_st2,phi_bias,1,0.45,1160.55081642212,232.11016328442398,,False,-1,False,0.86,0.0
correlated,0.5,28,sp_ucb_st2,ignore_corr,1,0.5,414.2566429766655,2.2452520289254463,0.0,False,-1,,0.83,
correlated,0.5,28,se_st2,ignore_corr,1,0.5,1160.55081642212,232.11016328442398,,False,-1,False,0.88,0.0
correlated,0.5,28,sp_ucb_st2,t3,1,0.5,405.4411337220393,63.595262106343164,0.0,False,-1,,0.92,
correlated,0.5,28,se_st2,t3,1,0.5,1160.5508164221196,232.110163284424,,False,-1,False,0.89,0.0
correlated,0.9,28,sp_ucb_st2,known,1,0.9,905.3764143823123,46.80164824029741,0.0,False,-1,,0.97,
correlated,0.9,28,se_st2,known,1,0.9,1160.55081642212,232.11016328442398,,False,-1,False,0.96,0.0
correlated,0.9,28,sp_ucb_st2,fit100,1,0.8743678792651669,815.6922980294219,63.29841568137193,0.0,False,-1,,0.83,
correlated,0.9,28,se_st2,fit100,1,0.8743678792651669,1160.55081642212,232.11016328442398,,False,-1,False,0.88,0.0
correlated,0.9,28,sp_ucb_st2,fit365,1,0.8761921896119648,839.7026499325818,64.85190985941483,0.0,False,-1,,1.0,
correlated,0.9,28,se_st2,fit365,1,0.8761921896119648,1160.55081642212,232.11016328442398,,False,-1,False,0.87,0.0
correlated,0.9,28,sp_ucb_st2,fit100_cons,1,0.8912207131120616,843.0469572802795,22.527211460860382,0.0,False,-1,,0.88,
correlated,0.9,28,se_st2,fit100_cons,1,0.8912207131120616,1160.55081642212,232.11016328442398,,False,-1,False,0.79,0.0
correlated,0.9,28,sp_ucb_st2,phi_bias,1,0.85,756.4103689981159,114.61952601247481,0.0,False,-1,,0.91,
correlated,0.9,28,se_st2,phi_bias,1,0.85,1160.55081642212,232.11016328442398,,False,-1,False,0.91,0.0
correlated,0.9,28,sp_ucb_st2,ignore_corr,1,0.9,867.3485127620654,121.61844615896192,0.0,False,-1,,0.89,
correlated,0.9,28,se_st2,ignore_corr,1,0.9,1160.55081642212,232.11016328442398,,False,-1,False,1.06,0.0
correlated,0.9,28,sp_ucb_st2,t3,1,0.9,787.3567452609191,172.6805598537361,0.0,False,-1,,0.87,
correlated,0.9,28,se_st2,t3,1,0.9,1160.5508164221196,232.110163284424,,False,-1,False,0.91,0.0
correlated,0.97,28,sp_ucb_st2,known,1,0.97,838.34266891193,15.63669845691133,0.0,False,-1,,0.87,
correlated,0.97,28,se_st2,known,1,0.97,1160.55081642212,232.11016328442398,,False,-1,False,1.01,0.0
correlated,0.97,28,sp_ucb_st2,fit100,1,0.9422835919950593,832.953362971668,45.377099065081154,0.0,False,-1,,0.79,
correlated,0.97,28,se_st2,fit100,1,0.9422835919950593,1160.55081642212,232.11016328442398,,False,-1,False,0.93,0.0
correlated,0.97,28,sp_ucb_st2,fit365,1,0.9548476171429333,977.511959494551,54.474538416869095,0.0,False,-1,,0.87,
correlated,0.97,28,se_st2,fit365,1,0.9548476171429333,1160.55081642212,232.11016328442398,,False,-1,False,0.87,0.0
correlated,0.97,28,sp_ucb_st2,fit100_cons,1,0.9527512748338144,918.8252842316715,18.60617648642565,0.0,False,-1,,0.84,
correlated,0.97,28,se_st2,fit100_cons,1,0.9527512748338144,1160.55081642212,232.11016328442398,,False,-1,False,0.92,0.0
correlated,0.97,28,sp_ucb_st2,phi_bias,1,0.9199999999999999,1126.5038296667294,180.01628394064275,0.0,False,-1,,0.87,
correlated,0.97,28,se_st2,phi_bias,1,0.9199999999999999,1160.55081642212,232.11016328442398,,False,-1,False,0.94,0.0
correlated,0.97,28,sp_ucb_st2,ignore_corr,1,0.97,1016.3395874858383,41.24379291780261,0.0,False,-1,,0.9,
correlated,0.97,28,se_st2,ignore_corr,1,0.97,1160.55081642212,232.11016328442398,,False,-1,False,0.89,0.0
correlated,0.97,28,sp_ucb_st2,t3,1,0.97,594.1394867489494,55.76582778251472,0.0,False,-1,,0.94,
correlated,0.97,28,se_st2,t3,1,0.97,1160.5508164221196,232.110163284424,,False,-1,False,0.95,0.0
correlated,,28,sp_ucb_st2,ar7_as_ar1,1,0.7190230583280084,963.8270592696479,39.31486860046756,0.0,False,-1,,0.87,
correlated,,28,se_st2,ar7_as_ar1,1,0.7190230583280084,1295.3034179508663,278.8779413630767,,True,985,True,0.97,0.8016
correlated,0.5,29,sp_ucb_st2,known,1,0.5,437.92373052775963,54.464813101651174,0.0,False,-1,,0.86,
correlated,0.5,29,se_st2,known,1,0.5,1210.2262836647283,242.0452567329457,,False,-1,False,0.91,0.0
correlated,0.5,29,sp_ucb_st2,fit100,1,0.5117082820564527,400.3976179145348,56.123104669104784,0.0,False,-1,,0.87,
correlated,0.5,29,se_st2,fit100,1,0.5117082820564527,1210.2262836647283,242.0452567329457,,False,-1,False,0.89,0.0
correlated,0.5,29,sp_ucb_st2,fit365,1,0.5193371127955511,387.7989032666012,51.40135376610771,0.0,False,-1,,0.83,
correlated,0.5,29,se_st2,fit365,1,0.5193371127955511,1210.2262836647283,242.0452567329457,,False,-1,False,0.84,0.0
correlated,0.5,29,sp_ucb_st2,fit100_cons,1,0.5786709226410777,331.6443217293038,17.102799619343354,0.0,False,-1,,0.84,
correlated,0.5,29,se_st2,fit100_cons,1,0.5786709226410777,1210.2262836647283,242.0452567329457,,False,-1,False,0.91,0.0
correlated,0.5,29,sp_ucb_st2,phi_bias,1,0.45,478.42090713473283,68.06670725621062,0.0,False,-1,,0.9,
correlated,0.5,29,se_st2,phi_bias,1,0.45,1210.2262836647283,242.0452567329457,,False,-1,False,0.9,0.0
correlated,0.5,29,sp_ucb_st2,ignore_corr,1,0.5,433.96585618659617,9.072615298131744,0.0,False,-1,,0.86,
correlated,0.5,29,se_st2,ignore_corr,1,0.5,1210.2262836647283,242.0452567329457,,False,-1,False,0.93,0.0
correlated,0.5,29,sp_ucb_st2,t3,1,0.5,430.74154095173304,91.07423734071409,0.0,False,-1,,0.91,
correlated,0.5,29,se_st2,t3,1,0.5,1210.2262836647283,242.04525673294566,,False,-1,False,0.91,0.0
correlated,0.9,29,sp_ucb_st2,known,1,0.9,699.9962175869584,181.52262847211531,0.0,False,-1,,0.85,
correlated,0.9,29,se_st2,known,1,0.9,1210.2262836647283,242.0452567329457,,False,-1,False,0.95,0.0
correlated,0.9,29,sp_ucb_st2,fit100,1,0.8954818045651387,769.3209042281987,93.10504108852365,0.0,False,-1,,0.9,
correlated,0.9,29,se_st2,fit100,1,0.8954818045651387,1210.2262836647283,242.0452567329457,,False,-1,False,0.93,0.0
correlated,0.9,29,sp_ucb_st2,fit365,1,0.9102054076677075,619.0030913477908,184.96145440919616,0.0,False,-1,,0.86,
correlated,0.9,29,se_st2,fit365,1,0.9102054076677075,1210.2262836647283,242.0452567329457,,False,-1,False,1.0,0.0
correlated,0.9,29,sp_ucb_st2,fit100_cons,1,0.9155053843273263,681.9358857036468,118.12349428429313,0.0,False,-1,,0.82,
correlated,0.9,29,se_st2,fit100_cons,1,0.9155053843273263,1210.2262836647283,242.0452567329457,,False,-1,False,0.89,0.0
correlated,0.9,29,sp_ucb_st2,phi_bias,1,0.85,739.3671491731525,70.82153548971317,0.0,False,-1,,0.86,
correlated,0.9,29,se_st2,phi_bias,1,0.85,1210.2262836647283,242.0452567329457,,False,-1,False,0.99,0.0
correlated,0.9,29,sp_ucb_st2,ignore_corr,1,0.9,639.4255062675451,110.70687360427266,0.0,False,-1,,0.87,
correlated,0.9,29,se_st2,ignore_corr,1,0.9,1210.2262836647283,242.0452567329457,,False,-1,False,0.91,0.0
correlated,0.9,29,sp_ucb_st2,t3,1,0.9,985.297777493589,106.30639914279975,0.0,False,-1,,0.83,
correlated,0.9,29,se_st2,t3,1,0.9,1210.2262836647283,242.04525673294566,,False,-1,False,0.94,0.0
correlated,0.97,29,sp_ucb_st2,known,1,0.97,730.0642701295623,130.688577139544,0.0,False,-1,,0.92,
correlated,0.97,29,se_st2,known,1,0.97,1210.2262836647283,242.0452567329457,,False,-1,False,0.89,0.0
correlated,0.97,29,sp_ucb_st2,fit100,1,0.9434149259938593,938.1517264869342,135.20722511723747,0.0,False,-1,,0.89,
correlated,0.97,29,se_st2,fit100,1,0.9434149259938593,1210.2262836647283,242.0452567329457,,False,-1,False,0.93,0.0
correlated,0.97,29,sp_ucb_st2,fit365,1,0.9691416733554611,1052.777491470596,183.52626489290566,0.0,False,-1,,0.94,
correlated,0.97,29,se_st2,fit365,1,0.9691416733554611,1210.2262836647283,242.0452567329457,,False,-1,False,0.92,0.0
correlated,0.97,29,sp_ucb_st2,fit100_cons,1,0.9622522180607069,835.3407758756891,149.88930345838796,0.0,False,-1,,0.89,
correlated,0.97,29,se_st2,fit100_cons,1,0.9622522180607069,1210.2262836647283,242.0452567329457,,False,-1,False,0.88,0.0
correlated,0.97,29,sp_ucb_st2,phi_bias,1,0.9199999999999999,856.0052708503688,242.08853855898303,0.0,False,-1,,0.91,
correlated,0.97,29,se_st2,phi_bias,1,0.9199999999999999,1210.2262836647283,242.0452567329457,,False,-1,False,0.92,0.0
correlated,0.97,29,sp_ucb_st2,ignore_corr,1,0.97,1008.28961524021,156.86700617903594,0.0,False,-1,,0.85,
correlated,0.97,29,se_st2,ignore_corr,1,0.97,1210.2262836647283,242.0452567329457,,False,-1,False,0.81,0.0
correlated,0.97,29,sp_ucb_st2,t3,1,0.97,1349.6066716389437,341.33965735606637,0.0,False,-1,,0.88,
correlated,0.97,29,se_st2,t3,1,0.97,1210.2262836647283,242.04525673294566,,False,-1,False,0.92,0.0
correlated,,29,sp_ucb_st2,ar7_as_ar1,1,0.7841268230465834,1155.8896505621983,325.54377759994503,0.0,False,-1,,0.89,
correlated,,29,se_st2,ar7_as_ar1,1,0.7841268230465834,1210.2262836647283,242.0452567329457,,False,-1,False,1.03,0.0
independent,0.5,0,sp_ucb_iid,known,1,,560.1181855395778,61.83824220620294,0.0,False,-1,,0.13,
independent,0.5,0,se_iid,known,1,,1143.5444276382075,228.7088855276415,,False,-1,False,0.19,0.0
independent,0.5,0,sp_ucb_iid,t3,1,,354.8438486127985,65.53213927452484,0.0,False,-1,,0.13,
independent,0.5,0,se_iid,t3,1,,1143.5444276382075,228.70888552764148,,False,-1,False,0.16,0.0
independent,0.9,0,sp_ucb_iid,known,1,,635.3437231249868,117.8076244127593,0.0,False,-1,,0.13,
independent,0.9,0,se_iid,known,1,,1143.5444276382075,228.7088855276415,,False,-1,False,0.19,0.0
independent,0.9,0,sp_ucb_iid,t3,1,,435.5431342142692,64.21819391227709,0.0,False,-1,,0.13,
independent,0.9,0,se_iid,t3,1,,1143.5444276382075,228.70888552764148,,False,-1,False,0.18,0.0
independent,0.97,0,sp_ucb_iid,known,1,,653.5514457129834,48.97343403347719,0.0,False,-1,,0.15,
independent,0.97,0,se_iid,known,1,,1134.3478701355475,219.5123280249814,,False,-1,False,0.18,0.0
independent,0.97,0,sp_ucb_iid,t3,1,,430.45695581684714,80.84865117163235,0.0,False,-1,,0.17,
independent,0.97,0,se_iid,t3,1,,1143.5444276382075,228.70888552764148,,False,-1,False,0.18,0.0
independent,,0,sp_ucb_iid,ar7_as_ar1,1,,846.7840357430816,105.35984981020361,0.0,False,-1,,0.19,
independent,,0,se_iid,ar7_as_ar1,1,,1086.1235286107235,173.11393920678728,,False,-1,False,0.2,0.0
independent,0.5,1,sp_ucb_iid,known,1,,428.037565601593,69.36457713696159,0.0,False,-1,,0.14,
independent,0.5,1,se_iid,known,1,,1240.330611073357,248.06612221467142,,False,-1,False,0.25,0.0
independent,0.5,1,sp_ucb_iid,t3,1,,412.5801724110123,67.99543872800437,0.0,False,-1,,0.11,
independent,0.5,1,se_iid,t3,1,,1240.330611073357,248.0661222146714,,False,-1,False,0.2,0.0
independent,0.9,1,sp_ucb_iid,known,1,,733.9257184916669,79.01932938071269,0.0,False,-1,,0.15,
independent,0.9,1,se_iid,known,1,,1240.330611073357,248.06612221467142,,False,-1,False,0.19,0.0
independent,0.9,1,sp_ucb_iid,t3,1,,579.170968153618,90.548652892375,0.0,False,-1,,0.11,
independent,0.9,1,se_iid,t3,1,,1240.330611073357,248.0661222146714,,False,-1,False,0.19,0.0
independent,0.97,1,sp_ucb_iid,known,1,,1174.985252923721,203.67429379916635,0.0,False,-1,,0.2,
independent,0.97,1,se_iid,known,1,,1240.330611073357,248.06612221467142,,False,-1,False,0.2,0.0
independent,0.97,1,sp_ucb_iid,t3,1,,566.73088073696,78.53103812239502,0.0,False,-1,,0.15,
independent,0.97,1,se_iid,t3,1,,1240.330611073357,248.0661222146714,,False,-1,False,0.23,0.0
independent,,1,sp_ucb_iid,ar7_as_ar1,1,,559.5077340572844,57.97440384736198,0.0,False,-1,,0.16,
independent,,1,se_iid,ar7_as_ar1,1,,1240.330611073357,248.06612221467142,,True,73,False,0.2,0.0202
independent,0.5,2,sp_ucb_iid,known,1,,573.1930213689024,57.78899669225332,0.0,False,-1,,0.14,
independent,0.5,2,se_iid,known,1,,1158.3949585054145,231.6789917010829,,False,-1,False,0.19,0.0
independent,0.5,2,sp_ucb_iid,t3,1,,562.0270388830078,66.38870714214497,0.0,False,-1,,0.13,
independent,0.5,2,se_iid,t3,1,,1158.3949585054145,231.6789917010829,,False,-1,False,0.18,0.0
independent,0.9,2,sp_ucb_iid,known,1,,545.6115181244038,93.51987555121141,0.0,False,-1,,0.16,
independent,0.9,2,se_iid,known,1,,1158.3949585054145,231.6789917010829,,False,-1,False,0.16,0.0
independent,0.9,2,sp_ucb_iid,t3,1,,601.4547649459121,105.49093221919829,0.0,False,-1,,0.13,
independent,0.9,2,se_iid,t3,1,,1158.3949585054145,231.6789917010829,,False,-1,False,0.18,0.0
independent,0.97,2,sp_ucb_iid,known,1,,771.5004069791053,115.26132738411397,0.0,False,-1,,0.1,
independent,0.97,2,se_iid,known,1,,168.24868578620163,27.422111006771274,,True,489,True,0.16,0.7102
independent,0.97,2,sp_ucb_iid,t3,1,,907.4246649360009,188.42853986464218,0.0,False,-1,,0.13,
independent,0.97,2,se_iid,t3,1,,1158.3949585054145,231.6789917010829,,False,-1,False,0.17,0.0
independent,,2,sp_ucb_iid,ar7_as_ar1,1,,606.2972399548937,146.84215154478986,0.0,False,-1,,0.15,
independent,,2,se_iid,ar7_as_ar1,1,,173.23451240201473,27.422111006771274,,True,1575,True,0.2,0.685
independent,0.5,3,sp_ucb_iid,known,1,,410.4935246916391,75.16419868366981,0.0,False,-1,,0.13,
independent,0.5,3,se_iid,known,1,,1143.7630492466697,228.7526098493339,,False,-1,False,0.19,0.0
independent,0.5,3,sp_ucb_iid,t3,1,,359.9360495527612,56.18570474912954,0.0,False,-1,,0.14,
independent,0.5,3,se_iid,t3,1,,1143.7630492466694,228.75260984933388,,False,-1,False,0.17,0.0
independent,0.9,3,sp_ucb_iid,known,1,,720.9102243382238,114.83540433801764,0.0,False,-1,,0.12,
independent,0.9,3,se_iid,known,1,,1143.7630492466697,228.7526098493339,,False,-1,False,0.2,0.0
independent,0.9,3,sp_ucb_iid,t3,1,,499.76583999845116,78.08116208226758,0.0,False,-1,,0.12,
independent,0.9,3,se_iid,t3,1,,1143.7630492466694,228.75260984933388,,False,-1,False,0.18,0.0
independent,0.97,3,sp_ucb_iid,known,1,,850.7434161356912,145.41621688320402,0.0,False,-1,,0.14,
independent,0.97,3,se_iid,known,1,,888.5463786871219,123.94277580754108,,False,-1,False,0.16,0.0
independent,0.97,3,sp_ucb_iid,t3,1,,692.1008483656069,295.01126544993906,0.0,False,-1,,0.15,
independent,0.97,3,se_iid,t3,1,,1143.7630492466694,228.75260984933388,,False,-1,False,0.18,0.0
independent,,3,sp_ucb_iid,ar7_as_ar1,1,,815.0872624313395,128.69470856705885,0.0,False,-1,,0.16,
independent,,3,se_iid,ar7_as_ar1,1,,554.4725390537196,10.808362430120066,,True,399,True,0.21,0.7994
independent,0.5,4,sp_ucb_iid,known,1,,329.7066616047049,45.056480514354384,0.0,False,-1,,0.12,
independent,0.5,4,se_iid,known,1,,1205.2120691112846,241.04241382225692,,False,-1,False,0.1,0.0
independent,0.5,4,sp_ucb_iid,t3,1,,574.7251643363184,65.61948050809234,0.0,False,-1,,0.14,
independent,0.5,4,se_iid,t3,1,,1205.2120691112846,241.0424138222569,,False,-1,False,0.19,0.0
independent,0.9,4,sp_ucb_iid,known,1,,343.2818626472466,81.23106819764179,0.0,False,-1,,0.13,
independent,0.9,4,se_iid,known,1,,1205.2120691112846,241.04241382225692,,False,-1,False,0.17,0.0
independent,0.9,4,sp_ucb_iid,t3,1,,601.1657439321458,93.14193377770322,0.0,False,-1,,0.14,
independent,0.9,4,se_iid,t3,1,,1205.2120691112846,241.0424138222569,,False,-1,False,0.18,0.0
independent,0.97,4,sp_ucb_iid,known,1,,228.96813638285755,41.11355847666542,0.0,False,-1,,0.13,
independent,0.97,4,se_iid,known,1,,1205.2120691112846,241.04241382225692,,False,-1,False,0.17,0.0
independent,0.97,4,sp_ucb_iid,t3,1,,947.4926370419821,131.51491543063125,0.0,False,-1,,0.11,
independent,0.97,4,se_iid,t3,1,,1205.2120691112846,241.0424138222569,,False,-1,False,0.15,0.0
independent,,4,sp_ucb_iid,ar7_as_ar1,1,,692.7020824227727,40.435861881609384,0.0,False,-1,,0.17,
independent,,4,se_iid,ar7_as_ar1,1,,1166.8040241099118,228.7101173451647,,False,-1,False,0.2,0.0
independent,0.5,5,sp_ucb_iid,known,1,,496.1344804034857,48.8991670183793,0.0,False,-1,,0.14,
independent,0.5,5,se_iid,known,1,,1137.718195354663,227.5436390709326,,False,-1,False,0.18,0.0
independent,0.5,5,sp_ucb_iid,t3,1,,458.2209083785993,65.51227960392691,0.0,False,-1,,0.14,
independent,0.5,5,se_iid,t3,1,,1137.7181953546628,227.5436390709326,,False,-1,False,0.18,0.0
independent,0.9,5,sp_ucb_iid,known,1,,217.21601217959784,35.435638936185974,0.0,False,-1,,0.14,
independent,0.9,5,se_iid,known,1,,1137.718195354663,227.5436390709326,,False,-1,False,0.16,0.0
independent,0.9,5,sp_ucb_iid,t3,1,,588.8590571942298,118.39382723002153,0.0,False,-1,,0.13,
independent,0.9,5,se_iid,t3,1,,1137.7181953546628,227.5436390709326,,False,-1,False,0.16,0.0
independent,0.97,5,sp_ucb_iid,known,1,,588.5084850111448,160.7047777645998,0.0,False,-1,,0.14,
independent,0.97,5,se_iid,known,1,,1137.718195354663,227.5436390709326,,False,-1,False,0.19,0.0
independent,0.97,5,sp_ucb_iid,t3,1,,703.117442263662,134.78183080803888,0.0,False,-1,,0.17,
independent,0.97,5,se_iid,t3,1,,1137.7181953546628,227.5436390709326,,False,-1,False,0.16,0.0
independent,,5,sp_ucb_iid,ar7_as_ar1,1,,1297.4341361586305,231.94717353601575,0.0,False,-1,,0.16,
independent,,5,se_iid,ar7_as_ar1,1,,1132.690868050789,225.97957538154583,,True,2265,False,0.2,0.547
independent,0.5,6,sp_ucb_iid,known,1,,526.33802774638,68.38693764280775,0.0,False,-1,,0.13,
independent,0.5,6,se_iid,known,1,,1155.5440132838962,231.10880265677923,,False,-1,False,0.18,0.0
independent,0.5,6,sp_ucb_iid,t3,1,,466.04672391147557,64.92785341189841,0.0,False,-1,,0.12,
independent,0.5,6,se_iid,t3,1,,1155.5440132838962,231.10880265677923,,False,-1,False,0.16,0.0
independent,0.9,6,sp_ucb_iid,known,1,,667.7590932863393,104.36026085431101,0.0,False,-1,,0.13,
independent,0.9,6,se_iid,known,1,,1155.5440132838962,231.10880265677923,,False,-1,False,0.17,0.0
independent,0.9,6,sp_ucb_iid,t3,1,,869.1570290311829,174.37184343714898,0.0,False,-1,,0.14,
independent,0.9,6,se_iid,t3,1,,1155.5440132838962,231.10880265677923,,False,-1,False,0.18,0.0
independent,0.97,6,sp_ucb_iid,known,1,,651.2799688953044,68.87133266142669,0.0,False,-1,,0.12,
independent,0.97,6,se_iid,known,1,,1155.5440132838962,231.10880265677923,,False,-1,False,0.19,0.0
independent,0.97,6,sp_ucb_iid,t3,1,,520.8945699557135,55.21370830335284,0.0,False,-1,,0.14,
independent,0.97,6,se_iid,t3,1,,1155.5440132838962,231.10880265677923,,False,-1,False,0.17,0.0
independent,,6,sp_ucb_iid,ar7_as_ar1,1,,508.2595377872507,110.32017265953203,0.0,False,-1,,0.16,
independent,,6,se_iid,ar7_as_ar1,1,,1135.7583151198735,224.20432470445803,,True,595,False,0.21,0.04
independent,0.5,7,sp_ucb_iid,known,1,,402.33174746458485,67.86652658876969,0.0,False,-1,,0.15,
independent,0.5,7,se_iid,known,1,,1170.659718607841,234.1319437215682,,False,-1,False,0.22,0.0
independent,0.5,7,sp_ucb_iid,t3,1,,277.91193307796823,30.4424686211272,0.9956,True,22,,0.12,
independent,0.5,7,se_iid,t3,1,,1160.6561902957678,232.2417709964248,,True,21,False,0.18,0.9958
independent,0.9,7,sp_ucb_iid,known,1,,152.2299237555177,26.71851430598825,0.0,False,-1,,0.12,
independent,0.9,7,se_iid,known,1,,1170.659718607841,234.1319437215682,,False,-1,False,0.2,0.0
independent,0.9,7,sp_ucb_iid,t3,1,,262.3014411240671,98.83378537513555,0.0,False,-1,,0.13,
independent,0.9,7,se_iid,t3,1,,1160.2094915142447,232.0217535706035,,True,21,False,0.17,0.9958
independent,0.97,7,sp_ucb_iid,known,1,,381.43400668289536,70.87290099901125,0.0,False,-1,,0.16,
independent,0.97,7,se_iid,known,1,,573.0959327949726,32.81181370546955,,False,-1,False,0.18,0.0
independent,0.97,7,sp_ucb_iid,t3,1,,174.24353497847196,35.775381408169224,0.0,False,-1,,0.17,
independent,0.97,7,se_iid,t3,1,,812.0575423720918,31.945877688504567,,True,21,False,0.17,0.9958
independent,,7,sp_ucb_iid,ar7_as_ar1,1,,159.58043976681373,35.09624760038517,0.0,False,-1,,0.16,
independent,,7,se_iid,ar7_as_ar1,1,,293.0550662682191,25.122611902587856,,True,122,False,0.22,0.012
independent,0.5,8,sp_ucb_iid,known,1,,311.40186731404435,37.967496967505525,0.0,False,-1,,0.17,
independent,0.5,8,se_iid,known,1,,1156.9935069014202,231.39870138028414,,False,-1,False,0.17,0.0
independent,0.5,8,sp_ucb_iid,t3,1,,360.67988921155734,18.159646892049917,0.0,False,-1,,0.12,
independent,0.5,8,se_iid,t3,1,,1156.9935069014205,231.39870138028408,,False,-1,False,0.18,0.0
independent,0.9,8,sp_ucb_iid,known,1,,189.00889987994168,31.885236654834458,0.0,False,-1,,0.11,
independent,0.9,8,se_iid,known,1,,1156.9935069014202,231.39870138028414,,False,-1,False,0.17,0.0
independent,0.9,8,sp_ucb_iid,t3,1,,296.8976952519668,34.157542669730205,0.0,False,-1,,0.13,
independent,0.9,8,se_iid,t3,1,,1156.9935069014205,231.39870138028408,,False,-1,False,0.18,0.0
independent,0.97,8,sp_ucb_iid,known,1,,164.7871147361767,22.17707568509091,0.0,False,-1,,0.14,
independent,0.97,8,se_iid,known,1,,1077.3155018431585,193.39949899342503,,False,-1,False,0.18,0.0
independent,0.97,8,sp_ucb_iid,t3,1,,598.0835283674792,22.29971658566196,0.0,False,-1,,0.15,
independent,0.97,8,se_iid,t3,1,,1156.9935069014205,231.39870138028408,,False,-1,False,0.17,0.0
independent,,8,sp_ucb_iid,ar7_as_ar1,1,,453.4202032060715,98.32289307262776,0.0,False,-1,,0.16,
independent,,8,se_iid,ar7_as_ar1,1,,628.98428881646,24.36813942560039,,True,756,False,0.22,0.056
independent,0.5,9,sp_ucb_iid,known,1,,585.800892997339,99.16644670954403,0.0,False,-1,,0.12,
independent,0.5,9,se_iid,known,1,,1184.5866510523958,236.91733021047915,,False,-1,False,0.2,0.0
independent,0.5,9,sp_ucb_iid,t3,1,,381.35910528185923,41.066486386422184,0.0,False,-1,,0.14,
independent,0.5,9,se_iid,t3,1,,1184.5866510523958,236.91733021047918,,False,-1,False,0.18,0.0
independent,0.9,9,sp_ucb_iid,known,1,,591.8688621556757,78.11861930283061,0.0,False,-1,,0.12,
independent,0.9,9,se_iid,known,1,,1184.5866510523958,236.91733021047915,,False,-1,False,0.21,0.0
independent,0.9,9,sp_ucb_iid,t3,1,,583.2277780964766,112.81629945277552,0.0,False,-1,,0.12,
independent,0.9,9,se_iid,t3,1,,1184.5866510523958,236.91733021047918,,False,-1,False,0.18,0.0
independent,0.97,9,sp_ucb_iid,known,1,,810.0948556808269,91.42941911967873,0.0,False,-1,,0.14,
independent,0.97,9,se_iid,known,1,,1181.673194973679,234.0038741317626,,False,-1,False,0.18,0.0
independent,0.97,9,sp_ucb_iid,t3,1,,684.1143594847413,66.99195321882243,0.0,False,-1,,0.11,
independent,0.97,9,se_iid,t3,1,,1174.5211612235973,228.55077263504,,False,-1,False,0.16,0.0
independent,,9,sp_ucb_iid,ar7_as_ar1,1,,1217.6030038142408,234.7646429238605,0.0,False,-1,,0.16,
independent,,9,se_iid,ar7_as_ar1,1,,1147.8478799280754,223.6900213043664,,True,1354,False,0.23,0.0304
independent,0.5,10,sp_ucb_iid,known,1,,540.8420791647491,59.177133577476546,0.0,False,-1,,0.14,
independent,0.5,10,se_iid,known,1,,1175.2965846830598,235.05931693661196,,False,-1,False,0.16,0.0
independent,0.5,10,sp_ucb_iid,t3,1,,521.2269687679718,88.8045747351463,0.0,False,-1,,0.14,
independent,0.5,10,se_iid,t3,1,,1175.29658468306,235.059316936612,,False,-1,False,0.19,0.0
independent,0.9,10,sp_ucb_iid,known,1,,369.72777409885924,30.96412655599824,0.0,False,-1,,0.13,
independent,0.9,10,se_iid,known,1,,1175.2965846830598,235.05931693661196,,False,-1,False,0.17,0.0
independent,0.9,10,sp_ucb_iid,t3,1,,633.4151163172814,115.96593599222604,0.0,False,-1,,0.12,
independent,0.9,10,se_iid,t3,1,,1175.29658468306,235.059316936612,,False,-1,False,0.19,0.0
independent,0.97,10,sp_ucb_iid,known,1,,705.8921552981176,147.53265589100522,0.0,False,-1,,0.14,
independent,0.97,10,se_iid,known,1,,1130.5153732583094,197.57593014509706,,False,-1,False,0.19,0.0
independent,0.97,10,sp_ucb_iid,t3,1,,940.5542214814121,135.45680513767087,0.0,False,-1,,0.12,
independent,0.97,10,se_iid,t3,1,,1175.29658468306,235.059316936612,,False,-1,False,0.18,0.0
independent,,10,sp_ucb_iid,ar7_as_ar1,1,,288.88448813051764,37.678127183091334,0.0,False,-1,,0.15,
independent,,10,se_iid,ar7_as_ar1,1,,891.9081557294301,130.87425521708303,,True,3513,False,0.23,0.0378
independent,0.5,11,sp_ucb_iid,known,1,,432.6596481940668,48.38247513532919,0.0,False,-1,,0.15,
independent,0.5,11,se_iid,known,1,,1143.239624688888,228.64792493777765,,False,-1,False,0.17,0.0
independent,0.5,11,sp_ucb_iid,t3,1,,355.95944936623,65.18190275966951,0.0,False,-1,,0.16,
independent,0.5,11,se_iid,t3,1,,1143.239624688888,228.64792493777765,,False,-1,False,0.15,0.0
independent,0.9,11,sp_ucb_iid,known,1,,376.32263082892814,60.16509210989984,0.0,False,-1,,0.15,
independent,0.9,11,se_iid,known,1,,1143.239624688888,228.64792493777765,,False,-1,False,0.19,0.0
independent,0.9,11,sp_ucb_iid,t3,1,,391.84673220503043,41.709564356272196,0.0,False,-1,,0.15,
independent,0.9,11,se_iid,t3,1,,1143.239624688888,228.64792493777765,,False,-1,False,0.16,0.0
independent,0.97,11,sp_ucb_iid,known,1,,880.9925121378154,131.1680565909541,0.0,False,-1,,0.12,
independent,0.97,11,se_iid,known,1,,1143.239624688888,228.64792493777765,,False,-1,False,0.18,0.0
independent,0.97,11,sp_ucb_iid,t3,1,,585.4946480424051,257.9040787760673,0.0,False,-1,,0.12,
independent,0.97,11,se_iid,t3,1,,1075.5291478285985,199.60167181021296,,False,-1,False,0.17,0.0
independent,,11,sp_ucb_iid,ar7_as_ar1,1,,344.49871327631513,28.751116302003673,0.0,False,-1,,0.16,
independent,,11,se_iid,ar7_as_ar1,1,,1129.9390543480304,223.4478956172988,,True,2074,False,0.19,0.5772
independent,0.5,12,sp_ucb_iid,known,1,,526.4746081648375,75.11280706414351,0.0,False,-1,,0.15,
independent,0.5,12,se_iid,known,1,,1205.9252258543593,241.18504517087183,,False,-1,False,0.16,0.0
independent,0.5,12,sp_ucb_iid,t3,1,,517.2938881752259,70.63371178594105,0.0,False,-1,,0.16,
independent,0.5,12,se_iid,t3,1,,1205.9252258543593,241.18504517087183,,False,-1,False,0.18,0.0
independent,0.9,12,sp_ucb_iid,known,1,,596.7573551450498,84.9953227576668,0.0,False,-1,,0.12,
independent,0.9,12,se_iid,known,1,,1205.9252258543593,241.18504517087183,,False,-1,False,0.18,0.0
independent,0.9,12,sp_ucb_iid,t3,1,,1304.7249552628086,255.7278215007953,0.0,False,-1,,0.13,
independent,0.9,12,se_iid,t3,1,,1205.9252258543593,241.18504517087183,,False,-1,False,0.17,0.0
independent,0.97,12,sp_ucb_iid,known,1,,614.729712195254,109.1019587238569,0.0,False,-1,,0.14,
independent,0.97,12,se_iid,known,1,,1205.9252258543593,241.18504517087183,,False,-1,False,0.18,0.0
independent,0.97,12,sp_ucb_iid,t3,1,,1150.6271249373642,63.44578965808714,0.0,False,-1,,0.14,
independent,0.97,12,se_iid,t3,1,,1204.2512166177917,239.51103593430403,,False,-1,False,0.17,0.0
independent,,12,sp_ucb_iid,ar7_as_ar1,1,,769.6702074051198,104.01894761937331,0.0,False,-1,,0.17,
independent,,12,se_iid,ar7_as_ar1,1,,1190.208195096207,233.99946823487767,,False,-1,False,0.2,0.0
independent,0.5,13,sp_ucb_iid,known,1,,567.178463068369,98.1505749391813,0.0,False,-1,,0.12,
independent,0.5,13,se_iid,known,1,,1222.8823432211072,244.5764686442214,,False,-1,False,0.15,0.0
independent,0.5,13,sp_ucb_iid,t3,1,,471.23961483371676,39.42130185102364,0.0,False,-1,,0.11,
independent,0.5,13,se_iid,t3,1,,1222.8823432211072,244.57646864422145,,False,-1,False,0.17,0.0
independent,0.9,13,sp_ucb_iid,known,1,,853.7700702728439,111.10831849578663,0.0,False,-1,,0.15,
independent,0.9,13,se_iid,known,1,,1222.8823432211072,244.5764686442214,,False,-1,False,0.17,0.0
independent,0.9,13,sp_ucb_iid,t3,1,,564.8650516246996,54.55490252920531,0.0,False,-1,,0.13,
independent,0.9,13,se_iid,t3,1,,1222.8823432211072,244.57646864422145,,False,-1,False,0.2,0.0
independent,0.97,13,sp_ucb_iid,known,1,,384.5443249391834,82.6246007722167,0.0,False,-1,,0.13,
independent,0.97,13,se_iid,known,1,,1211.2319637635455,237.32919362950548,,False,-1,False,0.16,0.0
independent,0.97,13,sp_ucb_iid,t3,1,,495.64984725444003,55.873458949707704,0.0,False,-1,,0.16,
independent,0.97,13,se_iid,t3,1,,1219.64740493909,241.34153036220414,,False,-1,False,0.19,0.0
independent,,13,sp_ucb_iid,ar7_as_ar1,1,,462.9737832875767,127.09301941125025,0.0,False,-1,,0.17,
independent,,13,se_iid,ar7_as_ar1,1,,1213.88068633089,240.12244131538478,,True,1344,False,0.18,0.7312
independent,0.5,14,sp_ucb_iid,known,1,,456.26599178614185,42.27309714489423,0.0,False,-1,,0.13,
independent,0.5,14,se_iid,known,1,,1118.5648907479974,223.71297814959945,,False,-1,False,0.18,0.0
independent,0.5,14,sp_ucb_iid,t3,1,,394.146925125967,30.325819454729917,0.0,False,-1,,0.14,
independent,0.5,14,se_iid,t3,1,,1118.5648907479977,223.71297814959948,,False,-1,False,0.2,0.0
independent,0.9,14,sp_ucb_iid,known,1,,597.6738181340793,86.76360957803361,0.0,False,-1,,0.1,
independent,0.9,14,se_iid,known,1,,1118.5648907479974,223.71297814959945,,False,-1,False,0.12,0.0
independent,0.9,14,sp_ucb_iid,t3,1,,633.9967211502964,80.80934010863088,0.0,False,-1,,0.12,
independent,0.9,14,se_iid,t3,1,,1118.5648907479977,223.71297814959948,,False,-1,False,0.14,0.0
independent,0.97,14,sp_ucb_iid,known,1,,693.7642471117141,112.71697333321484,0.0,False,-1,,0.15,
independent,0.97,14,se_iid,known,1,,1118.5648907479974,223.71297814959945,,False,-1,False,0.19,0.0
independent,0.97,14,sp_ucb_iid,t3,1,,631.5829302006994,47.658792078122254,0.0,False,-1,,0.14,
independent,0.97,14,se_iid,t3,1,,1109.5870428335197,214.73513023512174,,True,337,False,0.18,0.016
independent,,14,sp_ucb_iid,ar7_as_ar1,1,,543.7124434416789,79.53224598427391,0.0,False,-1,,0.16,
independent,,14,se_iid,ar7_as_ar1,1,,1113.0487791709352,222.0881817875949,,True,1363,False,0.2,0.7274
independent,0.5,15,sp_ucb_iid,known,1,,636.0863211860452,84.80462101438559,0.0,False,-1,,0.12,
independent,0.5,15,se_iid,known,1,,1168.4134044299133,233.68268088598268,,False,-1,False,0.19,0.0
independent,0.5,15,sp_ucb_iid,t3,1,,392.17591790875053,41.48762268917331,0.0,False,-1,,0.13,
independent,0.5,15,se_iid,t3,1,,1064.5573316899263,211.6743103333559,,False,-1,False,0.15,0.0
independent,0.9,15,sp_ucb_iid,known,1,,510.9519271130415,26.554473166273453,0.0,False,-1,,0.13,
independent,0.9,15,se_iid,known,1,,1168.4134044299133,233.68268088598268,,False,-1,False,0.17,0.0
independent,0.9,15,sp_ucb_iid,t3,1,,450.24326775566,78.5420671613044,0.0,False,-1,,0.16,
independent,0.9,15,se_iid,t3,1,,1168.4134044299135,233.68268088598268,,False,-1,False,0.19,0.0
independent,0.97,15,sp_ucb_iid,known,1,,741.2447729584287,35.0040931133248,0.0,False,-1,,0.14,
independent,0.97,15,se_iid,known,1,,1168.4134044299133,233.68268088598268,,False,-1,False,0.23,0.0
independent,0.97,15,sp_ucb_iid,t3,1,,564.1572528196285,112.45692887349156,0.0,False,-1,,0.15,
independent,0.97,15,se_iid,t3,1,,1168.4134044299135,233.68268088598268,,False,-1,False,0.18,0.0
independent,,15,sp_ucb_iid,ar7_as_ar1,1,,1492.8137061944676,281.8258394782099,0.0,False,-1,,0.16,
independent,,15,se_iid,ar7_as_ar1,1,,1168.4134044299133,233.68268088598268,,False,-1,False,0.19,0.0
independent,0.5,16,sp_ucb_iid,known,1,,448.1755930624114,46.685902848898905,0.0,False,-1,,0.14,
independent,0.5,16,se_iid,known,1,,1160.443259796285,232.08865195925705,,False,-1,False,0.17,0.0
independent,0.5,16,sp_ucb_iid,t3,1,,415.18958226529065,66.97588675767625,0.0,False,-1,,0.14,
independent,0.5,16,se_iid,t3,1,,1160.443259796285,232.08865195925705,,False,-1,False,0.17,0.0
independent,0.9,16,sp_ucb_iid,known,1,,417.97475236247357,58.81433334842411,0.0,False,-1,,0.14,
independent,0.9,16,se_iid,known,1,,1160.443259796285,232.08865195925705,,False,-1,False,0.22,0.0
independent,0.9,16,sp_ucb_iid,t3,1,,718.1807665898452,87.56137593711003,0.0,False,-1,,0.12,
independent,0.9,16,se_iid,t3,1,,1160.443259796285,232.08865195925705,,False,-1,False,0.26,0.0
independent,0.97,16,sp_ucb_iid,known,1,,292.1445778597025,51.32109094428435,0.0,False,-1,,0.15,
independent,0.97,16,se_iid,known,1,,1160.443259796285,232.08865195925705,,False,-1,False,0.15,0.0
independent,0.97,16,sp_ucb_iid,t3,1,,596.1361315047736,123.85601013585443,0.0,False,-1,,0.12,
independent,0.97,16,se_iid,t3,1,,1160.443259796285,232.08865195925705,,False,-1,False,0.19,0.0
independent,,16,sp_ucb_iid,ar7_as_ar1,1,,290.4829252690885,59.03906618183537,0.0,False,-1,,0.14,
independent,,16,se_iid,ar7_as_ar1,1,,1156.866182966001,228.51157512897288,,False,-1,False,0.29,0.0
independent,0.5,17,sp_ucb_iid,known,1,,320.4811391664336,36.15837127685778,0.0,False,-1,,0.13,
independent,0.5,17,se_iid,known,1,,1112.5938901823765,222.51877803647537,,False,-1,False,0.18,0.0
independent,0.5,17,sp_ucb_iid,t3,1,,554.7267480905797,138.77996893818138,0.0,False,-1,,0.15,
independent,0.5,17,se_iid,t3,1,,1112.5938901823765,222.51877803647534,,False,-1,False,0.16,0.0
independent,0.9,17,sp_ucb_iid,known,1,,383.78325298880577,63.278754812496416,0.0,False,-1,,0.16,
independent,0.9,17,se_iid,known,1,,1112.5938901823765,222.51877803647537,,False,-1,False,0.18,0.0
independent,0.9,17,sp_ucb_iid,t3,1,,622.5141228568755,95.3714375589838,0.0,False,-1,,0.14,
independent,0.9,17,se_iid,t3,1,,1112.5938901823765,222.51877803647534,,False,-1,False,0.19,0.0
independent,0.97,17,sp_ucb_iid,known,1,,628.4102040457249,205.11250942078146,0.0,False,-1,,0.15,
independent,0.97,17,se_iid,known,1,,1106.5644546516696,216.48934250576812,,True,272,False,0.17,0.068
independent,0.97,17,sp_ucb_iid,t3,1,,865.6661036889159,178.39695164761252,0.0,False,-1,,0.11,
independent,0.97,17,se_iid,t3,1,,1112.5938901823765,222.51877803647534,,False,-1,False,0.17,0.0
independent,,17,sp_ucb_iid,ar7_as_ar1,1,,504.5174543652616,200.47493125534498,0.0,False,-1,,0.19,
independent,,17,se_iid,ar7_as_ar1,1,,908.9884033307474,39.48132512995113,,True,272,False,0.23,0.084
independent,0.5,18,sp_ucb_iid,known,1,,290.14714066635145,37.90339487477017,0.0,False,-1,,0.12,
independent,0.5,18,se_iid,known,1,,1214.6083332168027,242.9216666433606,,False,-1,False,0.19,0.0
independent,0.5,18,sp_ucb_iid,t3,1,,336.44624702811905,34.84880148620627,0.0,False,-1,,0.12,
independent,0.5,18,se_iid,t3,1,,1214.6083332168027,242.9216666433606,,False,-1,False,0.2,0.0
independent,0.9,18,sp_ucb_iid,known,1,,529.1524994861811,122.22885774960503,0.0,False,-1,,0.15,
independent,0.9,18,se_iid,known,1,,1214.6083332168027,242.9216666433606,,False,-1,False,0.17,0.0
independent,0.9,18,sp_ucb_iid,t3,1,,763.3320884109353,168.2332401158449,0.0,False,-1,,0.12,
independent,0.9,18,se_iid,t3,1,,1214.6083332168027,242.9216666433606,,False,-1,False,0.19,0.0
independent,0.97,18,sp_ucb_iid,known,1,,713.8657896140525,192.72782374561757,0.0,False,-1,,0.16,
independent,0.97,18,se_iid,known,1,,1206.9199742718781,238.5960685339313,,False,-1,False,0.17,0.0
independent,0.97,18,sp_ucb_iid,t3,1,,788.7321018826299,216.08094089244696,0.0,False,-1,,0.13,
independent,0.97,18,se_iid,t3,1,,1213.0288252274004,241.34215865395805,,False,-1,False,0.17,0.0
independent,,18,sp_ucb_iid,ar7_as_ar1,1,,446.1268740067941,56.884884884690024,0.0,False,-1,,0.18,
independent,,18,se_iid,ar7_as_ar1,1,,856.7162106922433,43.549078853089995,,False,-1,False,0.18,0.0
independent,0.5,19,sp_ucb_iid,known,1,,581.0412983723111,110.29137733796176,0.0,False,-1,,0.14,
independent,0.5,19,se_iid,known,1,,1179.601504648334,235.9203009296668,,False,-1,False,0.18,0.0
independent,0.5,19,sp_ucb_iid,t3,1,,370.69804750504653,49.06264648533055,0.0,False,-1,,0.14,
independent,0.5,19,se_iid,t3,1,,1179.6015046483342,235.92030092966678,,False,-1,False,0.16,0.0
independent,0.9,19,sp_ucb_iid,known,1,,490.1197554934141,137.1266741424051,0.0,False,-1,,0.13,
independent,0.9,19,se_iid,known,1,,1179.601504648334,235.9203009296668,,False,-1,False,0.17,0.0
independent,0.9,19,sp_ucb_iid,t3,1,,510.51437625625965,78.3834936267653,0.0,False,-1,,0.12,
independent,0.9,19,se_iid,t3,1,,1179.6015046483342,235.92030092966678,,False,-1,False,0.17,0.0
independent,0.97,19,sp_ucb_iid,known,1,,616.9368503433328,151.7313212768538,0.0,False,-1,,0.14,
independent,0.97,19,se_iid,known,1,,1179.601504648334,235.9203009296668,,False,-1,False,0.21,0.0
independent,0.97,19,sp_ucb_iid,t3,1,,543.2030133040048,45.83387342550036,0.0,False,-1,,0.13,
independent,0.97,19,se_iid,t3,1,,1179.6015046483342,235.92030092966678,,False,-1,False,0.18,0.0
independent,,19,sp_ucb_iid,ar7_as_ar1,1,,768.8619481382311,215.4296375587029,0.0,False,-1,,0.18,
independent,,19,se_iid,ar7_as_ar1,1,,1170.9558832005123,232.17568868585744,,True,4498,False,0.23,0.0396
independent,0.5,20,sp_ucb_iid,known,1,,261.1415873932834,48.78970612202487,0.0,False,-1,,0.13,
independent,0.5,20,se_iid,known,1,,1152.2517372043076,230.45034744086155,,False,-1,False,0.17,0.0
independent,0.5,20,sp_ucb_iid,t3,1,,196.73680931633768,48.71586525361394,0.0,False,-1,,0.15,
independent,0.5,20,se_iid,t3,1,,1152.2517372043073,230.45034744086155,,False,-1,False,0.17,0.0
independent,0.9,20,sp_ucb_iid,known,1,,411.3561898391514,85.14484805028417,0.0,False,-1,,0.12,
independent,0.9,20,se_iid,known,1,,1152.2517372043076,230.45034744086155,,False,-1,False,0.19,0.0
independent,0.9,20,sp_ucb_iid,t3,1,,123.10835510457892,17.50086713798283,0.9218,True,391,,0.15,
independent,0.9,20,se_iid,t3,1,,1152.2517372043073,230.45034744086155,,False,-1,False,0.17,0.0
independent,0.97,20,sp_ucb_iid,known,1,,641.7242787259012,86.90993626220384,0.0,False,-1,,0.1,
independent,0.97,20,se_iid,known,1,,1152.2517372043076,230.45034744086155,,False,-1,False,0.14,0.0
independent,0.97,20,sp_ucb_iid,t3,1,,414.66267777858474,133.7298351241388,0.0,False,-1,,0.13,
independent,0.97,20,se_iid,t3,1,,479.02380810465786,7.918466686383985,,False,-1,False,0.13,0.0
independent,,20,sp_ucb_iid,ar7_as_ar1,1,,842.5284030716136,146.3983643523112,0.0,False,-1,,0.18,
independent,,20,se_iid,ar7_as_ar1,1,,1152.2517372043076,230.45034744086155,,True,1828,False,0.23,0.072
independent,0.5,21,sp_ucb_iid,known,1,,467.35096942247213,75.95095357755298,0.0,False,-1,,0.16,
independent,0.5,21,se_iid,known,1,,1227.3297893420456,245.4659578684091,,False,-1,False,0.17,0.0
independent,0.5,21,sp_ucb_iid,t3,1,,517.350487851732,70.65531700213351,0.0,False,-1,,0.14,
independent,0.5,21,se_iid,t3,1,,1227.3297893420456,245.4659578684091,,False,-1,False,0.2,0.0
independent,0.9,21,sp_ucb_iid,known,1,,479.79197212739166,91.10438467798173,0.0,False,-1,,0.12,
independent,0.9,21,se_iid,known,1,,1227.3297893420456,245.4659578684091,,False,-1,False,0.17,0.0
independent,0.9,21,sp_ucb_iid,t3,1,,580.9046837107373,96.87767702914581,0.0,False,-1,,0.14,
independent,0.9,21,se_iid,t3,1,,1227.3297893420456,245.4659578684091,,False,-1,False,0.18,0.0
independent,0.97,21,sp_ucb_iid,known,1,,491.2819833375952,119.3434070086672,0.0,False,-1,,0.13,
independent,0.97,21,se_iid,known,1,,1198.9765062577735,234.38225053748698,,False,-1,False,0.2,0.0
independent,0.97,21,sp_ucb_iid,t3,1,,1037.140686381923,225.78276476188722,0.0,False,-1,,0.1,
independent,0.97,21,se_iid,t3,1,,1227.3297893420456,245.4659578684091,,True,366,False,0.13,0.128
independent,,21,sp_ucb_iid,ar7_as_ar1,1,,355.7055678702983,71.64773194801954,0.0,False,-1,,0.16,
independent,,21,se_iid,ar7_as_ar1,1,,982.5758075376825,102.3866418851388,,True,3401,True,0.21,0.3198
independent,0.5,22,sp_ucb_iid,known,1,,507.4201571074258,33.771488100691116,0.0,False,-1,,0.14,
independent,0.5,22,se_iid,known,1,,1148.1496117489078,229.62992234978148,,False,-1,False,0.17,0.0
independent,0.5,22,sp_ucb_iid,t3,1,,401.7906614334614,19.7109666891426,0.0,False,-1,,0.14,
independent,0.5,22,se_iid,t3,1,,1148.1496117489075,229.6299223497815,,False,-1,False,0.18,0.0
independent,0.9,22,sp_ucb_iid,known,1,,574.0258642703434,58.22895658286611,0.0,False,-1,,0.15,
independent,0.9,22,se_iid,known,1,,1148.1496117489078,229.62992234978148,,False,-1,False,0.17,0.0
independent,0.9,22,sp_ucb_iid,t3,1,,452.4046525563702,43.89347416833628,0.0,False,-1,,0.13,
independent,0.9,22,se_iid,t3,1,,1148.1496117489075,229.6299223497815,,False,-1,False,0.18,0.0
independent,0.97,22,sp_ucb_iid,known,1,,580.6804157569991,121.36148165901868,0.0,False,-1,,0.14,
independent,0.97,22,se_iid,known,1,,1148.1496117489078,229.62992234978148,,True,2734,False,0.18,0.008
independent,0.97,22,sp_ucb_iid,t3,1,,343.08371506845134,58.9152910847169,0.0,False,-1,,0.13,
independent,0.97,22,se_iid,t3,1,,558.3954904137353,34.56749653204275,,False,-1,False,0.17,0.0
independent,,22,sp_ucb_iid,ar7_as_ar1,1,,924.0846361657783,114.6506691543463,0.0,False,-1,,0.17,
independent,,22,se_iid,ar7_as_ar1,1,,1148.1496117489078,229.62992234978148,,True,2514,False,0.19,0.384
independent,0.5,23,sp_ucb_iid,known,1,,533.4568988725487,71.17595242737062,0.0,False,-1,,0.14,
independent,0.5,23,se_iid,known,1,,1130.8502461900543,226.17004923801088,,False,-1,False,0.19,0.0
independent,0.5,23,sp_ucb_iid,t3,1,,357.0268831392378,36.36336260583565,0.0,False,-1,,0.14,
independent,0.5,23,se_iid,t3,1,,1130.8502461900546,226.1700492380109,,False,-1,False,0.17,0.0
independent,0.9,23,sp_ucb_iid,known,1,,379.3981799077006,40.43981528731193,0.0,False,-1,,0.14,
independent,0.9,23,se_iid,known,1,,1130.8502461900543,226.17004923801088,,False,-1,False,0.18,0.0
independent,0.9,23,sp_ucb_iid,t3,1,,596.8715963235404,53.9780507355083,0.0,False,-1,,0.12,
independent,0.9,23,se_iid,t3,1,,1130.8502461900546,226.1700492380109,,False,-1,False,0.17,0.0
independent,0.97,23,sp_ucb_iid,known,1,,337.60489881834644,40.28969881513348,0.0,False,-1,,0.13,
independent,0.97,23,se_iid,known,1,,1110.3451481009724,213.78422100149874,,False,-1,False,0.2,0.0
independent,0.97,23,sp_ucb_iid,t3,1,,485.36779521559913,97.2225984594848,0.0,False,-1,,0.16,
independent,0.97,23,se_iid,t3,1,,1130.8502461900546,226.1700492380109,,False,-1,False,0.19,0.0
independent,,23,sp_ucb_iid,ar7_as_ar1,1,,550.5200577732328,57.64053485673344,0.0,False,-1,,0.18,
independent,,23,se_iid,ar7_as_ar1,1,,1035.8023607087748,182.94406435671587,,True,426,False,0.23,0.004
independent,0.5,24,sp_ucb_iid,known,1,,399.2430624375012,42.82697474983122,0.0,False,-1,,0.15,
independent,0.5,24,se_iid,known,1,,1206.9548200357349,241.39096400714703,,False,-1,False,0.18,0.0
independent,0.5,24,sp_ucb_iid,t3,1,,401.9239751645379,38.11610185852024,0.0,False,-1,,0.14,
independent,0.5,24,se_iid,t3,1,,1206.9548200357349,241.390964007147,,False,-1,False,0.18,0.0
independent,0.9,24,sp_ucb_iid,known,1,,680.7640188661388,117.956696852221,0.0,False,-1,,0.2,
independent,0.9,24,se_iid,known,1,,1206.9548200357349,241.39096400714703,,False,-1,False,0.15,0.0
independent,0.9,24,sp_ucb_iid,t3,1,,334.7535108175071,49.488133348575936,0.0,False,-1,,0.18,
independent,0.9,24,se_iid,t3,1,,1198.9093598772765,233.34550384868862,,False,-1,False,0.18,0.0
independent,0.97,24,sp_ucb_iid,known,1,,704.5794700252386,74.78982051660005,0.0,False,-1,,0.11,
independent,0.97,24,se_iid,known,1,,1206.9548200357349,241.39096400714703,,False,-1,False,0.19,0.0
independent,0.97,24,sp_ucb_iid,t3,1,,437.29199749258225,4.058292462543834,0.0,False,-1,,0.13,
independent,0.97,24,se_iid,t3,1,,594.2823107274372,32.370249511755844,,False,-1,False,0.17,0.0
independent,,24,sp_ucb_iid,ar7_as_ar1,1,,657.3051668337445,183.52626173235112,0.0,False,-1,,0.16,
independent,,24,se_iid,ar7_as_ar1,1,,1163.2138838348912,225.90030015653525,,True,1192,False,0.21,0.0972
independent,0.5,25,sp_ucb_iid,known,1,,521.0729776545403,93.4065818202894,0.0,False,-1,,0.15,
independent,0.5,25,se_iid,known,1,,1216.8952992607192,243.3790598521438,,False,-1,False,0.19,0.0
independent,0.5,25,sp_ucb_iid,t3,1,,489.4068501308587,112.27946674486012,0.0,False,-1,,0.11,
independent,0.5,25,se_iid,t3,1,,1216.8952992607192,243.37905985214383,,False,-1,False,0.16,0.0
independent,0.9,25,sp_ucb_iid,known,1,,665.1567557100665,86.16542658372379,0.0,False,-1,,0.12,
independent,0.9,25,se_iid,known,1,,1216.8952992607192,243.3790598521438,,False,-1,False,0.2,0.0
independent,0.9,25,sp_ucb_iid,t3,1,,622.4712515818244,88.09426640694362,0.0,False,-1,,0.12,
independent,0.9,25,se_iid,t3,1,,1216.8952992607192,243.37905985214383,,False,-1,False,0.18,0.0
independent,0.97,25,sp_ucb_iid,known,1,,640.5626074727954,146.4036560545914,0.0,False,-1,,0.12,
independent,0.97,25,se_iid,known,1,,1216.8952992607192,243.3790598521438,,False,-1,False,0.16,0.0
independent,0.97,25,sp_ucb_iid,t3,1,,944.0029186680154,162.44898847320002,0.0,False,-1,,0.14,
independent,0.97,25,se_iid,t3,1,,1062.2076808609772,157.26048405097657,,False,-1,True,0.16,0.0
independent,,25,sp_ucb_iid,ar7_as_ar1,1,,687.1725626593116,148.90065343755128,0.0,False,-1,,0.16,
independent,,25,se_iid,ar7_as_ar1,1,,1160.8840549297606,225.06387009550397,,True,372,False,0.24,0.0726
independent,0.5,26,sp_ucb_iid,known,1,,339.17099146437,52.201484107475025,0.0,False,-1,,0.14,
independent,0.5,26,se_iid,known,1,,1191.260146976335,238.252029395267,,False,-1,False,0.18,0.0
independent,0.5,26,sp_ucb_iid,t3,1,,376.8499952015577,63.746764863931816,0.0,False,-1,,0.14,
independent,0.5,26,se_iid,t3,1,,1191.2601469763351,238.25202939526702,,False,-1,False,0.19,0.0
independent,0.9,26,sp_ucb_iid,known,1,,369.5131925543192,59.96204853226283,0.0,False,-1,,0.13,
independent,0.9,26,se_iid,known,1,,1191.260146976335,238.252029395267,,False,-1,False,0.16,0.0
independent,0.9,26,sp_ucb_iid,t3,1,,423.66699806277427,74.17186737741314,0.0,False,-1,,0.13,
independent,0.9,26,se_iid,t3,1,,1191.2601469763351,238.25202939526702,,False,-1,False,0.18,0.0
independent,0.97,26,sp_ucb_iid,known,1,,630.5057304927466,110.61411965603655,0.0,False,-1,,0.11,
independent,0.97,26,se_iid,known,1,,1187.6482366284868,234.64011904741886,,False,-1,False,0.18,0.0
independent,0.97,26,sp_ucb_iid,t3,1,,404.9155234016858,68.2331120644775,0.0,False,-1,,0.13,
independent,0.97,26,se_iid,t3,1,,882.4596589063849,67.63521696859314,,False,-1,False,0.18,0.0
independent,,26,sp_ucb_iid,ar7_as_ar1,1,,448.8748539530557,121.7888157374316,0.0,False,-1,,0.17,
independent,,26,se_iid,ar7_as_ar1,1,,1171.2596942738676,228.4095162995693,,False,-1,False,0.22,0.0
independent,0.5,27,sp_ucb_iid,known,1,,330.643326415329,32.982182944488066,0.0,False,-1,,0.13,
independent,0.5,27,se_iid,known,1,,1191.314047635317,238.26280952706338,,False,-1,False,0.17,0.0
independent,0.5,27,sp_ucb_iid,t3,1,,505.4219204864388,75.58234913760697,0.0,False,-1,,0.14,
independent,0.5,27,se_iid,t3,1,,1191.314047635317,238.26280952706338,,False,-1,False,0.21,0.0
independent,0.9,27,sp_ucb_iid,known,1,,354.2154887357493,55.786233791737374,0.0,False,-1,,0.14,
independent,0.9,27,se_iid,known,1,,1191.314047635317,238.26280952706338,,False,-1,False,0.19,0.0
independent,0.9,27,sp_ucb_iid,t3,1,,665.3148510937436,126.85260756432633,0.0,False,-1,,0.12,
independent,0.9,27,se_iid,t3,1,,1191.314047635317,238.26280952706338,,False,-1,False,0.19,0.0
independent,0.97,27,sp_ucb_iid,known,1,,796.1595872170541,88.97833897830161,0.0,False,-1,,0.14,
independent,0.97,27,se_iid,known,1,,1188.3889041658324,235.33766605757904,,False,-1,False,0.18,0.0
independent,0.97,27,sp_ucb_iid,t3,1,,415.745358103526,44.16359041559387,0.0,False,-1,,0.13,
independent,0.97,27,se_iid,t3,1,,1016.9561746511836,126.21805680066404,,False,-1,False,0.18,0.0
independent,,27,sp_ucb_iid,ar7_as_ar1,1,,462.53232173232345,97.39607311088804,0.0,False,-1,,0.15,
independent,,27,se_iid,ar7_as_ar1,1,,1180.959094742634,227.90785663438055,,False,-1,False,0.22,0.0
independent,0.5,28,sp_ucb_iid,known,1,,529.4677088692285,60.404584057903115,0.0,False,-1,,0.15,
independent,0.5,28,se_iid,known,1,,1160.55081642212,232.11016328442398,,False,-1,False,0.18,0.0
independent,0.5,28,sp_ucb_iid,t3,1,,286.0422332142224,45.620302708605635,0.0,False,-1,,0.12,
independent,0.5,28,se_iid,t3,1,,1160.5508164221196,232.110163284424,,False,-1,False,0.17,0.0
independent,0.9,28,sp_ucb_iid,known,1,,994.2209500204267,133.4482131327394,0.0,False,-1,,0.13,
independent,0.9,28,se_iid,known,1,,1160.55081642212,232.11016328442398,,False,-1,False,0.19,0.0
independent,0.9,28,sp_ucb_iid,t3,1,,604.1155177404358,137.9429436179617,0.0,False,-1,,0.16,
independent,0.9,28,se_iid,t3,1,,1160.5508164221196,232.110163284424,,False,-1,False,0.18,0.0
independent,0.97,28,sp_ucb_iid,known,1,,965.8261451914893,99.09557845352889,0.0,False,-1,,0.13,
independent,0.97,28,se_iid,known,1,,1160.55081642212,232.11016328442398,,False,-1,False,0.18,0.0
independent,0.97,28,sp_ucb_iid,t3,1,,422.84012966028604,45.562147907040696,0.0,False,-1,,0.14,
independent,0.97,28,se_iid,t3,1,,1160.5508164221196,232.110163284424,,False,-1,False,0.19,0.0
independent,,28,sp_ucb_iid,ar7_as_ar1,1,,965.2121980877776,33.4919243228001,0.0,False,-1,,0.15,
independent,,28,se_iid,ar7_as_ar1,1,,1163.7345297277961,232.9464508570331,,True,1617,False,0.2,0.4256
independent,0.5,29,sp_ucb_iid,known,1,,552.295995006286,44.00351424801867,0.0,False,-1,,0.13,
independent,0.5,29,se_iid,known,1,,1210.2262836647283,242.0452567329457,,False,-1,False,0.15,0.0
independent,0.5,29,sp_ucb_iid,t3,1,,454.27965411027253,55.63739815598261,0.0,False,-1,,0.14,
independent,0.5,29,se_iid,t3,1,,1210.2262836647283,242.04525673294566,,False,-1,False,0.18,0.0
independent,0.9,29,sp_ucb_iid,known,1,,555.6996401536334,97.73882374313189,0.0,False,-1,,0.13,
independent,0.9,29,se_iid,known,1,,1210.2262836647283,242.0452567329457,,False,-1,False,0.18,0.0
independent,0.9,29,sp_ucb_iid,t3,1,,686.5064014698758,106.18751399118044,0.0,False,-1,,0.14,
independent,0.9,29,se_iid,t3,1,,1210.2262836647283,242.04525673294566,,False,-1,False,0.16,0.0
independent,0.97,29,sp_ucb_iid,known,1,,817.0399009730764,48.98711673474476,0.0,False,-1,,0.14,
independent,0.97,29,se_iid,known,1,,1210.2262836647283,242.0452567329457,,False,-1,False,0.18,0.0
independent,0.97,29,sp_ucb_iid,t3,1,,1133.9609098211836,229.88936714741803,0.0,False,-1,,0.15,
independent,0.97,29,se_iid,t3,1,,1210.2262836647283,242.04525673294566,,False,-1,False,0.16,0.0
independent,,29,sp_ucb_iid,ar7_as_ar1,1,,786.5196200206058,223.62294704963114,0.0,False,-1,,0.16,
independent,,29,se_iid,ar7_as_ar1,1,,1210.2262836647283,242.0452567329457,,True,326,False,0.2,0.088
correlated,0.5,0,sp_ucb_iid,known,1,,565.2612031219946,57.49051046022053,0.0,False,-1,,0.13,
correlated,0.5,0,se_iid,known,1,,1143.5444276382075,228.7088855276415,,False,-1,False,0.17,0.0
correlated,0.5,0,sp_ucb_iid,t3,1,,475.5665693375185,74.88015409601738,0.0,False,-1,,0.15,
correlated,0.5,0,se_iid,t3,1,,1143.5444276382075,228.70888552764148,,False,-1,False,0.13,0.0
correlated,0.9,0,sp_ucb_iid,known,1,,877.7394215841202,101.44043174748863,0.0,False,-1,,0.09,
correlated,0.9,0,se_iid,known,1,,1143.5444276382075,228.7088855276415,,False,-1,False,0.15,0.0
correlated,0.9,0,sp_ucb_iid,t3,1,,561.9509429485101,87.87377463813655,0.0,False,-1,,0.13,
correlated,0.9,0,se_iid,t3,1,,1143.5444276382075,228.70888552764148,,False,-1,False,0.14,0.0
correlated,0.97,0,sp_ucb_iid,known,1,,1093.7322326643903,140.88333814902543,0.0,False,-1,,0.13,
correlated,0.97,0,se_iid,known,1,,1143.5444276382075,228.7088855276415,,False,-1,False,0.18,0.0
correlated,0.97,0,sp_ucb_iid,t3,1,,741.2720000917639,73.09456622352354,0.0,False,-1,,0.14,
correlated,0.97,0,se_iid,t3,1,,1143.5444276382075,228.70888552764148,,False,-1,False,0.17,0.0
correlated,,0,sp_ucb_iid,ar7_as_ar1,1,,1153.768583936624,130.2633778123663,0.0,False,-1,,0.15,
correlated,,0,se_iid,ar7_as_ar1,1,,1136.3808417405328,221.54529962996688,,False,-1,False,0.2,0.0
correlated,0.5,1,sp_ucb_iid,known,1,,587.9515607092594,83.90515483109567,0.0,False,-1,,0.12,
correlated,0.5,1,se_iid,known,1,,1240.330611073357,248.06612221467142,,False,-1,False,0.2,0.0
correlated,0.5,1,sp_ucb_iid,t3,1,,459.2606011513466,62.14663057016002,0.0,False,-1,,0.1,
correlated,0.5,1,se_iid,t3,1,,1240.330611073357,248.0661222146714,,False,-1,False,0.15,0.0
correlated,0.9,1,sp_ucb_iid,known,1,,734.5970350619517,178.93178576149216,0.0,False,-1,,0.14,
correlated,0.9,1,se_iid,known,1,,1240.330611073357,248.06612221467142,,False,-1,False,0.19,0.0
correlated,0.9,1,sp_ucb_iid,t3,1,,856.5517515183465,83.19469865856904,0.0,False,-1,,0.14,
correlated,0.9,1,se_iid,t3,1,,1240.330611073357,248.0661222146714,,False,-1,False,0.18,0.0
correlated,0.97,1,sp_ucb_iid,known,1,,778.6827506793624,150.07883790785655,0.0,False,-1,,0.15,
correlated,0.97,1,se_iid,known,1,,1240.330611073357,248.06612221467142,,True,21,False,0.2,0.0368
correlated,0.97,1,sp_ucb_iid,t3,1,,947.7785800573341,93.67747258053676,0.0,False,-1,,0.15,
correlated,0.97,1,se_iid,t3,1,,1240.330611073357,248.0661222146714,,False,-1,False,0.18,0.0
correlated,,1,sp_ucb_iid,ar7_as_ar1,1,,701.0655323452481,265.54208837241777,0.0,False,-1,,0.17,
correlated,,1,se_iid,ar7_as_ar1,1,,1240.330611073357,248.06612221467142,,True,27,False,0.23,0.0492
correlated,0.5,2,sp_ucb_iid,known,1,,552.0810779419382,47.56508894296774,0.0,False,-1,,0.12,
correlated,0.5,2,se_iid,known,1,,1158.3949585054145,231.6789917010829,,False,-1,False,0.17,0.0
correlated,0.5,2,sp_ucb_iid,t3,1,,465.62780495535327,60.75176725799264,0.0,False,-1,,0.13,
correlated,0.5,2,se_iid,t3,1,,1158.3949585054145,231.6789917010829,,False,-1,False,0.19,0.0
correlated,0.9,2,sp_ucb_iid,known,1,,753.6459426821604,80.25924128794185,0.0,False,-1,,0.1,
correlated,0.9,2,se_iid,known,1,,1158.3949585054145,231.6789917010829,,False,-1,False,0.16,0.0
correlated,0.9,2,sp_ucb_iid,t3,1,,850.5120872111866,141.1943604459615,0.0,False,-1,,0.13,
correlated,0.9,2,se_iid,t3,1,,1158.3949585054145,231.6789917010829,,False,-1,False,0.18,0.0
correlated,0.97,2,sp_ucb_iid,known,1,,851.5064771893998,74.8063090028592,0.0,False,-1,,0.12,
correlated,0.97,2,se_iid,known,1,,282.16028887167124,49.77673075618342,,True,42,False,0.18,0.7406
correlated,0.97,2,sp_ucb_iid,t3,1,,890.4721940319944,177.83111602859498,0.0,False,-1,,0.14,
correlated,0.97,2,se_iid,t3,1,,1158.3949585054145,231.6789917010829,,False,-1,False,0.18,0.0
correlated,,2,sp_ucb_iid,ar7_as_ar1,1,,970.1899620727384,157.64911802501962,0.0,False,-1,,0.16,
correlated,,2,se_iid,ar7_as_ar1,1,,342.90280405204976,62.220913445229264,,True,404,True,0.21,0.7402
correlated,0.5,3,sp_ucb_iid,known,1,,539.3382360155554,86.6929157327859,0.0,False,-1,,0.14,
correlated,0.5,3,se_iid,known,1,,1143.7630492466697,228.7526098493339,,False,-1,False,0.19,0.0
correlated,0.5,3,sp_ucb_iid,t3,1,,581.5576085878602,50.97193277109305,0.0,False,-1,,0.14,
correlated,0.5,3,se_iid,t3,1,,1143.7630492466694,228.75260984933388,,False,-1,False,0.23,0.0
correlated,0.9,3,sp_ucb_iid,known,1,,841.5097738996072,157.88287523102412,0.0,False,-1,,0.13,
correlated,0.9,3,se_iid,known,1,,1143.7630492466697,228.7526098493339,,False,-1,False,0.19,0.0
correlated,0.9,3,sp_ucb_iid,t3,1,,660.1665068561521,144.14801542426392,0.0,False,-1,,0.13,
correlated,0.9,3,se_iid,t3,1,,1143.7630492466694,228.75260984933388,,False,-1,False,0.2,0.0
correlated,0.97,3,sp_ucb_iid,known,1,,848.7286745759714,149.3315491324623,0.0,False,-1,,0.11,
correlated,0.97,3,se_iid,known,1,,1003.3304852007303,189.01971935893636,,True,619,False,0.18,0.8762
correlated,0.97,3,sp_ucb_iid,t3,1,,1044.2631895640488,234.79242047920312,0.0,False,-1,,0.15,
correlated,0.97,3,se_iid,t3,1,,1143.7630492466694,228.75260984933388,,True,1804,False,0.19,0.023
correlated,,3,sp_ucb_iid,ar7_as_ar1,1,,553.5272996043763,155.68568667310896,0.0,False,-1,,0.16,
correlated,,3,se_iid,ar7_as_ar1,1,,982.0927370636878,181.15644584333614,,True,124,False,0.21,0.9102
correlated,0.5,4,sp_ucb_iid,known,1,,443.4591584075694,49.74281637103675,0.0,False,-1,,0.16,
correlated,0.5,4,se_iid,known,1,,1205.2120691112846,241.04241382225692,,False,-1,False,0.16,0.0
correlated,0.5,4,sp_ucb_iid,t3,1,,413.4941837782963,50.45372908717266,0.0,False,-1,,0.13,
correlated,0.5,4,se_iid,t3,1,,1205.2120691112846,241.0424138222569,,False,-1,False,0.19,0.0
correlated,0.9,4,sp_ucb_iid,known,1,,605.661957952406,59.49939337573309,0.0,False,-1,,0.13,
correlated,0.9,4,se_iid,known,1,,1205.2120691112846,241.04241382225692,,False,-1,False,0.17,0.0
correlated,0.9,4,sp_ucb_iid,t3,1,,943.6333055608055,172.23047845416306,0.0,False,-1,,0.12,
correlated,0.9,4,se_iid,t3,1,,1205.2120691112846,241.0424138222569,,False,-1,False,0.2,0.0
correlated,0.97,4,sp_ucb_iid,known,1,,587.2633687079388,32.79254758525367,0.0,False,-1,,0.13,
correlated,0.97,4,se_iid,known,1,,1205.2120691112846,241.04241382225692,,True,223,False,0.16,0.0034
correlated,0.97,4,sp_ucb_iid,t3,1,,1021.2459312828471,222.73873033654087,0.0,False,-1,,0.14,
correlated,0.97,4,se_iid,t3,1,,1205.2120691112846,241.0424138222569,,False,-1,False,0.2,0.0
correlated,,4,sp_ucb_iid,ar7_as_ar1,1,,829.630244782906,23.900792448731504,0.0,False,-1,,0.16,
correlated,,4,se_iid,ar7_as_ar1,1,,1182.6819564215207,230.7032316530251,,True,203,False,0.21,0.0206
correlated,0.5,5,sp_ucb_iid,known,1,,464.95430981191066,24.271116077644702,0.0,False,-1,,0.15,
correlated,0.5,5,se_iid,known,1,,1137.718195354663,227.5436390709326,,False,-1,False,0.19,0.0
correlated,0.5,5,sp_ucb_iid,t3,1,,334.05765931682333,31.126125339516307,0.0,False,-1,,0.16,
correlated,0.5,5,se_iid,t3,1,,1137.7181953546628,227.5436390709326,,False,-1,False,0.17,0.0
correlated,0.9,5,sp_ucb_iid,known,1,,614.6268224039529,67.88013758901957,0.0,False,-1,,0.15,
correlated,0.9,5,se_iid,known,1,,1137.718195354663,227.5436390709326,,False,-1,False,0.17,0.0
correlated,0.9,5,sp_ucb_iid,t3,1,,660.9946258859235,120.70924340573157,0.0,False,-1,,0.17,
correlated,0.9,5,se_iid,t3,1,,1137.7181953546628,227.5436390709326,,False,-1,False,0.19,0.0
correlated,0.97,5,sp_ucb_iid,known,1,,446.5457009876038,39.94475432753647,0.0,False,-1,,0.14,
correlated,0.97,5,se_iid,known,1,,1137.718195354663,227.5436390709326,,False,-1,False,0.17,0.0
correlated,0.97,5,sp_ucb_iid,t3,1,,917.0546378658139,117.92545873550606,0.0,False,-1,,0.11,
correlated,0.97,5,se_iid,t3,1,,1137.7181953546628,227.5436390709326,,False,-1,False,0.17,0.0
correlated,,5,sp_ucb_iid,ar7_as_ar1,1,,1004.4765745708912,91.14962136696336,0.0,False,-1,,0.15,
correlated,,5,se_iid,ar7_as_ar1,1,,1137.718195354663,227.5436390709326,,False,-1,False,0.21,0.0
correlated,0.5,6,sp_ucb_iid,known,1,,593.4446855958578,68.90947646611497,0.0,False,-1,,0.11,
correlated,0.5,6,se_iid,known,1,,1155.5440132838962,231.10880265677923,,False,-1,False,0.18,0.0
correlated,0.5,6,sp_ucb_iid,t3,1,,512.5706166070394,59.08194496250536,0.0,False,-1,,0.13,
correlated,0.5,6,se_iid,t3,1,,1155.5440132838962,231.10880265677923,,False,-1,False,0.2,0.0
correlated,0.9,6,sp_ucb_iid,known,1,,716.2699907877642,122.6152929375703,0.0,False,-1,,0.14,
correlated,0.9,6,se_iid,known,1,,1155.5440132838962,231.10880265677923,,False,-1,False,0.18,0.0
correlated,0.9,6,sp_ucb_iid,t3,1,,560.0978166420848,64.81181115969032,0.0,False,-1,,0.13,
correlated,0.9,6,se_iid,t3,1,,1155.5440132838962,231.10880265677923,,False,-1,False,0.19,0.0
correlated,0.97,6,sp_ucb_iid,known,1,,566.7757638713078,116.32886241361913,0.0,False,-1,,0.14,
correlated,0.97,6,se_iid,known,1,,1155.5440132838962,231.10880265677923,,True,575,False,0.19,0.0114
correlated,0.97,6,sp_ucb_iid,t3,1,,820.1762684389059,75.68041703680116,0.0,False,-1,,0.13,
correlated,0.97,6,se_iid,t3,1,,1155.5440132838962,231.10880265677923,,False,-1,False,0.15,0.0
correlated,,6,sp_ucb_iid,ar7_as_ar1,1,,547.4639497363102,110.71491351345372,0.0,False,-1,,0.18,
correlated,,6,se_iid,ar7_as_ar1,1,,1155.5440132838962,231.10880265677923,,True,515,False,0.22,0.052
correlated,0.5,7,sp_ucb_iid,known,1,,243.02304070749008,39.398179327421616,0.0,False,-1,,0.12,
correlated,0.5,7,se_iid,known,1,,1170.659718607841,234.1319437215682,,False,-1,False,0.18,0.0
correlated,0.5,7,sp_ucb_iid,t3,1,,377.5801316698189,75.98381336563298,0.0,False,-1,,0.12,
correlated,0.5,7,se_iid,t3,1,,1170.659718607841,234.13194372156818,,True,21,False,0.15,0.024
correlated,0.9,7,sp_ucb_iid,known,1,,268.05838823171985,61.5174300509715,0.0,False,-1,,0.12,
correlated,0.9,7,se_iid,known,1,,1170.659718607841,234.1319437215682,,False,-1,False,0.18,0.0
correlated,0.9,7,sp_ucb_iid,t3,1,,266.82374188091836,105.84472655165857,0.0,False,-1,,0.14,
correlated,0.9,7,se_iid,t3,1,,1170.659718607841,234.13194372156818,,True,21,False,0.17,0.052
correlated,0.97,7,sp_ucb_iid,known,1,,370.1141932088764,98.70250207810658,0.0,False,-1,,0.15,
correlated,0.97,7,se_iid,known,1,,435.7076746903256,31.945877688504567,,False,-1,False,0.17,0.0
correlated,0.97,7,sp_ucb_iid,t3,1,,453.4884946965681,191.0448538312171,0.0,False,-1,,0.12,
correlated,0.97,7,se_iid,t3,1,,801.321260056086,31.945877688504567,,True,21,False,0.16,0.9958
correlated,,7,sp_ucb_iid,ar7_as_ar1,1,,321.33075507756143,93.60377738248292,0.0,False,-1,,0.18,
correlated,,7,se_iid,ar7_as_ar1,1,,290.2848377641425,31.945877688504567,,True,1024,False,0.2,0.002
correlated,0.5,8,sp_ucb_iid,known,1,,324.37980932658786,32.078247914398915,0.0,False,-1,,0.14,
correlated,0.5,8,se_iid,known,1,,1156.9935069014202,231.39870138028414,,False,-1,False,0.18,0.0
correlated,0.5,8,sp_ucb_iid,t3,1,,212.57591996571048,10.478642815856983,0.0,False,-1,,0.13,
correlated,0.5,8,se_iid,t3,1,,1156.9935069014205,231.39870138028408,,False,-1,False,0.19,0.0
correlated,0.9,8,sp_ucb_iid,known,1,,653.0532571179723,114.46791244776763,0.0,False,-1,,0.13,
correlated,0.9,8,se_iid,known,1,,1156.9935069014202,231.39870138028414,,False,-1,False,0.15,0.0
correlated,0.9,8,sp_ucb_iid,t3,1,,278.9894170622704,37.25853714077839,0.0,False,-1,,0.13,
correlated,0.9,8,se_iid,t3,1,,1156.9935069014205,231.39870138028408,,False,-1,False,0.19,0.0
correlated,0.97,8,sp_ucb_iid,known,1,,442.92786387736373,158.43073591926293,0.0,False,-1,,0.13,
correlated,0.97,8,se_iid,known,1,,933.0974903147098,140.16322755099273,,True,409,False,0.18,0.2006
correlated,0.97,8,sp_ucb_iid,t3,1,,597.418763310533,125.51980472895362,0.0,False,-1,,0.12,
correlated,0.97,8,se_iid,t3,1,,1156.9935069014205,231.39870138028408,,True,115,False,0.16,0.026
correlated,,8,sp_ucb_iid,ar7_as_ar1,1,,670.5609630198355,65.62553857296187,0.0,False,-1,,0.17,
correlated,,8,se_iid,ar7_as_ar1,1,,455.00038138345883,24.368139425600386,,True,434,False,0.22,0.9132
correlated,0.5,9,sp_ucb_iid,known,1,,509.9929422680714,61.47257491164673,0.0,False,-1,,0.13,
correlated,0.5,9,se_iid,known,1,,1184.5866510523958,236.91733021047915,,False,-1,False,0.17,0.0
correlated,0.5,9,sp_ucb_iid,t3,1,,392.9555733371776,51.28617074874707,0.0,False,-1,,0.14,
correlated,0.5,9,se_iid,t3,1,,1184.5866510523958,236.91733021047918,,False,-1,False,0.16,0.0
correlated,0.9,9,sp_ucb_iid,known,1,,884.592929137105,185.86662586457385,0.0,False,-1,,0.14,
correlated,0.9,9,se_iid,known,1,,1184.5866510523958,236.91733021047915,,False,-1,False,0.17,0.0
correlated,0.9,9,sp_ucb_iid,t3,1,,517.0613119462935,74.685074217172,0.0,False,-1,,0.11,
correlated,0.9,9,se_iid,t3,1,,1184.5866510523958,236.91733021047918,,False,-1,False,0.12,0.0
correlated,0.97,9,sp_ucb_iid,known,1,,1007.4195541479498,172.93630894428753,0.0,False,-1,,0.11,
correlated,0.97,9,se_iid,known,1,,1184.5866510523958,236.91733021047915,,False,-1,False,0.11,0.0
correlated,0.97,9,sp_ucb_iid,t3,1,,664.2784416456882,188.91633578717827,0.0,False,-1,,0.16,
correlated,0.97,9,se_iid,t3,1,,1184.5866510523958,236.91733021047918,,False,-1,False,0.18,0.0
correlated,,9,sp_ucb_iid,ar7_as_ar1,1,,958.910135374033,129.60810429992736,0.0,False,-1,,0.17,
correlated,,9,se_iid,ar7_as_ar1,1,,1184.230652139127,236.56133129721036,,True,1186,False,0.21,0.084
correlated,0.5,10,sp_ucb_iid,known,1,,524.426561590754,31.462080646037865,0.0,False,-1,,0.15,
correlated,0.5,10,se_iid,known,1,,1175.2965846830598,235.05931693661196,,False,-1,False,0.19,0.0
correlated,0.5,10,sp_ucb_iid,t3,1,,486.64893520233346,57.38955696791889,0.0,False,-1,,0.12,
correlated,0.5,10,se_iid,t3,1,,1175.29658468306,235.059316936612,,False,-1,False,0.19,0.0
correlated,0.9,10,sp_ucb_iid,known,1,,723.8396378502994,84.65314344751137,0.0,False,-1,,0.14,
correlated,0.9,10,se_iid,known,1,,1175.2965846830598,235.05931693661196,,False,-1,False,0.17,0.0
correlated,0.9,10,sp_ucb_iid,t3,1,,836.9245485793876,97.74493212319715,0.0,False,-1,,0.14,
correlated,0.9,10,se_iid,t3,1,,1175.29658468306,235.059316936612,,False,-1,False,0.17,0.0
correlated,0.97,10,sp_ucb_iid,known,1,,985.8466201212987,179.47880927552077,0.0,False,-1,,0.15,
correlated,0.97,10,se_iid,known,1,,1143.995567268177,203.75829952172904,,False,-1,False,0.18,0.0
correlated,0.97,10,sp_ucb_iid,t3,1,,1028.302561081818,134.5450601927037,0.0,False,-1,,0.14,
correlated,0.97,10,se_iid,t3,1,,1175.29658468306,235.059316936612,,False,-1,False,0.16,0.0
correlated,,10,sp_ucb_iid,ar7_as_ar1,1,,527.4398743188751,226.7130468452292,0.0,False,-1,,0.16,
correlated,,10,se_iid,ar7_as_ar1,1,,1029.548565680558,185.63609122057193,,True,135,False,0.18,0.016
correlated,0.5,11,sp_ucb_iid,known,1,,274.5821809629527,20.211193619975216,0.0,False,-1,,0.11,
correlated,0.5,11,se_iid,known,1,,1143.239624688888,228.64792493777765,,False,-1,False,0.17,0.0
correlated,0.5,11,sp_ucb_iid,t3,1,,275.3589263564283,31.03948262863833,0.0,False,-1,,0.16,
correlated,0.5,11,se_iid,t3,1,,1143.239624688888,228.64792493777765,,False,-1,False,0.19,0.0
correlated,0.9,11,sp_ucb_iid,known,1,,472.68250215441407,41.049030489368995,0.0,False,-1,,0.12,
correlated,0.9,11,se_iid,known,1,,1143.239624688888,228.64792493777765,,False,-1,False,0.18,0.0
correlated,0.9,11,sp_ucb_iid,t3,1,,640.4289752102807,180.95632804401862,0.0,False,-1,,0.13,
correlated,0.9,11,se_iid,t3,1,,1143.239624688888,228.64792493777765,,False,-1,False,0.17,0.0
correlated,0.97,11,sp_ucb_iid,known,1,,653.2493993332987,85.63097607965238,0.0,False,-1,,0.14,
correlated,0.97,11,se_iid,known,1,,1143.239624688888,228.64792493777765,,True,208,False,0.2,0.028
correlated,0.97,11,sp_ucb_iid,t3,1,,714.5660829552928,182.67304374733004,0.0,False,-1,,0.16,
correlated,0.97,11,se_iid,t3,1,,1143.239624688888,228.64792493777765,,False,-1,False,0.2,0.0
correlated,,11,sp_ucb_iid,ar7_as_ar1,1,,478.1847081954842,18.907873414626643,0.0,False,-1,,0.18,
correlated,,11,se_iid,ar7_as_ar1,1,,1124.912272607317,210.3205728562063,,True,214,False,0.22,0.0316
correlated,0.5,12,sp_ucb_iid,known,1,,537.0253005494033,92.95951968815515,0.0,False,-1,,0.13,
correlated,0.5,12,se_iid,known,1,,1205.9252258543593,241.18504517087183,,False,-1,False,0.17,0.0
correlated,0.5,12,sp_ucb_iid,t3,1,,540.4026454141961,99.37681739956541,0.0,False,-1,,0.14,
correlated,0.5,12,se_iid,t3,1,,1205.9252258543593,241.18504517087183,,False,-1,False,0.18,0.0
correlated,0.9,12,sp_ucb_iid,known,1,,751.9461109123941,101.98420345865091,0.0,False,-1,,0.15,
correlated,0.9,12,se_iid,known,1,,1205.9252258543593,241.18504517087183,,False,-1,False,0.16,0.0
correlated,0.9,12,sp_ucb_iid,t3,1,,659.8272526458175,113.00732027080423,0.0,False,-1,,0.15,
correlated,0.9,12,se_iid,t3,1,,1205.9252258543593,241.18504517087183,,False,-1,False,0.17,0.0
correlated,0.97,12,sp_ucb_iid,known,1,,909.6678501703427,115.46512662968215,0.0,False,-1,,0.12,
correlated,0.97,12,se_iid,known,1,,1205.9252258543593,241.18504517087183,,False,-1,False,0.19,0.0
correlated,0.97,12,sp_ucb_iid,t3,1,,1512.3706272369257,295.11132350067203,0.0,False,-1,,0.15,
correlated,0.97,12,se_iid,t3,1,,1205.9252258543593,241.18504517087183,,True,1004,False,0.21,0.0122
correlated,,12,sp_ucb_iid,ar7_as_ar1,1,,909.6861010840088,160.41424613629343,0.0,False,-1,,0.15,
correlated,,12,se_iid,ar7_as_ar1,1,,1205.9252258543593,241.18504517087183,,False,-1,False,0.24,0.0
correlated,0.5,13,sp_ucb_iid,known,1,,445.11533401881434,33.22491908960273,0.0,False,-1,,0.16,
correlated,0.5,13,se_iid,known,1,,1222.8823432211072,244.5764686442214,,False,-1,False,0.17,0.0
correlated,0.5,13,sp_ucb_iid,t3,1,,482.5480018576583,40.64124094216423,0.0,False,-1,,0.14,
correlated,0.5,13,se_iid,t3,1,,1222.8823432211072,244.57646864422145,,False,-1,False,0.18,0.0
correlated,0.9,13,sp_ucb_iid,known,1,,634.545007863741,69.67691410939429,0.0,False,-1,,0.19,
correlated,0.9,13,se_iid,known,1,,1222.8823432211072,244.5764686442214,,False,-1,False,0.18,0.0
correlated,0.9,13,sp_ucb_iid,t3,1,,456.2888448083954,70.54931367364607,0.0,False,-1,,0.13,
correlated,0.9,13,se_iid,t3,1,,1222.8823432211072,244.57646864422145,,False,-1,False,0.17,0.0
correlated,0.97,13,sp_ucb_iid,known,1,,739.3580254497538,231.09211810387842,0.0,False,-1,,0.13,
correlated,0.97,13,se_iid,known,1,,1096.9250549603203,207.11206437150022,,False,-1,False,0.16,0.0
correlated,0.97,13,sp_ucb_iid,t3,1,,655.5160697844271,51.16522462806488,0.0,False,-1,,0.15,
correlated,0.97,13,se_iid,t3,1,,1203.801052275373,237.1433291036194,,False,-1,False,0.17,0.0
correlated,,13,sp_ucb_iid,ar7_as_ar1,1,,645.1760878866905,68.29258580276937,0.0,False,-1,,0.16,
correlated,,13,se_iid,ar7_as_ar1,1,,915.5807484753682,150.9649489351026,,False,-1,False,0.21,0.0
correlated,0.5,14,sp_ucb_iid,known,1,,424.48157181087333,50.10355110843647,0.0,False,-1,,0.13,
correlated,0.5,14,se_iid,known,1,,1118.5648907479974,223.71297814959945,,False,-1,False,0.17,0.0
correlated,0.5,14,sp_ucb_iid,t3,1,,219.6000925880003,21.26445664846204,0.0,False,-1,,0.12,
correlated,0.5,14,se_iid,t3,1,,1118.5648907479977,223.71297814959948,,False,-1,False,0.2,0.0
correlated,0.9,14,sp_ucb_iid,known,1,,557.7981109840686,43.02640468653236,0.0,False,-1,,0.12,
correlated,0.9,14,se_iid,known,1,,1118.5648907479974,223.71297814959945,,False,-1,False,0.16,0.0
correlated,0.9,14,sp_ucb_iid,t3,1,,457.7053870369739,36.960372162216714,0.0,False,-1,,0.14,
correlated,0.9,14,se_iid,t3,1,,1118.5648907479977,223.71297814959948,,False,-1,False,0.21,0.0
correlated,0.97,14,sp_ucb_iid,known,1,,684.4962583830063,55.05507229531101,0.0,False,-1,,0.14,
correlated,0.97,14,se_iid,known,1,,1118.5648907479974,223.71297814959945,,False,-1,False,0.2,0.0
correlated,0.97,14,sp_ucb_iid,t3,1,,704.5401694193075,99.44705782758514,0.0,False,-1,,0.16,
correlated,0.97,14,se_iid,t3,1,,1118.5648907479977,223.71297814959948,,True,317,False,0.19,0.0232
correlated,,14,sp_ucb_iid,ar7_as_ar1,1,,646.3315174889932,79.26869750297931,0.0,False,-1,,0.21,
correlated,,14,se_iid,ar7_as_ar1,1,,1118.5648907479974,223.71297814959945,,True,4723,False,0.23,0.0554
correlated,0.5,15,sp_ucb_iid,known,1,,550.6377518738748,55.3844444897645,0.0,False,-1,,0.14,
correlated,0.5,15,se_iid,known,1,,1168.4134044299133,233.68268088598268,,False,-1,False,0.18,0.0
correlated,0.5,15,sp_ucb_iid,t3,1,,547.2900261605969,74.80108290129338,0.0,False,-1,,0.15,
correlated,0.5,15,se_iid,t3,1,,1064.5573316899263,211.6743103333559,,False,-1,False,0.2,0.0
correlated,0.9,15,sp_ucb_iid,known,1,,637.2953340263145,52.91181699888936,0.0,False,-1,,0.12,
correlated,0.9,15,se_iid,known,1,,1168.4134044299133,233.68268088598268,,False,-1,False,0.24,0.0
correlated,0.9,15,sp_ucb_iid,t3,1,,832.5710155475792,119.51415942982261,0.0,False,-1,,0.15,
correlated,0.9,15,se_iid,t3,1,,1168.4134044299135,233.68268088598268,,False,-1,False,0.16,0.0
correlated,0.97,15,sp_ucb_iid,known,1,,1001.215187962624,111.5137327009007,0.0,False,-1,,0.11,
correlated,0.97,15,se_iid,known,1,,1168.4134044299133,233.68268088598268,,False,-1,False,0.16,0.0
correlated,0.97,15,sp_ucb_iid,t3,1,,756.0667560245238,102.60646236297248,0.0,False,-1,,0.16,
correlated,0.97,15,se_iid,t3,1,,1168.4134044299135,233.68268088598268,,False,-1,False,0.15,0.0
correlated,,15,sp_ucb_iid,ar7_as_ar1,1,,931.9086548016044,48.64202595570447,0.0,False,-1,,0.17,
correlated,,15,se_iid,ar7_as_ar1,1,,1168.4134044299133,233.68268088598268,,True,2571,False,0.21,0.036
correlated,0.5,16,sp_ucb_iid,known,1,,430.7434642406441,25.679023151972196,0.0,False,-1,,0.16,
correlated,0.5,16,se_iid,known,1,,1160.443259796285,232.08865195925705,,False,-1,False,0.19,0.0
correlated,0.5,16,sp_ucb_iid,t3,1,,499.27114589335656,48.58935835853012,0.0,False,-1,,0.13,
correlated,0.5,16,se_iid,t3,1,,1160.443259796285,232.08865195925705,,False,-1,False,0.19,0.0
correlated,0.9,16,sp_ucb_iid,known,1,,625.435567572215,86.33870196016446,0.0,False,-1,,0.13,
correlated,0.9,16,se_iid,known,1,,1160.443259796285,232.08865195925705,,False,-1,False,0.18,0.0
correlated,0.9,16,sp_ucb_iid,t3,1,,841.0421394496738,76.43950729794511,0.0,False,-1,,0.12,
correlated,0.9,16,se_iid,t3,1,,1160.443259796285,232.08865195925705,,False,-1,False,0.15,0.0
correlated,0.97,16,sp_ucb_iid,known,1,,677.5554406593524,70.13984460418747,0.0,False,-1,,0.18,
correlated,0.97,16,se_iid,known,1,,1160.443259796285,232.08865195925705,,False,-1,False,0.18,0.0
correlated,0.97,16,sp_ucb_iid,t3,1,,723.4250821645278,70.41562378473682,0.0,False,-1,,0.12,
correlated,0.97,16,se_iid,t3,1,,1160.443259796285,232.08865195925705,,False,-1,False,0.18,0.0
correlated,,16,sp_ucb_iid,ar7_as_ar1,1,,885.4901169213482,61.129623399612015,0.0,False,-1,,0.13,
correlated,,16,se_iid,ar7_as_ar1,1,,1160.443259796285,232.08865195925705,,True,1005,False,0.23,0.0112
correlated,0.5,17,sp_ucb_iid,known,1,,347.30016425265956,55.54400428220112,0.0,False,-1,,0.11,
correlated,0.5,17,se_iid,known,1,,1112.5938901823765,222.51877803647537,,False,-1,False,0.17,0.0
correlated,0.5,17,sp_ucb_iid,t3,1,,559.7932182578617,85.93834428087192,0.0,False,-1,,0.13,
correlated,0.5,17,se_iid,t3,1,,1112.5938901823765,222.51877803647534,,False,-1,False,0.18,0.0
correlated,0.9,17,sp_ucb_iid,known,1,,489.7720523388599,54.8639584184955,0.0,False,-1,,0.14,
correlated,0.9,17,se_iid,known,1,,1112.5938901823765,222.51877803647537,,False,-1,False,0.17,0.0
correlated,0.9,17,sp_ucb_iid,t3,1,,873.9323163414699,209.46119060983312,0.0,False,-1,,0.13,
correlated,0.9,17,se_iid,t3,1,,1112.5938901823765,222.51877803647534,,False,-1,False,0.2,0.0
correlated,0.97,17,sp_ucb_iid,known,1,,425.26764343960247,174.31147936597466,0.0,False,-1,,0.14,
correlated,0.97,17,se_iid,known,1,,1112.5938901823765,222.51877803647537,,False,-1,False,0.18,0.0
correlated,0.97,17,sp_ucb_iid,t3,1,,863.283004392154,181.57774395178453,0.0,False,-1,,0.15,
correlated,0.97,17,se_iid,t3,1,,1112.5938901823765,222.51877803647534,,False,-1,False,0.18,0.0
correlated,,17,sp_ucb_iid,ar7_as_ar1,1,,641.9473923624014,227.17028645056712,0.0,False,-1,,0.17,
correlated,,17,se_iid,ar7_as_ar1,1,,919.497548771697,39.48132512995114,,True,432,False,0.19,0.036
correlated,0.5,18,sp_ucb_iid,known,1,,451.4174288934669,41.431850202384325,0.0,False,-1,,0.15,
correlated,0.5,18,se_iid,known,1,,1214.6083332168027,242.9216666433606,,False,-1,False,0.17,0.0
correlated,0.5,18,sp_ucb_iid,t3,1,,296.50936408519874,22.744708493687465,0.0,False,-1,,0.13,
correlated,0.5,18,se_iid,t3,1,,1214.6083332168027,242.9216666433606,,False,-1,False,0.21,0.0
correlated,0.9,18,sp_ucb_iid,known,1,,659.1658297616759,82.6535903874437,0.0,False,-1,,0.14,
correlated,0.9,18,se_iid,known,1,,1214.6083332168027,242.9216666433606,,False,-1,False,0.18,0.0
correlated,0.9,18,sp_ucb_iid,t3,1,,603.7001462655383,173.13034337645277,0.0,False,-1,,0.12,
correlated,0.9,18,se_iid,t3,1,,1214.6083332168027,242.9216666433606,,False,-1,False,0.16,0.0
correlated,0.97,18,sp_ucb_iid,known,1,,1152.4393560257529,247.81087563793753,0.0,False,-1,,0.14,
correlated,0.97,18,se_iid,known,1,,1214.6083332168027,242.9216666433606,,False,-1,False,0.17,0.0
correlated,0.97,18,sp_ucb_iid,t3,1,,722.5393369633545,152.66675119153908,0.0,False,-1,,0.12,
correlated,0.97,18,se_iid,t3,1,,1214.6083332168027,242.9216666433606,,False,-1,False,0.19,0.0
correlated,,18,sp_ucb_iid,ar7_as_ar1,1,,570.8250047585515,28.45543644204186,0.0,False,-1,,0.17,
correlated,,18,se_iid,ar7_as_ar1,1,,1208.9398193274312,238.8826668244314,,False,-1,False,0.21,0.0
correlated,0.5,19,sp_ucb_iid,known,1,,556.0074391255458,112.90964923124395,0.0,False,-1,,0.13,
correlated,0.5,19,se_iid,known,1,,1179.601504648334,235.9203009296668,,False,-1,False,0.18,0.0
correlated,0.5,19,sp_ucb_iid,t3,1,,638.5969513282955,47.56019779792807,0.0,False,-1,,0.13,
correlated,0.5,19,se_iid,t3,1,,1179.6015046483342,235.92030092966678,,False,-1,False,0.17,0.0
correlated,0.9,19,sp_ucb_iid,known,1,,815.1233439719575,167.88548184683646,0.0,False,-1,,0.13,
correlated,0.9,19,se_iid,known,1,,1179.601504648334,235.9203009296668,,False,-1,False,0.17,0.0
correlated,0.9,19,sp_ucb_iid,t3,1,,777.6408031081112,105.81849150534151,0.0,False,-1,,0.12,
correlated,0.9,19,se_iid,t3,1,,1179.6015046483342,235.92030092966678,,False,-1,False,0.18,0.0
correlated,0.97,19,sp_ucb_iid,known,1,,611.3568726358527,165.98841327456353,0.0,False,-1,,0.14,
correlated,0.97,19,se_iid,known,1,,1179.601504648334,235.9203009296668,,False,-1,False,0.18,0.0
correlated,0.97,19,sp_ucb_iid,t3,1,,571.8633891727152,115.74224289998288,0.0,False,-1,,0.14,
correlated,0.97,19,se_iid,t3,1,,1179.6015046483342,235.92030092966678,,False,-1,False,0.17,0.0
correlated,,19,sp_ucb_iid,ar7_as_ar1,1,,610.7340514873521,199.95661396497616,0.0,False,-1,,0.18,
correlated,,19,se_iid,ar7_as_ar1,1,,1179.601504648334,235.9203009296668,,False,-1,False,0.21,0.0
correlated,0.5,20,sp_ucb_iid,known,1,,241.90504420456946,17.037325397130786,0.0,False,-1,,0.12,
correlated,0.5,20,se_iid,known,1,,1152.2517372043076,230.45034744086155,,False,-1,False,0.17,0.0
correlated,0.5,20,sp_ucb_iid,t3,1,,208.4285906579185,24.748416441189182,0.9986,True,7,,0.13,
correlated,0.5,20,se_iid,t3,1,,1152.2517372043073,230.45034744086155,,False,-1,False,0.19,0.0
correlated,0.9,20,sp_ucb_iid,known,1,,406.01901207381076,102.26308212982747,0.0,False,-1,,0.13,
correlated,0.9,20,se_iid,known,1,,1152.2517372043076,230.45034744086155,,False,-1,False,0.18,0.0
correlated,0.9,20,sp_ucb_iid,t3,1,,524.6143391561686,84.47262594561796,0.0,False,-1,,0.13,
correlated,0.9,20,se_iid,t3,1,,1095.3683061357854,185.56311241304488,,False,-1,False,0.22,0.0
correlated,0.97,20,sp_ucb_iid,known,1,,1134.9803658040491,216.43327564118727,0.0,False,-1,,0.13,
correlated,0.97,20,se_iid,known,1,,1152.2517372043076,230.45034744086155,,True,136,False,0.17,0.0252
correlated,0.97,20,sp_ucb_iid,t3,1,,538.2290903768849,146.21909336751995,0.0,False,-1,,0.12,
correlated,0.97,20,se_iid,t3,1,,771.0003799876571,109.07831911066357,,True,423,False,0.17,0.9154
correlated,,20,sp_ucb_iid,ar7_as_ar1,1,,1189.1012297877835,259.13740288981654,0.0,False,-1,,0.17,
correlated,,20,se_iid,ar7_as_ar1,1,,1152.2517372043076,230.45034744086155,,True,122,False,0.23,0.041
correlated,0.5,21,sp_ucb_iid,known,1,,290.0277533912677,55.550964727629456,0.0,False,-1,,0.14,
correlated,0.5,21,se_iid,known,1,,1227.3297893420456,245.4659578684091,,False,-1,False,0.19,0.0
correlated,0.5,21,sp_ucb_iid,t3,1,,361.87448259077416,52.22418992919111,0.0,False,-1,,0.15,
correlated,0.5,21,se_iid,t3,1,,1227.3297893420456,245.4659578684091,,True,742,False,0.19,0.016
correlated,0.9,21,sp_ucb_iid,known,1,,666.8462265377653,125.97004183788829,0.0,False,-1,,0.12,
correlated,0.9,21,se_iid,known,1,,1227.3297893420456,245.4659578684091,,False,-1,False,0.16,0.0
correlated,0.9,21,sp_ucb_iid,t3,1,,541.2199252437113,80.65443144318039,0.0,False,-1,,0.15,
correlated,0.9,21,se_iid,t3,1,,1227.3297893420456,245.4659578684091,,False,-1,False,0.18,0.0
correlated,0.97,21,sp_ucb_iid,known,1,,481.66147632977965,179.72332936317963,0.0,False,-1,,0.12,
correlated,0.97,21,se_iid,known,1,,1102.163916571262,200.62651277971884,,True,499,False,0.18,0.1772
correlated,0.97,21,sp_ucb_iid,t3,1,,865.5457557248051,167.16298804386244,0.0,False,-1,,0.13,
correlated,0.97,21,se_iid,t3,1,,1168.6809458193165,202.14857021057776,,True,406,False,0.16,0.1492
correlated,,21,sp_ucb_iid,ar7_as_ar1,1,,907.899130230338,202.7191012383587,0.0,False,-1,,0.17,
correlated,,21,se_iid,ar7_as_ar1,1,,702.9606042924734,42.34468827905599,,True,256,True,0.2,0.9488
correlated,0.5,22,sp_ucb_iid,known,1,,515.2174724763563,60.23618119162033,0.0,False,-1,,0.15,
correlated,0.5,22,se_iid,known,1,,1148.1496117489078,229.62992234978148,,False,-1,False,0.16,0.0
correlated,0.5,22,sp_ucb_iid,t3,1,,535.0537825674677,47.701659203355256,0.0,False,-1,,0.14,
correlated,0.5,22,se_iid,t3,1,,1148.1496117489075,229.6299223497815,,False,-1,False,0.18,0.0
correlated,0.9,22,sp_ucb_iid,known,1,,975.159623034139,161.98970040330602,0.0,False,-1,,0.12,
correlated,0.9,22,se_iid,known,1,,1148.1496117489078,229.62992234978148,,False,-1,False,0.17,0.0
correlated,0.9,22,sp_ucb_iid,t3,1,,504.15196633930776,110.58386134030184,0.0,False,-1,,0.15,
correlated,0.9,22,se_iid,t3,1,,1148.1496117489075,229.6299223497815,,False,-1,False,0.19,0.0
correlated,0.97,22,sp_ucb_iid,known,1,,988.6661369056235,202.6932056569752,0.0,False,-1,,0.14,
correlated,0.97,22,se_iid,known,1,,1148.1496117489078,229.62992234978148,,True,137,False,0.17,0.0356
correlated,0.97,22,sp_ucb_iid,t3,1,,959.623460033536,315.1093756857716,0.0,False,-1,,0.13,
correlated,0.97,22,se_iid,t3,1,,1007.1175487408584,189.5404662712303,,True,600,False,0.19,0.854
correlated,,22,sp_ucb_iid,ar7_as_ar1,1,,857.2278007373825,141.0906607933428,0.0,False,-1,,0.15,
correlated,,22,se_iid,ar7_as_ar1,1,,1148.1496117489078,229.62992234978148,,True,157,False,0.18,0.4892
correlated,0.5,23,sp_ucb_iid,known,1,,511.9299874150628,45.92282051441188,0.0,False,-1,,0.13,
correlated,0.5,23,se_iid,known,1,,1130.8502461900543,226.17004923801088,,False,-1,False,0.18,0.0
correlated,0.5,23,sp_ucb_iid,t3,1,,395.3694589612067,33.46885748917168,0.0,False,-1,,0.14,
correlated,0.5,23,se_iid,t3,1,,1130.8502461900546,226.1700492380109,,False,-1,False,0.18,0.0
correlated,0.9,23,sp_ucb_iid,known,1,,667.0396058784761,132.91367517013202,0.0,False,-1,,0.13,
correlated,0.9,23,se_iid,known,1,,1130.8502461900543,226.17004923801088,,False,-1,False,0.17,0.0
correlated,0.9,23,sp_ucb_iid,t3,1,,757.8485210905926,178.49717275089577,0.0,False,-1,,0.12,
correlated,0.9,23,se_iid,t3,1,,1130.8502461900546,226.1700492380109,,False,-1,False,0.17,0.0
correlated,0.97,23,sp_ucb_iid,known,1,,580.0417719655271,148.77915410277194,0.0,False,-1,,0.15,
correlated,0.97,23,se_iid,known,1,,1113.7882906719167,217.09086809728387,,False,-1,False,0.2,0.0
correlated,0.97,23,sp_ucb_iid,t3,1,,888.9381785370583,207.90426958718868,0.0,False,-1,,0.14,
correlated,0.97,23,se_iid,t3,1,,1130.8502461900546,226.1700492380109,,False,-1,False,0.19,0.0
correlated,,23,sp_ucb_iid,ar7_as_ar1,1,,640.1522307488904,83.67132595608805,0.0,False,-1,,0.17,
correlated,,23,se_iid,ar7_as_ar1,1,,1037.153686894584,177.88110825844177,,False,-1,False,0.22,0.0
correlated,0.5,24,sp_ucb_iid,known,1,,556.2925470201887,65.07049220044685,0.0,False,-1,,0.14,
correlated,0.5,24,se_iid,known,1,,1206.9548200357349,241.39096400714703,,False,-1,False,0.15,0.0
correlated,0.5,24,sp_ucb_iid,t3,1,,311.55188549832326,49.16047089296814,0.0,False,-1,,0.13,
correlated,0.5,24,se_iid,t3,1,,1206.9548200357349,241.390964007147,,False,-1,False,0.19,0.0
correlated,0.9,24,sp_ucb_iid,known,1,,622.0917694309613,101.02929226075801,0.0,False,-1,,0.13,
correlated,0.9,24,se_iid,known,1,,1206.9548200357349,241.39096400714703,,False,-1,False,0.2,0.0
correlated,0.9,24,sp_ucb_iid,t3,1,,451.4567451640811,44.72740262510202,0.0,False,-1,,0.14,
correlated,0.9,24,se_iid,t3,1,,1206.9548200357349,241.390964007147,,False,-1,False,0.19,0.0
correlated,0.97,24,sp_ucb_iid,known,1,,958.4721100780117,230.24470459411515,0.0,False,-1,,0.13,
correlated,0.97,24,se_iid,known,1,,1206.9548200357349,241.39096400714703,,False,-1,False,0.19,0.0
correlated,0.97,24,sp_ucb_iid,t3,1,,579.7814639717496,0.0,0.0,False,-1,,0.14,
correlated,0.97,24,se_iid,t3,1,,1044.4651867622056,180.31606865186302,,True,4347,False,0.21,0.014
correlated,,24,sp_ucb_iid,ar7_as_ar1,1,,652.3991079853206,119.78975021992454,0.0,False,-1,,0.16,
correlated,,24,se_iid,ar7_as_ar1,1,,958.7523768664998,147.82147656614862,,True,653,False,0.21,0.0116
correlated,0.5,25,sp_ucb_iid,known,1,,471.7775373731147,47.10882075694386,0.0,False,-1,,0.13,
correlated,0.5,25,se_iid,known,1,,1216.8952992607192,243.3790598521438,,False,-1,False,0.17,0.0
correlated,0.5,25,sp_ucb_iid,t3,1,,528.9692524466384,76.23620438764661,0.0,False,-1,,0.15,
correlated,0.5,25,se_iid,t3,1,,1216.8952992607192,243.37905985214383,,False,-1,False,0.17,0.0
correlated,0.9,25,sp_ucb_iid,known,1,,849.657592593896,137.81481392302754,0.0,False,-1,,0.13,
correlated,0.9,25,se_iid,known,1,,1216.8952992607192,243.3790598521438,,False,-1,False,0.19,0.0
correlated,0.9,25,sp_ucb_iid,t3,1,,936.0525675353804,172.0046628669602,0.0,False,-1,,0.15,
correlated,0.9,25,se_iid,t3,1,,1216.8952992607192,243.37905985214383,,False,-1,False,0.18,0.0
correlated,0.97,25,sp_ucb_iid,known,1,,934.718863232846,204.64153538511334,0.0,False,-1,,0.13,
correlated,0.97,25,se_iid,known,1,,1216.8952992607192,243.3790598521438,,True,512,False,0.18,0.0532
correlated,0.97,25,sp_ucb_iid,t3,1,,1116.5834345207086,245.44651404700483,0.0,False,-1,,0.13,
correlated,0.97,25,se_iid,t3,1,,1171.1495152854432,198.26588047952305,,True,234,False,0.18,0.012
correlated,,25,sp_ucb_iid,ar7_as_ar1,1,,1095.1339584787315,268.9516499217102,0.0,False,-1,,0.15,
correlated,,25,se_iid,ar7_as_ar1,1,,1138.6274955849253,225.05955304007264,,True,370,False,0.21,0.926
correlated,0.5,26,sp_ucb_iid,known,1,,381.7748747059747,42.785419233948836,0.0,False,-1,,0.14,
correlated,0.5,26,se_iid,known,1,,1191.260146976335,238.252029395267,,False,-1,False,0.2,0.0
correlated,0.5,26,sp_ucb_iid,t3,1,,393.65267380308995,67.66218658379692,0.0,False,-1,,0.13,
correlated,0.5,26,se_iid,t3,1,,1191.2601469763351,238.25202939526702,,False,-1,False,0.19,0.0
correlated,0.9,26,sp_ucb_iid,known,1,,429.8631034067382,102.43092646270483,0.0,False,-1,,0.13,
correlated,0.9,26,se_iid,known,1,,1191.260146976335,238.252029395267,,False,-1,False,0.18,0.0
correlated,0.9,26,sp_ucb_iid,t3,1,,441.02374031834654,109.28024563451956,0.0,False,-1,,0.14,
correlated,0.9,26,se_iid,t3,1,,1191.2601469763351,238.25202939526702,,False,-1,False,0.23,0.0
correlated,0.97,26,sp_ucb_iid,known,1,,709.7189869822556,148.7589655778009,0.0,False,-1,,0.13,
correlated,0.97,26,se_iid,known,1,,1191.260146976335,238.252029395267,,False,-1,False,0.15,0.0
correlated,0.97,26,sp_ucb_iid,t3,1,,385.90568721121986,100.93428861197327,0.0,False,-1,,0.15,
correlated,0.97,26,se_iid,t3,1,,713.562188755759,42.71612687554409,,True,348,False,0.24,0.7184
correlated,,26,sp_ucb_iid,ar7_as_ar1,1,,645.3460877757622,152.3686567986064,0.0,False,-1,,0.18,
correlated,,26,se_iid,ar7_as_ar1,1,,1140.7854471867677,211.00159642340554,,False,-1,False,0.21,0.0
correlated,0.5,27,sp_ucb_iid,known,1,,465.1598052141483,43.86079234471284,0.0,False,-1,,0.13,
correlated,0.5,27,se_iid,known,1,,1191.314047635317,238.26280952706338,,False,-1,False,0.21,0.0
correlated,0.5,27,sp_ucb_iid,t3,1,,538.8958964422701,77.88040072834272,0.0,False,-1,,0.15,
correlated,0.5,27,se_iid,t3,1,,1191.314047635317,238.26280952706338,,False,-1,False,0.18,0.0
correlated,0.9,27,sp_ucb_iid,known,1,,1275.4921906204274,230.86945964220268,0.0,False,-1,,0.18,
correlated,0.9,27,se_iid,known,1,,1191.314047635317,238.26280952706338,,False,-1,False,0.18,0.0
correlated,0.9,27,sp_ucb_iid,t3,1,,649.6482486039745,91.59169234209847,0.0,False,-1,,0.13,
correlated,0.9,27,se_iid,t3,1,,1191.314047635317,238.26280952706338,,False,-1,False,0.22,0.0
correlated,0.97,27,sp_ucb_iid,known,1,,555.9274049177337,81.5006333518874,0.0,False,-1,,0.13,
correlated,0.97,27,se_iid,known,1,,1191.314047635317,238.26280952706338,,False,-1,False,0.19,0.0
correlated,0.97,27,sp_ucb_iid,t3,1,,591.3506087475155,107.14674834074312,0.0,False,-1,,0.15,
correlated,0.97,27,se_iid,t3,1,,1128.805048037102,194.00144437097543,,False,-1,False,0.23,0.0
correlated,,27,sp_ucb_iid,ar7_as_ar1,1,,409.54905334859103,2.711844273540274,0.0,False,-1,,0.17,
correlated,,27,se_iid,ar7_as_ar1,1,,1163.897803385715,211.12690756870705,,False,-1,False,0.19,0.0
correlated,0.5,28,sp_ucb_iid,known,1,,506.71048137593107,30.223286356868623,0.0,False,-1,,0.16,
correlated,0.5,28,se_iid,known,1,,1160.55081642212,232.11016328442398,,False,-1,False,0.18,0.0
correlated,0.5,28,sp_ucb_iid,t3,1,,488.4566128951311,45.05495154431977,0.0,False,-1,,0.15,
correlated,0.5,28,se_iid,t3,1,,1160.5508164221196,232.110163284424,,False,-1,False,0.19,0.0
correlated,0.9,28,sp_ucb_iid,known,1,,894.0710358675942,98.17831166798408,0.0,False,-1,,0.12,
correlated,0.9,28,se_iid,known,1,,1160.55081642212,232.11016328442398,,False,-1,False,0.17,0.0
correlated,0.9,28,sp_ucb_iid,t3,1,,872.4038844947297,142.59671617414847,0.0,False,-1,,0.14,
correlated,0.9,28,se_iid,t3,1,,1160.5508164221196,232.110163284424,,False,-1,False,0.18,0.0
correlated,0.97,28,sp_ucb_iid,known,1,,816.2935608873906,45.29434099611101,0.0,False,-1,,0.16,
correlated,0.97,28,se_iid,known,1,,1074.2579370366575,193.00527748582374,,True,2715,False,0.19,0.0284
correlated,0.97,28,sp_ucb_iid,t3,1,,872.0246382453233,82.49367436230429,0.0,False,-1,,0.14,
correlated,0.97,28,se_iid,t3,1,,1160.5508164221196,232.110163284424,,False,-1,False,0.17,0.0
correlated,,28,sp_ucb_iid,ar7_as_ar1,1,,774.6040149828432,26.749673146319523,0.0,False,-1,,0.16,
correlated,,28,se_iid,ar7_as_ar1,1,,1157.2079266674007,216.37411801810623,,True,965,True,0.21,0.807
correlated,0.5,29,sp_ucb_iid,known,1,,559.9205789291002,44.72362585899717,0.0,False,-1,,0.12,
correlated,0.5,29,se_iid,known,1,,1210.2262836647283,242.0452567329457,,False,-1,False,0.13,0.0
correlated,0.5,29,sp_ucb_iid,t3,1,,535.389467838722,134.5898826950793,0.0,False,-1,,0.11,
correlated,0.5,29,se_iid,t3,1,,1210.2262836647283,242.04525673294566,,False,-1,False,0.19,0.0
correlated,0.9,29,sp_ucb_iid,known,1,,677.2981260258323,132.52467215831717,0.0,False,-1,,0.14,
correlated,0.9,29,se_iid,known,1,,1210.2262836647283,242.0452567329457,,False,-1,False,0.17,0.0
correlated,0.9,29,sp_ucb_iid,t3,1,,672.1763914802807,203.4007504410889,0.0,False,-1,,0.14,
correlated,0.9,29,se_iid,t3,1,,1210.2262836647283,242.04525673294566,,False,-1,False,0.2,0.0
correlated,0.97,29,sp_ucb_iid,known,1,,1014.5149972772284,218.11006645445565,0.0,False,-1,,0.14,
correlated,0.97,29,se_iid,known,1,,1210.2262836647283,242.0452567329457,,False,-1,False,0.17,0.0
correlated,0.97,29,sp_ucb_iid,t3,1,,1046.293984472572,212.6991056882871,0.0,False,-1,,0.14,
correlated,0.97,29,se_iid,t3,1,,1210.2262836647283,242.04525673294566,,True,3643,False,0.21,0.072
correlated,,29,sp_ucb_iid,ar7_as_ar1,1,,914.2922594353942,166.03813317590019,0.0,False,-1,,0.13,
correlated,,29,se_iid,ar7_as_ar1,1,,1210.2262836647283,242.0452567329457,,False,-1,False,0.26,0.0
independent,0.5,0,sp_ucb_st2,known,25,0.5,480.46376178887334,55.380373026192515,0.0,False,-1,,0.92,
independent,0.5,0,se_st2,known,25,0.5,1143.5444276382075,228.70888552764148,,False,-1,False,0.12,0.0
independent,0.5,0,sp_ucb_st2,fit100,25,0.3973536438399068,376.82933220388827,48.75050700789063,0.0,False,-1,,0.83,
independent,0.5,0,se_st2,fit100,25,0.3973536438399068,1143.5444276382075,228.70888552764148,,False,-1,False,0.11,0.0
independent,0.5,0,sp_ucb_st2,fit365,25,0.471062777793729,626.0450670222755,45.03939194370782,0.0,False,-1,,0.77,
independent,0.5,0,se_st2,fit365,25,0.471062777793729,1143.5444276382075,228.70888552764148,,False,-1,False,0.12,0.0
independent,0.5,0,sp_ucb_st2,fit100_cons,25,0.48865118138268776,612.4075482620418,44.70444293438234,0.0,False,-1,,0.87,
independent,0.5,0,se_st2,fit100_cons,25,0.48865118138268776,1143.5444276382075,228.70888552764148,,False,-1,False,0.14,0.0
independent,0.5,0,sp_ucb_st2,phi_bias,25,0.45,523.7979120591403,49.57524230362398,0.0,False,-1,,0.87,
independent,0.5,0,se_st2,phi_bias,25,0.45,1143.5444276382075,228.70888552764148,,False,-1,False,0.12,0.0
independent,0.5,0,sp_ucb_st2,t3,25,0.5,433.36850337248893,64.71770712732075,0.0,False,-1,,0.88,
independent,0.5,0,se_st2,t3,25,0.5,1143.5444276382077,228.70888552764148,,False,-1,False,0.16,0.0
independent,0.9,0,sp_ucb_st2,known,25,0.9,813.5366041522861,115.7206824048313,0.0,False,-1,,0.9,
independent,0.9,0,se_st2,known,25,0.9,1143.5444276382075,228.70888552764148,,False,-1,False,0.11,0.0
independent,0.9,0,sp_ucb_st2,fit100,25,0.8581878410311022,1021.0961038293783,108.86010563489488,0.0,False,-1,,0.84,
independent,0.9,0,se_st2,fit100,25,0.8581878410311022,1143.5444276382075,228.70888552764148,,False,-1,False,0.12,0.0
independent,0.9,0,sp_ucb_st2,fit365,25,0.8941660208168987,809.6174193584643,144.82072763485237,0.0,False,-1,,0.9,
independent,0.9,0,se_st2,fit365,25,0.8941660208168987,1143.5444276382075,228.70888552764148,,False,-1,False,0.14,0.0
independent,0.9,0,sp_ucb_st2,fit100_cons,25,0.8810312992185921,656.0835848333463,110.1638094556568,0.0,False,-1,,0.91,
independent,0.9,0,se_st2,fit100_cons,25,0.8810312992185921,1143.5444276382075,228.70888552764148,,False,-1,False,0.14,0.0
independent,0.9,0,sp_ucb_st2,phi_bias,25,0.85,941.8740763334938,55.31970499632308,0.0,False,-1,,0.7,
independent,0.9,0,se_st2,phi_bias,25,0.85,1143.5444276382075,228.70888552764148,,False,-1,False,0.12,0.0
independent,0.9,0,sp_ucb_st2,t3,25,0.9,625.4441367071872,93.15922803697931,0.0,False,-1,,0.77,
independent,0.9,0,se_st2,t3,25,0.9,1143.5444276382077,228.70888552764148,,False,-1,False,0.13,0.0
independent,0.97,0,sp_ucb_st2,known,25,0.97,649.8849695333536,97.23687326459847,0.0,False,-1,,0.81,
independent,0.97,0,se_st2,known,25,0.97,1143.5444276382075,228.70888552764148,,False,-1,False,0.13,0.0
independent,0.97,0,sp_ucb_st2,fit100,25,0.9254366332647737,1324.1676702261284,141.01287286638217,0.71,True,1450,,0.88,
independent,0.97,0,se_st2,fit100,25,0.9254366332647737,1143.5444276382075,228.70888552764148,,False,-1,False,0.12,0.0
independent,0.97,0,sp_ucb_st2,fit365,25,0.9603810519448294,714.9546888657915,72.26992640513743,0.0,False,-1,,0.89,
independent,0.97,0,se_st2,fit365,25,0.9603810519448294,1143.5444276382075,228.70888552764148,,False,-1,False,0.13,0.0
independent,0.97,0,sp_ucb_st2,fit100_cons,25,0.9391654246199087,1238.3268329506454,243.67214540316087,0.0,False,-1,,0.85,
independent,0.97,0,se_st2,fit100_cons,25,0.9391654246199087,1143.5444276382075,228.70888552764148,,False,-1,False,0.14,0.0
independent,0.97,0,sp_ucb_st2,phi_bias,25,0.9199999999999999,1102.343461879471,207.8534938572307,0.0,False,-1,,0.79,
independent,0.97,0,se_st2,phi_bias,25,0.9199999999999999,1143.5444276382075,228.70888552764148,,False,-1,False,0.12,0.0
independent,0.97,0,sp_ucb_st2,t3,25,0.97,930.4594594782301,103.50767416770583,0.0,False,-1,,0.85,
independent,0.97,0,se_st2,t3,25,0.97,1143.5444276382077,228.70888552764148,,False,-1,False,0.13,0.0
independent,,0,sp_ucb_st2,ar7_as_ar1,25,0.7449962514391099,493.3175003546583,55.09724319403735,0.0,False,-1,,0.92,
independent,,0,se_st2,ar7_as_ar1,25,0.7449962514391099,1143.5444276382075,228.70888552764148,,False,-1,False,0.16,0.0
independent,0.5,1,sp_ucb_st2,known,25,0.5,483.31431721340164,63.05470353164548,0.0,False,-1,,0.99,
independent,0.5,1,se_st2,known,25,0.5,1240.330611073357,248.0661222146714,,False,-1,False,0.13,0.0
independent,0.5,1,sp_ucb_st2,fit100,25,0.44756788928438584,628.0252821239517,89.8301499250764,0.0,False,-1,,0.9,
independent,0.5,1,se_st2,fit100,25,0.44756788928438584,1240.330611073357,248.0661222146714,,False,-1,False,0.19,0.0
independent,0.5,1,sp_ucb_st2,fit365,25,0.47652799604691704,585.0442693696043,65.77239547794477,0.0,False,-1,,0.93,
independent,0.5,1,se_st2,fit365,25,0.47652799604691704,1240.330611073357,248.0661222146714,,False,-1,False,0.11,0.0
independent,0.5,1,sp_ucb_st2,fit100_cons,25,0.530778103024182,610.2018102779788,82.62272432441526,0.0,False,-1,,0.93,
independent,0.5,1,se_st2,fit100_cons,25,0.530778103024182,1240.330611073357,248.0661222146714,,False,-1,False,0.15,0.0
independent,0.5,1,sp_ucb_st2,phi_bias,25,0.45,550.4642372664528,18.10066250596949,0.0,False,-1,,0.9,
independent,0.5,1,se_st2,phi_bias,25,0.45,1240.330611073357,248.0661222146714,,False,-1,False,0.1,0.0
independent,0.5,1,sp_ucb_st2,t3,25,0.5,547.6852607754539,74.28428757681792,0.0,False,-1,,1.01,
independent,0.5,1,se_st2,t3,25,0.5,1240.330611073357,248.0661222146714,,False,-1,False,0.13,0.0
independent,0.9,1,sp_ucb_st2,known,25,0.9,750.6620842720066,54.357466439275115,0.0,False,-1,,0.84,
independent,0.9,1,se_st2,known,25,0.9,1240.330611073357,248.0661222146714,,False,-1,False,0.14,0.0
independent,0.9,1,sp_ucb_st2,fit100,25,0.866106342609783,845.5285060015923,211.00427680513752,0.0,False,-1,,0.99,
independent,0.9,1,se_st2,fit100,25,0.866106342609783,1240.330611073357,248.0661222146714,,False,-1,False,0.14,0.0
independent,0.9,1,sp_ucb_st2,fit365,25,0.8881278798369163,875.5131164467819,220.63987602142473,0.0,False,-1,,0.76,
independent,0.9,1,se_st2,fit365,25,0.8881278798369163,1240.330611073357,248.0661222146714,,False,-1,False,0.12,0.0
independent,0.9,1,sp_ucb_st2,fit100_cons,25,0.8927416178606704,990.5301244765324,189.35378003977382,0.0,False,-1,,0.93,
independent,0.9,1,se_st2,fit100_cons,25,0.8927416178606704,1240.330611073357,248.0661222146714,,False,-1,False,0.14,0.0
independent,0.9,1,sp_ucb_st2,phi_bias,25,0.85,817.9504969088982,42.550745191636686,0.0,False,-1,,0.85,
independent,0.9,1,se_st2,phi_bias,25,0.85,1240.330611073357,248.0661222146714,,False,-1,False,0.13,0.0
independent,0.9,1,sp_ucb_st2,t3,25,0.9,985.5059419943245,181.00683919461244,0.0,False,-1,,0.92,
independent,0.9,1,se_st2,t3,25,0.9,1240.330611073357,248.0661222146714,,False,-1,False,0.13,0.0
independent,0.97,1,sp_ucb_st2,known,25,0.97,890.0567263192509,141.1218770118793,0.0,False,-1,,0.84,
independent,0.97,1,se_st2,known,25,0.97,1240.330611073357,248.0661222146714,,False,-1,False,0.13,0.0
independent,0.97,1,sp_ucb_st2,fit100,25,0.9330369577059806,902.8152105085592,82.07730578524992,0.0,False,-1,,0.82,
independent,0.97,1,se_st2,fit100,25,0.9330369577059806,1222.5042402962326,239.02314544899514,,True,1700,False,0.13,0.0264
independent,0.97,1,sp_ucb_st2,fit365,25,0.9613767293697846,1048.6213852563133,98.09874326578912,0.0,False,-1,,0.77,
independent,0.97,1,se_st2,fit365,25,0.9613767293697846,1240.330611073357,248.0661222146714,,False,-1,False,0.12,0.0
independent,0.97,1,sp_ucb_st2,fit100_cons,25,0.95303577308663,1142.627971483873,267.7417419203976,0.0,False,-1,,0.84,
independent,0.97,1,se_st2,fit100_cons,25,0.95303577308663,1240.330611073357,248.0661222146714,,False,-1,False,0.12,0.0
independent,0.97,1,sp_ucb_st2,phi_bias,25,0.9199999999999999,915.8071060716269,159.7355505715824,0.0,False,-1,,0.83,
independent,0.97,1,se_st2,phi_bias,25,0.9199999999999999,1240.330611073357,248.0661222146714,,False,-1,False,0.13,0.0
independent,0.97,1,sp_ucb_st2,t3,25,0.97,1230.4009207803224,150.94475259596317,0.0,False,-1,,0.81,
independent,0.97,1,se_st2,t3,25,0.97,1240.330611073357,248.0661222146714,,False,-1,False,0.11,0.0
independent,,1,sp_ucb_st2,ar7_as_ar1,25,0.786054059795261,759.504861205351,111.27452764271496,0.0,False,-1,,0.88,
independent,,1,se_st2,ar7_as_ar1,25,0.786054059795261,1113.0727739288448,203.25743891707182,,True,1075,False,0.15,0.0314
independent,0.5,2,sp_ucb_st2,known,25,0.5,567.1002069933354,58.24686046174104,0.0,False,-1,,0.84,
independent,0.5,2,se_st2,known,25,0.5,1158.3949585054145,231.6789917010829,,False,-1,False,0.13,0.0
independent,0.5,2,sp_ucb_st2,fit100,25,0.45622030703528477,461.9655147068927,51.17065581721854,0.0,False,-1,,0.87,
independent,0.5,2,se_st2,fit100,25,0.45622030703528477,1158.3949585054145,231.6789917010829,,False,-1,False,0.13,0.0
independent,0.5,2,sp_ucb_st2,fit365,25,0.5013904964109885,462.5438190450404,87.3738407329869,0.0,False,-1,,0.83,
independent,0.5,2,se_st2,fit365,25,0.5013904964109885,1158.3949585054145,231.6789917010829,,False,-1,False,0.13,0.0
independent,0.5,2,sp_ucb_st2,fit100_cons,25,0.5466101098007345,494.5310294872627,26.525273125423208,0.0,False,-1,,0.87,
independent,0.5,2,se_st2,fit100_cons,25,0.5466101098007345,1158.3949585054145,231.6789917010829,,False,-1,False,0.13,0.0
independent,0.5,2,sp_ucb_st2,phi_bias,25,0.45,536.0140077628705,21.77761944924131,0.0,False,-1,,0.84,
independent,0.5,2,se_st2,phi_bias,25,0.45,1158.3949585054145,231.6789917010829,,False,-1,False,0.12,0.0
independent,0.5,2,sp_ucb_st2,t3,25,0.5,627.0359488901435,118.19808198167976,0.0,False,-1,,0.87,
independent,0.5,2,se_st2,t3,25,0.5,1158.3949585054145,231.67899170108288,,False,-1,False,0.12,0.0
independent,0.9,2,sp_ucb_st2,known,25,0.9,1068.53172002145,222.5657521233966,0.0,False,-1,,0.81,
independent,0.9,2,se_st2,known,25,0.9,1158.3949585054145,231.6789917010829,,False,-1,False,0.14,0.0
independent,0.9,2,sp_ucb_st2,fit100,25,0.8573725623429183,1111.3431599701512,240.3303032240688,0.0,False,-1,,0.88,
independent,0.9,2,se_st2,fit100,25,0.8573725623429183,1158.3949585054145,231.6789917010829,,False,-1,False,0.12,0.0
independent,0.9,2,sp_ucb_st2,fit365,25,0.9046250364092963,712.1450904361905,114.67376386078911,0.0,False,-1,,0.83,
independent,0.9,2,se_st2,fit365,25,0.9046250364092963,1158.3949585054145,231.6789917010829,,False,-1,False,0.15,0.0
independent,0.9,2,sp_ucb_st2,fit100_cons,25,0.8928001249116657,504.97996701321654,84.52933656727012,0.0,False,-1,,0.83,
independent,0.9,2,se_st2,fit100_cons,25,0.8928001249116657,1158.3949585054145,231.6789917010829,,False,-1,False,0.13,0.0
independent,0.9,2,sp_ucb_st2,phi_bias,25,0.85,678.9944113016174,76.9914920735942,0.0,False,-1,,0.92,
independent,0.9,2,se_st2,phi_bias,25,0.85,1158.3949585054145,231.6789917010829,,False,-1,False,0.12,0.0
independent,0.9,2,sp_ucb_st2,t3,25,0.9,628.5658475134712,88.7721793659513,0.0,False,-1,,0.84,
independent,0.9,2,se_st2,t3,25,0.9,1158.3949585054145,231.67899170108288,,False,-1,False,0.13,0.0
independent,0.97,2,sp_ucb_st2,known,25,0.97,1060.4959705881843,84.16010038424143,0.0,False,-1,,0.81,
independent,0.97,2,se_st2,known,25,0.97,1158.3949585054145,231.6789917010829,,False,-1,False,0.13,0.0
independent,0.97,2,sp_ucb_st2,fit100,25,0.9340025161254193,678.9393943045778,40.282033858463166,0.0,False,-1,,0.84,
independent,0.97,2,se_st2,fit100,25,0.9340025161254193,1158.3949585054145,231.6789917010829,,True,1175,False,0.13,0.0012
independent,0.97,2,sp_ucb_st2,fit365,25,0.9691935678421135,888.67129432896,137.54832132082453,0.0,False,-1,,0.82,
independent,0.97,2,se_st2,fit365,25,0.9691935678421135,1158.3949585054145,231.6789917010829,,False,-1,False,0.14,0.0
independent,0.97,2,sp_ucb_st2,fit100_cons,25,0.9485847715918753,823.5301060471063,25.461579757356436,0.0,False,-1,,0.81,
independent,0.97,2,se_st2,fit100_cons,25,0.9485847715918753,1158.3949585054145,231.6789917010829,,False,-1,False,0.14,0.0
independent,0.97,2,sp_ucb_st2,phi_bias,25,0.9199999999999999,977.2867613227562,213.2612555088748,0.0,False,-1,,0.85,
independent,0.97,2,se_st2,phi_bias,25,0.9199999999999999,1158.3949585054145,231.6789917010829,,False,-1,False,0.14,0.0
independent,0.97,2,sp_ucb_st2,t3,25,0.97,988.3122893400317,116.38808888595152,0.0,False,-1,,0.86,
independent,0.97,2,se_st2,t3,25,0.97,1158.3949585054145,231.67899170108288,,False,-1,False,0.13,0.0
independent,,2,sp_ucb_st2,ar7_as_ar1,25,0.8054723228021263,826.9412057859977,88.02459188363846,0.0,False,-1,,0.84,
independent,,2,se_st2,ar7_as_ar1,25,0.8054723228021263,1135.9860399802005,229.5124794878305,,True,1175,False,0.17,0.0286
independent,0.5,3,sp_ucb_st2,known,25,0.5,424.2047105123441,34.09787470658161,0.0,False,-1,,0.82,
independent,0.5,3,se_st2,known,25,0.5,1143.7630492466692,228.75260984933385,,False,-1,False,0.12,0.0
independent,0.5,3,sp_ucb_st2,fit100,25,0.42952598119658403,396.27470487635514,60.385543910027735,0.0,False,-1,,0.86,
independent,0.5,3,se_st2,fit100,25,0.42952598119658403,1143.7630492466692,228.75260984933385,,False,-1,False,0.14,0.0
independent,0.5,3,sp_ucb_st2,fit365,25,0.4648429392912932,531.3220838008555,73.80902323567308,0.0,False,-1,,0.84,
independent,0.5,3,se_st2,fit365,25,0.4648429392912932,1143.7630492466692,228.75260984933385,,False,-1,False,0.12,0.0
independent,0.5,3,sp_ucb_st2,fit100_cons,25,0.5026525870407652,424.73623539806374,109.90634067971192,0.0,False,-1,,0.81,
independent,0.5,3,se_st2,fit100_cons,25,0.5026525870407652,1143.7630492466692,228.75260984933385,,False,-1,False,0.11,0.0
independent,0.5,3,sp_ucb_st2,phi_bias,25,0.45,373.7182297800528,38.27650911520426,0.0,False,-1,,0.78,
independent,0.5,3,se_st2,phi_bias,25,0.45,1143.7630492466692,228.75260984933385,,False,-1,False,0.13,0.0
independent,0.5,3,sp_ucb_st2,t3,25,0.5,441.82866325217014,36.00728480760677,0.0,False,-1,,0.88,
independent,0.5,3,se_st2,t3,25,0.5,1143.7630492466694,228.7526098493339,,False,-1,False,0.13,0.0
independent,0.9,3,sp_ucb_st2,known,25,0.9,731.8968088775564,168.8477320884585,0.0,False,-1,,0.84,
independent,0.9,3,se_st2,known,25,0.9,1143.7630492466692,228.75260984933385,,False,-1,False,0.13,0.0
independent,0.9,3,sp_ucb_st2,fit100,25,0.8713632303592961,714.9174435572306,202.15541190525477,0.0,False,-1,,0.84,
independent,0.9,3,se_st2,fit100,25,0.8713632303592961,1143.7630492466692,228.75260984933385,,False,-1,False,0.12,0.0
independent,0.9,3,sp_ucb_st2,fit365,25,0.8930660762834981,637.126707478478,107.13229811146384,0.0,False,-1,,0.82,
independent,0.9,3,se_st2,fit365,25,0.8930660762834981,1143.7630492466692,228.75260984933385,,False,-1,False,0.16,0.0
independent,0.9,3,sp_ucb_st2,fit100_cons,25,0.8936097648302602,588.2687933115125,99.68261780348396,0.0,False,-1,,0.88,
independent,0.9,3,se_st2,fit100_cons,25,0.8936097648302602,1143.7630492466692,228.75260984933385,,False,-1,False,0.13,0.0
independent,0.9,3,sp_ucb_st2,phi_bias,25,0.85,753.4590465602228,109.4614958126885,0.0,False,-1,,0.86,
independent,0.9,3,se_st2,phi_bias,25,0.85,1143.7630492466692,228.75260984933385,,False,-1,False,0.12,0.0
independent,0.9,3,sp_ucb_st2,t3,25,0.9,515.4169962048286,48.81252114579196,0.0,False,-1,,0.9,
independent,0.9,3,se_st2,t3,25,0.9,1143.7630492466694,228.7526098493339,,False,-1,False,0.14,0.0
independent,0.97,3,sp_ucb_st2,known,25,0.97,751.1089499770634,149.37586350948663,0.0,False,-1,,0.92,
independent,0.97,3,se_st2,known,25,0.97,1143.7630492466692,228.75260984933385,,False,-1,False,0.13,0.0
independent,0.97,3,sp_ucb_st2,fit100,25,0.9393236490737797,533.312369776103,78.60172081447008,0.0,False,-1,,0.83,
independent,0.97,3,se_st2,fit100,25,0.9393236490737797,1143.7630492466692,228.75260984933385,,False,-1,False,0.15,0.0
independent,0.97,3,sp_ucb_st2,fit365,25,0.9621482627832684,551.4507823782355,56.305006253161984,0.0,False,-1,,0.85,
independent,0.97,3,se_st2,fit365,25,0.9621482627832684,1143.7630492466692,228.75260984933385,,False,-1,False,0.19,0.0
independent,0.97,3,sp_ucb_st2,fit100_cons,25,0.9551934063086389,579.197634551449,92.37362516984172,0.0,False,-1,,0.86,
independent,0.97,3,se_st2,fit100_cons,25,0.9551934063086389,1143.7630492466692,228.75260984933385,,False,-1,False,0.1,0.0
independent,0.97,3,sp_ucb_st2,phi_bias,25,0.9199999999999999,614.5960717237125,65.12455552041148,0.0,False,-1,,0.9,
independent,0.97,3,se_st2,phi_bias,25,0.9199999999999999,1143.7630492466692,228.75260984933385,,False,-1,False,0.12,0.0
independent,0.97,3,sp_ucb_st2,t3,25,0.97,863.1751661125477,184.24803834906055,0.0,False,-1,,0.94,
independent,0.97,3,se_st2,t3,25,0.97,1143.7630492466694,228.7526098493339,,False,-1,False,0.16,0.0
independent,,3,sp_ucb_st2,ar7_as_ar1,25,0.7471275074098456,229.49567044435994,37.18418480813173,0.935,True,325,,0.96,
independent,,3,se_st2,ar7_as_ar1,25,0.7471275074098456,949.826592664605,178.69001572615582,,False,-1,False,0.15,0.0
independent,0.5,4,sp_ucb_st2,known,25,0.5,538.5141104305231,62.56627868241681,0.0,False,-1,,0.86,
independent,0.5,4,se_st2,known,25,0.5,1205.2120691112846,241.0424138222569,,False,-1,False,0.14,0.0
independent,0.5,4,sp_ucb_st2,fit100,25,0.4619789094976898,518.4097224150028,58.00306822184067,0.0,False,-1,,0.9,
independent,0.5,4,se_st2,fit100,25,0.4619789094976898,1205.2120691112846,241.0424138222569,,False,-1,False,0.12,0.0
independent,0.5,4,sp_ucb_st2,fit365,25,0.4964210243668328,449.12703893434775,57.86071969844712,0.0,False,-1,,0.96,
independent,0.5,4,se_st2,fit365,25,0.4964210243668328,1205.2120691112846,241.0424138222569,,False,-1,False,0.17,0.0
independent,0.5,4,sp_ucb_st2,fit100_cons,25,0.5289586169939924,596.8722789189906,31.106645265575768,0.0,False,-1,,0.83,
independent,0.5,4,se_st2,fit100_cons,25,0.5289586169939924,1205.2120691112846,241.0424138222569,,False,-1,False,0.13,0.0
independent,0.5,4,sp_ucb_st2,phi_bias,25,0.45,563.9774297993301,24.968114673800592,0.0,False,-1,,0.85,
independent,0.5,4,se_st2,phi_bias,25,0.45,1205.2120691112846,241.0424138222569,,False,-1,False,0.13,0.0
independent,0.5,4,sp_ucb_st2,t3,25,0.5,457.88902175374494,69.53125335309875,0.0,False,-1,,0.78,
independent,0.5,4,se_st2,t3,25,0.5,1205.2120691112846,241.04241382225695,,False,-1,False,0.14,0.0
independent,0.9,4,sp_ucb_st2,known,25,0.9,840.3213190504009,143.9253550130739,0.0,False,-1,,0.82,
independent,0.9,4,se_st2,known,25,0.9,1205.2120691112846,241.0424138222569,,False,-1,False,0.13,0.0
independent,0.9,4,sp_ucb_st2,fit100,25,0.8804691560360279,825.1971222589207,154.5768720205999,0.0,False,-1,,0.96,
independent,0.9,4,se_st2,fit100,25,0.8804691560360279,1205.2120691112846,241.0424138222569,,False,-1,False,0.17,0.0
independent,0.9,4,sp_ucb_st2,fit365,25,0.9038095231706825,817.3425823183468,96.46855368207002,0.0,False,-1,,0.86,
independent,0.9,4,se_st2,fit365,25,0.9038095231706825,1205.2120691112846,241.0424138222569,,False,-1,False,0.14,0.0
independent,0.9,4,sp_ucb_st2,fit100_cons,25,0.9001166612832457,1062.0199278564742,90.69962558912265,0.0,False,-1,,0.84,
independent,0.9,4,se_st2,fit100_cons,25,0.9001166612832457,1205.2120691112846,241.0424138222569,,False,-1,False,0.12,0.0
independent,0.9,4,sp_ucb_st2,phi_bias,25,0.85,787.6640166133943,170.3397113981388,0.0,False,-1,,0.83,
independent,0.9,4,se_st2,phi_bias,25,0.85,1205.2120691112846,241.0424138222569,,False,-1,False,0.12,0.0
independent,0.9,4,sp_ucb_st2,t3,25,0.9,841.2027252584305,93.9191492727157,0.0,False,-1,,0.85,
independent,0.9,4,se_st2,t3,25,0.9,1205.2120691112846,241.04241382225695,,False,-1,False,0.12,0.0
independent,0.97,4,sp_ucb_st2,known,25,0.97,567.8045169269394,34.03584428468986,0.0,False,-1,,0.87,
independent,0.97,4,se_st2,known,25,0.97,1205.2120691112846,241.0424138222569,,False,-1,False,0.12,0.0
independent,0.97,4,sp_ucb_st2,fit100,25,0.9492196558892387,639.8831157388315,148.74451720415232,0.0,False,-1,,0.88,
independent,0.97,4,se_st2,fit100,25,0.9492196558892387,1205.2120691112846,241.0424138222569,,False,-1,False,0.13,0.0
independent,0.97,4,sp_ucb_st2,fit365,25,0.9681207456716812,784.0699767477315,124.17365361220698,0.0,False,-1,,0.82,
independent,0.97,4,se_st2,fit365,25,0.9681207456716812,1205.2120691112846,241.0424138222569,,False,-1,False,0.12,0.0
independent,0.97,4,sp_ucb_st2,fit100_cons,25,0.9654547382471641,604.7989420871982,148.17614418158956,0.0,False,-1,,0.85,
independent,0.97,4,se_st2,fit100_cons,25,0.9654547382471641,1205.2120691112846,241.0424138222569,,False,-1,False,0.11,0.0
independent,0.97,4,sp_ucb_st2,phi_bias,25,0.9199999999999999,541.4138346833884,66.73051396737142,0.0,False,-1,,0.83,
independent,0.97,4,se_st2,phi_bias,25,0.9199999999999999,1205.2120691112846,241.0424138222569,,False,-1,False,0.15,0.0
independent,0.97,4,sp_ucb_st2,t3,25,0.97,1211.3754873346543,227.7355450866129,0.0,False,-1,,0.84,
independent,0.97,4,se_st2,t3,25,0.97,1205.2120691112846,241.04241382225695,,False,-1,False,0.14,0.0
independent,,4,sp_ucb_st2,ar7_as_ar1,25,0.7937354075741304,1005.5796876164566,250.77725614297637,0.0004,True,466,,0.84,
independent,,4,se_st2,ar7_as_ar1,25,0.7937354075741304,1205.3857413664364,241.2160860774086,,True,3200,False,0.13,0.008
independent,0.5,5,sp_ucb_st2,known,25,0.5,566.54493105763,53.40855199399526,0.0,False,-1,,0.82,
independent,0.5,5,se_st2,known,25,0.5,1137.7181953546628,227.54363907093258,,False,-1,False,0.14,0.0
independent,0.5,5,sp_ucb_st2,fit100,25,0.410938450268138,534.9993969348284,20.006999249154575,0.0,False,-1,,0.88,
independent,0.5,5,se_st2,fit100,25,0.410938450268138,1137.7181953546628,227.54363907093258,,False,-1,False,0.14,0.0
independent,0.5,5,sp_ucb_st2,fit365,25,0.4809560835918174,536.7360540683253,126.19135757307421,0.0,False,-1,,0.91,
independent,0.5,5,se_st2,fit365,25,0.4809560835918174,1137.7181953546628,227.54363907093258,,False,-1,False,0.12,0.0
independent,0.5,5,sp_ucb_st2,fit100_cons,25,0.48342110758879875,420.96175889901485,75.73135006347857,0.0,False,-1,,0.84,
independent,0.5,5,se_st2,fit100_cons,25,0.48342110758879875,1137.7181953546628,227.54363907093258,,False,-1,False,0.13,0.0
independent,0.5,5,sp_ucb_st2,phi_bias,25,0.45,416.98664481984304,33.37023002110984,0.0,False,-1,,0.85,
independent,0.5,5,se_st2,phi_bias,25,0.45,1137.7181953546628,227.54363907093258,,False,-1,False,0.12,0.0
independent,0.5,5,sp_ucb_st2,t3,25,0.5,371.5238068035482,21.874468437849742,0.0,False,-1,,0.86,
independent,0.5,5,se_st2,t3,25,0.5,1137.718195354663,227.54363907093258,,False,-1,False,0.12,0.0
independent,0.9,5,sp_ucb_st2,known,25,0.9,678.2309367069192,72.13170701561157,0.0,False,-1,,0.86,
independent,0.9,5,se_st2,known,25,0.9,1137.7181953546628,227.54363907093258,,False,-1,False,0.13,0.0
independent,0.9,5,sp_ucb_st2,fit100,25,0.8589846662787293,443.5243462615561,48.852495828872215,0.0,False,-1,,0.85,
independent,0.9,5,se_st2,fit100,25,0.8589846662787293,1137.7181953546628,227.54363907093258,,False,-1,False,0.15,0.0
independent,0.9,5,sp_ucb_st2,fit365,25,0.8919532762400609,416.94554125317484,44.63189246738641,0.0,False,-1,,0.83,
independent,0.9,5,se_st2,fit365,25,0.8919532762400609,1137.7181953546628,227.54363907093258,,False,-1,False,0.13,0.0
independent,0.9,5,sp_ucb_st2,fit100_cons,25,0.8869788157357017,603.5317641834899,90.92605947794425,0.0,False,-1,,0.84,
independent,0.9,5,se_st2,fit100_cons,25,0.8869788157357017,1137.7181953546628,227.54363907093258,,False,-1,False,0.13,0.0
independent,0.9,5,sp_ucb_st2,phi_bias,25,0.85,571.0362174384414,112.45238928321757,0.0,False,-1,,0.83,
independent,0.9,5,se_st2,phi_bias,25,0.85,1137.7181953546628,227.54363907093258,,False,-1,False,0.13,0.0
independent,0.9,5,sp_ucb_st2,t3,25,0.9,567.5534424070587,17.28954551550883,0.0,False,-1,,0.88,
independent,0.9,5,se_st2,t3,25,0.9,1137.718195354663,227.54363907093258,,False,-1,False,0.15,0.0
independent,0.97,5,sp_ucb_st2,known,25,0.97,839.8839143836669,187.1691658353246,0.0,False,-1,,0.86,
independent,0.97,5,se_st2,known,25,0.97,1137.7181953546628,227.54363907093258,,False,-1,False,0.11,0.0
independent,0.97,5,sp_ucb_st2,fit100,25,0.9339941424034328,537.9622885452432,29.279994567886035,0.0,False,-1,,0.85,
independent,0.97,5,se_st2,fit100,25,0.9339941424034328,1137.7181953546628,227.54363907093258,,False,-1,False,0.12,0.0
independent,0.97,5,sp_ucb_st2,fit365,25,0.9647944884894616,987.2116126498054,284.7774593468115,0.0,False,-1,,0.86,
independent,0.97,5,se_st2,fit365,25,0.9647944884894616,1137.7181953546628,227.54363907093258,,False,-1,False,0.12,0.0
independent,0.97,5,sp_ucb_st2,fit100_cons,25,0.9498237354284929,714.344363086156,146.8207955563698,0.0,False,-1,,0.84,
independent,0.97,5,se_st2,fit100_cons,25,0.9498237354284929,1137.7181953546628,227.54363907093258,,False,-1,False,0.13,0.0
independent,0.97,5,sp_ucb_st2,phi_bias,25,0.9199999999999999,970.6522082522338,326.9395114675475,0.0,False,-1,,0.87,
independent,0.97,5,se_st2,phi_bias,25,0.9199999999999999,1137.7181953546628,227.54363907093258,,False,-1,False,0.13,0.0
independent,0.97,5,sp_ucb_st2,t3,25,0.97,624.894033929519,114.21871036120184,0.0,False,-1,,0.88,
independent,0.97,5,se_st2,t3,25,0.97,1137.718195354663,227.54363907093258,,False,-1,False,0.12,0.0
independent,,5,sp_ucb_st2,ar7_as_ar1,25,0.8009373645258349,462.4681874560598,50.76697857484391,0.0,False,-1,,0.86,
independent,,5,se_st2,ar7_as_ar1,25,0.8009373645258349,1137.7181953546628,227.54363907093258,,False,-1,False,0.15,0.0
independent,0.5,6,sp_ucb_st2,known,25,0.5,593.2996033432634,125.48988096226898,0.0,False,-1,,0.82,
independent,0.5,6,se_st2,known,25,0.5,1155.5440132838962,231.10880265677923,,False,-1,False,0.12,0.0
independent,0.5,6,sp_ucb_st2,fit100,25,0.49968179492248016,403.74699011712676,47.930565603515085,0.0,False,-1,,0.83,
independent,0.5,6,se_st2,fit100,25,0.49968179492248016,1155.5440132838962,231.10880265677923,,False,-1,False,0.12,0.0
independent,0.5,6,sp_ucb_st2,fit365,25,0.4817424401901581,438.59829983734846,97.01286799330545,0.0,False,-1,,0.82,
independent,0.5,6,se_st2,fit365,25,0.4817424401901581,1155.5440132838962,231.10880265677923,,False,-1,False,0.15,0.0
independent,0.5,6,sp_ucb_st2,fit100_cons,25,0.5644195145918917,375.9036388505972,48.14606466174456,0.0,False,-1,,0.85,
independent,0.5,6,se_st2,fit100_cons,25,0.5644195145918917,1155.5440132838962,231.10880265677923,,False,-1,False,0.12,0.0
independent,0.5,6,sp_ucb_st2,phi_bias,25,0.45,492.8118581014209,63.58686538263453,0.0,False,-1,,0.87,
independent,0.5,6,se_st2,phi_bias,25,0.45,1155.5440132838962,231.10880265677923,,False,-1,False,0.13,0.0
independent,0.5,6,sp_ucb_st2,t3,25,0.5,542.1265754450023,34.181306922684136,0.0,False,-1,,0.85,
independent,0.5,6,se_st2,t3,25,0.5,1155.5440132838962,231.10880265677923,,False,-1,False,0.12,0.0
independent,0.9,6,sp_ucb_st2,known,25,0.9,1063.7463884854792,167.44291637755413,0.0,False,-1,,0.8,
independent,0.9,6,se_st2,known,25,0.9,1155.5440132838962,231.10880265677923,,False,-1,False,0.12,0.0
independent,0.9,6,sp_ucb_st2,fit100,25,0.8818818149351012,744.4234672177156,113.07339168166418,0.0,False,-1,,0.77,
independent,0.9,6,se_st2,fit100,25,0.8818818149351012,1155.5440132838962,231.10880265677923,,False,-1,False,0.12,0.0
independent,0.9,6,sp_ucb_st2,fit365,25,0.894858784445217,964.9780499629496,105.38914024472164,0.0,False,-1,,0.79,
independent,0.9,6,se_st2,fit365,25,0.894858784445217,1155.5440132838962,231.10880265677923,,False,-1,False,0.13,0.0
independent,0.9,6,sp_ucb_st2,fit100_cons,25,0.9029231210834454,942.9840973583472,186.12246233907206,0.0,False,-1,,0.83,
independent,0.9,6,se_st2,fit100_cons,25,0.9029231210834454,1155.5440132838962,231.10880265677923,,False,-1,False,0.13,0.0
independent,0.9,6,sp_ucb_st2,phi_bias,25,0.85,509.5531502220759,56.25911800733633,0.0,False,-1,,0.88,
independent,0.9,6,se_st2,phi_bias,25,0.85,1155.5440132838962,231.10880265677923,,False,-1,False,0.14,0.0
independent,0.9,6,sp_ucb_st2,t3,25,0.9,1079.2785281444576,266.6032214323623,0.0,False,-1,,0.77,
independent,0.9,6,se_st2,t3,25,0.9,1155.5440132838962,231.10880265677923,,False,-1,False,0.14,0.0
independent,0.97,6,sp_ucb_st2,known,25,0.97,1153.0827874797533,269.26660636819514,0.0,False,-1,,0.79,
independent,0.97,6,se_st2,known,25,0.97,1155.5440132838962,231.10880265677923,,False,-1,False,0.13,0.0
independent,0.97,6,sp_ucb_st2,fit100,25,0.9461541118977809,467.97089527138144,69.6387889084556,0.0,False,-1,,0.87,
independent,0.97,6,se_st2,fit100,25,0.9461541118977809,1155.5440132838962,231.10880265677923,,False,-1,False,0.14,0.0
independent,0.97,6,sp_ucb_st2,fit365,25,0.9638326981610259,736.4512630240746,206.03577862969965,0.0,False,-1,,0.89,
independent,0.97,6,se_st2,fit365,25,0.9638326981610259,1155.5440132838962,231.10880265677923,,False,-1,False,0.14,0.0
independent,0.97,6,sp_ucb_st2,fit100_cons,25,0.9609487941978342,559.8085283149128,68.00557851450094,0.0,False,-1,,0.92,
independent,0.97,6,se_st2,fit100_cons,25,0.9609487941978342,1155.5440132838962,231.10880265677923,,False,-1,False,0.12,0.0
independent,0.97,6,sp_ucb_st2,phi_bias,25,0.9199999999999999,572.9232707933488,63.80140884105851,0.0,False,-1,,0.77,
independent,0.97,6,se_st2,phi_bias,25,0.9199999999999999,1155.5440132838962,231.10880265677923,,False,-1,False,0.12,0.0
independent,0.97,6,sp_ucb_st2,t3,25,0.97,671.4350324480421,169.8651167281494,0.0,False,-1,,0.82,
independent,0.97,6,se_st2,t3,25,0.97,1155.5440132838962,231.10880265677923,,False,-1,False,0.12,0.0
independent,,6,sp_ucb_st2,ar7_as_ar1,25,0.7801647756226544,1370.3314623367016,259.6571766756766,0.0,False,-1,,0.9,
independent,,6,se_st2,ar7_as_ar1,25,0.7801647756226544,1155.5440132838962,231.10880265677923,,False,-1,False,0.14,0.0
independent,0.5,7,sp_ucb_st2,known,25,0.5,428.61571008950887,80.23311558846609,0.0,False,-1,,0.83,
independent,0.5,7,se_st2,known,25,0.5,1170.6597186078411,234.1319437215682,,False,-1,False,0.12,0.0
independent,0.5,7,sp_ucb_st2,fit100,25,0.4695689535034334,532.2248963066602,90.83077182254223,0.0,False,-1,,0.84,
independent,0.5,7,se_st2,fit100,25,0.4695689535034334,1170.6597186078411,234.1319437215682,,False,-1,False,0.14,0.0
independent,0.5,7,sp_ucb_st2,fit365,25,0.49653873530756015,371.52707019818286,20.449110154881158,0.0,False,-1,,0.87,
independent,0.5,7,se_st2,fit365,25,0.49653873530756015,1170.6597186078411,234.1319437215682,,False,-1,False,0.13,0.0
independent,0.5,7,sp_ucb_st2,fit100_cons,25,0.5302391274542424,376.47098567050045,34.70294210917716,0.0,False,-1,,0.85,
independent,0.5,7,se_st2,fit100_cons,25,0.5302391274542424,1170.6597186078411,234.1319437215682,,False,-1,False,0.13,0.0
independent,0.5,7,sp_ucb_st2,phi_bias,25,0.45,267.9342904087658,20.9494605924493,0.0,False,-1,,0.8,
independent,0.5,7,se_st2,phi_bias,25,0.45,1170.6597186078411,234.1319437215682,,False,-1,False,0.13,0.0
independent,0.5,7,sp_ucb_st2,t3,25,0.5,305.34187996843445,87.96297936377115,0.0014,True,52,,0.91,
independent,0.5,7,se_st2,t3,25,0.5,1163.3067114206756,234.31395445411005,,True,25,False,0.11,0.0398
independent,0.9,7,sp_ucb_st2,known,25,0.9,571.3753876002777,32.713057285247324,0.0,False,-1,,0.8,
independent,0.9,7,se_st2,known,25,0.9,1170.6597186078411,234.1319437215682,,False,-1,False,0.13,0.0
independent,0.9,7,sp_ucb_st2,fit100,25,0.8729730018802876,486.37234148250485,170.82530523656172,0.0,False,-1,,0.87,
independent,0.9,7,se_st2,fit100,25,0.8729730018802876,1170.6597186078411,234.1319437215682,,False,-1,False,0.12,0.0
independent,0.9,7,sp_ucb_st2,fit365,25,0.898717306283203,451.98848908479243,66.2615918989902,0.0,False,-1,,0.87,
independent,0.9,7,se_st2,fit365,25,0.898717306283203,1170.6597186078411,234.1319437215682,,False,-1,False,0.13,0.0
independent,0.9,7,sp_ucb_st2,fit100_cons,25,0.8968108337480882,510.2092259929435,181.45920597588386,0.0,False,-1,,0.86,
independent,0.9,7,se_st2,fit100_cons,25,0.8968108337480882,1170.6597186078411,234.1319437215682,,False,-1,False,0.12,0.0
independent,0.9,7,sp_ucb_st2,phi_bias,25,0.85,311.5553835698573,39.13333593893766,0.0,False,-1,,0.83,
independent,0.9,7,se_st2,phi_bias,25,0.85,1170.6597186078411,234.1319437215682,,False,-1,False,0.12,0.0
independent,0.9,7,sp_ucb_st2,t3,25,0.9,489.69633209234314,134.69571615670077,0.9948,True,26,,0.85,
independent,0.9,7,se_st2,t3,25,0.9,1170.6597186078411,234.13194372156818,,True,25,False,0.12,0.008
independent,0.97,7,sp_ucb_st2,known,25,0.97,387.62462627644425,56.148330281757765,0.0,False,-1,,0.82,
independent,0.97,7,se_st2,known,25,0.97,1170.6597186078411,234.1319437215682,,False,-1,False,0.13,0.0
independent,0.97,7,sp_ucb_st2,fit100,25,0.9330744278201271,189.01219232291942,31.24891781454869,0.0,False,-1,,0.83,
independent,0.97,7,se_st2,fit100,25,0.9330744278201271,1170.6597186078411,234.1319437215682,,True,50,False,0.15,0.004
independent,0.97,7,sp_ucb_st2,fit365,25,0.9652879665797834,959.9391779965046,230.53538472440803,0.0,False,-1,,0.81,
independent,0.97,7,se_st2,fit365,25,0.9652879665797834,1170.6597186078411,234.1319437215682,,False,-1,False,0.12,0.0
independent,0.97,7,sp_ucb_st2,fit100_cons,25,0.9527177171956891,409.676531985397,67.53021450629326,0.0,False,-1,,0.97,
independent,0.97,7,se_st2,fit100_cons,25,0.9527177171956891,1170.6597186078411,234.1319437215682,,False,-1,False,0.12,0.0
independent,0.97,7,sp_ucb_st2,phi_bias,25,0.9199999999999999,355.8796127774897,81.51613209947256,0.0,False,-1,,0.84,
independent,0.97,7,se_st2,phi_bias,25,0.9199999999999999,1170.6597186078411,234.1319437215682,,False,-1,False,0.14,0.0
independent,0.97,7,sp_ucb_st2,t3,25,0.97,715.4186055074294,158.78995479415522,0.9948,True,26,,0.83,
independent,0.97,7,se_st2,t3,25,0.97,1170.6597186078411,234.13194372156818,,True,25,False,0.13,0.004
independent,,7,sp_ucb_st2,ar7_as_ar1,25,0.7810724311711422,158.30258010497477,24.64240187375317,0.0,False,-1,,0.86,
independent,,7,se_st2,ar7_as_ar1,25,0.7810724311711422,433.48816574045287,31.945877688504567,,True,50,False,0.16,0.0396
independent,0.5,8,sp_ucb_st2,known,25,0.5,375.6389441233595,29.49447047805963,0.0,False,-1,,0.84,
independent,0.5,8,se_st2,known,25,0.5,1156.9935069014205,231.39870138028408,,False,-1,False,0.13,0.0
independent,0.5,8,sp_ucb_st2,fit100,25,0.42339903867877754,299.75549741874477,16.001873377017773,0.0,False,-1,,0.84,
independent,0.5,8,se_st2,fit100,25,0.42339903867877754,1156.9935069014205,231.39870138028408,,False,-1,False,0.13,0.0
independent,0.5,8,sp_ucb_st2,fit365,25,0.46343895375584576,348.34067453348376,58.38259983785332,0.0,False,-1,,0.83,
independent,0.5,8,se_st2,fit365,25,0.46343895375584576,1156.9935069014205,231.39870138028408,,False,-1,False,0.14,0.0
independent,0.5,8,sp_ucb_st2,fit100_cons,25,0.5199057857935638,381.64601059563444,22.477941234925193,0.0,False,-1,,0.82,
independent,0.5,8,se_st2,fit100_cons,25,0.5199057857935638,1156.9935069014205,231.39870138028408,,False,-1,False,0.13,0.0
independent,0.5,8,sp_ucb_st2,phi_bias,25,0.45,338.4976072250062,39.5878244731987,0.0,False,-1,,0.83,
independent,0.5,8,se_st2,phi_bias,25,0.45,1156.9935069014205,231.39870138028408,,False,-1,False,0.12,0.0
independent,0.5,8,sp_ucb_st2,t3,25,0.5,260.97518263083583,9.972567618943678,0.0,False,-1,,0.82,
independent,0.5,8,se_st2,t3,25,0.5,1156.9935069014205,231.39870138028408,,False,-1,False,0.11,0.0
independent,0.9,8,sp_ucb_st2,known,25,0.9,546.2759034433382,29.8140477071585,0.0,False,-1,,0.86,
independent,0.9,8,se_st2,known,25,0.9,1156.9935069014205,231.39870138028408,,False,-1,False,0.14,0.0
independent,0.9,8,sp_ucb_st2,fit100,25,0.853137203158215,696.1556253393454,32.91043450305717,0.0,False,-1,,0.9,
independent,0.9,8,se_st2,fit100,25,0.853137203158215,1156.9935069014205,231.39870138028408,,False,-1,False,0.14,0.0
independent,0.9,8,sp_ucb_st2,fit365,25,0.8805203733785846,613.184659912188,127.0973405129306,0.0,False,-1,,0.89,
independent,0.9,8,se_st2,fit365,25,0.8805203733785846,1156.9935069014205,231.39870138028408,,False,-1,False,0.11,0.0
independent,0.9,8,sp_ucb_st2,fit100_cons,25,0.8814969487862099,344.4908866040909,47.84177558862112,0.0,False,-1,,0.88,
independent,0.9,8,se_st2,fit100_cons,25,0.8814969487862099,1156.9935069014205,231.39870138028408,,False,-1,False,0.12,0.0
independent,0.9,8,sp_ucb_st2,phi_bias,25,0.85,440.7100642947708,34.11651460196961,0.0,False,-1,,0.84,
independent,0.9,8,se_st2,phi_bias,25,0.85,1156.9935069014205,231.39870138028408,,False,-1,False,0.13,0.0
independent,0.9,8,sp_ucb_st2,t3,25,0.9,482.7128583951379,12.780374021844942,0.0,False,-1,,0.89,
independent,0.9,8,se_st2,t3,25,0.9,1156.9935069014205,231.39870138028408,,False,-1,False,0.13,0.0
independent,0.97,8,sp_ucb_st2,known,25,0.97,591.8316563746046,136.12501610670955,0.0,False,-1,,0.85,
independent,0.97,8,se_st2,known,25,0.97,1156.9935069014205,231.39870138028408,,False,-1,False,0.16,0.0
independent,0.97,8,sp_ucb_st2,fit100,25,0.9288621752939693,925.884812463485,31.233309399280408,0.0,False,-1,,0.85,
independent,0.97,8,se_st2,fit100,25,0.9288621752939693,1140.3978440346384,227.12374496366158,,False,-1,False,0.11,0.0
independent,0.97,8,sp_ucb_st2,fit365,25,0.957584464244475,562.7761674369272,72.1295844261273,0.0,False,-1,,0.9,
independent,0.97,8,se_st2,fit365,25,0.957584464244475,1156.9935069014205,231.39870138028408,,False,-1,False,0.13,0.0
independent,0.97,8,sp_ucb_st2,fit100_cons,25,0.9497617472579992,905.8513926544147,30.917708399673007,0.0,False,-1,,0.84,
independent,0.97,8,se_st2,fit100_cons,25,0.9497617472579992,1156.9935069014205,231.39870138028408,,False,-1,False,0.12,0.0
independent,0.97,8,sp_ucb_st2,phi_bias,25,0.9199999999999999,378.20951054641426,96.55194736193519,0.0,False,-1,,0.83,
independent,0.97,8,se_st2,phi_bias,25,0.9199999999999999,1156.9935069014205,231.39870138028408,,False,-1,False,0.12,0.0
independent,0.97,8,sp_ucb_st2,t3,25,0.97,1150.9494580153346,249.99270674292407,0.0,False,-1,,0.81,
independent,0.97,8,se_st2,t3,25,0.97,1156.9935069014205,231.39870138028408,,False,-1,False,0.15,0.0
independent,,8,sp_ucb_st2,ar7_as_ar1,25,0.7497765134142058,631.0813709944958,46.39155257575343,0.0,False,-1,,0.89,
independent,,8,se_st2,ar7_as_ar1,25,0.7497765134142058,970.1645566818239,156.46513152856087,,False,-1,False,0.15,0.0
independent,0.5,9,sp_ucb_st2,known,25,0.5,614.1311904043532,88.06184897576944,0.0,False,-1,,0.83,
independent,0.5,9,se_st2,known,25,0.5,1184.5866510523958,236.91733021047915,,False,-1,False,0.13,0.0
independent,0.5,9,sp_ucb_st2,fit100,25,0.5143213687840139,611.3965666710338,96.38307368095312,0.0,False,-1,,0.81,
independent,0.5,9,se_st2,fit100,25,0.5143213687840139,1184.5866510523958,236.91733021047915,,False,-1,False,0.15,0.0
independent,0.5,9,sp_ucb_st2,fit365,25,0.5016742558304859,451.2388149709504,52.96740108937049,0.0,False,-1,,0.81,
independent,0.5,9,se_st2,fit365,25,0.5016742558304859,1184.5866510523958,236.91733021047915,,False,-1,False,0.14,0.0
independent,0.5,9,sp_ucb_st2,fit100_cons,25,0.5897798692637608,882.0883297512424,57.353554855404774,0.0,False,-1,,0.87,
independent,0.5,9,se_st2,fit100_cons,25,0.5897798692637608,1184.5866510523958,236.91733021047915,,False,-1,False,0.13,0.0
independent,0.5,9,sp_ucb_st2,phi_bias,25,0.45,541.3322351355506,32.9508356806203,0.0,False,-1,,0.75,
independent,0.5,9,se_st2,phi_bias,25,0.45,1184.5866510523958,236.91733021047915,,False,-1,False,0.09,0.0
independent,0.5,9,sp_ucb_st2,t3,25,0.5,424.2402724656043,46.27513712657829,0.0,False,-1,,0.82,
independent,0.5,9,se_st2,t3,25,0.5,1184.5866510523956,236.91733021047918,,False,-1,False,0.17,0.0
independent,0.9,9,sp_ucb_st2,known,25,0.9,1023.7276208614516,193.9386054744885,0.0,False,-1,,0.85,
independent,0.9,9,se_st2,known,25,0.9,1184.5866510523958,236.91733021047915,,False,-1,False,0.12,0.0
independent,0.9,9,sp_ucb_st2,fit100,25,0.8765307612944454,822.7873956126602,204.80174635340046,0.0,False,-1,,0.88,
independent,0.9,9,se_st2,fit100,25,0.8765307612944454,1184.5866510523958,236.91733021047915,,False,-1,False,0.13,0.0
independent,0.9,9,sp_ucb_st2,fit365,25,0.8862608328600354,822.7087303874456,98.23033040094651,0.0,False,-1,,0.84,
independent,0.9,9,se_st2,fit365,25,0.8862608328600354,1184.5866510523958,236.91733021047915,,False,-1,False,0.12,0.0
independent,0.9,9,sp_ucb_st2,fit100_cons,25,0.892504703059728,1141.5332498779528,166.1581609890357,0.0,False,-1,,0.85,
independent,0.9,9,se_st2,fit100_cons,25,0.892504703059728,1184.5866510523958,236.91733021047915,,False,-1,False,0.14,0.0
independent,0.9,9,sp_ucb_st2,phi_bias,25,0.85,788.2091772730494,101.1866014764938,0.0,False,-1,,0.88,
independent,0.9,9,se_st2,phi_bias,25,0.85,1184.5866510523958,236.91733021047915,,False,-1,False,0.13,0.0
independent,0.9,9,sp_ucb_st2,t3,25,0.9,731.1294762693823,48.78700303985564,0.0,False,-1,,0.82,
independent,0.9,9,se_st2,t3,25,0.9,1184.5866510523956,236.91733021047918,,False,-1,False,0.12,0.0
independent,0.97,9,sp_ucb_st2,known,25,0.97,662.9163075202866,75.78091769451967,0.0,False,-1,,0.9,
independent,0.97,9,se_st2,known,25,0.97,1184.5866510523958,236.91733021047915,,False,-1,False,0.12,0.0
independent,0.97,9,sp_ucb_st2,fit100,25,0.9275224241045357,701.4641543056172,12.107827462749224,0.0,False,-1,,0.88,
independent,0.97,9,se_st2,fit100,25,0.9275224241045357,1184.5866510523958,236.91733021047915,,False,-1,False,0.12,0.0
independent,0.97,9,sp_ucb_st2,fit365,25,0.9573756085029741,570.3496114909778,129.19821939253438,0.0,False,-1,,0.85,
independent,0.97,9,se_st2,fit365,25,0.9573756085029741,1184.5866510523958,236.91733021047915,,False,-1,False,0.13,0.0
independent,0.97,9,sp_ucb_st2,fit100_cons,25,0.9396329261435501,1263.825812036391,247.4657848916761,0.0,False,-1,,0.84,
independent,0.97,9,se_st2,fit100_cons,25,0.9396329261435501,1184.5866510523958,236.91733021047915,,False,-1,False,0.13,0.0
independent,0.97,9,sp_ucb_st2,phi_bias,25,0.9199999999999999,1139.4931076409932,79.60247248350733,0.0,False,-1,,0.86,
independent,0.97,9,se_st2,phi_bias,25,0.9199999999999999,1184.5866510523958,236.91733021047915,,False,-1,False,0.13,0.0
independent,0.97,9,sp_ucb_st2,t3,25,0.97,790.4731398947407,98.10205467658182,0.0,False,-1,,0.85,
independent,0.97,9,se_st2,t3,25,0.97,1184.5866510523956,236.91733021047918,,False,-1,False,0.11,0.0
independent,,9,sp_ucb_st2,ar7_as_ar1,25,0.7379371586108745,1053.3229617631246,195.57199985928892,0.0,False,-1,,0.8,
independent,,9,se_st2,ar7_as_ar1,25,0.7379371586108745,1184.5866510523958,236.91733021047915,,False,-1,False,0.15,0.0
independent,0.5,10,sp_ucb_st2,known,25,0.5,478.61278392293497,2.982202795958261,0.0,False,-1,,0.8,
independent,0.5,10,se_st2,known,25,0.5,1175.29658468306,235.05931693661194,,False,-1,False,0.12,0.0
independent,0.5,10,sp_ucb_st2,fit100,25,0.42340299180815594,464.6087214892741,5.255258595917162,0.0,False,-1,,0.95,
independent,0.5,10,se_st2,fit100,25,0.42340299180815594,1175.29658468306,235.05931693661194,,False,-1,False,0.12,0.0
independent,0.5,10,sp_ucb_st2,fit365,25,0.4658027266928411,542.8900730442546,0.0,0.0,False,-1,,0.82,
independent,0.5,10,se_st2,fit365,25,0.4658027266928411,1175.29658468306,235.05931693661194,,False,-1,False,0.13,0.0
independent,0.5,10,sp_ucb_st2,fit100_cons,25,0.5021214954962714,599.7570914595544,27.869367321194645,0.0,False,-1,,0.81,
independent,0.5,10,se_st2,fit100_cons,25,0.5021214954962714,1175.29658468306,235.05931693661194,,False,-1,False,0.13,0.0
independent,0.5,10,sp_ucb_st2,phi_bias,25,0.45,357.0260512129579,15.858952023385537,0.0,False,-1,,0.78,
independent,0.5,10,se_st2,phi_bias,25,0.45,1175.29658468306,235.05931693661194,,False,-1,False,0.12,0.0
independent,0.5,10,sp_ucb_st2,t3,25,0.5,371.19169147846753,48.43586270446559,0.0,False,-1,,0.79,
independent,0.5,10,se_st2,t3,25,0.5,1175.2965846830598,235.059316936612,,False,-1,False,0.11,0.0
independent,0.9,10,sp_ucb_st2,known,25,0.9,631.346466899699,38.23440599979239,0.0,False,-1,,0.88,
independent,0.9,10,se_st2,known,25,0.9,1175.29658468306,235.05931693661194,,False,-1,False,0.12,0.0
independent,0.9,10,sp_ucb_st2,fit100,25,0.8596775373437635,814.8043591577143,135.25478183259366,0.0,False,-1,,0.82,
independent,0.9,10,se_st2,fit100,25,0.8596775373437635,1175.29658468306,235.05931693661194,,False,-1,False,0.15,0.0
independent,0.9,10,sp_ucb_st2,fit365,25,0.8813921589544856,387.22025741870993,0.0,0.0,False,-1,,0.85,
independent,0.9,10,se_st2,fit365,25,0.8813921589544856,1175.29658468306,235.05931693661194,,False,-1,False,0.13,0.0
independent,0.9,10,sp_ucb_st2,fit100_cons,25,0.8804030596241892,722.9061041176151,26.858135289190873,0.0,False,-1,,0.82,
independent,0.9,10,se_st2,fit100_cons,25,0.8804030596241892,1175.29658468306,235.05931693661194,,False,-1,False,0.12,0.0
independent,0.9,10,sp_ucb_st2,phi_bias,25,0.85,486.769447079429,39.135683185028206,0.0,False,-1,,0.83,
independent,0.9,10,se_st2,phi_bias,25,0.85,1175.29658468306,235.05931693661194,,False,-1,False,0.13,0.0
independent,0.9,10,sp_ucb_st2,t3,25,0.9,1025.1021263532994,60.22775082866298,0.0,False,-1,,0.82,
independent,0.9,10,se_st2,t3,25,0.9,1175.2965846830598,235.059316936612,,False,-1,False,0.13,0.0
independent,0.97,10,sp_ucb_st2,known,25,0.97,1105.466772137897,241.3673009441884,0.0,False,-1,,0.86,
independent,0.97,10,se_st2,known,25,0.97,1175.29658468306,235.05931693661194,,False,-1,False,0.14,0.0
independent,0.97,10,sp_ucb_st2,fit100,25,0.9299158000546442,966.7037197457214,45.808995540593195,0.0,False,-1,,0.85,
independent,0.97,10,se_st2,fit100,25,0.9299158000546442,1175.29658468306,235.05931693661194,,False,-1,False,0.12,0.0
independent,0.97,10,sp_ucb_st2,fit365,25,0.9564636535483323,675.5038924924295,1.817667834291428,0.0,False,-1,,0.93,
independent,0.97,10,se_st2,fit365,25,0.9564636535483323,1175.29658468306,235.05931693661194,,False,-1,False,0.12,0.0
independent,0.97,10,sp_ucb_st2,fit100_cons,25,0.9489931181710733,1242.0824198721248,249.57080199117277,0.0,False,-1,,0.82,
independent,0.97,10,se_st2,fit100_cons,25,0.9489931181710733,1175.29658468306,235.05931693661194,,False,-1,False,0.12,0.0
independent,0.97,10,sp_ucb_st2,phi_bias,25,0.9199999999999999,683.1083840697727,115.526326433393,0.0,False,-1,,0.85,
independent,0.97,10,se_st2,phi_bias,25,0.9199999999999999,1175.29658468306,235.05931693661194,,False,-1,False,0.14,0.0
independent,0.97,10,sp_ucb_st2,t3,25,0.97,1076.0251067203787,219.4794471054199,0.0,False,-1,,0.85,
independent,0.97,10,se_st2,t3,25,0.97,1175.2965846830598,235.059316936612,,False,-1,False,0.13,0.0
independent,,10,sp_ucb_st2,ar7_as_ar1,25,0.7452810882295112,306.5346489167316,40.2035439360928,0.0,False,-1,,0.93,
independent,,10,se_st2,ar7_as_ar1,25,0.7452810882295112,1037.6225978827467,138.08325447693272,,False,-1,False,0.17,0.0
independent,0.5,11,sp_ucb_st2,known,25,0.5,404.13330891732437,95.28780015307652,0.0,False,-1,,0.84,
independent,0.5,11,se_st2,known,25,0.5,1143.2396246888884,228.64792493777765,,False,-1,False,0.17,0.0
independent,0.5,11,sp_ucb_st2,fit100,25,0.48676290011112344,471.70377050743235,24.924113430207406,0.0,False,-1,,0.83,
independent,0.5,11,se_st2,fit100,25,0.48676290011112344,1143.2396246888884,228.64792493777765,,False,-1,False,0.12,0.0
independent,0.5,11,sp_ucb_st2,fit365,25,0.4987680432825355,385.09090023003404,29.268699301454976,0.0,False,-1,,0.86,
independent,0.5,11,se_st2,fit365,25,0.4987680432825355,1143.2396246888884,228.64792493777765,,False,-1,False,0.17,0.0
independent,0.5,11,sp_ucb_st2,fit100_cons,25,0.5746056086836295,399.10668025595027,28.378713270753494,0.0,False,-1,,0.84,
independent,0.5,11,se_st2,fit100_cons,25,0.5746056086836295,1143.2396246888884,228.64792493777765,,False,-1,False,0.15,0.0
independent,0.5,11,sp_ucb_st2,phi_bias,25,0.45,346.52103819314203,27.674394709006737,0.0,False,-1,,0.86,
independent,0.5,11,se_st2,phi_bias,25,0.45,1143.2396246888884,228.64792493777765,,False,-1,False,0.12,0.0
independent,0.5,11,sp_ucb_st2,t3,25,0.5,413.8062244198197,117.59075507185179,0.0,False,-1,,0.86,
independent,0.5,11,se_st2,t3,25,0.5,1143.2396246888882,228.64792493777765,,False,-1,False,0.13,0.0
independent,0.9,11,sp_ucb_st2,known,25,0.9,911.8565213275903,83.32757047882606,0.0,False,-1,,0.89,
independent,0.9,11,se_st2,known,25,0.9,1143.2396246888884,228.64792493777765,,False,-1,False,0.15,0.0
independent,0.9,11,sp_ucb_st2,fit100,25,0.8905564958872405,798.9693583161375,121.98634559976006,0.0,False,-1,,0.9,
independent,0.9,11,se_st2,fit100,25,0.8905564958872405,1143.2396246888884,228.64792493777765,,False,-1,False,0.16,0.0
independent,0.9,11,sp_ucb_st2,fit365,25,0.9014711844697978,495.97763771482147,55.79289667882101,0.0,False,-1,,0.83,
independent,0.9,11,se_st2,fit365,25,0.9014711844697978,1143.2396246888884,228.64792493777765,,False,-1,False,0.14,0.0
independent,0.9,11,sp_ucb_st2,fit100_cons,25,0.917670803177729,518.0578187682886,69.19719173242044,0.0,False,-1,,0.81,
independent,0.9,11,se_st2,fit100_cons,25,0.917670803177729,1143.2396246888884,228.64792493777765,,False,-1,False,0.12,0.0
independent,0.9,11,sp_ucb_st2,phi_bias,25,0.85,832.3744576657475,141.99635228708976,0.0,False,-1,,0.86,
independent,0.9,11,se_st2,phi_bias,25,0.85,1143.2396246888884,228.64792493777765,,False,-1,False,0.13,0.0
independent,0.9,11,sp_ucb_st2,t3,25,0.9,946.8802326149566,102.61800213492464,0.0,False,-1,,0.86,
independent,0.9,11,se_st2,t3,25,0.9,1143.2396246888882,228.64792493777765,,False,-1,False,0.13,0.0
independent,0.97,11,sp_ucb_st2,known,25,0.97,858.6390889363979,46.98214768634795,0.0,False,-1,,0.83,
independent,0.97,11,se_st2,known,25,0.97,1143.2396246888884,228.64792493777765,,False,-1,False,0.1,0.0
independent,0.97,11,sp_ucb_st2,fit100,25,0.9467342445600352,709.087621700204,19.422462413724688,0.0,False,-1,,0.83,
independent,0.97,11,se_st2,fit100,25,0.9467342445600352,1143.2396246888884,228.64792493777765,,False,-1,False,0.13,0.0
independent,0.97,11,sp_ucb_st2,fit365,25,0.967186825477501,1189.317426495003,222.5067090556275,0.0,False,-1,,0.83,
independent,0.97,11,se_st2,fit365,25,0.967186825477501,1143.2396246888884,228.64792493777765,,False,-1,False,0.15,0.0
independent,0.97,11,sp_ucb_st2,fit100_cons,25,0.9631572951251232,362.72702465217344,11.131221364244613,0.0,False,-1,,0.87,
independent,0.97,11,se_st2,fit100_cons,25,0.9631572951251232,1143.2396246888884,228.64792493777765,,False,-1,False,0.12,0.0
independent,0.97,11,sp_ucb_st2,phi_bias,25,0.9199999999999999,989.6121959382201,48.47769902156151,0.0,False,-1,,0.84,
independent,0.97,11,se_st2,phi_bias,25,0.9199999999999999,1143.2396246888884,228.64792493777765,,False,-1,False,0.13,0.0
independent,0.97,11,sp_ucb_st2,t3,25,0.97,468.62080319862025,19.536631662689455,0.0,False,-1,,0.89,
independent,0.97,11,se_st2,t3,25,0.97,1143.2396246888882,228.64792493777765,,False,-1,False,0.13,0.0
independent,,11,sp_ucb_st2,ar7_as_ar1,25,0.8030716857027558,224.06858492069853,20.95569385683352,0.0,False,-1,,0.86,
independent,,11,se_st2,ar7_as_ar1,25,0.8030716857027558,1143.2396246888884,228.64792493777765,,False,-1,False,0.16,0.0
independent,0.5,12,sp_ucb_st2,known,25,0.5,673.4423779247065,113.74176849457962,0.0,False,-1,,0.85,
independent,0.5,12,se_st2,known,25,0.5,1205.9252258543593,241.18504517087183,,False,-1,False,0.12,0.0
independent,0.5,12,sp_ucb_st2,fit100,25,0.46204205417021277,693.575856820506,126.64052712120227,0.0,False,-1,,0.92,
independent,0.5,12,se_st2,fit100,25,0.46204205417021277,1205.9252258543593,241.18504517087183,,False,-1,False,0.14,0.0
independent,0.5,12,sp_ucb_st2,fit365,25,0.49089893715731714,833.8326196768818,125.92879020843728,0.0,False,-1,,0.91,
independent,0.5,12,se_st2,fit365,25,0.49089893715731714,1205.9252258543593,241.18504517087183,,False,-1,False,0.14,0.0
independent,0.5,12,sp_ucb_st2,fit100_cons,25,0.5229033074534726,864.2259474815033,116.43731784633933,0.0,False,-1,,0.93,
independent,0.5,12,se_st2,fit100_cons,25,0.5229033074534726,1205.9252258543593,241.18504517087183,,False,-1,False,0.13,0.0
independent,0.5,12,sp_ucb_st2,phi_bias,25,0.45,626.5918634093366,74.49273611977564,0.0,False,-1,,0.77,
independent,0.5,12,se_st2,phi_bias,25,0.45,1205.9252258543593,241.18504517087183,,False,-1,False,0.14,0.0
independent,0.5,12,sp_ucb_st2,t3,25,0.5,534.3273913306855,70.89036915911934,0.0,False,-1,,0.83,
independent,0.5,12,se_st2,t3,25,0.5,1205.9252258543593,241.18504517087183,,False,-1,False,0.13,0.0
independent,0.9,12,sp_ucb_st2,known,25,0.9,855.4003762993325,134.82145600509926,0.0,False,-1,,0.87,
independent,0.9,12,se_st2,known,25,0.9,1205.9252258543593,241.18504517087183,,False,-1,False,0.15,0.0
independent,0.9,12,sp_ucb_st2,fit100,25,0.8590149644121176,921.9560908323169,236.38678858228158,0.0,False,-1,,0.87,
independent,0.9,12,se_st2,fit100,25,0.8590149644121176,1205.9252258543593,241.18504517087183,,False,-1,False,0.11,0.0
independent,0.9,12,sp_ucb_st2,fit365,25,0.8837219886565988,729.6479978134423,94.26636595266346,0.0,False,-1,,0.85,
independent,0.9,12,se_st2,fit365,25,0.8837219886565988,1205.9252258543593,241.18504517087183,,False,-1,False,0.11,0.0
independent,0.9,12,sp_ucb_st2,fit100_cons,25,0.8839763037983001,939.7590041599973,150.40587750843912,0.0,False,-1,,0.85,
independent,0.9,12,se_st2,fit100_cons,25,0.8839763037983001,1205.9252258543593,241.18504517087183,,False,-1,False,0.12,0.0
independent,0.9,12,sp_ucb_st2,phi_bias,25,0.85,875.3186590838229,78.17399689827195,0.0,False,-1,,0.84,
independent,0.9,12,se_st2,phi_bias,25,0.85,1205.9252258543593,241.18504517087183,,False,-1,False,0.12,0.0
independent,0.9,12,sp_ucb_st2,t3,25,0.9,680.4464818613691,108.10309193567291,0.0004,True,851,,0.84,
independent,0.9,12,se_st2,t3,25,0.9,1205.9252258543593,241.18504517087183,,False,-1,False,0.12,0.0
independent,0.97,12,sp_ucb_st2,known,25,0.97,734.1938687435184,69.88266039849333,0.0,False,-1,,0.85,
independent,0.97,12,se_st2,known,25,0.97,1205.9252258543593,241.18504517087183,,False,-1,False,0.14,0.0
independent,0.97,12,sp_ucb_st2,fit100,25,0.9323972359723697,937.7376794796248,157.9423423562204,0.0,False,-1,,0.87,
independent,0.97,12,se_st2,fit100,25,0.9323972359723697,1205.9252258543593,241.18504517087183,,True,100,False,0.15,0.0078
independent,0.97,12,sp_ucb_st2,fit365,25,0.9614481304381765,723.6426530809895,148.24147239108356,0.0,False,-1,,0.82,
independent,0.97,12,se_st2,fit365,25,0.9614481304381765,1205.9252258543593,241.18504517087183,,False,-1,False,0.13,0.0
independent,0.97,12,sp_ucb_st2,fit100_cons,25,0.9514691608007103,1107.7931730512955,244.5639120720708,0.0,False,-1,,0.81,
independent,0.97,12,se_st2,fit100_cons,25,0.9514691608007103,1205.9252258543593,241.18504517087183,,True,2025,False,0.12,0.004
independent,0.97,12,sp_ucb_st2,phi_bias,25,0.9199999999999999,839.6699816879168,100.93063315252797,0.0,False,-1,,0.85,
independent,0.97,12,se_st2,phi_bias,25,0.9199999999999999,1205.9252258543593,241.18504517087183,,False,-1,False,0.12,0.0
independent,0.97,12,sp_ucb_st2,t3,25,0.97,754.4214640161749,242.89843724470225,0.0,False,-1,,0.79,
independent,0.97,12,se_st2,t3,25,0.97,1205.9252258543593,241.18504517087183,,False,-1,False,0.13,0.0
independent,,12,sp_ucb_st2,ar7_as_ar1,25,0.7815892824442839,871.0986555569293,183.03998005203908,0.0,False,-1,,0.85,
independent,,12,se_st2,ar7_as_ar1,25,0.7815892824442839,1185.6593215411397,232.63314154396397,,True,75,False,0.17,0.0394
independent,0.5,13,sp_ucb_st2,known,25,0.5,629.6754792136499,78.78633801399249,0.0,False,-1,,0.83,
independent,0.5,13,se_st2,known,25,0.5,1222.882343221107,244.5764686442214,,False,-1,False,0.14,0.0
independent,0.5,13,sp_ucb_st2,fit100,25,0.4517883497330109,567.6843114470153,58.57399634467113,0.0,False,-1,,0.8,
independent,0.5,13,se_st2,fit100,25,0.4517883497330109,1222.882343221107,244.5764686442214,,False,-1,False,0.14,0.0
independent,0.5,13,sp_ucb_st2,fit365,25,0.4871770356736931,589.3758352028792,78.05752737190605,0.0,False,-1,,0.84,
independent,0.5,13,se_st2,fit365,25,0.4871770356736931,1222.882343221107,244.5764686442214,,False,-1,False,0.13,0.0
independent,0.5,13,sp_ucb_st2,fit100_cons,25,0.5434207077877804,532.0125889010127,26.702250344669643,0.0,False,-1,,0.89,
independent,0.5,13,se_st2,fit100_cons,25,0.5434207077877804,1222.882343221107,244.5764686442214,,False,-1,False,0.12,0.0
independent,0.5,13,sp_ucb_st2,phi_bias,25,0.45,730.8856436185208,17.617788466263022,0.0,False,-1,,0.88,
independent,0.5,13,se_st2,phi_bias,25,0.45,1222.882343221107,244.5764686442214,,False,-1,False,0.15,0.0
independent,0.5,13,sp_ucb_st2,t3,25,0.5,473.24028748978645,17.183814798377085,0.0,False,-1,,0.82,
independent,0.5,13,se_st2,t3,25,0.5,1222.882343221107,244.57646864422145,,True,200,False,0.13,0.004
independent,0.9,13,sp_ucb_st2,known,25,0.9,718.0669970331147,121.07740761162219,0.0,False,-1,,0.86,
independent,0.9,13,se_st2,known,25,0.9,1222.882343221107,244.5764686442214,,False,-1,False,0.14,0.0
independent,0.9,13,sp_ucb_st2,fit100,25,0.8623986396063148,604.3791704084858,27.097511264158612,0.0,False,-1,,0.86,
independent,0.9,13,se_st2,fit100,25,0.8623986396063148,1222.882343221107,244.5764686442214,,False,-1,False,0.11,0.0
independent,0.9,13,sp_ucb_st2,fit365,25,0.884084652121617,518.661959552476,15.008736719472608,0.0,False,-1,,0.79,
independent,0.9,13,se_st2,fit365,25,0.884084652121617,1222.882343221107,244.5764686442214,,False,-1,False,0.12,0.0
independent,0.9,13,sp_ucb_st2,fit100_cons,25,0.8919081555949588,796.681209252424,140.1752599846524,0.0,False,-1,,0.85,
independent,0.9,13,se_st2,fit100_cons,25,0.8919081555949588,1222.882343221107,244.5764686442214,,False,-1,False,0.12,0.0
independent,0.9,13,sp_ucb_st2,phi_bias,25,0.85,570.8524266644504,20.109520567463335,0.0,False,-1,,0.85,
independent,0.9,13,se_st2,phi_bias,25,0.85,1222.882343221107,244.5764686442214,,False,-1,False,0.13,0.0
independent,0.9,13,sp_ucb_st2,t3,25,0.9,769.318505127259,31.107620244717374,0.0,False,-1,,0.88,
independent,0.9,13,se_st2,t3,25,0.9,1222.882343221107,244.57646864422145,,False,-1,False,0.13,0.0
independent,0.97,13,sp_ucb_st2,known,25,0.97,681.2014086593431,151.33862347598472,0.0,False,-1,,0.82,
independent,0.97,13,se_st2,known,25,0.97,1222.882343221107,244.5764686442214,,False,-1,False,0.13,0.0
independent,0.97,13,sp_ucb_st2,fit100,25,0.9351104322698556,843.5938033666947,213.47318607842652,0.6602,True,1699,,0.85,
independent,0.97,13,se_st2,fit100,25,0.9351104322698556,1222.882343221107,244.5764686442214,,False,-1,False,0.13,0.0
independent,0.97,13,sp_ucb_st2,fit365,25,0.9579369554868599,758.3431797734245,4.344663118108665,0.0,False,-1,,0.85,
independent,0.97,13,se_st2,fit365,25,0.9579369554868599,1222.882343221107,244.5764686442214,,False,-1,False,0.13,0.0
independent,0.97,13,sp_ucb_st2,fit100_cons,25,0.9569835538056858,393.9328180054604,4.232961789518533,0.0,False,-1,,0.86,
independent,0.97,13,se_st2,fit100_cons,25,0.9569835538056858,1222.882343221107,244.5764686442214,,False,-1,False,0.15,0.0
independent,0.97,13,sp_ucb_st2,phi_bias,25,0.9199999999999999,641.9137739666602,22.731496492401874,0.0,False,-1,,0.87,
independent,0.97,13,se_st2,phi_bias,25,0.9199999999999999,1222.882343221107,244.5764686442214,,False,-1,False,0.13,0.0
independent,0.97,13,sp_ucb_st2,t3,25,0.97,696.8775043121169,40.11067825784924,0.0,False,-1,,0.85,
independent,0.97,13,se_st2,t3,25,0.97,1222.882343221107,244.57646864422145,,False,-1,False,0.13,0.0
independent,,13,sp_ucb_st2,ar7_as_ar1,25,0.7590479519515372,364.35788079159926,12.275059465943942,0.0,False,-1,,0.87,
independent,,13,se_st2,ar7_as_ar1,25,0.7590479519515372,1200.0976004492748,223.4155028748412,,True,2125,False,0.16,0.004
independent,0.5,14,sp_ucb_st2,known,25,0.5,467.05794305425377,77.34274663320289,0.0,False,-1,,0.84,
independent,0.5,14,se_st2,known,25,0.5,1118.5648907479972,223.71297814959948,,False,-1,False,0.13,0.0
independent,0.5,14,sp_ucb_st2,fit100,25,0.4600348674416678,432.008273073512,36.415319624760215,0.0,False,-1,,0.86,
independent,0.5,14,se_st2,fit100,25,0.4600348674416678,1118.5648907479972,223.71297814959948,,False,-1,False,0.15,0.0
independent,0.5,14,sp_ucb_st2,fit365,25,0.5268033498835941,409.2100895887353,67.84213764108608,0.0,False,-1,,0.86,
independent,0.5,14,se_st2,fit365,25,0.5268033498835941,1118.5648907479972,223.71297814959948,,False,-1,False,0.14,0.0
independent,0.5,14,sp_ucb_st2,fit100_cons,25,0.5321547972186794,484.83327156014775,75.23977921966079,0.0,False,-1,,0.85,
independent,0.5,14,se_st2,fit100_cons,25,0.5321547972186794,1118.5648907479972,223.71297814959948,,False,-1,False,0.12,0.0
independent,0.5,14,sp_ucb_st2,phi_bias,25,0.45,475.3243326978452,31.39525898017457,0.0,False,-1,,0.88,
independent,0.5,14,se_st2,phi_bias,25,0.45,1118.5648907479972,223.71297814959948,,False,-1,False,0.14,0.0
independent,0.5,14,sp_ucb_st2,t3,25,0.5,523.2954894341727,67.51958245760517,0.0,False,-1,,0.88,
independent,0.5,14,se_st2,t3,25,0.5,1118.5648907479977,223.71297814959948,,False,-1,False,0.14,0.0
independent,0.9,14,sp_ucb_st2,known,25,0.9,873.0315978541202,33.34189887077124,0.0,False,-1,,0.89,
independent,0.9,14,se_st2,known,25,0.9,1118.5648907479972,223.71297814959948,,False,-1,False,0.13,0.0
independent,0.9,14,sp_ucb_st2,fit100,25,0.867821391764931,683.2126843094313,48.286029769881,0.0,False,-1,,0.9,
independent,0.9,14,se_st2,fit100,25,0.867821391764931,1118.5648907479972,223.71297814959948,,False,-1,False,0.12,0.0
independent,0.9,14,sp_ucb_st2,fit365,25,0.8998142559153475,842.8123194192347,157.57756669607693,0.0,False,-1,,0.83,
independent,0.9,14,se_st2,fit365,25,0.8998142559153475,1118.5648907479972,223.71297814959948,,False,-1,False,0.13,0.0
independent,0.9,14,sp_ucb_st2,fit100_cons,25,0.8912428814444802,633.7264896399732,100.21139407755753,0.0,False,-1,,1.01,
independent,0.9,14,se_st2,fit100_cons,25,0.8912428814444802,1118.5648907479972,223.71297814959948,,False,-1,False,0.13,0.0
independent,0.9,14,sp_ucb_st2,phi_bias,25,0.85,710.4145350747622,90.87708134455013,0.0,False,-1,,0.78,
independent,0.9,14,se_st2,phi_bias,25,0.85,1118.5648907479972,223.71297814959948,,False,-1,False,0.12,0.0
independent,0.9,14,sp_ucb_st2,t3,25,0.9,493.5423551080836,6.580700927638954,0.0008,True,235,,0.81,
independent,0.9,14,se_st2,t3,25,0.9,1118.5648907479977,223.71297814959948,,False,-1,False,0.12,0.0
independent,0.97,14,sp_ucb_st2,known,25,0.97,586.3521819234805,43.46704920087588,0.0,False,-1,,0.89,
independent,0.97,14,se_st2,known,25,0.97,1118.5648907479972,223.71297814959948,,False,-1,False,0.17,0.0
independent,0.97,14,sp_ucb_st2,fit100,25,0.9384496479684116,748.849926756593,58.58086411646746,0.0,False,-1,,0.94,
independent,0.97,14,se_st2,fit100,25,0.9384496479684116,1118.5648907479972,223.71297814959948,,True,900,False,0.12,0.0042
independent,0.97,14,sp_ucb_st2,fit365,25,0.964590148489416,692.9378861991585,77.18226037367818,0.0,False,-1,,0.76,
independent,0.97,14,se_st2,fit365,25,0.964590148489416,1118.5648907479972,223.71297814959948,,False,-1,False,0.1,0.0
independent,0.97,14,sp_ucb_st2,fit100_cons,25,0.9528130305157535,958.0663582703239,278.8963988377881,0.0,False,-1,,0.8,
independent,0.97,14,se_st2,fit100_cons,25,0.9528130305157535,1118.5648907479972,223.71297814959948,,True,900,False,0.12,0.004
independent,0.97,14,sp_ucb_st2,phi_bias,25,0.9199999999999999,527.1539286231193,43.734596570177736,0.0,False,-1,,0.86,
independent,0.97,14,se_st2,phi_bias,25,0.9199999999999999,1118.5648907479972,223.71297814959948,,False,-1,False,0.13,0.0
independent,0.97,14,sp_ucb_st2,t3,25,0.97,790.8421558297666,114.79503254052109,0.0,False,-1,,0.85,
independent,0.97,14,se_st2,t3,25,0.97,1118.5648907479977,223.71297814959948,,False,-1,False,0.12,0.0
independent,,14,sp_ucb_st2,ar7_as_ar1,25,0.7880329563436157,565.9312973640485,68.3616101550819,0.7002,True,1499,,0.91,
independent,,14,se_st2,ar7_as_ar1,25,0.7880329563436157,1118.5648907479972,223.71297814959948,,True,50,False,0.19,0.012
independent,0.5,15,sp_ucb_st2,known,25,0.5,422.2091238048429,24.36028845591992,0.0,False,-1,,0.8,
independent,0.5,15,se_st2,known,25,0.5,1168.4134044299135,233.68268088598268,,False,-1,False,0.13,0.0
independent,0.5,15,sp_ucb_st2,fit100,25,0.47030899111816915,400.8902415310005,61.790314870391605,0.0,False,-1,,0.82,
independent,0.5,15,se_st2,fit100,25,0.47030899111816915,1168.4134044299135,233.68268088598268,,False,-1,False,0.13,0.0
independent,0.5,15,sp_ucb_st2,fit365,25,0.5098934141800953,499.09692145751774,16.508179274154074,0.0,False,-1,,0.85,
independent,0.5,15,se_st2,fit365,25,0.5098934141800953,1168.4134044299135,233.68268088598268,,False,-1,False,0.13,0.0
independent,0.5,15,sp_ucb_st2,fit100_cons,25,0.5561709736737563,533.3469815797366,16.377935199033544,0.0,False,-1,,0.83,
independent,0.5,15,se_st2,fit100_cons,25,0.5561709736737563,1168.4134044299135,233.68268088598268,,False,-1,False,0.14,0.0
independent,0.5,15,sp_ucb_st2,phi_bias,25,0.45,488.08376284547234,35.141348790751636,0.0,False,-1,,0.74,
independent,0.5,15,se_st2,phi_bias,25,0.45,1168.4134044299135,233.68268088598268,,False,-1,False,0.14,0.0
independent,0.5,15,sp_ucb_st2,t3,25,0.5,597.640056892541,65.65276502845998,0.0,False,-1,,0.79,
independent,0.5,15,se_st2,t3,25,0.5,1168.4134044299135,233.6826808859827,,False,-1,False,0.13,0.0
independent,0.9,15,sp_ucb_st2,known,25,0.9,479.17240155027116,20.60029524121128,0.0,False,-1,,0.83,
independent,0.9,15,se_st2,known,25,0.9,1168.4134044299135,233.68268088598268,,False,-1,False,0.13,0.0
independent,0.9,15,sp_ucb_st2,fit100,25,0.8858518162517619,802.8214485546839,97.46223139167526,0.0,False,-1,,0.87,
independent,0.9,15,se_st2,fit100,25,0.8858518162517619,1168.4134044299135,233.68268088598268,,False,-1,False,0.16,0.0
independent,0.9,15,sp_ucb_st2,fit365,25,0.9004952581371692,507.40190712929063,16.03239442932073,0.0,False,-1,,0.87,
independent,0.9,15,se_st2,fit365,25,0.9004952581371692,1168.4134044299135,233.68268088598268,,False,-1,False,0.15,0.0
independent,0.9,15,sp_ucb_st2,fit100_cons,25,0.9235155965408374,832.7079171921534,60.66846981466351,0.0,False,-1,,0.88,
independent,0.9,15,se_st2,fit100_cons,25,0.9235155965408374,1168.4134044299135,233.68268088598268,,False,-1,False,0.13,0.0
independent,0.9,15,sp_ucb_st2,phi_bias,25,0.85,814.6358894766659,137.65233719325434,0.0,False,-1,,0.85,
independent,0.9,15,se_st2,phi_bias,25,0.85,1168.4134044299135,233.68268088598268,,False,-1,False,0.12,0.0
independent,0.9,15,sp_ucb_st2,t3,25,0.9,962.2546058261328,135.7623822441986,0.0,False,-1,,0.86,
independent,0.9,15,se_st2,t3,25,0.9,1168.4134044299135,233.6826808859827,,False,-1,False,0.12,0.0
independent,0.97,15,sp_ucb_st2,known,25,0.97,920.8582226936294,125.70868306853856,0.0,False,-1,,0.89,
independent,0.97,15,se_st2,known,25,0.97,1168.4134044299135,233.68268088598268,,False,-1,False,0.14,0.0
independent,0.97,15,sp_ucb_st2,fit100,25,0.9453030917676485,757.7858560779276,36.560681023111385,0.0,False,-1,,0.83,
independent,0.97,15,se_st2,fit100,25,0.9453030917676485,1168.4134044299135,233.68268088598268,,False,-1,False,0.12,0.0
independent,0.97,15,sp_ucb_st2,fit365,25,0.9670798064110103,820.8180629360543,26.45131524850303,0.0,False,-1,,0.88,
independent,0.97,15,se_st2,fit365,25,0.9670798064110103,1168.4134044299135,233.68268088598268,,False,-1,False,0.14,0.0
independent,0.97,15,sp_ucb_st2,fit100_cons,25,0.9712605998947839,1323.25888615759,243.88940301535325,0.0,False,-1,,0.86,
independent,0.97,15,se_st2,fit100_cons,25,0.9712605998947839,1168.4134044299135,233.68268088598268,,False,-1,False,0.15,0.0
independent,0.97,15,sp_ucb_st2,phi_bias,25,0.9199999999999999,840.7679422396144,38.06148766225878,0.0,False,-1,,0.89,
independent,0.97,15,se_st2,phi_bias,25,0.9199999999999999,1168.4134044299135,233.68268088598268,,False,-1,False,0.08,0.0
independent,0.97,15,sp_ucb_st2,t3,25,0.97,1261.521694213528,276.2682404748997,0.0,False,-1,,0.89,
independent,0.97,15,se_st2,t3,25,0.97,1168.4134044299135,233.6826808859827,,False,-1,False,0.18,0.0
independent,,15,sp_ucb_st2,ar7_as_ar1,25,0.8114994249781244,1467.1807368484212,295.8311945402604,0.0,False,-1,,0.9,
independent,,15,se_st2,ar7_as_ar1,25,0.8114994249781244,1168.4134044299135,233.68268088598268,,False,-1,False,0.16,0.0
independent,0.5,16,sp_ucb_st2,known,25,0.5,595.5263475720856,9.568903188231094,0.0,False,-1,,0.84,
independent,0.5,16,se_st2,known,25,0.5,1160.443259796285,232.08865195925705,,False,-1,False,0.12,0.0
independent,0.5,16,sp_ucb_st2,fit100,25,0.45998798496861615,473.4765863353792,24.063877464894254,0.0,False,-1,,0.87,
independent,0.5,16,se_st2,fit100,25,0.45998798496861615,1160.443259796285,232.08865195925705,,False,-1,False,0.12,0.0
independent,0.5,16,sp_ucb_st2,fit365,25,0.465669439002563,487.59587636970696,28.162544401337453,0.0,False,-1,,0.94,
independent,0.5,16,se_st2,fit365,25,0.465669439002563,1160.443259796285,232.08865195925705,,False,-1,False,0.12,0.0
independent,0.5,16,sp_ucb_st2,fit100_cons,25,0.5407870061480103,801.8603352659937,122.55181506307375,0.0,False,-1,,0.84,
independent,0.5,16,se_st2,fit100_cons,25,0.5407870061480103,1160.443259796285,232.08865195925705,,False,-1,False,0.13,0.0
independent,0.5,16,sp_ucb_st2,phi_bias,25,0.45,511.76716843297976,87.86186604546333,0.0,False,-1,,0.84,
independent,0.5,16,se_st2,phi_bias,25,0.45,1160.443259796285,232.08865195925705,,False,-1,False,0.14,0.0
independent,0.5,16,sp_ucb_st2,t3,25,0.5,567.156235575725,50.94513499904786,0.0,False,-1,,0.89,
independent,0.5,16,se_st2,t3,25,0.5,1160.443259796285,232.08865195925705,,False,-1,False,0.13,0.0
independent,0.9,16,sp_ucb_st2,known,25,0.9,586.7790710197203,48.03803092815364,0.0,False,-1,,0.72,
independent,0.9,16,se_st2,known,25,0.9,1160.443259796285,232.08865195925705,,False,-1,False,0.12,0.0
independent,0.9,16,sp_ucb_st2,fit100,25,0.8840230345189442,677.1646513620553,128.78705166105692,0.0,False,-1,,0.82,
independent,0.9,16,se_st2,fit100,25,0.8840230345189442,1160.443259796285,232.08865195925705,,False,-1,False,0.13,0.0
independent,0.9,16,sp_ucb_st2,fit365,25,0.8967350640450399,617.3804823958048,44.58819531128431,0.0,False,-1,,0.88,
independent,0.9,16,se_st2,fit365,25,0.8967350640450399,1160.443259796285,232.08865195925705,,False,-1,False,0.13,0.0
independent,0.9,16,sp_ucb_st2,fit100_cons,25,0.9206401944160365,594.5112646196027,88.5380101199355,0.0,False,-1,,0.85,
independent,0.9,16,se_st2,fit100_cons,25,0.9206401944160365,1160.443259796285,232.08865195925705,,False,-1,False,0.14,0.0
independent,0.9,16,sp_ucb_st2,phi_bias,25,0.85,622.7421488391952,8.605215880356262,0.0,False,-1,,0.77,
independent,0.9,16,se_st2,phi_bias,25,0.85,1160.443259796285,232.08865195925705,,False,-1,False,0.13,0.0
independent,0.9,16,sp_ucb_st2,t3,25,0.9,725.1794345898043,47.482797306123324,0.0,False,-1,,0.84,
independent,0.9,16,se_st2,t3,25,0.9,1160.443259796285,232.08865195925705,,False,-1,False,0.12,0.0
independent,0.97,16,sp_ucb_st2,known,25,0.97,726.6699013272271,12.98634876166114,0.0,False,-1,,0.86,
independent,0.97,16,se_st2,known,25,0.97,1160.443259796285,232.08865195925705,,False,-1,False,0.13,0.0
independent,0.97,16,sp_ucb_st2,fit100,25,0.9511435513451976,537.8928616181627,163.3264845904868,0.0,False,-1,,0.86,
independent,0.97,16,se_st2,fit100,25,0.9511435513451976,1160.443259796285,232.08865195925705,,False,-1,False,0.11,0.0
independent,0.97,16,sp_ucb_st2,fit365,25,0.9670912719353936,966.8103262779839,79.4503100884339,0.0,False,-1,,0.82,
independent,0.97,16,se_st2,fit365,25,0.9670912719353936,1160.443259796285,232.08865195925705,,False,-1,False,0.11,0.0
independent,0.97,16,sp_ucb_st2,fit100_cons,25,0.9723896927294433,753.7843212013315,45.0072206906912,0.0,False,-1,,0.86,
independent,0.97,16,se_st2,fit100_cons,25,0.9723896927294433,1160.443259796285,232.08865195925705,,False,-1,False,0.13,0.0
independent,0.97,16,sp_ucb_st2,phi_bias,25,0.9199999999999999,686.4845147417332,27.545347046300684,0.0,False,-1,,0.83,
independent,0.97,16,se_st2,phi_bias,25,0.9199999999999999,1160.443259796285,232.08865195925705,,False,-1,False,0.15,0.0
independent,0.97,16,sp_ucb_st2,t3,25,0.97,833.7029844060048,43.04821342371863,0.0,False,-1,,0.83,
independent,0.97,16,se_st2,t3,25,0.97,1160.443259796285,232.08865195925705,,False,-1,False,0.14,0.0
independent,,16,sp_ucb_st2,ar7_as_ar1,25,0.8128589068036425,903.3292353222487,226.10172964035957,0.0,False,-1,,0.88,
independent,,16,se_st2,ar7_as_ar1,25,0.8128589068036425,1160.443259796285,232.08865195925705,,False,-1,False,0.16,0.0
independent,0.5,17,sp_ucb_st2,known,25,0.5,342.3082744431555,37.82711617407935,0.0,False,-1,,0.83,
independent,0.5,17,se_st2,known,25,0.5,1112.5938901823765,222.51877803647534,,False,-1,False,0.12,0.0
independent,0.5,17,sp_ucb_st2,fit100,25,0.48788697317799223,287.9020776075938,16.924734713023923,0.0,False,-1,,0.84,
independent,0.5,17,se_st2,fit100,25,0.48788697317799223,1112.5938901823765,222.51877803647534,,False,-1,False,0.15,0.0
independent,0.5,17,sp_ucb_st2,fit365,25,0.48068197152692627,285.8449980697203,4.772646917619285,0.0,False,-1,,0.83,
independent,0.5,17,se_st2,fit365,25,0.48068197152692627,1112.5938901823765,222.51877803647534,,False,-1,False,0.12,0.0
independent,0.5,17,sp_ucb_st2,fit100_cons,25,0.5499361701220423,323.3225608656946,12.857024467900603,0.0,False,-1,,0.84,
independent,0.5,17,se_st2,fit100_cons,25,0.5499361701220423,1112.5938901823765,222.51877803647534,,False,-1,False,0.14,0.0
independent,0.5,17,sp_ucb_st2,phi_bias,25,0.45,353.5119367084023,24.445568635112533,0.0,False,-1,,0.86,
independent,0.5,17,se_st2,phi_bias,25,0.45,1112.5938901823765,222.51877803647534,,False,-1,False,0.12,0.0
independent,0.5,17,sp_ucb_st2,t3,25,0.5,614.5323634319175,100.76606424880273,0.0,False,-1,,0.87,
independent,0.5,17,se_st2,t3,25,0.5,1112.5938901823768,222.51877803647534,,False,-1,False,0.13,0.0
independent,0.9,17,sp_ucb_st2,known,25,0.9,662.5730730803782,151.4657425187718,0.0,False,-1,,0.81,
independent,0.9,17,se_st2,known,25,0.9,1112.5938901823765,222.51877803647534,,False,-1,False,0.12,0.0
independent,0.9,17,sp_ucb_st2,fit100,25,0.8703973506871054,535.649074847347,9.455323609443134,0.0,False,-1,,0.87,
independent,0.9,17,se_st2,fit100,25,0.8703973506871054,1112.5938901823765,222.51877803647534,,False,-1,False,0.13,0.0
independent,0.9,17,sp_ucb_st2,fit365,25,0.8885416664421114,498.9580386943039,74.95339729251158,0.0,False,-1,,0.98,
independent,0.9,17,se_st2,fit365,25,0.8885416664421114,1112.5938901823765,222.51877803647534,,False,-1,False,0.12,0.0
independent,0.9,17,sp_ucb_st2,fit100_cons,25,0.8914072351475796,1156.5716103064642,273.5037679304239,0.0,False,-1,,0.83,
independent,0.9,17,se_st2,fit100_cons,25,0.8914072351475796,1112.5938901823765,222.51877803647534,,False,-1,False,0.15,0.0
independent,0.9,17,sp_ucb_st2,phi_bias,25,0.85,414.76248128378825,17.30481551051661,0.0,False,-1,,0.85,
independent,0.9,17,se_st2,phi_bias,25,0.85,1112.5938901823765,222.51877803647534,,False,-1,False,0.11,0.0
independent,0.9,17,sp_ucb_st2,t3,25,0.9,834.4667212819589,167.90811222616748,0.0,False,-1,,0.89,
independent,0.9,17,se_st2,t3,25,0.9,1112.5938901823768,222.51877803647534,,False,-1,False,0.13,0.0
independent,0.97,17,sp_ucb_st2,known,25,0.97,569.5920502853903,22.57316777845896,0.0,False,-1,,0.86,
independent,0.97,17,se_st2,known,25,0.97,1112.5938901823765,222.51877803647534,,False,-1,False,0.14,0.0
independent,0.97,17,sp_ucb_st2,fit100,25,0.9299367772744994,423.20877912361914,0.0,0.0,False,-1,,0.87,
independent,0.97,17,se_st2,fit100,25,0.9299367772744994,1011.8105144882979,185.10886544144665,,False,-1,False,0.13,0.0
independent,0.97,17,sp_ucb_st2,fit365,25,0.9620773330162066,481.8436732051596,8.379397115725576,0.0,False,-1,,0.81,
independent,0.97,17,se_st2,fit365,25,0.9620773330162066,1112.5938901823765,222.51877803647534,,False,-1,False,0.13,0.0
independent,0.97,17,sp_ucb_st2,fit100_cons,25,0.9492277476872573,190.81456552654052,3.376312245527078,0.0,False,-1,,0.8,
independent,0.97,17,se_st2,fit100_cons,25,0.9492277476872573,1112.5938901823765,222.51877803647534,,False,-1,False,0.13,0.0
independent,0.97,17,sp_ucb_st2,phi_bias,25,0.9199999999999999,556.0019523950465,13.53711796644317,0.0,False,-1,,0.84,
independent,0.97,17,se_st2,phi_bias,25,0.9199999999999999,1112.5938901823765,222.51877803647534,,False,-1,False,0.12,0.0
independent,0.97,17,sp_ucb_st2,t3,25,0.97,883.2122466141874,214.3019690771899,0.0,False,-1,,0.86,
independent,0.97,17,se_st2,t3,25,0.97,1112.5938901823768,222.51877803647534,,False,-1,False,0.13,0.0
independent,,17,sp_ucb_st2,ar7_as_ar1,25,0.7440366283462674,166.789576997536,0.0,0.0,False,-1,,0.89,
independent,,17,se_st2,ar7_as_ar1,25,0.7440366283462674,809.1699090862671,124.53743863187717,,False,-1,False,0.14,0.0
independent,0.5,18,sp_ucb_st2,known,25,0.5,513.0587445962619,48.432988711722764,0.0,False,-1,,0.82,
independent,0.5,18,se_st2,known,25,0.5,1214.6083332168027,242.92166664336057,,False,-1,False,0.13,0.0
independent,0.5,18,sp_ucb_st2,fit100,25,0.4543740565724772,475.17824453904416,47.637063879103934,0.0,False,-1,,0.85,
independent,0.5,18,se_st2,fit100,25,0.4543740565724772,1214.6083332168027,242.92166664336057,,False,-1,False,0.12,0.0
independent,0.5,18,sp_ucb_st2,fit365,25,0.4907997014624747,533.2106906271758,103.64336277684164,0.0,False,-1,,0.77,
independent,0.5,18,se_st2,fit365,25,0.4907997014624747,1214.6083332168027,242.92166664336057,,False,-1,False,0.12,0.0
independent,0.5,18,sp_ucb_st2,fit100_cons,25,0.5603117691396532,565.3392466962955,64.90529760623805,0.0,False,-1,,0.93,
independent,0.5,18,se_st2,fit100_cons,25,0.5603117691396532,1214.6083332168027,242.92166664336057,,False,-1,False,0.11,0.0
independent,0.5,18,sp_ucb_st2,phi_bias,25,0.45,362.37341933803515,30.12241533145351,0.0,False,-1,,0.87,
independent,0.5,18,se_st2,phi_bias,25,0.45,1214.6083332168027,242.92166664336057,,False,-1,False,0.14,0.0
independent,0.5,18,sp_ucb_st2,t3,25,0.5,633.9998098207385,30.232404461802556,0.0,False,-1,,0.85,
independent,0.5,18,se_st2,t3,25,0.5,1214.608333216803,242.9216666433606,,False,-1,False,0.14,0.0
independent,0.9,18,sp_ucb_st2,known,25,0.9,805.8412519490444,114.19653239332882,0.0,False,-1,,0.77,
independent,0.9,18,se_st2,known,25,0.9,1214.6083332168027,242.92166664336057,,False,-1,False,0.11,0.0
independent,0.9,18,sp_ucb_st2,fit100,25,0.8738852805798782,550.2200849780276,55.651093066781485,0.0,False,-1,,0.79,
independent,0.9,18,se_st2,fit100,25,0.8738852805798782,1214.6083332168027,242.92166664336057,,False,-1,False,0.13,0.0
independent,0.9,18,sp_ucb_st2,fit365,25,0.8927188634759041,617.9105388494556,120.91672021404811,0.0,False,-1,,0.82,
independent,0.9,18,se_st2,fit365,25,0.8927188634759041,1214.6083332168027,242.92166664336057,,False,-1,False,0.14,0.0
independent,0.9,18,sp_ucb_st2,fit100_cons,25,0.8999014866292792,668.3355655336768,92.52916291741997,0.0,False,-1,,0.84,
independent,0.9,18,se_st2,fit100_cons,25,0.8999014866292792,1214.6083332168027,242.92166664336057,,False,-1,False,0.15,0.0
independent,0.9,18,sp_ucb_st2,phi_bias,25,0.85,857.7185698434093,160.65870359119393,0.0,False,-1,,0.85,
independent,0.9,18,se_st2,phi_bias,25,0.85,1214.6083332168027,242.92166664336057,,False,-1,False,0.11,0.0
independent,0.9,18,sp_ucb_st2,t3,25,0.9,588.4703270830659,79.51887277211006,0.0,False,-1,,0.86,
independent,0.9,18,se_st2,t3,25,0.9,1214.608333216803,242.9216666433606,,False,-1,False,0.12,0.0
independent,0.97,18,sp_ucb_st2,known,25,0.97,536.2653279205917,104.6613097337089,0.0,False,-1,,0.87,
independent,0.97,18,se_st2,known,25,0.97,1214.6083332168027,242.92166664336057,,False,-1,False,0.13,0.0
independent,0.97,18,sp_ucb_st2,fit100,25,0.9397459495620957,352.08207795707403,27.93766804714934,0.0,False,-1,,0.83,
independent,0.97,18,se_st2,fit100,25,0.9397459495620957,1214.6083332168027,242.92166664336057,,False,-1,False,0.11,0.0
independent,0.97,18,sp_ucb_st2,fit365,25,0.9632912485237721,881.1372279026609,182.1962454291919,0.0,False,-1,,0.87,
independent,0.97,18,se_st2,fit365,25,0.9632912485237721,1214.6083332168027,242.92166664336057,,False,-1,False,0.11,0.0
independent,0.97,18,sp_ucb_st2,fit100_cons,25,0.9576359255959527,354.8506814857038,38.03377309786151,0.0,False,-1,,0.86,
independent,0.97,18,se_st2,fit100_cons,25,0.9576359255959527,1214.6083332168027,242.92166664336057,,False,-1,False,0.13,0.0
independent,0.97,18,sp_ucb_st2,phi_bias,25,0.9199999999999999,508.71154020120457,39.317216894474996,0.0,False,-1,,0.84,
independent,0.97,18,se_st2,phi_bias,25,0.9199999999999999,1214.6083332168027,242.92166664336057,,False,-1,False,0.12,0.0
independent,0.97,18,sp_ucb_st2,t3,25,0.97,737.8071743665348,15.238400825241577,0.0,False,-1,,0.82,
independent,0.97,18,se_st2,t3,25,0.97,1214.608333216803,242.9216666433606,,False,-1,False,0.12,0.0
independent,,18,sp_ucb_st2,ar7_as_ar1,25,0.7756606383618546,347.4606953049275,40.0038046501332,0.0,False,-1,,0.86,
independent,,18,se_st2,ar7_as_ar1,25,0.7756606383618546,1209.273680871997,237.79816277806958,,True,3225,False,0.18,0.0142
independent,0.5,19,sp_ucb_st2,known,25,0.5,868.4748700123454,118.43912553103263,0.0,False,-1,,0.83,
independent,0.5,19,se_st2,known,25,0.5,1179.601504648334,235.92030092966678,,False,-1,False,0.12,0.0
independent,0.5,19,sp_ucb_st2,fit100,25,0.5090823764601005,763.3508714228191,74.86234639818642,0.0,False,-1,,0.83,
independent,0.5,19,se_st2,fit100,25,0.5090823764601005,1179.601504648334,235.92030092966678,,False,-1,False,0.12,0.0
independent,0.5,19,sp_ucb_st2,fit365,25,0.47202009621316965,579.7099248997417,97.5455656339702,0.0,False,-1,,0.84,
independent,0.5,19,se_st2,fit365,25,0.47202009621316965,1179.601504648334,235.92030092966678,,False,-1,False,0.12,0.0
independent,0.5,19,sp_ucb_st2,fit100_cons,25,0.5787103707682095,469.15570448820785,75.67384673207312,0.0,False,-1,,0.73,
independent,0.5,19,se_st2,fit100_cons,25,0.5787103707682095,1179.601504648334,235.92030092966678,,False,-1,False,0.14,0.0
independent,0.5,19,sp_ucb_st2,phi_bias,25,0.45,648.468601341029,103.38435744921661,0.0,False,-1,,0.82,
independent,0.5,19,se_st2,phi_bias,25,0.45,1179.601504648334,235.92030092966678,,False,-1,False,0.13,0.0
independent,0.5,19,sp_ucb_st2,t3,25,0.5,630.4198776743158,87.36419307975285,0.0,False,-1,,0.9,
independent,0.5,19,se_st2,t3,25,0.5,1179.601504648334,235.9203009296668,,False,-1,False,0.11,0.0
independent,0.9,19,sp_ucb_st2,known,25,0.9,1106.411568409881,180.37732857100542,0.0,False,-1,,0.87,
independent,0.9,19,se_st2,known,25,0.9,1179.601504648334,235.92030092966678,,False,-1,False,0.14,0.0
independent,0.9,19,sp_ucb_st2,fit100,25,0.8776385297229213,930.9753845026377,212.2018123046609,0.0,False,-1,,0.84,
independent,0.9,19,se_st2,fit100,25,0.8776385297229213,1179.601504648334,235.92030092966678,,False,-1,False,0.12,0.0
independent,0.9,19,sp_ucb_st2,fit365,25,0.8831225830327339,590.2402152506543,116.45513273431933,0.0,False,-1,,0.84,
independent,0.9,19,se_st2,fit365,25,0.8831225830327339,1179.601504648334,235.92030092966678,,False,-1,False,0.12,0.0
independent,0.9,19,sp_ucb_st2,fit100_cons,25,0.9029096465381017,1002.5793983865944,205.9043489648779,0.0,False,-1,,0.87,
independent,0.9,19,se_st2,fit100_cons,25,0.9029096465381017,1179.601504648334,235.92030092966678,,False,-1,False,0.14,0.0
independent,0.9,19,sp_ucb_st2,phi_bias,25,0.85,715.7092133216206,112.93237090424068,0.0,False,-1,,0.85,
independent,0.9,19,se_st2,phi_bias,25,0.85,1179.601504648334,235.92030092966678,,False,-1,False,0.13,0.0
independent,0.9,19,sp_ucb_st2,t3,25,0.9,806.3340731985888,151.88978297812997,0.0,False,-1,,0.84,
independent,0.9,19,se_st2,t3,25,0.9,1179.601504648334,235.9203009296668,,False,-1,False,0.11,0.0
independent,0.97,19,sp_ucb_st2,known,25,0.97,1051.8295012718077,242.87733539565346,0.0,False,-1,,0.83,
independent,0.97,19,se_st2,known,25,0.97,1179.601504648334,235.92030092966678,,False,-1,False,0.12,0.0
independent,0.97,19,sp_ucb_st2,fit100,25,0.9409268608441168,583.6772997676064,168.44821349209334,0.0,False,-1,,0.85,
independent,0.97,19,se_st2,fit100,25,0.9409268608441168,1179.601504648334,235.92030092966678,,False,-1,False,0.12,0.0
independent,0.97,19,sp_ucb_st2,fit365,25,0.9558138008299848,975.2972182487592,138.27870893938407,0.0,False,-1,,0.84,
independent,0.97,19,se_st2,fit365,25,0.9558138008299848,1179.601504648334,235.92030092966678,,False,-1,False,0.14,0.0
independent,0.97,19,sp_ucb_st2,fit100_cons,25,0.962107806305243,992.7755153122481,205.6644145223946,0.0,False,-1,,0.82,
independent,0.97,19,se_st2,fit100_cons,25,0.962107806305243,1179.601504648334,235.92030092966678,,False,-1,False,0.13,0.0
independent,0.97,19,sp_ucb_st2,phi_bias,25,0.9199999999999999,1280.5153093319009,300.65327606848984,0.0,False,-1,,0.83,
independent,0.97,19,se_st2,phi_bias,25,0.9199999999999999,1179.601504648334,235.92030092966678,,False,-1,False,0.12,0.0
independent,0.97,19,sp_ucb_st2,t3,25,0.97,895.0275025396226,91.72755267907775,0.0,False,-1,,0.83,
independent,0.97,19,se_st2,t3,25,0.97,1179.601504648334,235.9203009296668,,False,-1,False,0.13,0.0
independent,,19,sp_ucb_st2,ar7_as_ar1,25,0.7070956645179334,514.0479282573083,206.8988073566245,0.0,False,-1,,0.88,
independent,,19,se_st2,ar7_as_ar1,25,0.7070956645179334,1179.601504648334,235.92030092966678,,True,1825,False,0.18,0.008
independent,0.5,20,sp_ucb_st2,known,25,0.5,371.1152080832817,34.20611943656807,0.0,False,-1,,0.84,
independent,0.5,20,se_st2,known,25,0.5,1152.2517372043076,230.45034744086152,,False,-1,False,0.12,0.0
independent,0.5,20,sp_ucb_st2,fit100,25,0.4425196993705522,484.409525887137,75.3005049340197,0.0,False,-1,,0.86,
independent,0.5,20,se_st2,fit100,25,0.4425196993705522,1152.2517372043076,230.45034744086152,,False,-1,False,0.14,0.0
independent,0.5,20,sp_ucb_st2,fit365,25,0.47862024515870466,645.7238204221871,11.490017509649501,0.0,False,-1,,0.87,
independent,0.5,20,se_st2,fit365,25,0.47862024515870466,1152.2517372043076,230.45034744086152,,False,-1,False,0.11,0.0
independent,0.5,20,sp_ucb_st2,fit100_cons,25,0.5197682215765711,363.24898142959785,50.37083748978431,0.0,False,-1,,0.77,
independent,0.5,20,se_st2,fit100_cons,25,0.5197682215765711,1152.2517372043076,230.45034744086152,,False,-1,False,0.08,0.0
independent,0.5,20,sp_ucb_st2,phi_bias,25,0.45,623.4884322277511,8.145610606693502,0.0,False,-1,,0.79,
independent,0.5,20,se_st2,phi_bias,25,0.45,1152.2517372043076,230.45034744086152,,False,-1,False,0.13,0.0
independent,0.5,20,sp_ucb_st2,t3,25,0.5,239.94427608936957,14.116066957139365,0.0,False,-1,,0.89,
independent,0.5,20,se_st2,t3,25,0.5,1152.2517372043078,230.45034744086155,,False,-1,False,0.15,0.0
independent,0.9,20,sp_ucb_st2,known,25,0.9,1226.1867479253178,233.46038086100828,0.0,False,-1,,0.84,
independent,0.9,20,se_st2,known,25,0.9,1152.2517372043076,230.45034744086152,,False,-1,False,0.13,0.0
independent,0.9,20,sp_ucb_st2,fit100,25,0.8695991884538721,1086.8511032628226,219.4273804541988,0.0,False,-1,,0.84,
independent,0.9,20,se_st2,fit100,25,0.8695991884538721,1152.2517372043076,230.45034744086152,,False,-1,False,0.12,0.0
independent,0.9,20,sp_ucb_st2,fit365,25,0.8841338071487724,1024.337870220857,97.28265236504525,0.0,False,-1,,0.87,
independent,0.9,20,se_st2,fit365,25,0.8841338071487724,1152.2517372043076,230.45034744086152,,False,-1,False,0.12,0.0
independent,0.9,20,sp_ucb_st2,fit100_cons,25,0.9023010423891117,922.2246969143586,175.61801991234273,0.0,False,-1,,0.82,
independent,0.9,20,se_st2,fit100_cons,25,0.9023010423891117,1152.2517372043076,230.45034744086152,,False,-1,False,0.13,0.0
independent,0.9,20,sp_ucb_st2,phi_bias,25,0.85,763.4538671027865,176.27450172517152,0.0,False,-1,,0.85,
independent,0.9,20,se_st2,phi_bias,25,0.85,1152.2517372043076,230.45034744086152,,False,-1,False,0.12,0.0
independent,0.9,20,sp_ucb_st2,t3,25,0.9,905.2297280293186,68.67498881129512,0.0,False,-1,,0.81,
independent,0.9,20,se_st2,t3,25,0.9,1152.2517372043078,230.45034744086155,,False,-1,False,0.14,0.0
independent,0.97,20,sp_ucb_st2,known,25,0.97,1153.9079284893392,253.78126243680404,0.0,False,-1,,0.86,
independent,0.97,20,se_st2,known,25,0.97,1152.2517372043076,230.45034744086152,,False,-1,False,0.13,0.0
independent,0.97,20,sp_ucb_st2,fit100,25,0.9505770861846649,748.174516177136,151.92621397488335,0.0,False,-1,,0.85,
independent,0.97,20,se_st2,fit100,25,0.9505770861846649,1152.2517372043076,230.45034744086152,,False,-1,False,0.12,0.0
independent,0.97,20,sp_ucb_st2,fit365,25,0.9554767029305694,1145.1175501326818,232.6899528207682,0.0,False,-1,,0.89,
independent,0.97,20,se_st2,fit365,25,0.9554767029305694,1152.2517372043076,230.45034744086152,,False,-1,False,0.13,0.0
independent,0.97,20,sp_ucb_st2,fit100_cons,25,0.9777811019795546,1100.3388409923487,272.90980062319625,0.0,False,-1,,0.87,
independent,0.97,20,se_st2,fit100_cons,25,0.9777811019795546,1152.2517372043076,230.45034744086152,,False,-1,False,0.14,0.0
independent,0.97,20,sp_ucb_st2,phi_bias,25,0.9199999999999999,1223.8522454843678,253.99956537483632,0.0,False,-1,,0.85,
independent,0.97,20,se_st2,phi_bias,25,0.9199999999999999,1152.2517372043076,230.45034744086152,,False,-1,False,0.13,0.0
independent,0.97,20,sp_ucb_st2,t3,25,0.97,372.73551504953423,20.314937415694583,0.0,False,-1,,0.87,
independent,0.97,20,se_st2,t3,25,0.97,1152.2517372043078,230.45034744086155,,False,-1,False,0.12,0.0
independent,,20,sp_ucb_st2,ar7_as_ar1,25,0.7278878067995138,1296.8588134041847,245.14077537679847,0.9958,True,20,,0.93,
independent,,20,se_st2,ar7_as_ar1,25,0.7278878067995138,643.0472476480666,102.0446058882084,,True,975,False,0.14,0.0322
independent,0.5,21,sp_ucb_st2,known,25,0.5,438.9223864647198,98.55420996266089,0.0,False,-1,,0.85,
independent,0.5,21,se_st2,known,25,0.5,1227.3297893420454,245.46595786840908,,False,-1,False,0.14,0.0
independent,0.5,21,sp_ucb_st2,fit100,25,0.40039616270862294,534.6712520477279,110.22679915013424,0.0,False,-1,,0.87,
independent,0.5,21,se_st2,fit100,25,0.40039616270862294,1227.3297893420454,245.46595786840908,,False,-1,False,0.14,0.0
independent,0.5,21,sp_ucb_st2,fit365,25,0.49079718182454946,465.5722933952812,84.41745118721484,0.0,False,-1,,0.83,
independent,0.5,21,se_st2,fit365,25,0.49079718182454946,1227.3297893420454,245.46595786840908,,False,-1,False,0.12,0.0
independent,0.5,21,sp_ucb_st2,fit100_cons,25,0.5173374456903088,424.3043835279507,57.8340701888161,0.0,False,-1,,0.76,
independent,0.5,21,se_st2,fit100_cons,25,0.5173374456903088,1227.3297893420454,245.46595786840908,,False,-1,False,0.13,0.0
independent,0.5,21,sp_ucb_st2,phi_bias,25,0.45,450.2562714239932,7.474949838668388,0.0,False,-1,,0.88,
independent,0.5,21,se_st2,phi_bias,25,0.45,1227.3297893420454,245.46595786840908,,False,-1,False,0.13,0.0
independent,0.5,21,sp_ucb_st2,t3,25,0.5,541.9331904662221,83.09171261634461,0.0,False,-1,,0.77,
independent,0.5,21,se_st2,t3,25,0.5,1227.3297893420454,245.46595786840908,,False,-1,False,0.12,0.0
independent,0.9,21,sp_ucb_st2,known,25,0.9,571.6583324364314,74.76333531062971,0.0,False,-1,,0.88,
independent,0.9,21,se_st2,known,25,0.9,1227.3297893420454,245.46595786840908,,False,-1,False,0.13,0.0
independent,0.9,21,sp_ucb_st2,fit100,25,0.8682616981261165,855.8895510516368,70.49114556941046,0.0,False,-1,,0.83,
independent,0.9,21,se_st2,fit100,25,0.8682616981261165,1227.3297893420454,245.46595786840908,,False,-1,False,0.13,0.0
independent,0.9,21,sp_ucb_st2,fit365,25,0.8922965479547987,828.6767609403202,146.01522153394833,0.0,False,-1,,0.85,
independent,0.9,21,se_st2,fit365,25,0.8922965479547987,1227.3297893420454,245.46595786840908,,False,-1,False,0.13,0.0
independent,0.9,21,sp_ucb_st2,fit100_cons,25,0.9103754650428594,912.8208523184359,54.694625150594796,0.0,False,-1,,0.79,
independent,0.9,21,se_st2,fit100_cons,25,0.9103754650428594,1227.3297893420454,245.46595786840908,,False,-1,False,0.12,0.0
independent,0.9,21,sp_ucb_st2,phi_bias,25,0.85,577.3631829593855,62.794642618646535,0.0,False,-1,,0.81,
independent,0.9,21,se_st2,phi_bias,25,0.85,1227.3297893420454,245.46595786840908,,False,-1,False,0.12,0.0
independent,0.9,21,sp_ucb_st2,t3,25,0.9,701.4917477048848,106.74318922402081,0.0,False,-1,,0.83,
independent,0.9,21,se_st2,t3,25,0.9,1227.3297893420454,245.46595786840908,,False,-1,False,0.13,0.0
independent,0.97,21,sp_ucb_st2,known,25,0.97,667.4157759633702,90.25256066999299,0.0,False,-1,,0.85,
independent,0.97,21,se_st2,known,25,0.97,1227.3297893420454,245.46595786840908,,False,-1,False,0.12,0.0
independent,0.97,21,sp_ucb_st2,fit100,25,0.9285960668698673,579.4435445326893,142.26188739982203,0.0,False,-1,,0.86,
independent,0.97,21,se_st2,fit100,25,0.9285960668698673,1147.8170637090457,222.72620167786607,,False,-1,False,0.12,0.0
independent,0.97,21,sp_ucb_st2,fit365,25,0.9576661247750476,1096.8297246086042,277.4186151555068,0.0,False,-1,,0.83,
independent,0.97,21,se_st2,fit365,25,0.9576661247750476,1227.3297893420454,245.46595786840908,,False,-1,False,0.14,0.0
independent,0.97,21,sp_ucb_st2,fit100_cons,25,0.9550412519756377,1287.691986957837,286.2907697311035,0.0,False,-1,,0.86,
independent,0.97,21,se_st2,fit100_cons,25,0.9550412519756377,1227.3297893420454,245.46595786840908,,False,-1,False,0.13,0.0
independent,0.97,21,sp_ucb_st2,phi_bias,25,0.9199999999999999,1276.0487757864078,168.57916166771292,0.0,False,-1,,0.88,
independent,0.97,21,se_st2,phi_bias,25,0.9199999999999999,1227.3297893420454,245.46595786840908,,False,-1,False,0.14,0.0
independent,0.97,21,sp_ucb_st2,t3,25,0.97,864.3693654316336,113.71576398890991,0.0,False,-1,,0.82,
independent,0.97,21,se_st2,t3,25,0.97,1227.3297893420454,245.46595786840908,,False,-1,False,0.13,0.0
independent,,21,sp_ucb_st2,ar7_as_ar1,25,0.7334527709789793,1659.873912363155,333.58557201457006,0.2232,True,3884,,0.84,
independent,,21,se_st2,ar7_as_ar1,25,0.7334527709789793,380.3468282162546,31.284678275378024,,False,-1,True,0.17,0.0
independent,0.5,22,sp_ucb_st2,known,25,0.5,760.5832129294915,144.89968255944055,0.0,False,-1,,0.81,
independent,0.5,22,se_st2,known,25,0.5,1148.1496117489073,229.62992234978148,,False,-1,False,0.12,0.0
independent,0.5,22,sp_ucb_st2,fit100,25,0.42441930326694943,397.1455462332001,58.016533499771654,0.0,False,-1,,0.84,
independent,0.5,22,se_st2,fit100,25,0.42441930326694943,1148.1496117489073,229.62992234978148,,False,-1,False,0.12,0.0
independent,0.5,22,sp_ucb_st2,fit365,25,0.48280026656573627,366.63215863589,31.59088707766148,0.0,False,-1,,0.72,
independent,0.5,22,se_st2,fit365,25,0.48280026656573627,1148.1496117489073,229.62992234978148,,False,-1,False,0.1,0.0
independent,0.5,22,sp_ucb_st2,fit100_cons,25,0.5064662065008028,748.8325755410988,14.153168642369122,0.0,False,-1,,0.89,
independent,0.5,22,se_st2,fit100_cons,25,0.5064662065008028,1148.1496117489073,229.62992234978148,,False,-1,False,0.13,0.0
independent,0.5,22,sp_ucb_st2,phi_bias,25,0.45,482.4847075086254,18.85319859857732,0.0,False,-1,,0.88,
independent,0.5,22,se_st2,phi_bias,25,0.45,1148.1496117489073,229.62992234978148,,False,-1,False,0.14,0.0
independent,0.5,22,sp_ucb_st2,t3,25,0.5,647.606012908641,91.41221879251357,0.0,False,-1,,0.82,
independent,0.5,22,se_st2,t3,25,0.5,1148.1496117489075,229.62992234978148,,False,-1,False,0.12,0.0
independent,0.9,22,sp_ucb_st2,known,25,0.9,662.9777118607798,45.66903051960928,0.0,False,-1,,0.87,
independent,0.9,22,se_st2,known,25,0.9,1148.1496117489073,229.62992234978148,,False,-1,False,0.16,0.0
independent,0.9,22,sp_ucb_st2,fit100,25,0.8631928472263912,1084.4605078602199,276.0764510936359,0.0,False,-1,,0.88,
independent,0.9,22,se_st2,fit100,25,0.8631928472263912,1148.1496117489073,229.62992234978148,,False,-1,False,0.14,0.0
independent,0.9,22,sp_ucb_st2,fit365,25,0.8940069596644908,835.892343793846,80.29603550798355,0.0,False,-1,,0.83,
independent,0.9,22,se_st2,fit365,25,0.8940069596644908,1148.1496117489073,229.62992234978148,,False,-1,False,0.13,0.0
independent,0.9,22,sp_ucb_st2,fit100_cons,25,0.8965454107383094,981.9906893646641,243.8777037232477,0.0,False,-1,,0.82,
independent,0.9,22,se_st2,fit100_cons,25,0.8965454107383094,1148.1496117489073,229.62992234978148,,False,-1,False,0.12,0.0
independent,0.9,22,sp_ucb_st2,phi_bias,25,0.85,638.730474176959,234.92727555267265,0.0,False,-1,,0.81,
independent,0.9,22,se_st2,phi_bias,25,0.85,1148.1496117489073,229.62992234978148,,False,-1,False,0.12,0.0
independent,0.9,22,sp_ucb_st2,t3,25,0.9,490.50378004647473,46.34634929513302,0.0,False,-1,,0.82,
independent,0.9,22,se_st2,t3,25,0.9,1148.1496117489075,229.62992234978148,,False,-1,False,0.11,0.0
independent,0.97,22,sp_ucb_st2,known,25,0.97,1119.631620715642,239.93530816543816,0.0,False,-1,,0.85,
independent,0.97,22,se_st2,known,25,0.97,1148.1496117489073,229.62992234978148,,False,-1,False,0.12,0.0
independent,0.97,22,sp_ucb_st2,fit100,25,0.9285041402154276,1382.9894673832073,311.36385264890316,0.9542,True,229,,0.85,
independent,0.97,22,se_st2,fit100,25,0.9285041402154276,1148.1496117489073,229.62992234978148,,True,225,False,0.13,0.004
independent,0.97,22,sp_ucb_st2,fit365,25,0.9637374422281477,771.9296794969949,242.96604738773487,0.0,False,-1,,0.76,
independent,0.97,22,se_st2,fit365,25,0.9637374422281477,1148.1496117489073,229.62992234978148,,False,-1,False,0.12,0.0
independent,0.97,22,sp_ucb_st2,fit100_cons,25,0.9480948652597423,1276.0774519943757,245.74389146133436,0.954,True,230,,0.77,
independent,0.97,22,se_st2,fit100_cons,25,0.9480948652597423,1148.1496117489073,229.62992234978148,,True,225,False,0.11,0.004
independent,0.97,22,sp_ucb_st2,phi_bias,25,0.9199999999999999,895.1277115142703,163.79923100609247,0.0,False,-1,,0.89,
independent,0.97,22,se_st2,phi_bias,25,0.9199999999999999,1148.1496117489073,229.62992234978148,,False,-1,False,0.14,0.0
independent,0.97,22,sp_ucb_st2,t3,25,0.97,856.0460442233693,204.12489637798035,0.0,False,-1,,0.9,
independent,0.97,22,se_st2,t3,25,0.97,1148.1496117489075,229.62992234978148,,False,-1,False,0.14,0.0
independent,,22,sp_ucb_st2,ar7_as_ar1,25,0.7803835048989556,189.37451502771574,8.567310696507521,0.0,False,-1,,0.9,
independent,,22,se_st2,ar7_as_ar1,25,0.7803835048989556,1145.124547895161,224.90769766931146,,True,225,False,0.18,0.0382
independent,0.5,23,sp_ucb_st2,known,25,0.5,603.0086864583303,56.72716897381943,0.0,False,-1,,0.86,
independent,0.5,23,se_st2,known,25,0.5,1130.8502461900543,226.17004923801085,,False,-1,False,0.13,0.0
independent,0.5,23,sp_ucb_st2,fit100,25,0.4217289191054354,379.3557807523327,46.80587694825667,0.0,False,-1,,0.71,
independent,0.5,23,se_st2,fit100,25,0.4217289191054354,1130.8502461900543,226.17004923801085,,False,-1,False,0.11,0.0
independent,0.5,23,sp_ucb_st2,fit365,25,0.4431789625946442,325.5615484111093,27.024251543471696,0.0,False,-1,,0.86,
independent,0.5,23,se_st2,fit365,25,0.4431789625946442,1130.8502461900543,226.17004923801085,,False,-1,False,0.13,0.0
independent,0.5,23,sp_ucb_st2,fit100_cons,25,0.5365582341943365,431.6317781000257,53.7287864151039,0.0,False,-1,,0.84,
independent,0.5,23,se_st2,fit100_cons,25,0.5365582341943365,1130.8502461900543,226.17004923801085,,False,-1,False,0.11,0.0
independent,0.5,23,sp_ucb_st2,phi_bias,25,0.45,369.45566249842784,44.864279028594105,0.0,False,-1,,0.79,
independent,0.5,23,se_st2,phi_bias,25,0.45,1130.8502461900543,226.17004923801085,,False,-1,False,0.13,0.0
independent,0.5,23,sp_ucb_st2,t3,25,0.5,576.8204837392238,101.30425520267397,0.0,False,-1,,0.88,
independent,0.5,23,se_st2,t3,25,0.5,1130.8502461900543,226.1700492380109,,False,-1,False,0.12,0.0
independent,0.9,23,sp_ucb_st2,known,25,0.9,757.7212727405854,152.52577613285428,0.0,False,-1,,0.83,
independent,0.9,23,se_st2,known,25,0.9,1130.8502461900543,226.17004923801085,,False,-1,False,0.14,0.0
independent,0.9,23,sp_ucb_st2,fit100,25,0.8480748495891094,631.9750912668765,107.2545523426639,0.0,False,-1,,0.86,
independent,0.9,23,se_st2,fit100,25,0.8480748495891094,1130.8502461900543,226.17004923801085,,False,-1,False,0.12,0.0
independent,0.9,23,sp_ucb_st2,fit365,25,0.8760038075109996,434.85282623411774,97.80360320524503,0.0,False,-1,,0.85,
independent,0.9,23,se_st2,fit365,25,0.8760038075109996,1130.8502461900543,226.17004923801085,,False,-1,False,0.13,0.0
independent,0.9,23,sp_ucb_st2,fit100_cons,25,0.8792240231795188,521.9954360219928,25.1708459859043,0.0,False,-1,,0.86,
independent,0.9,23,se_st2,fit100_cons,25,0.8792240231795188,1130.8502461900543,226.17004923801085,,False,-1,False,0.13,0.0
independent,0.9,23,sp_ucb_st2,phi_bias,25,0.85,313.612457080186,23.414534282970926,0.0,False,-1,,0.84,
independent,0.9,23,se_st2,phi_bias,25,0.85,1130.8502461900543,226.17004923801085,,False,-1,False,0.12,0.0
independent,0.9,23,sp_ucb_st2,t3,25,0.9,537.4116290502996,60.4410682665849,0.0,False,-1,,0.84,
independent,0.9,23,se_st2,t3,25,0.9,1130.8502461900543,226.1700492380109,,False,-1,False,0.13,0.0
independent,0.97,23,sp_ucb_st2,known,25,0.97,938.1407627473596,268.5218552177222,0.0,False,-1,,0.84,
independent,0.97,23,se_st2,known,25,0.97,1130.8502461900543,226.17004923801085,,False,-1,False,0.12,0.0
independent,0.97,23,sp_ucb_st2,fit100,25,0.9199900858506991,300.18701044782586,51.762005711916615,0.9208,True,396,,0.87,
independent,0.97,23,se_st2,fit100,25,0.9199900858506991,1130.8502461900543,226.17004923801085,,True,700,False,0.13,0.0004
independent,0.97,23,sp_ucb_st2,fit365,25,0.955291386746107,321.07143309850653,6.451913435050027,0.0,False,-1,,0.87,
independent,0.97,23,se_st2,fit365,25,0.955291386746107,1130.8502461900543,226.17004923801085,,False,-1,False,0.11,0.0
independent,0.97,23,sp_ucb_st2,fit100_cons,25,0.9454676908213395,231.76475828183104,24.82584351035564,0.0006,True,421,,0.82,
independent,0.97,23,se_st2,fit100_cons,25,0.9454676908213395,1130.8502461900543,226.17004923801085,,False,-1,False,0.12,0.0
independent,0.97,23,sp_ucb_st2,phi_bias,25,0.9199999999999999,457.06237045306494,41.36329403999393,0.0,False,-1,,0.91,
independent,0.97,23,se_st2,phi_bias,25,0.9199999999999999,1130.8502461900543,226.17004923801085,,False,-1,False,0.13,0.0
independent,0.97,23,sp_ucb_st2,t3,25,0.97,778.3650921275239,59.93652449263031,0.0,False,-1,,0.86,
independent,0.97,23,se_st2,t3,25,0.97,1130.8502461900543,226.1700492380109,,False,-1,False,0.11,0.0
independent,,23,sp_ucb_st2,ar7_as_ar1,25,0.7148626566112204,476.47927454517935,52.64922770191583,0.0,False,-1,,0.92,
independent,,23,se_st2,ar7_as_ar1,25,0.7148626566112204,846.9339723339376,136.93928295375449,,True,150,False,0.15,0.0388
independent,0.5,24,sp_ucb_st2,known,25,0.5,485.969506726073,73.07034117441302,0.0,False,-1,,0.82,
independent,0.5,24,se_st2,known,25,0.5,1206.954820035735,241.39096400714698,,False,-1,False,0.15,0.0
independent,0.5,24,sp_ucb_st2,fit100,25,0.4950026327090977,409.0434016241424,60.36606644054438,0.0,False,-1,,0.75,
independent,0.5,24,se_st2,fit100,25,0.4950026327090977,1206.954820035735,241.39096400714698,,False,-1,False,0.12,0.0
independent,0.5,24,sp_ucb_st2,fit365,25,0.4886720220539709,461.02098704875993,42.06403028780716,0.0,False,-1,,0.87,
independent,0.5,24,se_st2,fit365,25,0.4886720220539709,1206.954820035735,241.39096400714698,,False,-1,False,0.15,0.0
independent,0.5,24,sp_ucb_st2,fit100_cons,25,0.5474648566877085,507.7072632386208,88.2705337794483,0.0,False,-1,,0.86,
independent,0.5,24,se_st2,fit100_cons,25,0.5474648566877085,1206.954820035735,241.39096400714698,,False,-1,False,0.13,0.0
independent,0.5,24,sp_ucb_st2,phi_bias,25,0.45,475.6924656926594,53.865899273892765,0.0,False,-1,,0.84,
independent,0.5,24,se_st2,phi_bias,25,0.45,1206.954820035735,241.39096400714698,,False,-1,False,0.14,0.0
independent,0.5,24,sp_ucb_st2,t3,25,0.5,381.75785762585326,7.114814432893461,0.0,False,-1,,0.81,
independent,0.5,24,se_st2,t3,25,0.5,1206.954820035735,241.39096400714703,,False,-1,False,0.12,0.0
independent,0.9,24,sp_ucb_st2,known,25,0.9,615.8627126517924,44.381817889358054,0.0,False,-1,,0.84,
independent,0.9,24,se_st2,known,25,0.9,1206.954820035735,241.39096400714698,,False,-1,False,0.12,0.0
independent,0.9,24,sp_ucb_st2,fit100,25,0.8694455376498632,431.9128328075166,56.227349453268445,0.0,False,-1,,0.81,
independent,0.9,24,se_st2,fit100,25,0.8694455376498632,1206.954820035735,241.39096400714698,,False,-1,False,0.13,0.0
independent,0.9,24,sp_ucb_st2,fit365,25,0.8865827596788499,896.6835210340098,186.65352247893463,0.0,False,-1,,0.88,
independent,0.9,24,se_st2,fit365,25,0.8865827596788499,1206.954820035735,241.39096400714698,,False,-1,False,0.12,0.0
independent,0.9,24,sp_ucb_st2,fit100_cons,25,0.8929109784607141,818.4596267393827,168.06002856281546,0.0,False,-1,,0.88,
independent,0.9,24,se_st2,fit100_cons,25,0.8929109784607141,1206.954820035735,241.39096400714698,,False,-1,False,0.14,0.0
independent,0.9,24,sp_ucb_st2,phi_bias,25,0.85,526.114606279178,62.36208691810747,0.0,False,-1,,0.84,
independent,0.9,24,se_st2,phi_bias,25,0.85,1206.954820035735,241.39096400714698,,False,-1,False,0.12,0.0
independent,0.9,24,sp_ucb_st2,t3,25,0.9,540.6461823886245,9.665949316350533,0.0,False,-1,,0.86,
independent,0.9,24,se_st2,t3,25,0.9,1206.954820035735,241.39096400714703,,False,-1,False,0.13,0.0
independent,0.97,24,sp_ucb_st2,known,25,0.97,867.407517171059,82.02105684518473,0.0,False,-1,,0.81,
independent,0.97,24,se_st2,known,25,0.97,1206.954820035735,241.39096400714698,,False,-1,False,0.14,0.0
independent,0.97,24,sp_ucb_st2,fit100,25,0.9393163964996855,475.1851598188839,142.11848453292836,0.9426,True,284,,0.84,
independent,0.97,24,se_st2,fit100,25,0.9393163964996855,1206.954820035735,241.39096400714698,,True,700,False,0.15,0.004
independent,0.97,24,sp_ucb_st2,fit365,25,0.9584938991056824,532.3519127946861,111.95734982588795,0.0,False,-1,,0.86,
independent,0.97,24,se_st2,fit365,25,0.9584938991056824,1206.954820035735,241.39096400714698,,False,-1,False,0.12,0.0
independent,0.97,24,sp_ucb_st2,fit100_cons,25,0.9581530053677283,459.4867349635888,97.26103903908489,0.0,False,-1,,0.83,
independent,0.97,24,se_st2,fit100_cons,25,0.9581530053677283,1206.954820035735,241.39096400714698,,False,-1,False,0.18,0.0
independent,0.97,24,sp_ucb_st2,phi_bias,25,0.9199999999999999,705.0700404479953,24.81645956812335,0.0,False,-1,,0.83,
independent,0.97,24,se_st2,phi_bias,25,0.9199999999999999,1206.954820035735,241.39096400714698,,False,-1,False,0.13,0.0
independent,0.97,24,sp_ucb_st2,t3,25,0.97,461.4666531981944,0.21212807815260415,0.0,False,-1,,0.88,
independent,0.97,24,se_st2,t3,25,0.97,1206.954820035735,241.39096400714703,,False,-1,False,0.12,0.0
independent,,24,sp_ucb_st2,ar7_as_ar1,25,0.7428285935423886,565.3306684058839,140.4249626640679,0.0,False,-1,,0.87,
independent,,24,se_st2,ar7_as_ar1,25,0.7428285935423886,1170.051029012547,238.82367647369622,,True,250,False,0.2,0.0348
independent,0.5,25,sp_ucb_st2,known,25,0.5,615.2211994670804,118.73289172337223,0.0,False,-1,,0.88,
independent,0.5,25,se_st2,known,25,0.5,1216.8952992607192,243.37905985214388,,False,-1,False,0.12,0.0
independent,0.5,25,sp_ucb_st2,fit100,25,0.40097873601640366,498.2599342209681,29.460194663224037,0.0,False,-1,,0.86,
independent,0.5,25,se_st2,fit100,25,0.40097873601640366,1216.8952992607192,243.37905985214388,,False,-1,False,0.1,0.0
independent,0.5,25,sp_ucb_st2,fit365,25,0.4959875774907316,615.9927364999888,71.22353135913447,0.0,False,-1,,0.78,
independent,0.5,25,se_st2,fit365,25,0.4959875774907316,1216.8952992607192,243.37905985214388,,False,-1,False,0.12,0.0
independent,0.5,25,sp_ucb_st2,fit100_cons,25,0.4765714699136539,658.4986965845865,93.32614002958638,0.0,False,-1,,0.87,
independent,0.5,25,se_st2,fit100_cons,25,0.4765714699136539,1216.8952992607192,243.37905985214388,,False,-1,False,0.13,0.0
independent,0.5,25,sp_ucb_st2,phi_bias,25,0.45,699.739447525925,89.34808408837837,0.0,False,-1,,0.91,
independent,0.5,25,se_st2,phi_bias,25,0.45,1216.8952992607192,243.37905985214388,,False,-1,False,0.12,0.0
independent,0.5,25,sp_ucb_st2,t3,25,0.5,432.9846434260603,56.298283785521136,0.0,False,-1,,0.84,
independent,0.5,25,se_st2,t3,25,0.5,1216.8952992607192,243.37905985214383,,False,-1,False,0.15,0.0
independent,0.9,25,sp_ucb_st2,known,25,0.9,1135.8916474435869,221.5392663239993,0.0,False,-1,,0.84,
independent,0.9,25,se_st2,known,25,0.9,1216.8952992607192,243.37905985214388,,False,-1,False,0.12,0.0
independent,0.9,25,sp_ucb_st2,fit100,25,0.8531094700296674,1327.3850899330685,270.65975092666497,0.0,False,-1,,0.83,
independent,0.9,25,se_st2,fit100,25,0.8531094700296674,1216.8952992607192,243.37905985214388,,True,1825,False,0.11,0.004
independent,0.9,25,sp_ucb_st2,fit365,25,0.8955665516261923,1198.961171929162,263.1416306893064,0.0,False,-1,,0.85,
independent,0.9,25,se_st2,fit365,25,0.8955665516261923,1216.8952992607192,243.37905985214388,,False,-1,False,0.13,0.0
independent,0.9,25,sp_ucb_st2,fit100_cons,25,0.8840103982001993,742.075568292276,69.42763681423068,0.0,False,-1,,0.83,
independent,0.9,25,se_st2,fit100_cons,25,0.8840103982001993,1216.8952992607192,243.37905985214388,,False,-1,False,0.14,0.0
independent,0.9,25,sp_ucb_st2,phi_bias,25,0.85,1326.0156173359283,278.77988182943255,0.0,False,-1,,0.86,
independent,0.9,25,se_st2,phi_bias,25,0.85,1216.8952992607192,243.37905985214388,,False,-1,False,0.12,0.0
independent,0.9,25,sp_ucb_st2,t3,25,0.9,788.2612192036279,95.86432819513463,0.0,False,-1,,0.85,
independent,0.9,25,se_st2,t3,25,0.9,1216.8952992607192,243.37905985214383,,False,-1,False,0.13,0.0
independent,0.97,25,sp_ucb_st2,known,25,0.97,782.3688913150738,116.72489774454537,0.0,False,-1,,0.86,
independent,0.97,25,se_st2,known,25,0.97,1216.8952992607192,243.37905985214388,,False,-1,False,0.14,0.0
independent,0.97,25,sp_ucb_st2,fit100,25,0.9318424564491707,502.4222743898949,71.4988505002513,0.0,False,-1,,0.87,
independent,0.97,25,se_st2,fit100,25,0.9318424564491707,1216.8952992607192,243.37905985214388,,True,1825,False,0.12,0.0096
independent,0.97,25,sp_ucb_st2,fit365,25,0.9641200344588063,925.9783060304898,207.42708620289685,0.0,False,-1,,0.81,
independent,0.97,25,se_st2,fit365,25,0.9641200344588063,1216.8952992607192,243.37905985214388,,False,-1,False,0.11,0.0
independent,0.97,25,sp_ucb_st2,fit100_cons,25,0.9526454769260508,908.9392109443238,255.32868795355012,0.0,False,-1,,0.85,
independent,0.97,25,se_st2,fit100_cons,25,0.9526454769260508,1216.8952992607192,243.37905985214388,,True,1825,False,0.08,0.0094
independent,0.97,25,sp_ucb_st2,phi_bias,25,0.9199999999999999,762.6184710117095,107.25504910382743,0.0,False,-1,,0.76,
independent,0.97,25,se_st2,phi_bias,25,0.9199999999999999,1216.8952992607192,243.37905985214388,,False,-1,False,0.13,0.0
independent,0.97,25,sp_ucb_st2,t3,25,0.97,943.4200975721934,167.564137562813,0.9648,True,176,,0.82,
independent,0.97,25,se_st2,t3,25,0.97,1216.8952992607192,243.37905985214383,,False,-1,False,0.13,0.0
independent,,25,sp_ucb_st2,ar7_as_ar1,25,0.7735242270260858,613.3683830757001,111.0391525070023,0.0,False,-1,,0.87,
independent,,25,se_st2,ar7_as_ar1,25,0.7735242270260858,1169.0462561471527,224.48566399805526,,True,1825,False,0.16,0.0094
independent,0.5,26,sp_ucb_st2,known,25,0.5,387.5277707491239,87.43343543662708,0.0,False,-1,,0.87,
independent,0.5,26,se_st2,known,25,0.5,1191.2601469763351,238.252029395267,,False,-1,False,0.12,0.0
independent,0.5,26,sp_ucb_st2,fit100,25,0.47722114274859073,362.0718251711715,67.55412318440769,0.0,False,-1,,0.83,
independent,0.5,26,se_st2,fit100,25,0.47722114274859073,1191.2601469763351,238.252029395267,,False,-1,False,0.15,0.0
independent,0.5,26,sp_ucb_st2,fit365,25,0.4914443340519915,451.39250268538484,70.08424912609091,0.0,False,-1,,0.89,
independent,0.5,26,se_st2,fit365,25,0.4914443340519915,1191.2601469763351,238.252029395267,,False,-1,False,0.14,0.0
independent,0.5,26,sp_ucb_st2,fit100_cons,25,0.5664694956636549,438.56709385693097,57.22937999771075,0.0,False,-1,,0.87,
independent,0.5,26,se_st2,fit100_cons,25,0.5664694956636549,1191.2601469763351,238.252029395267,,False,-1,False,0.13,0.0
independent,0.5,26,sp_ucb_st2,phi_bias,25,0.45,380.7586402929164,71.94121250931929,0.0,False,-1,,0.89,
independent,0.5,26,se_st2,phi_bias,25,0.45,1191.2601469763351,238.252029395267,,False,-1,False,0.12,0.0
independent,0.5,26,sp_ucb_st2,t3,25,0.5,539.168114334069,83.97709276678628,0.0,False,-1,,0.87,
independent,0.5,26,se_st2,t3,25,0.5,1191.2601469763351,238.25202939526702,,False,-1,False,0.12,0.0
independent,0.9,26,sp_ucb_st2,known,25,0.9,572.3836830622504,83.79084908267194,0.0,False,-1,,0.88,
independent,0.9,26,se_st2,known,25,0.9,1191.2601469763351,238.252029395267,,False,-1,False,0.13,0.0
independent,0.9,26,sp_ucb_st2,fit100,25,0.8679701360995592,590.9702169892676,70.20842735523217,0.0,False,-1,,0.84,
independent,0.9,26,se_st2,fit100,25,0.8679701360995592,1191.2601469763351,238.252029395267,,False,-1,False,0.14,0.0
independent,0.9,26,sp_ucb_st2,fit365,25,0.8871500394366593,894.3519864016145,187.026098875942,0.0,False,-1,,0.86,
independent,0.9,26,se_st2,fit365,25,0.8871500394366593,1191.2601469763351,238.252029395267,,False,-1,False,0.11,0.0
independent,0.9,26,sp_ucb_st2,fit100_cons,25,0.8928106916785836,515.5274673738651,84.57776381538574,0.0,False,-1,,0.82,
independent,0.9,26,se_st2,fit100_cons,25,0.8928106916785836,1191.2601469763351,238.252029395267,,False,-1,False,0.11,0.0
independent,0.9,26,sp_ucb_st2,phi_bias,25,0.85,727.0898247232417,117.24786604734706,0.0,False,-1,,0.91,
independent,0.9,26,se_st2,phi_bias,25,0.85,1191.2601469763351,238.252029395267,,False,-1,False,0.1,0.0
independent,0.9,26,sp_ucb_st2,t3,25,0.9,637.4845907011459,116.28887936925754,0.0,False,-1,,0.85,
independent,0.9,26,se_st2,t3,25,0.9,1191.2601469763351,238.25202939526702,,False,-1,False,0.13,0.0
independent,0.97,26,sp_ucb_st2,known,25,0.97,907.5487533641517,122.84168796914216,0.0,False,-1,,0.85,
independent,0.97,26,se_st2,known,25,0.97,1191.2601469763351,238.252029395267,,False,-1,False,0.12,0.0
independent,0.97,26,sp_ucb_st2,fit100,25,0.9384125690293815,499.5948247818953,69.2414560646276,0.0,False,-1,,0.86,
independent,0.97,26,se_st2,fit100,25,0.9384125690293815,1191.834179799971,237.69751430647807,,False,-1,False,0.13,0.0
independent,0.97,26,sp_ucb_st2,fit365,25,0.9585417815102851,460.5215422748613,179.48056604013829,0.0,False,-1,,0.81,
independent,0.97,26,se_st2,fit365,25,0.9585417815102851,1191.2601469763351,238.252029395267,,False,-1,False,0.14,0.0
independent,0.97,26,sp_ucb_st2,fit100_cons,25,0.9597973743686432,457.74813846894705,157.9651219282684,0.0,False,-1,,0.84,
independent,0.97,26,se_st2,fit100_cons,25,0.9597973743686432,1196.7379368728803,243.72981929181202,,False,-1,False,0.12,0.0
independent,0.97,26,sp_ucb_st2,phi_bias,25,0.9199999999999999,646.758964167651,71.39548168873958,0.0,False,-1,,0.85,
independent,0.97,26,se_st2,phi_bias,25,0.9199999999999999,1191.2601469763351,238.252029395267,,False,-1,False,0.12,0.0
independent,0.97,26,sp_ucb_st2,t3,25,0.97,506.3781745250101,173.41774944366134,0.0,False,-1,,0.84,
independent,0.97,26,se_st2,t3,25,0.97,1191.2601469763351,238.25202939526702,,False,-1,False,0.12,0.0
independent,,26,sp_ucb_st2,ar7_as_ar1,25,0.7623246274177843,308.20302640010425,69.63067428969465,0.9524,True,94,,0.89,
independent,,26,se_st2,ar7_as_ar1,25,0.7623246274177843,1150.5730946880876,211.64898234873186,,False,-1,False,0.14,0.0
independent,0.5,27,sp_ucb_st2,known,25,0.5,612.8407310043764,86.19962189360537,0.0,False,-1,,0.84,
independent,0.5,27,se_st2,known,25,0.5,1191.314047635317,238.26280952706338,,False,-1,False,0.12,0.0
independent,0.5,27,sp_ucb_st2,fit100,25,0.5402369547034024,624.6622006405297,79.406371253792,0.0,False,-1,,0.86,
independent,0.5,27,se_st2,fit100,25,0.5402369547034024,1191.314047635317,238.26280952706338,,False,-1,False,0.13,0.0
independent,0.5,27,sp_ucb_st2,fit365,25,0.49807406426186035,524.9253568822946,50.15101466976233,0.0,False,-1,,0.88,
independent,0.5,27,se_st2,fit365,25,0.49807406426186035,1191.314047635317,238.26280952706338,,False,-1,False,0.12,0.0
independent,0.5,27,sp_ucb_st2,fit100_cons,25,0.6107361396382339,424.3168176293224,46.17524743878812,0.0,False,-1,,0.83,
independent,0.5,27,se_st2,fit100_cons,25,0.6107361396382339,1191.314047635317,238.26280952706338,,False,-1,False,0.12,0.0
independent,0.5,27,sp_ucb_st2,phi_bias,25,0.45,502.1183039727753,100.79023322463505,0.0,False,-1,,0.83,
independent,0.5,27,se_st2,phi_bias,25,0.45,1191.314047635317,238.26280952706338,,False,-1,False,0.15,0.0
independent,0.5,27,sp_ucb_st2,t3,25,0.5,531.3158708131173,34.0396944445478,0.0,False,-1,,0.81,
independent,0.5,27,se_st2,t3,25,0.5,1191.314047635317,238.26280952706338,,False,-1,False,0.13,0.0
independent,0.9,27,sp_ucb_st2,known,25,0.9,478.52408225403116,36.22298493170864,0.0,False,-1,,0.83,
independent,0.9,27,se_st2,known,25,0.9,1191.314047635317,238.26280952706338,,False,-1,False,0.12,0.0
independent,0.9,27,sp_ucb_st2,fit100,25,0.8883231134633933,1119.705189598973,133.68241722040844,0.0,False,-1,,0.84,
independent,0.9,27,se_st2,fit100,25,0.8883231134633933,1191.314047635317,238.26280952706338,,False,-1,False,0.12,0.0
independent,0.9,27,sp_ucb_st2,fit365,25,0.8935091898362052,730.5401647524974,142.78260904681838,0.0,False,-1,,0.81,
independent,0.9,27,se_st2,fit365,25,0.8935091898362052,1191.314047635317,238.26280952706338,,False,-1,False,0.12,0.0
independent,0.9,27,sp_ucb_st2,fit100_cons,25,0.9076771181413076,1038.6805098064274,116.05476997243586,0.0,False,-1,,0.84,
independent,0.9,27,se_st2,fit100_cons,25,0.9076771181413076,1191.314047635317,238.26280952706338,,False,-1,False,0.13,0.0
independent,0.9,27,sp_ucb_st2,phi_bias,25,0.85,881.116581797846,79.69242995726471,0.0,False,-1,,0.82,
independent,0.9,27,se_st2,phi_bias,25,0.85,1191.314047635317,238.26280952706338,,False,-1,False,0.12,0.0
independent,0.9,27,sp_ucb_st2,t3,25,0.9,823.8953375077012,111.73539136485581,0.0,False,-1,,0.82,
independent,0.9,27,se_st2,t3,25,0.9,1191.314047635317,238.26280952706338,,False,-1,False,0.13,0.0
independent,0.97,27,sp_ucb_st2,known,25,0.97,892.5553013407296,52.3205546324857,0.0,False,-1,,0.84,
independent,0.97,27,se_st2,known,25,0.97,1191.314047635317,238.26280952706338,,False,-1,False,0.13,0.0
independent,0.97,27,sp_ucb_st2,fit100,25,0.9426780515536707,539.9218424068503,124.49284661391847,0.0,False,-1,,0.72,
independent,0.97,27,se_st2,fit100,25,0.9426780515536707,1191.314047635317,238.26280952706338,,False,-1,False,0.12,0.0
independent,0.97,27,sp_ucb_st2,fit365,25,0.9636387386069519,634.8330969737071,93.0677665673141,0.0,False,-1,,0.82,
independent,0.97,27,se_st2,fit365,25,0.9636387386069519,1191.314047635317,238.26280952706338,,False,-1,False,0.14,0.0
independent,0.97,27,sp_ucb_st2,fit100_cons,25,0.9543798405161891,712.0630397138293,149.3123402985837,0.0,False,-1,,0.85,
independent,0.97,27,se_st2,fit100_cons,25,0.9543798405161891,1191.314047635317,238.26280952706338,,False,-1,False,0.15,0.0
independent,0.97,27,sp_ucb_st2,phi_bias,25,0.9199999999999999,732.4811506430099,171.01570665048513,0.0,False,-1,,0.83,
independent,0.97,27,se_st2,phi_bias,25,0.9199999999999999,1191.314047635317,238.26280952706338,,False,-1,False,0.13,0.0
independent,0.97,27,sp_ucb_st2,t3,25,0.97,547.5458248952464,42.57547747548609,0.0,False,-1,,0.84,
independent,0.97,27,se_st2,t3,25,0.97,1191.314047635317,238.26280952706338,,False,-1,False,0.13,0.0
independent,,27,sp_ucb_st2,ar7_as_ar1,25,0.7814591685197306,571.5473295468938,93.26171240793639,0.0,False,-1,,0.87,
independent,,27,se_st2,ar7_as_ar1,25,0.7814591685197306,1171.2675043271313,224.34984497620133,,False,-1,False,0.17,0.0
independent,0.5,28,sp_ucb_st2,known,25,0.5,523.5924724675212,34.67253974817186,0.0,False,-1,,0.86,
independent,0.5,28,se_st2,known,25,0.5,1160.55081642212,232.11016328442398,,False,-1,False,0.12,0.0
independent,0.5,28,sp_ucb_st2,fit100,25,0.3777931253166988,599.6260586992781,69.18722873492041,0.0,False,-1,,0.84,
independent,0.5,28,se_st2,fit100,25,0.3777931253166988,1160.55081642212,232.11016328442398,,False,-1,False,0.11,0.0
independent,0.5,28,sp_ucb_st2,fit365,25,0.45812138418929516,403.9279611609567,4.862038732941707,0.0,False,-1,,0.83,
independent,0.5,28,se_st2,fit365,25,0.45812138418929516,1160.55081642212,232.11016328442398,,False,-1,False,0.12,0.0
independent,0.5,28,sp_ucb_st2,fit100_cons,25,0.44563766961127216,499.9663375871745,42.26072810677965,0.0,False,-1,,0.85,
independent,0.5,28,se_st2,fit100_cons,25,0.44563766961127216,1160.55081642212,232.11016328442398,,False,-1,False,0.13,0.0
independent,0.5,28,sp_ucb_st2,phi_bias,25,0.45,602.9858396209462,9.449704377571122,0.0,False,-1,,0.83,
independent,0.5,28,se_st2,phi_bias,25,0.45,1160.55081642212,232.11016328442398,,False,-1,False,0.13,0.0
independent,0.5,28,sp_ucb_st2,t3,25,0.5,538.5012224848793,107.42285089190129,0.0,False,-1,,0.84,
independent,0.5,28,se_st2,t3,25,0.5,1160.5508164221199,232.11016328442398,,False,-1,False,0.12,0.0
independent,0.9,28,sp_ucb_st2,known,25,0.9,1232.02383980871,220.50660320629476,0.0,False,-1,,0.88,
independent,0.9,28,se_st2,known,25,0.9,1160.55081642212,232.11016328442398,,False,-1,False,0.14,0.0
independent,0.9,28,sp_ucb_st2,fit100,25,0.8792794480289937,960.6069326951558,126.03097434657758,0.0,False,-1,,0.87,
independent,0.9,28,se_st2,fit100,25,0.8792794480289937,1160.55081642212,232.11016328442398,,False,-1,False,0.15,0.0
independent,0.9,28,sp_ucb_st2,fit365,25,0.8831319798086819,998.224095807688,128.6714993944445,0.0,False,-1,,0.86,
independent,0.9,28,se_st2,fit365,25,0.8831319798086819,1160.55081642212,232.11016328442398,,False,-1,False,0.12,0.0
independent,0.9,28,sp_ucb_st2,fit100_cons,25,0.9003446104913515,1124.5301265993153,147.29993414470496,0.0,False,-1,,0.85,
independent,0.9,28,se_st2,fit100_cons,25,0.9003446104913515,1160.55081642212,232.11016328442398,,False,-1,False,0.16,0.0
independent,0.9,28,sp_ucb_st2,phi_bias,25,0.85,1147.4389969956057,243.38653729051458,0.0,False,-1,,0.74,
independent,0.9,28,se_st2,phi_bias,25,0.85,1160.55081642212,232.11016328442398,,False,-1,False,0.13,0.0
independent,0.9,28,sp_ucb_st2,t3,25,0.9,595.4385377659805,49.11887365891151,0.0,False,-1,,0.88,
independent,0.9,28,se_st2,t3,25,0.9,1160.5508164221199,232.11016328442398,,False,-1,False,0.14,0.0
independent,0.97,28,sp_ucb_st2,known,25,0.97,765.8014309309538,107.42735456370372,0.0,False,-1,,0.85,
independent,0.97,28,se_st2,known,25,0.97,1160.55081642212,232.11016328442398,,False,-1,False,0.14,0.0
independent,0.97,28,sp_ucb_st2,fit100,25,0.9497503258704266,1248.0501066455329,275.17962721192566,0.0,False,-1,,0.88,
independent,0.97,28,se_st2,fit100,25,0.9497503258704266,1160.55081642212,232.11016328442398,,False,-1,False,0.14,0.0
independent,0.97,28,sp_ucb_st2,fit365,25,0.9574002091916753,747.9007356351151,28.381655933890194,0.0,False,-1,,0.88,
independent,0.97,28,se_st2,fit365,25,0.9574002091916753,1160.55081642212,232.11016328442398,,False,-1,False,0.13,0.0
independent,0.97,28,sp_ucb_st2,fit100_cons,25,0.9593076193344379,990.7029027690995,103.98360270623456,0.0,False,-1,,0.87,
independent,0.97,28,se_st2,fit100_cons,25,0.9593076193344379,1160.55081642212,232.11016328442398,,False,-1,False,0.12,0.0
independent,0.97,28,sp_ucb_st2,phi_bias,25,0.9199999999999999,723.7599545857103,12.472631488090343,0.0,False,-1,,0.96,
independent,0.97,28,se_st2,phi_bias,25,0.9199999999999999,1160.55081642212,232.11016328442398,,False,-1,False,0.13,0.0
independent,0.97,28,sp_ucb_st2,t3,25,0.97,804.5124629623476,172.52063816321862,0.0,False,-1,,0.86,
independent,0.97,28,se_st2,t3,25,0.97,1160.5508164221199,232.11016328442398,,False,-1,False,0.13,0.0
independent,,28,sp_ucb_st2,ar7_as_ar1,25,0.7550289093217358,1110.6033357762371,224.5345881995072,0.0,False,-1,,0.9,
independent,,28,se_st2,ar7_as_ar1,25,0.7550289093217358,1145.2767631532786,233.99593938867997,,True,1150,False,0.13,0.0308
independent,0.5,29,sp_ucb_st2,known,25,0.5,443.22610090641933,42.63248943301029,0.0,False,-1,,0.78,
independent,0.5,29,se_st2,known,25,0.5,1210.2262836647283,242.04525673294563,,False,-1,False,0.14,0.0
independent,0.5,29,sp_ucb_st2,fit100,25,0.48539408865071243,575.9284076659484,67.44404369555429,0.0,False,-1,,0.83,
independent,0.5,29,se_st2,fit100,25,0.48539408865071243,1210.2262836647283,242.04525673294563,,False,-1,False,0.13,0.0
independent,0.5,29,sp_ucb_st2,fit365,25,0.4987474729692286,481.50987254678034,40.20511775742304,0.0,False,-1,,0.9,
independent,0.5,29,se_st2,fit365,25,0.4987474729692286,1210.2262836647283,242.04525673294563,,False,-1,False,0.14,0.0
independent,0.5,29,sp_ucb_st2,fit100_cons,25,0.5729850725303621,582.5339975850256,60.188966618995785,0.0,False,-1,,0.85,
independent,0.5,29,se_st2,fit100_cons,25,0.5729850725303621,1210.2262836647283,242.04525673294563,,False,-1,False,0.14,0.0
independent,0.5,29,sp_ucb_st2,phi_bias,25,0.45,331.57373564912666,35.60020010588174,0.0,False,-1,,0.84,
independent,0.5,29,se_st2,phi_bias,25,0.45,1210.2262836647283,242.04525673294563,,False,-1,False,0.13,0.0
independent,0.5,29,sp_ucb_st2,t3,25,0.5,417.87084969845796,51.955929680521606,0.7564,True,1218,,0.89,
independent,0.5,29,se_st2,t3,25,0.5,1210.2262836647283,242.0452567329456,,False,-1,False,0.13,0.0
independent,0.9,29,sp_ucb_st2,known,25,0.9,973.1770565472652,247.58278133602727,0.0,False,-1,,0.85,
independent,0.9,29,se_st2,known,25,0.9,1210.2262836647283,242.04525673294563,,False,-1,False,0.12,0.0
independent,0.9,29,sp_ucb_st2,fit100,25,0.8856243627059109,744.9169327478999,59.62248215793396,0.0,False,-1,,0.78,
independent,0.9,29,se_st2,fit100,25,0.8856243627059109,1210.2262836647283,242.04525673294563,,False,-1,False,0.11,0.0
independent,0.9,29,sp_ucb_st2,fit365,25,0.9031154263514267,768.3309255811021,54.336123512737295,0.0,False,-1,,0.84,
independent,0.9,29,se_st2,fit365,25,0.9031154263514267,1210.2262836647283,242.04525673294563,,False,-1,False,0.13,0.0
independent,0.9,29,sp_ucb_st2,fit100_cons,25,0.9037905013807614,1140.3226768753675,213.61869522573124,0.0,False,-1,,0.83,
independent,0.9,29,se_st2,fit100_cons,25,0.9037905013807614,1210.2262836647283,242.04525673294563,,False,-1,False,0.14,0.0
independent,0.9,29,sp_ucb_st2,phi_bias,25,0.85,784.7831131239041,90.89065744215128,0.0,False,-1,,0.87,
independent,0.9,29,se_st2,phi_bias,25,0.85,1210.2262836647283,242.04525673294563,,False,-1,False,0.13,0.0
independent,0.9,29,sp_ucb_st2,t3,25,0.9,782.3610099950024,142.0492856705581,0.0,False,-1,,0.88,
independent,0.9,29,se_st2,t3,25,0.9,1210.2262836647283,242.0452567329456,,False,-1,False,0.12,0.0
independent,0.97,29,sp_ucb_st2,known,25,0.97,1094.3898418761025,190.1704233797821,0.0,False,-1,,0.86,
independent,0.97,29,se_st2,known,25,0.97,1210.2262836647283,242.04525673294563,,False,-1,False,0.12,0.0
independent,0.97,29,sp_ucb_st2,fit100,25,0.9406498811164448,647.0205008676069,125.16127214012823,0.0,False,-1,,0.82,
independent,0.97,29,se_st2,fit100,25,0.9406498811164448,1210.2262836647283,242.04525673294563,,False,-1,False,0.14,0.0
independent,0.97,29,sp_ucb_st2,fit365,25,0.9669186751629472,1161.0819748094357,277.4180004823508,0.0,False,-1,,0.8,
independent,0.97,29,se_st2,fit365,25,0.9669186751629472,1210.2262836647283,242.04525673294563,,False,-1,False,0.13,0.0
independent,0.97,29,sp_ucb_st2,fit100_cons,25,0.9578841416161201,1021.5246401549971,357.349033861088,0.0,False,-1,,0.83,
independent,0.97,29,se_st2,fit100_cons,25,0.9578841416161201,1210.2262836647283,242.04525673294563,,False,-1,False,0.12,0.0
independent,0.97,29,sp_ucb_st2,phi_bias,25,0.9199999999999999,868.0015288747105,186.8703885394351,0.0,False,-1,,0.85,
independent,0.97,29,se_st2,phi_bias,25,0.9199999999999999,1210.2262836647283,242.04525673294563,,False,-1,False,0.13,0.0
independent,0.97,29,sp_ucb_st2,t3,25,0.97,683.7810213037878,150.59609468958564,0.0,False,-1,,0.87,
independent,0.97,29,se_st2,t3,25,0.97,1210.2262836647283,242.0452567329456,,False,-1,False,0.11,0.0
independent,,29,sp_ucb_st2,ar7_as_ar1,25,0.7847158281678339,1402.3109439863056,317.3117933324006,0.0,False,-1,,0.88,
independent,,29,se_st2,ar7_as_ar1,25,0.7847158281678339,1210.2262836647283,242.04525673294563,,False,-1,False,0.17,0.0
correlated,0.5,0,sp_ucb_st2,known,25,0.5,477.1690191121338,47.247621833730776,0.0,False,-1,,0.88,
correlated,0.5,0,se_st2,known,25,0.5,1143.5444276382075,228.70888552764148,,False,-1,False,0.15,0.0
correlated,0.5,0,sp_ucb_st2,fit100,25,0.4061399637046338,521.5071948655569,36.79193631197463,0.0,False,-1,,0.83,
correlated,0.5,0,se_st2,fit100,25,0.4061399637046338,1143.5444276382075,228.70888552764148,,False,-1,False,0.13,0.0
correlated,0.5,0,sp_ucb_st2,fit365,25,0.45753893659400946,769.2201155718734,38.863375396260366,0.0,False,-1,,0.84,
correlated,0.5,0,se_st2,fit365,25,0.45753893659400946,1143.5444276382075,228.70888552764148,,False,-1,False,0.13,0.0
correlated,0.5,0,sp_ucb_st2,fit100_cons,25,0.47426262031805577,474.9260613419722,60.512829977010036,0.0,False,-1,,0.87,
correlated,0.5,0,se_st2,fit100_cons,25,0.47426262031805577,1143.5444276382075,228.70888552764148,,False,-1,False,0.14,0.0
correlated,0.5,0,sp_ucb_st2,phi_bias,25,0.45,382.7862825414598,33.934688114239506,0.0,False,-1,,0.84,
correlated,0.5,0,se_st2,phi_bias,25,0.45,1143.5444276382075,228.70888552764148,,False,-1,False,0.13,0.0
correlated,0.5,0,sp_ucb_st2,ignore_corr,25,0.5,536.0666555813806,46.097533814976444,0.0,False,-1,,0.87,
correlated,0.5,0,se_st2,ignore_corr,25,0.5,1143.5444276382075,228.70888552764148,,False,-1,False,0.14,0.0
correlated,0.5,0,sp_ucb_st2,t3,25,0.5,604.3530761008885,42.56382109600594,0.0,False,-1,,0.85,
correlated,0.5,0,se_st2,t3,25,0.5,1143.5444276382077,228.70888552764148,,False,-1,False,0.13,0.0
correlated,0.9,0,sp_ucb_st2,known,25,0.9,826.3429507793694,103.91482346411264,0.0,False,-1,,0.82,
correlated,0.9,0,se_st2,known,25,0.9,1143.5444276382075,228.70888552764148,,False,-1,False,0.12,0.0
correlated,0.9,0,sp_ucb_st2,fit100,25,0.8539175747310631,993.2315284288173,219.32619445871512,0.0,False,-1,,0.85,
correlated,0.9,0,se_st2,fit100,25,0.8539175747310631,1143.5444276382075,228.70888552764148,,False,-1,False,0.14,0.0
correlated,0.9,0,sp_ucb_st2,fit365,25,0.8960518085321337,854.5821631413454,82.71764052796726,0.0,False,-1,,0.84,
correlated,0.9,0,se_st2,fit365,25,0.8960518085321337,1143.5444276382075,228.70888552764148,,False,-1,False,0.14,0.0
correlated,0.9,0,sp_ucb_st2,fit100_cons,25,0.8779413362409891,815.0824509243625,50.5862089913047,0.0,False,-1,,0.83,
correlated,0.9,0,se_st2,fit100_cons,25,0.8779413362409891,1143.5444276382075,228.70888552764148,,False,-1,False,0.12,0.0
correlated,0.9,0,sp_ucb_st2,phi_bias,25,0.85,861.2358719177678,82.41097475504652,0.0,False,-1,,0.82,
correlated,0.9,0,se_st2,phi_bias,25,0.85,1143.5444276382075,228.70888552764148,,False,-1,False,0.17,0.0
correlated,0.9,0,sp_ucb_st2,ignore_corr,25,0.9,969.0219733624593,71.59249749816225,0.0,False,-1,,0.84,
correlated,0.9,0,se_st2,ignore_corr,25,0.9,1143.5444276382075,228.70888552764148,,False,-1,False,0.13,0.0
correlated,0.9,0,sp_ucb_st2,t3,25,0.9,848.1461830044393,56.59590458100529,0.0,False,-1,,0.84,
correlated,0.9,0,se_st2,t3,25,0.9,1143.5444276382077,228.70888552764148,,False,-1,False,0.12,0.0
correlated,0.97,0,sp_ucb_st2,known,25,0.97,1014.7535677674699,98.45615424384886,0.0,False,-1,,0.89,
correlated,0.97,0,se_st2,known,25,0.97,1143.5444276382075,228.70888552764148,,False,-1,False,0.13,0.0
correlated,0.97,0,sp_ucb_st2,fit100,25,0.9254035552408635,1354.738816808716,272.66375014106177,0.3954,True,3023,,0.83,
correlated,0.97,0,se_st2,fit100,25,0.9254035552408635,1143.5444276382075,228.70888552764148,,False,-1,False,0.13,0.0
correlated,0.97,0,sp_ucb_st2,fit365,25,0.9619033253508192,1259.0512636225137,152.78006239692144,0.0,False,-1,,0.93,
correlated,0.97,0,se_st2,fit365,25,0.9619033253508192,1143.5444276382075,228.70888552764148,,False,-1,False,0.13,0.0
correlated,0.97,0,sp_ucb_st2,fit100_cons,25,0.9403708948642645,1139.9365140721975,112.7833430712776,0.0,False,-1,,0.87,
correlated,0.97,0,se_st2,fit100_cons,25,0.9403708948642645,1143.5444276382075,228.70888552764148,,False,-1,False,0.12,0.0
correlated,0.97,0,sp_ucb_st2,phi_bias,25,0.9199999999999999,1029.1727020835192,134.39277295416957,0.0,False,-1,,0.78,
correlated,0.97,0,se_st2,phi_bias,25,0.9199999999999999,1143.5444276382075,228.70888552764148,,False,-1,False,0.11,0.0
correlated,0.97,0,sp_ucb_st2,ignore_corr,25,0.97,1334.281445215714,237.75892382546616,0.0,False,-1,,0.78,
correlated,0.97,0,se_st2,ignore_corr,25,0.97,1143.5444276382075,228.70888552764148,,False,-1,False,0.11,0.0
correlated,0.97,0,sp_ucb_st2,t3,25,0.97,660.6435205130294,118.78067103431272,0.0,False,-1,,0.86,
correlated,0.97,0,se_st2,t3,25,0.97,1143.5444276382077,228.70888552764148,,False,-1,False,0.12,0.0
correlated,,0,sp_ucb_st2,ar7_as_ar1,25,0.740129286032002,1118.1163794502606,55.798263677010695,0.0,False,-1,,0.82,
correlated,,0,se_st2,ar7_as_ar1,25,0.740129286032002,1143.5444276382075,228.70888552764148,,False,-1,False,0.16,0.0
correlated,0.5,1,sp_ucb_st2,known,25,0.5,733.3085350835831,58.54105703642787,0.0,False,-1,,0.9,
correlated,0.5,1,se_st2,known,25,0.5,1240.330611073357,248.0661222146714,,False,-1,False,0.11,0.0
correlated,0.5,1,sp_ucb_st2,fit100,25,0.4425279572701923,598.2402860578936,52.150951725391444,0.0,False,-1,,0.84,
correlated,0.5,1,se_st2,fit100,25,0.4425279572701923,1240.330611073357,248.0661222146714,,False,-1,False,0.11,0.0
correlated,0.5,1,sp_ucb_st2,fit365,25,0.47639732701426585,652.2489597969064,68.60959672791094,0.0,False,-1,,0.88,
correlated,0.5,1,se_st2,fit365,25,0.47639732701426585,1240.330611073357,248.0661222146714,,False,-1,False,0.12,0.0
correlated,0.5,1,sp_ucb_st2,fit100_cons,25,0.5099263751306381,683.2381786988809,99.2459928194471,0.0,False,-1,,0.82,
correlated,0.5,1,se_st2,fit100_cons,25,0.5099263751306381,1240.330611073357,248.0661222146714,,False,-1,False,0.14,0.0
correlated,0.5,1,sp_ucb_st2,phi_bias,25,0.45,626.2251003188069,42.15869172440024,0.0,False,-1,,0.82,
correlated,0.5,1,se_st2,phi_bias,25,0.45,1240.330611073357,248.0661222146714,,False,-1,False,0.13,0.0
correlated,0.5,1,sp_ucb_st2,ignore_corr,25,0.5,716.4003812053271,183.0713236617285,0.0,False,-1,,0.83,
correlated,0.5,1,se_st2,ignore_corr,25,0.5,1240.330611073357,248.0661222146714,,False,-1,False,0.14,0.0
correlated,0.5,1,sp_ucb_st2,t3,25,0.5,620.3431534879126,92.02066716422993,0.0,False,-1,,0.89,
correlated,0.5,1,se_st2,t3,25,0.5,1240.330611073357,248.0661222146714,,False,-1,False,0.11,0.0
correlated,0.9,1,sp_ucb_st2,known,25,0.9,757.1800652816081,136.3112824885814,0.0,False,-1,,0.85,
correlated,0.9,1,se_st2,known,25,0.9,1240.330611073357,248.0661222146714,,False,-1,False,0.12,0.0
correlated,0.9,1,sp_ucb_st2,fit100,25,0.8605048105532018,1008.7571701058889,222.07241570407876,0.0,False,-1,,0.83,
correlated,0.9,1,se_st2,fit100,25,0.8605048105532018,1240.330611073357,248.0661222146714,,False,-1,False,0.14,0.0
correlated,0.9,1,sp_ucb_st2,fit365,25,0.8894071777230064,807.3961427268989,80.71474283209504,0.0,False,-1,,0.83,
correlated,0.9,1,se_st2,fit365,25,0.8894071777230064,1240.330611073357,248.0661222146714,,False,-1,False,0.13,0.0
correlated,0.9,1,sp_ucb_st2,fit100_cons,25,0.8749081193052066,951.9481081510818,262.2783226951755,0.0,False,-1,,0.78,
correlated,0.9,1,se_st2,fit100_cons,25,0.8749081193052066,1240.330611073357,248.0661222146714,,False,-1,False,0.1,0.0
correlated,0.9,1,sp_ucb_st2,phi_bias,25,0.85,814.2870827867742,276.13753903127497,0.0,False,-1,,0.85,
correlated,0.9,1,se_st2,phi_bias,25,0.85,1240.330611073357,248.0661222146714,,False,-1,False,0.13,0.0
correlated,0.9,1,sp_ucb_st2,ignore_corr,25,0.9,969.5291913112138,128.37389826984798,0.0,False,-1,,0.85,
correlated,0.9,1,se_st2,ignore_corr,25,0.9,1240.330611073357,248.0661222146714,,False,-1,False,0.12,0.0
correlated,0.9,1,sp_ucb_st2,t3,25,0.9,885.4394478705829,153.13235029952384,0.0,False,-1,,0.85,
correlated,0.9,1,se_st2,t3,25,0.9,1240.330611073357,248.0661222146714,,False,-1,False,0.13,0.0
correlated,0.97,1,sp_ucb_st2,known,25,0.97,938.3907982108443,130.0990760593866,0.0,False,-1,,0.83,
correlated,0.97,1,se_st2,known,25,0.97,1240.330611073357,248.0661222146714,,False,-1,False,0.13,0.0
correlated,0.97,1,sp_ucb_st2,fit100,25,0.9315691600800194,475.6058447094164,2.423080920539328,0.0,False,-1,,0.86,
correlated,0.97,1,se_st2,fit100,25,0.9315691600800194,1240.330611073357,248.0661222146714,,False,-1,False,0.14,0.0
correlated,0.97,1,sp_ucb_st2,fit365,25,0.9625768970069084,637.8718286386331,127.69478173480957,0.0,False,-1,,0.89,
correlated,0.97,1,se_st2,fit365,25,0.9625768970069084,1240.330611073357,248.0661222146714,,False,-1,False,0.13,0.0
correlated,0.97,1,sp_ucb_st2,fit100_cons,25,0.9456200939578036,1295.466274655099,363.2410171431102,0.0,False,-1,,0.79,
correlated,0.97,1,se_st2,fit100_cons,25,0.9456200939578036,1240.330611073357,248.0661222146714,,False,-1,False,0.13,0.0
correlated,0.97,1,sp_ucb_st2,phi_bias,25,0.9199999999999999,734.8290606712701,173.24300506620966,0.0,False,-1,,0.83,
correlated,0.97,1,se_st2,phi_bias,25,0.9199999999999999,1240.330611073357,248.0661222146714,,False,-1,False,0.13,0.0
correlated,0.97,1,sp_ucb_st2,ignore_corr,25,0.97,1185.601865035579,305.72480512414893,0.0,False,-1,,0.86,
correlated,0.97,1,se_st2,ignore_corr,25,0.97,1240.330611073357,248.0661222146714,,False,-1,False,0.12,0.0
correlated,0.97,1,sp_ucb_st2,t3,25,0.97,1092.8113948082835,158.51841703312436,0.0,False,-1,,0.8,
correlated,0.97,1,se_st2,t3,25,0.97,1240.330611073357,248.0661222146714,,False,-1,False,0.12,0.0
correlated,,1,sp_ucb_st2,ar7_as_ar1,25,0.7941561045287658,584.3357476889412,40.9596017566449,0.9906,True,45,,0.9,
correlated,,1,se_st2,ar7_as_ar1,25,0.7941561045287658,1240.330611073357,248.0661222146714,,True,25,False,0.16,0.0086
correlated,0.5,2,sp_ucb_st2,known,25,0.5,655.3098920599497,24.733626865300856,0.0,False,-1,,0.79,
correlated,0.5,2,se_st2,known,25,0.5,1158.3949585054145,231.6789917010829,,False,-1,False,0.14,0.0
correlated,0.5,2,sp_ucb_st2,fit100,25,0.37760390730258825,486.9207126697925,47.35165769779463,0.0,False,-1,,0.89,
correlated,0.5,2,se_st2,fit100,25,0.37760390730258825,1158.3949585054145,231.6789917010829,,False,-1,False,0.13,0.0
correlated,0.5,2,sp_ucb_st2,fit365,25,0.4982034572081352,552.7505746524314,107.25807974516928,0.0,False,-1,,0.8,
correlated,0.5,2,se_st2,fit365,25,0.4982034572081352,1158.3949585054145,231.6789917010829,,False,-1,False,0.13,0.0
correlated,0.5,2,sp_ucb_st2,fit100_cons,25,0.4694508756231404,508.1727819842352,86.8322866233748,0.0,False,-1,,0.84,
correlated,0.5,2,se_st2,fit100_cons,25,0.4694508756231404,1158.3949585054145,231.6789917010829,,False,-1,False,0.16,0.0
correlated,0.5,2,sp_ucb_st2,phi_bias,25,0.45,411.18258869945635,67.62419256229532,0.0,False,-1,,0.88,
correlated,0.5,2,se_st2,phi_bias,25,0.45,1158.3949585054145,231.6789917010829,,False,-1,False,0.13,0.0
correlated,0.5,2,sp_ucb_st2,ignore_corr,25,0.5,543.2771207308194,70.26065920018,0.0,False,-1,,0.91,
correlated,0.5,2,se_st2,ignore_corr,25,0.5,1158.3949585054145,231.6789917010829,,False,-1,False,0.13,0.0
correlated,0.5,2,sp_ucb_st2,t3,25,0.5,566.5928451783707,36.832606593661566,0.0,False,-1,,0.88,
correlated,0.5,2,se_st2,t3,25,0.5,1158.3949585054145,231.67899170108288,,False,-1,False,0.12,0.0
correlated,0.9,2,sp_ucb_st2,known,25,0.9,803.2238937606584,116.50441327747606,0.0,False,-1,,0.83,
correlated,0.9,2,se_st2,known,25,0.9,1158.3949585054145,231.6789917010829,,False,-1,False,0.13,0.0
correlated,0.9,2,sp_ucb_st2,fit100,25,0.8552270898410564,816.6820464507798,79.1418085703658,0.0002,True,127,,0.72,
correlated,0.9,2,se_st2,fit100,25,0.8552270898410564,1158.3949585054145,231.6789917010829,,False,-1,False,0.1,0.0
correlated,0.9,2,sp_ucb_st2,fit365,25,0.9097959094160425,825.5690102778906,123.61576672318571,0.0,False,-1,,0.86,
correlated,0.9,2,se_st2,fit365,25,0.9097959094160425,1158.3949585054145,231.6789917010829,,False,-1,False,0.12,0.0
correlated,0.9,2,sp_ucb_st2,fit100_cons,25,0.8775852311851069,755.8303417079364,64.6896567090573,0.0002,True,127,,0.85,
correlated,0.9,2,se_st2,fit100_cons,25,0.8775852311851069,1158.3949585054145,231.6789917010829,,False,-1,False,0.12,0.0
correlated,0.9,2,sp_ucb_st2,phi_bias,25,0.85,599.435326364093,29.54365601349995,0.0,False,-1,,0.87,
correlated,0.9,2,se_st2,phi_bias,25,0.85,1158.3949585054145,231.6789917010829,,False,-1,False,0.11,0.0
correlated,0.9,2,sp_ucb_st2,ignore_corr,25,0.9,837.4622209695171,124.00056932281998,0.0,False,-1,,0.76,
correlated,0.9,2,se_st2,ignore_corr,25,0.9,1158.3949585054145,231.6789917010829,,False,-1,False,0.13,0.0
correlated,0.9,2,sp_ucb_st2,t3,25,0.9,941.2739924102792,159.99830783622565,0.0,False,-1,,0.8,
correlated,0.9,2,se_st2,t3,25,0.9,1158.3949585054145,231.67899170108288,,False,-1,False,0.13,0.0
correlated,0.97,2,sp_ucb_st2,known,25,0.97,660.6895712417302,170.34105748096675,0.0,False,-1,,0.84,
correlated,0.97,2,se_st2,known,25,0.97,1158.3949585054145,231.6789917010829,,False,-1,False,0.12,0.0
correlated,0.97,2,sp_ucb_st2,fit100,25,0.9394097742592737,657.6214946202961,24.95506718664787,0.0,False,-1,,0.85,
correlated,0.97,2,se_st2,fit100,25,0.9394097742592737,1158.3949585054145,231.6789917010829,,False,-1,False,0.14,0.0
correlated,0.97,2,sp_ucb_st2,fit365,25,0.971635794317151,957.9041844616806,154.402690709316,0.0,False,-1,,0.83,
correlated,0.97,2,se_st2,fit365,25,0.971635794317151,1158.3949585054145,231.6789917010829,,False,-1,False,0.12,0.0
correlated,0.97,2,sp_ucb_st2,fit100_cons,25,0.9506254455458938,985.6919734034568,181.28622481710735,0.0,False,-1,,0.84,
correlated,0.97,2,se_st2,fit100_cons,25,0.9506254455458938,1158.3949585054145,231.6789917010829,,False,-1,False,0.13,0.0
correlated,0.97,2,sp_ucb_st2,phi_bias,25,0.9199999999999999,972.862122805057,216.36607308026447,0.0,False,-1,,0.91,
correlated,0.97,2,se_st2,phi_bias,25,0.9199999999999999,1158.3949585054145,231.6789917010829,,False,-1,False,0.11,0.0
correlated,0.97,2,sp_ucb_st2,ignore_corr,25,0.97,971.9378205948965,102.63993545154821,0.0,False,-1,,0.86,
correlated,0.97,2,se_st2,ignore_corr,25,0.97,1158.3949585054145,231.6789917010829,,False,-1,False,0.12,0.0
correlated,0.97,2,sp_ucb_st2,t3,25,0.97,939.8698643573534,218.07065917751015,0.0,False,-1,,0.84,
correlated,0.97,2,se_st2,t3,25,0.97,1158.3949585054145,231.67899170108288,,False,-1,False,0.12,0.0
correlated,,2,sp_ucb_st2,ar7_as_ar1,25,0.8165684531710197,736.6807852890926,76.11407367194064,0.0,False,-1,,0.87,
correlated,,2,se_st2,ar7_as_ar1,25,0.8165684531710197,1158.3949585054145,231.6789917010829,,True,325,False,0.16,0.0074
correlated,0.5,3,sp_ucb_st2,known,25,0.5,386.4825477939002,22.681985587251827,0.0,False,-1,,0.83,
correlated,0.5,3,se_st2,known,25,0.5,1143.7630492466692,228.75260984933385,,False,-1,False,0.13,0.0
correlated,0.5,3,sp_ucb_st2,fit100,25,0.5193878454402224,446.984857614992,68.6927376590292,0.0,False,-1,,0.84,
correlated,0.5,3,se_st2,fit100,25,0.5193878454402224,1143.7630492466692,228.75260984933385,,False,-1,False,0.15,0.0
correlated,0.5,3,sp_ucb_st2,fit365,25,0.5168479136922959,504.3581575823902,85.7194817428278,0.0,False,-1,,0.87,
correlated,0.5,3,se_st2,fit365,25,0.5168479136922959,1143.7630492466692,228.75260984933385,,False,-1,False,0.13,0.0
correlated,0.5,3,sp_ucb_st2,fit100_cons,25,0.6008035964407114,598.0969415691412,108.90105206129977,0.0,False,-1,,0.9,
correlated,0.5,3,se_st2,fit100_cons,25,0.6008035964407114,1143.7630492466692,228.75260984933385,,False,-1,False,0.13,0.0
correlated,0.5,3,sp_ucb_st2,phi_bias,25,0.45,415.8149454968865,58.345368370711434,0.0,False,-1,,0.85,
correlated,0.5,3,se_st2,phi_bias,25,0.45,1143.7630492466692,228.75260984933385,,False,-1,False,0.12,0.0
correlated,0.5,3,sp_ucb_st2,ignore_corr,25,0.5,350.48573868290663,54.537745598483454,0.0,False,-1,,0.87,
correlated,0.5,3,se_st2,ignore_corr,25,0.5,1143.7630492466692,228.75260984933385,,False,-1,False,0.11,0.0
correlated,0.5,3,sp_ucb_st2,t3,25,0.5,498.12871483078965,30.25290401269609,0.0,False,-1,,0.83,
correlated,0.5,3,se_st2,t3,25,0.5,1143.7630492466694,228.7526098493339,,False,-1,False,0.13,0.0
correlated,0.9,3,sp_ucb_st2,known,25,0.9,604.6375094453944,85.4797939672194,0.0,False,-1,,0.84,
correlated,0.9,3,se_st2,known,25,0.9,1143.7630492466692,228.75260984933385,,False,-1,False,0.13,0.0
correlated,0.9,3,sp_ucb_st2,fit100,25,0.8827297273201059,833.729177033184,140.69201153171414,0.0,False,-1,,0.88,
correlated,0.9,3,se_st2,fit100,25,0.8827297273201059,1143.7630492466692,228.75260984933385,,False,-1,False,0.12,0.0
correlated,0.9,3,sp_ucb_st2,fit365,25,0.9040067032913834,895.3531283093611,148.91933923250318,0.0,False,-1,,0.91,
correlated,0.9,3,se_st2,fit365,25,0.9040067032913834,1143.7630492466692,228.75260984933385,,False,-1,False,0.13,0.0
correlated,0.9,3,sp_ucb_st2,fit100_cons,25,0.9120335326546642,651.0730598009297,166.9794625924576,0.0,False,-1,,0.82,
correlated,0.9,3,se_st2,fit100_cons,25,0.9120335326546642,1143.7630492466692,228.75260984933385,,False,-1,False,0.14,0.0
correlated,0.9,3,sp_ucb_st2,phi_bias,25,0.85,989.7684838571736,255.62569278067002,0.0,False,-1,,0.87,
correlated,0.9,3,se_st2,phi_bias,25,0.85,1143.7630492466692,228.75260984933385,,False,-1,False,0.15,0.0
correlated,0.9,3,sp_ucb_st2,ignore_corr,25,0.9,733.6146168536613,135.1333067359725,0.0,False,-1,,0.87,
correlated,0.9,3,se_st2,ignore_corr,25,0.9,1143.7630492466692,228.75260984933385,,False,-1,False,0.15,0.0
correlated,0.9,3,sp_ucb_st2,t3,25,0.9,777.8516202498369,130.51101481367482,0.0,False,-1,,0.87,
correlated,0.9,3,se_st2,t3,25,0.9,1143.7630492466694,228.7526098493339,,False,-1,False,0.12,0.0
correlated,0.97,3,sp_ucb_st2,known,25,0.97,909.6427265508031,133.7353921545713,0.0,False,-1,,0.9,
correlated,0.97,3,se_st2,known,25,0.97,1143.7630492466692,228.75260984933385,,False,-1,False,0.12,0.0
correlated,0.97,3,sp_ucb_st2,fit100,25,0.9381015354721792,736.1834465203874,106.2838189128058,0.0,False,-1,,0.82,
correlated,0.97,3,se_st2,fit100,25,0.9381015354721792,1143.7630492466692,228.75260984933385,,False,-1,False,0.14,0.0
correlated,0.97,3,sp_ucb_st2,fit365,25,0.9657054529910309,873.4065329096657,143.53775527900854,0.0,False,-1,,0.89,
correlated,0.97,3,se_st2,fit365,25,0.9657054529910309,1143.7630492466692,228.75260984933385,,False,-1,False,0.11,0.0
correlated,0.97,3,sp_ucb_st2,fit100_cons,25,0.9522581578804167,1181.9233960292997,231.88973684103195,0.0,False,-1,,0.87,
correlated,0.97,3,se_st2,fit100_cons,25,0.9522581578804167,1143.7630492466692,228.75260984933385,,False,-1,False,0.13,0.0
correlated,0.97,3,sp_ucb_st2,phi_bias,25,0.9199999999999999,1097.6935404282976,123.0681718348223,0.0,False,-1,,0.82,
correlated,0.97,3,se_st2,phi_bias,25,0.9199999999999999,1143.7630492466692,228.75260984933385,,False,-1,False,0.14,0.0
correlated,0.97,3,sp_ucb_st2,ignore_corr,25,0.97,817.1887321524945,128.77957033466112,0.0,False,-1,,0.85,
correlated,0.97,3,se_st2,ignore_corr,25,0.97,1143.7630492466692,228.75260984933385,,False,-1,False,0.16,0.0
correlated,0.97,3,sp_ucb_st2,t3,25,0.97,1048.4804297212631,138.58609235557182,0.0,False,-1,,0.81,
correlated,0.97,3,se_st2,t3,25,0.97,1143.7630492466694,228.7526098493339,,False,-1,False,0.12,0.0
correlated,,3,sp_ucb_st2,ar7_as_ar1,25,0.7727105433839547,310.9971836233013,105.66544823521984,0.0004,True,4647,,0.9,
correlated,,3,se_st2,ar7_as_ar1,25,0.7727105433839547,1143.7630492466692,228.75260984933385,,False,-1,False,0.16,0.0
correlated,0.5,4,sp_ucb_st2,known,25,0.5,418.97037034468127,67.5449610175661,0.0,False,-1,,0.83,
correlated,0.5,4,se_st2,known,25,0.5,1205.2120691112846,241.0424138222569,,False,-1,False,0.15,0.0
correlated,0.5,4,sp_ucb_st2,fit100,25,0.42177020893030415,521.7666309549684,48.62532931931244,0.0,False,-1,,0.85,
correlated,0.5,4,se_st2,fit100,25,0.42177020893030415,1205.2120691112846,241.0424138222569,,False,-1,False,0.13,0.0
correlated,0.5,4,sp_ucb_st2,fit365,25,0.50034547135458,472.389709415897,41.82884311382938,0.0,False,-1,,0.87,
correlated,0.5,4,se_st2,fit365,25,0.50034547135458,1205.2120691112846,241.0424138222569,,False,-1,False,0.12,0.0
correlated,0.5,4,sp_ucb_st2,fit100_cons,25,0.4986872532621782,374.9530573954894,31.146713660711626,0.0,False,-1,,0.84,
correlated,0.5,4,se_st2,fit100_cons,25,0.4986872532621782,1205.2120691112846,241.0424138222569,,False,-1,False,0.12,0.0
correlated,0.5,4,sp_ucb_st2,phi_bias,25,0.45,627.9849385699866,134.72130262449474,0.0,False,-1,,0.89,
correlated,0.5,4,se_st2,phi_bias,25,0.45,1205.2120691112846,241.0424138222569,,False,-1,False,0.16,0.0
correlated,0.5,4,sp_ucb_st2,ignore_corr,25,0.5,485.3383535448914,45.45399316571522,0.0,False,-1,,0.88,
correlated,0.5,4,se_st2,ignore_corr,25,0.5,1205.2120691112846,241.0424138222569,,False,-1,False,0.15,0.0
correlated,0.5,4,sp_ucb_st2,t3,25,0.5,555.4448966959228,38.98679079599501,0.0002,True,186,,0.87,
correlated,0.5,4,se_st2,t3,25,0.5,1205.2120691112846,241.04241382225695,,False,-1,False,0.15,0.0
correlated,0.9,4,sp_ucb_st2,known,25,0.9,558.8392869134865,39.89665832257849,0.0,False,-1,,0.9,
correlated,0.9,4,se_st2,known,25,0.9,1205.2120691112846,241.0424138222569,,False,-1,False,0.12,0.0
correlated,0.9,4,sp_ucb_st2,fit100,25,0.8750511670159183,864.9134382298049,79.49728805666501,0.0,False,-1,,0.87,
correlated,0.9,4,se_st2,fit100,25,0.8750511670159183,1205.2120691112846,241.0424138222569,,False,-1,False,0.16,0.0
correlated,0.9,4,sp_ucb_st2,fit365,25,0.8980433586549635,683.8623218564062,74.83124183964195,0.0,False,-1,,0.9,
correlated,0.9,4,se_st2,fit365,25,0.8980433586549635,1205.2120691112846,241.0424138222569,,False,-1,False,0.13,0.0
correlated,0.9,4,sp_ucb_st2,fit100_cons,25,0.9009708520195752,598.7549085104057,105.29944849786688,0.0,False,-1,,0.99,
correlated,0.9,4,se_st2,fit100_cons,25,0.9009708520195752,1205.2120691112846,241.0424138222569,,False,-1,False,0.12,0.0
correlated,0.9,4,sp_ucb_st2,phi_bias,25,0.85,1054.0533330837945,195.46356202614243,0.0,False,-1,,0.87,
correlated,0.9,4,se_st2,phi_bias,25,0.85,1205.2120691112846,241.0424138222569,,False,-1,False,0.14,0.0
correlated,0.9,4,sp_ucb_st2,ignore_corr,25,0.9,517.3688934959622,32.759752115267844,0.0,False,-1,,0.89,
correlated,0.9,4,se_st2,ignore_corr,25,0.9,1205.2120691112846,241.0424138222569,,False,-1,False,0.13,0.0
correlated,0.9,4,sp_ucb_st2,t3,25,0.9,1064.8198209501982,224.50254090418127,0.0,False,-1,,0.84,
correlated,0.9,4,se_st2,t3,25,0.9,1205.2120691112846,241.04241382225695,,False,-1,False,0.12,0.0
correlated,0.97,4,sp_ucb_st2,known,25,0.97,1251.7149514386304,274.0485065217737,0.0,False,-1,,0.88,
correlated,0.97,4,se_st2,known,25,0.97,1205.2120691112846,241.0424138222569,,False,-1,False,0.12,0.0
correlated,0.97,4,sp_ucb_st2,fit100,25,0.954278168820219,767.058639681131,61.661657187522096,0.0,False,-1,,0.87,
correlated,0.97,4,se_st2,fit100,25,0.954278168820219,1205.2120691112846,241.0424138222569,,False,-1,False,0.13,0.0
correlated,0.97,4,sp_ucb_st2,fit365,25,0.965786832169089,629.3993765076295,49.86525224219547,0.0,False,-1,,0.82,
correlated,0.97,4,se_st2,fit365,25,0.965786832169089,1205.2120691112846,241.0424138222569,,False,-1,False,0.15,0.0
correlated,0.97,4,sp_ucb_st2,fit100_cons,25,0.9682929037277842,739.2164296479295,168.09788441329158,0.0,False,-1,,0.81,
correlated,0.97,4,se_st2,fit100_cons,25,0.9682929037277842,1205.2120691112846,241.0424138222569,,False,-1,False,0.12,0.0
correlated,0.97,4,sp_ucb_st2,phi_bias,25,0.9199999999999999,949.9639714149865,41.20382159792288,0.0,False,-1,,0.88,
correlated,0.97,4,se_st2,phi_bias,25,0.9199999999999999,1205.2120691112846,241.0424138222569,,False,-1,False,0.13,0.0
correlated,0.97,4,sp_ucb_st2,ignore_corr,25,0.97,935.3851760130786,48.419748193717574,0.0,False,-1,,0.85,
correlated,0.97,4,se_st2,ignore_corr,25,0.97,1205.2120691112846,241.0424138222569,,False,-1,False,0.12,0.0
correlated,0.97,4,sp_ucb_st2,t3,25,0.97,737.859228026598,67.32224948951503,0.0,False,-1,,0.86,
correlated,0.97,4,se_st2,t3,25,0.97,1205.2120691112846,241.04241382225695,,False,-1,False,0.14,0.0
correlated,,4,sp_ucb_st2,ar7_as_ar1,25,0.7785828341950741,596.7135744526122,23.550484398961522,0.0,False,-1,,0.93,
correlated,,4,se_st2,ar7_as_ar1,25,0.7785828341950741,1204.2393773075241,240.06972201849626,,True,200,False,0.16,0.0158
correlated,0.5,5,sp_ucb_st2,known,25,0.5,467.05786419772903,32.24086150594404,0.0,False,-1,,0.82,
correlated,0.5,5,se_st2,known,25,0.5,1137.7181953546628,227.54363907093258,,False,-1,False,0.13,0.0
correlated,0.5,5,sp_ucb_st2,fit100,25,0.3907711408576741,383.9732859557664,54.62762369242773,0.0,False,-1,,0.85,
correlated,0.5,5,se_st2,fit100,25,0.3907711408576741,1137.7181953546628,227.54363907093258,,False,-1,False,0.12,0.0
correlated,0.5,5,sp_ucb_st2,fit365,25,0.4767317433953797,473.4663338976632,56.11282167902715,0.0,False,-1,,0.83,
correlated,0.5,5,se_st2,fit365,25,0.4767317433953797,1137.7181953546628,227.54363907093258,,False,-1,False,0.13,0.0
correlated,0.5,5,sp_ucb_st2,fit100_cons,25,0.47250989964913104,407.21612611833945,13.846031688402613,0.0,False,-1,,0.88,
correlated,0.5,5,se_st2,fit100_cons,25,0.47250989964913104,1137.7181953546628,227.54363907093258,,False,-1,False,0.13,0.0
correlated,0.5,5,sp_ucb_st2,phi_bias,25,0.45,671.5349442394888,53.83291817127462,0.0,False,-1,,0.86,
correlated,0.5,5,se_st2,phi_bias,25,0.45,1137.7181953546628,227.54363907093258,,False,-1,False,0.14,0.0
correlated,0.5,5,sp_ucb_st2,ignore_corr,25,0.5,556.0741392625018,63.82837006182598,0.0,False,-1,,0.85,
correlated,0.5,5,se_st2,ignore_corr,25,0.5,1137.7181953546628,227.54363907093258,,False,-1,False,0.13,0.0
correlated,0.5,5,sp_ucb_st2,t3,25,0.5,326.5794275989899,27.358783030952253,0.0,False,-1,,0.85,
correlated,0.5,5,se_st2,t3,25,0.5,1137.718195354663,227.54363907093258,,False,-1,False,0.13,0.0
correlated,0.9,5,sp_ucb_st2,known,25,0.9,612.8820111671397,75.19356201689169,0.0,False,-1,,0.9,
correlated,0.9,5,se_st2,known,25,0.9,1137.7181953546628,227.54363907093258,,False,-1,False,0.17,0.0
correlated,0.9,5,sp_ucb_st2,fit100,25,0.8471512705132946,743.0006578636089,58.42821556079653,0.0,False,-1,,0.86,
correlated,0.9,5,se_st2,fit100,25,0.8471512705132946,1137.7181953546628,227.54363907093258,,False,-1,False,0.12,0.0
correlated,0.9,5,sp_ucb_st2,fit365,25,0.8879186728134794,829.3546125250598,60.57502603460057,0.0,False,-1,,0.98,
correlated,0.9,5,se_st2,fit365,25,0.8879186728134794,1137.7181953546628,227.54363907093258,,False,-1,False,0.15,0.0
correlated,0.9,5,sp_ucb_st2,fit100_cons,25,0.8689537684806077,493.07871123994204,58.968642050123805,0.0,False,-1,,0.85,
correlated,0.9,5,se_st2,fit100_cons,25,0.8689537684806077,1137.7181953546628,227.54363907093258,,False,-1,False,0.12,0.0
correlated,0.9,5,sp_ucb_st2,phi_bias,25,0.85,557.815318218345,51.04499271866391,0.0,False,-1,,0.97,
correlated,0.9,5,se_st2,phi_bias,25,0.85,1137.7181953546628,227.54363907093258,,False,-1,False,0.13,0.0
correlated,0.9,5,sp_ucb_st2,ignore_corr,25,0.9,631.2225069731811,74.84684485251015,0.0,False,-1,,0.81,
correlated,0.9,5,se_st2,ignore_corr,25,0.9,1137.7181953546628,227.54363907093258,,False,-1,False,0.16,0.0
correlated,0.9,5,sp_ucb_st2,t3,25,0.9,648.9065475951943,104.49776853054513,0.0,False,-1,,1.02,
correlated,0.9,5,se_st2,t3,25,0.9,1137.718195354663,227.54363907093258,,False,-1,False,0.15,0.0
correlated,0.97,5,sp_ucb_st2,known,25,0.97,733.5779856350914,95.78955339267466,0.0,False,-1,,0.96,
correlated,0.97,5,se_st2,known,25,0.97,1137.7181953546628,227.54363907093258,,False,-1,False,0.18,0.0
correlated,0.97,5,sp_ucb_st2,fit100,25,0.9249742809203334,758.3369336445136,42.099566550294384,0.9232,True,270,,0.95,
correlated,0.97,5,se_st2,fit100,25,0.9249742809203334,1137.7181953546628,227.54363907093258,,True,425,False,0.12,0.008
correlated,0.97,5,sp_ucb_st2,fit365,25,0.9607409846239138,756.8845511132427,146.60585282513048,0.0,False,-1,,0.97,
correlated,0.97,5,se_st2,fit365,25,0.9607409846239138,1137.7181953546628,227.54363907093258,,False,-1,False,0.16,0.0
correlated,0.97,5,sp_ucb_st2,fit100_cons,25,0.9391214909730922,1052.6131595323172,91.23031978698552,0.9214,True,390,,0.87,
correlated,0.97,5,se_st2,fit100_cons,25,0.9391214909730922,1137.7181953546628,227.54363907093258,,True,425,False,0.13,0.008
correlated,0.97,5,sp_ucb_st2,phi_bias,25,0.9199999999999999,642.6009576331383,30.49116322371424,0.0,False,-1,,1.02,
correlated,0.97,5,se_st2,phi_bias,25,0.9199999999999999,1137.7181953546628,227.54363907093258,,False,-1,False,0.14,0.0
correlated,0.97,5,sp_ucb_st2,ignore_corr,25,0.97,1205.7021399230052,195.93032663415957,0.0,False,-1,,0.82,
correlated,0.97,5,se_st2,ignore_corr,25,0.97,1137.7181953546628,227.54363907093258,,False,-1,False,0.13,0.0
correlated,0.97,5,sp_ucb_st2,t3,25,0.97,707.6406256113211,124.40684477854435,0.0,False,-1,,0.97,
correlated,0.97,5,se_st2,t3,25,0.97,1137.718195354663,227.54363907093258,,False,-1,False,0.13,0.0
correlated,,5,sp_ucb_st2,ar7_as_ar1,25,0.7651271071651385,1416.5998852164644,265.34416997136316,0.9468,True,266,,0.89,
correlated,,5,se_st2,ar7_as_ar1,25,0.7651271071651385,1188.3867133350946,240.95049945673242,,True,425,False,0.16,0.0366
correlated,0.5,6,sp_ucb_st2,known,25,0.5,392.21542351629216,53.71778893311327,0.0,False,-1,,0.88,
correlated,0.5,6,se_st2,known,25,0.5,1155.5440132838962,231.10880265677923,,False,-1,False,0.11,0.0
correlated,0.5,6,sp_ucb_st2,fit100,25,0.4076285243460238,403.0045557269376,59.991320528921314,0.0,False,-1,,0.8,
correlated,0.5,6,se_st2,fit100,25,0.4076285243460238,1155.5440132838962,231.10880265677923,,False,-1,False,0.13,0.0
correlated,0.5,6,sp_ucb_st2,fit365,25,0.48129869319644075,429.49538009760437,42.608165975253726,0.0,False,-1,,0.84,
correlated,0.5,6,se_st2,fit365,25,0.48129869319644075,1155.5440132838962,231.10880265677923,,False,-1,False,0.14,0.0
correlated,0.5,6,sp_ucb_st2,fit100_cons,25,0.46478559476588344,350.5847366762531,42.99670977169032,0.0,False,-1,,0.85,
correlated,0.5,6,se_st2,fit100_cons,25,0.46478559476588344,1155.5440132838962,231.10880265677923,,False,-1,False,0.1,0.0
correlated,0.5,6,sp_ucb_st2,phi_bias,25,0.45,380.45195610326755,45.30813829863478,0.0,False,-1,,0.85,
correlated,0.5,6,se_st2,phi_bias,25,0.45,1155.5440132838962,231.10880265677923,,False,-1,False,0.13,0.0
correlated,0.5,6,sp_ucb_st2,ignore_corr,25,0.5,332.07498149521905,37.95987460818236,0.0,False,-1,,0.77,
correlated,0.5,6,se_st2,ignore_corr,25,0.5,1155.5440132838962,231.10880265677923,,False,-1,False,0.12,0.0
correlated,0.5,6,sp_ucb_st2,t3,25,0.5,445.3374996571277,43.00106265450954,0.0,False,-1,,0.81,
correlated,0.5,6,se_st2,t3,25,0.5,1155.5440132838962,231.10880265677923,,False,-1,False,0.13,0.0
correlated,0.9,6,sp_ucb_st2,known,25,0.9,1064.6610936344005,57.72764691453972,0.0,False,-1,,0.85,
correlated,0.9,6,se_st2,known,25,0.9,1155.5440132838962,231.10880265677923,,False,-1,False,0.13,0.0
correlated,0.9,6,sp_ucb_st2,fit100,25,0.8469696161668162,846.9756163256274,153.8095065425955,0.0,False,-1,,0.87,
correlated,0.9,6,se_st2,fit100,25,0.8469696161668162,1155.5440132838962,231.10880265677923,,True,225,False,0.14,0.0012
correlated,0.9,6,sp_ucb_st2,fit365,25,0.8949487214105504,849.5405721771831,106.81285728461295,0.0,False,-1,,0.85,
correlated,0.9,6,se_st2,fit365,25,0.8949487214105504,1155.5440132838962,231.10880265677923,,False,-1,False,0.15,0.0
correlated,0.9,6,sp_ucb_st2,fit100_cons,25,0.867004745165929,855.1195864476209,179.5626398038288,0.0,False,-1,,0.83,
correlated,0.9,6,se_st2,fit100_cons,25,0.867004745165929,1155.5440132838962,231.10880265677923,,False,-1,False,0.12,0.0
correlated,0.9,6,sp_ucb_st2,phi_bias,25,0.85,1447.0844913122962,286.00311319972707,0.9134,True,433,,0.83,
correlated,0.9,6,se_st2,phi_bias,25,0.85,1155.5440132838962,231.10880265677923,,False,-1,False,0.13,0.0
correlated,0.9,6,sp_ucb_st2,ignore_corr,25,0.9,1027.4316208461291,171.0886370170096,0.0,False,-1,,0.83,
correlated,0.9,6,se_st2,ignore_corr,25,0.9,1155.5440132838962,231.10880265677923,,False,-1,False,0.13,0.0
correlated,0.9,6,sp_ucb_st2,t3,25,0.9,604.9906160637768,81.3289378362754,0.0,False,-1,,0.87,
correlated,0.9,6,se_st2,t3,25,0.9,1155.5440132838962,231.10880265677923,,False,-1,False,0.13,0.0
correlated,0.97,6,sp_ucb_st2,known,25,0.97,1342.0838480277193,278.8853749833718,0.0,False,-1,,0.87,
correlated,0.97,6,se_st2,known,25,0.97,1155.5440132838962,231.10880265677923,,False,-1,False,0.13,0.0
correlated,0.97,6,sp_ucb_st2,fit100,25,0.925797679192122,704.3749512785123,64.45992791201084,0.0,False,-1,,0.85,
correlated,0.97,6,se_st2,fit100,25,0.925797679192122,1155.5440132838962,231.10880265677923,,True,125,False,0.12,0.006
correlated,0.97,6,sp_ucb_st2,fit365,25,0.9658214133453145,1037.3586241471116,179.8050761875055,0.0,False,-1,,0.86,
correlated,0.97,6,se_st2,fit365,25,0.9658214133453145,1155.5440132838962,231.10880265677923,,False,-1,False,0.14,0.0
correlated,0.97,6,sp_ucb_st2,fit100_cons,25,0.9513313691046281,1312.056854588493,218.46258646190103,0.0,False,-1,,0.88,
correlated,0.97,6,se_st2,fit100_cons,25,0.9513313691046281,1155.5440132838962,231.10880265677923,,False,-1,False,0.15,0.0
correlated,0.97,6,sp_ucb_st2,phi_bias,25,0.9199999999999999,1421.316332405927,269.845620722581,0.0,False,-1,,0.85,
correlated,0.97,6,se_st2,phi_bias,25,0.9199999999999999,1155.5440132838962,231.10880265677923,,False,-1,False,0.13,0.0
correlated,0.97,6,sp_ucb_st2,ignore_corr,25,0.97,735.3478293956598,136.1324353441041,0.0,False,-1,,0.88,
correlated,0.97,6,se_st2,ignore_corr,25,0.97,1155.5440132838962,231.10880265677923,,False,-1,False,0.13,0.0
correlated,0.97,6,sp_ucb_st2,t3,25,0.97,945.368139496503,140.17800094098553,0.0,False,-1,,0.84,
correlated,0.97,6,se_st2,t3,25,0.97,1155.5440132838962,231.10880265677923,,False,-1,False,0.14,0.0
correlated,,6,sp_ucb_st2,ar7_as_ar1,25,0.7869778828227579,506.84247668986734,56.008075841374094,0.0,False,-1,,0.89,
correlated,,6,se_st2,ar7_as_ar1,25,0.7869778828227579,1155.5440132838962,231.10880265677923,,False,-1,False,0.17,0.0
correlated,0.5,7,sp_ucb_st2,known,25,0.5,354.9861374362606,48.0478641132093,0.0,False,-1,,0.89,
correlated,0.5,7,se_st2,known,25,0.5,1170.6597186078411,234.1319437215682,,False,-1,False,0.13,0.0
correlated,0.5,7,sp_ucb_st2,fit100,25,0.4570245539876963,323.3750692487174,52.62458745271718,0.0,False,-1,,0.86,
correlated,0.5,7,se_st2,fit100,25,0.4570245539876963,1170.6597186078411,234.1319437215682,,False,-1,False,0.13,0.0
correlated,0.5,7,sp_ucb_st2,fit365,25,0.5084397921092261,254.99927353816,26.604920142475166,0.0,False,-1,,0.89,
correlated,0.5,7,se_st2,fit365,25,0.5084397921092261,1170.6597186078411,234.1319437215682,,False,-1,False,0.12,0.0
correlated,0.5,7,sp_ucb_st2,fit100_cons,25,0.5178935599925324,380.1330844100182,91.82653965355641,0.0,False,-1,,0.82,
correlated,0.5,7,se_st2,fit100_cons,25,0.5178935599925324,1170.6597186078411,234.1319437215682,,False,-1,False,0.13,0.0
correlated,0.5,7,sp_ucb_st2,phi_bias,25,0.45,342.915119231051,55.89843046066766,0.0,False,-1,,0.8,
correlated,0.5,7,se_st2,phi_bias,25,0.45,1170.6597186078411,234.1319437215682,,False,-1,False,0.12,0.0
correlated,0.5,7,sp_ucb_st2,ignore_corr,25,0.5,322.7446118590228,52.00987255065334,0.0,False,-1,,0.81,
correlated,0.5,7,se_st2,ignore_corr,25,0.5,1170.6597186078411,234.1319437215682,,False,-1,False,0.13,0.0
correlated,0.5,7,sp_ucb_st2,t3,25,0.5,240.70581594273108,45.23864513591366,0.0004,True,52,,0.86,
correlated,0.5,7,se_st2,t3,25,0.5,1170.6597186078411,234.13194372156818,,True,25,False,0.13,0.004
correlated,0.9,7,sp_ucb_st2,known,25,0.9,729.5366681403498,131.3799896947022,0.0,False,-1,,0.86,
correlated,0.9,7,se_st2,known,25,0.9,1170.6597186078411,234.1319437215682,,False,-1,False,0.14,0.0
correlated,0.9,7,sp_ucb_st2,fit100,25,0.8657422335475167,364.42032124504505,55.22059387460419,0.0,False,-1,,0.87,
correlated,0.9,7,se_st2,fit100,25,0.8657422335475167,1170.6597186078411,234.1319437215682,,False,-1,False,0.14,0.0
correlated,0.9,7,sp_ucb_st2,fit365,25,0.8920638800402956,364.08626848268216,36.08838181554147,0.0,False,-1,,0.86,
correlated,0.9,7,se_st2,fit365,25,0.8920638800402956,1170.6597186078411,234.1319437215682,,False,-1,False,0.13,0.0
correlated,0.9,7,sp_ucb_st2,fit100_cons,25,0.8882546237800637,410.35936867291275,57.41677252033952,0.0,False,-1,,0.84,
correlated,0.9,7,se_st2,fit100_cons,25,0.8882546237800637,1170.6597186078411,234.1319437215682,,False,-1,False,0.12,0.0
correlated,0.9,7,sp_ucb_st2,phi_bias,25,0.85,541.305504137058,141.52313293632474,0.0,False,-1,,0.81,
correlated,0.9,7,se_st2,phi_bias,25,0.85,1170.6597186078411,234.1319437215682,,False,-1,False,0.13,0.0
correlated,0.9,7,sp_ucb_st2,ignore_corr,25,0.9,575.3884803882946,101.79153714949373,0.0,False,-1,,0.84,
correlated,0.9,7,se_st2,ignore_corr,25,0.9,1170.6597186078411,234.1319437215682,,False,-1,False,0.13,0.0
correlated,0.9,7,sp_ucb_st2,t3,25,0.9,634.5484660039231,182.94099577113406,0.9948,True,26,,0.89,
correlated,0.9,7,se_st2,t3,25,0.9,1170.6597186078411,234.13194372156818,,True,25,False,0.14,0.004
correlated,0.97,7,sp_ucb_st2,known,25,0.97,487.68750807681835,82.00737831003295,0.0,False,-1,,0.84,
correlated,0.97,7,se_st2,known,25,0.97,1170.6597186078411,234.1319437215682,,False,-1,False,0.13,0.0
correlated,0.97,7,sp_ucb_st2,fit100,25,0.9290172963993196,704.6694134710274,109.3720814227419,0.0,False,-1,,0.84,
correlated,0.97,7,se_st2,fit100,25,0.9290172963993196,1170.6597186078411,234.1319437215682,,False,-1,False,0.13,0.0
correlated,0.97,7,sp_ucb_st2,fit365,25,0.9596811049333726,498.06196639154734,72.92909305139682,0.0,False,-1,,0.97,
correlated,0.97,7,se_st2,fit365,25,0.9596811049333726,1170.6597186078411,234.1319437215682,,False,-1,False,0.14,0.0
correlated,0.97,7,sp_ucb_st2,fit100_cons,25,0.9473032875560878,296.8038576780664,35.214946277206465,0.0,False,-1,,0.84,
correlated,0.97,7,se_st2,fit100_cons,25,0.9473032875560878,1170.6597186078411,234.1319437215682,,False,-1,False,0.14,0.0
correlated,0.97,7,sp_ucb_st2,phi_bias,25,0.9199999999999999,373.04120139893996,32.55475741657415,0.0,False,-1,,0.76,
correlated,0.97,7,se_st2,phi_bias,25,0.9199999999999999,1170.6597186078411,234.1319437215682,,False,-1,False,0.09,0.0
correlated,0.97,7,sp_ucb_st2,ignore_corr,25,0.97,572.4936700829631,65.62826253383236,0.0,False,-1,,0.81,
correlated,0.97,7,se_st2,ignore_corr,25,0.97,1170.6597186078411,234.1319437215682,,False,-1,False,0.12,0.0
correlated,0.97,7,sp_ucb_st2,t3,25,0.97,482.9397062577674,114.10899841784715,0.9948,True,26,,0.84,
correlated,0.97,7,se_st2,t3,25,0.97,1170.6597186078411,234.13194372156818,,True,25,False,0.13,0.004
correlated,,7,sp_ucb_st2,ar7_as_ar1,25,0.7446088839930874,178.4396582536508,36.921360407244535,0.0,False,-1,,0.83,
correlated,,7,se_st2,ar7_as_ar1,25,0.7446088839930874,587.0354348058618,31.945877688504567,,True,50,False,0.18,0.0048
correlated,0.5,8,sp_ucb_st2,known,25,0.5,395.92677640609156,72.66428866635049,0.0,False,-1,,0.85,
correlated,0.5,8,se_st2,known,25,0.5,1156.9935069014205,231.39870138028408,,False,-1,False,0.14,0.0
correlated,0.5,8,sp_ucb_st2,fit100,25,0.43702100625043644,443.6082344681169,34.092401566374534,0.0,False,-1,,0.87,
correlated,0.5,8,se_st2,fit100,25,0.43702100625043644,1156.9935069014205,231.39870138028408,,False,-1,False,0.14,0.0
correlated,0.5,8,sp_ucb_st2,fit365,25,0.4700158099382577,383.45599950928295,44.39072304627812,0.0,False,-1,,0.84,
correlated,0.5,8,se_st2,fit365,25,0.4700158099382577,1156.9935069014205,231.39870138028408,,False,-1,False,0.14,0.0
correlated,0.5,8,sp_ucb_st2,fit100_cons,25,0.5364353405061755,449.3634205140614,46.92607089985294,0.0,False,-1,,0.86,
correlated,0.5,8,se_st2,fit100_cons,25,0.5364353405061755,1156.9935069014205,231.39870138028408,,False,-1,False,0.14,0.0
correlated,0.5,8,sp_ucb_st2,phi_bias,25,0.45,464.50280315788495,73.38963419633163,0.0,False,-1,,0.8,
correlated,0.5,8,se_st2,phi_bias,25,0.45,1156.9935069014205,231.39870138028408,,False,-1,False,0.14,0.0
correlated,0.5,8,sp_ucb_st2,ignore_corr,25,0.5,379.4260552167771,40.916721027853576,0.0,False,-1,,0.92,
correlated,0.5,8,se_st2,ignore_corr,25,0.5,1156.9935069014205,231.39870138028408,,False,-1,False,0.14,0.0
correlated,0.5,8,sp_ucb_st2,t3,25,0.5,344.9767127575003,35.504977369574625,0.0,False,-1,,0.86,
correlated,0.5,8,se_st2,t3,25,0.5,1156.9935069014205,231.39870138028408,,False,-1,False,0.13,0.0
correlated,0.9,8,sp_ucb_st2,known,25,0.9,679.3661614401026,97.38145754591491,0.0,False,-1,,0.93,
correlated,0.9,8,se_st2,known,25,0.9,1156.9935069014205,231.39870138028408,,False,-1,False,0.14,0.0
correlated,0.9,8,sp_ucb_st2,fit100,25,0.8608084020091242,619.5171194206391,42.704652139011884,0.0,False,-1,,0.92,
correlated,0.9,8,se_st2,fit100,25,0.8608084020091242,1156.9935069014205,231.39870138028408,,False,-1,False,0.14,0.0
correlated,0.9,8,sp_ucb_st2,fit365,25,0.8823491579037723,386.8672683784079,23.333037373598884,0.0,False,-1,,0.98,
correlated,0.9,8,se_st2,fit365,25,0.8823491579037723,1156.9935069014205,231.39870138028408,,False,-1,False,0.13,0.0
correlated,0.9,8,sp_ucb_st2,fit100_cons,25,0.8914298562542191,711.3787867223314,83.59882514379703,0.0,False,-1,,0.94,
correlated,0.9,8,se_st2,fit100_cons,25,0.8914298562542191,1156.9935069014205,231.39870138028408,,False,-1,False,0.15,0.0
correlated,0.9,8,sp_ucb_st2,phi_bias,25,0.85,664.8419125601501,34.166672316319634,0.0,False,-1,,0.97,
correlated,0.9,8,se_st2,phi_bias,25,0.85,1156.9935069014205,231.39870138028408,,False,-1,False,0.14,0.0
correlated,0.9,8,sp_ucb_st2,ignore_corr,25,0.9,477.42900713509437,40.015550398425276,0.0,False,-1,,0.92,
correlated,0.9,8,se_st2,ignore_corr,25,0.9,1156.9935069014205,231.39870138028408,,False,-1,False,0.17,0.0
correlated,0.9,8,sp_ucb_st2,t3,25,0.9,559.3732376212729,40.87460082198787,0.0,False,-1,,1.01,
correlated,0.9,8,se_st2,t3,25,0.9,1156.9935069014205,231.39870138028408,,False,-1,False,0.18,0.0
correlated,0.97,8,sp_ucb_st2,known,25,0.97,557.6041069694509,162.9091793940493,0.0,False,-1,,0.91,
correlated,0.97,8,se_st2,known,25,0.97,1156.9935069014205,231.39870138028408,,False,-1,False,0.18,0.0
correlated,0.97,8,sp_ucb_st2,fit100,25,0.934419662883892,294.99380141466617,28.353768249416007,0.0,False,-1,,1.12,
correlated,0.97,8,se_st2,fit100,25,0.934419662883892,1156.9935069014205,231.39870138028408,,False,-1,False,0.16,0.0
correlated,0.97,8,sp_ucb_st2,fit365,25,0.9602716602616231,668.7233831137029,89.71176781231135,0.0,False,-1,,1.04,
correlated,0.97,8,se_st2,fit365,25,0.9602716602616231,1156.9935069014205,231.39870138028408,,False,-1,False,0.16,0.0
correlated,0.97,8,sp_ucb_st2,fit100_cons,25,0.9515444428966425,540.1429782788845,109.94681834143834,0.0,False,-1,,1.16,
correlated,0.97,8,se_st2,fit100_cons,25,0.9515444428966425,1156.9935069014205,231.39870138028408,,False,-1,False,0.15,0.0
correlated,0.97,8,sp_ucb_st2,phi_bias,25,0.9199999999999999,1219.0353306330016,206.86225496305514,0.0,False,-1,,1.1,
correlated,0.97,8,se_st2,phi_bias,25,0.9199999999999999,1156.9935069014205,231.39870138028408,,False,-1,False,0.17,0.0
correlated,0.97,8,sp_ucb_st2,ignore_corr,25,0.97,866.421299391275,183.8241255187621,0.0,False,-1,,1.16,
correlated,0.97,8,se_st2,ignore_corr,25,0.97,1156.9935069014205,231.39870138028408,,False,-1,False,0.18,0.0
correlated,0.97,8,sp_ucb_st2,t3,25,0.97,535.6231438276866,75.06785347907477,0.0,False,-1,,1.1,
correlated,0.97,8,se_st2,t3,25,0.97,1156.9935069014205,231.39870138028408,,False,-1,False,0.17,0.0
correlated,,8,sp_ucb_st2,ar7_as_ar1,25,0.7688024951548682,192.2157233555026,10.992627738043097,0.0002,True,122,,1.24,
correlated,,8,se_st2,ar7_as_ar1,25,0.7688024951548682,1118.516209891813,211.14375269821033,,True,1600,False,0.24,0.0272
correlated,0.5,9,sp_ucb_st2,known,25,0.5,409.678854922955,61.45801578971146,0.0,False,-1,,1.16,
correlated,0.5,9,se_st2,known,25,0.5,1184.5866510523958,236.91733021047915,,False,-1,False,0.19,0.0
correlated,0.5,9,sp_ucb_st2,fit100,25,0.4663601756946187,464.99019637702315,66.98835438845988,0.0,False,-1,,1.15,
correlated,0.5,9,se_st2,fit100,25,0.4663601756946187,1184.5866510523958,236.91733021047915,,False,-1,False,0.15,0.0
correlated,0.5,9,sp_ucb_st2,fit365,25,0.4860008487897184,545.0532478301668,61.02358912260484,0.0,False,-1,,1.12,
correlated,0.5,9,se_st2,fit365,25,0.4860008487897184,1184.5866510523958,236.91733021047915,,False,-1,False,0.2,0.0
correlated,0.5,9,sp_ucb_st2,fit100_cons,25,0.5617205602735252,462.7562866962011,89.18126548721719,0.0,False,-1,,1.18,
correlated,0.5,9,se_st2,fit100_cons,25,0.5617205602735252,1184.5866510523958,236.91733021047915,,False,-1,False,0.19,0.0
correlated,0.5,9,sp_ucb_st2,phi_bias,25,0.45,490.14518056597495,70.36820514569374,0.0,False,-1,,1.25,
correlated,0.5,9,se_st2,phi_bias,25,0.45,1184.5866510523958,236.91733021047915,,False,-1,False,0.16,0.0
correlated,0.5,9,sp_ucb_st2,ignore_corr,25,0.5,436.752834990572,45.171809335282134,0.0,False,-1,,1.16,
correlated,0.5,9,se_st2,ignore_corr,25,0.5,1184.5866510523958,236.91733021047915,,False,-1,False,0.18,0.0
correlated,0.5,9,sp_ucb_st2,t3,25,0.5,518.7723777055326,136.3287676617827,0.0,False,-1,,1.13,
correlated,0.5,9,se_st2,t3,25,0.5,1184.5866510523956,236.91733021047918,,False,-1,False,0.17,0.0
correlated,0.9,9,sp_ucb_st2,known,25,0.9,802.5800515903261,228.16442163636384,0.0,False,-1,,1.14,
correlated,0.9,9,se_st2,known,25,0.9,1184.5866510523958,236.91733021047915,,False,-1,False,0.16,0.0
correlated,0.9,9,sp_ucb_st2,fit100,25,0.8687025752138955,638.0046429717795,81.88271806556686,0.0,False,-1,,1.18,
correlated,0.9,9,se_st2,fit100,25,0.8687025752138955,1184.5866510523958,236.91733021047915,,False,-1,False,0.19,0.0
correlated,0.9,9,sp_ucb_st2,fit365,25,0.884194037852705,779.9340610459166,172.47111410880945,0.0,False,-1,,1.12,
correlated,0.9,9,se_st2,fit365,25,0.884194037852705,1184.5866510523958,236.91733021047915,,False,-1,False,0.12,0.0
correlated,0.9,9,sp_ucb_st2,fit100_cons,25,0.8967334602006356,550.6097383021752,58.96092806935157,0.0,False,-1,,1.13,
correlated,0.9,9,se_st2,fit100_cons,25,0.8967334602006356,1184.5866510523958,236.91733021047915,,False,-1,False,0.17,0.0
correlated,0.9,9,sp_ucb_st2,phi_bias,25,0.85,981.4207074830525,155.49532556080766,0.0,False,-1,,1.1,
correlated,0.9,9,se_st2,phi_bias,25,0.85,1184.5866510523958,236.91733021047915,,False,-1,False,0.16,0.0
correlated,0.9,9,sp_ucb_st2,ignore_corr,25,0.9,691.2397580880996,188.25747049160697,0.0,False,-1,,1.15,
correlated,0.9,9,se_st2,ignore_corr,25,0.9,1184.5866510523958,236.91733021047915,,False,-1,False,0.14,0.0
correlated,0.9,9,sp_ucb_st2,t3,25,0.9,1004.5451384986484,200.2796915362038,0.0,False,-1,,1.02,
correlated,0.9,9,se_st2,t3,25,0.9,1184.5866510523956,236.91733021047918,,False,-1,False,0.16,0.0
correlated,0.97,9,sp_ucb_st2,known,25,0.97,1072.7804225372656,106.42507418212526,0.0,False,-1,,1.08,
correlated,0.97,9,se_st2,known,25,0.97,1184.5866510523958,236.91733021047915,,False,-1,False,0.17,0.0
correlated,0.97,9,sp_ucb_st2,fit100,25,0.9247665344779364,799.6457385802041,249.3174085963314,0.0,False,-1,,1.15,
correlated,0.97,9,se_st2,fit100,25,0.9247665344779364,1184.5866510523958,236.91733021047915,,False,-1,False,0.18,0.0
correlated,0.97,9,sp_ucb_st2,fit365,25,0.959698285936409,924.338303484677,238.83187191570295,0.0,False,-1,,1.11,
correlated,0.97,9,se_st2,fit365,25,0.959698285936409,1184.5866510523958,236.91733021047915,,False,-1,False,0.17,0.0
correlated,0.97,9,sp_ucb_st2,fit100_cons,25,0.9417177061450317,883.6562963445779,276.25239086403633,0.0,False,-1,,1.06,
correlated,0.97,9,se_st2,fit100_cons,25,0.9417177061450317,1184.5866510523958,236.91733021047915,,False,-1,False,0.17,0.0
correlated,0.97,9,sp_ucb_st2,phi_bias,25,0.9199999999999999,1210.5680080185766,251.05779463400464,0.0,False,-1,,1.13,
correlated,0.97,9,se_st2,phi_bias,25,0.9199999999999999,1184.5866510523958,236.91733021047915,,False,-1,False,0.19,0.0
correlated,0.97,9,sp_ucb_st2,ignore_corr,25,0.97,934.7000295903483,240.54331648767953,0.0,False,-1,,1.07,
correlated,0.97,9,se_st2,ignore_corr,25,0.97,1184.5866510523958,236.91733021047915,,False,-1,False,0.18,0.0
correlated,0.97,9,sp_ucb_st2,t3,25,0.97,1348.6697373365728,214.0621810921306,0.0,False,-1,,1.08,
correlated,0.97,9,se_st2,t3,25,0.97,1184.5866510523956,236.91733021047918,,False,-1,False,0.16,0.0
correlated,,9,sp_ucb_st2,ar7_as_ar1,25,0.7514929787106582,633.3330144380363,235.3922884235626,0.0,False,-1,,1.16,
correlated,,9,se_st2,ar7_as_ar1,25,0.7514929787106582,1184.5866510523958,236.91733021047915,,True,1375,False,0.21,0.004
correlated,0.5,10,sp_ucb_st2,known,25,0.5,583.4665896051679,43.115716244477035,0.0,False,-1,,1.12,
correlated,0.5,10,se_st2,known,25,0.5,1175.29658468306,235.05931693661194,,False,-1,False,0.15,0.0
correlated,0.5,10,sp_ucb_st2,fit100,25,0.4127155231895389,578.7365171526629,0.0,0.0,False,-1,,1.12,
correlated,0.5,10,se_st2,fit100,25,0.4127155231895389,1175.29658468306,235.05931693661194,,False,-1,False,0.17,0.0
correlated,0.5,10,sp_ucb_st2,fit365,25,0.472391658226789,482.0013096960243,7.2326602596366705,0.0,False,-1,,1.11,
correlated,0.5,10,se_st2,fit365,25,0.472391658226789,1175.29658468306,235.05931693661194,,False,-1,False,0.17,0.0
correlated,0.5,10,sp_ucb_st2,fit100_cons,25,0.5214444679379547,530.4922803084573,43.65126711225099,0.0,False,-1,,1.08,
correlated,0.5,10,se_st2,fit100_cons,25,0.5214444679379547,1175.29658468306,235.05931693661194,,False,-1,False,0.16,0.0
correlated,0.5,10,sp_ucb_st2,phi_bias,25,0.45,509.2769785136368,36.13390581664861,0.0,False,-1,,1.09,
correlated,0.5,10,se_st2,phi_bias,25,0.45,1175.29658468306,235.05931693661194,,False,-1,False,0.16,0.0
correlated,0.5,10,sp_ucb_st2,ignore_corr,25,0.5,423.992467657445,8.860530929696875,0.0,False,-1,,1.09,
correlated,0.5,10,se_st2,ignore_corr,25,0.5,1175.29658468306,235.05931693661194,,False,-1,False,0.16,0.0
correlated,0.5,10,sp_ucb_st2,t3,25,0.5,560.6599312079235,14.170105718449289,0.0,False,-1,,1.08,
correlated,0.5,10,se_st2,t3,25,0.5,1175.2965846830598,235.059316936612,,False,-1,False,0.17,0.0
correlated,0.9,10,sp_ucb_st2,known,25,0.9,681.0936853969288,42.493933502596626,0.0,False,-1,,1.09,
correlated,0.9,10,se_st2,known,25,0.9,1175.29658468306,235.05931693661194,,False,-1,False,0.16,0.0
correlated,0.9,10,sp_ucb_st2,fit100,25,0.8651493238794532,979.9599090484552,88.09427442775976,0.0,False,-1,,1.02,
correlated,0.9,10,se_st2,fit100,25,0.8651493238794532,1175.29658468306,235.05931693661194,,False,-1,False,0.16,0.0
correlated,0.9,10,sp_ucb_st2,fit365,25,0.8815909456634191,797.9040649974713,188.58183747703916,0.0,False,-1,,1.09,
correlated,0.9,10,se_st2,fit365,25,0.8815909456634191,1175.29658468306,235.05931693661194,,False,-1,False,0.2,0.0
correlated,0.9,10,sp_ucb_st2,fit100_cons,25,0.8909846570915256,789.343708275557,135.07166246174253,0.0,False,-1,,1.1,
correlated,0.9,10,se_st2,fit100_cons,25,0.8909846570915256,1175.29658468306,235.05931693661194,,False,-1,False,0.14,0.0
correlated,0.9,10,sp_ucb_st2,phi_bias,25,0.85,833.4679169836411,82.80124666026111,0.0,False,-1,,1.08,
correlated,0.9,10,se_st2,phi_bias,25,0.85,1175.29658468306,235.05931693661194,,False,-1,False,0.17,0.0
correlated,0.9,10,sp_ucb_st2,ignore_corr,25,0.9,886.3157902472798,51.35986152787319,0.0,False,-1,,1.1,
correlated,0.9,10,se_st2,ignore_corr,25,0.9,1175.29658468306,235.05931693661194,,False,-1,False,0.17,0.0
correlated,0.9,10,sp_ucb_st2,t3,25,0.9,964.3815226897464,135.31586975210067,0.0,False,-1,,1.04,
correlated,0.9,10,se_st2,t3,25,0.9,1175.2965846830598,235.059316936612,,False,-1,False,0.17,0.0
correlated,0.97,10,sp_ucb_st2,known,25,0.97,942.3354443324097,158.362309483742,0.0,False,-1,,1.08,
correlated,0.97,10,se_st2,known,25,0.97,1175.29658468306,235.05931693661194,,False,-1,False,0.16,0.0
correlated,0.97,10,sp_ucb_st2,fit100,25,0.9363048497574927,878.7034217124105,53.585625126344894,0.0,False,-1,,1.14,
correlated,0.97,10,se_st2,fit100,25,0.9363048497574927,1175.29658468306,235.05931693661194,,False,-1,False,0.16,0.0
correlated,0.97,10,sp_ucb_st2,fit365,25,0.960127093796014,1086.71054374572,185.4542296496652,0.0,False,-1,,1.08,
correlated,0.97,10,se_st2,fit365,25,0.960127093796014,1175.29658468306,235.05931693661194,,False,-1,False,0.17,0.0
correlated,0.97,10,sp_ucb_st2,fit100_cons,25,0.9523571986915662,1246.7879631080123,255.19147348640246,0.0,False,-1,,1.09,
correlated,0.97,10,se_st2,fit100_cons,25,0.9523571986915662,1175.29658468306,235.05931693661194,,False,-1,False,0.16,0.0
correlated,0.97,10,sp_ucb_st2,phi_bias,25,0.9199999999999999,1322.0991857051713,247.02195960728113,0.0,False,-1,,1.05,
correlated,0.97,10,se_st2,phi_bias,25,0.9199999999999999,1175.29658468306,235.05931693661194,,False,-1,False,0.14,0.0
correlated,0.97,10,sp_ucb_st2,ignore_corr,25,0.97,1168.4784169622853,216.0252684459128,0.0,False,-1,,1.08,
correlated,0.97,10,se_st2,ignore_corr,25,0.97,1175.29658468306,235.05931693661194,,False,-1,False,0.17,0.0
correlated,0.97,10,sp_ucb_st2,t3,25,0.97,1153.6932095738625,225.90006051907204,0.0,False,-1,,1.06,
correlated,0.97,10,se_st2,t3,25,0.97,1175.2965846830598,235.059316936612,,False,-1,False,0.17,0.0
correlated,,10,sp_ucb_st2,ar7_as_ar1,25,0.7844579088920604,289.8750639634045,0.0,0.9708,True,145,,1.07,
correlated,,10,se_st2,ar7_as_ar1,25,0.7844579088920604,1142.7304376588431,203.4477341456123,,False,-1,False,0.21,0.0
correlated,0.5,11,sp_ucb_st2,known,25,0.5,522.1393585912275,26.268273917690017,0.0,False,-1,,1.07,
correlated,0.5,11,se_st2,known,25,0.5,1143.2396246888884,228.64792493777765,,False,-1,False,0.14,0.0
correlated,0.5,11,sp_ucb_st2,fit100,25,0.48219491743161746,428.1859324822391,30.599662563579457,0.0,False,-1,,1.11,
correlated,0.5,11,se_st2,fit100,25,0.48219491743161746,1143.2396246888884,228.64792493777765,,False,-1,False,0.17,0.0
correlated,0.5,11,sp_ucb_st2,fit365,25,0.4988930961587019,431.372684159899,22.571305717503,0.0,False,-1,,1.13,
correlated,0.5,11,se_st2,fit365,25,0.4988930961587019,1143.2396246888884,228.64792493777765,,False,-1,False,0.17,0.0
correlated,0.5,11,sp_ucb_st2,fit100_cons,25,0.5537073212531661,470.9774130222855,68.27179547266739,0.0,False,-1,,1.15,
correlated,0.5,11,se_st2,fit100_cons,25,0.5537073212531661,1143.2396246888884,228.64792493777765,,False,-1,False,0.19,0.0
correlated,0.5,11,sp_ucb_st2,phi_bias,25,0.45,343.60913166315385,21.16257483836424,0.0,False,-1,,1.12,
correlated,0.5,11,se_st2,phi_bias,25,0.45,1143.2396246888884,228.64792493777765,,False,-1,False,0.14,0.0
correlated,0.5,11,sp_ucb_st2,ignore_corr,25,0.5,458.3759320728212,34.868913558111636,0.0,False,-1,,1.12,
correlated,0.5,11,se_st2,ignore_corr,25,0.5,1143.2396246888884,228.64792493777765,,False,-1,False,0.17,0.0
correlated,0.5,11,sp_ucb_st2,t3,25,0.5,385.08329663480515,43.406881592834324,0.0,False,-1,,1.06,
correlated,0.5,11,se_st2,t3,25,0.5,1143.2396246888882,228.64792493777765,,False,-1,False,0.15,0.0
correlated,0.9,11,sp_ucb_st2,known,25,0.9,979.2473782225435,45.45808923214409,0.0,False,-1,,1.13,
correlated,0.9,11,se_st2,known,25,0.9,1143.2396246888884,228.64792493777765,,False,-1,False,0.14,0.0
correlated,0.9,11,sp_ucb_st2,fit100,25,0.8908634235062961,603.414462387303,82.52570583382146,0.0,False,-1,,1.08,
correlated,0.9,11,se_st2,fit100,25,0.8908634235062961,1143.2396246888884,228.64792493777765,,False,-1,False,0.14,0.0
correlated,0.9,11,sp_ucb_st2,fit365,25,0.8986469832563092,712.7651816793971,152.33774218429056,0.0,False,-1,,1.1,
correlated,0.9,11,se_st2,fit365,25,0.8986469832563092,1143.2396246888884,228.64792493777765,,False,-1,False,0.17,0.0
correlated,0.9,11,sp_ucb_st2,fit100_cons,25,0.9148422770335592,769.8621704640798,30.451268952711192,0.0,False,-1,,1.14,
correlated,0.9,11,se_st2,fit100_cons,25,0.9148422770335592,1143.2396246888884,228.64792493777765,,False,-1,False,0.16,0.0
correlated,0.9,11,sp_ucb_st2,phi_bias,25,0.85,1122.290070214285,254.78212568158432,0.0,False,-1,,1.12,
correlated,0.9,11,se_st2,phi_bias,25,0.85,1143.2396246888884,228.64792493777765,,False,-1,False,0.17,0.0
correlated,0.9,11,sp_ucb_st2,ignore_corr,25,0.9,468.19543139326106,64.66845844688179,0.0,False,-1,,1.03,
correlated,0.9,11,se_st2,ignore_corr,25,0.9,1143.2396246888884,228.64792493777765,,False,-1,False,0.17,0.0
correlated,0.9,11,sp_ucb_st2,t3,25,0.9,491.09869950993743,119.51021503868431,0.0,False,-1,,1.12,
correlated,0.9,11,se_st2,t3,25,0.9,1143.2396246888882,228.64792493777765,,False,-1,False,0.13,0.0
correlated,0.97,11,sp_ucb_st2,known,25,0.97,1040.8145914454346,78.33635040674965,0.0,False,-1,,1.08,
correlated,0.97,11,se_st2,known,25,0.97,1143.2396246888884,228.64792493777765,,False,-1,False,0.17,0.0
correlated,0.97,11,sp_ucb_st2,fit100,25,0.9435631287397902,912.9602061581713,67.5221306450732,0.0,False,-1,,1.12,
correlated,0.97,11,se_st2,fit100,25,0.9435631287397902,1143.2396246888884,228.64792493777765,,False,-1,False,0.16,0.0
correlated,0.97,11,sp_ucb_st2,fit365,25,0.9646375470342329,1131.5158652147036,173.67007082536864,0.0,False,-1,,1.12,
correlated,0.97,11,se_st2,fit365,25,0.9646375470342329,1143.2396246888884,228.64792493777765,,False,-1,False,0.15,0.0
correlated,0.97,11,sp_ucb_st2,fit100_cons,25,0.9634652012022308,928.9409096047823,37.62016558328358,0.0,False,-1,,1.13,
correlated,0.97,11,se_st2,fit100_cons,25,0.9634652012022308,1143.2396246888884,228.64792493777765,,False,-1,False,0.14,0.0
correlated,0.97,11,sp_ucb_st2,phi_bias,25,0.9199999999999999,639.8331211168847,87.18888180672758,0.0,False,-1,,1.09,
correlated,0.97,11,se_st2,phi_bias,25,0.9199999999999999,1143.2396246888884,228.64792493777765,,False,-1,False,0.18,0.0
correlated,0.97,11,sp_ucb_st2,ignore_corr,25,0.97,684.594478521514,45.39316452418598,0.0,False,-1,,1.08,
correlated,0.97,11,se_st2,ignore_corr,25,0.97,1143.2396246888884,228.64792493777765,,False,-1,False,0.17,0.0
correlated,0.97,11,sp_ucb_st2,t3,25,0.97,785.2951860512856,151.01075300083536,0.0,False,-1,,1.14,
correlated,0.97,11,se_st2,t3,25,0.97,1143.2396246888882,228.64792493777765,,False,-1,False,0.17,0.0
correlated,,11,sp_ucb_st2,ar7_as_ar1,25,0.7726771995088425,1387.121744636773,283.60580178892815,0.0,False,-1,,1.09,
correlated,,11,se_st2,ar7_as_ar1,25,0.7726771995088425,1143.2396246888884,228.64792493777765,,False,-1,False,0.22,0.0
correlated,0.5,12,sp_ucb_st2,known,25,0.5,631.2949896021623,90.5650099127421,0.0,False,-1,,1.08,
correlated,0.5,12,se_st2,known,25,0.5,1205.9252258543593,241.18504517087183,,False,-1,False,0.15,0.0
correlated,0.5,12,sp_ucb_st2,fit100,25,0.5086164938063296,641.5816333056601,93.58890535448585,0.0,False,-1,,1.12,
correlated,0.5,12,se_st2,fit100,25,0.5086164938063296,1205.9252258543593,241.18504517087183,,False,-1,False,0.16,0.0
correlated,0.5,12,sp_ucb_st2,fit365,25,0.48334187722513106,572.3643195381538,76.58177607019678,0.0,False,-1,,1.12,
correlated,0.5,12,se_st2,fit365,25,0.48334187722513106,1205.9252258543593,241.18504517087183,,False,-1,False,0.15,0.0
correlated,0.5,12,sp_ucb_st2,fit100_cons,25,0.5875177207927437,775.953050853398,104.600852703857,0.0,False,-1,,1.05,
correlated,0.5,12,se_st2,fit100_cons,25,0.5875177207927437,1205.9252258543593,241.18504517087183,,False,-1,False,0.19,0.0
correlated,0.5,12,sp_ucb_st2,phi_bias,25,0.45,620.4730259550379,95.78588398300491,0.0,False,-1,,1.08,
correlated,0.5,12,se_st2,phi_bias,25,0.45,1205.9252258543593,241.18504517087183,,False,-1,False,0.15,0.0
correlated,0.5,12,sp_ucb_st2,ignore_corr,25,0.5,630.3582043589348,95.53236274378587,0.0,False,-1,,1.09,
correlated,0.5,12,se_st2,ignore_corr,25,0.5,1205.9252258543593,241.18504517087183,,False,-1,False,0.18,0.0
correlated,0.5,12,sp_ucb_st2,t3,25,0.5,711.1163783840074,42.98472512886532,0.0,False,-1,,1.08,
correlated,0.5,12,se_st2,t3,25,0.5,1205.9252258543593,241.18504517087183,,False,-1,False,0.17,0.0
correlated,0.9,12,sp_ucb_st2,known,25,0.9,769.540727190674,98.52658991966226,0.0,False,-1,,1.08,
correlated,0.9,12,se_st2,known,25,0.9,1205.9252258543593,241.18504517087183,,False,-1,False,0.16,0.0
correlated,0.9,12,sp_ucb_st2,fit100,25,0.8730322612395696,731.233625251718,95.58854418536974,0.0,False,-1,,1.04,
correlated,0.9,12,se_st2,fit100,25,0.8730322612395696,1205.9252258543593,241.18504517087183,,False,-1,False,0.16,0.0
correlated,0.9,12,sp_ucb_st2,fit365,25,0.8836081085844832,696.9193390279363,94.23815879993307,0.0,False,-1,,1.13,
correlated,0.9,12,se_st2,fit365,25,0.8836081085844832,1205.9252258543593,241.18504517087183,,False,-1,False,0.18,0.0
correlated,0.9,12,sp_ucb_st2,fit100_cons,25,0.8962929588641197,821.141452032411,213.06337018283764,0.0,False,-1,,1.09,
correlated,0.9,12,se_st2,fit100_cons,25,0.8962929588641197,1205.9252258543593,241.18504517087183,,False,-1,False,0.14,0.0
correlated,0.9,12,sp_ucb_st2,phi_bias,25,0.85,714.931233208763,66.54985790337913,0.0,False,-1,,1.04,
correlated,0.9,12,se_st2,phi_bias,25,0.85,1205.9252258543593,241.18504517087183,,False,-1,False,0.15,0.0
correlated,0.9,12,sp_ucb_st2,ignore_corr,25,0.9,780.2127982494312,103.25286222803695,0.0,False,-1,,1.13,
correlated,0.9,12,se_st2,ignore_corr,25,0.9,1205.9252258543593,241.18504517087183,,False,-1,False,0.19,0.0
correlated,0.9,12,sp_ucb_st2,t3,25,0.9,1230.1521320439228,262.91263558790234,0.0,False,-1,,1.08,
correlated,0.9,12,se_st2,t3,25,0.9,1205.9252258543593,241.18504517087183,,False,-1,False,0.19,0.0
correlated,0.97,12,sp_ucb_st2,known,25,0.97,705.3108083596256,96.66325640538739,0.0,False,-1,,1.08,
correlated,0.97,12,se_st2,known,25,0.97,1205.9252258543593,241.18504517087183,,False,-1,False,0.18,0.0
correlated,0.97,12,sp_ucb_st2,fit100,25,0.9336005102145597,862.1806793907878,182.38821507508007,0.0,False,-1,,1.08,
correlated,0.97,12,se_st2,fit100,25,0.9336005102145597,1205.9252258543593,241.18504517087183,,False,-1,False,0.17,0.0
correlated,0.97,12,sp_ucb_st2,fit365,25,0.9602136911717217,877.3991651248816,135.7638123114948,0.0,False,-1,,1.05,
correlated,0.97,12,se_st2,fit365,25,0.9602136911717217,1205.9252258543593,241.18504517087183,,False,-1,False,0.15,0.0
correlated,0.97,12,sp_ucb_st2,fit100_cons,25,0.9525269131826254,681.8098139883709,124.85285029190742,0.0,False,-1,,1.08,
correlated,0.97,12,se_st2,fit100_cons,25,0.9525269131826254,1205.9252258543593,241.18504517087183,,False,-1,False,0.17,0.0
correlated,0.97,12,sp_ucb_st2,phi_bias,25,0.9199999999999999,764.3263322955672,87.36210596407926,0.0,False,-1,,1.1,
correlated,0.97,12,se_st2,phi_bias,25,0.9199999999999999,1205.9252258543593,241.18504517087183,,False,-1,False,0.16,0.0
correlated,0.97,12,sp_ucb_st2,ignore_corr,25,0.97,836.6578766760595,86.23500772545073,0.0,False,-1,,1.09,
correlated,0.97,12,se_st2,ignore_corr,25,0.97,1205.9252258543593,241.18504517087183,,False,-1,False,0.18,0.0
correlated,0.97,12,sp_ucb_st2,t3,25,0.97,997.527707176411,191.651296387781,0.0,False,-1,,1.05,
correlated,0.97,12,se_st2,t3,25,0.97,1205.9252258543593,241.18504517087183,,False,-1,False,0.17,0.0
correlated,,12,sp_ucb_st2,ar7_as_ar1,25,0.7881414931816183,854.4911228302157,87.36731379771052,0.0,False,-1,,1.12,
correlated,,12,se_st2,ar7_as_ar1,25,0.7881414931816183,1185.6593215411397,232.63314154396397,,False,-1,False,0.21,0.0
correlated,0.5,13,sp_ucb_st2,known,25,0.5,500.8566778631143,38.562003915175424,0.0,False,-1,,1.1,
correlated,0.5,13,se_st2,known,25,0.5,1222.882343221107,244.5764686442214,,False,-1,False,0.16,0.0
correlated,0.5,13,sp_ucb_st2,fit100,25,0.49704217428001246,552.8579719451684,46.29103536793386,0.0002,True,630,,1.14,
correlated,0.5,13,se_st2,fit100,25,0.49704217428001246,1222.882343221107,244.5764686442214,,False,-1,False,0.17,0.0
correlated,0.5,13,sp_ucb_st2,fit365,25,0.500147454981455,678.3287700195453,87.72401594160138,0.0,False,-1,,1.11,
correlated,0.5,13,se_st2,fit365,25,0.500147454981455,1222.882343221107,244.5764686442214,,False,-1,False,0.17,0.0
correlated,0.5,13,sp_ucb_st2,fit100_cons,25,0.5773221309785648,531.236290760327,21.608805103453207,0.0,False,-1,,1.15,
correlated,0.5,13,se_st2,fit100_cons,25,0.5773221309785648,1222.882343221107,244.5764686442214,,False,-1,False,0.16,0.0
correlated,0.5,13,sp_ucb_st2,phi_bias,25,0.45,485.3777746579263,8.284042828753758,0.0002,True,630,,1.1,
correlated,0.5,13,se_st2,phi_bias,25,0.45,1222.882343221107,244.5764686442214,,False,-1,False,0.19,0.0
correlated,0.5,13,sp_ucb_st2,ignore_corr,25,0.5,551.7206923865778,40.893235043675915,0.0,False,-1,,1.11,
correlated,0.5,13,se_st2,ignore_corr,25,0.5,1222.882343221107,244.5764686442214,,False,-1,False,0.19,0.0
correlated,0.5,13,sp_ucb_st2,t3,25,0.5,604.4735591854799,39.746387464269915,0.0,False,-1,,1.13,
correlated,0.5,13,se_st2,t3,25,0.5,1222.882343221107,244.57646864422145,,True,200,False,0.18,0.004
correlated,0.9,13,sp_ucb_st2,known,25,0.9,694.4950470674403,61.23389076043227,0.0,False,-1,,1.09,
correlated,0.9,13,se_st2,known,25,0.9,1222.882343221107,244.5764686442214,,False,-1,False,0.17,0.0
correlated,0.9,13,sp_ucb_st2,fit100,25,0.8811762231987463,830.300645591473,104.44224702023817,0.0,False,-1,,1.08,
correlated,0.9,13,se_st2,fit100,25,0.8811762231987463,1222.882343221107,244.5764686442214,,False,-1,False,0.16,0.0
correlated,0.9,13,sp_ucb_st2,fit365,25,0.8950838334224541,726.7715779208545,16.622531742552592,0.0,False,-1,,1.07,
correlated,0.9,13,se_st2,fit365,25,0.8950838334224541,1222.882343221107,244.5764686442214,,False,-1,False,0.17,0.0
correlated,0.9,13,sp_ucb_st2,fit100_cons,25,0.9080869849661422,1067.61158765752,149.65464687445063,0.0,False,-1,,1.02,
correlated,0.9,13,se_st2,fit100_cons,25,0.9080869849661422,1222.882343221107,244.5764686442214,,False,-1,False,0.15,0.0
correlated,0.9,13,sp_ucb_st2,phi_bias,25,0.85,794.2838432779287,81.20361952140547,0.0,False,-1,,1.09,
correlated,0.9,13,se_st2,phi_bias,25,0.85,1222.882343221107,244.5764686442214,,False,-1,False,0.14,0.0
correlated,0.9,13,sp_ucb_st2,ignore_corr,25,0.9,787.9489594578688,112.73196850065797,0.0,False,-1,,1.07,
correlated,0.9,13,se_st2,ignore_corr,25,0.9,1222.882343221107,244.5764686442214,,False,-1,False,0.16,0.0
correlated,0.9,13,sp_ucb_st2,t3,25,0.9,1082.322276768117,94.8780922980581,0.4436,True,2779,,1.1,
correlated,0.9,13,se_st2,t3,25,0.9,1222.882343221107,244.57646864422145,,False,-1,False,0.16,0.0
correlated,0.97,13,sp_ucb_st2,known,25,0.97,821.6931032439909,102.06661409080493,0.0,False,-1,,1.07,
correlated,0.97,13,se_st2,known,25,0.97,1222.882343221107,244.5764686442214,,False,-1,False,0.17,0.0
correlated,0.97,13,sp_ucb_st2,fit100,25,0.9420868510722407,917.4000335961314,188.92087626953003,0.0,False,-1,,1.05,
correlated,0.97,13,se_st2,fit100,25,0.9420868510722407,1222.882343221107,244.5764686442214,,False,-1,False,0.17,0.0
correlated,0.97,13,sp_ucb_st2,fit365,25,0.9616462289756615,769.1917346491567,149.1308724519104,0.0,False,-1,,1.09,
correlated,0.97,13,se_st2,fit365,25,0.9616462289756615,1222.882343221107,244.5764686442214,,False,-1,False,0.15,0.0
correlated,0.97,13,sp_ucb_st2,fit100_cons,25,0.9552167384685686,781.8377823905239,109.36166691734118,0.0,False,-1,,1.1,
correlated,0.97,13,se_st2,fit100_cons,25,0.9552167384685686,1222.882343221107,244.5764686442214,,False,-1,False,0.18,0.0
correlated,0.97,13,sp_ucb_st2,phi_bias,25,0.9199999999999999,913.6404262607911,131.21485902761088,0.0,False,-1,,1.06,
correlated,0.97,13,se_st2,phi_bias,25,0.9199999999999999,1222.882343221107,244.5764686442214,,False,-1,False,0.15,0.0
correlated,0.97,13,sp_ucb_st2,ignore_corr,25,0.97,594.208373285089,17.185142675272353,0.0,False,-1,,1.05,
correlated,0.97,13,se_st2,ignore_corr,25,0.97,1222.882343221107,244.5764686442214,,False,-1,False,0.16,0.0
correlated,0.97,13,sp_ucb_st2,t3,25,0.97,1095.7419726175244,54.74520128969126,0.0,False,-1,,1.09,
correlated,0.97,13,se_st2,t3,25,0.97,1222.882343221107,244.57646864422145,,False,-1,False,0.15,0.0
correlated,,13,sp_ucb_st2,ar7_as_ar1,25,0.7742977662271592,548.2577770366283,96.11391524344369,0.0,False,-1,,1.09,
correlated,,13,se_st2,ar7_as_ar1,25,0.7742977662271592,1220.6672925437022,242.36141796681648,,True,1625,False,0.21,0.008
correlated,0.5,14,sp_ucb_st2,known,25,0.5,464.57974124770715,36.13763429138511,0.0,False,-1,,1.1,
correlated,0.5,14,se_st2,known,25,0.5,1118.5648907479972,223.71297814959948,,False,-1,False,0.15,0.0
correlated,0.5,14,sp_ucb_st2,fit100,25,0.48492012159424525,481.45732677602075,59.92089805063402,0.0,False,-1,,1.06,
correlated,0.5,14,se_st2,fit100,25,0.48492012159424525,1118.5648907479972,223.71297814959948,,False,-1,False,0.15,0.0
correlated,0.5,14,sp_ucb_st2,fit365,25,0.5218250753105561,480.2634914407547,46.49330423102157,0.0,False,-1,,1.06,
correlated,0.5,14,se_st2,fit365,25,0.5218250753105561,1118.5648907479972,223.71297814959948,,False,-1,False,0.14,0.0
correlated,0.5,14,sp_ucb_st2,fit100_cons,25,0.5666632506547575,504.98110965138767,46.00554002620747,0.0,False,-1,,1.08,
correlated,0.5,14,se_st2,fit100_cons,25,0.5666632506547575,1118.5648907479972,223.71297814959948,,False,-1,False,0.15,0.0
correlated,0.5,14,sp_ucb_st2,phi_bias,25,0.45,479.1169471298098,33.32234066844547,0.0,False,-1,,1.07,
correlated,0.5,14,se_st2,phi_bias,25,0.45,1118.5648907479972,223.71297814959948,,False,-1,False,0.21,0.0
correlated,0.5,14,sp_ucb_st2,ignore_corr,25,0.5,340.8973215082517,10.927295079192142,0.0,False,-1,,1.01,
correlated,0.5,14,se_st2,ignore_corr,25,0.5,1118.5648907479972,223.71297814959948,,False,-1,False,0.16,0.0
correlated,0.5,14,sp_ucb_st2,t3,25,0.5,252.75437632241562,13.311558241075199,0.003,True,235,,1.04,
correlated,0.5,14,se_st2,t3,25,0.5,1118.5648907479977,223.71297814959948,,False,-1,False,0.17,0.0
correlated,0.9,14,sp_ucb_st2,known,25,0.9,717.0664811450379,66.27016218727103,0.0,False,-1,,0.98,
correlated,0.9,14,se_st2,known,25,0.9,1118.5648907479972,223.71297814959948,,False,-1,False,0.16,0.0
correlated,0.9,14,sp_ucb_st2,fit100,25,0.8736651853685827,825.287312244155,175.1660781625652,0.0,False,-1,,0.97,
correlated,0.9,14,se_st2,fit100,25,0.8736651853685827,1118.5648907479972,223.71297814959948,,False,-1,False,0.16,0.0
correlated,0.9,14,sp_ucb_st2,fit365,25,0.8973568660029665,835.7744872989681,111.26795571201761,0.0,False,-1,,1.02,
correlated,0.9,14,se_st2,fit365,25,0.8973568660029665,1118.5648907479972,223.71297814959948,,False,-1,False,0.14,0.0
correlated,0.9,14,sp_ucb_st2,fit100_cons,25,0.8959199158267585,872.1597952088624,65.86567475025954,0.0,False,-1,,1.0,
correlated,0.9,14,se_st2,fit100_cons,25,0.8959199158267585,1118.5648907479972,223.71297814959948,,False,-1,False,0.16,0.0
correlated,0.9,14,sp_ucb_st2,phi_bias,25,0.85,986.1071691679086,79.59314225367032,0.0,False,-1,,1.06,
correlated,0.9,14,se_st2,phi_bias,25,0.85,1118.5648907479972,223.71297814959948,,False,-1,False,0.16,0.0
correlated,0.9,14,sp_ucb_st2,ignore_corr,25,0.9,859.0096576453752,155.12081740680534,0.0,False,-1,,0.95,
correlated,0.9,14,se_st2,ignore_corr,25,0.9,1118.5648907479972,223.71297814959948,,False,-1,False,0.14,0.0
correlated,0.9,14,sp_ucb_st2,t3,25,0.9,757.8123873769223,79.58297746153792,0.0,False,-1,,1.02,
correlated,0.9,14,se_st2,t3,25,0.9,1118.5648907479977,223.71297814959948,,False,-1,False,0.15,0.0
correlated,0.97,14,sp_ucb_st2,known,25,0.97,913.6011651803911,94.49249279558279,0.0,False,-1,,1.05,
correlated,0.97,14,se_st2,known,25,0.97,1118.5648907479972,223.71297814959948,,False,-1,False,0.15,0.0
correlated,0.97,14,sp_ucb_st2,fit100,25,0.946865581023116,1031.1990678048408,201.030576793315,0.0,False,-1,,1.05,
correlated,0.97,14,se_st2,fit100,25,0.946865581023116,1118.5648907479972,223.71297814959948,,False,-1,False,0.14,0.0
correlated,0.97,14,sp_ucb_st2,fit365,25,0.9659215247145151,825.5276239305867,120.60120136325371,0.0,False,-1,,1.0,
correlated,0.97,14,se_st2,fit365,25,0.9659215247145151,1118.5648907479972,223.71297814959948,,False,-1,False,0.17,0.0
correlated,0.97,14,sp_ucb_st2,fit100_cons,25,0.9630209371823816,1070.1631771141717,211.64603125782645,0.0,False,-1,,1.0,
correlated,0.97,14,se_st2,fit100_cons,25,0.9630209371823816,1118.5648907479972,223.71297814959948,,False,-1,False,0.14,0.0
correlated,0.97,14,sp_ucb_st2,phi_bias,25,0.9199999999999999,956.0107225277983,239.42192235497845,0.0,False,-1,,1.02,
correlated,0.97,14,se_st2,phi_bias,25,0.9199999999999999,1118.5648907479972,223.71297814959948,,False,-1,False,0.16,0.0
correlated,0.97,14,sp_ucb_st2,ignore_corr,25,0.97,770.4754062742611,88.11332231036324,0.0,False,-1,,1.01,
correlated,0.97,14,se_st2,ignore_corr,25,0.97,1118.5648907479972,223.71297814959948,,False,-1,False,0.16,0.0
correlated,0.97,14,sp_ucb_st2,t3,25,0.97,337.7209267005113,13.372947152693598,0.0,False,-1,,1.01,
correlated,0.97,14,se_st2,t3,25,0.97,1118.5648907479977,223.71297814959948,,False,-1,False,0.16,0.0
correlated,,14,sp_ucb_st2,ar7_as_ar1,25,0.7807060409584413,664.5982786502069,65.20835069688185,0.0,False,-1,,1.08,
correlated,,14,se_st2,ar7_as_ar1,25,0.7807060409584413,1118.5648907479972,223.71297814959948,,True,50,False,0.21,0.008
correlated,0.5,15,sp_ucb_st2,known,25,0.5,513.5691847880048,34.54832261054543,0.0,False,-1,,1.0,
correlated,0.5,15,se_st2,known,25,0.5,1168.4134044299135,233.68268088598268,,False,-1,False,0.18,0.0
correlated,0.5,15,sp_ucb_st2,fit100,25,0.4932971534076559,469.33078871853047,35.8562995179381,0.0,False,-1,,0.97,
correlated,0.5,15,se_st2,fit100,25,0.4932971534076559,1168.4134044299135,233.68268088598268,,False,-1,False,0.15,0.0
correlated,0.5,15,sp_ucb_st2,fit365,25,0.5295562054455993,466.32190424497105,40.90680723428991,0.0,False,-1,,1.05,
correlated,0.5,15,se_st2,fit365,25,0.5295562054455993,1168.4134044299135,233.68268088598268,,False,-1,False,0.17,0.0
correlated,0.5,15,sp_ucb_st2,fit100_cons,25,0.5748060029960879,550.0008421752718,46.12544850434805,0.0,False,-1,,1.03,
correlated,0.5,15,se_st2,fit100_cons,25,0.5748060029960879,1168.4134044299135,233.68268088598268,,False,-1,False,0.17,0.0
correlated,0.5,15,sp_ucb_st2,phi_bias,25,0.45,421.99092046251604,22.250693408318565,0.0,False,-1,,1.02,
correlated,0.5,15,se_st2,phi_bias,25,0.45,1168.4134044299135,233.68268088598268,,False,-1,False,0.17,0.0
correlated,0.5,15,sp_ucb_st2,ignore_corr,25,0.5,501.0644801667182,36.41528696524794,0.0,False,-1,,0.99,
correlated,0.5,15,se_st2,ignore_corr,25,0.5,1168.4134044299135,233.68268088598268,,False,-1,False,0.16,0.0
correlated,0.5,15,sp_ucb_st2,t3,25,0.5,351.1049338416805,41.41200095673341,0.0,False,-1,,1.02,
correlated,0.5,15,se_st2,t3,25,0.5,1168.4134044299135,233.6826808859827,,False,-1,False,0.16,0.0
correlated,0.9,15,sp_ucb_st2,known,25,0.9,950.4148737660963,55.52316162732986,0.0,False,-1,,1.03,
correlated,0.9,15,se_st2,known,25,0.9,1168.4134044299135,233.68268088598268,,False,-1,False,0.14,0.0
correlated,0.9,15,sp_ucb_st2,fit100,25,0.8907838659767569,624.8062407893827,31.88887836795854,0.0,False,-1,,1.03,
correlated,0.9,15,se_st2,fit100,25,0.8907838659767569,1168.4134044299135,233.68268088598268,,False,-1,False,0.16,0.0
correlated,0.9,15,sp_ucb_st2,fit365,25,0.9053015474942628,804.316199078,68.53739382440438,0.0,False,-1,,1.0,
correlated,0.9,15,se_st2,fit365,25,0.9053015474942628,1168.4134044299135,233.68268088598268,,False,-1,False,0.13,0.0
correlated,0.9,15,sp_ucb_st2,fit100_cons,25,0.930427087015831,900.3073358152774,83.33965002716829,0.0,False,-1,,0.99,
correlated,0.9,15,se_st2,fit100_cons,25,0.930427087015831,1168.4134044299135,233.68268088598268,,False,-1,False,0.16,0.0
correlated,0.9,15,sp_ucb_st2,phi_bias,25,0.85,563.5076773106066,48.11959823689896,0.0,False,-1,,0.98,
correlated,0.9,15,se_st2,phi_bias,25,0.85,1168.4134044299135,233.68268088598268,,False,-1,False,0.17,0.0
correlated,0.9,15,sp_ucb_st2,ignore_corr,25,0.9,669.0191228406416,45.6361110232654,0.0,False,-1,,1.01,
correlated,0.9,15,se_st2,ignore_corr,25,0.9,1168.4134044299135,233.68268088598268,,False,-1,False,0.15,0.0
correlated,0.9,15,sp_ucb_st2,t3,25,0.9,889.1486439424554,124.98103588088199,0.0,False,-1,,1.01,
correlated,0.9,15,se_st2,t3,25,0.9,1168.4134044299135,233.6826808859827,,False,-1,False,0.16,0.0
correlated,0.97,15,sp_ucb_st2,known,25,0.97,986.9030848797847,108.05461575995278,0.0,False,-1,,0.99,
correlated,0.97,15,se_st2,known,25,0.97,1168.4134044299135,233.68268088598268,,False,-1,False,0.14,0.0
correlated,0.97,15,sp_ucb_st2,fit100,25,0.9533035046379463,1391.262114609221,264.4411879409063,0.0,False,-1,,0.99,
correlated,0.97,15,se_st2,fit100,25,0.9533035046379463,1168.4134044299135,233.68268088598268,,False,-1,False,0.15,0.0
correlated,0.97,15,sp_ucb_st2,fit365,25,0.9694965965607208,1177.3936298627302,209.54047078316893,0.0,False,-1,,1.04,
correlated,0.97,15,se_st2,fit365,25,0.9694965965607208,1168.4134044299135,233.68268088598268,,False,-1,False,0.16,0.0
correlated,0.97,15,sp_ucb_st2,fit100_cons,25,0.9745959963344181,1056.8668724998056,68.69121518138478,0.0,False,-1,,0.95,
correlated,0.97,15,se_st2,fit100_cons,25,0.9745959963344181,1168.4134044299135,233.68268088598268,,False,-1,False,0.17,0.0
correlated,0.97,15,sp_ucb_st2,phi_bias,25,0.9199999999999999,1219.5078906581139,251.7283869056233,0.0,False,-1,,1.0,
correlated,0.97,15,se_st2,phi_bias,25,0.9199999999999999,1168.4134044299135,233.68268088598268,,False,-1,False,0.14,0.0
correlated,0.97,15,sp_ucb_st2,ignore_corr,25,0.97,1169.910340098056,238.88083668085378,0.0,False,-1,,0.97,
correlated,0.97,15,se_st2,ignore_corr,25,0.97,1168.4134044299135,233.68268088598268,,False,-1,False,0.15,0.0
correlated,0.97,15,sp_ucb_st2,t3,25,0.97,998.8590464260119,235.67856452396728,0.0,False,-1,,1.01,
correlated,0.97,15,se_st2,t3,25,0.97,1168.4134044299135,233.6826808859827,,False,-1,False,0.15,0.0
correlated,,15,sp_ucb_st2,ar7_as_ar1,25,0.8341229182575205,1480.7301383786469,281.3373237988951,0.0,False,-1,,1.05,
correlated,,15,se_st2,ar7_as_ar1,25,0.8341229182575205,1168.4134044299135,233.68268088598268,,False,-1,False,0.2,0.0
correlated,0.5,16,sp_ucb_st2,known,25,0.5,502.12106273961814,18.56810323220754,0.0,False,-1,,1.06,
correlated,0.5,16,se_st2,known,25,0.5,1160.443259796285,232.08865195925705,,False,-1,False,0.14,0.0
correlated,0.5,16,sp_ucb_st2,fit100,25,0.46063837559627474,562.7684622000099,71.52524308260755,0.0,False,-1,,1.01,
correlated,0.5,16,se_st2,fit100,25,0.46063837559627474,1160.443259796285,232.08865195925705,,False,-1,False,0.16,0.0
correlated,0.5,16,sp_ucb_st2,fit365,25,0.49775430035435553,560.0083488269985,27.06935841077656,0.0,False,-1,,1.06,
correlated,0.5,16,se_st2,fit365,25,0.49775430035435553,1160.443259796285,232.08865195925705,,False,-1,False,0.16,0.0
correlated,0.5,16,sp_ucb_st2,fit100_cons,25,0.554146299605054,538.2683313375031,23.36593614322363,0.0,False,-1,,0.99,
correlated,0.5,16,se_st2,fit100_cons,25,0.554146299605054,1160.443259796285,232.08865195925705,,False,-1,False,0.17,0.0
correlated,0.5,16,sp_ucb_st2,phi_bias,25,0.45,480.95732894501407,55.57970608766321,0.0,False,-1,,0.98,
correlated,0.5,16,se_st2,phi_bias,25,0.45,1160.443259796285,232.08865195925705,,False,-1,False,0.14,0.0
correlated,0.5,16,sp_ucb_st2,ignore_corr,25,0.5,617.4224636024383,27.319075167318516,0.0,False,-1,,1.01,
correlated,0.5,16,se_st2,ignore_corr,25,0.5,1160.443259796285,232.08865195925705,,False,-1,False,0.16,0.0
correlated,0.5,16,sp_ucb_st2,t3,25,0.5,482.6714116827089,47.70945190763959,0.0,False,-1,,1.01,
correlated,0.5,16,se_st2,t3,25,0.5,1160.443259796285,232.08865195925705,,False,-1,False,0.16,0.0
correlated,0.9,16,sp_ucb_st2,known,25,0.9,649.1691145213247,43.014529216877335,0.0,False,-1,,0.96,
correlated,0.9,16,se_st2,known,25,0.9,1160.443259796285,232.08865195925705,,False,-1,False,0.14,0.0
correlated,0.9,16,sp_ucb_st2,fit100,25,0.8860488813781665,947.9049156383602,156.45621498093004,0.0,False,-1,,1.02,
correlated,0.9,16,se_st2,fit100,25,0.8860488813781665,1160.443259796285,232.08865195925705,,False,-1,False,0.17,0.0
correlated,0.9,16,sp_ucb_st2,fit365,25,0.9046312537276935,659.5948198458591,36.52168322812415,0.0,False,-1,,1.0,
correlated,0.9,16,se_st2,fit365,25,0.9046312537276935,1160.443259796285,232.08865195925705,,False,-1,False,0.17,0.0
correlated,0.9,16,sp_ucb_st2,fit100_cons,25,0.9204683890512535,916.439383222534,158.10524792368042,0.0,False,-1,,0.99,
correlated,0.9,16,se_st2,fit100_cons,25,0.9204683890512535,1160.443259796285,232.08865195925705,,False,-1,False,0.15,0.0
correlated,0.9,16,sp_ucb_st2,phi_bias,25,0.85,515.8439579459928,21.76696499967857,0.0,False,-1,,1.1,
correlated,0.9,16,se_st2,phi_bias,25,0.85,1160.443259796285,232.08865195925705,,False,-1,False,0.16,0.0
correlated,0.9,16,sp_ucb_st2,ignore_corr,25,0.9,707.138325762215,53.321920827906034,0.0,False,-1,,1.03,
correlated,0.9,16,se_st2,ignore_corr,25,0.9,1160.443259796285,232.08865195925705,,False,-1,False,0.15,0.0
correlated,0.9,16,sp_ucb_st2,t3,25,0.9,649.5355819595411,126.49070191597929,0.0,False,-1,,1.09,
correlated,0.9,16,se_st2,t3,25,0.9,1160.443259796285,232.08865195925705,,False,-1,False,0.15,0.0
correlated,0.97,16,sp_ucb_st2,known,25,0.97,531.6457826652608,53.77416146370239,0.0,False,-1,,1.13,
correlated,0.97,16,se_st2,known,25,0.97,1160.443259796285,232.08865195925705,,False,-1,False,0.16,0.0
correlated,0.97,16,sp_ucb_st2,fit100,25,0.9508202743039704,562.3651910566258,26.966896630130577,0.0,False,-1,,0.99,
correlated,0.97,16,se_st2,fit100,25,0.9508202743039704,1160.443259796285,232.08865195925705,,False,-1,False,0.16,0.0
correlated,0.97,16,sp_ucb_st2,fit365,25,0.9719664676199657,614.085399123299,28.217697593793915,0.0,False,-1,,1.04,
correlated,0.97,16,se_st2,fit365,25,0.9719664676199657,1160.443259796285,232.08865195925705,,False,-1,False,0.15,0.0
correlated,0.97,16,sp_ucb_st2,fit100_cons,25,0.969916861442418,763.9042105850347,27.182766067225295,0.0,False,-1,,1.02,
correlated,0.97,16,se_st2,fit100_cons,25,0.969916861442418,1160.443259796285,232.08865195925705,,False,-1,False,0.16,0.0
correlated,0.97,16,sp_ucb_st2,phi_bias,25,0.9199999999999999,1032.2934740724688,182.67123884160927,0.0,False,-1,,1.1,
correlated,0.97,16,se_st2,phi_bias,25,0.9199999999999999,1160.443259796285,232.08865195925705,,False,-1,False,0.16,0.0
correlated,0.97,16,sp_ucb_st2,ignore_corr,25,0.97,1016.8575698708557,79.77647940867215,0.0,False,-1,,0.98,
correlated,0.97,16,se_st2,ignore_corr,25,0.97,1160.443259796285,232.08865195925705,,False,-1,False,0.14,0.0
correlated,0.97,16,sp_ucb_st2,t3,25,0.97,1151.4892977908457,246.1272828389098,0.0,False,-1,,1.0,
correlated,0.97,16,se_st2,t3,25,0.97,1160.443259796285,232.08865195925705,,False,-1,False,0.17,0.0
correlated,,16,sp_ucb_st2,ar7_as_ar1,25,0.8503286103054944,1106.2041052282657,208.00753967645517,0.0,False,-1,,1.1,
correlated,,16,se_st2,ar7_as_ar1,25,0.8503286103054944,1160.443259796285,232.08865195925705,,False,-1,False,0.21,0.0
correlated,0.5,17,sp_ucb_st2,known,25,0.5,372.0831472251617,23.11252711387402,0.0,False,-1,,1.03,
correlated,0.5,17,se_st2,known,25,0.5,1112.5938901823765,222.51877803647534,,False,-1,False,0.14,0.0
correlated,0.5,17,sp_ucb_st2,fit100,25,0.4209878199184447,357.5445486833941,27.595606899324142,0.0,False,-1,,1.06,
correlated,0.5,17,se_st2,fit100,25,0.4209878199184447,1112.5938901823765,222.51877803647534,,False,-1,False,0.15,0.0
correlated,0.5,17,sp_ucb_st2,fit365,25,0.4376872314029429,428.24260346242943,21.8991907845898,0.0,False,-1,,1.0,
correlated,0.5,17,se_st2,fit365,25,0.4376872314029429,1112.5938901823765,222.51877803647534,,False,-1,False,0.14,0.0
correlated,0.5,17,sp_ucb_st2,fit100_cons,25,0.492229046627384,457.7211048436383,47.60850677681002,0.0,False,-1,,1.05,
correlated,0.5,17,se_st2,fit100_cons,25,0.492229046627384,1112.5938901823765,222.51877803647534,,False,-1,False,0.14,0.0
correlated,0.5,17,sp_ucb_st2,phi_bias,25,0.45,500.3387445301238,56.228193796440976,0.0,False,-1,,0.98,
correlated,0.5,17,se_st2,phi_bias,25,0.45,1112.5938901823765,222.51877803647534,,False,-1,False,0.15,0.0
correlated,0.5,17,sp_ucb_st2,ignore_corr,25,0.5,405.4856181108891,39.04180806698807,0.0,False,-1,,1.0,
correlated,0.5,17,se_st2,ignore_corr,25,0.5,1112.5938901823765,222.51877803647534,,False,-1,False,0.13,0.0
correlated,0.5,17,sp_ucb_st2,t3,25,0.5,432.6507419615193,61.98985272767966,0.0,False,-1,,1.03,
correlated,0.5,17,se_st2,t3,25,0.5,1112.5938901823768,222.51877803647534,,False,-1,False,0.16,0.0
correlated,0.9,17,sp_ucb_st2,known,25,0.9,415.8687677279083,29.208765344981696,0.0,False,-1,,0.96,
correlated,0.9,17,se_st2,known,25,0.9,1112.5938901823765,222.51877803647534,,False,-1,False,0.16,0.0
correlated,0.9,17,sp_ucb_st2,fit100,25,0.8544645917601182,553.4605718075425,48.082998452517145,0.0,False,-1,,1.03,
correlated,0.9,17,se_st2,fit100,25,0.8544645917601182,1112.5938901823765,222.51877803647534,,False,-1,False,0.15,0.0
correlated,0.9,17,sp_ucb_st2,fit365,25,0.8770901031325503,611.3638068687967,86.91800947308371,0.0,False,-1,,1.07,
correlated,0.9,17,se_st2,fit365,25,0.8770901031325503,1112.5938901823765,222.51877803647534,,False,-1,False,0.16,0.0
correlated,0.9,17,sp_ucb_st2,fit100_cons,25,0.8764273375265315,606.0058904761622,34.66253169982401,0.0,False,-1,,1.05,
correlated,0.9,17,se_st2,fit100_cons,25,0.8764273375265315,1112.5938901823765,222.51877803647534,,False,-1,False,0.17,0.0
correlated,0.9,17,sp_ucb_st2,phi_bias,25,0.85,506.0602976491216,38.991353214985345,0.0,False,-1,,1.01,
correlated,0.9,17,se_st2,phi_bias,25,0.85,1112.5938901823765,222.51877803647534,,False,-1,False,0.17,0.0
correlated,0.9,17,sp_ucb_st2,ignore_corr,25,0.9,563.1217840343243,96.52840334908481,0.0,False,-1,,1.02,
correlated,0.9,17,se_st2,ignore_corr,25,0.9,1112.5938901823765,222.51877803647534,,False,-1,False,0.14,0.0
correlated,0.9,17,sp_ucb_st2,t3,25,0.9,1085.7845077754318,211.21047396028916,0.0,False,-1,,0.94,
correlated,0.9,17,se_st2,t3,25,0.9,1112.5938901823768,222.51877803647534,,False,-1,False,0.15,0.0
correlated,0.97,17,sp_ucb_st2,known,25,0.97,579.560675115188,38.66732914012706,0.0,False,-1,,1.01,
correlated,0.97,17,se_st2,known,25,0.97,1112.5938901823765,222.51877803647534,,False,-1,False,0.13,0.0
correlated,0.97,17,sp_ucb_st2,fit100,25,0.9172408537168589,436.0060005222567,43.61842927353838,0.0,False,-1,,1.05,
correlated,0.97,17,se_st2,fit100,25,0.9172408537168589,536.635246719244,47.0639649670946,,False,-1,False,0.17,0.0
correlated,0.97,17,sp_ucb_st2,fit365,25,0.9575746579026383,794.622264388908,30.24929702973335,0.0,False,-1,,1.02,
correlated,0.97,17,se_st2,fit365,25,0.9575746579026383,1112.5938901823765,222.51877803647534,,False,-1,False,0.16,0.0
correlated,0.97,17,sp_ucb_st2,fit100_cons,25,0.937189826463172,637.5983033535057,10.667088561069901,0.0,False,-1,,1.03,
correlated,0.97,17,se_st2,fit100_cons,25,0.937189826463172,944.7638311463679,143.90704975606664,,False,-1,False,0.15,0.0
correlated,0.97,17,sp_ucb_st2,phi_bias,25,0.9199999999999999,380.18662218242304,22.43112867401773,0.0,False,-1,,0.99,
correlated,0.97,17,se_st2,phi_bias,25,0.9199999999999999,1112.5938901823765,222.51877803647534,,False,-1,False,0.13,0.0
correlated,0.97,17,sp_ucb_st2,ignore_corr,25,0.97,611.4059387276734,37.636348284286505,0.0,False,-1,,1.09,
correlated,0.97,17,se_st2,ignore_corr,25,0.97,1112.5938901823765,222.51877803647534,,False,-1,False,0.19,0.0
correlated,0.97,17,sp_ucb_st2,t3,25,0.97,1051.1229850039072,230.65861764877917,0.0,False,-1,,0.99,
correlated,0.97,17,se_st2,t3,25,0.97,1112.5938901823768,222.51877803647534,,False,-1,False,0.16,0.0
correlated,,17,sp_ucb_st2,ar7_as_ar1,25,0.7200214156657561,247.43138156634348,17.73251749002646,0.0,False,-1,,1.06,
correlated,,17,se_st2,ar7_as_ar1,25,0.7200214156657561,921.6187509579083,159.7816543944989,,False,-1,False,0.2,0.0
correlated,0.5,18,sp_ucb_st2,known,25,0.5,478.5890987299678,68.70791938367196,0.0,False,-1,,1.04,
correlated,0.5,18,se_st2,known,25,0.5,1214.6083332168027,242.92166664336057,,False,-1,False,0.2,0.0
correlated,0.5,18,sp_ucb_st2,fit100,25,0.5038562938623465,532.3581872333627,42.28336594488116,0.0,False,-1,,1.03,
correlated,0.5,18,se_st2,fit100,25,0.5038562938623465,1214.6083332168027,242.92166664336057,,False,-1,False,0.14,0.0
correlated,0.5,18,sp_ucb_st2,fit365,25,0.48119939512787374,401.58381245033803,32.30688241300595,0.0,False,-1,,0.98,
correlated,0.5,18,se_st2,fit365,25,0.48119939512787374,1214.6083332168027,242.92166664336057,,False,-1,False,0.19,0.0
correlated,0.5,18,sp_ucb_st2,fit100_cons,25,0.5862541900579818,492.1010551527493,31.34508208975165,0.0,False,-1,,1.02,
correlated,0.5,18,se_st2,fit100_cons,25,0.5862541900579818,1214.6083332168027,242.92166664336057,,False,-1,False,0.14,0.0
correlated,0.5,18,sp_ucb_st2,phi_bias,25,0.45,367.2462292576163,47.41904476437444,0.0,False,-1,,1.11,
correlated,0.5,18,se_st2,phi_bias,25,0.45,1214.6083332168027,242.92166664336057,,False,-1,False,0.14,0.0
correlated,0.5,18,sp_ucb_st2,ignore_corr,25,0.5,293.0472437101348,35.56200895191597,0.0,False,-1,,1.06,
correlated,0.5,18,se_st2,ignore_corr,25,0.5,1214.6083332168027,242.92166664336057,,False,-1,False,0.16,0.0
correlated,0.5,18,sp_ucb_st2,t3,25,0.5,350.7609474128654,23.315475053215398,0.0,False,-1,,1.12,
correlated,0.5,18,se_st2,t3,25,0.5,1214.608333216803,242.9216666433606,,False,-1,False,0.16,0.0
correlated,0.9,18,sp_ucb_st2,known,25,0.9,668.8380377817485,57.83794868699298,0.0,False,-1,,1.02,
correlated,0.9,18,se_st2,known,25,0.9,1214.6083332168027,242.92166664336057,,False,-1,False,0.15,0.0
correlated,0.9,18,sp_ucb_st2,fit100,25,0.8900618225256218,556.5677124023093,36.6256624464819,0.0,False,-1,,0.99,
correlated,0.9,18,se_st2,fit100,25,0.8900618225256218,1214.6083332168027,242.92166664336057,,False,-1,False,0.14,0.0
correlated,0.9,18,sp_ucb_st2,fit365,25,0.8851015311026439,821.3108196399534,109.278957391723,0.0,False,-1,,1.0,
correlated,0.9,18,se_st2,fit365,25,0.8851015311026439,1214.6083332168027,242.92166664336057,,False,-1,False,0.15,0.0
correlated,0.9,18,sp_ucb_st2,fit100_cons,25,0.9178014621277605,700.3037796500334,144.18488141085496,0.0,False,-1,,1.08,
correlated,0.9,18,se_st2,fit100_cons,25,0.9178014621277605,1214.6083332168027,242.92166664336057,,False,-1,False,0.16,0.0
correlated,0.9,18,sp_ucb_st2,phi_bias,25,0.85,531.0470829703662,107.63157092591786,0.0,False,-1,,1.05,
correlated,0.9,18,se_st2,phi_bias,25,0.85,1214.6083332168027,242.92166664336057,,False,-1,False,0.14,0.0
correlated,0.9,18,sp_ucb_st2,ignore_corr,25,0.9,732.84553406639,164.54388275841194,0.0,False,-1,,0.97,
correlated,0.9,18,se_st2,ignore_corr,25,0.9,1214.6083332168027,242.92166664336057,,False,-1,False,0.16,0.0
correlated,0.9,18,sp_ucb_st2,t3,25,0.9,673.9621204117451,9.171506250306606,0.0,False,-1,,1.03,
correlated,0.9,18,se_st2,t3,25,0.9,1214.608333216803,242.9216666433606,,False,-1,False,0.19,0.0
correlated,0.97,18,sp_ucb_st2,known,25,0.97,866.5783470641657,89.75059219285676,0.0,False,-1,,1.02,
correlated,0.97,18,se_st2,known,25,0.97,1214.6083332168027,242.92166664336057,,False,-1,False,0.14,0.0
correlated,0.97,18,sp_ucb_st2,fit100,25,0.9408875531418747,793.9570165225334,69.29144408843345,0.0,False,-1,,1.03,
correlated,0.97,18,se_st2,fit100,25,0.9408875531418747,1214.6083332168027,242.92166664336057,,False,-1,False,0.14,0.0
correlated,0.97,18,sp_ucb_st2,fit365,25,0.9579136552961868,695.7007776338846,28.121545608233294,0.0,False,-1,,1.03,
correlated,0.97,18,se_st2,fit365,25,0.9579136552961868,1214.6083332168027,242.92166664336057,,False,-1,False,0.15,0.0
correlated,0.97,18,sp_ucb_st2,fit100_cons,25,0.9564867347950685,510.67257207105075,31.894783202487957,0.0,False,-1,,1.0,
correlated,0.97,18,se_st2,fit100_cons,25,0.9564867347950685,1214.6083332168027,242.92166664336057,,False,-1,False,0.14,0.0
correlated,0.97,18,sp_ucb_st2,phi_bias,25,0.9199999999999999,960.6456824179475,48.829821561549025,0.0,False,-1,,1.04,
correlated,0.97,18,se_st2,phi_bias,25,0.9199999999999999,1214.6083332168027,242.92166664336057,,False,-1,False,0.15,0.0
correlated,0.97,18,sp_ucb_st2,ignore_corr,25,0.97,619.3932046131237,31.021236987875557,0.0,False,-1,,1.07,
correlated,0.97,18,se_st2,ignore_corr,25,0.97,1214.6083332168027,242.92166664336057,,False,-1,False,0.12,0.0
correlated,0.97,18,sp_ucb_st2,t3,25,0.97,743.4553398495755,61.688287038560546,0.0,False,-1,,1.02,
correlated,0.97,18,se_st2,t3,25,0.97,1214.608333216803,242.9216666433606,,False,-1,False,0.19,0.0
correlated,,18,sp_ucb_st2,ar7_as_ar1,25,0.7597388316697335,639.8515292936513,56.96659424128277,0.0,False,-1,,1.08,
correlated,,18,se_st2,ar7_as_ar1,25,0.7597388316697335,1214.6083332168027,242.92166664336057,,False,-1,False,0.19,0.0
correlated,0.5,19,sp_ucb_st2,known,25,0.5,612.5087706766595,78.75666070476404,0.0,False,-1,,0.99,
correlated,0.5,19,se_st2,known,25,0.5,1179.601504648334,235.92030092966678,,False,-1,False,0.16,0.0
correlated,0.5,19,sp_ucb_st2,fit100,25,0.5362531384902539,522.2004609267808,74.88171351222205,0.0,False,-1,,1.07,
correlated,0.5,19,se_st2,fit100,25,0.5362531384902539,1179.601504648334,235.92030092966678,,False,-1,False,0.17,0.0
correlated,0.5,19,sp_ucb_st2,fit365,25,0.4993322777717743,683.3868250277385,184.27978473046818,0.0,False,-1,,1.03,
correlated,0.5,19,se_st2,fit365,25,0.4993322777717743,1179.601504648334,235.92030092966678,,False,-1,False,0.14,0.0
correlated,0.5,19,sp_ucb_st2,fit100_cons,25,0.6015592465482428,672.4634853185869,122.31917547369619,0.0,False,-1,,1.01,
correlated,0.5,19,se_st2,fit100_cons,25,0.6015592465482428,1179.601504648334,235.92030092966678,,False,-1,False,0.15,0.0
correlated,0.5,19,sp_ucb_st2,phi_bias,25,0.45,622.9707327575436,112.04227098053093,0.0,False,-1,,1.05,
correlated,0.5,19,se_st2,phi_bias,25,0.45,1179.601504648334,235.92030092966678,,False,-1,False,0.14,0.0
correlated,0.5,19,sp_ucb_st2,ignore_corr,25,0.5,680.245150246755,154.11311001580498,0.0,False,-1,,1.01,
correlated,0.5,19,se_st2,ignore_corr,25,0.5,1179.601504648334,235.92030092966678,,False,-1,False,0.18,0.0
correlated,0.5,19,sp_ucb_st2,t3,25,0.5,776.1082836102447,185.13470744255602,0.0,False,-1,,1.04,
correlated,0.5,19,se_st2,t3,25,0.5,1179.601504648334,235.9203009296668,,False,-1,False,0.17,0.0
correlated,0.9,19,sp_ucb_st2,known,25,0.9,843.8772608515792,111.75213152968114,0.0,False,-1,,1.08,
correlated,0.9,19,se_st2,known,25,0.9,1179.601504648334,235.92030092966678,,False,-1,False,0.16,0.0
correlated,0.9,19,sp_ucb_st2,fit100,25,0.8820064259400455,946.5543160085872,205.1188194679993,0.0,False,-1,,0.96,
correlated,0.9,19,se_st2,fit100,25,0.8820064259400455,1179.601504648334,235.92030092966678,,False,-1,False,0.15,0.0
correlated,0.9,19,sp_ucb_st2,fit365,25,0.8913358743617759,830.6087552130148,180.92464127275161,0.0,False,-1,,1.07,
correlated,0.9,19,se_st2,fit365,25,0.8913358743617759,1179.601504648334,235.92030092966678,,False,-1,False,0.17,0.0
correlated,0.9,19,sp_ucb_st2,fit100_cons,25,0.9024714479946563,792.8219865902155,201.95842810969387,0.0,False,-1,,1.01,
correlated,0.9,19,se_st2,fit100_cons,25,0.9024714479946563,1179.601504648334,235.92030092966678,,False,-1,False,0.18,0.0
correlated,0.9,19,sp_ucb_st2,phi_bias,25,0.85,952.1028077161887,232.90941063962117,0.0,False,-1,,1.08,
correlated,0.9,19,se_st2,phi_bias,25,0.85,1179.601504648334,235.92030092966678,,False,-1,False,0.16,0.0
correlated,0.9,19,sp_ucb_st2,ignore_corr,25,0.9,920.6296303739621,199.45855764240216,0.0,False,-1,,1.03,
correlated,0.9,19,se_st2,ignore_corr,25,0.9,1179.601504648334,235.92030092966678,,False,-1,False,0.16,0.0
correlated,0.9,19,sp_ucb_st2,t3,25,0.9,972.4654123184732,221.75728356238812,0.0,False,-1,,1.1,
correlated,0.9,19,se_st2,t3,25,0.9,1179.601504648334,235.9203009296668,,False,-1,False,0.17,0.0
correlated,0.97,19,sp_ucb_st2,known,25,0.97,825.7060133606857,174.9482596888889,0.0,False,-1,,1.09,
correlated,0.97,19,se_st2,known,25,0.97,1179.601504648334,235.92030092966678,,False,-1,False,0.17,0.0
correlated,0.97,19,sp_ucb_st2,fit100,25,0.9421351442612136,1036.1469248677904,242.85474504167308,0.0,False,-1,,1.1,
correlated,0.97,19,se_st2,fit100,25,0.9421351442612136,1179.601504648334,235.92030092966678,,False,-1,False,0.16,0.0
correlated,0.97,19,sp_ucb_st2,fit365,25,0.9587956116391463,786.481878296898,150.8182373066116,0.0,False,-1,,1.06,
correlated,0.97,19,se_st2,fit365,25,0.9587956116391463,1179.601504648334,235.92030092966678,,False,-1,False,0.15,0.0
correlated,0.97,19,sp_ucb_st2,fit100_cons,25,0.9561309964755383,954.414331951957,240.7444715255398,0.0,False,-1,,1.1,
correlated,0.97,19,se_st2,fit100_cons,25,0.9561309964755383,1179.601504648334,235.92030092966678,,False,-1,False,0.15,0.0
correlated,0.97,19,sp_ucb_st2,phi_bias,25,0.9199999999999999,835.7843134783909,205.8450518500058,0.0,False,-1,,1.1,
correlated,0.97,19,se_st2,phi_bias,25,0.9199999999999999,1179.601504648334,235.92030092966678,,False,-1,False,0.16,0.0
correlated,0.97,19,sp_ucb_st2,ignore_corr,25,0.97,927.015734857831,214.60359351533276,0.0,False,-1,,1.1,
correlated,0.97,19,se_st2,ignore_corr,25,0.97,1179.601504648334,235.92030092966678,,False,-1,False,0.17,0.0
correlated,0.97,19,sp_ucb_st2,t3,25,0.97,559.1789309664397,53.67028036614783,0.0,False,-1,,1.07,
correlated,0.97,19,se_st2,t3,25,0.97,1179.601504648334,235.9203009296668,,False,-1,False,0.19,0.0
correlated,,19,sp_ucb_st2,ar7_as_ar1,25,0.7388500656174111,552.8424160615517,217.14231244070425,0.0,False,-1,,1.17,
correlated,,19,se_st2,ar7_as_ar1,25,0.7388500656174111,1179.601504648334,235.92030092966678,,True,2350,False,0.19,0.004
correlated,0.5,20,sp_ucb_st2,known,25,0.5,580.8254987367674,125.15411361029406,0.0,False,-1,,1.03,
correlated,0.5,20,se_st2,known,25,0.5,1152.2517372043076,230.45034744086152,,False,-1,False,0.15,0.0
correlated,0.5,20,sp_ucb_st2,fit100,25,0.3815837470777965,374.53845577640885,8.595075031852035,0.0,False,-1,,1.16,
correlated,0.5,20,se_st2,fit100,25,0.3815837470777965,1152.2517372043076,230.45034744086152,,False,-1,False,0.17,0.0
correlated,0.5,20,sp_ucb_st2,fit365,25,0.45244022121743516,422.0904963695309,92.59002932340105,0.0,False,-1,,1.1,
correlated,0.5,20,se_st2,fit365,25,0.45244022121743516,1152.2517372043076,230.45034744086152,,False,-1,False,0.15,0.0
correlated,0.5,20,sp_ucb_st2,fit100_cons,25,0.4518234889801375,354.27636107354,16.285866551945816,0.0,False,-1,,1.12,
correlated,0.5,20,se_st2,fit100_cons,25,0.4518234889801375,1152.2517372043076,230.45034744086152,,False,-1,False,0.15,0.0
correlated,0.5,20,sp_ucb_st2,phi_bias,25,0.45,473.8477589956236,72.7866545335157,0.0,False,-1,,1.2,
correlated,0.5,20,se_st2,phi_bias,25,0.45,1152.2517372043076,230.45034744086152,,False,-1,False,0.18,0.0
correlated,0.5,20,sp_ucb_st2,ignore_corr,25,0.5,428.16036922852754,76.96818439053516,0.0,False,-1,,1.09,
correlated,0.5,20,se_st2,ignore_corr,25,0.5,1152.2517372043076,230.45034744086152,,False,-1,False,0.18,0.0
correlated,0.5,20,sp_ucb_st2,t3,25,0.5,217.54904691624762,7.641907240876913,0.0,False,-1,,1.08,
correlated,0.5,20,se_st2,t3,25,0.5,1152.2517372043078,230.45034744086155,,False,-1,False,0.17,0.0
correlated,0.9,20,sp_ucb_st2,known,25,0.9,806.0474561736492,215.42163793135774,0.0,False,-1,,1.11,
correlated,0.9,20,se_st2,known,25,0.9,1152.2517372043076,230.45034744086152,,False,-1,False,0.17,0.0
correlated,0.9,20,sp_ucb_st2,fit100,25,0.8620482894046565,985.6012704730965,226.11220697004947,0.0,False,-1,,1.09,
correlated,0.9,20,se_st2,fit100,25,0.8620482894046565,1152.2517372043076,230.45034744086152,,False,-1,False,0.18,0.0
correlated,0.9,20,sp_ucb_st2,fit365,25,0.8795656003981157,774.869192111529,83.9814329863126,0.0,False,-1,,1.15,
correlated,0.9,20,se_st2,fit365,25,0.8795656003981157,1152.2517372043076,230.45034744086152,,False,-1,False,0.17,0.0
correlated,0.9,20,sp_ucb_st2,fit100_cons,25,0.8842474945522563,851.4008489976771,239.127776901336,0.0,False,-1,,1.11,
correlated,0.9,20,se_st2,fit100_cons,25,0.8842474945522563,1152.2517372043076,230.45034744086152,,False,-1,False,0.17,0.0
correlated,0.9,20,sp_ucb_st2,phi_bias,25,0.85,626.88697865425,115.28306652556837,0.0,False,-1,,1.12,
correlated,0.9,20,se_st2,phi_bias,25,0.85,1152.2517372043076,230.45034744086152,,False,-1,False,0.18,0.0
correlated,0.9,20,sp_ucb_st2,ignore_corr,25,0.9,936.092650621662,194.0558308247959,0.0,False,-1,,1.1,
correlated,0.9,20,se_st2,ignore_corr,25,0.9,1152.2517372043076,230.45034744086152,,False,-1,False,0.19,0.0
correlated,0.9,20,sp_ucb_st2,t3,25,0.9,442.79505665084105,34.0140370097629,0.0,False,-1,,1.12,
correlated,0.9,20,se_st2,t3,25,0.9,1152.2517372043078,230.45034744086155,,False,-1,False,0.17,0.0
correlated,0.97,20,sp_ucb_st2,known,25,0.97,1131.7139658737274,169.2147579826261,0.0,False,-1,,1.12,
correlated,0.97,20,se_st2,known,25,0.97,1152.2517372043076,230.45034744086152,,False,-1,False,0.18,0.0
correlated,0.97,20,sp_ucb_st2,fit100,25,0.9477163778699618,978.6448928831883,267.0534854357049,0.0,False,-1,,1.14,
correlated,0.97,20,se_st2,fit100,25,0.9477163778699618,1152.2517372043076,230.45034744086152,,False,-1,False,0.18,0.0
correlated,0.97,20,sp_ucb_st2,fit365,25,0.9548263273085157,992.1455014787881,228.12427945887367,0.0,False,-1,,1.08,
correlated,0.97,20,se_st2,fit365,25,0.9548263273085157,1152.2517372043076,230.45034744086152,,False,-1,False,0.16,0.0
correlated,0.97,20,sp_ucb_st2,fit100_cons,25,0.9667962855724919,1101.4135520772131,270.04734089295033,0.0,False,-1,,1.08,
correlated,0.97,20,se_st2,fit100_cons,25,0.9667962855724919,1152.2517372043076,230.45034744086152,,False,-1,False,0.18,0.0
correlated,0.97,20,sp_ucb_st2,phi_bias,25,0.9199999999999999,1433.231420584953,261.85150778901993,0.0,False,-1,,1.05,
correlated,0.97,20,se_st2,phi_bias,25,0.9199999999999999,1152.2517372043076,230.45034744086152,,False,-1,False,0.18,0.0
correlated,0.97,20,sp_ucb_st2,ignore_corr,25,0.97,1195.1414724859999,244.26895562032547,0.0,False,-1,,1.13,
correlated,0.97,20,se_st2,ignore_corr,25,0.97,1152.2517372043076,230.45034744086152,,False,-1,False,0.18,0.0
correlated,0.97,20,sp_ucb_st2,t3,25,0.97,637.5063805505838,97.67546470050235,0.0,False,-1,,1.1,
correlated,0.97,20,se_st2,t3,25,0.97,1152.2517372043078,230.45034744086155,,False,-1,False,0.2,0.0
correlated,,20,sp_ucb_st2,ar7_as_ar1,25,0.7256797458203355,724.6419078119611,240.3971891052582,0.987,True,61,,1.14,
correlated,,20,se_st2,ar7_as_ar1,25,0.7256797458203355,601.3655626825328,109.49646795006139,,True,175,False,0.25,0.0386
correlated,0.5,21,sp_ucb_st2,known,25,0.5,512.218806053022,100.71834297707801,0.0,False,-1,,1.11,
correlated,0.5,21,se_st2,known,25,0.5,1227.3297893420454,245.46595786840908,,False,-1,False,0.17,0.0
correlated,0.5,21,sp_ucb_st2,fit100,25,0.4396108820565173,474.00087245050736,129.78132470458124,0.0,False,-1,,1.09,
correlated,0.5,21,se_st2,fit100,25,0.4396108820565173,1227.3297893420454,245.46595786840908,,False,-1,False,0.17,0.0
correlated,0.5,21,sp_ucb_st2,fit365,25,0.5058859634611995,434.88485159441126,32.76472598777279,0.0,False,-1,,1.17,
correlated,0.5,21,se_st2,fit365,25,0.5058859634611995,1227.3297893420454,245.46595786840908,,False,-1,False,0.18,0.0
correlated,0.5,21,sp_ucb_st2,fit100_cons,25,0.5263443650491795,425.41042091946997,33.771825109239316,0.0,False,-1,,1.14,
correlated,0.5,21,se_st2,fit100_cons,25,0.5263443650491795,1227.3297893420454,245.46595786840908,,False,-1,False,0.17,0.0
correlated,0.5,21,sp_ucb_st2,phi_bias,25,0.45,484.6410101601517,102.6150961156969,0.0,False,-1,,1.12,
correlated,0.5,21,se_st2,phi_bias,25,0.45,1227.3297893420454,245.46595786840908,,False,-1,False,0.19,0.0
correlated,0.5,21,sp_ucb_st2,ignore_corr,25,0.5,338.07201108800837,30.295571351314788,0.0,False,-1,,1.07,
correlated,0.5,21,se_st2,ignore_corr,25,0.5,1227.3297893420454,245.46595786840908,,False,-1,False,0.15,0.0
correlated,0.5,21,sp_ucb_st2,t3,25,0.5,548.5687994248945,63.86086657533282,0.0022,True,486,,1.1,
correlated,0.5,21,se_st2,t3,25,0.5,1227.3297893420454,245.46595786840908,,False,-1,False,0.17,0.0
correlated,0.9,21,sp_ucb_st2,known,25,0.9,827.5545140552426,109.94696320541732,0.0,False,-1,,1.13,
correlated,0.9,21,se_st2,known,25,0.9,1227.3297893420454,245.46595786840908,,False,-1,False,0.17,0.0
correlated,0.9,21,sp_ucb_st2,fit100,25,0.8752363956525412,1168.6885912262678,220.71733850442288,0.0,False,-1,,1.07,
correlated,0.9,21,se_st2,fit100,25,0.8752363956525412,1227.3297893420454,245.46595786840908,,False,-1,False,0.19,0.0
correlated,0.9,21,sp_ucb_st2,fit365,25,0.8966946403420952,1056.282895064673,239.6898592954958,0.0,False,-1,,1.08,
correlated,0.9,21,se_st2,fit365,25,0.8966946403420952,1227.3297893420454,245.46595786840908,,False,-1,False,0.17,0.0
correlated,0.9,21,sp_ucb_st2,fit100_cons,25,0.9040444868921859,1356.4228367543233,273.50987495839075,0.0,False,-1,,1.06,
correlated,0.9,21,se_st2,fit100_cons,25,0.9040444868921859,1227.3297893420454,245.46595786840908,,False,-1,False,0.18,0.0
correlated,0.9,21,sp_ucb_st2,phi_bias,25,0.85,749.6339618621591,22.65982032899529,0.0,False,-1,,1.13,
correlated,0.9,21,se_st2,phi_bias,25,0.85,1227.3297893420454,245.46595786840908,,False,-1,False,0.16,0.0
correlated,0.9,21,sp_ucb_st2,ignore_corr,25,0.9,588.1781498575901,130.1576799937496,0.0,False,-1,,1.13,
correlated,0.9,21,se_st2,ignore_corr,25,0.9,1227.3297893420454,245.46595786840908,,False,-1,False,0.15,0.0
correlated,0.9,21,sp_ucb_st2,t3,25,0.9,771.1599638084372,118.21331209047472,0.0016,True,486,,1.14,
correlated,0.9,21,se_st2,t3,25,0.9,1227.3297893420454,245.46595786840908,,False,-1,False,0.18,0.0
correlated,0.97,21,sp_ucb_st2,known,25,0.97,551.9007884140949,58.16458469513397,0.0,False,-1,,1.05,
correlated,0.97,21,se_st2,known,25,0.97,1227.3297893420454,245.46595786840908,,False,-1,False,0.16,0.0
correlated,0.97,21,sp_ucb_st2,fit100,25,0.9304138929026567,286.91676083860864,14.677241967315041,0.0,False,-1,,1.11,
correlated,0.97,21,se_st2,fit100,25,0.9304138929026567,1192.8804865388051,231.62874728389627,,False,-1,False,0.2,0.0
correlated,0.97,21,sp_ucb_st2,fit365,25,0.9574221085580928,733.946801629241,233.12679218112103,0.0,False,-1,,1.11,
correlated,0.97,21,se_st2,fit365,25,0.9574221085580928,1227.3297893420454,245.46595786840908,,False,-1,False,0.16,0.0
correlated,0.97,21,sp_ucb_st2,fit100_cons,25,0.9477926396604045,417.2398734589097,42.768397190237664,0.0,False,-1,,1.16,
correlated,0.97,21,se_st2,fit100_cons,25,0.9477926396604045,1227.3297893420454,245.46595786840908,,False,-1,False,0.14,0.0
correlated,0.97,21,sp_ucb_st2,phi_bias,25,0.9199999999999999,965.3283976861458,326.37656456572626,0.0,False,-1,,1.08,
correlated,0.97,21,se_st2,phi_bias,25,0.9199999999999999,1227.3297893420454,245.46595786840908,,False,-1,False,0.17,0.0
correlated,0.97,21,sp_ucb_st2,ignore_corr,25,0.97,1004.6854681428929,247.55586715748308,0.0,False,-1,,1.16,
correlated,0.97,21,se_st2,ignore_corr,25,0.97,1227.3297893420454,245.46595786840908,,False,-1,False,0.17,0.0
correlated,0.97,21,sp_ucb_st2,t3,25,0.97,885.1397148986159,132.92420875051027,0.0,False,-1,,1.16,
correlated,0.97,21,se_st2,t3,25,0.97,1227.3297893420454,245.46595786840908,,False,-1,False,0.17,0.0
correlated,,21,sp_ucb_st2,ar7_as_ar1,25,0.7184481804277014,142.9552060567444,13.41556744280369,0.9934,True,33,,1.14,
correlated,,21,se_st2,ar7_as_ar1,25,0.7184481804277014,860.4118661574872,125.998933975008,,True,175,True,0.2,0.0386
correlated,0.5,22,sp_ucb_st2,known,25,0.5,468.0509747887302,43.98747720695724,0.0,False,-1,,1.16,
correlated,0.5,22,se_st2,known,25,0.5,1148.1496117489073,229.62992234978148,,False,-1,False,0.14,0.0
correlated,0.5,22,sp_ucb_st2,fit100,25,0.4364726316604713,541.5975080581226,16.76877029558853,0.0,False,-1,,1.16,
correlated,0.5,22,se_st2,fit100,25,0.4364726316604713,1148.1496117489073,229.62992234978148,,False,-1,False,0.18,0.0
correlated,0.5,22,sp_ucb_st2,fit365,25,0.4900129665790245,410.9257091647876,62.8401393379487,0.0,False,-1,,1.14,
correlated,0.5,22,se_st2,fit365,25,0.4900129665790245,1148.1496117489073,229.62992234978148,,False,-1,False,0.18,0.0
correlated,0.5,22,sp_ucb_st2,fit100_cons,25,0.5281054257278929,447.11310510272904,21.75564632335587,0.0,False,-1,,1.07,
correlated,0.5,22,se_st2,fit100_cons,25,0.5281054257278929,1148.1496117489073,229.62992234978148,,False,-1,False,0.17,0.0
correlated,0.5,22,sp_ucb_st2,phi_bias,25,0.45,544.1414529652563,29.791358446332403,0.0,False,-1,,1.2,
correlated,0.5,22,se_st2,phi_bias,25,0.45,1148.1496117489073,229.62992234978148,,False,-1,False,0.18,0.0
correlated,0.5,22,sp_ucb_st2,ignore_corr,25,0.5,520.0344966302353,27.271986918180662,0.0,False,-1,,1.07,
correlated,0.5,22,se_st2,ignore_corr,25,0.5,1148.1496117489073,229.62992234978148,,False,-1,False,0.13,0.0
correlated,0.5,22,sp_ucb_st2,t3,25,0.5,491.138759849409,73.45631057137695,0.0,False,-1,,1.13,
correlated,0.5,22,se_st2,t3,25,0.5,1148.1496117489075,229.62992234978148,,False,-1,False,0.17,0.0
correlated,0.9,22,sp_ucb_st2,known,25,0.9,722.3134486882905,36.22708964868821,0.0,False,-1,,1.09,
correlated,0.9,22,se_st2,known,25,0.9,1148.1496117489073,229.62992234978148,,False,-1,False,0.18,0.0
correlated,0.9,22,sp_ucb_st2,fit100,25,0.8615568753233532,607.7053587990363,46.76900541018475,0.0,False,-1,,1.11,
correlated,0.9,22,se_st2,fit100,25,0.8615568753233532,1148.1496117489073,229.62992234978148,,False,-1,False,0.16,0.0
correlated,0.9,22,sp_ucb_st2,fit365,25,0.8965888516089966,1046.6052067029648,115.23157702411825,0.0,False,-1,,1.1,
correlated,0.9,22,se_st2,fit365,25,0.8965888516089966,1148.1496117489073,229.62992234978148,,False,-1,False,0.19,0.0
correlated,0.9,22,sp_ucb_st2,fit100_cons,25,0.8940767909356756,570.7234023763873,39.0311317721525,0.0,False,-1,,1.13,
correlated,0.9,22,se_st2,fit100_cons,25,0.8940767909356756,1148.1496117489073,229.62992234978148,,False,-1,False,0.15,0.0
correlated,0.9,22,sp_ucb_st2,phi_bias,25,0.85,669.924832785942,56.195356913916925,0.0,False,-1,,1.18,
correlated,0.9,22,se_st2,phi_bias,25,0.85,1148.1496117489073,229.62992234978148,,False,-1,False,0.16,0.0
correlated,0.9,22,sp_ucb_st2,ignore_corr,25,0.9,724.8593351840224,115.38938917683252,0.0,False,-1,,1.07,
correlated,0.9,22,se_st2,ignore_corr,25,0.9,1148.1496117489073,229.62992234978148,,False,-1,False,0.13,0.0
correlated,0.9,22,sp_ucb_st2,t3,25,0.9,677.9260059654723,75.46318182553397,0.0,False,-1,,1.07,
correlated,0.9,22,se_st2,t3,25,0.9,1148.1496117489075,229.62992234978148,,False,-1,False,0.17,0.0
correlated,0.97,22,sp_ucb_st2,known,25,0.97,1216.3547566377003,267.47091427356514,0.0,False,-1,,1.14,
correlated,0.97,22,se_st2,known,25,0.97,1148.1496117489073,229.62992234978148,,False,-1,False,0.19,0.0
correlated,0.97,22,sp_ucb_st2,fit100,25,0.928885313672827,445.0517026830233,12.461542831283667,0.0,False,-1,,1.15,
correlated,0.97,22,se_st2,fit100,25,0.928885313672827,1148.1496117489073,229.62992234978148,,False,-1,False,0.18,0.0
correlated,0.97,22,sp_ucb_st2,fit365,25,0.9653713422316316,786.9430220298254,19.771100881915135,0.0,False,-1,,1.12,
correlated,0.97,22,se_st2,fit365,25,0.9653713422316316,1148.1496117489073,229.62992234978148,,False,-1,False,0.18,0.0
correlated,0.97,22,sp_ucb_st2,fit100_cons,25,0.9475126854750612,1215.974837055107,31.101577890655356,0.0,False,-1,,1.09,
correlated,0.97,22,se_st2,fit100_cons,25,0.9475126854750612,1148.1496117489073,229.62992234978148,,False,-1,False,0.18,0.0
correlated,0.97,22,sp_ucb_st2,phi_bias,25,0.9199999999999999,1287.7266601723527,301.6992962549267,0.0,False,-1,,1.1,
correlated,0.97,22,se_st2,phi_bias,25,0.9199999999999999,1148.1496117489073,229.62992234978148,,False,-1,False,0.17,0.0
correlated,0.97,22,sp_ucb_st2,ignore_corr,25,0.97,948.4232322839268,9.157125093894265,0.0,False,-1,,1.07,
correlated,0.97,22,se_st2,ignore_corr,25,0.97,1148.1496117489073,229.62992234978148,,False,-1,False,0.18,0.0
correlated,0.97,22,sp_ucb_st2,t3,25,0.97,715.8142320815132,101.15258006152656,0.0,False,-1,,1.09,
correlated,0.97,22,se_st2,t3,25,0.97,1148.1496117489075,229.62992234978148,,False,-1,False,0.16,0.0
correlated,,22,sp_ucb_st2,ar7_as_ar1,25,0.7889260475938848,1115.4098388079374,250.96590370274237,0.0,False,-1,,1.16,
correlated,,22,se_st2,ar7_as_ar1,25,0.7889260475938848,1148.1496117489073,229.62992234978148,,True,1350,False,0.22,0.008
correlated,0.5,23,sp_ucb_st2,known,25,0.5,346.28579543935047,18.281225653984308,0.0,False,-1,,1.1,
correlated,0.5,23,se_st2,known,25,0.5,1130.8502461900543,226.17004923801085,,False,-1,False,0.17,0.0
correlated,0.5,23,sp_ucb_st2,fit100,25,0.5303151398462052,291.30418942358415,35.480245330534444,0.0,False,-1,,1.15,
correlated,0.5,23,se_st2,fit100,25,0.5303151398462052,1130.8502461900543,226.17004923801085,,False,-1,False,0.16,0.0
correlated,0.5,23,sp_ucb_st2,fit365,25,0.44898810760107055,417.5434729801243,73.39599278876888,0.0,False,-1,,1.12,
correlated,0.5,23,se_st2,fit365,25,0.44898810760107055,1130.8502461900543,226.17004923801085,,False,-1,False,0.18,0.0
correlated,0.5,23,sp_ucb_st2,fit100_cons,25,0.6200685142433877,503.6806150898625,85.6842391271347,0.0,False,-1,,1.12,
correlated,0.5,23,se_st2,fit100_cons,25,0.6200685142433877,1130.8502461900543,226.17004923801085,,False,-1,False,0.15,0.0
correlated,0.5,23,sp_ucb_st2,phi_bias,25,0.45,336.88004851729204,47.66802396040326,0.0,False,-1,,1.07,
correlated,0.5,23,se_st2,phi_bias,25,0.45,1130.8502461900543,226.17004923801085,,False,-1,False,0.2,0.0
correlated,0.5,23,sp_ucb_st2,ignore_corr,25,0.5,348.1400553237994,41.9008473440521,0.0,False,-1,,1.11,
correlated,0.5,23,se_st2,ignore_corr,25,0.5,1130.8502461900543,226.17004923801085,,False,-1,False,0.17,0.0
correlated,0.5,23,sp_ucb_st2,t3,25,0.5,570.4588866284865,109.57445441246492,0.0,False,-1,,1.11,
correlated,0.5,23,se_st2,t3,25,0.5,1130.8502461900543,226.1700492380109,,False,-1,False,0.18,0.0
correlated,0.9,23,sp_ucb_st2,known,25,0.9,554.094088055532,59.94328651933629,0.0,False,-1,,1.05,
correlated,0.9,23,se_st2,known,25,0.9,1130.8502461900543,226.17004923801085,,False,-1,False,0.14,0.0
correlated,0.9,23,sp_ucb_st2,fit100,25,0.8623335634907272,668.9026241533676,122.99594820899426,0.0,False,-1,,1.17,
correlated,0.9,23,se_st2,fit100,25,0.8623335634907272,1130.8502461900543,226.17004923801085,,False,-1,False,0.17,0.0
correlated,0.9,23,sp_ucb_st2,fit365,25,0.869721648913802,570.7639921686556,47.105188378903094,0.0,False,-1,,1.01,
correlated,0.9,23,se_st2,fit365,25,0.869721648913802,1130.8502461900543,226.17004923801085,,False,-1,False,0.16,0.0
correlated,0.9,23,sp_ucb_st2,fit100_cons,25,0.8769546580611548,947.1999121792859,115.97796493670944,0.0,False,-1,,1.22,
correlated,0.9,23,se_st2,fit100_cons,25,0.8769546580611548,1130.8502461900543,226.17004923801085,,False,-1,False,0.16,0.0
correlated,0.9,23,sp_ucb_st2,phi_bias,25,0.85,614.4652908957512,161.72098756081633,0.0,False,-1,,1.01,
correlated,0.9,23,se_st2,phi_bias,25,0.85,1130.8502461900543,226.17004923801085,,False,-1,False,0.18,0.0
correlated,0.9,23,sp_ucb_st2,ignore_corr,25,0.9,502.98440666727413,49.702940158817235,0.0,False,-1,,1.14,
correlated,0.9,23,se_st2,ignore_corr,25,0.9,1130.8502461900543,226.17004923801085,,False,-1,False,0.14,0.0
correlated,0.9,23,sp_ucb_st2,t3,25,0.9,883.6557851488667,106.2917099304814,0.0,False,-1,,1.06,
correlated,0.9,23,se_st2,t3,25,0.9,1130.8502461900543,226.1700492380109,,False,-1,False,0.16,0.0
correlated,0.97,23,sp_ucb_st2,known,25,0.97,506.12888746737184,63.55094662577331,0.0,False,-1,,1.05,
correlated,0.97,23,se_st2,known,25,0.97,1130.8502461900543,226.17004923801085,,False,-1,False,0.14,0.0
correlated,0.97,23,sp_ucb_st2,fit100,25,0.9185712965417039,989.7727408036432,232.28542401247785,0.0,False,-1,,1.09,
correlated,0.97,23,se_st2,fit100,25,0.9185712965417039,1130.8502461900543,226.17004923801085,,False,-1,False,0.14,0.0
correlated,0.97,23,sp_ucb_st2,fit365,25,0.9515651307381606,659.1909392861158,137.0598777733333,0.0,False,-1,,1.02,
correlated,0.97,23,se_st2,fit365,25,0.9515651307381606,1130.8502461900543,226.17004923801085,,False,-1,False,0.16,0.0
correlated,0.97,23,sp_ucb_st2,fit100_cons,25,0.9311691978655168,818.8297450712048,232.21742728671222,0.0,False,-1,,0.98,
correlated,0.97,23,se_st2,fit100_cons,25,0.9311691978655168,1130.8502461900543,226.17004923801085,,False,-1,False,0.14,0.0
correlated,0.97,23,sp_ucb_st2,phi_bias,25,0.9199999999999999,523.8546817443367,50.91036092851241,0.0,False,-1,,1.02,
correlated,0.97,23,se_st2,phi_bias,25,0.9199999999999999,1130.8502461900543,226.17004923801085,,False,-1,False,0.16,0.0
correlated,0.97,23,sp_ucb_st2,ignore_corr,25,0.97,614.2565569116006,147.16035866375842,0.0,False,-1,,1.01,
correlated,0.97,23,se_st2,ignore_corr,25,0.97,1130.8502461900543,226.17004923801085,,False,-1,False,0.16,0.0
correlated,0.97,23,sp_ucb_st2,t3,25,0.97,990.1490478839531,228.94168980668402,0.0,False,-1,,1.03,
correlated,0.97,23,se_st2,t3,25,0.97,1130.8502461900543,226.1700492380109,,False,-1,False,0.16,0.0
correlated,,23,sp_ucb_st2,ar7_as_ar1,25,0.7129725267391038,1108.4348343543263,243.49674372856867,0.0,False,-1,,1.1,
correlated,,23,se_st2,ar7_as_ar1,25,0.7129725267391038,1070.087618898282,183.3627161567818,,True,125,False,0.2,0.0292
correlated,0.5,24,sp_ucb_st2,known,25,0.5,561.796999191217,33.28810956475951,0.0,False,-1,,1.0,
correlated,0.5,24,se_st2,known,25,0.5,1206.954820035735,241.39096400714698,,False,-1,False,0.16,0.0
correlated,0.5,24,sp_ucb_st2,fit100,25,0.46264611904067016,285.9025359173726,24.122048803411147,0.0002,True,553,,1.04,
correlated,0.5,24,se_st2,fit100,25,0.46264611904067016,1206.954820035735,241.39096400714698,,False,-1,False,0.16,0.0
correlated,0.5,24,sp_ucb_st2,fit365,25,0.5025946357574869,461.6487675447969,85.12383352550867,0.0004,True,552,,1.0,
correlated,0.5,24,se_st2,fit365,25,0.5025946357574869,1206.954820035735,241.39096400714698,,False,-1,False,0.15,0.0
correlated,0.5,24,sp_ucb_st2,fit100_cons,25,0.5105257278947282,429.7078132546719,25.875173970357626,0.0002,True,553,,1.02,
correlated,0.5,24,se_st2,fit100_cons,25,0.5105257278947282,1206.954820035735,241.39096400714698,,False,-1,False,0.14,0.0
correlated,0.5,24,sp_ucb_st2,phi_bias,25,0.45,495.37991474200203,20.5671698331047,0.0,False,-1,,0.97,
correlated,0.5,24,se_st2,phi_bias,25,0.45,1206.954820035735,241.39096400714698,,False,-1,False,0.14,0.0
correlated,0.5,24,sp_ucb_st2,ignore_corr,25,0.5,459.9188493054732,69.15979178414241,0.0,False,-1,,1.0,
correlated,0.5,24,se_st2,ignore_corr,25,0.5,1206.954820035735,241.39096400714698,,False,-1,False,0.16,0.0
correlated,0.5,24,sp_ucb_st2,t3,25,0.5,363.70545882062595,0.21212807815260415,0.0,False,-1,,0.93,
correlated,0.5,24,se_st2,t3,25,0.5,1206.954820035735,241.39096400714703,,False,-1,False,0.15,0.0
correlated,0.9,24,sp_ucb_st2,known,25,0.9,791.1713934370638,76.70515948538872,0.0,False,-1,,1.03,
correlated,0.9,24,se_st2,known,25,0.9,1206.954820035735,241.39096400714698,,False,-1,False,0.14,0.0
correlated,0.9,24,sp_ucb_st2,fit100,25,0.8557728378383007,473.341300970961,116.83693025229498,0.0,False,-1,,1.04,
correlated,0.9,24,se_st2,fit100,25,0.8557728378383007,1206.954820035735,241.39096400714698,,True,700,False,0.16,0.004
correlated,0.9,24,sp_ucb_st2,fit365,25,0.8805333741063495,589.3598631686904,65.9734787304598,0.0,False,-1,,1.07,
correlated,0.9,24,se_st2,fit365,25,0.8805333741063495,1206.954820035735,241.39096400714698,,False,-1,False,0.14,0.0
correlated,0.9,24,sp_ucb_st2,fit100_cons,25,0.8770935952969409,485.7180131286593,37.21675651713116,0.0,False,-1,,1.04,
correlated,0.9,24,se_st2,fit100_cons,25,0.8770935952969409,1206.954820035735,241.39096400714698,,True,700,False,0.16,0.004
correlated,0.9,24,sp_ucb_st2,phi_bias,25,0.85,530.8826064107611,38.18966889661664,0.0,False,-1,,1.04,
correlated,0.9,24,se_st2,phi_bias,25,0.85,1206.954820035735,241.39096400714698,,True,700,False,0.14,0.004
correlated,0.9,24,sp_ucb_st2,ignore_corr,25,0.9,563.7087696808564,67.25464845993892,0.0,False,-1,,1.08,
correlated,0.9,24,se_st2,ignore_corr,25,0.9,1206.954820035735,241.39096400714698,,False,-1,False,0.15,0.0
correlated,0.9,24,sp_ucb_st2,t3,25,0.9,665.0246304886401,53.24045723922258,0.0,False,-1,,0.98,
correlated,0.9,24,se_st2,t3,25,0.9,1206.954820035735,241.39096400714703,,False,-1,False,0.16,0.0
correlated,0.97,24,sp_ucb_st2,known,25,0.97,632.1067589679661,67.43566041664309,0.0,False,-1,,0.95,
correlated,0.97,24,se_st2,known,25,0.97,1206.954820035735,241.39096400714698,,False,-1,False,0.16,0.0
correlated,0.97,24,sp_ucb_st2,fit100,25,0.9318097803283808,560.179153804869,53.62768261798405,0.9412,True,294,,1.0,
correlated,0.97,24,se_st2,fit100,25,0.9318097803283808,1173.6480655977489,232.4978820973414,,True,700,False,0.17,0.0344
correlated,0.97,24,sp_ucb_st2,fit365,25,0.9542306496207977,776.0443934377556,32.86518822812434,0.0,False,-1,,1.06,
correlated,0.97,24,se_st2,fit365,25,0.9542306496207977,1206.954820035735,241.39096400714698,,True,700,False,0.15,0.004
correlated,0.97,24,sp_ucb_st2,fit100_cons,25,0.9486505651097098,693.4560589681537,78.55999296516042,0.0,False,-1,,1.02,
correlated,0.97,24,se_st2,fit100_cons,25,0.9486505651097098,1173.6480655977489,232.4978820973414,,True,700,False,0.17,0.0344
correlated,0.97,24,sp_ucb_st2,phi_bias,25,0.9199999999999999,482.10370942889153,58.45880694039377,0.0,False,-1,,1.07,
correlated,0.97,24,se_st2,phi_bias,25,0.9199999999999999,1206.954820035735,241.39096400714698,,True,700,False,0.16,0.004
correlated,0.97,24,sp_ucb_st2,ignore_corr,25,0.97,834.2300543100425,209.42095007518657,0.0,False,-1,,1.01,
correlated,0.97,24,se_st2,ignore_corr,25,0.97,1206.954820035735,241.39096400714698,,False,-1,False,0.17,0.0
correlated,0.97,24,sp_ucb_st2,t3,25,0.97,577.6008636611102,34.85190855452003,0.0,False,-1,,1.02,
correlated,0.97,24,se_st2,t3,25,0.97,1206.954820035735,241.39096400714703,,False,-1,False,0.16,0.0
correlated,,24,sp_ucb_st2,ar7_as_ar1,25,0.714076781513421,350.0141946540315,17.73947050308532,0.0,False,-1,,1.07,
correlated,,24,se_st2,ar7_as_ar1,25,0.714076781513421,343.15245871834725,46.13493726352446,,True,125,False,0.2,0.039
correlated,0.5,25,sp_ucb_st2,known,25,0.5,576.6457699516928,88.67921959272613,0.0,False,-1,,1.0,
correlated,0.5,25,se_st2,known,25,0.5,1216.8952992607192,243.37905985214388,,False,-1,False,0.16,0.0
correlated,0.5,25,sp_ucb_st2,fit100,25,0.37043674754128714,694.0580256733198,18.59474869189839,0.0,False,-1,,1.03,
correlated,0.5,25,se_st2,fit100,25,0.37043674754128714,1216.8952992607192,243.37905985214388,,False,-1,False,0.16,0.0
correlated,0.5,25,sp_ucb_st2,fit365,25,0.47569179481279844,665.3577811863117,48.13322901093061,0.0,False,-1,,1.02,
correlated,0.5,25,se_st2,fit365,25,0.47569179481279844,1216.8952992607192,243.37905985214388,,False,-1,False,0.14,0.0
correlated,0.5,25,sp_ucb_st2,fit100_cons,25,0.4484055603069111,440.6124144409687,18.89840196080595,0.0,False,-1,,1.03,
correlated,0.5,25,se_st2,fit100_cons,25,0.4484055603069111,1216.8952992607192,243.37905985214388,,False,-1,False,0.17,0.0
correlated,0.5,25,sp_ucb_st2,phi_bias,25,0.45,531.2329642051114,53.982504414353244,0.0,False,-1,,1.11,
correlated,0.5,25,se_st2,phi_bias,25,0.45,1216.8952992607192,243.37905985214388,,False,-1,False,0.19,0.0
correlated,0.5,25,sp_ucb_st2,ignore_corr,25,0.5,585.4921956845617,29.374615101046533,0.0,False,-1,,1.06,
correlated,0.5,25,se_st2,ignore_corr,25,0.5,1216.8952992607192,243.37905985214388,,False,-1,False,0.14,0.0
correlated,0.5,25,sp_ucb_st2,t3,25,0.5,677.9067151740959,132.78451612760728,0.0,False,-1,,1.07,
correlated,0.5,25,se_st2,t3,25,0.5,1216.8952992607192,243.37905985214383,,False,-1,False,0.16,0.0
correlated,0.9,25,sp_ucb_st2,known,25,0.9,957.0429687704258,222.63430041430843,0.0,False,-1,,1.01,
correlated,0.9,25,se_st2,known,25,0.9,1216.8952992607192,243.37905985214388,,False,-1,False,0.16,0.0
correlated,0.9,25,sp_ucb_st2,fit100,25,0.8345536619027869,741.7439788248842,102.1372127864901,0.0,False,-1,,1.06,
correlated,0.9,25,se_st2,fit100,25,0.8345536619027869,1216.8952992607192,243.37905985214388,,False,-1,False,0.16,0.0
correlated,0.9,25,sp_ucb_st2,fit365,25,0.8903307724651521,946.7673201169675,167.25702237646058,0.0,False,-1,,1.01,
correlated,0.9,25,se_st2,fit365,25,0.8903307724651521,1216.8952992607192,243.37905985214388,,False,-1,False,0.14,0.0
correlated,0.9,25,sp_ucb_st2,fit100_cons,25,0.8698164684847143,1184.9236807915888,269.54415514102175,0.0,False,-1,,0.99,
correlated,0.9,25,se_st2,fit100_cons,25,0.8698164684847143,1216.8952992607192,243.37905985214388,,False,-1,False,0.14,0.0
correlated,0.9,25,sp_ucb_st2,phi_bias,25,0.85,1031.280695649364,191.97271316424343,0.0,False,-1,,1.05,
correlated,0.9,25,se_st2,phi_bias,25,0.85,1216.8952992607192,243.37905985214388,,False,-1,False,0.18,0.0
correlated,0.9,25,sp_ucb_st2,ignore_corr,25,0.9,894.7643339577,152.91603739621564,0.0,False,-1,,1.05,
correlated,0.9,25,se_st2,ignore_corr,25,0.9,1216.8952992607192,243.37905985214388,,False,-1,False,0.15,0.0
correlated,0.9,25,sp_ucb_st2,t3,25,0.9,713.2389561651112,94.27754337452552,0.0,False,-1,,1.04,
correlated,0.9,25,se_st2,t3,25,0.9,1216.8952992607192,243.37905985214383,,False,-1,False,0.15,0.0
correlated,0.97,25,sp_ucb_st2,known,25,0.97,974.8925642889703,158.68239367804543,0.0,False,-1,,1.04,
correlated,0.97,25,se_st2,known,25,0.97,1216.8952992607192,243.37905985214388,,False,-1,False,0.18,0.0
correlated,0.97,25,sp_ucb_st2,fit100,25,0.923315184966284,1125.5092428402836,171.19822489589808,0.0,False,-1,,0.98,
correlated,0.97,25,se_st2,fit100,25,0.923315184966284,1216.8952992607192,243.37905985214388,,True,1825,False,0.13,0.0096
correlated,0.97,25,sp_ucb_st2,fit365,25,0.9586653559043,1004.4616556963534,294.11825622847147,0.0,False,-1,,1.0,
correlated,0.97,25,se_st2,fit365,25,0.9586653559043,1216.8952992607192,243.37905985214388,,False,-1,False,0.16,0.0
correlated,0.97,25,sp_ucb_st2,fit100_cons,25,0.955824379170725,744.7742891209399,228.62063244334442,0.0,False,-1,,1.04,
correlated,0.97,25,se_st2,fit100_cons,25,0.955824379170725,1216.8952992607192,243.37905985214388,,True,1825,False,0.13,0.004
correlated,0.97,25,sp_ucb_st2,phi_bias,25,0.9199999999999999,1029.8520252632338,183.6196983193158,0.0,False,-1,,0.99,
correlated,0.97,25,se_st2,phi_bias,25,0.9199999999999999,1216.8952992607192,243.37905985214388,,False,-1,False,0.16,0.0
correlated,0.97,25,sp_ucb_st2,ignore_corr,25,0.97,958.8746250370258,234.88827366596558,0.0,False,-1,,0.96,
correlated,0.97,25,se_st2,ignore_corr,25,0.97,1216.8952992607192,243.37905985214388,,False,-1,False,0.14,0.0
correlated,0.97,25,sp_ucb_st2,t3,25,0.97,773.1246858859943,177.57045453128703,0.0,False,-1,,1.01,
correlated,0.97,25,se_st2,t3,25,0.97,1216.8952992607192,243.37905985214383,,False,-1,False,0.13,0.0
correlated,,25,sp_ucb_st2,ar7_as_ar1,25,0.7345655443355422,940.3066572201487,142.75015719652913,0.0,False,-1,,1.0,
correlated,,25,se_st2,ar7_as_ar1,25,0.7345655443355422,1216.8952992607192,243.37905985214388,,True,750,False,0.17,0.0236
correlated,0.5,26,sp_ucb_st2,known,25,0.5,569.0160796384421,65.80718193211933,0.0,False,-1,,0.94,
correlated,0.5,26,se_st2,known,25,0.5,1191.2601469763351,238.252029395267,,False,-1,False,0.13,0.0
correlated,0.5,26,sp_ucb_st2,fit100,25,0.4386243665064812,397.3720344937591,47.42022078500389,0.0,False,-1,,0.95,
correlated,0.5,26,se_st2,fit100,25,0.4386243665064812,1191.2601469763351,238.252029395267,,False,-1,False,0.14,0.0
correlated,0.5,26,sp_ucb_st2,fit365,25,0.5012478641464665,411.28996334430644,53.27475929501227,0.0,False,-1,,0.99,
correlated,0.5,26,se_st2,fit365,25,0.5012478641464665,1191.2601469763351,238.252029395267,,False,-1,False,0.13,0.0
correlated,0.5,26,sp_ucb_st2,fit100_cons,25,0.510428649012356,603.5559374962002,142.44034162687217,0.0,False,-1,,0.91,
correlated,0.5,26,se_st2,fit100_cons,25,0.510428649012356,1191.2601469763351,238.252029395267,,False,-1,False,0.14,0.0
correlated,0.5,26,sp_ucb_st2,phi_bias,25,0.45,460.25328475167663,58.828472621098655,0.0,False,-1,,0.97,
correlated,0.5,26,se_st2,phi_bias,25,0.45,1189.2451993581346,236.2370817770665,,False,-1,False,0.15,0.0
correlated,0.5,26,sp_ucb_st2,ignore_corr,25,0.5,447.7492191144588,107.16558205223092,0.0,False,-1,,0.94,
correlated,0.5,26,se_st2,ignore_corr,25,0.5,1191.2601469763351,238.252029395267,,False,-1,False,0.13,0.0
correlated,0.5,26,sp_ucb_st2,t3,25,0.5,485.3713198500469,68.3868091706389,0.0,False,-1,,0.92,
correlated,0.5,26,se_st2,t3,25,0.5,1191.2601469763351,238.25202939526702,,False,-1,False,0.13,0.0
correlated,0.9,26,sp_ucb_st2,known,25,0.9,558.4762177957202,167.33093134931224,0.0,False,-1,,0.94,
correlated,0.9,26,se_st2,known,25,0.9,1191.2601469763351,238.252029395267,,False,-1,False,0.15,0.0
correlated,0.9,26,sp_ucb_st2,fit100,25,0.8655051809573927,565.1027823079519,62.66005848302438,0.0,False,-1,,0.94,
correlated,0.9,26,se_st2,fit100,25,0.8655051809573927,1191.2601469763351,238.252029395267,,False,-1,False,0.13,0.0
correlated,0.9,26,sp_ucb_st2,fit365,25,0.8975527185083358,830.9950454228796,163.95610487004626,0.0,False,-1,,0.91,
correlated,0.9,26,se_st2,fit365,25,0.8975527185083358,1191.2601469763351,238.252029395267,,False,-1,False,0.12,0.0
correlated,0.9,26,sp_ucb_st2,fit100_cons,25,0.8882824099433555,715.0599554470054,55.5127399697951,0.0,False,-1,,0.93,
correlated,0.9,26,se_st2,fit100_cons,25,0.8882824099433555,1191.2601469763351,238.252029395267,,False,-1,False,0.14,0.0
correlated,0.9,26,sp_ucb_st2,phi_bias,25,0.85,630.1253193357974,73.33086368771399,0.0,False,-1,,0.87,
correlated,0.9,26,se_st2,phi_bias,25,0.85,1191.2601469763351,238.252029395267,,False,-1,False,0.12,0.0
correlated,0.9,26,sp_ucb_st2,ignore_corr,25,0.9,470.99426503869734,63.584276437512166,0.0,False,-1,,0.92,
correlated,0.9,26,se_st2,ignore_corr,25,0.9,1191.2601469763351,238.252029395267,,False,-1,False,0.14,0.0
correlated,0.9,26,sp_ucb_st2,t3,25,0.9,428.08323637815135,64.7066414573715,0.0,False,-1,,0.9,
correlated,0.9,26,se_st2,t3,25,0.9,1191.2601469763351,238.25202939526702,,False,-1,False,0.14,0.0
correlated,0.97,26,sp_ucb_st2,known,25,0.97,610.6072453512934,129.201305984145,0.0,False,-1,,0.94,
correlated,0.97,26,se_st2,known,25,0.97,1191.2601469763351,238.252029395267,,False,-1,False,0.14,0.0
correlated,0.97,26,sp_ucb_st2,fit100,25,0.9349387525552919,659.394275779011,66.39805272860632,0.0,False,-1,,0.95,
correlated,0.97,26,se_st2,fit100,25,0.9349387525552919,1192.38869488876,239.3805773076919,,False,-1,False,0.14,0.0
correlated,0.97,26,sp_ucb_st2,fit365,25,0.9632099213648949,609.3027009416421,63.888541709127395,0.0,False,-1,,0.94,
correlated,0.97,26,se_st2,fit365,25,0.9632099213648949,1191.2601469763351,238.252029395267,,False,-1,False,0.16,0.0
correlated,0.97,26,sp_ucb_st2,fit100_cons,25,0.9537910941273177,430.4576143028638,58.074738169237776,0.0,False,-1,,0.96,
correlated,0.97,26,se_st2,fit100_cons,25,0.9537910941273177,1191.2601469763351,238.252029395267,,False,-1,False,0.11,0.0
correlated,0.97,26,sp_ucb_st2,phi_bias,25,0.9199999999999999,704.6649246874885,133.07977631872637,0.0,False,-1,,0.93,
correlated,0.97,26,se_st2,phi_bias,25,0.9199999999999999,1191.2601469763351,238.252029395267,,False,-1,False,0.12,0.0
correlated,0.97,26,sp_ucb_st2,ignore_corr,25,0.97,680.0912299361116,90.58353212970476,0.0,False,-1,,0.9,
correlated,0.97,26,se_st2,ignore_corr,25,0.97,1191.2601469763351,238.252029395267,,False,-1,False,0.13,0.0
correlated,0.97,26,sp_ucb_st2,t3,25,0.97,367.2841814937185,83.67449756989478,0.0,False,-1,,0.94,
correlated,0.97,26,se_st2,t3,25,0.97,1191.2601469763351,238.25202939526702,,False,-1,False,0.13,0.0
correlated,,26,sp_ucb_st2,ar7_as_ar1,25,0.7824135231914572,438.6669702639987,57.42557801241676,0.0,False,-1,,0.88,
correlated,,26,se_st2,ar7_as_ar1,25,0.7824135231914572,1163.8226595539943,225.68027822050504,,False,-1,False,0.17,0.0
correlated,0.5,27,sp_ucb_st2,known,25,0.5,546.5266539442792,80.95133186330136,0.0,False,-1,,0.89,
correlated,0.5,27,se_st2,known,25,0.5,1191.314047635317,238.26280952706338,,False,-1,False,0.12,0.0
correlated,0.5,27,sp_ucb_st2,fit100,25,0.619309190502719,412.18140933442487,44.00385247550026,0.0,False,-1,,0.84,
correlated,0.5,27,se_st2,fit100,25,0.619309190502719,1191.314047635317,238.26280952706338,,False,-1,False,0.13,0.0
correlated,0.5,27,sp_ucb_st2,fit365,25,0.5525065865809949,456.4817845193745,25.468657023580604,0.0,False,-1,,0.89,
correlated,0.5,27,se_st2,fit365,25,0.5525065865809949,1191.314047635317,238.26280952706338,,False,-1,False,0.13,0.0
correlated,0.5,27,sp_ucb_st2,fit100_cons,25,0.6822393673152383,477.7975552023284,67.43565676876223,0.0,False,-1,,0.83,
correlated,0.5,27,se_st2,fit100_cons,25,0.6822393673152383,1191.314047635317,238.26280952706338,,False,-1,False,0.12,0.0
correlated,0.5,27,sp_ucb_st2,phi_bias,25,0.45,456.74751076855875,38.41025237451179,0.0,False,-1,,0.91,
correlated,0.5,27,se_st2,phi_bias,25,0.45,1191.314047635317,238.26280952706338,,False,-1,False,0.14,0.0
correlated,0.5,27,sp_ucb_st2,ignore_corr,25,0.5,490.15112787773216,71.72781199266385,0.0,False,-1,,0.9,
correlated,0.5,27,se_st2,ignore_corr,25,0.5,1191.314047635317,238.26280952706338,,False,-1,False,0.14,0.0
correlated,0.5,27,sp_ucb_st2,t3,25,0.5,375.32198502788657,11.510526939237447,0.0014,True,176,,0.91,
correlated,0.5,27,se_st2,t3,25,0.5,1191.314047635317,238.26280952706338,,False,-1,False,0.12,0.0
correlated,0.9,27,sp_ucb_st2,known,25,0.9,592.691426353794,84.31809952021337,0.0,False,-1,,0.83,
correlated,0.9,27,se_st2,known,25,0.9,1191.314047635317,238.26280952706338,,False,-1,False,0.13,0.0
correlated,0.9,27,sp_ucb_st2,fit100,25,0.8964843468557707,689.5621461698381,13.293744130275165,0.0,False,-1,,0.87,
correlated,0.9,27,se_st2,fit100,25,0.8964843468557707,1191.314047635317,238.26280952706338,,False,-1,False,0.13,0.0
correlated,0.9,27,sp_ucb_st2,fit365,25,0.909692910499556,988.0667982027926,127.26822038419257,0.0,False,-1,,0.84,
correlated,0.9,27,se_st2,fit365,25,0.909692910499556,1191.314047635317,238.26280952706338,,False,-1,False,0.14,0.0
correlated,0.9,27,sp_ucb_st2,fit100_cons,25,0.9172595958314338,856.8932332770669,156.71917221294345,0.0,False,-1,,0.81,
correlated,0.9,27,se_st2,fit100_cons,25,0.9172595958314338,1191.314047635317,238.26280952706338,,False,-1,False,0.14,0.0
correlated,0.9,27,sp_ucb_st2,phi_bias,25,0.85,433.5071561142123,9.305426745421475,0.0,False,-1,,0.85,
correlated,0.9,27,se_st2,phi_bias,25,0.85,1191.314047635317,238.26280952706338,,False,-1,False,0.13,0.0
correlated,0.9,27,sp_ucb_st2,ignore_corr,25,0.9,783.916091707398,137.3047328662408,0.0,False,-1,,0.84,
correlated,0.9,27,se_st2,ignore_corr,25,0.9,1191.314047635317,238.26280952706338,,False,-1,False,0.13,0.0
correlated,0.9,27,sp_ucb_st2,t3,25,0.9,806.1913474945617,54.754873388773895,0.0,False,-1,,0.86,
correlated,0.9,27,se_st2,t3,25,0.9,1191.314047635317,238.26280952706338,,False,-1,False,0.14,0.0
correlated,0.97,27,sp_ucb_st2,known,25,0.97,644.4810820563931,67.06604326575028,0.0,False,-1,,0.83,
correlated,0.97,27,se_st2,known,25,0.97,1191.314047635317,238.26280952706338,,False,-1,False,0.12,0.0
correlated,0.97,27,sp_ucb_st2,fit100,25,0.9487533692705342,689.1705297818711,154.63229226805598,0.0,False,-1,,0.83,
correlated,0.97,27,se_st2,fit100,25,0.9487533692705342,1191.314047635317,238.26280952706338,,False,-1,False,0.15,0.0
correlated,0.97,27,sp_ucb_st2,fit365,25,0.9701214663906256,777.2488583207414,101.46479439184469,0.0,False,-1,,0.81,
correlated,0.97,27,se_st2,fit365,25,0.9701214663906256,1191.314047635317,238.26280952706338,,False,-1,False,0.12,0.0
correlated,0.97,27,sp_ucb_st2,fit100_cons,25,0.9613900435052214,501.2662142128105,39.91722997617916,0.0,False,-1,,0.84,
correlated,0.97,27,se_st2,fit100_cons,25,0.9613900435052214,1191.314047635317,238.26280952706338,,False,-1,False,0.11,0.0
correlated,0.97,27,sp_ucb_st2,phi_bias,25,0.9199999999999999,455.0039338918066,99.20677771137775,0.0,False,-1,,0.8,
correlated,0.97,27,se_st2,phi_bias,25,0.9199999999999999,1191.314047635317,238.26280952706338,,False,-1,False,0.13,0.0
correlated,0.97,27,sp_ucb_st2,ignore_corr,25,0.97,794.8201532388002,218.67570759156638,0.0,False,-1,,0.85,
correlated,0.97,27,se_st2,ignore_corr,25,0.97,1191.314047635317,238.26280952706338,,False,-1,False,0.13,0.0
correlated,0.97,27,sp_ucb_st2,t3,25,0.97,704.5881181128416,35.79968808660034,0.0,False,-1,,0.82,
correlated,0.97,27,se_st2,t3,25,0.97,1191.314047635317,238.26280952706338,,False,-1,False,0.15,0.0
correlated,,27,sp_ucb_st2,ar7_as_ar1,25,0.8140718399005616,306.0916872927364,65.0750515916821,0.2208,True,3894,,0.85,
correlated,,27,se_st2,ar7_as_ar1,25,0.8140718399005616,1191.314047635317,238.26280952706338,,False,-1,False,0.16,0.0
correlated,0.5,28,sp_ucb_st2,known,25,0.5,574.0606004626814,40.25439534857643,0.0,False,-1,,0.87,
correlated,0.5,28,se_st2,known,25,0.5,1160.55081642212,232.11016328442398,,False,-1,False,0.12,0.0
correlated,0.5,28,sp_ucb_st2,fit100,25,0.3672179156343828,696.3851112772584,50.527493141133164,0.0,False,-1,,0.88,
correlated,0.5,28,se_st2,fit100,25,0.3672179156343828,1160.55081642212,232.11016328442398,,False,-1,False,0.13,0.0
correlated,0.5,28,sp_ucb_st2,fit365,25,0.42410797599595823,716.1459796001825,12.561503214641622,0.0,False,-1,,0.87,
correlated,0.5,28,se_st2,fit365,25,0.42410797599595823,1160.55081642212,232.11016328442398,,False,-1,False,0.15,0.0
correlated,0.5,28,sp_ucb_st2,fit100_cons,25,0.4414781847903917,455.310776023968,12.339053844974444,0.0,False,-1,,0.85,
correlated,0.5,28,se_st2,fit100_cons,25,0.4414781847903917,1160.55081642212,232.11016328442398,,False,-1,False,0.14,0.0
correlated,0.5,28,sp_ucb_st2,phi_bias,25,0.45,572.9076264032587,30.000046364748933,0.0,False,-1,,0.88,
correlated,0.5,28,se_st2,phi_bias,25,0.45,1160.55081642212,232.11016328442398,,False,-1,False,0.16,0.0
correlated,0.5,28,sp_ucb_st2,ignore_corr,25,0.5,582.8549386875764,28.85290155789256,0.0,False,-1,,0.81,
correlated,0.5,28,se_st2,ignore_corr,25,0.5,1160.55081642212,232.11016328442398,,False,-1,False,0.13,0.0
correlated,0.5,28,sp_ucb_st2,t3,25,0.5,662.3165245566529,56.672418186081885,0.0,False,-1,,0.87,
correlated,0.5,28,se_st2,t3,25,0.5,1160.5508164221199,232.11016328442398,,False,-1,False,0.12,0.0
correlated,0.9,28,sp_ucb_st2,known,25,0.9,927.4729219285373,92.98362028806136,0.0,False,-1,,0.81,
correlated,0.9,28,se_st2,known,25,0.9,1160.55081642212,232.11016328442398,,False,-1,False,0.13,0.0
correlated,0.9,28,sp_ucb_st2,fit100,25,0.8743678792651669,857.6994216932469,71.49647593079406,0.0,False,-1,,0.88,
correlated,0.9,28,se_st2,fit100,25,0.8743678792651669,1160.55081642212,232.11016328442398,,False,-1,False,0.13,0.0
correlated,0.9,28,sp_ucb_st2,fit365,25,0.8761921896119648,800.7672140133197,45.165182565844674,0.0,False,-1,,0.9,
correlated,0.9,28,se_st2,fit365,25,0.8761921896119648,1160.55081642212,232.11016328442398,,False,-1,False,0.14,0.0
correlated,0.9,28,sp_ucb_st2,fit100_cons,25,0.8912207131120616,776.5238913116738,56.302915761362904,0.0,False,-1,,0.86,
correlated,0.9,28,se_st2,fit100_cons,25,0.8912207131120616,1160.55081642212,232.11016328442398,,False,-1,False,0.11,0.0
correlated,0.9,28,sp_ucb_st2,phi_bias,25,0.85,1122.7299068040354,156.70918109050643,0.0,False,-1,,0.88,
correlated,0.9,28,se_st2,phi_bias,25,0.85,1160.55081642212,232.11016328442398,,False,-1,False,0.14,0.0
correlated,0.9,28,sp_ucb_st2,ignore_corr,25,0.9,718.8986433086912,49.74826235951715,0.0,False,-1,,0.88,
correlated,0.9,28,se_st2,ignore_corr,25,0.9,1160.55081642212,232.11016328442398,,False,-1,False,0.13,0.0
correlated,0.9,28,sp_ucb_st2,t3,25,0.9,815.4911856526111,130.88803346876858,0.0,False,-1,,0.88,
correlated,0.9,28,se_st2,t3,25,0.9,1160.5508164221199,232.11016328442398,,False,-1,False,0.12,0.0
correlated,0.97,28,sp_ucb_st2,known,25,0.97,1150.6434418537274,113.7517478632791,0.0,False,-1,,0.82,
correlated,0.97,28,se_st2,known,25,0.97,1160.55081642212,232.11016328442398,,False,-1,False,0.08,0.0
correlated,0.97,28,sp_ucb_st2,fit100,25,0.9422835919950593,1216.4550380972428,246.40568118395782,0.0,False,-1,,0.84,
correlated,0.97,28,se_st2,fit100,25,0.9422835919950593,1160.55081642212,232.11016328442398,,False,-1,False,0.13,0.0
correlated,0.97,28,sp_ucb_st2,fit365,25,0.9548476171429333,964.8955374282237,35.08802892922749,0.0,False,-1,,0.87,
correlated,0.97,28,se_st2,fit365,25,0.9548476171429333,1160.55081642212,232.11016328442398,,False,-1,False,0.14,0.0
correlated,0.97,28,sp_ucb_st2,fit100_cons,25,0.9527512748338144,1235.7950711699398,256.43637657391736,0.0,False,-1,,0.83,
correlated,0.97,28,se_st2,fit100_cons,25,0.9527512748338144,1160.55081642212,232.11016328442398,,False,-1,False,0.12,0.0
correlated,0.97,28,sp_ucb_st2,phi_bias,25,0.9199999999999999,1029.8025828119569,22.881735294125182,0.0,False,-1,,0.89,
correlated,0.97,28,se_st2,phi_bias,25,0.9199999999999999,1160.55081642212,232.11016328442398,,False,-1,False,0.12,0.0
correlated,0.97,28,sp_ucb_st2,ignore_corr,25,0.97,804.5376626344585,64.34822531989056,0.0,False,-1,,0.84,
correlated,0.97,28,se_st2,ignore_corr,25,0.97,1160.55081642212,232.11016328442398,,False,-1,False,0.11,0.0
correlated,0.97,28,sp_ucb_st2,t3,25,0.97,739.717046905763,40.4361796128197,0.0,False,-1,,0.81,
correlated,0.97,28,se_st2,t3,25,0.97,1160.5508164221199,232.11016328442398,,False,-1,False,0.13,0.0
correlated,,28,sp_ucb_st2,ar7_as_ar1,25,0.7190230583280084,1024.387248278458,90.36372576199116,0.0,False,-1,,0.97,
correlated,,28,se_st2,ar7_as_ar1,25,0.7190230583280084,1140.6885928578558,221.59125960765738,,False,-1,False,0.15,0.0
correlated,0.5,29,sp_ucb_st2,known,25,0.5,619.2205416235478,101.89074299512788,0.0,False,-1,,0.85,
correlated,0.5,29,se_st2,known,25,0.5,1210.2262836647283,242.04525673294563,,False,-1,False,0.14,0.0
correlated,0.5,29,sp_ucb_st2,fit100,25,0.5117082820564527,578.8973012850445,77.61066740607477,0.0,False,-1,,0.84,
correlated,0.5,29,se_st2,fit100,25,0.5117082820564527,1210.2262836647283,242.04525673294563,,False,-1,False,0.12,0.0
correlated,0.5,29,sp_ucb_st2,fit365,25,0.5193371127955511,496.9643019216445,25.43973413390819,0.0,False,-1,,0.86,
correlated,0.5,29,se_st2,fit365,25,0.5193371127955511,1210.2262836647283,242.04525673294563,,False,-1,False,0.13,0.0
correlated,0.5,29,sp_ucb_st2,fit100_cons,25,0.5786709226410777,466.75223026993143,29.616688333608298,0.0,False,-1,,0.84,
correlated,0.5,29,se_st2,fit100_cons,25,0.5786709226410777,1210.2262836647283,242.04525673294563,,False,-1,False,0.12,0.0
correlated,0.5,29,sp_ucb_st2,phi_bias,25,0.45,444.85664464637966,30.78572065182785,0.0,False,-1,,0.81,
correlated,0.5,29,se_st2,phi_bias,25,0.45,1210.2262836647283,242.04525673294563,,False,-1,False,0.13,0.0
correlated,0.5,29,sp_ucb_st2,ignore_corr,25,0.5,615.3659718458941,44.00270443308772,0.0,False,-1,,0.88,
correlated,0.5,29,se_st2,ignore_corr,25,0.5,1210.2262836647283,242.04525673294563,,False,-1,False,0.13,0.0
correlated,0.5,29,sp_ucb_st2,t3,25,0.5,485.019585808569,56.73078712392919,0.0,False,-1,,0.84,
correlated,0.5,29,se_st2,t3,25,0.5,1210.2262836647283,242.0452567329456,,False,-1,False,0.12,0.0
correlated,0.9,29,sp_ucb_st2,known,25,0.9,890.2062804564234,139.06476566703813,0.0,False,-1,,0.86,
correlated,0.9,29,se_st2,known,25,0.9,1210.2262836647283,242.04525673294563,,False,-1,False,0.12,0.0
correlated,0.9,29,sp_ucb_st2,fit100,25,0.8954818045651387,764.1906869493391,77.50842101938677,0.0,False,-1,,0.84,
correlated,0.9,29,se_st2,fit100,25,0.8954818045651387,1210.2262836647283,242.04525673294563,,False,-1,False,0.13,0.0
correlated,0.9,29,sp_ucb_st2,fit365,25,0.9102054076677075,1143.6422589280944,277.0962019250371,0.0,False,-1,,0.85,
correlated,0.9,29,se_st2,fit365,25,0.9102054076677075,1210.2262836647283,242.04525673294563,,False,-1,False,0.12,0.0
correlated,0.9,29,sp_ucb_st2,fit100_cons,25,0.9155053843273263,854.0415029755886,161.0961938607102,0.0,False,-1,,0.83,
correlated,0.9,29,se_st2,fit100_cons,25,0.9155053843273263,1210.2262836647283,242.04525673294563,,False,-1,False,0.13,0.0
correlated,0.9,29,sp_ucb_st2,phi_bias,25,0.85,890.320068826223,61.853999459209334,0.0,False,-1,,0.86,
correlated,0.9,29,se_st2,phi_bias,25,0.85,1210.2262836647283,242.04525673294563,,False,-1,False,0.12,0.0
correlated,0.9,29,sp_ucb_st2,ignore_corr,25,0.9,718.8247425519966,139.34988461757905,0.0,False,-1,,0.85,
correlated,0.9,29,se_st2,ignore_corr,25,0.9,1210.2262836647283,242.04525673294563,,False,-1,False,0.13,0.0
correlated,0.9,29,sp_ucb_st2,t3,25,0.9,860.0608864684887,198.61122586020497,0.0,False,-1,,0.85,
correlated,0.9,29,se_st2,t3,25,0.9,1210.2262836647283,242.0452567329456,,False,-1,False,0.14,0.0
correlated,0.97,29,sp_ucb_st2,known,25,0.97,1067.4750491164266,185.72791307575673,0.0,False,-1,,0.82,
correlated,0.97,29,se_st2,known,25,0.97,1210.2262836647283,242.04525673294563,,False,-1,False,0.12,0.0
correlated,0.97,29,sp_ucb_st2,fit100,25,0.9434149259938593,1558.8010051956671,324.74085373638366,0.0,False,-1,,0.82,
correlated,0.97,29,se_st2,fit100,25,0.9434149259938593,1210.2262836647283,242.04525673294563,,False,-1,False,0.12,0.0
correlated,0.97,29,sp_ucb_st2,fit365,25,0.9691416733554611,753.4922393533388,100.27063721666607,0.0,False,-1,,0.91,
correlated,0.97,29,se_st2,fit365,25,0.9691416733554611,1210.2262836647283,242.04525673294563,,False,-1,False,0.12,0.0
correlated,0.97,29,sp_ucb_st2,fit100_cons,25,0.9622522180607069,898.7154304657289,147.63275883547436,0.0,False,-1,,0.79,
correlated,0.97,29,se_st2,fit100_cons,25,0.9622522180607069,1210.2262836647283,242.04525673294563,,False,-1,False,0.15,0.0
correlated,0.97,29,sp_ucb_st2,phi_bias,25,0.9199999999999999,742.8972966153133,128.44596535057252,0.0,False,-1,,0.88,
correlated,0.97,29,se_st2,phi_bias,25,0.9199999999999999,1210.2262836647283,242.04525673294563,,False,-1,False,0.12,0.0
correlated,0.97,29,sp_ucb_st2,ignore_corr,25,0.97,1059.3364417436414,175.80614119927864,0.0,False,-1,,0.92,
correlated,0.97,29,se_st2,ignore_corr,25,0.97,1210.2262836647283,242.04525673294563,,False,-1,False,0.13,0.0
correlated,0.97,29,sp_ucb_st2,t3,25,0.97,1115.9402326345617,268.41965177561315,0.0,False,-1,,0.85,
correlated,0.97,29,se_st2,t3,25,0.97,1210.2262836647283,242.0452567329456,,False,-1,False,0.13,0.0
correlated,,29,sp_ucb_st2,ar7_as_ar1,25,0.7841268230465834,887.4257376979757,310.5712429567834,0.0,False,-1,,0.88,
correlated,,29,se_st2,ar7_as_ar1,25,0.7841268230465834,1210.2262836647283,242.04525673294563,,True,3075,False,0.16,0.0154
independent,0.5,0,sp_ucb_iid,known,25,,368.2768174749621,58.059274352264175,0.0026,True,434,,0.11,
independent,0.5,0,se_iid,known,25,,1143.5444276382075,228.70888552764148,,False,-1,False,0.02,0.0
independent,0.5,0,sp_ucb_iid,t3,25,,449.77835342182993,57.4431132366522,0.0,False,-1,,0.13,
independent,0.5,0,se_iid,t3,25,,1143.5444276382077,228.70888552764148,,False,-1,False,0.02,0.0
independent,0.9,0,sp_ucb_iid,known,25,,206.09298091678016,17.59912961213122,0.0,False,-1,,0.1,
independent,0.9,0,se_iid,known,25,,1143.5444276382075,228.70888552764148,,True,800,False,0.02,0.008
independent,0.9,0,sp_ucb_iid,t3,25,,306.35185137117855,57.02457259824135,0.9934,True,33,,0.1,
independent,0.9,0,se_iid,t3,25,,1042.7628505515872,192.53432635151995,,True,25,False,0.02,0.0398
independent,0.97,0,sp_ucb_iid,known,25,,1323.7973267763928,239.93911333258401,0.9282,True,359,,0.1,
independent,0.97,0,se_iid,known,25,,449.24228871420905,58.57647456470619,,True,225,True,0.02,0.0346
independent,0.97,0,sp_ucb_iid,t3,25,,148.5727730933456,15.559521212630468,0.993,True,35,,0.12,
independent,0.97,0,se_iid,t3,25,,356.72860828991696,14.109379931092834,,True,125,False,0.03,0.039
independent,,0,sp_ucb_iid,ar7_as_ar1,25,,703.3662026160089,58.57647456470619,0.0,False,-1,,0.15,
independent,,0,se_iid,ar7_as_ar1,25,,765.7941753894097,47.817526737304405,,True,225,True,0.06,0.0382
independent,0.5,1,sp_ucb_iid,known,25,,548.4858583189291,72.56784303727993,0.0,False,-1,,0.12,
independent,0.5,1,se_iid,known,25,,1240.330611073357,248.0661222146714,,False,-1,False,0.02,0.0
independent,0.5,1,sp_ucb_iid,t3,25,,453.92319483139914,66.33696088771403,0.0,False,-1,,0.14,
independent,0.5,1,se_iid,t3,25,,1240.330611073357,248.0661222146714,,False,-1,False,0.02,0.0
independent,0.9,1,sp_ucb_iid,known,25,,325.6361766457654,27.346663577681902,0.9476,True,261,,0.1,
independent,0.9,1,se_iid,known,25,,399.18206019445466,56.95469632839268,,True,350,False,0.02,0.0372
independent,0.9,1,sp_ucb_iid,t3,25,,632.1949496065453,48.387764661808376,0.953,True,235,,0.11,
independent,0.9,1,se_iid,t3,25,,391.431168339746,58.21193917082604,,True,350,False,0.02,0.0372
independent,0.97,1,sp_ucb_iid,known,25,,478.59564453018373,38.601955164244224,0.9722,True,139,,0.09,
independent,0.97,1,se_iid,known,25,,666.6037211136489,96.92323682157311,,True,75,True,0.03,0.0008
independent,0.97,1,sp_ucb_iid,t3,25,,1044.9851301286517,270.52118308704314,0.9572,True,214,,0.13,
independent,0.97,1,se_iid,t3,25,,1645.7793103686977,387.5585688633985,,True,350,True,0.03,0.0372
independent,,1,sp_ucb_iid,ar7_as_ar1,25,,244.57053126238293,0.0,0.8508,True,746,,0.16,
independent,,1,se_iid,ar7_as_ar1,25,,588.4681271946306,61.57700551410105,,True,75,True,0.05,0.0394
independent,0.5,2,sp_ucb_iid,known,25,,528.3301315735164,69.58872034841593,0.0,False,-1,,0.14,
independent,0.5,2,se_iid,known,25,,1133.8697054587903,225.17060053518176,,False,-1,False,0.03,0.0
independent,0.5,2,sp_ucb_iid,t3,25,,442.8702646208674,23.622297435137746,0.003,True,201,,0.11,
independent,0.5,2,se_iid,t3,25,,1158.3949585054145,231.67899170108288,,False,-1,False,0.02,0.0
independent,0.9,2,sp_ucb_iid,known,25,,537.6023950000434,76.10589007871843,0.9618,True,191,,0.12,
independent,0.9,2,se_iid,known,25,,915.709805657363,167.0146267910739,,True,125,False,0.02,0.039
independent,0.9,2,sp_ucb_iid,t3,25,,424.3397280743702,20.054650161528023,0.579,True,2105,,0.11,
independent,0.9,2,se_iid,t3,25,,346.787595460113,27.917323291194922,,True,250,False,0.02,0.038
independent,0.97,2,sp_ucb_iid,known,25,,743.1004038367479,188.47078069597342,0.8818,True,591,,0.11,
independent,0.97,2,se_iid,known,25,,1670.7855375545428,344.31759050003194,,True,50,True,0.02,0.0396
independent,0.97,2,sp_ucb_iid,t3,25,,1340.391162400186,302.61619243942135,0.9092,True,454,,0.14,
independent,0.97,2,se_iid,t3,25,,479.7864313349408,45.23587288960248,,True,250,False,0.02,0.038
independent,,2,sp_ucb_iid,ar7_as_ar1,25,,499.833196253857,105.90916802073986,0.6966,True,1517,,0.16,
independent,,2,se_iid,ar7_as_ar1,25,,1509.9416777821355,306.58193623116597,,True,125,True,0.05,0.039
independent,0.5,3,sp_ucb_iid,known,25,,324.1552889545179,34.61660671453613,0.0,False,-1,,0.1,
independent,0.5,3,se_iid,known,25,,1143.7630492466692,228.75260984933385,,False,-1,False,0.02,0.0
independent,0.5,3,sp_ucb_iid,t3,25,,334.7169787723509,28.9537315534005,0.0,False,-1,,0.12,
independent,0.5,3,se_iid,t3,25,,1143.7630492466694,228.7526098493339,,False,-1,False,0.02,0.0
independent,0.9,3,sp_ucb_iid,known,25,,1449.4621924583666,310.9301001531743,0.991,True,45,,0.11,
independent,0.9,3,se_iid,known,25,,1296.661144229025,251.42118051859302,,True,300,True,0.02,0.0376
independent,0.9,3,sp_ucb_iid,t3,25,,490.0266618922435,58.28361577782055,0.7304,True,1348,,0.12,
independent,0.9,3,se_iid,t3,25,,1149.3283056401792,235.389181985162,,True,200,False,0.02,0.0384
independent,0.97,3,sp_ucb_iid,known,25,,165.08431444842242,18.863980799854325,0.9916,True,42,,0.1,
independent,0.97,3,se_iid,known,25,,269.7772907277691,34.79056030272632,,True,175,True,0.02,0.0386
independent,0.97,3,sp_ucb_iid,t3,25,,224.9666272258736,52.06909454243309,0.0,False,-1,,0.11,
independent,0.97,3,se_iid,t3,25,,1334.316345869799,270.40333306209857,,True,200,True,0.03,0.0384
independent,,3,sp_ucb_iid,ar7_as_ar1,25,,200.48493766482332,32.861636996633,0.9918,True,41,,0.15,
independent,,3,se_iid,ar7_as_ar1,25,,1276.6617990831614,255.9802274428802,,True,1650,True,0.06,0.025
independent,0.5,4,sp_ucb_iid,known,25,,425.31653375520443,42.71141055757097,0.0,False,-1,,0.13,
independent,0.5,4,se_iid,known,25,,1205.2120691112846,241.0424138222569,,False,-1,False,0.03,0.0
independent,0.5,4,sp_ucb_iid,t3,25,,453.85813356982345,36.96728295930792,0.0,False,-1,,0.13,
independent,0.5,4,se_iid,t3,25,,1205.2120691112846,241.04241382225695,,False,-1,False,0.03,0.0
independent,0.9,4,sp_ucb_iid,known,25,,263.6267953853591,31.801840022044445,0.8716,True,642,,0.11,
independent,0.9,4,se_iid,known,25,,829.5251674096662,48.99710520719764,,True,25,False,0.02,0.0398
independent,0.9,4,sp_ucb_iid,t3,25,,1297.1888129521533,329.7096866380235,0.0,False,-1,,0.12,
independent,0.9,4,se_iid,t3,25,,368.96394898025443,32.259248647836976,,True,200,False,0.02,0.0374
independent,0.97,4,sp_ucb_iid,known,25,,282.8821367109517,31.801840022044445,0.99,True,50,,0.1,
independent,0.97,4,se_iid,known,25,,1470.3416388212577,299.97225301628265,,True,200,True,0.01,0.0384
independent,0.97,4,sp_ucb_iid,t3,25,,1172.099996039372,97.95418227582334,0.0,False,-1,,0.09,
independent,0.97,4,se_iid,t3,25,,1070.3496741418676,291.8635071026023,,True,200,True,0.02,0.0374
independent,,4,sp_ucb_iid,ar7_as_ar1,25,,177.18687574598871,31.801840022044445,0.0,False,-1,,0.15,
independent,,4,se_iid,ar7_as_ar1,25,,290.28955750646753,22.777301333776535,,True,200,True,0.05,0.0384
independent,0.5,5,sp_ucb_iid,known,25,,351.92151713439694,16.70588136507071,0.0,False,-1,,0.12,
independent,0.5,5,se_iid,known,25,,1137.7181953546628,227.54363907093258,,False,-1,False,0.02,0.0
independent,0.5,5,sp_ucb_iid,t3,25,,259.3323771343432,13.673068152842124,0.0,False,-1,,0.13,
independent,0.5,5,se_iid,t3,25,,1137.718195354663,227.54363907093258,,False,-1,False,0.02,0.0
independent,0.9,5,sp_ucb_iid,known,25,,382.90172044329336,45.16882321768864,0.9534,True,233,,0.11,
independent,0.9,5,se_iid,known,25,,1265.0085882712933,256.0105652548233,,True,875,True,0.02,0.033
independent,0.9,5,sp_ucb_iid,t3,25,,217.2489938872228,12.987806579121353,0.0,False,-1,,0.12,
independent,0.9,5,se_iid,t3,25,,437.39054866121825,38.822809735557044,,True,700,False,0.02,0.0344
independent,0.97,5,sp_ucb_iid,known,25,,1223.2852405098206,247.20803139411893,0.9872,True,64,,0.11,
independent,0.97,5,se_iid,known,25,,313.1900301775487,52.32465375229327,,True,900,True,0.02,0.0328
independent,0.97,5,sp_ucb_iid,t3,25,,307.93328805176156,3.924349031421996,0.9752,True,124,,0.12,
independent,0.97,5,se_iid,t3,25,,692.0515698206046,17.255522146811778,,True,175,True,0.03,0.0386
independent,,5,sp_ucb_iid,ar7_as_ar1,25,,128.12536852589108,1.0099567381988055,0.9674,True,163,,0.15,
independent,,5,se_iid,ar7_as_ar1,25,,317.5561466224522,52.32465375229327,,True,900,True,0.05,0.0328
independent,0.5,6,sp_ucb_iid,known,25,,457.9554316097728,35.632201545181324,0.0018,True,954,,0.11,
independent,0.5,6,se_iid,known,25,,1062.0385634877812,185.02072087977595,,False,-1,False,0.02,0.0
independent,0.5,6,sp_ucb_iid,t3,25,,413.9447681835527,19.683278232522913,0.0012,True,132,,0.13,
independent,0.5,6,se_iid,t3,25,,1155.5440132838962,231.10880265677923,,False,-1,False,0.02,0.0
independent,0.9,6,sp_ucb_iid,known,25,,1423.8311808735084,273.68221332531465,0.9962,True,19,,0.12,
independent,0.9,6,se_iid,known,25,,985.4881777471969,58.72205269516614,,True,75,True,0.03,0.0394
independent,0.9,6,sp_ucb_iid,t3,25,,486.9464665001516,0.0,0.0,False,-1,,0.12,
independent,0.9,6,se_iid,t3,25,,1580.3378469009508,326.9630665410275,,True,475,True,0.02,0.0362
independent,0.97,6,sp_ucb_iid,known,25,,1409.9200511209328,329.31135121663834,0.9912,True,43,,0.1,
independent,0.97,6,se_iid,known,25,,1570.1584504846917,314.81861095267584,,True,50,True,0.02,0.0396
independent,0.97,6,sp_ucb_iid,t3,25,,817.6656855264542,46.65907999815835,0.9426,True,287,,0.11,
independent,0.97,6,se_iid,t3,25,,1506.1525541689043,304.90918633641854,,True,100,True,0.02,0.0392
independent,,6,sp_ucb_iid,ar7_as_ar1,25,,1262.9128751885253,90.80237633188563,0.9906,True,47,,0.14,
independent,,6,se_iid,ar7_as_ar1,25,,969.9368169432075,177.34185148973705,,True,125,True,0.06,0.039
independent,0.5,7,sp_ucb_iid,known,25,,307.45766551338386,32.49505794420216,0.0,False,-1,,0.12,
independent,0.5,7,se_iid,known,25,,1170.6597186078411,234.1319437215682,,False,-1,False,0.03,0.0
independent,0.5,7,sp_ucb_iid,t3,25,,254.44786768250984,34.20267498816493,0.9894,True,52,,0.12,
independent,0.5,7,se_iid,t3,25,,1056.9283996507515,175.78153629384013,,True,25,False,0.02,0.0398
independent,0.9,7,sp_ucb_iid,known,25,,147.1426259946444,17.22608643683092,0.0,False,-1,,0.11,
independent,0.9,7,se_iid,known,25,,288.76893570973857,38.98930123609013,,True,50,True,0.02,0.0396
independent,0.9,7,sp_ucb_iid,t3,25,,148.71183923879119,31.992084856199448,0.9948,True,26,,0.12,
independent,0.9,7,se_iid,t3,25,,361.6600040397969,47.286863692818486,,True,25,True,0.02,0.0398
independent,0.97,7,sp_ucb_iid,known,25,,168.34732293412665,17.748239789714255,0.9822,True,89,,0.11,
independent,0.97,7,se_iid,known,25,,1530.4116164204675,351.29304767729496,,True,50,True,0.02,0.0396
independent,0.97,7,sp_ucb_iid,t3,25,,237.38864146443376,65.12330924840154,0.9948,True,26,,0.11,
independent,0.97,7,se_iid,t3,25,,122.42558740346898,0.0,,True,25,False,0.02,0.0398
independent,,7,sp_ucb_iid,ar7_as_ar1,25,,169.29583459906567,19.413365066903175,0.9816,True,92,,0.15,
independent,,7,se_iid,ar7_as_ar1,25,,1584.118094180367,351.29304767729496,,True,50,True,0.05,0.0396
independent,0.5,8,sp_ucb_iid,known,25,,323.79687990410997,60.34834331794723,0.0,False,-1,,0.13,
independent,0.5,8,se_iid,known,25,,1156.9935069014205,231.39870138028408,,False,-1,False,0.02,0.0
independent,0.5,8,sp_ucb_iid,t3,25,,262.68738908795154,15.056993579475355,0.0,False,-1,,0.13,
independent,0.5,8,se_iid,t3,25,,1156.9935069014205,231.39870138028408,,False,-1,False,0.02,0.0
independent,0.9,8,sp_ucb_iid,known,25,,179.75531751870642,24.760923535780613,0.9472,True,264,,0.12,
independent,0.9,8,se_iid,known,25,,850.7842328196161,24.36813942560039,,False,-1,False,0.03,0.0
independent,0.9,8,sp_ucb_iid,t3,25,,878.2339133632452,250.2559706621454,0.0,False,-1,,0.13,
independent,0.9,8,se_iid,t3,25,,963.7867101551274,120.05629192307504,,True,1050,False,0.03,0.0316
independent,0.97,8,sp_ucb_iid,known,25,,1655.5184939577193,348.98818298065663,0.8558,True,721,,0.1,
independent,0.97,8,se_iid,known,25,,1117.5747722830467,249.5916560885725,,True,425,True,0.02,0.0366
independent,0.97,8,sp_ucb_iid,t3,25,,1443.9150836035415,266.1532923242179,0.9766,True,117,,0.11,
independent,0.97,8,se_iid,t3,25,,539.5739350359331,78.2577154148423,,True,125,False,0.02,0.039
independent,,8,sp_ucb_iid,ar7_as_ar1,25,,307.1729954714046,48.45699556233458,0.9562,True,219,,0.16,
independent,,8,se_iid,ar7_as_ar1,25,,629.8096269311428,0.0,,True,425,False,0.06,0.0366
independent,0.5,9,sp_ucb_iid,known,25,,335.57963773452036,24.78827335626457,0.0,False,-1,,0.11,
independent,0.5,9,se_iid,known,25,,1184.5866510523958,236.91733021047915,,False,-1,False,0.02,0.0
independent,0.5,9,sp_ucb_iid,t3,25,,358.44884068606495,107.49738077377708,0.0,False,-1,,0.12,
independent,0.5,9,se_iid,t3,25,,1184.5866510523956,236.91733021047918,,False,-1,False,0.03,0.0
independent,0.9,9,sp_ucb_iid,known,25,,604.7316543171748,109.03914539386241,0.8316,True,336,,0.11,
independent,0.9,9,se_iid,known,25,,1145.2705176226036,219.94788012996185,,True,225,False,0.03,0.0382
independent,0.9,9,sp_ucb_iid,t3,25,,697.1591712697049,57.1155561311257,0.0,False,-1,,0.1,
independent,0.9,9,se_iid,t3,25,,809.8706460242942,53.95713256766,,True,350,True,0.02,0.0372
independent,0.97,9,sp_ucb_iid,known,25,,342.050575304851,13.081364927904971,0.8204,True,898,,0.1,
independent,0.97,9,se_iid,known,25,,1150.2331888987303,187.79734537669714,,True,225,False,0.03,0.0382
independent,0.97,9,sp_ucb_iid,t3,25,,1509.8333629279603,319.13400844645184,0.9654,True,173,,0.13,
independent,0.97,9,se_iid,t3,25,,671.1468292246857,48.297232755188574,,True,350,False,0.02,0.0372
independent,,9,sp_ucb_iid,ar7_as_ar1,25,,320.0065853486041,90.19140334715095,0.0,False,-1,,0.15,
independent,,9,se_iid,ar7_as_ar1,25,,519.4533968903888,107.73527013970767,,True,1150,True,0.05,0.0308
independent,0.5,10,sp_ucb_iid,known,25,,351.4877617995375,20.05013178272742,0.0,False,-1,,0.13,
independent,0.5,10,se_iid,known,25,,1175.29658468306,235.05931693661194,,False,-1,False,0.02,0.0
independent,0.5,10,sp_ucb_iid,t3,25,,424.6850812355606,38.81464399959643,0.0,False,-1,,0.12,
independent,0.5,10,se_iid,t3,25,,1175.2965846830598,235.059316936612,,False,-1,False,0.02,0.0
independent,0.9,10,sp_ucb_iid,known,25,,324.7790883208563,59.64405591916521,0.9904,True,48,,0.11,
independent,0.9,10,se_iid,known,25,,433.158367969227,43.50717054486071,,True,300,False,0.02,0.0376
independent,0.9,10,sp_ucb_iid,t3,25,,400.6781139260487,115.15233392520256,0.9726,True,137,,0.12,
independent,0.9,10,se_iid,t3,25,,1018.097346254817,159.31984362622052,,False,-1,False,0.02,0.0
independent,0.97,10,sp_ucb_iid,known,25,,376.1169611950738,46.547439855883056,0.9762,True,119,,0.11,
independent,0.97,10,se_iid,known,25,,470.55187750533014,59.64405591916521,,True,125,True,0.03,0.039
independent,0.97,10,sp_ucb_iid,t3,25,,939.9470917582686,29.4014851542506,0.4804,True,2598,,0.12,
independent,0.97,10,se_iid,t3,25,,1532.3974011758337,312.3048830163725,,True,325,True,0.02,0.0374
independent,,10,sp_ucb_iid,ar7_as_ar1,25,,1056.5050691074412,211.02149418016518,0.9768,True,116,,0.15,
independent,,10,se_iid,ar7_as_ar1,25,,461.4303049862058,47.76853227692871,,True,125,True,0.06,0.0236
independent,0.5,11,sp_ucb_iid,known,25,,393.41531291698016,21.95567818223592,0.0,False,-1,,0.12,
independent,0.5,11,se_iid,known,25,,1143.2396246888884,228.64792493777765,,False,-1,False,0.02,0.0
independent,0.5,11,sp_ucb_iid,t3,25,,275.3802028219259,23.701050020023366,0.0,False,-1,,0.11,
independent,0.5,11,se_iid,t3,25,,1143.2396246888882,228.64792493777765,,False,-1,False,0.03,0.0
independent,0.9,11,sp_ucb_iid,known,25,,1227.347749263901,227.0537652981726,0.9816,True,92,,0.11,
independent,0.9,11,se_iid,known,25,,967.0605309098449,163.4781999266845,,True,300,False,0.02,0.0376
independent,0.9,11,sp_ucb_iid,t3,25,,1450.964356287491,252.11718821265117,0.976,True,120,,0.1,
independent,0.9,11,se_iid,t3,25,,1481.9260296677603,323.5189890714006,,True,600,True,0.03,0.0048
independent,0.97,11,sp_ucb_iid,known,25,,1470.2517263605368,287.45666118521893,0.981,True,63,,0.12,
independent,0.97,11,se_iid,known,25,,1259.3885087081326,249.01183463909072,,True,300,True,0.03,0.0376
independent,0.97,11,sp_ucb_iid,t3,25,,144.0164888719998,25.356025153032306,0.9656,True,172,,0.11,
independent,0.97,11,se_iid,t3,25,,483.6874440589378,13.95695720666168,,True,650,True,0.03,0.0348
independent,,11,sp_ucb_iid,ar7_as_ar1,25,,1369.9698942548773,276.42302042525876,0.9878,True,61,,0.13,
independent,,11,se_iid,ar7_as_ar1,25,,804.6467543137917,52.98648251707711,,True,300,False,0.05,0.0376
independent,0.5,12,sp_ucb_iid,known,25,,460.1883585536629,74.40650431646401,0.0,False,-1,,0.11,
independent,0.5,12,se_iid,known,25,,1205.9252258543593,241.18504517087183,,False,-1,False,0.02,0.0
independent,0.5,12,sp_ucb_iid,t3,25,,492.35865262258665,30.029317277018063,0.0,False,-1,,0.12,
independent,0.5,12,se_iid,t3,25,,1205.9252258543593,241.18504517087183,,False,-1,False,0.02,0.0
independent,0.9,12,sp_ucb_iid,known,25,,662.4136420431703,83.97222235120694,0.9628,True,186,,0.11,
independent,0.9,12,se_iid,known,25,,1137.2243096426114,233.84000405338946,,True,75,True,0.02,0.0394
independent,0.9,12,sp_ucb_iid,t3,25,,1412.9456624398413,289.6987369801739,0.982,True,90,,0.12,
independent,0.9,12,se_iid,t3,25,,1384.7714836397286,277.7310988512156,,True,125,True,0.03,0.039
independent,0.97,12,sp_ucb_iid,known,25,,1171.2138273820162,236.99065744967484,0.9638,True,181,,0.11,
independent,0.97,12,se_iid,known,25,,741.372231242164,116.97905090816356,,True,75,False,0.02,0.0394
independent,0.97,12,sp_ucb_iid,t3,25,,276.45225304683544,0.0,0.9818,True,91,,0.11,
independent,0.97,12,se_iid,t3,25,,1256.080178547038,224.09450689825786,,True,125,True,0.02,0.039
independent,,12,sp_ucb_iid,ar7_as_ar1,25,,445.079933956496,71.86469028108364,0.0,False,-1,,0.17,
independent,,12,se_iid,ar7_as_ar1,25,,406.7092863157658,48.705228362463245,,True,75,False,0.06,0.0394
independent,0.5,13,sp_ucb_iid,known,25,,309.4633330583877,6.322219641755264,0.0,False,-1,,0.12,
independent,0.5,13,se_iid,known,25,,1181.852874863972,205.76205096449124,,False,-1,False,0.02,0.0
independent,0.5,13,sp_ucb_iid,t3,25,,343.79810526807574,0.0,0.0,False,-1,,0.11,
independent,0.5,13,se_iid,t3,25,,1187.9194590380057,241.93282598740217,,True,200,False,0.02,0.0384
independent,0.9,13,sp_ucb_iid,known,25,,703.262033523443,86.88489467272075,0.9954,True,23,,0.11,
independent,0.9,13,se_iid,known,25,,338.41783262432693,60.83083647926898,,False,-1,False,0.02,0.0
independent,0.9,13,sp_ucb_iid,t3,25,,1232.2219768235416,91.21599436430634,0.9418,True,291,,0.1,
independent,0.9,13,se_iid,t3,25,,670.2401171646791,44.908890512827725,,True,200,False,0.02,0.0384
independent,0.97,13,sp_ucb_iid,known,25,,913.6055725695751,292.4999700265763,0.0,False,-1,,0.11,
independent,0.97,13,se_iid,known,25,,489.8178321546135,79.87651591380337,,True,425,True,0.02,0.0366
independent,0.97,13,sp_ucb_iid,t3,25,,547.5973846297816,31.473277372366006,0.9714,True,143,,0.13,
independent,0.97,13,se_iid,t3,25,,973.1644930126049,183.2579903718778,,True,200,False,0.02,0.0384
independent,,13,sp_ucb_iid,ar7_as_ar1,25,,433.6001419953524,0.0,0.0006,True,496,,0.16,
independent,,13,se_iid,ar7_as_ar1,25,,606.050555671241,79.87651591380339,,False,-1,True,0.05,0.0
independent,0.5,14,sp_ucb_iid,known,25,,354.8866752239952,61.245514653337885,0.0,False,-1,,0.11,
independent,0.5,14,se_iid,known,25,,1118.5648907479972,223.71297814959948,,False,-1,False,0.02,0.0
independent,0.5,14,sp_ucb_iid,t3,25,,195.38547403515764,7.1244412215758635,0.0,False,-1,,0.11,
independent,0.5,14,se_iid,t3,25,,1118.5648907479977,223.71297814959948,,False,-1,False,0.02,0.0
independent,0.9,14,sp_ucb_iid,known,25,,609.330534195833,68.3616101550819,0.8228,True,886,,0.12,
independent,0.9,14,se_iid,known,25,,953.6175496570505,145.85542725614272,,True,400,False,0.02,0.0368
independent,0.9,14,sp_ucb_iid,t3,25,,242.16649780316985,15.398011115540744,0.9818,True,91,,0.13,
independent,0.9,14,se_iid,t3,25,,377.77602723689114,4.9904987479049145,,True,75,True,0.03,0.0394
independent,0.97,14,sp_ucb_iid,known,25,,386.0919104476435,68.3616101550819,0.9768,True,116,,0.11,
independent,0.97,14,se_iid,known,25,,733.3247965205294,133.07845267563687,,True,50,False,0.03,0.0396
independent,0.97,14,sp_ucb_iid,t3,25,,1201.8834437142314,232.25386842776427,0.9818,True,91,,0.11,
independent,0.97,14,se_iid,t3,25,,92.66333093829434,4.9904987479049145,,True,225,True,0.02,0.0382
independent,,14,sp_ucb_iid,ar7_as_ar1,25,,1306.254433977546,260.4888556323289,0.6766,True,1617,,0.15,
independent,,14,se_iid,ar7_as_ar1,25,,352.0421841041087,24.216448490243422,,True,50,False,0.05,0.0396
independent,0.5,15,sp_ucb_iid,known,25,,426.0503152134113,27.972441607492726,0.0,False,-1,,0.13,
independent,0.5,15,se_iid,known,25,,1168.4134044299135,233.68268088598268,,False,-1,False,0.02,0.0
independent,0.5,15,sp_ucb_iid,t3,25,,466.1141949300416,44.34488109866131,0.0,False,-1,,0.12,
independent,0.5,15,se_iid,t3,25,,1168.4134044299135,233.6826808859827,,False,-1,False,0.02,0.0
independent,0.9,15,sp_ucb_iid,known,25,,1161.9028592429102,296.8088017278442,0.0,False,-1,,0.13,
independent,0.9,15,se_iid,known,25,,1072.3967095615344,217.49422597679728,,True,375,True,0.02,0.037
independent,0.9,15,sp_ucb_iid,t3,25,,434.49759107683064,62.320376192796004,0.6814,True,1593,,0.11,
independent,0.9,15,se_iid,t3,25,,1305.0197539227981,251.34767762182184,,False,-1,True,0.02,0.0
independent,0.97,15,sp_ucb_iid,known,25,,923.1599634224765,31.875330860891644,0.9956,True,22,,0.1,
independent,0.97,15,se_iid,known,25,,297.69004065863226,31.785085235185306,,True,100,True,0.02,0.0392
independent,0.97,15,sp_ucb_iid,t3,25,,1295.4705870744015,331.34672053999316,0.9384,True,308,,0.1,
independent,0.97,15,se_iid,t3,25,,217.54246004884394,35.39491026343888,,False,-1,True,0.03,0.0
independent,,15,sp_ucb_iid,ar7_as_ar1,25,,1489.397214366142,286.55920325122423,0.9816,True,90,,0.13,
independent,,15,se_iid,ar7_as_ar1,25,,602.7389622123411,104.37768915797449,,True,100,False,0.05,0.0392
independent,0.5,16,sp_ucb_iid,known,25,,360.279342175878,37.99826904324565,0.0,False,-1,,0.11,
independent,0.5,16,se_iid,known,25,,1160.443259796285,232.08865195925705,,False,-1,False,0.02,0.0
independent,0.5,16,sp_ucb_iid,t3,25,,393.18576933148984,20.16107097767994,0.0,False,-1,,0.14,
independent,0.5,16,se_iid,t3,25,,1160.443259796285,232.08865195925705,,False,-1,False,0.03,0.0
independent,0.9,16,sp_ucb_iid,known,25,,760.3539789176091,40.74769134885517,0.0,False,-1,,0.12,
independent,0.9,16,se_iid,known,25,,393.4162285323763,55.876833311276926,,True,1375,False,0.02,0.012
independent,0.9,16,sp_ucb_iid,t3,25,,208.84265523578597,0.0,0.9346,True,327,,0.12,
independent,0.9,16,se_iid,t3,25,,591.2418550545908,55.87683331127691,,False,-1,False,0.02,0.0
independent,0.97,16,sp_ucb_iid,known,25,,320.61668874815155,22.943635585466442,0.0,False,-1,,0.13,
independent,0.97,16,se_iid,known,25,,365.15942975190814,45.908911743834466,,True,400,False,0.02,0.0368
independent,0.97,16,sp_ucb_iid,t3,25,,831.5232811797274,52.68843866233058,0.9188,True,406,,0.11,
independent,0.97,16,se_iid,t3,25,,834.7986275698416,129.64656324625514,,False,-1,False,0.03,0.0
independent,,16,sp_ucb_iid,ar7_as_ar1,25,,454.0888661117184,21.068014566495247,0.0,False,-1,,0.14,
independent,,16,se_iid,ar7_as_ar1,25,,529.5317453575716,91.81782348766896,,False,-1,True,0.05,0.0
independent,0.5,17,sp_ucb_iid,known,25,,345.1428489426331,18.21655447256478,0.0,False,-1,,0.12,
independent,0.5,17,se_iid,known,25,,1112.5938901823765,222.51877803647534,,False,-1,False,0.03,0.0
independent,0.5,17,sp_ucb_iid,t3,25,,522.1310600376291,66.51507597165931,0.0,False,-1,,0.12,
independent,0.5,17,se_iid,t3,25,,1112.017974303144,221.9428621572427,,False,-1,False,0.03,0.0
independent,0.9,17,sp_ucb_iid,known,25,,216.5701310563608,20.069401495045394,0.979,True,105,,0.11,
independent,0.9,17,se_iid,known,25,,307.6335502441862,30.256524337185013,,True,50,False,0.02,0.0396
independent,0.9,17,sp_ucb_iid,t3,25,,552.0525981350463,93.90770926492952,0.6864,True,1236,,0.11,
independent,0.9,17,se_iid,t3,25,,1104.1755217049936,215.6104167425542,,True,350,False,0.03,0.0372
independent,0.97,17,sp_ucb_iid,known,25,,183.8548285118459,0.0,0.9882,True,59,,0.1,
independent,0.97,17,se_iid,known,25,,1284.5542936222776,322.98053359729374,,True,75,True,0.02,0.0394
independent,0.97,17,sp_ucb_iid,t3,25,,628.2530067417456,114.40045976362653,0.6608,True,1696,,0.13,
independent,0.97,17,se_iid,t3,25,,948.1751423733571,160.94020904462332,,True,925,False,0.02,0.0262
independent,,17,sp_ucb_iid,ar7_as_ar1,25,,299.03475886106673,86.67586366603186,0.9776,True,112,,0.15,
independent,,17,se_iid,ar7_as_ar1,25,,1275.4518771093622,339.96409230719485,,True,250,True,0.05,0.038
independent,0.5,18,sp_ucb_iid,known,25,,339.7825035039954,57.90582767665027,0.0,False,-1,,0.13,
independent,0.5,18,se_iid,known,25,,1214.6083332168027,242.92166664336057,,False,-1,False,0.02,0.0
independent,0.5,18,sp_ucb_iid,t3,25,,310.2128468034154,38.08244259568893,0.0,False,-1,,0.12,
independent,0.5,18,se_iid,t3,25,,1214.608333216803,242.9216666433606,,False,-1,False,0.02,0.0
independent,0.9,18,sp_ucb_iid,known,25,,384.2035161333512,56.68712208586976,0.9556,True,221,,0.12,
independent,0.9,18,se_iid,known,25,,120.90525144029513,3.7741599553754446,,True,150,True,0.02,0.0388
independent,0.9,18,sp_ucb_iid,t3,25,,247.49772423618325,0.0,0.0,False,-1,,0.13,
independent,0.9,18,se_iid,t3,25,,870.5213422524564,119.31359221384346,,True,350,False,0.03,0.0372
independent,0.97,18,sp_ucb_iid,known,25,,461.3406196207888,91.9462587900586,0.9568,True,216,,0.11,
independent,0.97,18,se_iid,known,25,,1345.269214894314,270.8905872263888,,True,25,True,0.02,0.0398
independent,0.97,18,sp_ucb_iid,t3,25,,269.54640954586824,0.0,0.9384,True,308,,0.11,
independent,0.97,18,se_iid,t3,25,,1772.5318163751467,386.94754467629093,,True,350,True,0.02,0.0372
independent,,18,sp_ucb_iid,ar7_as_ar1,25,,212.91752819556527,23.390954276258228,0.0,False,-1,,0.16,
independent,,18,se_iid,ar7_as_ar1,25,,1533.4335928275532,334.3670770029919,,False,-1,True,0.06,0.0
independent,0.5,19,sp_ucb_iid,known,25,,503.3871551233384,62.82671549666917,0.0,False,-1,,0.12,
independent,0.5,19,se_iid,known,25,,1179.601504648334,235.92030092966678,,False,-1,False,0.02,0.0
independent,0.5,19,sp_ucb_iid,t3,25,,599.0628981808621,19.55839044997668,0.678,True,1610,,0.12,
independent,0.5,19,se_iid,t3,25,,1179.601504648334,235.9203009296668,,False,-1,False,0.02,0.0
independent,0.9,19,sp_ucb_iid,known,25,,643.8040461267399,164.30124275212026,0.9636,True,182,,0.12,
independent,0.9,19,se_iid,known,25,,1151.597992399244,221.29779816176375,,False,-1,False,0.02,0.0
independent,0.9,19,sp_ucb_iid,t3,25,,270.54379653223054,49.840333767606786,0.9478,True,261,,0.12,
independent,0.9,19,se_iid,t3,25,,847.8797455523159,158.62565468657155,,True,500,False,0.03,0.036
independent,0.97,19,sp_ucb_iid,known,25,,415.9016984220601,86.58823191308691,0.2854,True,3573,,0.15,
independent,0.97,19,se_iid,known,25,,383.9489546352695,45.30948880751694,,True,250,True,0.02,0.038
independent,0.97,19,sp_ucb_iid,t3,25,,954.8676470932493,283.59753230675904,0.9714,True,143,,0.11,
independent,0.97,19,se_iid,t3,25,,1325.3784266292075,285.44549222076796,,True,500,True,0.02,0.036
independent,,19,sp_ucb_iid,ar7_as_ar1,25,,397.91746114456043,53.59104234435762,0.0,False,-1,,0.14,
independent,,19,se_iid,ar7_as_ar1,25,,454.4976239910349,28.219887788035553,,False,-1,False,0.06,0.0
independent,0.5,20,sp_ucb_iid,known,25,,296.0124046708586,3.6245000016407234,0.0,False,-1,,0.13,
independent,0.5,20,se_iid,known,25,,1152.2517372043076,230.45034744086152,,False,-1,False,0.01,0.0
independent,0.5,20,sp_ucb_iid,t3,25,,297.19413325409727,57.438791269240994,0.0,False,-1,,0.14,
independent,0.5,20,se_iid,t3,25,,1134.1960589012097,220.8110246929278,,False,-1,False,0.02,0.0
independent,0.9,20,sp_ucb_iid,known,25,,1313.8185807650993,263.5472035818476,0.997,True,15,,0.13,
independent,0.9,20,se_iid,known,25,,109.65900497700807,1.1025722186978615,,True,750,False,0.02,0.033
independent,0.9,20,sp_ucb_iid,t3,25,,227.07661143564673,12.179136362551784,0.8174,True,913,,0.1,
independent,0.9,20,se_iid,t3,25,,954.504085352884,164.54391384047636,,True,500,False,0.02,0.036
independent,0.97,20,sp_ucb_iid,known,25,,1520.854469637881,296.1876412135228,0.9974,True,13,,0.1,
independent,0.97,20,se_iid,known,25,,1460.357985968595,295.60812040211204,,True,100,True,0.03,0.0392
independent,0.97,20,sp_ucb_iid,t3,25,,199.48043606178607,15.549831384835988,0.9582,True,209,,0.11,
independent,0.97,20,se_iid,t3,25,,375.32623511635154,11.786620009723526,,True,500,True,0.02,0.036
independent,,20,sp_ucb_iid,ar7_as_ar1,25,,1296.219714957845,260.9663337894931,0.997,True,15,,0.14,
independent,,20,se_iid,ar7_as_ar1,25,,1460.357985968595,295.60812040211204,,True,100,True,0.05,0.0392
independent,0.5,21,sp_ucb_iid,known,25,,301.6950691655293,7.938317758473707,0.0,False,-1,,0.1,
independent,0.5,21,se_iid,known,25,,1227.3297893420454,245.46595786840908,,False,-1,False,0.02,0.0
independent,0.5,21,sp_ucb_iid,t3,25,,358.0678112048008,59.741481095507766,0.0,False,-1,,0.12,
independent,0.5,21,se_iid,t3,25,,1225.254772654797,243.39094118116063,,False,-1,False,0.02,0.0
independent,0.9,21,sp_ucb_iid,known,25,,924.1146047301505,40.03574925514069,0.9952,True,24,,0.12,
independent,0.9,21,se_iid,known,25,,460.66783147730615,23.32098402571389,,True,200,False,0.02,0.0384
independent,0.9,21,sp_ucb_iid,t3,25,,1203.0622462318668,276.2087374171606,0.9112,True,444,,0.12,
independent,0.9,21,se_iid,t3,25,,1196.9325147921345,234.4303031828681,,False,-1,False,0.02,0.0
independent,0.97,21,sp_ucb_iid,known,25,,1464.6334866704856,273.2547870539435,0.9954,True,23,,0.1,
independent,0.97,21,se_iid,known,25,,241.37963594958123,27.29398721242854,,True,75,True,0.02,0.0394
independent,0.97,21,sp_ucb_iid,t3,25,,1716.798029747893,374.2683206215914,0.0,False,-1,,0.13,
independent,0.97,21,se_iid,t3,25,,373.2905042190597,38.68628079045996,,True,425,False,0.03,0.0366
independent,,21,sp_ucb_iid,ar7_as_ar1,25,,355.7577434995569,69.90952191755437,0.9912,True,44,,0.14,
independent,,21,se_iid,ar7_as_ar1,25,,259.3736242636736,27.29398721242854,,True,75,True,0.05,0.0394
independent,0.5,22,sp_ucb_iid,known,25,,506.3732242478999,63.932283820635156,0.0,False,-1,,0.12,
independent,0.5,22,se_iid,known,25,,1148.1496117489073,229.62992234978148,,False,-1,False,0.02,0.0
independent,0.5,22,sp_ucb_iid,t3,25,,363.45060421853793,10.125954210006531,0.0,False,-1,,0.13,
independent,0.5,22,se_iid,t3,25,,1148.1496117489075,229.62992234978148,,False,-1,False,0.03,0.0
independent,0.9,22,sp_ucb_iid,known,25,,370.74698930436654,2.182823162694071,0.9772,True,114,,0.1,
independent,0.9,22,se_iid,known,25,,1148.1490956677549,212.96081544019512,,True,225,False,0.02,0.0382
independent,0.9,22,sp_ucb_iid,t3,25,,281.97436446116876,9.348011737813923,0.8492,True,61,,0.12,
independent,0.9,22,se_iid,t3,25,,1475.4336743613308,299.0948339020286,,True,300,True,0.02,0.0376
independent,0.97,22,sp_ucb_iid,known,25,,1459.3184522244705,306.47073470892377,0.9756,True,122,,0.13,
independent,0.97,22,se_iid,known,25,,1578.4088358043919,301.5612172476627,,True,225,True,0.02,0.0382
independent,0.97,22,sp_ucb_iid,t3,25,,161.374918805499,11.930569298468125,0.9416,True,292,,0.12,
independent,0.97,22,se_iid,t3,25,,493.90275384785974,87.31292650776282,,True,325,True,0.02,0.0374
independent,,22,sp_ucb_iid,ar7_as_ar1,25,,146.13771570883097,12.461542831283667,0.9666,True,140,,0.13,
independent,,22,se_iid,ar7_as_ar1,25,,1511.8355183121294,301.237972964659,,True,225,True,0.05,0.0382
independent,0.5,23,sp_ucb_iid,known,25,,369.3272508238159,20.35801846005882,0.0,False,-1,,0.11,
independent,0.5,23,se_iid,known,25,,1130.8502461900543,226.17004923801085,,False,-1,False,0.02,0.0
independent,0.5,23,sp_ucb_iid,t3,25,,441.5296910984396,6.10724316496829,0.0,False,-1,,0.15,
independent,0.5,23,se_iid,t3,25,,1122.0272807434321,217.6407264914667,,True,425,False,0.02,0.004
independent,0.9,23,sp_ucb_iid,known,25,,399.3924348156036,16.878575367203986,0.9256,True,372,,0.11,
independent,0.9,23,se_iid,known,25,,237.40391367219996,31.537299268650465,,True,75,False,0.02,0.0394
independent,0.9,23,sp_ucb_iid,t3,25,,1034.5788230414944,12.802258081517571,0.9956,True,22,,0.12,
independent,0.9,23,se_iid,t3,25,,1315.624164388358,268.61890928712796,,True,375,True,0.03,0.037
independent,0.97,23,sp_ucb_iid,known,25,,1254.4034890926541,247.06096672830603,0.0,False,-1,,0.12,
independent,0.97,23,se_iid,known,25,,218.06523197178998,9.21701919292861,,True,75,True,0.02,0.0394
independent,0.97,23,sp_ucb_iid,t3,25,,1717.5296091190235,343.03894689946515,0.9964,True,18,,0.11,
independent,0.97,23,se_iid,t3,25,,1116.29450122438,223.91392764066427,,True,175,True,0.02,0.0386
independent,,23,sp_ucb_iid,ar7_as_ar1,25,,414.44823749550324,52.64922770191583,0.9402,True,292,,0.15,
independent,,23,se_iid,ar7_as_ar1,25,,339.6470881441885,52.64922770191583,,True,75,True,0.05,0.0394
independent,0.5,24,sp_ucb_iid,known,25,,427.1178430001455,36.03231652813667,0.9456,True,272,,0.11,
independent,0.5,24,se_iid,known,25,,1206.954820035735,241.39096400714698,,False,-1,False,0.02,0.0
independent,0.5,24,sp_ucb_iid,t3,25,,197.73694139959036,5.321937909562806,0.0,False,-1,,0.12,
independent,0.5,24,se_iid,t3,25,,967.8851730909562,188.31467935393783,,False,-1,False,0.03,0.0
independent,0.9,24,sp_ucb_iid,known,25,,424.5538729832543,52.867490958851604,0.9304,True,348,,0.11,
independent,0.9,24,se_iid,known,25,,965.3826784575117,187.4994896395936,,True,75,False,0.03,0.0394
independent,0.9,24,sp_ucb_iid,t3,25,,247.2385940821912,3.4513431773704277,0.0,False,-1,,0.12,
independent,0.9,24,se_iid,t3,25,,1307.4261024844038,290.0631334544803,,True,200,True,0.02,0.018
independent,0.97,24,sp_ucb_iid,known,25,,361.9697924636578,66.84419550573023,0.7332,True,1334,,0.12,
independent,0.97,24,se_iid,known,25,,1591.6067150351503,326.9323108505929,,True,75,True,0.02,0.0394
independent,0.97,24,sp_ucb_iid,t3,25,,164.18198324802432,0.0,0.9868,True,66,,0.11,
independent,0.97,24,se_iid,t3,25,,1040.0845115698842,210.72014634740907,,True,150,True,0.02,0.0388
independent,,24,sp_ucb_iid,ar7_as_ar1,25,,364.4182104034675,66.84419550573023,0.8062,True,969,,0.15,
independent,,24,se_iid,ar7_as_ar1,25,,1624.025393602075,346.74846229687114,,True,125,True,0.05,0.039
independent,0.5,25,sp_ucb_iid,known,25,,474.64372044470906,96.88387175736455,0.0,False,-1,,0.12,
independent,0.5,25,se_iid,known,25,,1216.8952992607192,243.37905985214388,,False,-1,False,0.02,0.0
independent,0.5,25,sp_ucb_iid,t3,25,,376.2036009534303,38.225916968405926,0.0,False,-1,,0.13,
independent,0.5,25,se_iid,t3,25,,1216.8952992607192,243.37905985214383,,False,-1,False,0.03,0.0
independent,0.9,25,sp_ucb_iid,known,25,,1234.5145996250444,276.958376749514,0.9378,True,311,,0.12,
independent,0.9,25,se_iid,known,25,,624.6594181269429,78.99720749357341,,True,300,True,0.03,0.0376
independent,0.9,25,sp_ucb_iid,t3,25,,457.1220805035508,41.2096963624262,0.9638,True,181,,0.12,
independent,0.9,25,se_iid,t3,25,,435.41524785681145,51.173016489757416,,False,-1,False,0.02,0.0
independent,0.97,25,sp_ucb_iid,known,25,,533.2107575191101,64.93937542590633,0.9888,True,56,,0.12,
independent,0.97,25,se_iid,known,25,,529.1855851303089,87.60941815436315,,True,300,True,0.02,0.0376
independent,0.97,25,sp_ucb_iid,t3,25,,1574.7812159722444,318.36874956010513,0.9902,True,49,,0.11,
independent,0.97,25,se_iid,t3,25,,396.3302887186633,48.22873580884534,,True,375,True,0.02,0.037
independent,,25,sp_ucb_iid,ar7_as_ar1,25,,1240.224434144894,26.952517427650278,0.988,True,56,,0.14,
independent,,25,se_iid,ar7_as_ar1,25,,1469.1189295402073,331.86044709980496,,True,300,True,0.06,0.0376
independent,0.5,26,sp_ucb_iid,known,25,,307.64900393830777,46.4928690911447,0.0,False,-1,,0.13,
independent,0.5,26,se_iid,known,25,,1189.5505325324839,236.54241495141568,,False,-1,False,0.02,0.0
independent,0.5,26,sp_ucb_iid,t3,25,,378.31700384962573,42.52652720621566,0.0,False,-1,,0.11,
independent,0.5,26,se_iid,t3,25,,1191.2601469763351,238.25202939526702,,False,-1,False,0.02,0.0
independent,0.9,26,sp_ucb_iid,known,25,,248.02318301767878,71.18953498454646,0.9554,True,223,,0.12,
independent,0.9,26,se_iid,known,25,,442.2131200267333,53.73055658863716,,True,50,True,0.01,0.0396
independent,0.9,26,sp_ucb_iid,t3,25,,308.38877629805427,132.59301695623515,0.0012,True,85,,0.12,
independent,0.9,26,se_iid,t3,25,,984.5174464101513,135.18706459396836,,False,-1,False,0.05,0.0
independent,0.97,26,sp_ucb_iid,known,25,,334.16562911151755,70.82504078438274,0.9912,True,44,,0.1,
independent,0.97,26,se_iid,known,25,,296.0132097073854,32.806143787550866,,True,50,False,0.02,0.0396
independent,0.97,26,sp_ucb_iid,t3,25,,216.51159705665629,55.38821033980591,0.984,True,80,,0.09,
independent,0.97,26,se_iid,t3,25,,118.22226574537228,0.0,,True,250,False,0.03,0.038
independent,,26,sp_ucb_iid,ar7_as_ar1,25,,281.12893476470845,59.59173606114321,0.99,True,50,,0.15,
independent,,26,se_iid,ar7_as_ar1,25,,427.8035789827814,36.09439172014058,,True,50,False,0.06,0.004
independent,0.5,27,sp_ucb_iid,known,25,,517.017278898338,61.31369673136958,0.0,False,-1,,0.12,
independent,0.5,27,se_iid,known,25,,1191.314047635317,238.26280952706338,,False,-1,False,0.03,0.0
independent,0.5,27,sp_ucb_iid,t3,25,,272.83971974431256,30.52696013710213,0.0,False,-1,,0.1,
independent,0.5,27,se_iid,t3,25,,1191.314047635317,238.26280952706338,,False,-1,False,0.02,0.0
independent,0.9,27,sp_ucb_iid,known,25,,1083.1523611175348,90.08881119324738,0.2152,True,2572,,0.14,
independent,0.9,27,se_iid,known,25,,1224.4380835470356,251.67952623370974,,False,-1,True,0.02,0.0
independent,0.9,27,sp_ucb_iid,t3,25,,797.7432551384742,38.67415716899269,0.6164,True,1918,,0.12,
independent,0.9,27,se_iid,t3,25,,955.8837965945656,170.32783420624605,,True,2650,True,0.02,0.0188
independent,0.97,27,sp_ucb_iid,known,25,,1385.4311658064642,278.95972874878834,0.94,True,300,,0.11,
independent,0.97,27,se_iid,known,25,,1854.6343860696193,385.6949639323914,,True,350,True,0.02,0.0372
independent,0.97,27,sp_ucb_iid,t3,25,,1017.3308375503617,121.17458514375572,0.9614,True,193,,0.14,
independent,0.97,27,se_iid,t3,25,,1229.950663449078,251.67952623370974,,True,550,True,0.03,0.0356
independent,,27,sp_ucb_iid,ar7_as_ar1,25,,1304.8100065260921,256.7351999771167,0.9404,True,298,,0.17,
independent,,27,se_iid,ar7_as_ar1,25,,535.0745881430435,156.0202177170237,,True,475,True,0.05,0.0362
independent,0.5,28,sp_ucb_iid,known,25,,505.96918410660425,15.38283124434507,0.0,False,-1,,0.13,
independent,0.5,28,se_iid,known,25,,1160.55081642212,232.11016328442398,,False,-1,False,0.02,0.0
independent,0.5,28,sp_ucb_iid,t3,25,,460.6796431608551,26.54383777015154,0.003,True,432,,0.12,
independent,0.5,28,se_iid,t3,25,,1160.5508164221199,232.11016328442398,,False,-1,False,0.02,0.0
independent,0.9,28,sp_ucb_iid,known,25,,1308.1046172781967,238.79339485221124,0.9726,True,137,,0.12,
independent,0.9,28,se_iid,known,25,,746.3453384656091,108.17790521765804,,True,650,False,0.03,0.0348
independent,0.9,28,sp_ucb_iid,t3,25,,340.43289773795243,25.690442237547437,0.9216,True,392,,0.1,
independent,0.9,28,se_iid,t3,25,,268.0477854167846,24.913674931594073,,True,200,False,0.03,0.0384
independent,0.97,28,sp_ucb_iid,known,25,,546.2224255400141,65.01207664367595,0.6862,True,1569,,0.12,
independent,0.97,28,se_iid,known,25,,324.9127971836708,37.83926764274928,,True,450,True,0.02,0.0364
independent,0.97,28,sp_ucb_iid,t3,25,,187.27058095762504,45.787138927390636,0.911,True,445,,0.12,
independent,0.97,28,se_iid,t3,25,,176.22964089424178,12.726038552281604,,True,200,True,0.03,0.0384
independent,,28,sp_ucb_iid,ar7_as_ar1,25,,799.1397023748444,27.44753749279227,0.9866,True,67,,0.13,
independent,,28,se_iid,ar7_as_ar1,25,,1053.6859775446383,216.37411801810626,,True,100,True,0.06,0.0392
independent,0.5,29,sp_ucb_iid,known,25,,442.73071987641384,22.21465510854168,0.0,False,-1,,0.13,
independent,0.5,29,se_iid,known,25,,1210.2262836647283,242.04525673294563,,False,-1,False,0.02,0.0
independent,0.5,29,sp_ucb_iid,t3,25,,242.06684937813168,34.19687569537106,0.0,False,-1,,0.12,
independent,0.5,29,se_iid,t3,25,,1210.2262836647283,242.0452567329456,,False,-1,False,0.02,0.0
independent,0.9,29,sp_ucb_iid,known,25,,1646.6480061310754,316.79514759563006,0.9934,True,33,,0.12,
independent,0.9,29,se_iid,known,25,,989.7842374277965,140.47807958600876,,True,50,False,0.02,0.0396
independent,0.9,29,sp_ucb_iid,t3,25,,797.479507969234,117.38515616447951,0.9856,True,72,,0.11,
independent,0.9,29,se_iid,t3,25,,1111.7016396350016,224.76835906229158,,True,75,False,0.02,0.0394
independent,0.97,29,sp_ucb_iid,known,25,,1547.0660222062147,301.8500785006547,0.993,True,35,,0.13,
independent,0.97,29,se_iid,known,25,,904.7206252945656,137.30376674631975,,True,50,True,0.02,0.0396
independent,0.97,29,sp_ucb_iid,t3,25,,1179.7157459070565,154.19315776251275,0.9734,True,133,,0.1,
independent,0.97,29,se_iid,t3,25,,959.115733442493,277.56606406980694,,True,75,True,0.02,0.0394
independent,,29,sp_ucb_iid,ar7_as_ar1,25,,1560.2528464420038,292.81993765330674,0.9912,True,44,,0.15,
independent,,29,se_iid,ar7_as_ar1,25,,1610.388536895346,324.7820661627158,,True,50,True,0.05,0.0396
correlated,0.5,0,sp_ucb_iid,known,25,,270.0197526998129,33.08821463413554,0.0028,True,432,,0.12,
correlated,0.5,0,se_iid,known,25,,1143.5444276382075,228.70888552764148,,False,-1,False,0.02,0.0
correlated,0.5,0,sp_ucb_iid,t3,25,,315.35703023502913,38.170680640870096,0.0004,True,289,,0.13,
correlated,0.5,0,se_iid,t3,25,,1143.5444276382077,228.70888552764148,,False,-1,False,0.03,0.0
correlated,0.9,0,sp_ucb_iid,known,25,,511.4030907427639,69.33946736057284,0.0,False,-1,,0.13,
correlated,0.9,0,se_iid,known,25,,375.16904226678287,25.405531368407633,,True,700,False,0.03,0.0344
correlated,0.9,0,sp_ucb_iid,t3,25,,404.7262249299364,70.41330789494097,0.0,False,-1,,0.12,
correlated,0.9,0,se_iid,t3,25,,317.3568550555426,25.405531368407637,,True,425,False,0.02,0.0366
correlated,0.97,0,sp_ucb_iid,known,25,,395.6975549526079,48.80376505865233,0.0,False,-1,,0.13,
correlated,0.97,0,se_iid,known,25,,319.69366528086437,29.28823728235311,,True,25,False,0.02,0.0398
correlated,0.97,0,sp_ucb_iid,t3,25,,518.2535647563333,11.503510094778253,0.7166,True,1417,,0.1,
correlated,0.97,0,se_iid,t3,25,,196.98306596139346,0.0,,True,425,False,0.02,0.0366
correlated,,0,sp_ucb_iid,ar7_as_ar1,25,,1389.7177961450698,235.01302686843644,0.3958,True,3021,,0.16,
correlated,,0,se_iid,ar7_as_ar1,25,,613.020612869575,28.065627890940828,,True,1725,True,0.05,0.0226
correlated,0.5,1,sp_ucb_iid,known,25,,348.64738600480865,7.932261751518979,0.0,False,-1,,0.12,
correlated,0.5,1,se_iid,known,25,,1240.330611073357,248.0661222146714,,False,-1,False,0.03,0.0
correlated,0.5,1,sp_ucb_iid,t3,25,,448.4356079293988,31.464359000740195,0.0,False,-1,,0.14,
correlated,0.5,1,se_iid,t3,25,,1240.330611073357,248.0661222146714,,False,-1,False,0.02,0.0
correlated,0.9,1,sp_ucb_iid,known,25,,448.5045324385394,82.13332210426358,0.9476,True,261,,0.12,
correlated,0.9,1,se_iid,known,25,,345.734118516807,58.21193917082603,,True,325,False,0.02,0.0374
correlated,0.9,1,sp_ucb_iid,t3,25,,527.7419770527272,39.738161852528876,0.0,False,-1,,0.12,
correlated,0.9,1,se_iid,t3,25,,900.0683116460954,165.81174217717904,,True,350,False,0.02,0.0372
correlated,0.97,1,sp_ucb_iid,known,25,,1198.5391279663052,40.18521418591956,0.992,True,40,,0.12,
correlated,0.97,1,se_iid,known,25,,509.03367470103126,57.55616981566031,,True,25,False,0.02,0.0398
correlated,0.97,1,sp_ucb_iid,t3,25,,934.1626579077549,112.77133003733505,0.0,False,-1,,0.12,
correlated,0.97,1,se_iid,t3,25,,1068.8147171723117,266.0967371844373,,False,-1,True,0.02,0.0
correlated,,1,sp_ucb_iid,ar7_as_ar1,25,,570.1569731382257,90.49318662118333,0.993,True,35,,0.15,
correlated,,1,se_iid,ar7_as_ar1,25,,509.689444056197,58.21193917082603,,True,25,False,0.05,0.0398
correlated,0.5,2,sp_ucb_iid,known,25,,306.84643634995456,21.3451833366326,0.9454,True,273,,0.11,
correlated,0.5,2,se_iid,known,25,,1134.7481167876886,229.20153562830905,,False,-1,False,0.02,0.0
correlated,0.5,2,sp_ucb_iid,t3,25,,595.6441199780991,53.48412749337575,0.0,False,-1,,0.12,
correlated,0.5,2,se_iid,t3,25,,1158.3949585054145,231.67899170108288,,False,-1,False,0.02,0.0
correlated,0.9,2,sp_ucb_iid,known,25,,292.5101495154459,55.83464658238982,0.9744,True,128,,0.12,
correlated,0.9,2,se_iid,known,25,,361.7587212156076,42.35887867276921,,True,1600,False,0.04,0.0108
correlated,0.9,2,sp_ucb_iid,t3,25,,1154.7854870758515,115.31827815291314,0.9522,True,239,,0.12,
correlated,0.9,2,se_iid,t3,25,,1104.7187633538342,205.41533842831916,,True,250,False,0.02,0.038
correlated,0.97,2,sp_ucb_iid,known,25,,211.40821472937114,0.0,0.873,True,635,,0.1,
correlated,0.97,2,se_iid,known,25,,1671.7329710108888,344.31759050003194,,True,50,True,0.02,0.0396
correlated,0.97,2,sp_ucb_iid,t3,25,,1094.3148549240732,229.51054204668526,0.9766,True,117,,0.13,
correlated,0.97,2,se_iid,t3,25,,364.0224890448104,55.52724531788337,,True,250,False,0.02,0.038
correlated,,2,sp_ucb_iid,ar7_as_ar1,25,,153.76599561336158,19.368802004288167,0.6972,True,1514,,0.15,
correlated,,2,se_iid,ar7_as_ar1,25,,1684.1633825657534,344.31759050003194,,True,50,True,0.06,0.0396
correlated,0.5,3,sp_ucb_iid,known,25,,383.6214042356007,58.67958633267648,0.0,False,-1,,0.11,
correlated,0.5,3,se_iid,known,25,,1142.2693314492426,227.2588920519072,,False,-1,False,0.02,0.0
correlated,0.5,3,sp_ucb_iid,t3,25,,411.6969928970793,37.37594681859027,0.0,False,-1,,0.15,
correlated,0.5,3,se_iid,t3,25,,1143.7630492466694,228.7526098493339,,False,-1,False,0.02,0.0
correlated,0.9,3,sp_ucb_iid,known,25,,381.86674059375196,157.9224467684303,0.0,False,-1,,0.12,
correlated,0.9,3,se_iid,known,25,,1286.9152934345675,256.13185576556504,,True,300,True,0.02,0.0376
correlated,0.9,3,sp_ucb_iid,t3,25,,217.47573127709438,38.05906805627654,0.987,True,65,,0.11,
correlated,0.9,3,se_iid,t3,25,,887.0624205115331,157.88932655517982,,True,950,False,0.02,0.0324
correlated,0.97,3,sp_ucb_iid,known,25,,303.3801738438995,62.63579704808981,0.9914,True,43,,0.1,
correlated,0.97,3,se_iid,known,25,,1430.1289317818728,286.08676568480246,,True,300,True,0.01,0.0376
correlated,0.97,3,sp_ucb_iid,t3,25,,246.35320899359232,37.78885899552354,0.9854,True,73,,0.1,
correlated,0.97,3,se_iid,t3,25,,1326.1747580882784,265.4027021514993,,True,1425,True,0.02,0.0256
correlated,,3,sp_ucb_iid,ar7_as_ar1,25,,260.8937200397118,14.5216801316768,0.9922,True,39,,0.15,
correlated,,3,se_iid,ar7_as_ar1,25,,1304.040603173261,255.9802274428802,,True,300,True,0.04,0.0376
correlated,0.5,4,sp_ucb_iid,known,25,,260.2391488062982,31.42091257131143,0.0,False,-1,,0.12,
correlated,0.5,4,se_iid,known,25,,1205.2120691112846,241.0424138222569,,False,-1,False,0.02,0.0
correlated,0.5,4,sp_ucb_iid,t3,25,,516.2292685032513,20.49957120039888,0.0016,True,186,,0.14,
correlated,0.5,4,se_iid,t3,25,,1205.2120691112846,241.04241382225695,,True,500,False,0.03,0.004
correlated,0.9,4,sp_ucb_iid,known,25,,261.8610454666406,31.801840022044445,0.0,False,-1,,0.11,
correlated,0.9,4,se_iid,known,25,,1540.5573238812945,321.1361430583844,,True,25,True,0.03,0.0398
correlated,0.9,4,sp_ucb_iid,t3,25,,837.0573363553217,166.02771288591603,0.9572,True,214,,0.11,
correlated,0.9,4,se_iid,t3,25,,1053.8447707125729,209.501757348935,,True,200,False,0.02,0.0384
correlated,0.97,4,sp_ucb_iid,known,25,,600.6039098543081,31.801840022044445,0.9908,True,46,,0.11,
correlated,0.97,4,se_iid,known,25,,1461.552475331569,319.95379044145056,,True,25,True,0.02,0.0398
correlated,0.97,4,sp_ucb_iid,t3,25,,811.0059754455999,149.59955145833447,0.9314,True,343,,0.11,
correlated,0.97,4,se_iid,t3,25,,410.41776930480523,44.50689478687524,,True,200,True,0.02,0.0384
correlated,,4,sp_ucb_iid,ar7_as_ar1,25,,1279.291347847823,261.6230674372714,0.9882,True,59,,0.15,
correlated,,4,se_iid,ar7_as_ar1,25,,745.3357422578233,34.668423867466814,,True,200,True,0.05,0.0384
correlated,0.5,5,sp_ucb_iid,known,25,,337.2931576358716,26.253589797526523,0.0,False,-1,,0.1,
correlated,0.5,5,se_iid,known,25,,1137.7181953546628,227.54363907093258,,False,-1,False,0.02,0.0
correlated,0.5,5,sp_ucb_iid,t3,25,,290.30522144766957,27.43964169921785,0.0,False,-1,,0.14,
correlated,0.5,5,se_iid,t3,25,,1133.4205007843593,221.35967869133935,,False,-1,False,0.03,0.0
correlated,0.9,5,sp_ucb_iid,known,25,,953.7750264729443,67.6084083522688,0.5922,True,2039,,0.11,
correlated,0.9,5,se_iid,known,25,,995.7711828384291,105.69470494071572,,True,100,False,0.03,0.0392
correlated,0.9,5,sp_ucb_iid,t3,25,,326.16085991966133,12.987806579121353,0.9762,True,119,,0.11,
correlated,0.9,5,se_iid,t3,25,,589.1830680109708,26.427682464841716,,True,700,False,0.02,0.0344
correlated,0.97,5,sp_ucb_iid,known,25,,1584.7754473192738,323.7645754924374,0.9658,True,171,,0.12,
correlated,0.97,5,se_iid,known,25,,1664.2621935609618,345.51263019007376,,True,100,True,0.02,0.0392
correlated,0.97,5,sp_ucb_iid,t3,25,,983.5971386282874,67.17048213556605,0.9768,True,116,,0.1,
correlated,0.97,5,se_iid,t3,25,,1280.0998057400575,263.9838942396826,,True,175,True,0.03,0.0386
correlated,,5,sp_ucb_iid,ar7_as_ar1,25,,1599.0007854173691,328.45601483787715,0.9674,True,163,,0.15,
correlated,,5,se_iid,ar7_as_ar1,25,,1503.8702973509207,303.30822274646897,,True,100,True,0.05,0.0392
correlated,0.5,6,sp_ucb_iid,known,25,,442.79858355914314,103.90482258666643,0.0,False,-1,,0.12,
correlated,0.5,6,se_iid,known,25,,1155.5440132838962,231.10880265677923,,False,-1,False,0.02,0.0
correlated,0.5,6,sp_ucb_iid,t3,25,,432.13382088392075,53.03596397141369,0.0,False,-1,,0.13,
correlated,0.5,6,se_iid,t3,25,,1155.5440132838962,231.10880265677923,,False,-1,False,0.02,0.0
correlated,0.9,6,sp_ucb_iid,known,25,,1450.1866532349313,282.50130676339836,0.996,True,20,,0.11,
correlated,0.9,6,se_iid,known,25,,1542.2708857037305,312.9936297040196,,True,75,True,0.02,0.0394
correlated,0.9,6,sp_ucb_iid,t3,25,,1069.1255034863966,212.03578460906948,0.974,True,130,,0.11,
correlated,0.9,6,se_iid,t3,25,,1075.3671386215174,211.51326109195037,,True,475,True,0.03,0.0362
correlated,0.97,6,sp_ucb_iid,known,25,,1402.1247918185636,188.21524894823426,0.995,True,25,,0.11,
correlated,0.97,6,se_iid,known,25,,860.8684281161952,128.55027737984528,,True,50,True,0.01,0.0396
correlated,0.97,6,sp_ucb_iid,t3,25,,457.6123723372301,52.510108107849575,0.9756,True,122,,0.1,
correlated,0.97,6,se_iid,t3,25,,1618.5684003021247,320.0979033064818,,True,550,True,0.02,0.0356
correlated,,6,sp_ucb_iid,ar7_as_ar1,25,,1437.5449026931717,277.96171841553917,0.341,True,3295,,0.15,
correlated,,6,se_iid,ar7_as_ar1,25,,1179.655302074186,225.41207517896368,,True,50,True,0.06,0.0396
correlated,0.5,7,sp_ucb_iid,known,25,,222.0599295576727,27.252187138345096,0.0,False,-1,,0.12,
correlated,0.5,7,se_iid,known,25,,1037.1700991327175,191.8677543110681,,False,-1,False,0.02,0.0
correlated,0.5,7,sp_ucb_iid,t3,25,,227.7779298051938,35.54037601248385,0.9872,True,52,,0.12,
correlated,0.5,7,se_iid,t3,25,,1163.3067114206756,234.31395445411005,,True,25,False,0.02,0.0398
correlated,0.9,7,sp_ucb_iid,known,25,,139.08723707855307,12.764360184767625,0.0,False,-1,,0.11,
correlated,0.9,7,se_iid,known,25,,459.0881307806035,39.9323471106307,,True,50,True,0.02,0.0396
correlated,0.9,7,sp_ucb_iid,t3,25,,105.22788294249648,14.287262806506565,0.9948,True,26,,0.11,
correlated,0.9,7,se_iid,t3,25,,707.529321218424,32.999002443879576,,True,25,False,0.02,0.0398
correlated,0.97,7,sp_ucb_iid,known,25,,139.87039259223337,19.13490872306448,0.0,False,-1,,0.11,
correlated,0.97,7,se_iid,known,25,,172.3248468224573,23.42011173042638,,True,50,False,0.02,0.0396
correlated,0.97,7,sp_ucb_iid,t3,25,,205.9765097323961,57.645190033053126,0.9948,True,26,,0.12,
correlated,0.97,7,se_iid,t3,25,,360.5017972667439,31.992591995461403,,True,25,False,0.03,0.0398
correlated,,7,sp_ucb_iid,ar7_as_ar1,25,,304.1020362081599,46.80230090695699,0.934,True,330,,0.14,
correlated,,7,se_iid,ar7_as_ar1,25,,269.1989527048929,30.576776513160375,,True,50,False,0.05,0.0396
correlated,0.5,8,sp_ucb_iid,known,25,,287.374599821008,12.181333723831738,0.0,False,-1,,0.12,
correlated,0.5,8,se_iid,known,25,,1087.9573962636623,205.40420474497068,,False,-1,False,0.02,0.0
correlated,0.5,8,sp_ucb_iid,t3,25,,382.61768996801953,27.58256517703315,0.0,False,-1,,0.13,
correlated,0.5,8,se_iid,t3,25,,1156.9935069014205,231.39870138028408,,False,-1,False,0.02,0.0
correlated,0.9,8,sp_ucb_iid,known,25,,226.53088410178037,42.46832493784644,0.0,False,-1,,0.11,
correlated,0.9,8,se_iid,known,25,,225.3559781053438,24.36813942560039,,True,50,False,0.02,0.0396
correlated,0.9,8,sp_ucb_iid,t3,25,,283.26877037688314,23.04274486234459,0.9778,True,111,,0.11,
correlated,0.9,8,se_iid,t3,25,,753.1576949472517,44.94870185125198,,True,75,False,0.02,0.0394
correlated,0.97,8,sp_ucb_iid,known,25,,215.70876537334388,40.72721224064183,0.9772,True,114,,0.11,
correlated,0.97,8,se_iid,known,25,,224.8355497894384,24.62693324137205,,True,50,False,0.02,0.0396
correlated,0.97,8,sp_ucb_iid,t3,25,,1256.7015912256234,263.2863761259488,0.9808,True,96,,0.11,
correlated,0.97,8,se_iid,t3,25,,145.1127429661305,22.63475594034825,,True,25,False,0.04,0.0398
correlated,,8,sp_ucb_iid,ar7_as_ar1,25,,162.37985365824397,9.24170743427268,0.977,True,115,,0.16,
correlated,,8,se_iid,ar7_as_ar1,25,,216.02148069122808,24.62693324137205,,True,425,False,0.06,0.0366
correlated,0.5,9,sp_ucb_iid,known,25,,306.5928567666712,15.259262511062943,0.0,False,-1,,0.16,
correlated,0.5,9,se_iid,known,25,,1184.5866510523958,236.91733021047915,,False,-1,False,0.07,0.0
correlated,0.5,9,sp_ucb_iid,t3,25,,370.81276979230546,39.783169321766266,0.0,False,-1,,0.13,
correlated,0.5,9,se_iid,t3,25,,1184.5866510523956,236.91733021047918,,False,-1,False,0.03,0.0
correlated,0.9,9,sp_ucb_iid,known,25,,660.8195212111063,20.337282684207885,0.7926,True,1037,,0.18,
correlated,0.9,9,se_iid,known,25,,776.7383459657731,35.50308859326522,,True,400,False,0.03,0.0368
correlated,0.9,9,sp_ucb_iid,t3,25,,279.0647012021099,14.822933462136099,0.965,True,175,,0.16,
correlated,0.9,9,se_iid,t3,25,,830.1364375783255,91.33488006682485,,True,350,False,0.05,0.0372
correlated,0.97,9,sp_ucb_iid,known,25,,891.2033511167434,292.63060785935494,0.733,True,1335,,0.14,
correlated,0.97,9,se_iid,known,25,,443.61272241308177,53.75969699579285,,True,725,False,0.01,0.0342
correlated,0.97,9,sp_ucb_iid,t3,25,,414.22808687319656,26.591220877534624,0.9368,True,316,,0.16,
correlated,0.97,9,se_iid,t3,25,,1926.631222957473,397.28915278839236,,True,350,True,0.05,0.0372
correlated,,9,sp_ucb_iid,ar7_as_ar1,25,,278.70145428304494,48.613521350647694,0.7432,True,1284,,0.18,
correlated,,9,se_iid,ar7_as_ar1,25,,352.2456487515973,39.73455563580603,,True,850,False,0.05,0.017
correlated,0.5,10,sp_ucb_iid,known,25,,355.4393927517378,60.28258160702312,0.0,False,-1,,0.23,
correlated,0.5,10,se_iid,known,25,,1175.29658468306,235.05931693661194,,False,-1,False,0.02,0.0
correlated,0.5,10,sp_ucb_iid,t3,25,,384.9330002765983,14.76418940459041,0.0,False,-1,,0.1,
correlated,0.5,10,se_iid,t3,25,,1142.2672415788475,222.80301643081378,,False,-1,False,0.03,0.0
correlated,0.9,10,sp_ucb_iid,known,25,,278.7091289588169,26.159273515774075,0.9776,True,112,,0.11,
correlated,0.9,10,se_iid,known,25,,264.4292001211743,27.886082066355268,,False,-1,False,0.03,0.0
correlated,0.9,10,sp_ucb_iid,t3,25,,695.4545151221947,37.744369012955396,0.0,False,-1,,0.12,
correlated,0.9,10,se_iid,t3,25,,510.1896002636635,65.86626164468217,,False,-1,True,0.02,0.0
correlated,0.97,10,sp_ucb_iid,known,25,,189.34436413791389,59.64405591916521,0.9766,True,117,,0.12,
correlated,0.97,10,se_iid,known,25,,1461.7140403621436,300.8230140916012,,True,125,True,0.02,0.039
correlated,0.97,10,sp_ucb_iid,t3,25,,1554.8513487835335,313.54637913749684,0.8156,True,922,,0.11,
correlated,0.97,10,se_iid,t3,25,,1559.0555849429516,316.7429174795584,,True,125,True,0.01,0.039
correlated,,10,sp_ucb_iid,ar7_as_ar1,25,,1563.7754171785023,214.6321005194646,0.9756,True,122,,0.14,
correlated,,10,se_iid,ar7_as_ar1,25,,801.5142860825716,132.21132800043006,,True,125,True,0.06,0.039
correlated,0.5,11,sp_ucb_iid,known,25,,369.05337705017087,24.397553598941617,0.0,False,-1,,0.12,
correlated,0.5,11,se_iid,known,25,,1143.2396246888884,228.64792493777765,,False,-1,False,0.02,0.0
correlated,0.5,11,sp_ucb_iid,t3,25,,328.845260309306,37.508444355255314,0.0,False,-1,,0.13,
correlated,0.5,11,se_iid,t3,25,,1143.2396246888882,228.64792493777765,,False,-1,False,0.02,0.0
correlated,0.9,11,sp_ucb_iid,known,25,,1205.321879486864,266.0822020809868,0.9824,True,88,,0.1,
correlated,0.9,11,se_iid,known,25,,1062.3798691113516,185.38093958955943,,True,300,False,0.02,0.0376
correlated,0.9,11,sp_ucb_iid,t3,25,,674.3503960435523,77.39539990695567,0.9764,True,118,,0.12,
correlated,0.9,11,se_iid,t3,25,,988.1249972194855,137.41281977460417,,True,725,False,0.02,0.0342
correlated,0.97,11,sp_ucb_iid,known,25,,360.47456200589136,62.733121245932,0.982,True,90,,0.1,
correlated,0.97,11,se_iid,known,25,,1375.6452442909729,274.5665382205748,,True,300,True,0.02,0.0376
correlated,0.97,11,sp_ucb_iid,t3,25,,594.0909577466575,31.795498886693963,0.9734,True,133,,0.11,
correlated,0.97,11,se_iid,t3,25,,923.1200491376829,210.37132277863958,,True,175,True,0.02,0.0386
correlated,,11,sp_ucb_iid,ar7_as_ar1,25,,1319.3513000696332,270.7738582295543,0.9774,True,113,,0.14,
correlated,,11,se_iid,ar7_as_ar1,25,,1333.3701288034215,274.5665382205748,,True,200,True,0.05,0.0384
correlated,0.5,12,sp_ucb_iid,known,25,,486.5125089278923,42.04003387061663,0.0,False,-1,,0.11,
correlated,0.5,12,se_iid,known,25,,1205.9252258543593,241.18504517087183,,False,-1,False,0.03,0.0
correlated,0.5,12,sp_ucb_iid,t3,25,,475.5459171067568,28.900141722825868,0.0,False,-1,,0.12,
correlated,0.5,12,se_iid,t3,25,,1205.9252258543593,241.18504517087183,,True,2825,False,0.02,0.016
correlated,0.9,12,sp_ucb_iid,known,25,,541.430614660691,20.969655189118146,0.806,True,970,,0.11,
correlated,0.9,12,se_iid,known,25,,406.421321520326,64.83535495858146,,True,75,False,0.02,0.0394
correlated,0.9,12,sp_ucb_iid,t3,25,,1430.920748633096,292.88706381444024,0.9838,True,14,,0.11,
correlated,0.9,12,se_iid,t3,25,,637.5216542184564,97.41045672492652,,True,125,True,0.02,0.039
correlated,0.97,12,sp_ucb_iid,known,25,,690.1129635418838,100.83312492741231,0.8792,True,604,,0.11,
correlated,0.97,12,se_iid,known,25,,1523.8026998827615,310.0832606477596,,True,75,True,0.02,0.0394
correlated,0.97,12,sp_ucb_iid,t3,25,,1371.3705159968906,293.2082008564263,0.9818,True,91,,0.11,
correlated,0.97,12,se_iid,t3,25,,1608.6098757979573,329.3150605373047,,True,125,True,0.03,0.039
correlated,,12,sp_ucb_iid,ar7_as_ar1,25,,696.0318545145956,107.67884619923726,0.8856,True,572,,0.14,
correlated,,12,se_iid,ar7_as_ar1,25,,684.4109887216347,108.85751512421982,,True,75,False,0.05,0.0394
correlated,0.5,13,sp_ucb_iid,known,25,,432.7197695772005,12.223422539398854,0.0,False,-1,,0.13,
correlated,0.5,13,se_iid,known,25,,1112.473013345817,204.06621926851508,,False,-1,False,0.02,0.0
correlated,0.5,13,sp_ucb_iid,t3,25,,531.5112460296496,24.945412597003003,0.0,False,-1,,0.11,
correlated,0.5,13,se_iid,t3,25,,1025.6338632005397,199.06246843478746,,True,200,False,0.02,0.0384
correlated,0.9,13,sp_ucb_iid,known,25,,1318.121622585028,269.9402106084426,0.9954,True,23,,0.11,
correlated,0.9,13,se_iid,known,25,,334.5227512334526,60.83083647926898,,False,-1,False,0.03,0.0
correlated,0.9,13,sp_ucb_iid,t3,25,,743.3743663954499,118.07714857490211,0.9418,True,291,,0.1,
correlated,0.9,13,se_iid,t3,25,,879.7615466511282,164.43739142671353,,True,200,False,0.02,0.0384
correlated,0.97,13,sp_ucb_iid,known,25,,932.9194717606165,76.7871030110277,0.826,True,870,,0.1,
correlated,0.97,13,se_iid,known,25,,500.88842221129346,78.78759421290191,,True,425,True,0.02,0.0366
correlated,0.97,13,sp_ucb_iid,t3,25,,479.82975269502606,83.57031408946922,0.0,False,-1,,0.13,
correlated,0.97,13,se_iid,t3,25,,1825.1887329056174,390.9541889995805,,True,200,True,0.02,0.0384
correlated,,13,sp_ucb_iid,ar7_as_ar1,25,,496.94753379331956,125.4372334204404,0.0,False,-1,,0.15,
correlated,,13,se_iid,ar7_as_ar1,25,,457.21600847576,50.65677764331069,,False,-1,False,0.05,0.0
correlated,0.5,14,sp_ucb_iid,known,25,,383.4189491623362,33.3433240828994,0.0,False,-1,,0.12,
correlated,0.5,14,se_iid,known,25,,1118.5648907479972,223.71297814959948,,False,-1,False,0.02,0.0
correlated,0.5,14,sp_ucb_iid,t3,25,,283.9397335055517,65.14201128202903,0.0,False,-1,,0.13,
correlated,0.5,14,se_iid,t3,25,,1118.5648907479977,223.71297814959948,,False,-1,False,0.02,0.0
correlated,0.9,14,sp_ucb_iid,known,25,,655.8575237143859,63.943273776315955,0.8954,True,523,,0.1,
correlated,0.9,14,se_iid,known,25,,659.9587859047507,23.83943539347072,,True,400,False,0.02,0.0368
correlated,0.9,14,sp_ucb_iid,t3,25,,175.30695584442674,4.9904987479049145,0.0,False,-1,,0.12,
correlated,0.9,14,se_iid,t3,25,,906.6881350264289,164.73101913927087,,True,175,False,0.02,0.0386
correlated,0.97,14,sp_ucb_iid,known,25,,1069.649869476599,192.20564739357135,0.9778,True,111,,0.11,
correlated,0.97,14,se_iid,known,25,,1391.1239062631385,319.83221798057133,,True,50,True,0.02,0.0396
correlated,0.97,14,sp_ucb_iid,t3,25,,625.3323709395492,6.200489126991471,0.9658,True,171,,0.14,
correlated,0.97,14,se_iid,t3,25,,366.37904188668716,5.3508567880121705,,True,225,True,0.02,0.0382
correlated,,14,sp_ucb_iid,ar7_as_ar1,25,,1426.902180639956,297.6121876560479,0.0,False,-1,,0.14,
correlated,,14,se_iid,ar7_as_ar1,25,,870.5296912791032,154.40081235521964,,True,50,False,0.06,0.0396
correlated,0.5,15,sp_ucb_iid,known,25,,311.55449412955574,42.23023580604696,0.0,False,-1,,0.16,
correlated,0.5,15,se_iid,known,25,,1168.4134044299135,233.68268088598268,,False,-1,False,0.03,0.0
correlated,0.5,15,sp_ucb_iid,t3,25,,395.4806990309826,58.055409836501,0.0,False,-1,,0.13,
correlated,0.5,15,se_iid,t3,25,,1168.4134044299135,233.6826808859827,,False,-1,False,0.03,0.0
correlated,0.9,15,sp_ucb_iid,known,25,,407.40254909854366,36.077174045675406,0.0,False,-1,,0.14,
correlated,0.9,15,se_iid,known,25,,976.9909441676572,179.73471694845244,,True,375,False,0.02,0.037
correlated,0.9,15,sp_ucb_iid,t3,25,,938.4588357111879,148.1499168027977,0.431,True,2845,,0.13,
correlated,0.9,15,se_iid,t3,25,,1441.692358744809,299.6663171279639,,True,675,True,0.04,0.0346
correlated,0.97,15,sp_ucb_iid,known,25,,1339.8323975565204,137.8311280836619,0.9956,True,22,,0.13,
correlated,0.97,15,se_iid,known,25,,302.8063993523114,39.64411247246423,,True,275,True,0.03,0.0378
correlated,0.97,15,sp_ucb_iid,t3,25,,1055.3972025412618,174.968733173301,0.9388,True,306,,0.14,
correlated,0.97,15,se_iid,t3,25,,545.9184884045636,27.663207058053985,,True,450,False,0.04,0.0364
correlated,,15,sp_ucb_iid,ar7_as_ar1,25,,1422.0922094362218,293.62849442373175,0.58,True,2100,,0.16,
correlated,,15,se_iid,ar7_as_ar1,25,,479.253002136601,46.09068761666681,,True,275,True,0.07,0.0378
correlated,0.5,16,sp_ucb_iid,known,25,,454.43659766827005,0.0,0.0,False,-1,,0.15,
correlated,0.5,16,se_iid,known,25,,1160.443259796285,232.08865195925705,,False,-1,False,0.02,0.0
correlated,0.5,16,sp_ucb_iid,t3,25,,385.7302946831959,13.345153206988332,0.0,False,-1,,0.12,
correlated,0.5,16,se_iid,t3,25,,1160.443259796285,232.08865195925705,,False,-1,False,0.02,0.0
correlated,0.9,16,sp_ucb_iid,known,25,,513.1666943588921,85.33473220516538,0.0,False,-1,,0.13,
correlated,0.9,16,se_iid,known,25,,417.7065517494345,61.5832093895703,,True,2325,False,0.03,0.013
correlated,0.9,16,sp_ucb_iid,t3,25,,467.1979704539338,0.0,0.0,False,-1,,0.13,
correlated,0.9,16,se_iid,t3,25,,1072.353155239232,184.6076031528479,,False,-1,False,0.02,0.0
correlated,0.97,16,sp_ucb_iid,known,25,,323.54343967284603,0.0,0.0,False,-1,,0.12,
correlated,0.97,16,se_iid,known,25,,408.4646754400269,70.74987117386249,,True,2150,True,0.02,0.0228
correlated,0.97,16,sp_ucb_iid,t3,25,,818.4159853553758,0.0,0.0,False,-1,,0.15,
correlated,0.97,16,se_iid,t3,25,,400.7829353463511,52.6572504512852,,True,800,False,0.02,0.0336
correlated,,16,sp_ucb_iid,ar7_as_ar1,25,,290.76103881983886,3.1217288121443074,0.9912,True,43,,0.17,
correlated,,16,se_iid,ar7_as_ar1,25,,671.5881564966436,111.78984719012698,,True,1825,False,0.05,0.0064
correlated,0.5,17,sp_ucb_iid,known,25,,460.7153085921844,48.732720603486655,0.0,False,-1,,0.12,
correlated,0.5,17,se_iid,known,25,,1112.5938901823765,222.51877803647534,,False,-1,False,0.03,0.0
correlated,0.5,17,sp_ucb_iid,t3,25,,301.8369996111219,23.371960446429483,0.0,False,-1,,0.15,
correlated,0.5,17,se_iid,t3,25,,1112.5938901823768,222.51877803647534,,False,-1,False,0.02,0.0
correlated,0.9,17,sp_ucb_iid,known,25,,300.19304365259376,43.68282195562275,0.0016,True,84,,0.13,
correlated,0.9,17,se_iid,known,25,,236.1325165600333,26.601685023647626,,False,-1,False,0.02,0.0
correlated,0.9,17,sp_ucb_iid,t3,25,,1187.470940687656,224.66173461400422,0.0,False,-1,,0.12,
correlated,0.9,17,se_iid,t3,25,,1058.6113336768767,186.23522087026103,,True,725,False,0.02,0.0342
correlated,0.97,17,sp_ucb_iid,known,25,,216.62326101160315,38.80121242882349,0.9358,True,321,,0.12,
correlated,0.97,17,se_iid,known,25,,211.22912481576958,22.71530431328751,,False,-1,False,0.02,0.0
correlated,0.97,17,sp_ucb_iid,t3,25,,364.2244989075102,94.9657936528619,0.0,False,-1,,0.13,
correlated,0.97,17,se_iid,t3,25,,1319.3651352223828,271.15723088089203,,True,50,True,0.02,0.0396
correlated,,17,sp_ucb_iid,ar7_as_ar1,25,,256.5849482823016,17.151471182782522,0.9452,True,274,,0.16,
correlated,,17,se_iid,ar7_as_ar1,25,,387.73481592220963,45.12372655481056,,True,175,True,0.05,0.0386
correlated,0.5,18,sp_ucb_iid,known,25,,322.8399593578299,10.41615473097712,0.0,False,-1,,0.14,
correlated,0.5,18,se_iid,known,25,,1214.6083332168027,242.92166664336057,,False,-1,False,0.02,0.0
correlated,0.5,18,sp_ucb_iid,t3,25,,353.4043259902385,21.74975478004572,0.0,False,-1,,0.14,
correlated,0.5,18,se_iid,t3,25,,1214.608333216803,242.9216666433606,,False,-1,False,0.03,0.0
correlated,0.9,18,sp_ucb_iid,known,25,,395.11006869809916,62.205135533648146,0.976,True,120,,0.12,
correlated,0.9,18,se_iid,known,25,,361.82355248829214,53.49280857751863,,True,150,False,0.02,0.0388
correlated,0.9,18,sp_ucb_iid,t3,25,,1365.6230743351907,272.1441721536439,0.8722,True,639,,0.12,
correlated,0.9,18,se_iid,t3,25,,415.2930081556367,53.49280857751863,,True,350,False,0.02,0.0372
correlated,0.97,18,sp_ucb_iid,known,25,,205.50962364694828,0.0,0.9676,True,162,,0.11,
correlated,0.97,18,se_iid,known,25,,333.5870588064287,43.54907885309001,,True,150,False,0.02,0.0388
correlated,0.97,18,sp_ucb_iid,t3,25,,194.40702614199535,5.221590426854167,0.8618,True,691,,0.14,
correlated,0.97,18,se_iid,t3,25,,156.56468873583012,1.8870799776877223,,True,275,False,0.02,0.0378
correlated,,18,sp_ucb_iid,ar7_as_ar1,25,,245.5698949001773,55.68662809652991,0.0,False,-1,,0.16,
correlated,,18,se_iid,ar7_as_ar1,25,,775.1421190234657,54.4363485663625,,True,325,True,0.07,0.036
correlated,0.5,19,sp_ucb_iid,known,25,,534.1203486461978,124.52877330932749,0.0,False,-1,,0.14,
correlated,0.5,19,se_iid,known,25,,1162.7929665030151,232.20405310399178,,False,-1,False,0.02,0.0
correlated,0.5,19,sp_ucb_iid,t3,25,,621.1093304575039,93.75751204381505,0.0,False,-1,,0.15,
correlated,0.5,19,se_iid,t3,25,,1179.601504648334,235.9203009296668,,False,-1,False,0.02,0.0
correlated,0.9,19,sp_ucb_iid,known,25,,439.1113866049033,185.53743194985674,0.973,True,135,,0.11,
correlated,0.9,19,se_iid,known,25,,762.5945840938339,53.86748305533453,,True,3175,False,0.02,0.009
correlated,0.9,19,sp_ucb_iid,t3,25,,539.6767225122912,45.78778839598084,0.9468,True,266,,0.11,
correlated,0.9,19,se_iid,t3,25,,855.2130161992998,51.88652347565663,,True,500,False,0.03,0.036
correlated,0.97,19,sp_ucb_iid,known,25,,771.9074105243665,213.61015103687504,0.9718,True,141,,0.12,
correlated,0.97,19,se_iid,known,25,,385.8444245437752,43.76627917785543,,True,4575,True,0.03,0.003
correlated,0.97,19,sp_ucb_iid,t3,25,,581.3741501149378,9.783483117982229,0.9712,True,144,,0.12,
correlated,0.97,19,se_iid,t3,25,,1208.7564339663409,265.5582502146263,,True,500,True,0.02,0.036
correlated,,19,sp_ucb_iid,ar7_as_ar1,25,,448.1721438187745,139.64861846541163,0.968,True,160,,0.16,
correlated,,19,se_iid,ar7_as_ar1,25,,892.187388641933,148.27108644774103,,True,250,False,0.08,0.038
correlated,0.5,20,sp_ucb_iid,known,25,,318.2922679716148,11.146525014685357,0.0,False,-1,,0.13,
correlated,0.5,20,se_iid,known,25,,1152.2517372043076,230.45034744086152,,True,4850,False,0.02,0.0012
correlated,0.5,20,sp_ucb_iid,t3,25,,194.19823495284464,21.118775928447604,0.0,False,-1,,0.13,
correlated,0.5,20,se_iid,t3,25,,1152.2517372043078,230.45034744086155,,False,-1,False,0.02,0.0
correlated,0.9,20,sp_ucb_iid,known,25,,1111.45197040531,256.39472108365635,0.9878,True,61,,0.12,
correlated,0.9,20,se_iid,known,25,,124.64455413843633,8.86889862513112,,True,1200,True,0.03,0.024
correlated,0.9,20,sp_ucb_iid,t3,25,,178.08814235947386,2.1675405456518084,0.922,True,390,,0.14,
correlated,0.9,20,se_iid,t3,25,,374.5830754148506,6.540629179765037,,True,400,True,0.04,0.0368
correlated,0.97,20,sp_ucb_iid,known,25,,317.0310836620086,6.977354036605904,0.9886,True,57,,0.14,
correlated,0.97,20,se_iid,known,25,,1460.357985968595,295.60812040211204,,True,75,True,0.03,0.0394
correlated,0.97,20,sp_ucb_iid,t3,25,,128.6614534266349,12.673019163647725,0.9614,True,193,,0.18,
correlated,0.97,20,se_iid,t3,25,,320.0661818284186,8.875120964117745,,True,400,True,0.02,0.0368
correlated,,20,sp_ucb_iid,ar7_as_ar1,25,,1130.2684072705206,256.66571303094986,0.9882,True,59,,0.19,
correlated,,20,se_iid,ar7_as_ar1,25,,819.4693629809627,295.60812040211204,,True,75,True,0.05,0.0394
correlated,0.5,21,sp_ucb_iid,known,25,,368.5516602095242,19.602462987406085,0.0,False,-1,,0.16,
correlated,0.5,21,se_iid,known,25,,1227.3297893420454,245.46595786840908,,False,-1,False,0.02,0.0
correlated,0.5,21,sp_ucb_iid,t3,25,,393.3630735333181,37.030718384583096,0.0,False,-1,,0.14,
correlated,0.5,21,se_iid,t3,25,,1211.3846091294242,231.5957943430363,,False,-1,False,0.01,0.0
correlated,0.9,21,sp_ucb_iid,known,25,,161.83058618242336,17.70053398831456,0.0,False,-1,,0.17,
correlated,0.9,21,se_iid,known,25,,667.876537321802,27.51829803509061,,False,-1,True,0.03,0.0
correlated,0.9,21,sp_ucb_iid,t3,25,,557.0541238907892,152.43676733869904,0.0,False,-1,,0.16,
correlated,0.9,21,se_iid,t3,25,,778.9973770127809,34.724536909869855,,True,1150,False,0.02,0.0308
correlated,0.97,21,sp_ucb_iid,known,25,,125.01481565777065,2.0604967222015436,0.9932,True,34,,0.13,
correlated,0.97,21,se_iid,known,25,,211.05385593279996,27.29398721242854,,True,150,True,0.03,0.0388
correlated,0.97,21,sp_ucb_iid,t3,25,,316.11916577307886,51.86807801342746,0.96,True,200,,0.15,
correlated,0.97,21,se_iid,t3,25,,258.9205987453563,13.29736139812005,,True,400,False,0.02,0.0368
correlated,,21,sp_ucb_iid,ar7_as_ar1,25,,332.52877024319275,51.9095725286851,0.9932,True,34,,0.18,
correlated,,21,se_iid,ar7_as_ar1,25,,206.0061698608181,27.29398721242854,,True,75,True,0.07,0.0394
correlated,0.5,22,sp_ucb_iid,known,25,,292.3431441620724,12.912835026330134,0.0,False,-1,,0.12,
correlated,0.5,22,se_iid,known,25,,1148.1496117489073,229.62992234978148,,False,-1,False,0.02,0.0
correlated,0.5,22,sp_ucb_iid,t3,25,,291.8166990378203,37.02865866184218,0.0,False,-1,,0.15,
correlated,0.5,22,se_iid,t3,25,,1148.1496117489075,229.62992234978148,,False,-1,False,0.02,0.0
correlated,0.9,22,sp_ucb_iid,known,25,,247.7110820300591,0.0,0.9768,True,116,,0.17,
correlated,0.9,22,se_iid,known,25,,1083.7827498717843,192.238562422161,,True,1125,False,0.03,0.031
correlated,0.9,22,sp_ucb_iid,t3,25,,424.21356944857865,74.42170339397553,0.0,False,-1,,0.14,
correlated,0.9,22,se_iid,t3,25,,1438.509351676953,299.0948339020286,,True,575,True,0.02,0.0354
correlated,0.97,22,sp_ucb_iid,known,25,,324.24110217444974,1.8514154880532123,0.8208,True,896,,0.13,
correlated,0.97,22,se_iid,known,25,,1875.4162925270098,398.54648751568357,,True,225,True,0.03,0.0382
correlated,0.97,22,sp_ucb_iid,t3,25,,280.88955151927496,84.30654765923072,0.0,False,-1,,0.13,
correlated,0.97,22,se_iid,t3,25,,1553.2771964319181,317.2492988349949,,True,550,True,0.04,0.0356
correlated,,22,sp_ucb_iid,ar7_as_ar1,25,,1046.8074829197296,120.72808580939707,0.0,False,-1,,0.21,
correlated,,22,se_iid,ar7_as_ar1,25,,1546.0081755480119,301.5612172476627,,True,225,True,0.05,0.0382
correlated,0.5,23,sp_ucb_iid,known,25,,293.10524727972745,39.931910796867385,0.0,False,-1,,0.15,
correlated,0.5,23,se_iid,known,25,,1130.8502461900543,226.17004923801085,,False,-1,False,0.03,0.0
correlated,0.5,23,sp_ucb_iid,t3,25,,404.55672251670853,90.41261567162135,0.0,False,-1,,0.15,
correlated,0.5,23,se_iid,t3,25,,1118.1195342921205,215.03556219059246,,False,-1,False,0.03,0.0
correlated,0.9,23,sp_ucb_iid,known,25,,530.8246795808889,52.511564164392965,0.0,False,-1,,0.15,
correlated,0.9,23,se_iid,known,25,,228.9721237478074,26.259317160334128,,True,125,False,0.03,0.039
correlated,0.9,23,sp_ucb_iid,t3,25,,1449.2682225357225,269.07507063283333,0.9976,True,12,,0.14,
correlated,0.9,23,se_iid,t3,25,,337.95069552214477,37.11736928758093,,True,375,False,0.02,0.037
correlated,0.97,23,sp_ucb_iid,known,25,,931.7236100533595,231.19002807988892,0.8914,True,543,,0.11,
correlated,0.97,23,se_iid,known,25,,284.37633479436624,52.64922770191583,,True,75,True,0.03,0.0394
correlated,0.97,23,sp_ucb_iid,t3,25,,1544.1785887844176,297.7146941665793,0.9984,True,8,,0.12,
correlated,0.97,23,se_iid,t3,25,,976.6524092821649,226.56387242090568,,True,175,True,0.02,0.0386
correlated,,23,sp_ucb_iid,ar7_as_ar1,25,,1101.0053221706341,253.01620526492525,0.0,False,-1,,0.17,
correlated,,23,se_iid,ar7_as_ar1,25,,825.9188798354842,107.8833207509634,,True,75,False,0.06,0.0394
correlated,0.5,24,sp_ucb_iid,known,25,,447.27234382098595,44.37315094668287,0.0,False,-1,,0.16,
correlated,0.5,24,se_iid,known,25,,1173.6480655977489,232.4978820973414,,True,700,False,0.01,0.0344
correlated,0.5,24,sp_ucb_iid,t3,25,,279.4486663570557,0.0,0.0,False,-1,,0.14,
correlated,0.5,24,se_iid,t3,25,,370.87284754306137,46.13493726352445,,False,-1,False,0.03,0.0
correlated,0.9,24,sp_ucb_iid,known,25,,292.3629102310933,31.004794669405086,0.0038,True,362,,0.14,
correlated,0.9,24,se_iid,known,25,,432.26935548360086,66.74610533804577,,True,75,True,0.03,0.0394
correlated,0.9,24,sp_ucb_iid,t3,25,,259.45481345252665,49.089899720184484,0.2506,True,3747,,0.16,
correlated,0.9,24,se_iid,t3,25,,308.017353694564,31.796432661650098,,True,150,False,0.02,0.0388
correlated,0.97,24,sp_ucb_iid,known,25,,283.35558731591334,50.462740549722575,0.0,False,-1,,0.16,
correlated,0.97,24,se_iid,known,25,,1544.0955593244162,326.9323108505929,,True,75,True,0.02,0.0394
correlated,0.97,24,sp_ucb_iid,t3,25,,82.20185714991376,0.4242561563052083,0.9904,True,48,,0.12,
correlated,0.97,24,se_iid,t3,25,,1017.1746881232566,210.72014634740907,,True,150,True,0.02,0.0388
correlated,,24,sp_ucb_iid,ar7_as_ar1,25,,433.66649034924296,73.01863847386669,0.0,False,-1,,0.15,
correlated,,24,se_iid,ar7_as_ar1,25,,313.75523545534577,35.49433345054892,,True,125,False,0.08,0.039
correlated,0.5,25,sp_ucb_iid,known,25,,590.284364328561,121.18378452872943,0.0,False,-1,,0.12,
correlated,0.5,25,se_iid,known,25,,1216.8952992607192,243.37905985214388,,False,-1,False,0.02,0.0
correlated,0.5,25,sp_ucb_iid,t3,25,,624.515817751801,23.28586612135929,0.0,False,-1,,0.14,
correlated,0.5,25,se_iid,t3,25,,1216.8952992607192,243.37905985214383,,False,-1,False,0.02,0.0
correlated,0.9,25,sp_ucb_iid,known,25,,590.206454886563,111.52224983706151,0.9378,True,311,,0.12,
correlated,0.9,25,se_iid,known,25,,656.9653385205263,51.909086659985434,,True,475,False,0.02,0.0362
correlated,0.9,25,sp_ucb_iid,t3,25,,1235.1645915980735,137.8590566319486,0.9668,True,166,,0.14,
correlated,0.9,25,se_iid,t3,25,,512.8220659362995,42.063916073605995,,True,725,False,0.04,0.0342
correlated,0.97,25,sp_ucb_iid,known,25,,83.96259221724648,0.0,0.9882,True,59,,0.09,
correlated,0.97,25,se_iid,known,25,,1685.233155630339,342.0038575783203,,True,325,True,0.02,0.0374
correlated,0.97,25,sp_ucb_iid,t3,25,,943.9432748448476,279.32992547664867,0.0,False,-1,,0.14,
correlated,0.97,25,se_iid,t3,25,,883.2690200637411,165.94422289633934,,False,-1,True,0.02,0.0
correlated,,25,sp_ucb_iid,ar7_as_ar1,25,,668.0916176009464,44.526221972770955,0.9876,True,62,,0.16,
correlated,,25,se_iid,ar7_as_ar1,25,,1540.9915418281298,319.5956683692293,,True,300,True,0.05,0.0376
correlated,0.5,26,sp_ucb_iid,known,25,,311.13764937202035,50.21252841230116,0.0,False,-1,,0.12,
correlated,0.5,26,se_iid,known,25,,1186.126851731993,235.1336817691253,,False,-1,False,0.02,0.0
correlated,0.5,26,sp_ucb_iid,t3,25,,317.2204902789359,41.573220207758276,0.0,False,-1,,0.11,
correlated,0.5,26,se_iid,t3,25,,1191.2601469763351,238.25202939526702,,False,-1,False,0.02,0.0
correlated,0.9,26,sp_ucb_iid,known,25,,522.8785246877966,56.12892200050091,0.0,False,-1,,0.12,
correlated,0.9,26,se_iid,known,25,,473.5942063004835,38.22517967537582,,True,50,False,0.03,0.0396
correlated,0.9,26,sp_ucb_iid,t3,25,,316.57176507238984,51.760168333151114,0.8072,True,964,,0.13,
correlated,0.9,26,se_iid,t3,25,,945.0148444704228,176.4829966450365,,False,-1,False,0.02,0.0
correlated,0.97,26,sp_ucb_iid,known,25,,249.26073279985894,43.242004144213276,0.9224,True,388,,0.12,
correlated,0.97,26,se_iid,known,25,,433.3504810001161,53.73055658863716,,True,50,True,0.02,0.0396
correlated,0.97,26,sp_ucb_iid,t3,25,,237.06728577204584,44.22086148898549,0.9854,True,73,,0.11,
correlated,0.97,26,se_iid,t3,25,,499.1351060962842,46.18611272587634,,True,825,True,0.02,0.0334
correlated,,26,sp_ucb_iid,ar7_as_ar1,25,,245.57932077241887,35.39982628075115,0.3702,True,3149,,0.15,
correlated,,26,se_iid,ar7_as_ar1,25,,419.5673041241086,46.781197501057136,,True,425,True,0.05,0.0366
correlated,0.5,27,sp_ucb_iid,known,25,,388.8424922953732,61.051970960671404,0.0,False,-1,,0.13,
correlated,0.5,27,se_iid,known,25,,1191.314047635317,238.26280952706338,,False,-1,False,0.02,0.0
correlated,0.5,27,sp_ucb_iid,t3,25,,298.01969575294623,39.799033902664995,0.0,False,-1,,0.12,
correlated,0.5,27,se_iid,t3,25,,1191.314047635317,238.26280952706338,,False,-1,False,0.02,0.0
correlated,0.9,27,sp_ucb_iid,known,25,,1570.4944483556706,315.1192954002833,0.9964,True,18,,0.12,
correlated,0.9,27,se_iid,known,25,,391.10650355373605,46.54989641557776,,True,250,False,0.02,0.038
correlated,0.9,27,sp_ucb_iid,t3,25,,1445.7046888994716,284.3075114939087,0.996,True,20,,0.12,
correlated,0.9,27,se_iid,t3,25,,1335.4285119368271,275.1054708550384,,True,25,True,0.01,0.0398
correlated,0.97,27,sp_ucb_iid,known,25,,1499.0354863918556,296.3633007379604,0.9962,True,19,,0.11,
correlated,0.97,27,se_iid,known,25,,383.82518980381053,25.52754295007812,,True,250,False,0.02,0.038
correlated,0.97,27,sp_ucb_iid,t3,25,,1418.9966269839404,314.0630766532672,0.8568,True,716,,0.12,
correlated,0.97,27,se_iid,t3,25,,1234.8566203677983,252.1171449280622,,True,450,True,0.02,0.0364
correlated,,27,sp_ucb_iid,ar7_as_ar1,25,,1845.4904397264913,384.98267922668833,0.995,True,25,,0.15,
correlated,,27,se_iid,ar7_as_ar1,25,,483.67181283878347,46.54989641557776,,True,250,False,0.06,0.038
correlated,0.5,28,sp_ucb_iid,known,25,,797.5981909101808,57.79651475877701,0.0,False,-1,,0.13,
correlated,0.5,28,se_iid,known,25,,1160.55081642212,232.11016328442398,,False,-1,False,0.03,0.0
correlated,0.5,28,sp_ucb_iid,t3,25,,470.30172106406,48.15638553216613,0.0,False,-1,,0.13,
correlated,0.5,28,se_iid,t3,25,,1160.5508164221199,232.11016328442398,,False,-1,False,0.03,0.0
correlated,0.9,28,sp_ucb_iid,known,25,,1091.4828566926856,207.53914287667655,0.9382,True,309,,0.14,
correlated,0.9,28,se_iid,known,25,,1191.0176062449293,266.355811677927,,True,25,True,0.02,0.0398
correlated,0.9,28,sp_ucb_iid,t3,25,,550.0724237635438,246.10560283524748,0.922,True,390,,0.12,
correlated,0.9,28,se_iid,t3,25,,1774.3934652049643,372.1272113280224,,True,300,True,0.02,0.0376
correlated,0.97,28,sp_ucb_iid,known,25,,1003.2933103829463,71.68873083763394,0.987,True,65,,0.13,
correlated,0.97,28,se_iid,known,25,,1138.153710565503,264.6021469738994,,True,450,True,0.03,0.0364
correlated,0.97,28,sp_ucb_iid,t3,25,,428.34506609726077,51.33339267869944,0.966,True,170,,0.12,
correlated,0.97,28,se_iid,t3,25,,236.43188371336618,26.010393172480605,,True,50,False,0.02,0.0396
correlated,,28,sp_ucb_iid,ar7_as_ar1,25,,955.2985849754871,46.323065128436255,0.9866,True,67,,0.17,
correlated,,28,se_iid,ar7_as_ar1,25,,1087.6524580913222,216.37411801810626,,True,450,True,0.06,0.0364
correlated,0.5,29,sp_ucb_iid,known,25,,362.2907107825877,50.64084952723671,0.0,False,-1,,0.13,
correlated,0.5,29,se_iid,known,25,,1210.2262836647283,242.04525673294563,,False,-1,False,0.02,0.0
correlated,0.5,29,sp_ucb_iid,t3,25,,349.4862094056855,32.98439262134185,0.0,False,-1,,0.13,
correlated,0.5,29,se_iid,t3,25,,1210.2262836647283,242.0452567329456,,False,-1,False,0.03,0.0
correlated,0.9,29,sp_ucb_iid,known,25,,544.7096616089297,57.12455085119563,0.9658,True,40,,0.1,
correlated,0.9,29,se_iid,known,25,,878.452981476448,87.18887921389278,,True,550,False,0.02,0.0356
correlated,0.9,29,sp_ucb_iid,t3,25,,218.1194144507669,54.46792395726473,0.987,True,65,,0.11,
correlated,0.9,29,se_iid,t3,25,,1185.4273885985622,240.88428254513425,,True,75,False,0.02,0.0394
correlated,0.97,29,sp_ucb_iid,known,25,,488.46757741427547,31.217362339672874,0.9922,True,39,,0.11,
correlated,0.97,29,se_iid,known,25,,976.8527218579254,193.84695400678163,,True,50,False,0.02,0.0396
correlated,0.97,29,sp_ucb_iid,t3,25,,1073.6692805082944,46.60467919049435,0.9638,True,181,,0.11,
correlated,0.97,29,se_iid,t3,25,,291.9675883537404,28.364807656387796,,True,75,False,0.02,0.0394
correlated,,29,sp_ucb_iid,ar7_as_ar1,25,,607.6393294612816,53.540583691137776,0.0,False,-1,,0.18,
correlated,,29,se_iid,ar7_as_ar1,25,,452.0301894665733,50.26764001131593,,True,2200,True,0.04,0.0202
