config,phi,seed,policy,condition,batch,phi_learner,regret,regret_last_1000,check_violation_share,any_violation,first_violation,best_eliminated,seconds
independent,0.9,0,se_st2,known,25,0.9,4574.17771055283,228.70888552764148,0.0,False,-1,False,0.41
independent,0.9,0,se_st2,fit100,25,0.8558044359442032,4574.17771055283,228.70888552764148,0.0,False,-1,False,0.43
independent,0.9,0,se_st2,fit365,25,0.8941993067576228,4574.17771055283,228.70888552764148,0.0,False,-1,False,0.42
independent,0.9,0,se_st2,fit100_cons,25,0.8790668881441264,4574.17771055283,228.70888552764148,0.0,False,-1,False,0.42
independent,0.9,0,se_st2,phi_bias,25,0.85,4574.17771055283,228.70888552764148,0.0,False,-1,False,0.44
independent,0.9,0,se_st2,t3,25,0.9,4574.17771055283,228.7088855276415,0.0,False,-1,False,0.43
independent,0.97,0,se_st2,known,25,0.97,4574.17771055283,228.70888552764148,0.0,False,-1,False,0.43
independent,0.97,0,se_st2,fit100,25,0.9239231867806489,4381.314574623906,219.06002425557742,0.001,True,4075,False,0.44
independent,0.97,0,se_st2,fit365,25,0.9607485041260796,4574.17771055283,228.70888552764148,0.0,False,-1,False,0.42
independent,0.97,0,se_st2,fit100_cons,25,0.938752031110143,4472.328012014234,218.05420661519173,0.0,False,-1,False,0.41
independent,0.97,0,se_st2,phi_bias,25,0.9199999999999999,4574.17771055283,228.70888552764148,0.0,False,-1,False,0.42
independent,0.97,0,se_st2,t3,25,0.97,4574.17771055283,228.7088855276415,0.0,False,-1,False,0.42
independent,,0,se_st2,ar7_as_ar1,25,0.7459372066075058,4062.4699114294253,139.9620082344449,0.0069,True,2075,False,0.52
independent,0.9,1,se_st2,known,25,0.9,4961.322444293428,248.0661222146714,0.0,False,-1,False,0.41
independent,0.9,1,se_st2,fit100,25,0.861847528887656,4961.322444293428,248.0661222146714,0.0,False,-1,False,0.42
independent,0.9,1,se_st2,fit365,25,0.8885475637196713,4961.322444293428,248.0661222146714,0.0,False,-1,False,0.43
independent,0.9,1,se_st2,fit100_cons,25,0.8878007888041446,4961.322444293428,248.0661222146714,0.0,False,-1,False,0.41
independent,0.9,1,se_st2,phi_bias,25,0.85,4961.322444293428,248.0661222146714,0.0,False,-1,False,0.42
independent,0.9,1,se_st2,t3,25,0.9,4961.322444293428,248.0661222146714,0.0,False,-1,False,0.43
independent,0.97,1,se_st2,known,25,0.97,4961.322444293428,248.0661222146714,0.0,False,-1,False,0.43
independent,0.97,1,se_st2,fit100,25,0.9307918994806126,4781.023008100836,237.1896680253201,0.03605,True,1975,False,0.44
independent,0.97,1,se_st2,fit365,25,0.9622090218440409,4961.322444293428,248.0661222146714,0.0,False,-1,False,0.44
independent,0.97,1,se_st2,fit100_cons,25,0.9492161806349103,4961.322444293428,248.0661222146714,0.0,False,-1,False,0.44
independent,0.97,1,se_st2,phi_bias,25,0.9199999999999999,4961.322444293428,248.0661222146714,0.0,False,-1,False,0.44
independent,0.97,1,se_st2,t3,25,0.97,4961.322444293428,248.0661222146714,0.0,False,-1,False,0.43
independent,,1,se_st2,ar7_as_ar1,25,0.7862990862964117,4710.246993205493,202.1311945899512,0.0027,True,25,False,0.51
independent,0.9,2,se_st2,known,25,0.9,4633.579834021658,231.67899170108288,0.0,False,-1,False,0.41
independent,0.9,2,se_st2,fit100,25,0.8581039228630714,4644.034394258685,239.06286413447285,0.02015,True,9925,False,0.41
independent,0.9,2,se_st2,fit365,25,0.9046026767113341,4633.579834021658,231.67899170108288,0.0,False,-1,False,0.43
independent,0.9,2,se_st2,fit100_cons,25,0.894689575069442,4632.983119022291,230.24892682527792,0.00815,True,15925,False,0.43
independent,0.9,2,se_st2,phi_bias,25,0.85,4636.650521825295,236.79456516257474,0.01615,True,9925,False,0.41
independent,0.9,2,se_st2,t3,25,0.9,4633.579834021658,231.6789917010829,0.0,False,-1,False,0.43
independent,0.97,2,se_st2,known,25,0.97,4633.579834021658,231.67899170108288,0.0,False,-1,False,0.43
independent,0.97,2,se_st2,fit100,25,0.9347188795991932,4629.026973507367,230.79592093079864,0.01115,True,14425,False,0.43
independent,0.97,2,se_st2,fit365,25,0.9693669494425533,4633.579834021658,231.67899170108288,0.0,False,-1,False,0.44
independent,0.97,2,se_st2,fit100_cons,25,0.950827802695095,4625.580266735595,226.30414403236094,0.00815,True,15925,False,0.46
independent,0.97,2,se_st2,phi_bias,25,0.9199999999999999,4632.983119022291,230.24892682527792,0.00715,True,16425,False,0.43
independent,0.97,2,se_st2,t3,25,0.97,4633.579834021658,231.6789917010829,0.0,False,-1,False,0.42
independent,,2,se_st2,ar7_as_ar1,25,0.8057062564225959,3453.787169470337,171.77501974320978,0.0,False,-1,False,0.51
independent,0.9,3,se_st2,known,25,0.9,4575.052196986678,228.75260984933385,0.0,False,-1,False,0.42
independent,0.9,3,se_st2,fit100,25,0.8710845250629786,4575.052196986678,228.75260984933385,0.0,False,-1,False,0.43
independent,0.9,3,se_st2,fit365,25,0.8927038004814064,4575.052196986678,228.75260984933385,0.0,False,-1,False,0.41
independent,0.9,3,se_st2,fit100_cons,25,0.8929648134187268,4575.052196986678,228.75260984933385,0.0,False,-1,False,0.4
independent,0.9,3,se_st2,phi_bias,25,0.85,4575.052196986678,228.75260984933385,0.0,False,-1,False,0.42
independent,0.9,3,se_st2,t3,25,0.9,4575.052196986678,228.7526098493339,0.0,False,-1,False,0.43
independent,0.97,3,se_st2,known,25,0.97,4575.052196986678,228.75260984933385,0.0,False,-1,False,0.44
independent,0.97,3,se_st2,fit100,25,0.9394601840781893,4575.052196986678,228.75260984933385,0.0,False,-1,False,0.43
independent,0.97,3,se_st2,fit365,25,0.9617220531622283,4575.052196986678,228.75260984933385,0.0,False,-1,False,0.44
independent,0.97,3,se_st2,fit100_cons,25,0.9546902849231296,4575.052196986678,228.75260984933385,0.0,False,-1,False,0.4
independent,0.97,3,se_st2,phi_bias,25,0.9199999999999999,4575.052196986678,228.75260984933385,0.0,False,-1,False,0.43
independent,0.97,3,se_st2,t3,25,0.97,4575.052196986678,228.7526098493339,0.0,False,-1,False,0.44
independent,,3,se_st2,ar7_as_ar1,25,0.7452614849896445,3030.102136348422,151.8176956468833,0.0379,True,1050,False,1.45
independent,0.9,4,se_st2,known,25,0.9,4820.848276445138,241.0424138222569,0.0,False,-1,False,0.43
independent,0.9,4,se_st2,fit100,25,0.8809651527296829,4820.848276445138,241.0424138222569,0.0,False,-1,False,0.42
independent,0.9,4,se_st2,fit365,25,0.9047514068219821,4820.848276445138,241.0424138222569,0.0,False,-1,False,0.42
independent,0.9,4,se_st2,fit100_cons,25,0.9008071122507438,4820.848276445138,241.0424138222569,0.0,False,-1,False,1.32
independent,0.9,4,se_st2,phi_bias,25,0.85,4820.848276445138,241.0424138222569,0.0,False,-1,False,0.44
independent,0.9,4,se_st2,t3,25,0.9,4820.848276445138,241.0424138222569,0.0,False,-1,False,0.44
independent,0.97,4,se_st2,known,25,0.97,4820.848276445138,241.0424138222569,0.0,False,-1,False,0.43
independent,0.97,4,se_st2,fit100,25,0.9496550515921874,4537.689987079002,225.54460103162734,0.0,False,-1,False,1.96
independent,0.97,4,se_st2,fit365,25,0.9687172815336198,4820.848276445138,241.0424138222569,0.0,False,-1,False,2.35
independent,0.97,4,se_st2,fit100_cons,25,0.9650377460150086,4820.848276445138,241.0424138222569,0.0,False,-1,False,940.43
independent,0.97,4,se_st2,phi_bias,25,0.9199999999999999,4537.85218929364,221.23007230924958,0.0,False,-1,False,0.47
independent,0.97,4,se_st2,t3,25,0.97,4820.848276445138,241.0424138222569,0.0,False,-1,False,0.43
independent,,4,se_st2,ar7_as_ar1,25,0.7953455161179843,3887.0660355551413,114.3767410701409,0.0007,True,2475,False,942.37
independent,0.9,5,se_st2,known,25,0.9,4550.872781418651,227.5436390709326,0.0,False,-1,False,0.56
independent,0.9,5,se_st2,fit100,25,0.8602248810891183,4550.872781418651,227.5436390709326,0.0,False,-1,False,0.45
independent,0.9,5,se_st2,fit365,25,0.8940367415774975,4550.872781418651,227.5436390709326,0.0,False,-1,False,0.43
independent,0.9,5,se_st2,fit100_cons,25,0.8876838671550097,4550.872781418651,227.5436390709326,0.0,False,-1,False,941.71
independent,0.9,5,se_st2,phi_bias,25,0.85,4550.872781418651,227.5436390709326,0.0,False,-1,False,0.46
independent,0.9,5,se_st2,t3,25,0.9,4550.872781418651,227.54363907093258,0.0,False,-1,False,0.46
independent,0.97,5,se_st2,known,25,0.97,4550.872781418651,227.5436390709326,0.0,False,-1,False,0.44
independent,0.97,5,se_st2,fit100,25,0.93345427206922,4550.872781418651,227.5436390709326,0.0,False,-1,False,0.41
independent,0.97,5,se_st2,fit365,25,0.9662977757208555,4550.872781418651,227.5436390709326,0.0,False,-1,False,0.42
independent,0.97,5,se_st2,fit100_cons,25,0.9493314243343489,4550.872781418651,227.5436390709326,0.0,False,-1,False,0.41
independent,0.97,5,se_st2,phi_bias,25,0.9199999999999999,4550.872781418651,227.5436390709326,0.0,False,-1,False,0.42
independent,0.97,5,se_st2,t3,25,0.97,4550.872781418651,227.54363907093258,0.0,False,-1,False,0.45
independent,,5,se_st2,ar7_as_ar1,25,0.8047079541240802,4524.834949634827,216.07014143544677,0.0,False,-1,False,0.53
independent,0.9,6,se_st2,known,25,0.9,4622.176053135585,231.10880265677923,0.0,False,-1,False,0.43
independent,0.9,6,se_st2,fit100,25,0.8799483311441871,4622.176053135585,231.10880265677923,0.0,False,-1,False,0.44
independent,0.9,6,se_st2,fit365,25,0.8947904860561504,4622.176053135585,231.10880265677923,0.0,False,-1,False,0.42
independent,0.9,6,se_st2,fit100_cons,25,0.8996083043347195,4622.176053135585,231.10880265677923,0.0,False,-1,False,0.42
independent,0.9,6,se_st2,phi_bias,25,0.85,4622.176053135585,231.10880265677923,0.0,False,-1,False,0.42
independent,0.9,6,se_st2,t3,25,0.9,4622.176053135585,231.10880265677923,0.0,False,-1,False,0.42
independent,0.97,6,se_st2,known,25,0.97,4622.176053135585,231.10880265677923,0.0,False,-1,False,0.42
independent,0.97,6,se_st2,fit100,25,0.9450474098099594,4622.176053135585,231.10880265677923,0.002,True,125,False,0.41
independent,0.97,6,se_st2,fit365,25,0.9639799114548098,4622.176053135585,231.10880265677923,0.0,False,-1,False,0.43
independent,0.97,6,se_st2,fit100_cons,25,0.9590764194067027,4622.176053135585,231.10880265677923,0.001,True,625,False,0.42
independent,0.97,6,se_st2,phi_bias,25,0.9199999999999999,4622.176053135585,231.10880265677923,0.0,False,-1,False,0.42
independent,0.97,6,se_st2,t3,25,0.97,4622.176053135585,231.10880265677923,0.0,False,-1,False,0.43
independent,,6,se_st2,ar7_as_ar1,25,0.7778004823030655,5020.982855624456,255.8667143682003,0.03975,True,125,True,0.52
independent,0.9,7,se_st2,known,25,0.9,4682.6388744313645,234.13194372156818,0.0,False,-1,False,0.43
independent,0.9,7,se_st2,fit100,25,0.8744244448304821,4682.6388744313645,234.13194372156818,0.0,False,-1,False,0.44
independent,0.9,7,se_st2,fit365,25,0.8986309888597092,4682.6388744313645,234.13194372156818,0.0,False,-1,False,0.44
independent,0.9,7,se_st2,fit100_cons,25,0.8975287842851508,4682.6388744313645,234.13194372156818,0.0,False,-1,False,0.43
independent,0.9,7,se_st2,phi_bias,25,0.85,4682.6388744313645,234.13194372156818,0.0,False,-1,False,0.43
independent,0.9,7,se_st2,t3,25,0.9,4682.638874431364,234.13194372156818,0.0,False,-1,False,0.44
independent,0.97,7,se_st2,known,25,0.97,4682.6388744313645,234.13194372156818,0.0,False,-1,False,0.42
independent,0.97,7,se_st2,fit100,25,0.9344535728137554,2323.0423413369654,28.85022121551539,0.0,False,-1,False,0.42
independent,0.97,7,se_st2,fit365,25,0.965259113975974,4682.6388744313645,234.13194372156818,0.0,False,-1,False,0.42
independent,0.97,7,se_st2,fit100_cons,25,0.9521580971155245,1484.992347403696,31.945877688504563,0.0,False,-1,False,0.43
independent,0.97,7,se_st2,phi_bias,25,0.9199999999999999,4682.6388744313645,234.13194372156818,0.0,False,-1,False,0.42
independent,0.97,7,se_st2,t3,25,0.97,4682.638874431364,234.13194372156818,0.0,False,-1,False,0.42
independent,,7,se_st2,ar7_as_ar1,25,0.7802870947408307,2875.2830689448315,28.850221215515393,0.03905,True,475,False,0.52
independent,0.9,8,se_st2,known,25,0.9,4627.974027605682,231.3987013802841,0.0,False,-1,False,0.44
independent,0.9,8,se_st2,fit100,25,0.8571584070132203,4574.330718622734,201.902737442158,0.001,True,1300,False,0.44
independent,0.9,8,se_st2,fit365,25,0.883511245839422,4627.974027605682,231.3987013802841,0.0,False,-1,False,0.43
independent,0.9,8,se_st2,fit100_cons,25,0.887563010522292,4627.974027605682,231.3987013802841,0.0,False,-1,False,0.44
independent,0.9,8,se_st2,phi_bias,25,0.85,4627.974027605682,231.3987013802841,0.0,False,-1,False,0.41
independent,0.9,8,se_st2,t3,25,0.9,4627.974027605682,231.39870138028408,0.0,False,-1,False,0.42
independent,0.97,8,se_st2,known,25,0.97,4627.974027605682,231.3987013802841,0.0,False,-1,False,0.41
independent,0.97,8,se_st2,fit100,25,0.9317225417409606,4543.6884156150045,230.80747938099825,0.0384,True,800,False,0.41
independent,0.97,8,se_st2,fit365,25,0.9592063381476594,4627.974027605682,231.3987013802841,0.0,False,-1,False,0.42
independent,0.97,8,se_st2,fit100_cons,25,0.9524149021867219,4543.6884156150045,230.80747938099825,0.0374,True,1300,False,0.42
independent,0.97,8,se_st2,phi_bias,25,0.9199999999999999,4627.974027605682,231.3987013802841,0.0,False,-1,False,0.42
independent,0.97,8,se_st2,t3,25,0.97,4627.974027605682,231.39870138028408,0.0,False,-1,False,0.41
independent,,8,se_st2,ar7_as_ar1,25,0.7520758737096643,1741.7697037602998,19.14279631182636,0.0384,True,800,False,0.54
independent,0.9,9,se_st2,known,25,0.9,4738.346604209582,236.91733021047912,0.0,False,-1,False,0.43
independent,0.9,9,se_st2,fit100,25,0.8749358509195856,4738.346604209582,236.91733021047912,0.0,False,-1,False,0.43
independent,0.9,9,se_st2,fit365,25,0.8862898775134974,4738.346604209582,236.91733021047912,0.0,False,-1,False,0.44
independent,0.9,9,se_st2,fit100_cons,25,0.8919988702301107,4738.346604209582,236.91733021047912,0.0,False,-1,False,0.42
independent,0.9,9,se_st2,phi_bias,25,0.85,4738.346604209582,236.91733021047912,0.0,False,-1,False,0.4
independent,0.9,9,se_st2,t3,25,0.9,4738.346604209582,236.91733021047915,0.0,False,-1,False,0.42
independent,0.97,9,se_st2,known,25,0.97,4738.346604209582,236.91733021047912,0.0,False,-1,False,0.41
independent,0.97,9,se_st2,fit100,25,0.9258907868338465,4708.763154397808,233.76171973704427,0.0,False,-1,False,0.43
independent,0.97,9,se_st2,fit365,25,0.9575210529680698,4738.346604209582,236.91733021047912,0.0,False,-1,False,0.43
independent,0.97,9,se_st2,fit100_cons,25,0.9383805230328501,4733.9113786659345,230.6420432340832,0.0,False,-1,False,0.42
independent,0.97,9,se_st2,phi_bias,25,0.9199999999999999,4738.346604209582,236.91733021047912,0.0,False,-1,False,0.42
independent,0.97,9,se_st2,t3,25,0.97,4738.346604209582,236.91733021047915,0.0,False,-1,False,0.44
independent,,9,se_st2,ar7_as_ar1,25,0.7371515625200831,4591.945744124719,222.72578033744398,0.00295,True,1375,False,0.52
independent,0.9,10,se_st2,known,25,0.9,4701.186338732239,235.059316936612,0.0,False,-1,False,0.44
independent,0.9,10,se_st2,fit100,25,0.8586515745426995,4701.186338732239,235.059316936612,0.0,False,-1,False,0.43
independent,0.9,10,se_st2,fit365,25,0.8811255859757744,4701.186338732239,235.059316936612,0.0,False,-1,False,0.4
independent,0.9,10,se_st2,fit100_cons,25,0.8819827387462477,4701.186338732239,235.059316936612,0.0,False,-1,False,0.42
independent,0.9,10,se_st2,phi_bias,25,0.85,4701.186338732239,235.059316936612,0.0,False,-1,False,0.42
independent,0.9,10,se_st2,t3,25,0.9,4701.186338732239,235.05931693661194,0.0,False,-1,False,0.43
independent,0.97,10,se_st2,known,25,0.97,4701.186338732239,235.059316936612,0.0,False,-1,False,0.4
independent,0.97,10,se_st2,fit100,25,0.9286521164502406,4701.186338732239,235.059316936612,0.003,True,5300,False,0.41
independent,0.97,10,se_st2,fit365,25,0.9561596060637223,4701.186338732239,235.059316936612,0.0,False,-1,False,0.43
independent,0.97,10,se_st2,fit100_cons,25,0.9506128972884924,4701.186338732239,235.059316936612,0.0,False,-1,False,0.42
independent,0.97,10,se_st2,phi_bias,25,0.9199999999999999,4701.186338732239,235.059316936612,0.0,False,-1,False,0.43
independent,0.97,10,se_st2,t3,25,0.97,4701.186338732239,235.05931693661194,0.0,False,-1,False,0.42
independent,,10,se_st2,ar7_as_ar1,25,0.7445886211374766,4442.860325012825,213.4305040699523,0.0294,True,5300,False,0.53
independent,0.9,11,se_st2,known,25,0.9,4572.958498755554,228.64792493777767,0.0,False,-1,False,0.43
independent,0.9,11,se_st2,fit100,25,0.8915787145397475,4572.958498755554,228.64792493777767,0.0,False,-1,False,0.41
independent,0.9,11,se_st2,fit365,25,0.900538156074748,4572.958498755554,228.64792493777767,0.0,False,-1,False,0.42
independent,0.9,11,se_st2,fit100_cons,25,0.9182698385547358,4572.958498755554,228.64792493777767,0.0,False,-1,False,0.42
independent,0.9,11,se_st2,phi_bias,25,0.85,4572.958498755554,228.64792493777767,0.0,False,-1,False,0.4
independent,0.9,11,se_st2,t3,25,0.9,4572.958498755554,228.64792493777765,0.00715,True,16425,False,0.43
independent,0.97,11,se_st2,known,25,0.97,4572.958498755554,228.64792493777767,0.0,False,-1,False,0.42
independent,0.97,11,se_st2,fit100,25,0.9476286279019053,4572.958498755554,228.64792493777767,0.0,False,-1,False,0.43
independent,0.97,11,se_st2,fit365,25,0.9665909999958898,4572.958498755554,228.64792493777767,0.0,False,-1,False,0.41
independent,0.97,11,se_st2,fit100_cons,25,0.9637991584076511,4572.958498755554,228.64792493777767,0.0,False,-1,False,0.44
independent,0.97,11,se_st2,phi_bias,25,0.9199999999999999,4572.958498755554,228.64792493777767,0.0,False,-1,False,0.42
independent,0.97,11,se_st2,t3,25,0.97,4572.958498755554,228.64792493777765,0.0,False,-1,False,0.45
independent,,11,se_st2,ar7_as_ar1,25,0.8016409629202776,4455.836989640667,214.16358118086194,0.002,True,3350,False,0.53
independent,0.9,12,se_st2,known,25,0.9,4823.700903417437,241.18504517087183,0.0,False,-1,False,0.41
independent,0.9,12,se_st2,fit100,25,0.8596604112036637,4823.700903417437,241.18504517087183,0.0,False,-1,False,0.41
independent,0.9,12,se_st2,fit365,25,0.8832276134217357,4823.700903417437,241.18504517087183,0.0,False,-1,False,0.42
independent,0.9,12,se_st2,fit100_cons,25,0.8843115734312422,4823.700903417437,241.18504517087183,0.0,False,-1,False,0.42
independent,0.9,12,se_st2,phi_bias,25,0.85,4823.700903417437,241.18504517087183,0.0,False,-1,False,0.42
independent,0.9,12,se_st2,t3,25,0.9,4823.700903417437,241.18504517087186,0.0,False,-1,False,0.42
independent,0.97,12,se_st2,known,25,0.97,4823.700903417437,241.18504517087183,0.0,False,-1,False,0.43
independent,0.97,12,se_st2,fit100,25,0.9330493272655302,4440.62341713461,209.6461818238351,0.0,False,-1,False,0.42
independent,0.97,12,se_st2,fit365,25,0.9614892397113327,4823.700903417437,241.18504517087183,0.0,False,-1,False,0.44
independent,0.97,12,se_st2,fit100_cons,25,0.9523777142308669,4823.700903417437,241.18504517087183,0.0,False,-1,False,0.44
independent,0.97,12,se_st2,phi_bias,25,0.9199999999999999,4823.700903417437,241.18504517087183,0.0,False,-1,False,0.44
independent,0.97,12,se_st2,t3,25,0.97,4823.700903417437,241.18504517087186,0.0,False,-1,False,0.43
independent,,12,se_st2,ar7_as_ar1,25,0.7805589066618741,3584.3294673661912,165.212409213909,0.0369,True,1550,False,0.51
independent,0.9,13,se_st2,known,25,0.9,4891.529372884428,244.57646864422145,0.0,False,-1,False,0.42
independent,0.9,13,se_st2,fit100,25,0.86219083398206,4891.529372884428,244.57646864422145,0.0,False,-1,False,0.43
independent,0.9,13,se_st2,fit365,25,0.8846954335003342,4891.529372884428,244.57646864422145,0.0,False,-1,False,0.42
independent,0.9,13,se_st2,fit100_cons,25,0.8897988873899901,4891.529372884428,244.57646864422145,0.0,False,-1,False,0.43
independent,0.9,13,se_st2,phi_bias,25,0.85,4891.529372884428,244.57646864422145,0.0,False,-1,False,0.41
independent,0.9,13,se_st2,t3,25,0.9,4891.529372884429,244.57646864422145,0.0,False,-1,False,0.42
independent,0.97,13,se_st2,known,25,0.97,4891.529372884428,244.57646864422145,0.0,False,-1,False,0.41
independent,0.97,13,se_st2,fit100,25,0.933902422175738,4881.869545967527,234.91664172732038,0.0,False,-1,False,0.43
independent,0.97,13,se_st2,fit365,25,0.9585182999513729,4891.529372884428,244.57646864422145,0.0,False,-1,False,0.43
independent,0.97,13,se_st2,fit100_cons,25,0.9549726398911899,4891.529372884428,244.57646864422145,0.0,False,-1,False,0.43
independent,0.97,13,se_st2,phi_bias,25,0.9199999999999999,4891.529372884428,244.57646864422145,0.0,False,-1,False,0.43
independent,0.97,13,se_st2,t3,25,0.97,4891.529372884429,244.57646864422145,0.0,False,-1,False,0.42
independent,,13,se_st2,ar7_as_ar1,25,0.761281996556049,4600.683711707728,189.76211513859934,0.0,False,-1,False,0.51
independent,0.9,14,se_st2,known,25,0.9,4474.25956299199,223.71297814959945,0.0,False,-1,False,0.44
independent,0.9,14,se_st2,fit100,25,0.8652223949312096,4474.25956299199,223.71297814959945,0.0,False,-1,False,0.41
independent,0.9,14,se_st2,fit365,25,0.8987271574439648,4474.25956299199,223.71297814959945,0.0,False,-1,False,0.42
independent,0.9,14,se_st2,fit100_cons,25,0.887768449532932,4474.25956299199,223.71297814959945,0.0,False,-1,False,0.42
independent,0.9,14,se_st2,phi_bias,25,0.85,4474.25956299199,223.71297814959945,0.0,False,-1,False,0.42
independent,0.9,14,se_st2,t3,25,0.9,4474.25956299199,223.71297814959948,0.0,False,-1,False,0.42
independent,0.97,14,se_st2,known,25,0.97,4474.25956299199,223.71297814959945,0.0,False,-1,False,0.44
independent,0.97,14,se_st2,fit100,25,0.9351612072754556,4474.25956299199,223.71297814959945,0.0,False,-1,False,0.44
independent,0.97,14,se_st2,fit365,25,0.9637484530346432,4474.25956299199,223.71297814959945,0.0,False,-1,False,0.43
independent,0.97,14,se_st2,fit100_cons,25,0.9501695944925295,4474.25956299199,223.71297814959945,0.0,False,-1,False,0.44
independent,0.97,14,se_st2,phi_bias,25,0.9199999999999999,4474.25956299199,223.71297814959945,0.0,False,-1,False,0.42
independent,0.97,14,se_st2,t3,25,0.97,4474.25956299199,223.71297814959948,0.0,False,-1,False,0.42
independent,,14,se_st2,ar7_as_ar1,25,0.7864331902880078,4432.150324430586,211.3259261008279,0.02905,True,425,False,0.49
independent,0.9,15,se_st2,known,25,0.9,4673.653617719654,233.68268088598268,0.0,False,-1,False,0.42
independent,0.9,15,se_st2,fit100,25,0.8851050296881325,4673.653617719654,233.68268088598268,0.0,False,-1,False,0.42
independent,0.9,15,se_st2,fit365,25,0.9017153662226898,4673.653617719654,233.68268088598268,0.0,False,-1,False,0.42
independent,0.9,15,se_st2,fit100_cons,25,0.9208530228447186,4673.653617719654,233.68268088598268,0.0,False,-1,False,0.42
independent,0.9,15,se_st2,phi_bias,25,0.85,4673.653617719654,233.68268088598268,0.0,False,-1,False,0.43
independent,0.9,15,se_st2,t3,25,0.9,4673.653617719653,233.68268088598268,0.0,False,-1,False,0.44
independent,0.97,15,se_st2,known,25,0.97,4673.653617719654,233.68268088598268,0.0,False,-1,False,0.45
independent,0.97,15,se_st2,fit100,25,0.9454303775232046,4673.653617719654,233.68268088598268,0.0,False,-1,False,0.46
independent,0.97,15,se_st2,fit365,25,0.9682016437974376,4673.653617719654,233.68268088598268,0.0,False,-1,False,0.43
independent,0.97,15,se_st2,fit100_cons,25,0.9697862443399194,4673.653617719654,233.68268088598268,0.0,False,-1,False,0.4
independent,0.97,15,se_st2,phi_bias,25,0.9199999999999999,4673.653617719654,233.68268088598268,0.0,False,-1,False,0.42
independent,0.97,15,se_st2,t3,25,0.97,4673.653617719653,233.68268088598268,0.0,False,-1,False,0.42
independent,,15,se_st2,ar7_as_ar1,25,0.8125565908455983,4673.653617719654,233.68268088598268,0.0,False,-1,False,0.51
independent,0.9,16,se_st2,known,25,0.9,4641.773039185141,232.08865195925708,0.0,False,-1,False,0.43
independent,0.9,16,se_st2,fit100,25,0.8879812517685194,4641.773039185141,232.08865195925708,0.00035,True,1875,False,0.41
independent,0.9,16,se_st2,fit365,25,0.8996991634258714,4641.773039185141,232.08865195925708,0.0,False,-1,False,0.42
independent,0.9,16,se_st2,fit100_cons,25,0.9214252234735093,4641.773039185141,232.08865195925708,0.0,False,-1,False,0.43
independent,0.9,16,se_st2,phi_bias,25,0.85,4641.773039185141,232.08865195925708,0.00105,True,1850,False,0.44
independent,0.9,16,se_st2,t3,25,0.9,4641.773039185141,232.08865195925705,0.0,False,-1,False,0.44
independent,0.97,16,se_st2,known,25,0.97,4641.773039185141,232.08865195925708,0.0,False,-1,False,0.44
independent,0.97,16,se_st2,fit100,25,0.9536954915980532,4641.773039185141,232.08865195925708,0.002,True,550,False,0.5
independent,0.97,16,se_st2,fit365,25,0.9684568279536911,4641.773039185141,232.08865195925708,0.0,False,-1,False,0.42
independent,0.97,16,se_st2,fit100_cons,25,0.9734609900380429,4641.773039185141,232.08865195925708,0.0,False,-1,False,0.46
independent,0.97,16,se_st2,phi_bias,25,0.9199999999999999,4641.773039185141,232.08865195925708,0.0,False,-1,False,0.41
independent,0.97,16,se_st2,t3,25,0.97,4641.773039185141,232.08865195925705,0.0,False,-1,False,0.44
independent,,16,se_st2,ar7_as_ar1,25,0.8175655877427481,4641.773039185141,232.08865195925708,0.003,True,550,False,0.53
independent,0.9,17,se_st2,known,25,0.9,4450.375560729508,222.51877803647534,0.0,False,-1,False,0.41
independent,0.9,17,se_st2,fit100,25,0.8749702558865641,4450.375560729508,222.51877803647534,0.0,False,-1,False,0.42
independent,0.9,17,se_st2,fit365,25,0.8934943083044149,4450.375560729508,222.51877803647534,0.0,False,-1,False,0.42
independent,0.9,17,se_st2,fit100_cons,25,0.8972841626361747,4450.375560729508,222.51877803647534,0.0,False,-1,False,0.44
independent,0.9,17,se_st2,phi_bias,25,0.85,4450.375560729508,222.51877803647534,0.0,False,-1,False,0.43
independent,0.9,17,se_st2,t3,25,0.9,4450.375560729507,222.51877803647534,0.0,False,-1,False,0.43
independent,0.97,17,se_st2,known,25,0.97,4450.375560729508,222.51877803647534,0.0,False,-1,False,0.45
independent,0.97,17,se_st2,fit100,25,0.9338702416036863,4450.375560729508,222.51877803647534,0.002,True,9750,False,0.41
independent,0.97,17,se_st2,fit365,25,0.9654230532572633,4450.375560729508,222.51877803647534,0.0,False,-1,False,0.42
independent,0.97,17,se_st2,fit100_cons,25,0.9534407944040603,4450.375560729508,222.51877803647534,0.001,True,9750,False,0.41
independent,0.97,17,se_st2,phi_bias,25,0.9199999999999999,4450.375560729508,222.51877803647534,0.0,False,-1,False,0.42
independent,0.97,17,se_st2,t3,25,0.97,4450.375560729507,222.51877803647534,0.0,False,-1,False,0.43
independent,,17,se_st2,ar7_as_ar1,25,0.7501479854503034,2584.682205044459,39.48132512995114,0.0,False,-1,False,0.51
independent,0.9,18,se_st2,known,25,0.9,4858.433332867211,242.9216666433606,0.0,False,-1,False,0.43
independent,0.9,18,se_st2,fit100,25,0.8706631372912869,4858.433332867211,242.9216666433606,0.0,False,-1,False,0.43
independent,0.9,18,se_st2,fit365,25,0.8914018106941664,4858.433332867211,242.9216666433606,0.0,False,-1,False,0.44
independent,0.9,18,se_st2,fit100_cons,25,0.8976019690369785,4858.433332867211,242.9216666433606,0.0,False,-1,False,0.43
independent,0.9,18,se_st2,phi_bias,25,0.85,4858.433332867211,242.9216666433606,0.0,False,-1,False,0.44
independent,0.9,18,se_st2,t3,25,0.9,4858.433332867211,242.9216666433606,0.0,False,-1,False,0.45
independent,0.97,18,se_st2,known,25,0.97,4858.433332867211,242.9216666433606,0.0,False,-1,False,0.43
independent,0.97,18,se_st2,fit100,25,0.9368030372556729,4858.433332867211,242.9216666433606,0.0,False,-1,False,0.43
independent,0.97,18,se_st2,fit365,25,0.9625893920790982,4858.433332867211,242.9216666433606,0.0,False,-1,False,0.42
independent,0.97,18,se_st2,fit100_cons,25,0.9557260597941457,4858.433332867211,242.9216666433606,0.0,False,-1,False,1.37
independent,0.97,18,se_st2,phi_bias,25,0.9199999999999999,4858.433332867211,242.9216666433606,0.0,False,-1,False,0.43
independent,0.97,18,se_st2,t3,25,0.97,4858.433332867211,242.9216666433606,0.0,False,-1,False,0.43
independent,,18,se_st2,ar7_as_ar1,25,0.7748450913280444,4206.660052640633,191.54005816431643,0.0,False,-1,False,1.82
independent,0.9,19,se_st2,known,25,0.9,4718.406018593336,235.92030092966678,0.0,False,-1,False,1061.94
independent,0.9,19,se_st2,fit100,25,0.8724276168552805,4718.406018593336,235.92030092966678,0.0,False,-1,False,1.78
independent,0.9,19,se_st2,fit365,25,0.880013095407693,4718.406018593336,235.92030092966678,0.0,False,-1,False,1061.91
independent,0.9,19,se_st2,fit100_cons,25,0.9002322169452183,4718.406018593336,235.92030092966678,0.0,False,-1,False,0.73
independent,0.9,19,se_st2,phi_bias,25,0.85,4718.406018593336,235.92030092966678,0.0,False,-1,False,0.53
independent,0.9,19,se_st2,t3,25,0.9,4718.406018593337,235.92030092966678,0.0,False,-1,False,1062.26
independent,0.97,19,se_st2,known,25,0.97,4718.406018593336,235.92030092966678,0.0,False,-1,False,0.66
independent,0.97,19,se_st2,fit100,25,0.9367597172425663,1048.8129204744932,44.08626318964731,0.001,True,75,False,0.5
independent,0.97,19,se_st2,fit365,25,0.9539282158653686,4718.406018593336,235.92030092966678,0.003,True,1575,False,0.5
independent,0.97,19,se_st2,fit100_cons,25,0.9605396551996471,4125.691793107184,206.5111622892827,5e-05,True,75,False,0.68
independent,0.97,19,se_st2,phi_bias,25,0.9199999999999999,4718.406018593336,235.92030092966678,0.001,True,2075,False,0.51
independent,0.97,19,se_st2,t3,25,0.97,4718.406018593337,235.92030092966678,0.0,False,-1,False,0.53
independent,,19,se_st2,ar7_as_ar1,25,0.7028397501674458,1348.2478423218756,58.17583055708705,0.03985,True,75,True,0.58
independent,0.9,20,se_st2,known,25,0.9,4609.006948817231,230.45034744086155,0.0,False,-1,False,0.47
independent,0.9,20,se_st2,fit100,25,0.8672458494165813,4609.006948817231,230.45034744086155,0.0,False,-1,False,0.48
independent,0.9,20,se_st2,fit365,25,0.8827037047776564,4609.006948817231,230.45034744086155,0.0,False,-1,False,0.45
independent,0.9,20,se_st2,fit100_cons,25,0.9002696865835392,4609.006948817231,230.45034744086155,0.0,False,-1,False,0.43
independent,0.9,20,se_st2,phi_bias,25,0.85,4609.006948817231,230.45034744086155,0.0,False,-1,False,0.45
independent,0.9,20,se_st2,t3,25,0.9,4609.00694881723,230.45034744086155,0.0,False,-1,False,0.45
independent,0.97,20,se_st2,known,25,0.97,4609.006948817231,230.45034744086155,0.0,False,-1,False,0.42
independent,0.97,20,se_st2,fit100,25,0.9480400046726437,4609.006948817231,230.45034744086155,0.0,False,-1,False,0.42
independent,0.97,20,se_st2,fit365,25,0.9545314965572617,4609.006948817231,230.45034744086155,0.0,False,-1,False,0.43
independent,0.97,20,se_st2,fit100_cons,25,0.9749906863481517,4609.006948817231,230.45034744086155,0.0,False,-1,False,0.43
independent,0.97,20,se_st2,phi_bias,25,0.9199999999999999,4609.006948817231,230.45034744086155,0.0,False,-1,False,0.42
independent,0.97,20,se_st2,t3,25,0.97,4609.00694881723,230.45034744086155,0.0,False,-1,False,0.44
independent,,20,se_st2,ar7_as_ar1,25,0.7223412363299696,4464.315643659007,170.4351212113131,0.039,True,500,False,0.53
independent,0.9,21,se_st2,known,25,0.9,4909.3191573681825,245.46595786840908,0.0,False,-1,False,0.45
independent,0.9,21,se_st2,fit100,25,0.8677660802470399,4872.115937061201,243.38314893324196,0.0,False,-1,False,0.43
independent,0.9,21,se_st2,fit365,25,0.8932317487364996,4909.3191573681825,245.46595786840908,0.0,False,-1,False,0.44
independent,0.9,21,se_st2,fit100_cons,25,0.9096462374807828,4909.3191573681825,245.46595786840908,0.0,False,-1,False,0.43
independent,0.9,21,se_st2,phi_bias,25,0.85,4909.3191573681825,245.46595786840908,0.0,False,-1,False,0.42
independent,0.9,21,se_st2,t3,25,0.9,4909.319157368182,245.4659578684091,0.0,False,-1,False,0.42
independent,0.97,21,se_st2,known,25,0.97,4909.3191573681825,245.46595786840908,0.0,False,-1,False,0.42
independent,0.97,21,se_st2,fit100,25,0.929117564917415,4872.425537723517,235.23802045888777,0.0004,True,225,False,0.43
independent,0.97,21,se_st2,fit365,25,0.9586335184651326,4909.3191573681825,245.46595786840908,0.0,False,-1,False,0.44
independent,0.97,21,se_st2,fit100_cons,25,0.9554930245995923,4822.690206692198,243.36745813433166,5e-05,True,375,False,0.43
independent,0.97,21,se_st2,phi_bias,25,0.9199999999999999,4909.3191573681825,245.46595786840908,0.0,False,-1,False,0.43
independent,0.97,21,se_st2,t3,25,0.97,4909.319157368182,245.4659578684091,0.0,False,-1,False,0.45
independent,,21,se_st2,ar7_as_ar1,25,0.7346490436147601,687.3236225246078,27.29398721242854,0.03985,True,75,True,0.53
independent,0.9,22,se_st2,known,25,0.9,4592.598446995629,229.6299223497815,0.0,False,-1,False,0.43
independent,0.9,22,se_st2,fit100,25,0.8593265896705393,4592.598446995629,229.6299223497815,0.0,False,-1,False,0.45
independent,0.9,22,se_st2,fit365,25,0.892516898099055,4592.598446995629,229.6299223497815,0.0,False,-1,False,0.44
independent,0.9,22,se_st2,fit100_cons,25,0.8936263660837764,4592.598446995629,229.6299223497815,0.0,False,-1,False,0.42
independent,0.9,22,se_st2,phi_bias,25,0.85,4592.598446995629,229.6299223497815,0.0,False,-1,False,0.44
independent,0.9,22,se_st2,t3,25,0.9,4592.598446995629,229.62992234978148,0.0,False,-1,False,0.43
independent,0.97,22,se_st2,known,25,0.97,4592.598446995629,229.6299223497815,0.0,False,-1,False,0.42
independent,0.97,22,se_st2,fit100,25,0.9253314719251141,4592.598446995629,229.6299223497815,0.0,False,-1,False,0.43
independent,0.97,22,se_st2,fit365,25,0.9628444903735687,4592.598446995629,229.6299223497815,0.0,False,-1,False,0.41
independent,0.97,22,se_st2,fit100_cons,25,0.9456066484254718,4592.598446995629,229.6299223497815,0.0,False,-1,False,0.44
independent,0.97,22,se_st2,phi_bias,25,0.9199999999999999,4592.598446995629,229.6299223497815,0.0,False,-1,False,0.44
independent,0.97,22,se_st2,t3,25,0.97,4592.598446995629,229.62992234978148,0.0,False,-1,False,0.43
independent,,22,se_st2,ar7_as_ar1,25,0.7752673122104811,4534.14258147687,216.3024314671834,0.0,False,-1,False,0.53
independent,0.9,23,se_st2,known,25,0.9,4523.400984760218,226.1700492380109,0.0,False,-1,False,0.42
independent,0.9,23,se_st2,fit100,25,0.851534165478601,4523.400984760218,226.1700492380109,0.0,False,-1,False,0.45
independent,0.9,23,se_st2,fit365,25,0.8770068754273306,4523.400984760218,226.1700492380109,0.0,False,-1,False,0.45
independent,0.9,23,se_st2,fit100_cons,25,0.8821099958952364,4523.400984760218,226.1700492380109,0.0,False,-1,False,0.45
independent,0.9,23,se_st2,phi_bias,25,0.85,4523.400984760218,226.1700492380109,0.0,False,-1,False,0.43
independent,0.9,23,se_st2,t3,25,0.9,4523.400984760217,226.1700492380109,0.0,False,-1,False,0.43
independent,0.97,23,se_st2,known,25,0.97,4523.400984760218,226.1700492380109,0.0,False,-1,False,0.43
independent,0.97,23,se_st2,fit100,25,0.9234348066940495,4141.011673348936,148.39672748719778,0.03895,True,525,False,0.42
independent,0.97,23,se_st2,fit365,25,0.9557452896563396,4523.400984760218,226.1700492380109,0.0,False,-1,False,0.42
independent,0.97,23,se_st2,fit100_cons,25,0.9479597767897848,4523.400984760218,226.1700492380109,0.001,True,525,False,0.43
independent,0.97,23,se_st2,phi_bias,25,0.9199999999999999,4523.400984760218,226.1700492380109,0.0,False,-1,False,0.43
independent,0.97,23,se_st2,t3,25,0.97,4523.400984760217,226.1700492380109,0.0,False,-1,False,0.42
independent,,23,se_st2,ar7_as_ar1,25,0.715087083423602,3175.623917178,127.53445334778414,0.0394,True,300,False,0.51
independent,0.9,24,se_st2,known,25,0.9,4827.81928014294,241.39096400714703,0.0,False,-1,False,0.44
independent,0.9,24,se_st2,fit100,25,0.8709312787231668,4821.368002398404,234.9396862626109,0.0,False,-1,False,0.45
independent,0.9,24,se_st2,fit365,25,0.8894926190838741,4827.81928014294,241.39096400714703,0.0,False,-1,False,0.42
independent,0.9,24,se_st2,fit100_cons,25,0.8940193360452748,4827.81928014294,241.39096400714703,0.0,False,-1,False,0.44
independent,0.9,24,se_st2,phi_bias,25,0.85,4827.81928014294,241.39096400714703,0.0,False,-1,False,0.42
independent,0.9,24,se_st2,t3,25,0.9,4827.8192801429395,241.39096400714703,0.0,False,-1,False,0.44
independent,0.97,24,se_st2,known,25,0.97,4827.81928014294,241.39096400714703,0.0,False,-1,False,0.44
independent,0.97,24,se_st2,fit100,25,0.9407210685379457,4827.81928014294,241.39096400714703,0.0,False,-1,False,0.72
independent,0.97,24,se_st2,fit365,25,0.9605412688706879,4827.81928014294,241.39096400714703,0.0,False,-1,False,0.57
independent,0.97,24,se_st2,fit100_cons,25,0.9589125463525044,4827.81928014294,241.39096400714703,0.0,False,-1,False,0.58
independent,0.97,24,se_st2,phi_bias,25,0.9199999999999999,4827.81928014294,241.39096400714703,0.0,False,-1,False,0.42
independent,0.97,24,se_st2,t3,25,0.97,4827.8192801429395,241.39096400714703,0.0,False,-1,False,0.44
independent,,24,se_st2,ar7_as_ar1,25,0.7514565420997107,4429.071090807218,208.06875987679842,0.0385,True,750,False,0.81
independent,0.9,25,se_st2,known,25,0.9,4867.581197042877,243.37905985214383,0.0,False,-1,False,0.53
independent,0.9,25,se_st2,fit100,25,0.8568276976847159,4867.581197042877,243.37905985214383,0.0,False,-1,False,0.47
independent,0.9,25,se_st2,fit365,25,0.8960665208329003,4867.581197042877,243.37905985214383,0.0,False,-1,False,0.47
independent,0.9,25,se_st2,fit100_cons,25,0.8883528652933916,4867.581197042877,243.37905985214383,0.0,False,-1,False,0.45
independent,0.9,25,se_st2,phi_bias,25,0.85,4867.581197042877,243.37905985214383,0.0,False,-1,False,0.45
independent,0.9,25,se_st2,t3,25,0.9,4867.581197042876,243.37905985214383,0.0,False,-1,False,0.45
independent,0.97,25,se_st2,known,25,0.97,4867.581197042877,243.37905985214383,0.0,False,-1,False,0.42
independent,0.97,25,se_st2,fit100,25,0.9341612453330889,4845.99938529576,242.2762243443185,0.03735,True,1325,False,0.4
independent,0.97,25,se_st2,fit365,25,0.9643651348650106,4867.581197042877,243.37905985214383,0.0,False,-1,False,0.44
independent,0.97,25,se_st2,fit100_cons,25,0.9541439425726469,4867.581197042877,243.37905985214383,0.002,True,1825,False,0.4
independent,0.97,25,se_st2,phi_bias,25,0.9199999999999999,4867.581197042877,243.37905985214383,0.0,False,-1,False,0.42
independent,0.97,25,se_st2,t3,25,0.97,4867.581197042876,243.37905985214383,0.0,False,-1,False,0.47
independent,,25,se_st2,ar7_as_ar1,25,0.7738685274647515,4592.711648584678,172.34655601603004,0.03835,True,275,False,0.56
independent,0.9,26,se_st2,known,25,0.9,4765.0405879053405,238.25202939526702,0.0,False,-1,False,0.44
independent,0.9,26,se_st2,fit100,25,0.8636329758053078,4765.0405879053405,238.25202939526702,0.0,False,-1,False,0.48
independent,0.9,26,se_st2,fit365,25,0.8870692963169144,4765.0405879053405,238.25202939526702,0.0,False,-1,False,0.44
independent,0.9,26,se_st2,fit100_cons,25,0.8921731065879435,4765.0405879053405,238.25202939526702,0.0,False,-1,False,0.47
independent,0.9,26,se_st2,phi_bias,25,0.85,4765.0405879053405,238.25202939526702,0.0,False,-1,False,0.47
independent,0.9,26,se_st2,t3,25,0.9,4765.04058790534,238.25202939526702,0.0,False,-1,False,0.44
independent,0.97,26,se_st2,known,25,0.97,4765.0405879053405,238.25202939526702,0.0,False,-1,False,0.52
independent,0.97,26,se_st2,fit100,25,0.9355686177656543,4765.0405879053405,238.25202939526702,0.0,False,-1,False,0.43
independent,0.97,26,se_st2,fit365,25,0.9585292839341476,4765.0405879053405,238.25202939526702,0.0,False,-1,False,0.4
independent,0.97,26,se_st2,fit100_cons,25,0.960438505462422,4765.0405879053405,238.25202939526702,0.0,False,-1,False,0.44
independent,0.97,26,se_st2,phi_bias,25,0.9199999999999999,4765.0405879053405,238.25202939526702,0.0,False,-1,False,0.45
independent,0.97,26,se_st2,t3,25,0.97,4765.04058790534,238.25202939526702,0.0,False,-1,False,0.43
independent,,26,se_st2,ar7_as_ar1,25,0.7637452520877559,4762.3537002818175,235.56514177174355,0.0,False,-1,False,0.52
independent,0.9,27,se_st2,known,25,0.9,4765.256190541268,238.26280952706338,0.0,False,-1,False,0.46
independent,0.9,27,se_st2,fit100,25,0.8920183027645736,4765.256190541268,238.26280952706338,0.0,False,-1,False,0.41
independent,0.9,27,se_st2,fit365,25,0.8938795137073429,4765.256190541268,238.26280952706338,0.0,False,-1,False,0.44
independent,0.9,27,se_st2,fit100_cons,25,0.9124057358303407,4765.256190541268,238.26280952706338,0.0,False,-1,False,0.41
independent,0.9,27,se_st2,phi_bias,25,0.85,4765.256190541268,238.26280952706338,0.0,False,-1,False,0.43
independent,0.9,27,se_st2,t3,25,0.9,4765.256190541268,238.26280952706338,0.0,False,-1,False,0.44
independent,0.97,27,se_st2,known,25,0.97,4765.256190541268,238.26280952706338,0.0,False,-1,False,0.45
independent,0.97,27,se_st2,fit100,25,0.9449166940714303,4765.256190541268,238.26280952706338,0.0,False,-1,False,0.46
independent,0.97,27,se_st2,fit365,25,0.9635998517381379,4765.256190541268,238.26280952706338,0.0,False,-1,False,0.44
independent,0.97,27,se_st2,fit100_cons,25,0.9557886474343713,4765.256190541268,238.26280952706338,0.0,False,-1,False,0.41
independent,0.97,27,se_st2,phi_bias,25,0.9199999999999999,4765.256190541268,238.26280952706338,0.0,False,-1,False,0.44
independent,0.97,27,se_st2,t3,25,0.97,4765.256190541268,238.26280952706338,0.0,False,-1,False,0.46
independent,,27,se_st2,ar7_as_ar1,25,0.7812664829747393,4765.256190541268,238.26280952706338,0.001,True,100,False,0.51
independent,0.9,28,se_st2,known,25,0.9,4642.203265688479,232.11016328442398,0.0,False,-1,False,0.43
independent,0.9,28,se_st2,fit100,25,0.8747144477349899,4642.203265688479,232.11016328442398,0.0,False,-1,False,0.44
independent,0.9,28,se_st2,fit365,25,0.8821076087114509,4642.203265688479,232.11016328442398,0.0,False,-1,False,0.45
independent,0.9,28,se_st2,fit100_cons,25,0.8967523292223853,4642.203265688479,232.11016328442398,0.0,False,-1,False,0.45
independent,0.9,28,se_st2,phi_bias,25,0.85,4642.203265688479,232.11016328442398,0.0,False,-1,False,0.39
independent,0.9,28,se_st2,t3,25,0.9,4642.20326568848,232.11016328442395,0.0,False,-1,False,0.46
independent,0.97,28,se_st2,known,25,0.97,4642.203265688479,232.11016328442398,0.0,False,-1,False,0.43
independent,0.97,28,se_st2,fit100,25,0.9463078925482208,4642.203265688479,232.11016328442398,0.0,False,-1,False,0.43
independent,0.97,28,se_st2,fit365,25,0.9568516866512453,4642.203265688479,232.11016328442398,0.0,False,-1,False,0.47
independent,0.97,28,se_st2,fit100_cons,25,0.9575467981965574,4642.203265688479,232.11016328442398,0.0,False,-1,False,0.43
independent,0.97,28,se_st2,phi_bias,25,0.9199999999999999,4642.203265688479,232.11016328442398,0.0,False,-1,False,0.45
independent,0.97,28,se_st2,t3,25,0.97,4642.20326568848,232.11016328442395,0.0,False,-1,False,0.44
independent,,28,se_st2,ar7_as_ar1,25,0.7535028450904264,4713.397676138916,242.55016899353842,0.03765,True,1175,False,0.51
independent,0.9,29,se_st2,known,25,0.9,4840.905134658913,242.04525673294563,0.0,False,-1,False,0.46
independent,0.9,29,se_st2,fit100,25,0.8844784161749494,4840.905134658913,242.04525673294563,0.0,False,-1,False,0.41
independent,0.9,29,se_st2,fit365,25,0.9014313103986852,4840.905134658913,242.04525673294563,0.0,False,-1,False,0.44
independent,0.9,29,se_st2,fit100_cons,25,0.9042606483721666,4840.905134658913,242.04525673294563,0.0,False,-1,False,0.41
independent,0.9,29,se_st2,phi_bias,25,0.85,4840.905134658913,242.04525673294563,0.0,False,-1,False,0.43
independent,0.9,29,se_st2,t3,25,0.9,4840.905134658913,242.04525673294563,0.0,False,-1,False,0.42
independent,0.97,29,se_st2,known,25,0.97,4840.905134658913,242.04525673294563,0.0,False,-1,False,0.48
independent,0.97,29,se_st2,fit100,25,0.9407870732300723,4840.905134658913,242.04525673294563,0.0,False,-1,False,0.43
independent,0.97,29,se_st2,fit365,25,0.966226707000951,4840.905134658913,242.04525673294563,0.0,False,-1,False,0.45
independent,0.97,29,se_st2,fit100_cons,25,0.9598035518938446,4840.905134658913,242.04525673294563,0.0,False,-1,False,0.43
independent,0.97,29,se_st2,phi_bias,25,0.9199999999999999,4840.905134658913,242.04525673294563,0.0,False,-1,False,0.42
independent,0.97,29,se_st2,t3,25,0.97,4840.905134658913,242.04525673294563,0.0,False,-1,False,0.45
independent,,29,se_st2,ar7_as_ar1,25,0.7816540471262008,4792.603437936975,219.74325364364745,0.001,True,3700,False,0.56
correlated,0.9,0,se_st2,known,25,0.9,4574.17771055283,228.70888552764148,0.0,False,-1,False,0.43
correlated,0.9,0,se_st2,fit100,25,0.8486941589378987,4574.17771055283,228.70888552764148,0.0,False,-1,False,0.44
correlated,0.9,0,se_st2,fit365,25,0.8952627218456125,4574.17771055283,228.70888552764148,0.0,False,-1,False,0.4
correlated,0.9,0,se_st2,fit100_cons,25,0.8721507383336035,4574.17771055283,228.70888552764148,0.0,False,-1,False,0.42
correlated,0.9,0,se_st2,phi_bias,25,0.85,4574.17771055283,228.70888552764148,0.0,False,-1,False,0.42
correlated,0.9,0,se_st2,ignore_corr,25,0.9,4574.17771055283,228.70888552764148,0.0,False,-1,False,0.46
correlated,0.9,0,se_st2,t3,25,0.9,4574.17771055283,228.7088855276415,0.0,False,-1,False,0.45
correlated,0.97,0,se_st2,known,25,0.97,4574.17771055283,228.70888552764148,0.0,False,-1,False,0.43
correlated,0.97,0,se_st2,fit100,25,0.9215384843178731,3411.7945455734825,139.9620082344449,0.0,False,-1,False,0.47
correlated,0.97,0,se_st2,fit365,25,0.961692896100716,4574.17771055283,228.70888552764148,0.0,False,-1,False,0.45
correlated,0.97,0,se_st2,fit100_cons,25,0.9369069048346622,4574.17771055283,228.70888552764148,0.0,False,-1,False,0.46
correlated,0.97,0,se_st2,phi_bias,25,0.9199999999999999,4574.17771055283,228.70888552764148,0.0,False,-1,False,0.44
correlated,0.97,0,se_st2,ignore_corr,25,0.97,4574.17771055283,228.70888552764148,0.0,False,-1,False,0.45
correlated,0.97,0,se_st2,t3,25,0.97,4574.17771055283,228.7088855276415,0.0,False,-1,False,0.48
correlated,,0,se_st2,ar7_as_ar1,25,0.7406168788430061,1814.6536711525637,35.60890580397581,0.03285,True,275,False,0.53
correlated,0.9,1,se_st2,known,25,0.9,4961.322444293428,248.0661222146714,0.0,False,-1,False,0.42
correlated,0.9,1,se_st2,fit100,25,0.8585461433940145,4961.322444293428,248.0661222146714,0.0,False,-1,False,0.42
correlated,0.9,1,se_st2,fit365,25,0.8901178004683566,4961.322444293428,248.0661222146714,0.0,False,-1,False,0.44
correlated,0.9,1,se_st2,fit100_cons,25,0.8732572910231399,4961.322444293428,248.0661222146714,0.0,False,-1,False,0.48
correlated,0.9,1,se_st2,phi_bias,25,0.85,4961.322444293428,248.0661222146714,0.0,False,-1,False,0.5
correlated,0.9,1,se_st2,ignore_corr,25,0.9,4961.322444293428,248.0661222146714,0.0,False,-1,False,0.5
correlated,0.9,1,se_st2,t3,25,0.9,4961.322444293428,248.0661222146714,0.0,False,-1,False,0.47
correlated,0.97,1,se_st2,known,25,0.97,4961.322444293428,248.0661222146714,0.0,False,-1,False,0.42
correlated,0.97,1,se_st2,fit100,25,0.9312361684385058,4961.322444293428,248.0661222146714,0.001,True,25,False,0.45
correlated,0.97,1,se_st2,fit365,25,0.9635398499787553,4961.322444293428,248.0661222146714,0.0,False,-1,False,0.44
correlated,0.97,1,se_st2,fit100_cons,25,0.9443844838096951,4961.322444293428,248.0661222146714,0.0,False,-1,False,0.42
correlated,0.97,1,se_st2,phi_bias,25,0.9199999999999999,4961.322444293428,248.0661222146714,0.0,False,-1,False,0.46
correlated,0.97,1,se_st2,ignore_corr,25,0.97,4961.322444293428,248.0661222146714,0.0,False,-1,False,0.42
correlated,0.97,1,se_st2,t3,25,0.97,4961.322444293428,248.0661222146714,0.0,False,-1,False,0.42
correlated,,1,se_st2,ar7_as_ar1,25,0.7945665342483509,4394.664043160769,126.41527282485504,0.002,True,25,False,0.5
correlated,0.9,2,se_st2,known,25,0.9,4633.579834021658,231.67899170108288,0.0,False,-1,False,0.47
correlated,0.9,2,se_st2,fit100,25,0.8544405088868595,4574.386698595105,217.05419789299643,0.00095,True,13400,False,0.45
correlated,0.9,2,se_st2,fit365,25,0.9092624127674834,4633.579834021658,231.67899170108288,0.0,False,-1,False,0.45
correlated,0.9,2,se_st2,fit100_cons,25,0.8789853656848915,4581.399420544744,222.13636584668532,0.0,False,-1,False,0.49
correlated,0.9,2,se_st2,phi_bias,25,0.85,4581.399420544744,222.13636584668532,0.0,False,-1,False,0.42
correlated,0.9,2,se_st2,ignore_corr,25,0.9,4633.579834021658,231.67899170108288,0.0,False,-1,False,0.45
correlated,0.9,2,se_st2,t3,25,0.9,4633.579834021658,231.6789917010829,0.0,False,-1,False,0.46
correlated,0.97,2,se_st2,known,25,0.97,4633.579834021658,231.67899170108288,0.0,False,-1,False,0.52
correlated,0.97,2,se_st2,fit100,25,0.9387016196507204,4612.764296187813,219.78016456473352,0.001,True,16425,False,0.46
correlated,0.97,2,se_st2,fit365,25,0.9714592144788665,4633.579834021658,231.67899170108288,0.0,False,-1,False,0.48
correlated,0.97,2,se_st2,fit100_cons,25,0.9516139589357203,4633.579834021658,231.67899170108288,0.0,False,-1,False,0.47
correlated,0.97,2,se_st2,phi_bias,25,0.9199999999999999,4633.579834021658,231.67899170108288,0.0,False,-1,False,0.46
correlated,0.97,2,se_st2,ignore_corr,25,0.97,4633.579834021658,231.67899170108288,0.0,False,-1,False,0.49
correlated,0.97,2,se_st2,t3,25,0.97,4633.579834021658,231.6789917010829,0.0,False,-1,False,0.44
correlated,,2,se_st2,ar7_as_ar1,25,0.8147703466788931,4465.064610765928,212.59482645993194,0.0,False,-1,False,0.53
correlated,0.9,3,se_st2,known,25,0.9,4575.052196986678,228.75260984933385,0.0,False,-1,False,0.46
correlated,0.9,3,se_st2,fit100,25,0.881348979918051,4575.052196986678,228.75260984933385,0.0,False,-1,False,0.51
correlated,0.9,3,se_st2,fit365,25,0.9039007348211099,4575.052196986678,228.75260984933385,0.0,False,-1,False,0.41
correlated,0.9,3,se_st2,fit100_cons,25,0.9111977944535955,4575.052196986678,228.75260984933385,0.0,False,-1,False,0.43
correlated,0.9,3,se_st2,phi_bias,25,0.85,4575.052196986678,228.75260984933385,0.0,False,-1,False,0.41
correlated,0.9,3,se_st2,ignore_corr,25,0.9,4575.052196986678,228.75260984933385,0.0,False,-1,False,0.43
correlated,0.9,3,se_st2,t3,25,0.9,4575.052196986678,228.7526098493339,0.0,False,-1,False,0.42
correlated,0.97,3,se_st2,known,25,0.97,4575.052196986678,228.75260984933385,0.0,False,-1,False,0.45
correlated,0.97,3,se_st2,fit100,25,0.9374250971138716,4443.35162024358,223.19816456920972,0.0,False,-1,False,0.45
correlated,0.97,3,se_st2,fit365,25,0.9656316801940837,4575.052196986678,228.75260984933385,0.0,False,-1,False,0.47
correlated,0.97,3,se_st2,fit100_cons,25,0.9516454956405362,4575.052196986678,228.75260984933385,0.0,False,-1,False,0.46
correlated,0.97,3,se_st2,phi_bias,25,0.9199999999999999,4575.052196986678,228.75260984933385,0.0,False,-1,False,0.43
correlated,0.97,3,se_st2,ignore_corr,25,0.97,4575.052196986678,228.75260984933385,0.0,False,-1,False,0.45
correlated,0.97,3,se_st2,t3,25,0.97,4575.052196986678,228.7526098493339,0.0,False,-1,False,0.46
correlated,,3,se_st2,ar7_as_ar1,25,0.772324879352191,3713.521099281799,181.3336000212574,0.0,False,-1,False,0.59
correlated,0.9,4,se_st2,known,25,0.9,4820.848276445138,241.0424138222569,0.0,False,-1,False,0.44
correlated,0.9,4,se_st2,fit100,25,0.8759218381042485,4820.848276445138,241.0424138222569,0.0,False,-1,False,0.45
correlated,0.9,4,se_st2,fit365,25,0.8998953176001865,4820.848276445138,241.0424138222569,0.0,False,-1,False,0.5
correlated,0.9,4,se_st2,fit100_cons,25,0.9003256997823833,4820.848276445138,241.0424138222569,0.0,False,-1,False,0.45
correlated,0.9,4,se_st2,phi_bias,25,0.85,4820.848276445138,241.0424138222569,0.0,False,-1,False,0.43
correlated,0.9,4,se_st2,ignore_corr,25,0.9,4820.848276445138,241.0424138222569,0.0,False,-1,False,0.43
correlated,0.9,4,se_st2,t3,25,0.9,4820.848276445138,241.0424138222569,0.0,False,-1,False,0.46
correlated,0.97,4,se_st2,known,25,0.97,4820.848276445138,241.0424138222569,0.0,False,-1,False,0.48
correlated,0.97,4,se_st2,fit100,25,0.9552128036079486,4820.848276445138,241.0424138222569,0.0,False,-1,False,0.45
correlated,0.97,4,se_st2,fit365,25,0.9670701381387437,4820.848276445138,241.0424138222569,0.0,False,-1,False,0.44
correlated,0.97,4,se_st2,fit100_cons,25,0.9680842546059781,4820.848276445138,241.0424138222569,0.0,False,-1,False,0.43
correlated,0.97,4,se_st2,phi_bias,25,0.9199999999999999,4820.848276445138,241.0424138222569,0.0,False,-1,False,0.47
correlated,0.97,4,se_st2,ignore_corr,25,0.97,4820.848276445138,241.0424138222569,0.0,False,-1,False,0.44
correlated,0.97,4,se_st2,t3,25,0.97,4820.848276445138,241.0424138222569,0.0,False,-1,False,0.47
correlated,,4,se_st2,ar7_as_ar1,25,0.7800744020563865,3704.3276301962305,133.0655863102536,0.007,True,400,False,0.58
correlated,0.9,5,se_st2,known,25,0.9,4550.872781418651,227.5436390709326,0.0,False,-1,False,0.42
correlated,0.9,5,se_st2,fit100,25,0.8473871277256922,4550.872781418651,227.5436390709326,0.0,False,-1,False,0.44
correlated,0.9,5,se_st2,fit365,25,0.8891161885059738,4550.872781418651,227.5436390709326,0.0,False,-1,False,0.45
correlated,0.9,5,se_st2,fit100_cons,25,0.8703894925439623,4550.872781418651,227.5436390709326,0.0,False,-1,False,0.43
correlated,0.9,5,se_st2,phi_bias,25,0.85,4550.872781418651,227.5436390709326,0.0,False,-1,False,0.44
correlated,0.9,5,se_st2,ignore_corr,25,0.9,4550.872781418651,227.5436390709326,0.0,False,-1,False,0.43
correlated,0.9,5,se_st2,t3,25,0.9,4550.872781418651,227.54363907093258,0.0,False,-1,False,0.44
correlated,0.97,5,se_st2,known,25,0.97,4550.872781418651,227.5436390709326,0.0,False,-1,False,0.45
correlated,0.97,5,se_st2,fit100,25,0.9235544457348269,4548.117915026599,224.78877267887984,0.0,False,-1,False,0.47
correlated,0.97,5,se_st2,fit365,25,0.9619568354086523,4550.872781418651,227.5436390709326,0.0,False,-1,False,0.48
correlated,0.97,5,se_st2,fit100_cons,25,0.9397072542481416,4548.117915026599,224.78877267887984,0.0,False,-1,False,0.48
correlated,0.97,5,se_st2,phi_bias,25,0.9199999999999999,4550.872781418651,227.5436390709326,0.0,False,-1,False,0.44
correlated,0.97,5,se_st2,ignore_corr,25,0.97,4550.872781418651,227.5436390709326,0.0,False,-1,False,0.42
correlated,0.97,5,se_st2,t3,25,0.97,4550.872781418651,227.54363907093258,0.0,False,-1,False,0.43
correlated,,5,se_st2,ar7_as_ar1,25,0.7688332024117122,4178.781681283341,188.35163686509293,0.0,False,-1,False,0.5
correlated,0.9,6,se_st2,known,25,0.9,4622.176053135585,231.10880265677923,0.0,False,-1,False,0.44
correlated,0.9,6,se_st2,fit100,25,0.8472737419772096,4622.176053135585,231.10880265677923,0.0,False,-1,False,0.43
correlated,0.9,6,se_st2,fit365,25,0.8958996241308422,4622.176053135585,231.10880265677923,0.0,False,-1,False,0.41
correlated,0.9,6,se_st2,fit100_cons,25,0.8677289156478181,4622.176053135585,231.10880265677923,0.0,False,-1,False,0.44
correlated,0.9,6,se_st2,phi_bias,25,0.85,4622.176053135585,231.10880265677923,0.0,False,-1,False,0.47
correlated,0.9,6,se_st2,ignore_corr,25,0.9,4622.176053135585,231.10880265677923,0.0,False,-1,False,0.46
correlated,0.9,6,se_st2,t3,25,0.9,4622.176053135585,231.10880265677923,0.0,False,-1,False,0.45
correlated,0.97,6,se_st2,known,25,0.97,4622.176053135585,231.10880265677923,0.0,False,-1,False,0.46
correlated,0.97,6,se_st2,fit100,25,0.9265593470593625,4622.176053135585,231.10880265677923,0.003,True,125,False,0.42
correlated,0.97,6,se_st2,fit365,25,0.9664053324230453,4622.176053135585,231.10880265677923,0.0,False,-1,False,0.43
correlated,0.97,6,se_st2,fit100_cons,25,0.9532314140388732,4622.176053135585,231.10880265677923,0.0,False,-1,False,0.39
correlated,0.97,6,se_st2,phi_bias,25,0.9199999999999999,4622.176053135585,231.10880265677923,0.0,False,-1,False,0.46
correlated,0.97,6,se_st2,ignore_corr,25,0.97,4622.176053135585,231.10880265677923,0.0,False,-1,False,0.48
correlated,0.97,6,se_st2,t3,25,0.97,4622.176053135585,231.10880265677923,0.0,False,-1,False,0.43
correlated,,6,se_st2,ar7_as_ar1,25,0.7872106102940158,5030.7299390289145,250.09938403021644,0.03975,True,125,True,0.54
correlated,0.9,7,se_st2,known,25,0.9,4682.6388744313645,234.13194372156818,0.0,False,-1,False,0.44
correlated,0.9,7,se_st2,fit100,25,0.8668513260022052,4682.6388744313645,234.13194372156818,0.0,False,-1,False,0.47
correlated,0.9,7,se_st2,fit365,25,0.8919294402189683,4682.6388744313645,234.13194372156818,0.0,False,-1,False,0.47
correlated,0.9,7,se_st2,fit100_cons,25,0.888378387136985,4682.6388744313645,234.13194372156818,0.0,False,-1,False,0.45
correlated,0.9,7,se_st2,phi_bias,25,0.85,4682.6388744313645,234.13194372156818,0.0,False,-1,False,0.46
correlated,0.9,7,se_st2,ignore_corr,25,0.9,4682.6388744313645,234.13194372156818,0.0,False,-1,False,0.44
correlated,0.9,7,se_st2,t3,25,0.9,4682.638874431364,234.13194372156818,0.0,False,-1,False,0.45
correlated,0.97,7,se_st2,known,25,0.97,4682.6388744313645,234.13194372156818,0.0,False,-1,False,0.45
correlated,0.97,7,se_st2,fit100,25,0.9303360146743209,4617.817022077841,225.97644748367094,0.0,False,-1,False,0.43
correlated,0.97,7,se_st2,fit365,25,0.9595301824181622,4682.6388744313645,234.13194372156818,0.0,False,-1,False,0.44
correlated,0.97,7,se_st2,fit100_cons,25,0.9480303664949185,4682.6388744313645,234.13194372156818,0.0,False,-1,False,0.45
correlated,0.97,7,se_st2,phi_bias,25,0.9199999999999999,4682.6388744313645,234.13194372156818,0.0,False,-1,False,0.44
correlated,0.97,7,se_st2,ignore_corr,25,0.97,4682.6388744313645,234.13194372156818,0.0,False,-1,False,0.45
correlated,0.97,7,se_st2,t3,25,0.97,4682.638874431364,234.13194372156818,0.0,False,-1,False,0.44
correlated,,7,se_st2,ar7_as_ar1,25,0.7446621306813576,969.40479300262,31.945877688504567,0.0,False,-1,False,0.55
correlated,0.9,8,se_st2,known,25,0.9,4627.974027605682,231.3987013802841,0.0,False,-1,False,0.46
correlated,0.9,8,se_st2,fit100,25,0.8659017064130505,4627.974027605682,231.3987013802841,0.0,False,-1,False,0.47
correlated,0.9,8,se_st2,fit365,25,0.8850796720558105,4627.974027605682,231.3987013802841,0.0,False,-1,False,0.43
correlated,0.9,8,se_st2,fit100_cons,25,0.8981923767746772,4627.974027605682,231.3987013802841,0.0,False,-1,False,0.41
correlated,0.9,8,se_st2,phi_bias,25,0.85,4627.974027605682,231.3987013802841,0.0,False,-1,False,0.47
correlated,0.9,8,se_st2,ignore_corr,25,0.9,4627.974027605682,231.3987013802841,0.0,False,-1,False,0.44
correlated,0.9,8,se_st2,t3,25,0.9,4627.974027605682,231.39870138028408,0.0,False,-1,False,0.46
correlated,0.97,8,se_st2,known,25,0.97,4627.974027605682,231.3987013802841,0.0,False,-1,False,0.45
correlated,0.97,8,se_st2,fit100,25,0.9381312527041032,4627.974027605682,231.3987013802841,0.0,False,-1,False,0.43
correlated,0.97,8,se_st2,fit365,25,0.9616633793801169,4627.974027605682,231.3987013802841,0.0,False,-1,False,0.42
correlated,0.97,8,se_st2,fit100_cons,25,0.9554310865158477,4627.974027605682,231.3987013802841,0.0,False,-1,False,0.45
correlated,0.97,8,se_st2,phi_bias,25,0.9199999999999999,4627.974027605682,231.3987013802841,0.0,False,-1,False,0.48
correlated,0.97,8,se_st2,ignore_corr,25,0.97,4627.974027605682,231.3987013802841,0.0,False,-1,False,0.46
correlated,0.97,8,se_st2,t3,25,0.97,4627.974027605682,231.39870138028408,0.0,False,-1,False,0.45
correlated,,8,se_st2,ar7_as_ar1,25,0.7708648594160817,3237.325023521925,140.1632275509927,0.0374,True,625,False,0.53
correlated,0.9,9,se_st2,known,25,0.9,4738.346604209582,236.91733021047912,0.0,False,-1,False,0.43
correlated,0.9,9,se_st2,fit100,25,0.8673953158666914,4738.346604209582,236.91733021047912,0.0,False,-1,False,0.45
correlated,0.9,9,se_st2,fit365,25,0.8838551798821742,4738.346604209582,236.91733021047912,0.0,False,-1,False,0.44
correlated,0.9,9,se_st2,fit100_cons,25,0.896174478800243,4738.346604209582,236.91733021047912,0.0,False,-1,False,0.45
correlated,0.9,9,se_st2,phi_bias,25,0.85,4738.346604209582,236.91733021047912,0.0,False,-1,False,0.46
correlated,0.9,9,se_st2,ignore_corr,25,0.9,4738.346604209582,236.91733021047912,0.0,False,-1,False,0.47
correlated,0.9,9,se_st2,t3,25,0.9,4738.346604209582,236.91733021047915,0.0,False,-1,False,0.44
correlated,0.97,9,se_st2,known,25,0.97,4738.346604209582,236.91733021047912,0.0,False,-1,False,0.47
correlated,0.97,9,se_st2,fit100,25,0.9234918527674185,4717.877821281112,232.5585771995718,0.0019,True,15975,False,0.46
correlated,0.97,9,se_st2,fit365,25,0.9595489030855501,4738.346604209582,236.91733021047912,0.0,False,-1,False,0.47
correlated,0.97,9,se_st2,fit100_cons,25,0.9412270175215717,4732.754461766178,230.0831075615199,0.0,False,-1,False,0.45
correlated,0.97,9,se_st2,phi_bias,25,0.9199999999999999,4738.346604209582,236.91733021047912,0.0,False,-1,False,0.47
correlated,0.97,9,se_st2,ignore_corr,25,0.97,4738.346604209582,236.91733021047912,0.0,False,-1,False,0.42
correlated,0.97,9,se_st2,t3,25,0.97,4738.346604209582,236.91733021047915,0.0,False,-1,False,0.44
correlated,,9,se_st2,ar7_as_ar1,25,0.7503082479846424,4552.202419696122,175.40237707423583,0.00095,True,12575,False,0.54
correlated,0.9,10,se_st2,known,25,0.9,4701.186338732239,235.059316936612,0.0,False,-1,False,0.45
correlated,0.9,10,se_st2,fit100,25,0.8635214976848953,4701.186338732239,235.059316936612,0.0,False,-1,False,0.45
correlated,0.9,10,se_st2,fit365,25,0.8794724823498793,4701.186338732239,235.059316936612,0.0,False,-1,False,0.46
correlated,0.9,10,se_st2,fit100_cons,25,0.8909874492649217,4701.186338732239,235.059316936612,0.0,False,-1,False,0.45
correlated,0.9,10,se_st2,phi_bias,25,0.85,4701.186338732239,235.059316936612,0.0,False,-1,False,0.43
correlated,0.9,10,se_st2,ignore_corr,25,0.9,4701.186338732239,235.059316936612,0.0,False,-1,False,0.45
correlated,0.9,10,se_st2,t3,25,0.9,4701.186338732239,235.05931693661194,0.0,False,-1,False,0.47
correlated,0.97,10,se_st2,known,25,0.97,4701.186338732239,235.059316936612,0.0,False,-1,False,0.46
correlated,0.97,10,se_st2,fit100,25,0.9351677572713419,4701.186338732239,235.059316936612,0.001,True,150,False,0.41
correlated,0.97,10,se_st2,fit365,25,0.958949602368913,4701.186338732239,235.059316936612,0.0,False,-1,False,0.45
correlated,0.97,10,se_st2,fit100_cons,25,0.952696709125052,4701.186338732239,235.059316936612,0.001,True,150,False,0.42
correlated,0.97,10,se_st2,phi_bias,25,0.9199999999999999,4701.186338732239,235.059316936612,0.0,False,-1,False,0.48
correlated,0.97,10,se_st2,ignore_corr,25,0.97,4701.186338732239,235.059316936612,0.0,False,-1,False,0.46
correlated,0.97,10,se_st2,t3,25,0.97,4701.186338732239,235.05931693661194,0.0,False,-1,False,0.46
correlated,,10,se_st2,ar7_as_ar1,25,0.7801017379661084,4380.701810875155,182.76615917151528,0.001,True,150,False,0.53
correlated,0.9,11,se_st2,known,25,0.9,4572.958498755554,228.64792493777767,0.0,False,-1,False,0.47
correlated,0.9,11,se_st2,fit100,25,0.8919174786982651,4572.958498755554,228.64792493777767,0.0,False,-1,False,0.46
correlated,0.9,11,se_st2,fit365,25,0.8975641242193507,4572.958498755554,228.64792493777767,0.0,False,-1,False,0.45
correlated,0.9,11,se_st2,fit100_cons,25,0.915762238631764,4572.958498755554,228.64792493777767,0.0,False,-1,False,0.44
correlated,0.9,11,se_st2,phi_bias,25,0.85,4572.958498755554,228.64792493777767,0.0,False,-1,False,0.45
correlated,0.9,11,se_st2,ignore_corr,25,0.9,4572.958498755554,228.64792493777767,0.0,False,-1,False,0.48
correlated,0.9,11,se_st2,t3,25,0.9,4572.958498755554,228.64792493777765,0.00715,True,16425,False,0.45
correlated,0.97,11,se_st2,known,25,0.97,4572.958498755554,228.64792493777767,0.0,False,-1,False,0.43
correlated,0.97,11,se_st2,fit100,25,0.9446130015972907,4572.958498755554,228.64792493777767,0.0,False,-1,False,0.43
correlated,0.97,11,se_st2,fit365,25,0.9638440220621843,4572.958498755554,228.64792493777767,0.0,False,-1,False,0.45
correlated,0.97,11,se_st2,fit100_cons,25,0.9646034939153035,4572.958498755554,228.64792493777767,0.0,False,-1,False,0.44
correlated,0.97,11,se_st2,phi_bias,25,0.9199999999999999,4572.958498755554,228.64792493777767,0.0,False,-1,False,0.49
correlated,0.97,11,se_st2,ignore_corr,25,0.97,4572.958498755554,228.64792493777767,0.0,False,-1,False,0.47
correlated,0.97,11,se_st2,t3,25,0.97,4572.958498755554,228.64792493777765,0.0,False,-1,False,0.48
correlated,,11,se_st2,ar7_as_ar1,25,0.7705615917696993,3951.881538011711,140.55500208457465,0.001,True,175,False,0.53
correlated,0.9,12,se_st2,known,25,0.9,4823.700903417437,241.18504517087183,0.0,False,-1,False,0.48
correlated,0.9,12,se_st2,fit100,25,0.8732336632896506,4823.700903417437,241.18504517087183,0.0,False,-1,False,0.53
correlated,0.9,12,se_st2,fit365,25,0.8837769523523181,4823.700903417437,241.18504517087183,0.0,False,-1,False,0.45
correlated,0.9,12,se_st2,fit100_cons,25,0.8946825433508873,4823.700903417437,241.18504517087183,0.0,False,-1,False,0.46
correlated,0.9,12,se_st2,phi_bias,25,0.85,4823.700903417437,241.18504517087183,0.0,False,-1,False,0.45
correlated,0.9,12,se_st2,ignore_corr,25,0.9,4823.700903417437,241.18504517087183,0.0,False,-1,False,0.48
correlated,0.9,12,se_st2,t3,25,0.9,4823.700903417437,241.18504517087186,0.0,False,-1,False,0.47
correlated,0.97,12,se_st2,known,25,0.97,4823.700903417437,241.18504517087183,0.0,False,-1,False,0.43
correlated,0.97,12,se_st2,fit100,25,0.9339560301007355,4813.529820365566,232.28934807721689,0.0,False,-1,False,0.43
correlated,0.97,12,se_st2,fit365,25,0.9605512718683346,4823.700903417437,241.18504517087183,0.0,False,-1,False,0.45
correlated,0.97,12,se_st2,fit100_cons,25,0.9523186381980968,4823.700903417437,241.18504517087183,0.0,False,-1,False,0.46
correlated,0.97,12,se_st2,phi_bias,25,0.9199999999999999,4823.700903417437,241.18504517087183,0.0,False,-1,False,0.41
correlated,0.97,12,se_st2,ignore_corr,25,0.97,4823.700903417437,241.18504517087183,0.0,False,-1,False,0.43
correlated,0.97,12,se_st2,t3,25,0.97,4823.700903417437,241.18504517087186,0.0,False,-1,False,0.44
correlated,,12,se_st2,ar7_as_ar1,25,0.7877810473950997,4442.322109477479,210.39919381139964,0.0,False,-1,False,0.55
correlated,0.9,13,se_st2,known,25,0.9,4891.529372884428,244.57646864422145,0.0,False,-1,False,0.47
correlated,0.9,13,se_st2,fit100,25,0.8791967982508091,4891.529372884428,244.57646864422145,0.0,False,-1,False,0.43
correlated,0.9,13,se_st2,fit365,25,0.8944494781524737,4891.529372884428,244.57646864422145,0.0,False,-1,False,0.46
correlated,0.9,13,se_st2,fit100_cons,25,0.9063006286331546,4891.529372884428,244.57646864422145,0.0,False,-1,False,0.46
correlated,0.9,13,se_st2,phi_bias,25,0.85,4891.529372884428,244.57646864422145,0.0,False,-1,False,0.46
correlated,0.9,13,se_st2,ignore_corr,25,0.9,4891.529372884428,244.57646864422145,0.0,False,-1,False,0.45
correlated,0.9,13,se_st2,t3,25,0.9,4891.529372884429,244.57646864422145,0.0,False,-1,False,0.44
correlated,0.97,13,se_st2,known,25,0.97,4891.529372884428,244.57646864422145,0.0,False,-1,False,0.45
correlated,0.97,13,se_st2,fit100,25,0.9405823586050963,4642.912210030939,202.98906687661378,0.0,False,-1,False,0.45
correlated,0.97,13,se_st2,fit365,25,0.9616097764629274,4891.529372884428,244.57646864422145,0.0,False,-1,False,0.45
correlated,0.97,13,se_st2,fit100_cons,25,0.9540438426054416,4891.529372884428,244.57646864422145,0.0,False,-1,False,0.47
correlated,0.97,13,se_st2,phi_bias,25,0.9199999999999999,4891.529372884428,244.57646864422145,0.0,False,-1,False,0.45
correlated,0.97,13,se_st2,ignore_corr,25,0.97,4891.529372884428,244.57646864422145,0.0,False,-1,False,0.46
correlated,0.97,13,se_st2,t3,25,0.97,4891.529372884429,244.57646864422145,0.0,False,-1,False,0.5
correlated,,13,se_st2,ar7_as_ar1,25,0.7735180475279567,4800.362226885259,243.36060889720233,0.0,False,-1,False,0.56
correlated,0.9,14,se_st2,known,25,0.9,4474.25956299199,223.71297814959945,0.0,False,-1,False,0.47
correlated,0.9,14,se_st2,fit100,25,0.8716306617683716,4474.25956299199,223.71297814959945,0.0,False,-1,False,0.46
correlated,0.9,14,se_st2,fit365,25,0.8951613356353949,4474.25956299199,223.71297814959945,0.0,False,-1,False,0.44
correlated,0.9,14,se_st2,fit100_cons,25,0.8936452595755056,4474.25956299199,223.71297814959945,0.0,False,-1,False,0.48
correlated,0.9,14,se_st2,phi_bias,25,0.85,4474.25956299199,223.71297814959945,0.0,False,-1,False,0.45
correlated,0.9,14,se_st2,ignore_corr,25,0.9,4474.25956299199,223.71297814959945,0.0,False,-1,False,0.46
correlated,0.9,14,se_st2,t3,25,0.9,4474.25956299199,223.71297814959948,0.0,False,-1,False,0.44
correlated,0.97,14,se_st2,known,25,0.97,4474.25956299199,223.71297814959945,0.0,False,-1,False,0.48
correlated,0.97,14,se_st2,fit100,25,0.9449458241276016,4474.25956299199,223.71297814959945,0.0,False,-1,False,0.46
correlated,0.97,14,se_st2,fit365,25,0.9645833605073484,4474.25956299199,223.71297814959945,0.0,False,-1,False,0.47
correlated,0.97,14,se_st2,fit100_cons,25,0.9619555173076825,4474.25956299199,223.71297814959945,0.0,False,-1,False,0.47
correlated,0.97,14,se_st2,phi_bias,25,0.9199999999999999,4474.25956299199,223.71297814959945,0.0,False,-1,False,0.51
correlated,0.97,14,se_st2,ignore_corr,25,0.97,4474.25956299199,223.71297814959945,0.0,False,-1,False,0.46
correlated,0.97,14,se_st2,t3,25,0.97,4474.25956299199,223.71297814959948,0.0,False,-1,False,0.5
correlated,,14,se_st2,ar7_as_ar1,25,0.7763692106960838,4474.25956299199,223.71297814959945,0.0,False,-1,False,0.57
correlated,0.9,15,se_st2,known,25,0.9,4673.653617719654,233.68268088598268,0.0,False,-1,False,0.43
correlated,0.9,15,se_st2,fit100,25,0.8891882467375883,4673.653617719654,233.68268088598268,0.0,False,-1,False,0.51
correlated,0.9,15,se_st2,fit365,25,0.907733519875542,4673.653617719654,233.68268088598268,0.0,False,-1,False,0.5
correlated,0.9,15,se_st2,fit100_cons,25,0.9289032191059289,4673.653617719654,233.68268088598268,0.0,False,-1,False,0.45
correlated,0.9,15,se_st2,phi_bias,25,0.85,4673.653617719654,233.68268088598268,0.0,False,-1,False,0.44
correlated,0.9,15,se_st2,ignore_corr,25,0.9,4673.653617719654,233.68268088598268,0.0,False,-1,False,0.5
correlated,0.9,15,se_st2,t3,25,0.9,4673.653617719653,233.68268088598268,0.0,False,-1,False,0.47
correlated,0.97,15,se_st2,known,25,0.97,4673.653617719654,233.68268088598268,0.0,False,-1,False,0.48
correlated,0.97,15,se_st2,fit100,25,0.9528993024874666,4673.653617719654,233.68268088598268,0.0,False,-1,False,0.48
correlated,0.97,15,se_st2,fit365,25,0.9711082626860474,4673.653617719654,233.68268088598268,0.0,False,-1,False,0.42
correlated,0.97,15,se_st2,fit100_cons,25,0.9736740932220067,4673.653617719654,233.68268088598268,0.0,False,-1,False,0.45
correlated,0.97,15,se_st2,phi_bias,25,0.9199999999999999,4673.653617719654,233.68268088598268,0.0,False,-1,False,0.48
correlated,0.97,15,se_st2,ignore_corr,25,0.97,4673.653617719654,233.68268088598268,0.0,False,-1,False,0.44
correlated,0.97,15,se_st2,t3,25,0.97,4673.653617719653,233.68268088598268,0.0,False,-1,False,0.49
correlated,,15,se_st2,ar7_as_ar1,25,0.8375100466438241,4673.653617719654,233.68268088598268,0.001,True,7175,False,0.54
correlated,0.9,16,se_st2,known,25,0.9,4641.773039185141,232.08865195925708,0.0,False,-1,False,0.45
correlated,0.9,16,se_st2,fit100,25,0.8892703851243965,4641.773039185141,232.08865195925708,0.0,False,-1,False,0.43
correlated,0.9,16,se_st2,fit365,25,0.9070854308413451,4641.773039185141,232.08865195925708,0.0,False,-1,False,0.45
correlated,0.9,16,se_st2,fit100_cons,25,0.9202979812565203,4641.773039185141,232.08865195925708,0.0,False,-1,False,0.47
correlated,0.9,16,se_st2,phi_bias,25,0.85,4641.773039185141,232.08865195925708,0.0,False,-1,False,0.48
correlated,0.9,16,se_st2,ignore_corr,25,0.9,4641.773039185141,232.08865195925708,0.0,False,-1,False,0.47
correlated,0.9,16,se_st2,t3,25,0.9,4641.773039185141,232.08865195925705,0.0,False,-1,False,0.41
correlated,0.97,16,se_st2,known,25,0.97,4641.773039185141,232.08865195925708,0.0,False,-1,False,0.42
correlated,0.97,16,se_st2,fit100,25,0.9531957117362047,4641.773039185141,232.08865195925708,0.0,False,-1,False,0.45
correlated,0.97,16,se_st2,fit365,25,0.9730173591333042,4641.773039185141,232.08865195925708,0.0,False,-1,False,0.46
correlated,0.97,16,se_st2,fit100_cons,25,0.9701021409060568,4641.773039185141,232.08865195925708,0.0,False,-1,False,0.43
correlated,0.97,16,se_st2,phi_bias,25,0.9199999999999999,4641.773039185141,232.08865195925708,0.0,False,-1,False,0.41
correlated,0.97,16,se_st2,ignore_corr,25,0.97,4641.773039185141,232.08865195925708,0.0,False,-1,False,0.42
correlated,0.97,16,se_st2,t3,25,0.97,4641.773039185141,232.08865195925705,0.0,False,-1,False,0.42
correlated,,16,se_st2,ar7_as_ar1,25,0.853501619604596,4641.773039185141,232.08865195925708,0.0,False,-1,False,0.57
correlated,0.9,17,se_st2,known,25,0.9,4450.375560729508,222.51877803647534,0.0,False,-1,False,0.49
correlated,0.9,17,se_st2,fit100,25,0.8604060527828515,4450.375560729508,222.51877803647534,0.0,False,-1,False,0.45
correlated,0.9,17,se_st2,fit365,25,0.8825722142446326,4450.375560729508,222.51877803647534,0.0,False,-1,False,0.46
correlated,0.9,17,se_st2,fit100_cons,25,0.8822452086240113,4450.375560729508,222.51877803647534,0.0,False,-1,False,0.43
correlated,0.9,17,se_st2,phi_bias,25,0.85,4450.375560729508,222.51877803647534,0.0,False,-1,False,0.48
correlated,0.9,17,se_st2,ignore_corr,25,0.9,4450.375560729508,222.51877803647534,0.0,False,-1,False,0.47
correlated,0.9,17,se_st2,t3,25,0.9,4450.375560729507,222.51877803647534,0.0,False,-1,False,0.44
correlated,0.97,17,se_st2,known,25,0.97,4450.375560729508,222.51877803647534,0.0,False,-1,False,0.43
correlated,0.97,17,se_st2,fit100,25,0.9214088116159104,4466.489245490324,225.57513191488314,0.0251,True,1750,False,0.43
correlated,0.97,17,se_st2,fit365,25,0.9611024820809422,4450.375560729508,222.51877803647534,0.0,False,-1,False,0.45
correlated,0.97,17,se_st2,fit100_cons,25,0.9405788966059329,4341.672736815889,213.55017384915394,0.0,False,-1,False,0.44
correlated,0.97,17,se_st2,phi_bias,25,0.9199999999999999,4450.375560729508,222.51877803647534,0.0,False,-1,False,0.42
correlated,0.97,17,se_st2,ignore_corr,25,0.97,4450.375560729508,222.51877803647534,0.0,False,-1,False,0.45
correlated,0.97,17,se_st2,t3,25,0.97,4450.375560729507,222.51877803647534,0.0,False,-1,False,0.44
correlated,,17,se_st2,ar7_as_ar1,25,0.7274235755984139,1479.1521515198465,39.48132512995114,0.0344,True,2800,False,0.56
correlated,0.9,18,se_st2,known,25,0.9,4858.433332867211,242.9216666433606,0.0,False,-1,False,0.41
correlated,0.9,18,se_st2,fit100,25,0.8885665184546871,4858.433332867211,242.9216666433606,0.0,False,-1,False,0.45
correlated,0.9,18,se_st2,fit365,25,0.8838681618999598,4858.433332867211,242.9216666433606,0.0,False,-1,False,0.46
correlated,0.9,18,se_st2,fit100_cons,25,0.9169326908097298,4858.433332867211,242.9216666433606,0.0,False,-1,False,0.45
correlated,0.9,18,se_st2,phi_bias,25,0.85,4858.433332867211,242.9216666433606,0.0,False,-1,False,0.47
correlated,0.9,18,se_st2,ignore_corr,25,0.9,4858.433332867211,242.9216666433606,0.0,False,-1,False,0.46
correlated,0.9,18,se_st2,t3,25,0.9,4858.433332867211,242.9216666433606,0.0,False,-1,False,0.44
correlated,0.97,18,se_st2,known,25,0.97,4858.433332867211,242.9216666433606,0.0,False,-1,False,0.45
correlated,0.97,18,se_st2,fit100,25,0.9388992698786873,4858.433332867211,242.9216666433606,0.002,True,1450,False,0.45
correlated,0.97,18,se_st2,fit365,25,0.9570404889688485,4858.433332867211,242.9216666433606,0.0,False,-1,False,0.43
correlated,0.97,18,se_st2,fit100_cons,25,0.954198093038856,4858.433332867211,242.9216666433606,0.00105,True,1450,False,0.46
correlated,0.97,18,se_st2,phi_bias,25,0.9199999999999999,4858.433332867211,242.9216666433606,0.0,False,-1,False,0.46
correlated,0.97,18,se_st2,ignore_corr,25,0.97,4858.433332867211,242.9216666433606,0.0,False,-1,False,0.45
correlated,0.97,18,se_st2,t3,25,0.97,4858.433332867211,242.9216666433606,0.0,False,-1,False,0.41
correlated,,18,se_st2,ar7_as_ar1,25,0.759722709732539,3805.2757456851277,152.89113150605903,0.0371,True,1450,False,0.54
correlated,0.9,19,se_st2,known,25,0.9,4718.406018593336,235.92030092966678,0.0,False,-1,False,0.45
correlated,0.9,19,se_st2,fit100,25,0.8748687636697922,4718.406018593336,235.92030092966678,0.0,False,-1,False,0.48
correlated,0.9,19,se_st2,fit365,25,0.8889098357065661,4718.406018593336,235.92030092966678,0.0,False,-1,False,0.45
correlated,0.9,19,se_st2,fit100_cons,25,0.8961934631850328,4718.406018593336,235.92030092966678,0.0,False,-1,False,0.45
correlated,0.9,19,se_st2,phi_bias,25,0.85,4718.406018593336,235.92030092966678,0.0,False,-1,False,0.44
correlated,0.9,19,se_st2,ignore_corr,25,0.9,4718.406018593336,235.92030092966678,0.0,False,-1,False,0.45
correlated,0.9,19,se_st2,t3,25,0.9,4718.406018593337,235.92030092966678,0.0,False,-1,False,0.48
correlated,0.97,19,se_st2,known,25,0.97,4718.406018593336,235.92030092966678,0.0,False,-1,False,0.47
correlated,0.97,19,se_st2,fit100,25,0.9368180110469214,2084.7429115821424,97.83483117982227,0.0,False,-1,True,0.47
correlated,0.97,19,se_st2,fit365,25,0.9575228023525725,4718.406018593336,235.92030092966678,0.0,False,-1,False,0.45
correlated,0.97,19,se_st2,fit100_cons,25,0.9523420737640638,3485.4334699375136,171.61738832109057,0.0,False,-1,False,0.49
correlated,0.97,19,se_st2,phi_bias,25,0.9199999999999999,4718.406018593336,235.92030092966678,0.0,False,-1,False,0.44
correlated,0.97,19,se_st2,ignore_corr,25,0.97,4718.406018593336,235.92030092966678,0.0,False,-1,False,0.45
correlated,0.97,19,se_st2,t3,25,0.97,4718.406018593337,235.92030092966678,0.0,False,-1,False,0.44
correlated,,19,se_st2,ar7_as_ar1,25,0.7338342405388277,5031.9543437569955,253.0498216849541,0.03985,True,75,False,0.57
correlated,0.9,20,se_st2,known,25,0.9,4609.006948817231,230.45034744086155,0.0,False,-1,False,0.42
correlated,0.9,20,se_st2,fit100,25,0.8634456141309661,4609.006948817231,230.45034744086155,0.0,False,-1,False,0.43
correlated,0.9,20,se_st2,fit365,25,0.8780528000551453,4609.006948817231,230.45034744086155,0.0,False,-1,False,0.44
correlated,0.9,20,se_st2,fit100_cons,25,0.884979926590189,4609.006948817231,230.45034744086155,0.0,False,-1,False,0.45
correlated,0.9,20,se_st2,phi_bias,25,0.85,4609.006948817231,230.45034744086155,0.0,False,-1,False,0.44
correlated,0.9,20,se_st2,ignore_corr,25,0.9,4609.006948817231,230.45034744086155,0.0,False,-1,False,0.46
correlated,0.9,20,se_st2,t3,25,0.9,4609.00694881723,230.45034744086155,0.0,False,-1,False,0.45
correlated,0.97,20,se_st2,known,25,0.97,4609.006948817231,230.45034744086155,0.0,False,-1,False,0.44
correlated,0.97,20,se_st2,fit100,25,0.9473645035184547,4609.006948817231,230.45034744086155,0.0,False,-1,False,0.43
correlated,0.97,20,se_st2,fit365,25,0.9536601278502077,4609.006948817231,230.45034744086155,0.0,False,-1,False,0.43
correlated,0.97,20,se_st2,fit100_cons,25,0.96533725979187,4609.006948817231,230.45034744086155,0.0,False,-1,False,0.42
correlated,0.97,20,se_st2,phi_bias,25,0.9199999999999999,4609.006948817231,230.45034744086155,0.0,False,-1,False,0.44
correlated,0.97,20,se_st2,ignore_corr,25,0.97,4609.006948817231,230.45034744086155,0.0,False,-1,False,0.47
correlated,0.97,20,se_st2,t3,25,0.97,4609.00694881723,230.45034744086155,0.0,False,-1,False,0.43
correlated,,20,se_st2,ar7_as_ar1,25,0.7212718108214891,2835.1173596413223,7.918466686383985,0.039,True,500,False,0.57
correlated,0.9,21,se_st2,known,25,0.9,4909.3191573681825,245.46595786840908,0.0,False,-1,False,0.45
correlated,0.9,21,se_st2,fit100,25,0.8751120139001138,4909.3191573681825,245.46595786840908,0.0,False,-1,False,0.46
correlated,0.9,21,se_st2,fit365,25,0.8974788549152509,4909.3191573681825,245.46595786840908,0.0,False,-1,False,0.47
correlated,0.9,21,se_st2,fit100_cons,25,0.9036489475620794,4909.3191573681825,245.46595786840908,0.0,False,-1,False,0.5
correlated,0.9,21,se_st2,phi_bias,25,0.85,4909.3191573681825,245.46595786840908,0.0,False,-1,False,0.44
correlated,0.9,21,se_st2,ignore_corr,25,0.9,4909.3191573681825,245.46595786840908,0.0,False,-1,False,0.44
correlated,0.9,21,se_st2,t3,25,0.9,4909.319157368182,245.4659578684091,0.0,False,-1,False,0.45
correlated,0.97,21,se_st2,known,25,0.97,4909.3191573681825,245.46595786840908,0.0,False,-1,False,0.41
correlated,0.97,21,se_st2,fit100,25,0.93198629889402,4761.062696600035,222.7828464286169,0.0,False,-1,False,0.43
correlated,0.97,21,se_st2,fit365,25,0.9584894241204014,4909.3191573681825,245.46595786840908,0.0,False,-1,False,0.44
correlated,0.97,21,se_st2,fit100_cons,25,0.948936434589144,4535.231295654859,209.0923796607126,0.0,False,-1,False,0.44
correlated,0.97,21,se_st2,phi_bias,25,0.9199999999999999,4909.3191573681825,245.46595786840908,0.0,False,-1,False,0.47
correlated,0.97,21,se_st2,ignore_corr,25,0.97,4909.3191573681825,245.46595786840908,0.0,False,-1,False,0.46
correlated,0.97,21,se_st2,t3,25,0.97,4909.319157368182,245.4659578684091,0.0,False,-1,False,0.48
correlated,,21,se_st2,ar7_as_ar1,25,0.719914131038602,779.8913604415745,27.29398721242854,0.0399,True,50,True,0.58
correlated,0.9,22,se_st2,known,25,0.9,4592.598446995629,229.6299223497815,0.0,False,-1,False,0.44
correlated,0.9,22,se_st2,fit100,25,0.8563085340949936,4592.598446995629,229.6299223497815,0.0,False,-1,False,0.45
correlated,0.9,22,se_st2,fit365,25,0.8958603919795088,4592.598446995629,229.6299223497815,0.0,False,-1,False,0.48
correlated,0.9,22,se_st2,fit100_cons,25,0.8895610820502983,4592.598446995629,229.6299223497815,0.0,False,-1,False,0.47
correlated,0.9,22,se_st2,phi_bias,25,0.85,4592.598446995629,229.6299223497815,0.0,False,-1,False,0.42
correlated,0.9,22,se_st2,ignore_corr,25,0.9,4592.598446995629,229.6299223497815,0.0,False,-1,False,0.42
correlated,0.9,22,se_st2,t3,25,0.9,4592.598446995629,229.62992234978148,0.0,False,-1,False,0.4
correlated,0.97,22,se_st2,known,25,0.97,4592.598446995629,229.6299223497815,0.0,False,-1,False,0.43
correlated,0.97,22,se_st2,fit100,25,0.9247935318947639,4592.598446995629,229.6299223497815,0.0,False,-1,False,0.49
correlated,0.97,22,se_st2,fit365,25,0.9648435262130594,4592.598446995629,229.6299223497815,0.0,False,-1,False,0.43
correlated,0.97,22,se_st2,fit100_cons,25,0.9434301568729822,4592.598446995629,229.6299223497815,0.0,False,-1,False,0.45
correlated,0.97,22,se_st2,phi_bias,25,0.9199999999999999,4592.598446995629,229.6299223497815,0.0,False,-1,False,0.42
correlated,0.97,22,se_st2,ignore_corr,25,0.97,4592.598446995629,229.6299223497815,0.0,False,-1,False,0.47
correlated,0.97,22,se_st2,t3,25,0.97,4592.598446995629,229.62992234978148,0.0,False,-1,False,0.46
correlated,,22,se_st2,ar7_as_ar1,25,0.7856974491372656,4454.596247811034,194.74574613521634,5e-05,True,7175,False,0.55
correlated,0.9,23,se_st2,known,25,0.9,4523.400984760218,226.1700492380109,0.0,False,-1,False,0.49
correlated,0.9,23,se_st2,fit100,25,0.8634833610331902,4523.400984760218,226.1700492380109,0.0,False,-1,False,0.43
correlated,0.9,23,se_st2,fit365,25,0.8703553622860822,4523.400984760218,226.1700492380109,0.0,False,-1,False,0.43
correlated,0.9,23,se_st2,fit100_cons,25,0.8789685057433249,4523.400984760218,226.1700492380109,0.0,False,-1,False,0.44
correlated,0.9,23,se_st2,phi_bias,25,0.85,4523.400984760218,226.1700492380109,0.0,False,-1,False,0.43
correlated,0.9,23,se_st2,ignore_corr,25,0.9,4523.400984760218,226.1700492380109,0.0,False,-1,False,0.45
correlated,0.9,23,se_st2,t3,25,0.9,4523.400984760217,226.1700492380109,0.0,False,-1,False,0.41
correlated,0.97,23,se_st2,known,25,0.97,4523.400984760218,226.1700492380109,0.0,False,-1,False,0.47
correlated,0.97,23,se_st2,fit100,25,0.9203623578576408,4359.872102870386,214.75040150402725,0.0,False,-1,False,0.46
correlated,0.97,23,se_st2,fit365,25,0.9518047379284724,4523.400984760218,226.1700492380109,0.0,False,-1,False,0.5
correlated,0.97,23,se_st2,fit100_cons,25,0.9335043722372869,4523.400984760218,226.1700492380109,0.0,False,-1,False,0.47
correlated,0.97,23,se_st2,phi_bias,25,0.9199999999999999,4523.400984760218,226.1700492380109,0.0,False,-1,False,0.45
correlated,0.97,23,se_st2,ignore_corr,25,0.97,4523.400984760218,226.1700492380109,0.0,False,-1,False,0.48
correlated,0.97,23,se_st2,t3,25,0.97,4523.400984760217,226.1700492380109,0.0,False,-1,False,0.47
correlated,,23,se_st2,ar7_as_ar1,25,0.7126990509581336,3076.6436391074426,130.06714400663006,0.0,False,-1,False,0.53
correlated,0.9,24,se_st2,known,25,0.9,4827.81928014294,241.39096400714703,0.0,False,-1,False,0.42
correlated,0.9,24,se_st2,fit100,25,0.8565988538122031,3890.9794066665454,147.82147656614862,0.0,False,-1,False,0.45
correlated,0.9,24,se_st2,fit365,25,0.8822648403997053,4827.81928014294,241.39096400714703,0.0,False,-1,False,0.44
correlated,0.9,24,se_st2,fit100_cons,25,0.8785350086306037,4827.81928014294,241.39096400714703,0.0,False,-1,False,0.44
correlated,0.9,24,se_st2,phi_bias,25,0.85,4827.81928014294,241.39096400714703,0.0,False,-1,False,0.47
correlated,0.9,24,se_st2,ignore_corr,25,0.9,4827.81928014294,241.39096400714703,0.0,False,-1,False,0.44
correlated,0.9,24,se_st2,t3,25,0.9,4827.8192801429395,241.39096400714703,0.0,False,-1,False,0.46
correlated,0.97,24,se_st2,known,25,0.97,4827.81928014294,241.39096400714703,0.0,False,-1,False,0.44
correlated,0.97,24,se_st2,fit100,25,0.9327280028585858,4827.81928014294,241.39096400714703,0.0,False,-1,False,0.44
correlated,0.97,24,se_st2,fit365,25,0.9554994982818689,4827.81928014294,241.39096400714703,0.0,False,-1,False,0.48
correlated,0.97,24,se_st2,fit100_cons,25,0.9510619141012017,4827.81928014294,241.39096400714703,0.0,False,-1,False,0.44
correlated,0.97,24,se_st2,phi_bias,25,0.9199999999999999,4827.81928014294,241.39096400714703,0.0,False,-1,False,0.41
correlated,0.97,24,se_st2,ignore_corr,25,0.97,4827.81928014294,241.39096400714703,0.0,False,-1,False,0.43
correlated,0.97,24,se_st2,t3,25,0.97,4827.8192801429395,241.39096400714703,0.0,False,-1,False,0.42
correlated,,24,se_st2,ar7_as_ar1,25,0.7208255907217042,4523.757592948735,196.62139899382362,0.0007,True,16050,False,0.55
correlated,0.9,25,se_st2,known,25,0.9,4867.581197042877,243.37905985214383,0.0,False,-1,False,0.45
correlated,0.9,25,se_st2,fit100,25,0.8375323098340288,4867.581197042877,243.37905985214383,0.009,True,1825,False,0.45
correlated,0.9,25,se_st2,fit365,25,0.8912633397735312,4867.581197042877,243.37905985214383,0.0,False,-1,False,0.46
correlated,0.9,25,se_st2,fit100_cons,25,0.8739378143774249,4867.581197042877,243.37905985214383,0.001,True,1825,False,0.45
correlated,0.9,25,se_st2,phi_bias,25,0.85,4867.581197042877,243.37905985214383,0.0,False,-1,False,0.44
correlated,0.9,25,se_st2,ignore_corr,25,0.9,4867.581197042877,243.37905985214383,0.0,False,-1,False,0.46
correlated,0.9,25,se_st2,t3,25,0.9,4867.581197042876,243.37905985214383,0.0,False,-1,False,0.43
correlated,0.97,25,se_st2,known,25,0.97,4867.581197042877,243.37905985214383,0.0,False,-1,False,0.48
correlated,0.97,25,se_st2,fit100,25,0.9254864132544999,4752.943619262745,238.732310970873,0.03905,True,475,False,0.45
correlated,0.97,25,se_st2,fit365,25,0.9592781894599048,4867.581197042877,243.37905985214383,0.0,False,-1,False,0.45
correlated,0.97,25,se_st2,fit100_cons,25,0.956168010699577,4867.581197042877,243.37905985214383,0.002,True,1825,False,0.49
correlated,0.97,25,se_st2,phi_bias,25,0.9199999999999999,4867.581197042877,243.37905985214383,0.0,False,-1,False,0.49
correlated,0.97,25,se_st2,ignore_corr,25,0.97,4867.581197042877,243.37905985214383,0.0,False,-1,False,0.46
correlated,0.97,25,se_st2,t3,25,0.97,4867.581197042876,243.37905985214383,0.0,False,-1,False,0.43
correlated,,25,se_st2,ar7_as_ar1,25,0.7348543924550394,2839.2498794811363,110.42606803724202,0.03945,True,275,False,0.55
correlated,0.9,26,se_st2,known,25,0.9,4765.0405879053405,238.25202939526702,0.0,False,-1,False,0.46
correlated,0.9,26,se_st2,fit100,25,0.8616669611132678,4765.0405879053405,238.25202939526702,0.0,False,-1,False,0.46
correlated,0.9,26,se_st2,fit365,25,0.8975578892080289,4765.0405879053405,238.25202939526702,0.0,False,-1,False,0.41
correlated,0.9,26,se_st2,fit100_cons,25,0.887273739375143,4765.0405879053405,238.25202939526702,0.0,False,-1,False,0.39
correlated,0.9,26,se_st2,phi_bias,25,0.85,4765.0405879053405,238.25202939526702,0.0,False,-1,False,0.44
correlated,0.9,26,se_st2,ignore_corr,25,0.9,4765.0405879053405,238.25202939526702,0.0,False,-1,False,0.45
correlated,0.9,26,se_st2,t3,25,0.9,4765.04058790534,238.25202939526702,0.0,False,-1,False,0.47
correlated,0.97,26,se_st2,known,25,0.97,4765.0405879053405,238.25202939526702,0.0,False,-1,False,0.49
correlated,0.97,26,se_st2,fit100,25,0.9316309971903401,4765.0405879053405,238.25202939526702,0.0,False,-1,False,0.43
correlated,0.97,26,se_st2,fit365,25,0.9631065452926735,4765.0405879053405,238.25202939526702,0.0,False,-1,False,0.47
correlated,0.97,26,se_st2,fit100_cons,25,0.9537176493084698,4765.0405879053405,238.25202939526702,0.0,False,-1,False,0.45
correlated,0.97,26,se_st2,phi_bias,25,0.9199999999999999,4765.0405879053405,238.25202939526702,0.0,False,-1,False,0.46
correlated,0.97,26,se_st2,ignore_corr,25,0.97,4765.0405879053405,238.25202939526702,0.0,False,-1,False,0.45
correlated,0.97,26,se_st2,t3,25,0.97,4765.04058790534,238.25202939526702,0.0,False,-1,False,0.47
correlated,,26,se_st2,ar7_as_ar1,25,0.783507782696741,4660.249749372382,215.7593145733891,0.0027,True,17450,False,0.52
correlated,0.9,27,se_st2,known,25,0.9,4765.256190541268,238.26280952706338,0.0,False,-1,False,0.46
correlated,0.9,27,se_st2,fit100,25,0.8969658134070101,4765.256190541268,238.26280952706338,0.0,False,-1,False,0.47
correlated,0.9,27,se_st2,fit365,25,0.909012598240528,4765.256190541268,238.26280952706338,0.0,False,-1,False,0.48
correlated,0.9,27,se_st2,fit100_cons,25,0.9190368730632018,4765.256190541268,238.26280952706338,0.0,False,-1,False,0.47
correlated,0.9,27,se_st2,phi_bias,25,0.85,4765.256190541268,238.26280952706338,0.0,False,-1,False,0.45
correlated,0.9,27,se_st2,ignore_corr,25,0.9,4765.256190541268,238.26280952706338,0.0,False,-1,False,0.46
correlated,0.9,27,se_st2,t3,25,0.9,4765.256190541268,238.26280952706338,0.0,False,-1,False,0.48
correlated,0.97,27,se_st2,known,25,0.97,4765.256190541268,238.26280952706338,0.0,False,-1,False,0.43
correlated,0.97,27,se_st2,fit100,25,0.9482921850786679,4765.256190541268,238.26280952706338,0.0,False,-1,False,0.44
correlated,0.97,27,se_st2,fit365,25,0.9695964745989525,4765.256190541268,238.26280952706338,0.0,False,-1,False,0.41
correlated,0.97,27,se_st2,fit100_cons,25,0.9615899400890476,4765.256190541268,238.26280952706338,0.0,False,-1,False,0.4
correlated,0.97,27,se_st2,phi_bias,25,0.9199999999999999,4765.256190541268,238.26280952706338,0.0,False,-1,False,0.45
correlated,0.97,27,se_st2,ignore_corr,25,0.97,4765.256190541268,238.26280952706338,0.0,False,-1,False,0.47
correlated,0.97,27,se_st2,t3,25,0.97,4765.256190541268,238.26280952706338,0.0,False,-1,False,0.47
correlated,,27,se_st2,ar7_as_ar1,25,0.8126994114871908,4765.256190541268,238.26280952706338,0.0,False,-1,False,0.55
correlated,0.9,28,se_st2,known,25,0.9,4642.203265688479,232.11016328442398,0.0,False,-1,False,0.46
correlated,0.9,28,se_st2,fit100,25,0.8717576149857462,4642.203265688479,232.11016328442398,0.0,False,-1,False,0.49
correlated,0.9,28,se_st2,fit365,25,0.8761478351397928,4642.203265688479,232.11016328442398,0.0,False,-1,False,0.41
correlated,0.9,28,se_st2,fit100_cons,25,0.8900588118269007,4642.203265688479,232.11016328442398,0.0,False,-1,False,0.45
correlated,0.9,28,se_st2,phi_bias,25,0.85,4642.203265688479,232.11016328442398,0.0,False,-1,False,0.45
correlated,0.9,28,se_st2,ignore_corr,25,0.9,4642.203265688479,232.11016328442398,0.0,False,-1,False,0.43
correlated,0.9,28,se_st2,t3,25,0.9,4642.20326568848,232.11016328442395,0.0,False,-1,False,0.44
correlated,0.97,28,se_st2,known,25,0.97,4642.203265688479,232.11016328442398,0.0,False,-1,False,0.46
correlated,0.97,28,se_st2,fit100,25,0.9394258165782746,4642.203265688479,232.11016328442398,0.001,True,6625,False,0.46
correlated,0.97,28,se_st2,fit365,25,0.9547626272595395,4642.203265688479,232.11016328442398,0.0,False,-1,False,0.44
correlated,0.97,28,se_st2,fit100_cons,25,0.9532869446880631,4642.203265688479,232.11016328442398,0.0,False,-1,False,0.48
correlated,0.97,28,se_st2,phi_bias,25,0.9199999999999999,4642.203265688479,232.11016328442398,0.0,False,-1,False,0.46
correlated,0.97,28,se_st2,ignore_corr,25,0.97,4642.203265688479,232.11016328442398,0.0,False,-1,False,0.48
correlated,0.97,28,se_st2,t3,25,0.97,4642.20326568848,232.11016328442395,0.0,False,-1,False,0.45
correlated,,28,se_st2,ar7_as_ar1,25,0.7181945933015199,5316.72051796138,272.3207188101844,0.0382,True,900,True,0.55
correlated,0.9,29,se_st2,known,25,0.9,4840.905134658913,242.04525673294563,0.0,False,-1,False,0.44
correlated,0.9,29,se_st2,fit100,25,0.8940435818592842,4840.905134658913,242.04525673294563,0.0,False,-1,False,0.42
correlated,0.9,29,se_st2,fit365,25,0.9094043671789435,4840.905134658913,242.04525673294563,0.0,False,-1,False,0.43
correlated,0.9,29,se_st2,fit100_cons,25,0.9132801890477937,4840.905134658913,242.04525673294563,0.0,False,-1,False,0.41
correlated,0.9,29,se_st2,phi_bias,25,0.85,4840.905134658913,242.04525673294563,0.0,False,-1,False,0.44
correlated,0.9,29,se_st2,ignore_corr,25,0.9,4840.905134658913,242.04525673294563,0.0,False,-1,False,0.45
correlated,0.9,29,se_st2,t3,25,0.9,4840.905134658913,242.04525673294563,0.0,False,-1,False,0.48
correlated,0.97,29,se_st2,known,25,0.97,4840.905134658913,242.04525673294563,0.0,False,-1,False,0.5
correlated,0.97,29,se_st2,fit100,25,0.9427390804418524,4840.905134658913,242.04525673294563,0.0,False,-1,False,0.45
correlated,0.97,29,se_st2,fit365,25,0.9687233611965061,4840.905134658913,242.04525673294563,0.0,False,-1,False,0.48
correlated,0.97,29,se_st2,fit100_cons,25,0.9610770973511346,4840.905134658913,242.04525673294563,0.0,False,-1,False,0.46
correlated,0.97,29,se_st2,phi_bias,25,0.9199999999999999,4840.905134658913,242.04525673294563,0.0,False,-1,False,0.44
correlated,0.97,29,se_st2,ignore_corr,25,0.97,4840.905134658913,242.04525673294563,0.0,False,-1,False,0.42
correlated,0.97,29,se_st2,t3,25,0.97,4840.905134658913,242.04525673294563,0.0,False,-1,False,0.47
correlated,,29,se_st2,ar7_as_ar1,25,0.7832356912774757,4816.653883306979,241.3450940252962,0.0,False,-1,False,0.53
independent,0.9,0,se_iid,known,25,,1706.8984284321537,59.15022139315326,0.0396,True,200,True,0.08
independent,0.9,0,se_iid,t3,25,,2569.186726636008,119.71775471386103,0.03965,True,175,False,0.07
independent,0.97,0,se_iid,known,25,,1568.968472093108,2.39086771384861,0.03945,True,275,False,0.06
independent,0.97,0,se_iid,t3,25,,1634.0310084685643,79.07741322349979,0.03975,True,125,True,0.09
independent,,0,se_iid,ar7_as_ar1,25,,5157.7115623588725,292.5662564553218,0.03945,True,275,True,0.16
independent,0.9,1,se_iid,known,25,,6229.322039553617,314.1816745500993,0.0038,True,1450,True,0.07
independent,0.9,1,se_iid,t3,25,,5401.41684681199,269.2666226538686,0.0,False,-1,True,0.07
independent,0.97,1,se_iid,known,25,,6316.37964456133,311.7585512651623,0.03995,True,25,True,0.08
independent,0.97,1,se_iid,t3,25,,5816.955617197578,292.06840423701874,0.03945,True,275,True,0.08
independent,,1,se_iid,ar7_as_ar1,25,,1521.8640667979698,61.635054991906074,0.03995,True,25,True,0.16
independent,0.9,2,se_iid,known,25,,3921.5012035977015,141.35915593525726,0.02105,True,3050,True,0.07
independent,0.9,2,se_iid,t3,25,,3465.272612310253,146.77322410614383,0.03915,True,425,False,0.08
independent,0.97,2,se_iid,known,25,,5719.951990545027,287.38312669267816,0.03995,True,25,True,0.07
independent,0.97,2,se_iid,t3,25,,1402.568954887647,37.79922995291706,0.03975,True,125,False,0.09
independent,,2,se_iid,ar7_as_ar1,25,,5719.951990545027,287.38312669267816,0.03995,True,25,True,0.15
independent,0.9,3,se_iid,known,25,,4762.916046314487,237.0203045720254,0.03885,True,575,True,0.08
independent,0.9,3,se_iid,t3,25,,3005.517410527387,62.56441899229985,0.03945,True,275,False,0.1
independent,0.97,3,se_iid,known,25,,4064.0610653881304,200.58710828859995,0.03985,True,75,True,0.09
independent,0.97,3,se_iid,t3,25,,5398.655837252047,266.4707824268042,0.03945,True,275,True,0.08
independent,,3,se_iid,ar7_as_ar1,25,,4070.7301300170348,200.58710828859995,0.03985,True,75,True,0.18
independent,0.9,4,se_iid,known,25,,1036.4704951705728,32.7652666576934,0.0,False,-1,False,0.09
independent,0.9,4,se_iid,t3,25,,1393.9173224701508,55.025746293233695,0.0327,True,3525,True,0.06
independent,0.97,4,se_iid,known,25,,1195.99996106653,43.389892655552536,0.0392,True,400,True,0.07
independent,0.97,4,se_iid,t3,25,,5059.793001283719,253.24139708967448,0.0393,True,350,True,0.06
independent,,4,se_iid,ar7_as_ar1,25,,913.0609958440857,22.777301333776535,0.0,False,-1,True,0.18
independent,0.9,5,se_iid,known,25,,2877.9320275348155,85.66685469855653,0.03705,True,1475,False,0.06
independent,0.9,5,se_iid,t3,25,,4854.099030026542,243.32813218903584,0.03975,True,125,True,0.08
independent,0.97,5,se_iid,known,25,,559.8994322053443,0.0,0.001,True,700,False,0.07
independent,0.97,5,se_iid,t3,25,,5621.740301757968,265.464438504138,0.03985,True,75,True,0.08
independent,,5,se_iid,ar7_as_ar1,25,,1027.4570150918198,35.447348731372976,0.0345,True,2750,False,0.16
independent,0.9,6,se_iid,known,25,,4604.728022537181,211.25311997232822,0.03985,True,75,False,0.06
independent,0.9,6,se_iid,t3,25,,1468.49474012712,0.0,0.0392,True,400,False,0.07
independent,0.97,6,se_iid,known,25,,4386.085763015456,216.39423614247752,0.03985,True,75,True,0.07
independent,0.97,6,se_iid,t3,25,,1131.9841241625506,52.510108107849575,0.00575,True,425,True,0.07
independent,,6,se_iid,ar7_as_ar1,25,,4395.708622745512,215.8717126253584,0.03995,True,25,True,0.15
independent,0.9,7,se_iid,known,25,,543.5324475180505,13.866689333502269,0.03875,True,625,False,0.06
independent,0.9,7,se_iid,t3,25,,4858.915631673053,242.61700258588425,0.0,False,-1,True,0.08
independent,0.97,7,se_iid,known,25,,206.11254792569244,0.0,0.03975,True,125,False,0.06
independent,0.97,7,se_iid,t3,25,,6984.451361166102,351.29304767729496,0.0398,True,100,True,0.07
independent,,7,se_iid,ar7_as_ar1,25,,199.71811962892275,0.0,0.03945,True,275,False,0.19
independent,0.9,8,se_iid,known,25,,824.2370697173742,30.460174282000487,0.0394,True,300,True,0.08
independent,0.9,8,se_iid,t3,25,,645.8818677780396,24.36813942560039,0.0397,True,150,False,0.08
independent,0.97,8,se_iid,known,25,,7180.83923399046,386.60190389214927,0.0394,True,300,True,0.07
independent,0.97,8,se_iid,t3,25,,5096.420991030359,256.6145894410731,0.0397,True,150,True,0.08
independent,,8,se_iid,ar7_as_ar1,25,,449.639952485798,0.0,0.0394,True,25,False,0.15
independent,0.9,9,se_iid,known,25,,872.2685291617238,24.885741044802145,0.03965,True,175,False,0.08
independent,0.9,9,se_iid,t3,25,,5766.620733578519,263.1506076635698,0.0,False,-1,True,0.08
independent,0.97,9,se_iid,known,25,,419.89764789594227,7.048724253773287,0.03865,True,675,False,0.07
independent,0.97,9,se_iid,t3,25,,1172.6242344251668,48.297232755188574,0.03895,True,525,False,0.08
independent,,9,se_iid,ar7_as_ar1,25,,3773.072604197938,7.048724253773287,0.03875,True,625,False,0.15
independent,0.9,10,se_iid,known,25,,1742.4075668162989,0.0,0.0397,True,150,False,0.08
independent,0.9,10,se_iid,t3,25,,4439.941536244457,221.24585490236296,0.03935,True,325,True,0.07
independent,0.97,10,se_iid,known,25,,1275.8981145798984,59.64405591916521,0.0397,True,150,True,0.07
independent,0.97,10,se_iid,t3,25,,6134.662956298038,299.3336411476944,0.03935,True,325,True,0.08
independent,,10,se_iid,ar7_as_ar1,25,,2735.994666944644,133.15146108910568,0.0397,True,150,True,0.18
independent,0.9,11,se_iid,known,25,,1248.094849840148,47.9834243861238,0.0396,True,175,True,0.07
independent,0.9,11,se_iid,t3,25,,5648.773012395476,285.1683143005281,0.03975,True,125,True,0.07
independent,0.97,11,se_iid,known,25,,4916.606025698925,243.7362078177057,0.03965,True,175,True,0.08
independent,0.97,11,se_iid,t3,25,,5336.851855835261,242.27290545833037,0.03975,True,125,True,0.07
independent,,11,se_iid,ar7_as_ar1,25,,4289.679507576842,210.37132277863958,0.03965,True,175,True,0.17
independent,0.9,12,se_iid,known,25,,1863.9431605635264,64.83535495858146,0.039,True,500,False,0.07
independent,0.9,12,se_iid,t3,25,,2072.657354363858,66.3989779139995,0.0394,True,275,False,0.09
independent,0.97,12,se_iid,known,25,,6993.7801520454295,344.7471727267265,0.03965,True,175,True,0.06
independent,0.97,12,se_iid,t3,25,,5067.9690062353475,278.00520691400874,0.0396,True,200,True,0.09
independent,,12,se_iid,ar7_as_ar1,25,,6332.364801414556,321.9978014782589,0.0129,True,1800,True,0.17
independent,0.9,13,se_iid,known,25,,2631.2426987196623,104.47715855959115,0.03995,True,25,False,0.07
independent,0.9,13,se_iid,t3,25,,2538.6973635701593,60.297187560767355,0.0396,True,200,False,0.08
independent,0.97,13,se_iid,known,25,,6641.5691737270945,341.0204948946589,0.0395,True,250,True,0.07
independent,0.97,13,se_iid,t3,25,,1016.5818584447798,42.87407874563606,0.0396,True,200,False,0.08
independent,,13,se_iid,ar7_as_ar1,25,,1607.054202212003,74.00487433633461,0.0395,True,250,True,0.17
independent,0.9,14,se_iid,known,25,,893.3452147245357,38.89438127568751,0.0395,True,250,True,0.07
independent,0.9,14,se_iid,t3,25,,2677.1251208946046,28.42392945826211,0.0388,True,600,False,0.07
independent,0.97,14,se_iid,known,25,,1305.2974444119216,5.3508567880121705,0.0395,True,250,True,0.08
independent,0.97,14,se_iid,t3,25,,822.5791326039579,0.0,0.0389,True,550,False,0.07
independent,,14,se_iid,ar7_as_ar1,25,,1676.4941365836833,2.855607414059713,0.0395,True,250,False,0.16
independent,0.9,15,se_iid,known,25,,1186.5549001696256,46.09068761666681,0.0384,True,800,True,0.08
independent,0.9,15,se_iid,t3,25,,2701.08865121882,97.9917932744641,0.0393,True,350,False,0.07
independent,0.97,15,se_iid,known,25,,1119.40982603969,39.16655289367162,0.0392,True,400,True,0.07
independent,0.97,15,se_iid,t3,25,,283.9629521040737,0.0,0.03965,True,175,False,0.07
independent,,15,se_iid,ar7_as_ar1,25,,4259.115039288056,341.84722246338,0.0392,True,400,True,0.17
independent,0.9,16,se_iid,known,25,,3250.583443909981,62.43457624288616,0.0399,True,50,True,0.07
independent,0.9,16,se_iid,t3,25,,2278.6400544207177,40.75762918616257,0.0392,True,400,False,0.09
independent,0.97,16,se_iid,known,25,,5703.8943301323725,285.6628744054651,0.0399,True,50,True,0.08
independent,0.97,16,se_iid,t3,25,,2628.0204535942967,31.727035795083914,0.0398,True,100,False,0.08
independent,,16,se_iid,ar7_as_ar1,25,,4992.263048462082,245.2457980267563,0.0399,True,50,True,0.15
independent,0.9,17,se_iid,known,25,,1054.577995044978,4.57538289068865,0.0398,True,100,False,0.06
independent,0.9,17,se_iid,t3,25,,1302.3341212377707,62.10925653378112,0.03925,True,375,True,0.06
independent,0.97,17,se_iid,known,25,,860.570359876278,20.26509414431858,0.0398,True,100,False,0.07
independent,0.97,17,se_iid,t3,25,,6015.827361060954,303.3415943609016,0.03925,True,375,True,0.08
independent,,17,se_iid,ar7_as_ar1,25,,1064.0232364338294,37.044083062325875,0.0398,True,100,True,0.16
independent,0.9,18,se_iid,known,25,,2707.924827636602,43.54907885309,0.0373,True,1350,False,0.07
independent,0.9,18,se_iid,t3,25,,5892.041031188084,273.67312490698515,0.03915,True,425,True,0.07
independent,0.97,18,se_iid,known,25,,1019.3526098405143,39.01850386273141,0.0395,True,250,False,0.07
independent,0.97,18,se_iid,t3,25,,7111.218669525241,357.9679589140792,0.03935,True,325,True,0.08
independent,,18,se_iid,ar7_as_ar1,25,,1205.9861557688605,55.68662809652991,0.0395,True,250,True,0.16
independent,0.9,19,se_iid,known,25,,1065.103519400643,44.08626318964731,0.03985,True,75,False,0.06
independent,0.9,19,se_iid,t3,25,,5354.2115805714375,268.5257143644412,0.0063,True,6100,True,0.08
independent,0.97,19,se_iid,known,25,,901.1115908498311,43.962685156945014,0.03985,True,75,True,0.08
independent,0.97,19,se_iid,t3,25,,5354.2115805714375,268.5257143644412,0.0391,True,450,True,0.08
independent,,19,se_iid,ar7_as_ar1,25,,3546.6654007174584,139.11412295755798,0.03985,True,75,False,0.18
independent,0.9,20,se_iid,known,25,,884.1077945169296,7.918466686383985,0.039,True,500,False,0.06
independent,0.9,20,se_iid,t3,25,,1051.211601307452,7.918466686383985,0.0389,True,550,False,0.06
independent,0.97,20,se_iid,known,25,,328.770237658649,10.871541213443905,0.03995,True,25,False,0.06
independent,0.97,20,se_iid,t3,25,,5469.686928119135,282.62655404113525,0.0395,True,250,True,0.06
independent,,20,se_iid,ar7_as_ar1,25,,1941.379889121227,30.290216347743343,0.03995,True,25,False,0.19
independent,0.9,21,se_iid,known,25,,841.5768482620995,34.724536909869855,0.03965,True,175,False,0.07
independent,0.9,21,se_iid,t3,25,,7144.783871569662,365.2555170835174,0.03985,True,75,True,0.07
independent,0.97,21,se_iid,known,25,,578.3642260611443,27.29398721242854,0.03985,True,75,True,0.07
independent,0.97,21,se_iid,t3,25,,5630.329829861243,282.267431477298,0.03985,True,75,True,0.06
independent,,21,se_iid,ar7_as_ar1,25,,594.7438942691188,27.29398721242854,0.0399,True,50,True,0.15
independent,0.9,22,se_iid,known,25,,614.5639968206626,14.138781371030825,0.03875,True,625,False,0.07
independent,0.9,22,se_iid,t3,25,,4654.150320097526,233.62856220154237,0.0399,True,50,True,0.08
independent,0.97,22,se_iid,known,25,,685.7761050793008,31.15385707820917,0.0394,True,300,True,0.07
independent,0.97,22,se_iid,t3,25,,7551.02285524483,383.7210398590069,0.0399,True,50,True,0.06
independent,,22,se_iid,ar7_as_ar1,25,,608.72678559006,31.15385707820917,0.0394,True,300,True,0.15
independent,0.9,23,se_iid,known,25,,581.8471384187336,25.26640104670677,0.03995,True,25,False,0.07
independent,0.9,23,se_iid,t3,25,,6446.362575278941,326.1401991603293,0.0396,True,200,True,0.08
independent,0.97,23,se_iid,known,25,,1077.9185485233982,52.64922770191583,0.03995,True,25,True,0.06
independent,0.97,23,se_iid,t3,25,,6350.24292482372,326.1401991603293,0.0396,True,200,True,0.08
independent,,23,se_iid,ar7_as_ar1,25,,1117.0771253493979,52.64922770191583,0.03995,True,25,True,0.18
independent,0.9,24,se_iid,known,25,,777.5292675530972,34.35395434586752,0.0395,True,250,False,0.06
independent,0.9,24,se_iid,t3,25,,984.9672887838905,4.2425615630520825,0.0308,True,4600,False,0.06
independent,0.97,24,se_iid,known,25,,6751.607521337361,346.74846229687114,0.03985,True,75,True,0.07
independent,0.97,24,se_iid,t3,25,,6015.38521416054,302.54406443308824,0.03995,True,25,True,0.08
independent,,24,se_iid,ar7_as_ar1,25,,1742.5225255014348,64.78430198435646,0.0395,True,250,True,0.18
independent,0.9,25,se_iid,known,25,,1767.7057645113177,51.173016489757416,0.0172,True,10025,False,0.07
independent,0.9,25,se_iid,t3,25,,1652.5076305220657,42.063916073605995,0.03885,True,575,False,0.07
independent,0.97,25,se_iid,known,25,,6244.716435044456,331.86044709980496,0.0398,True,100,True,0.07
independent,0.97,25,se_iid,t3,25,,1102.516306002856,29.008998460276427,0.0398,True,100,False,0.08
independent,,25,se_iid,ar7_as_ar1,25,,6272.394991229285,331.86044709980496,0.0398,True,100,True,0.2
independent,0.9,26,se_iid,known,25,,3244.1448000357914,34.62814060642301,0.03325,True,3375,False,0.08
independent,0.9,26,se_iid,t3,25,,1023.3862607087453,26.071896424789777,0.03965,True,175,False,0.08
independent,0.97,26,se_iid,known,25,,1202.3081983436387,53.73055658863716,0.03995,True,25,True,0.08
independent,0.97,26,se_iid,t3,25,,824.7079538507402,23.390598750528568,0.03885,True,575,False,0.07
independent,,26,se_iid,ar7_as_ar1,25,,1617.4285184668877,31.05144924841774,0.001,True,8500,True,0.17
independent,0.9,27,se_iid,known,25,,2556.1746849123924,95.02358433599906,0.03905,True,100,False,0.07
independent,0.9,27,se_iid,t3,25,,702.0536162102537,2.8081865569833386,0.03915,True,425,False,0.07
independent,0.97,27,se_iid,known,25,,1481.8139111707592,38.67415716899269,0.0398,True,100,True,0.08
independent,0.97,27,se_iid,t3,25,,4999.659106124693,251.67952623370974,0.03915,True,425,True,0.07
independent,,27,se_iid,ar7_as_ar1,25,,2137.8352854605923,99.47463764650081,0.0398,True,100,True,0.15
independent,0.9,28,se_iid,known,25,,2826.8378581083493,117.5650206381302,0.0362,True,975,True,0.06
independent,0.9,28,se_iid,t3,25,,4627.34224753136,230.7843337548525,0.00205,True,450,True,0.07
independent,0.97,28,se_iid,known,25,,6113.501895173087,306.9504736614149,0.03965,True,175,True,0.06
independent,0.97,28,se_iid,t3,25,,6706.506727852518,334.3101951064385,0.0,False,-1,True,0.09
independent,,28,se_iid,ar7_as_ar1,25,,6256.19001737668,316.02448495988426,0.03965,True,175,True,0.18
independent,0.9,29,se_iid,known,25,,669.6620336363022,24.382483791096966,0.03915,True,425,False,0.06
independent,0.9,29,se_iid,t3,25,,2130.9360957007707,39.65910606553541,0.03405,True,925,False,0.09
independent,0.97,29,se_iid,known,25,,5484.554293856323,273.8791748803353,0.039,True,500,True,0.07
independent,0.97,29,se_iid,t3,25,,1825.7311294762337,30.00100811986514,0.0397,True,150,False,0.07
independent,,29,se_iid,ar7_as_ar1,25,,6541.110340630368,328.7343543963334,0.0005,True,375,True,0.16
correlated,0.9,0,se_iid,known,25,,3641.0063426672823,170.3196935676093,0.0396,True,200,True,0.07
correlated,0.9,0,se_iid,t3,25,,807.9554744983564,30.530766033106033,0.03965,True,175,False,0.08
correlated,0.97,0,se_iid,known,25,,2568.4720417600156,87.88467928448416,0.03985,True,75,True,0.07
correlated,0.97,0,se_iid,t3,25,,4281.006474965583,204.2261574237748,0.03975,True,125,True,0.07
correlated,,0,se_iid,ar7_as_ar1,25,,1200.0766557203324,21.522825454462158,0.03945,True,275,True,0.19
correlated,0.9,1,se_iid,known,25,,2014.303138294145,40.71855509990468,0.03995,True,25,False,0.07
correlated,0.9,1,se_iid,t3,25,,6315.783073295744,316.3696803804422,0.0,False,-1,True,0.08
correlated,0.97,1,se_iid,known,25,,774.8892324439902,26.230774206629004,0.03995,True,25,True,0.06
correlated,0.97,1,se_iid,t3,25,,6292.203131661003,316.3696803804422,0.03945,True,275,True,0.08
correlated,,1,se_iid,ar7_as_ar1,25,,982.0536653945701,0.0,0.03995,True,25,False,0.18
correlated,0.9,2,se_iid,known,25,,1626.8560168102122,55.365385693536446,0.00685,True,2025,False,0.06
correlated,0.9,2,se_iid,t3,25,,1546.6163846432949,45.23587288960249,0.03915,True,425,False,0.07
correlated,0.97,2,se_iid,known,25,,5715.209580726942,287.38312669267816,0.02705,True,275,True,0.07
correlated,0.97,2,se_iid,t3,25,,2497.123369791796,48.84336698462441,0.036,True,1325,False,0.07
correlated,,2,se_iid,ar7_as_ar1,25,,5719.951990545027,287.38312669267816,0.0322,True,275,True,0.17
correlated,0.9,3,se_iid,known,25,,2232.5505053873867,82.67179713755732,0.03905,True,475,False,0.08
correlated,0.9,3,se_iid,t3,25,,4126.843954172919,157.9391057980879,0.03725,True,300,False,0.07
correlated,0.97,3,se_iid,known,25,,4106.421344472856,200.58710828859995,0.03985,True,75,True,0.06
correlated,0.97,3,se_iid,t3,25,,152.31134344045591,0.0,0.0394,True,300,False,0.07
correlated,,3,se_iid,ar7_as_ar1,25,,1620.6536019892967,36.82638277660283,0.0398,True,100,True,0.16
correlated,0.9,4,se_iid,known,25,,2596.5092512592937,32.7652666576934,0.0392,True,400,False,0.06
correlated,0.9,4,se_iid,t3,25,,1647.8680792402326,39.27422153336682,0.0396,True,200,False,0.08
correlated,0.97,4,se_iid,known,25,,1057.0253000862351,31.801840022044445,0.03995,True,25,True,0.06
correlated,0.97,4,se_iid,t3,25,,1144.9312546271742,44.506894786875236,0.0396,True,200,True,0.08
correlated,,4,se_iid,ar7_as_ar1,25,,900.8992617513117,27.28957067791049,0.03995,True,25,True,0.18
correlated,0.9,5,se_iid,known,25,,962.6936453922236,35.44734873137298,0.03915,True,425,False,0.06
correlated,0.9,5,se_iid,t3,25,,790.6293062553823,17.675169899276945,0.0397,True,50,False,0.08
correlated,0.97,5,se_iid,known,25,,686.2285207744353,20.19913476397611,0.03935,True,325,False,0.09
correlated,0.97,5,se_iid,t3,25,,5362.108348238175,267.2008576750069,0.03975,True,125,True,0.07
correlated,,5,se_iid,ar7_as_ar1,25,,1305.1330138303179,35.44734873137298,0.0397,True,150,False,0.17
correlated,0.9,6,se_iid,known,25,,5176.914375227181,254.80821617698615,0.03975,True,125,True,0.06
correlated,0.9,6,se_iid,t3,25,,4364.059326750528,217.502191478709,0.03855,True,725,True,0.06
correlated,0.97,6,se_iid,known,25,,5436.981552815214,270.98684270650443,0.03985,True,75,True,0.07
correlated,0.97,6,se_iid,t3,25,,4896.03037129441,259.47092636338414,0.02295,True,5025,True,0.08
correlated,,6,se_iid,ar7_as_ar1,25,,4979.312423219686,241.2048795395879,0.03995,True,25,True,0.18
correlated,0.9,7,se_iid,known,25,,766.9332701829067,27.371041159336777,0.03835,True,825,False,0.07
correlated,0.9,7,se_iid,t3,25,,565.7883227368767,23.42011173042638,0.0,False,-1,False,0.07
correlated,0.97,7,se_iid,known,25,,718.264617598478,25.34304580345858,0.03945,True,275,False,0.06
correlated,0.97,7,se_iid,t3,25,,611.9509944300321,23.42011173042638,0.0398,True,100,False,0.09
correlated,,7,se_iid,ar7_as_ar1,25,,672.3072123608426,0.0,0.03905,True,475,False,0.16
correlated,0.9,8,se_iid,known,25,,1647.4704888579422,18.14670766131446,0.03935,True,325,False,0.08
correlated,0.9,8,se_iid,t3,25,,671.8293642372264,26.11698186744287,0.0006,True,1900,True,0.08
correlated,0.97,8,se_iid,known,25,,1013.2487469647066,24.699488066414336,0.0393,True,350,False,0.08
correlated,0.97,8,se_iid,t3,25,,2009.8074944865741,24.36813942560039,0.0397,True,150,False,0.08
correlated,,8,se_iid,ar7_as_ar1,25,,836.0797644293796,0.0,0.0393,True,350,False,0.17
correlated,0.9,9,se_iid,known,25,,1378.122604782756,35.974872055825216,0.03875,True,625,False,0.07
correlated,0.9,9,se_iid,t3,25,,5387.127996044264,270.99785542101114,0.0384,True,800,True,0.07
correlated,0.97,9,se_iid,known,25,,868.0986751342326,26.068045914202777,0.03875,True,625,False,0.08
correlated,0.97,9,se_iid,t3,25,,4759.136167579188,233.3685336473272,0.01305,True,2050,True,0.09
correlated,,9,se_iid,ar7_as_ar1,25,,1144.424166567812,30.694821641785914,0.0374,True,1300,False,0.16
correlated,0.9,10,se_iid,known,25,,965.4428618173482,42.90166471746964,0.0397,True,150,True,0.07
correlated,0.9,10,se_iid,t3,25,,2899.5261424964283,39.47294920128459,0.0,False,-1,False,0.08
correlated,0.97,10,se_iid,known,25,,1679.0648332240528,28.54006390424962,0.0397,True,150,False,0.07
correlated,0.97,10,se_iid,t3,25,,2902.3391311962423,72.41456967632324,0.0387,True,650,True,0.09
correlated,,10,se_iid,ar7_as_ar1,25,,6754.967311847613,380.90756210371603,0.0397,True,150,True,0.17
correlated,0.9,11,se_iid,known,25,,4060.457676913952,106.54090478423416,0.03965,True,175,True,0.08
correlated,0.9,11,se_iid,t3,25,,6623.925660995539,332.9591874905392,0.03975,True,125,True,0.07
correlated,0.97,11,se_iid,known,25,,5267.240539372,252.13250340602514,0.03975,True,125,True,0.08
correlated,0.97,11,se_iid,t3,25,,6654.49549591795,335.0395116292064,0.0391,True,450,True,0.07
correlated,,11,se_iid,ar7_as_ar1,25,,2489.218469002141,38.34503922629684,0.03975,True,125,True,0.17
correlated,0.9,12,se_iid,known,25,,5800.539715029705,288.01653548801175,0.03745,True,1275,True,0.07
correlated,0.9,12,se_iid,t3,25,,1431.7692571374605,47.3956521756862,0.03955,True,225,False,0.07
correlated,0.97,12,se_iid,known,25,,633.7211751315056,0.0,0.0,False,-1,False,0.07
correlated,0.97,12,se_iid,t3,25,,457.10685635625936,0.0,0.03955,True,225,False,0.07
correlated,,12,se_iid,ar7_as_ar1,25,,4699.144529207278,232.20891031112717,0.03515,True,2425,True,0.16
correlated,0.9,13,se_iid,known,25,,3344.8091688333643,85.776249076272,0.03995,True,25,True,0.09
correlated,0.9,13,se_iid,t3,25,,1537.631944439438,55.02850326374093,0.0396,True,200,False,0.07
correlated,0.97,13,se_iid,known,25,,6674.500520004896,329.9588086341377,0.03575,True,2125,True,0.06
correlated,0.97,13,se_iid,t3,25,,1356.2586080642768,55.02850326374093,0.0396,True,200,False,0.06
correlated,,13,se_iid,ar7_as_ar1,25,,1665.8605051539328,78.78759421290191,0.0,False,-1,True,0.17
correlated,0.9,14,se_iid,known,25,,2671.117091223132,51.65748439468762,0.0385,True,750,False,0.07
correlated,0.9,14,se_iid,t3,25,,3833.8288919594515,37.03823645654869,0.0389,True,550,False,0.06
correlated,0.97,14,se_iid,known,25,,582.6299220581108,2.855607414059713,0.0395,True,250,False,0.07
correlated,0.97,14,se_iid,t3,25,,893.1920112436774,12.761330626521488,0.039,True,500,False,0.08
correlated,,14,se_iid,ar7_as_ar1,25,,803.8787634538592,24.073668119540436,0.03995,True,25,False,0.16
correlated,0.9,15,se_iid,known,25,,3466.9141063558245,139.1929989067058,0.0392,True,400,True,0.07
correlated,0.9,15,se_iid,t3,25,,2025.0555560886598,17.697455131719444,0.0368,True,1600,False,0.07
correlated,0.97,15,se_iid,known,25,,5835.639415730142,328.39162080639454,0.0392,True,400,True,0.07
correlated,0.97,15,se_iid,t3,25,,4407.447934504791,150.38273578432054,0.03995,True,25,False,0.08
correlated,,15,se_iid,ar7_as_ar1,25,,1878.804016789576,25.44373419344481,0.0392,True,400,False,0.16
correlated,0.9,16,se_iid,known,25,,4448.207326817346,128.30467450733346,0.0397,True,150,False,0.06
correlated,0.9,16,se_iid,t3,25,,4664.971011070663,234.12386498709978,0.037,True,1500,True,0.07
correlated,0.97,16,se_iid,known,25,,4915.723307502338,245.2457980267563,0.0399,True,50,True,0.07
correlated,0.97,16,se_iid,t3,25,,1376.2573562679552,0.0,0.0398,True,100,False,0.07
correlated,,16,se_iid,ar7_as_ar1,25,,2127.386580380618,62.434576242886166,0.0399,True,50,True,0.17
correlated,0.9,17,se_iid,known,25,,1039.4189281395434,24.849554722749605,0.0398,True,100,False,0.08
correlated,0.9,17,se_iid,t3,25,,3629.1260850440563,108.87636879868475,0.038,True,1000,False,0.08
correlated,0.97,17,se_iid,known,25,,847.5021105814316,34.826731075543734,0.0398,True,100,False,0.07
correlated,0.97,17,se_iid,t3,25,,2284.6950259078176,51.594037630936,0.038,True,1000,False,0.07
correlated,,17,se_iid,ar7_as_ar1,25,,717.6999253254147,24.84955472274961,0.03935,True,325,False,0.13
correlated,0.9,18,se_iid,known,25,,2249.7175464811544,53.49280857751863,0.03885,True,575,False,0.07
correlated,0.9,18,se_iid,t3,25,,6406.184630078035,321.7292228383586,0.03915,True,425,True,0.06
correlated,0.97,18,se_iid,known,25,,5573.796671255769,281.52482685338214,0.03955,True,225,True,0.08
correlated,0.97,18,se_iid,t3,25,,2349.649766270629,54.4363485663625,0.0391,True,450,True,0.07
correlated,,18,se_iid,ar7_as_ar1,25,,1701.5029170373252,55.68662809652991,0.03955,True,225,True,0.16
correlated,0.9,19,se_iid,known,25,,1041.1466952637118,48.917415589911144,0.03985,True,75,False,0.06
correlated,0.9,19,se_iid,t3,25,,1113.6087393704627,40.39944654961522,0.00025,True,1925,False,0.07
correlated,0.97,19,se_iid,known,25,,7417.718197144209,374.0555874288062,0.03985,True,75,True,0.08
correlated,0.97,19,se_iid,t3,25,,351.84171986014815,0.0,0.0395,True,250,False,0.07
correlated,,19,se_iid,ar7_as_ar1,25,,5975.0454337288875,301.94465814322575,0.0399,True,50,True,0.17
correlated,0.9,20,se_iid,known,25,,1368.3972361578603,7.918466686383984,0.03915,True,425,False,0.06
correlated,0.9,20,se_iid,t3,25,,1232.065805170869,7.918466686383985,0.03995,True,25,False,0.07
correlated,0.97,20,se_iid,known,25,,7336.50614333742,373.03512969441067,0.0398,True,100,True,0.07
correlated,0.97,20,se_iid,t3,25,,6926.621898169837,392.1700850298055,0.0399,True,50,True,0.07
correlated,,20,se_iid,ar7_as_ar1,25,,140.51778878303855,0.0,0.0398,True,100,False,0.16
correlated,0.9,21,se_iid,known,25,,2789.0793585139495,34.724536909869855,0.0391,True,175,False,0.07
correlated,0.9,21,se_iid,t3,25,,731.0374417975491,23.32098402571389,0.03855,True,725,False,0.08
correlated,0.97,21,se_iid,known,25,,4596.437498935161,234.5717554133021,0.0399,True,50,True,0.07
correlated,0.97,21,se_iid,t3,25,,6766.961005721008,340.4447163488333,0.0398,True,100,True,0.08
correlated,,21,se_iid,ar7_as_ar1,25,,582.9075285733991,27.29398721242854,0.0399,True,50,True,0.16
correlated,0.9,22,se_iid,known,25,,3115.8378246262964,106.48725569247478,0.012,True,2750,False,0.07
correlated,0.9,22,se_iid,t3,25,,4381.331689994044,226.89018265830973,0.0399,True,50,True,0.07
correlated,0.97,22,se_iid,known,25,,5273.765974306696,262.8322397764672,0.0398,True,100,True,0.07
correlated,0.97,22,se_iid,t3,25,,7239.921281497049,383.7210398590069,0.0399,True,50,True,0.07
correlated,,22,se_iid,ar7_as_ar1,25,,406.6445869515517,15.576928539104586,0.03975,True,125,False,0.18
correlated,0.9,23,se_iid,known,25,,914.8520500750948,25.26640104670677,0.0394,True,300,False,0.06
correlated,0.9,23,se_iid,t3,25,,2373.538404500996,66.26828978555935,0.0396,True,200,False,0.07
correlated,0.97,23,se_iid,known,25,,1063.3970106915483,52.64922770191583,0.0,False,-1,True,0.08
correlated,0.97,23,se_iid,t3,25,,5172.548792522767,268.1627479414227,0.0396,True,200,True,0.07
correlated,,23,se_iid,ar7_as_ar1,25,,2863.8434719724855,138.28157767129002,0.0394,True,300,True,0.17
correlated,0.9,24,se_iid,known,25,,597.4957342659826,25.29986341895035,0.03935,True,325,False,0.07
correlated,0.9,24,se_iid,t3,25,,1813.707405029096,26.80543305809112,0.0378,True,1100,False,0.08
correlated,0.97,24,se_iid,known,25,,4615.485384089067,231.9674747720204,0.03985,True,75,True,0.06
correlated,0.97,24,se_iid,t3,25,,5991.07934466764,301.24986932989066,0.03995,True,25,True,0.07
correlated,,24,se_iid,ar7_as_ar1,25,,4788.157938118345,231.9674747720204,0.03935,True,125,True,0.16
correlated,0.9,25,se_iid,known,25,,2732.5500250948307,127.11792668987627,0.0398,True,100,False,0.06
correlated,0.9,25,se_iid,t3,25,,3117.106860316375,132.16509656067282,0.028,True,4275,False,0.07
correlated,0.97,25,se_iid,known,25,,1341.852248565896,60.01346424278931,0.03435,True,2625,True,0.08
correlated,0.97,25,se_iid,t3,25,,1357.296389872267,29.008998460276427,0.0382,True,900,False,0.08
correlated,,25,se_iid,ar7_as_ar1,25,,1244.1780951824528,56.65802108302712,0.01865,True,650,True,0.17
correlated,0.9,26,se_iid,known,25,,2463.212081170959,55.45671191481383,0.0,False,-1,False,0.06
correlated,0.9,26,se_iid,t3,25,,2623.3871098260706,67.78815638903802,0.03525,True,2375,False,0.08
correlated,0.97,26,se_iid,known,25,,1223.4729747378544,53.73055658863716,0.0,False,-1,True,0.06
correlated,0.97,26,se_iid,t3,25,,1272.8857122822305,46.53358068025535,0.0395,True,250,True,0.07
correlated,,26,se_iid,ar7_as_ar1,25,,1208.5055530932113,45.79286901956036,0.0,False,-1,True,0.16
correlated,0.9,27,se_iid,known,25,,2424.542236023087,52.545505380233735,0.03805,True,975,True,0.06
correlated,0.9,27,se_iid,t3,25,,1253.9711486347326,30.885632688127636,0.03915,True,425,False,0.07
correlated,0.97,27,se_iid,known,25,,5006.2346646648175,252.1171449280622,0.0399,True,50,True,0.07
correlated,0.97,27,se_iid,t3,25,,5230.204734121862,274.50906776004825,0.0,False,-1,True,0.08
correlated,,27,se_iid,ar7_as_ar1,25,,5012.997312856934,252.1171449280622,0.0399,True,50,True,0.18
correlated,0.9,28,se_iid,known,25,,1700.6605706003022,44.14320502242049,0.03915,True,425,True,0.07
correlated,0.9,28,se_iid,t3,25,,1727.0497138075993,26.010393172480605,0.0,False,-1,False,0.08
correlated,0.97,28,se_iid,known,25,,6014.9686268290225,300.82880944433134,0.03965,True,175,True,0.07
correlated,0.97,28,se_iid,t3,25,,4619.845829283324,230.7843337548525,0.0211,True,375,True,0.07
correlated,,28,se_iid,ar7_as_ar1,25,,6018.009002548827,301.95546088733596,0.0025,True,8075,True,0.16
correlated,0.9,29,se_iid,known,25,,885.8461480661555,39.65910606553541,0.03915,True,425,False,0.06
correlated,0.9,29,se_iid,t3,25,,1973.5183753069437,25.477625408843373,0.00875,True,15625,False,0.08
correlated,0.97,29,se_iid,known,25,,6459.19844956612,324.83170347151747,0.03955,True,225,True,0.07
correlated,0.97,29,se_iid,t3,25,,2507.4342927712914,28.364807656387796,0.03915,True,425,False,0.07
correlated,,29,se_iid,ar7_as_ar1,25,,6459.19844956612,324.83170347151747,0.0,False,-1,True,0.15
